index,num,title,text,catalogue_id
1,I,"MPRIMERIE DE L'UNIONE COOPERATIVA EDITRICH Via Federico Cesi, 45","IMPRIMERIE DE L'UNIONE COOPERATIVA EDITRICH Via Federico Cesi, 45",documents/BO0624_4513
2,1909,## CONDITIONS DE LA VENTE,"1909
## CONDITIONS DE LA VENTE

La vente aura lieu expressément au comptant.

Les acquéreurs payeront dix pour cent en plus du prix d'adjudication.

Les lots pourront être réunis ou divisés, et l'ordre du catalogue interverti au gré du Directeur de la vente, mais on tâchera de suivre autant que possible l'ordre

Les lots adjugés devront être retirés le lendemain du jour de l'adjudication En cas de contestation sur deux enchères, l'objet sera remis immédiatement

L'exposition mettant le public à même de se rendre compte de l'état et de la nature des objets, aucune réclamation ne sera admise une fois l'adjudication prononcee.

## EXPOSITION PARTICULIERE.

Samedi 10 Avril - de 10 heures à 18 de l'après-midi.

## EXPOSITIONS PUBLIQUES.

Lundi et Mardi 12 et 13 Avril dans les salles de Vente. Rue du Babuino. N. 9

## JOURS DE LA VENTE.

| Mercredi   | Mercredi   | 14 Avril du N.   |     | au N. 100   |
|------------|------------|------------------|-----|-------------|
| Jeudi      |            |                  | 101 | 200         |
| Vendredi   | Vendredi   |                  | 201 | 300         |
| Samedi     |            |                  | 301 | 400         |
|            |            |                  | 40  |             |
| Mardi      |            |                  | DU. | oUU         |
| Mercredi   |            |                  | 601 | 700         |
| Jeudi      | 22         |                  | 701 | 792         |

Les ventes auront lieu a trois heures précises de l'adres-midi

De to heures du matin à I heure de l'apres-midi il y aura lexposition des objets qui seront vendus dans la journée.
## AVIS IMPORTANTS

M. M. Jandolo et Tavazzi - et G. Sangiorgi sont bien disposés à accorder du crédit aux Musées italiens et étrangers qui en feront demande. Les termes de payement devront être établis d'accord avant la vente.

M. M. Jandolo et Tavazzi - et G. Sangiorgi se chargent des commissions de ceux qui ne peuvent pas assister à la vente et se chargent aussi de l'emballage et de l'expédition des objets achetés.

Ce cataloque a illustrés presque 250 objets, néanmoins sur demande et contre envoi d'un mandat-postal de 5 Francs les amateurs pourront avoir la photographie de n'importe quel objet qui n'aurait pas été illustré.

*Vers la fin d'Avril on vendra les objets d'art moderne et ceux de moindre valeur faisant également partie de l'héritage du regretté Ferroni. Il s'en trouve de très intéressants, entre autres, dignes d'attention spéciale, la collection complète des ébauches du sculpteur Ercole Rosa.
## PRÉFACE

Gioacchino Ferroni était une âme solitaire de collectionneur et d'aril se dédia au commerce des objets d'art, mais il était peu connu et ne tiste. Etant venu á Rome il y a quatorze ans avec des moyens très limités, cherchait pas à l'être davantage.

Entièrement absorbé par le travail et par l'amour des belles œuvres qu'il avait la chance de trouver, il ne recevait dans la retraite de son modeste atelier qu'un petit nombre de clients, car étant des plus difficiles dans le choix de ses acquisitions il l'était encore plus dans celui des amateurs qui fussent à même de les apprécier. Cependant, il y en eut qui ayant une fois penétré dans ce sanctuaire comme clients privilégiés, devinrent ses amis fidèles et ses conseillers, entre autres il convient de citer en première ligne le Prof. W. Bode, Directeur du Musée de Berlin, qui lui fut très attaché, ayant reconnu en lui un goût exquis et une compétence remarquable.

Ferroni, qui avait lui-même travaillé le marbre, eut pour toute manifestation d'art en cette matière une prédilection marquée, ainsi que le prouvent les nombreux marbres qu'il a laissés et qui forment la partie la plus importante de sa collection - précieux documents dignes de figurer dans n'importe quel musée artistique et industriel. Après les marbres il se dédia aux bronzes de fouilles, aux terres cuites, émaux et aux peintures, mais, comme il ne s'etait pas toujours montré infaillible, surtout dans les premiers temps de son activité, en artiste consciencieux il détruisit
avec une largesse de grand seigneur tout ce qu'il considérait comme acquisition peu désirable.

Les rares restaurations qui s'imposaient furent faites avec soin par lui-même, et jamais de façon à masquer les degâts afin d'induire en erreur, mais plutôt à les mettre en évidence; nous pouvons donc garantir en toute confiance et avec grande satisfaction que tout ce qui fait partie de ce catalogue est authentique et ancien. En hommage au défunt — auquel on reconnaissait une compétence et un discernement hors ligne - nous avons maintenu pour chaque objet, et spécialement pour les tableaux, les attributions faites par lui, qui nous ont semblé faire partie de son heritage intellectuel.

Dans les mémoires laissées à son frère il donna aussi le conseil que toutes ses collections fussent vendues à l'enchère publiques par l'un de spondre à ce désir, et nos maisons réunies feront avec le plus grand soin nous deux; nous avons preferé alors de nous mettre d'accord pour correcette vente importante.

Par cet acte nous entendons satisfaire completement les dernières volontés du défunt qui nous fut si cher, comme il le fut, du reste, à tous ceux qui eurent l'avantage de le connaître.

JANDOLO et TAVAZZI. G. SANGIORGI.
<!-- image -->",documents/BO0624_4513
3,360,<!-- image -->,"360

<!-- image -->

<!-- image -->

<!-- image -->

## PREMIÈRE VENTE

Mercredi 14 Avril à 3 heures précises de l'après midi

## Terres cuites de fouilles.",documents/BO0624_4513
4,1,MASQUE comique en terre. cuite.,"1. MASQUE comique en terre. cuite.

Haut. 0.12.",documents/BO0624_4513
5,2,"BAS-RELIEr en terre cuite offrant au milieu une tête barbue et aux cotés des dauphins; en haut, frise. Traces de polychromie Epoque romaine.","2. BAS-RELIEr en terre cuite offrant au milieu une tête barbue et aux cotés des dauphins; en haut, frise. Traces de polychromie Epoque romaine.

Haut. 0.43 - Larg. 0.27.",documents/BO0624_4513
6,3,"BAs-RELIEr en terre cuite à volutes, palmettes et tete de temme au milieu.","3. BAs-RELIEr en terre cuite à volutes, palmettes et tete de temme au milieu.

Haut. 0.35 - Larg. 0.37.",documents/BO0624_4513
7,4,"Lot de: une petite tête d'homme couronné, un fragment d'une tête de lion et une base à décor de palmettes et de feuilles","4. Lot de: une petite tête d'homme couronné, un fragment d'une tête de lion et une base à décor de palmettes et de feuilles

Haut. 0,10.

O.1S

O.IS",documents/BO0624_4513
8,5,"FRAGMENT de frise en terre cuite. Tête de lion, la bouche beante.","5. FRAGMENT de frise en terre cuite. Tête de lion, la bouche beante.

Haut. 0.22 - Larg. 0.21.",documents/BO0624_4513
9,6,CoMBAT d'un lion avec un taureau. Basrelief en terre cuite. Traces de polycrhomie. Epoque romaine.,"6. CoMBAT d'un lion avec un taureau. Basrelief en terre cuite. Traces de polycrhomie. Epoque romaine.

Haut. 0.20 - Larg. 0.34.

## Bronzes de fouilles.",documents/BO0624_4513
10,7,"BUStE de jeune homme imberbe, à la chevelure longue et bouclée. La tête légèrement tournée à gauche. (Alexandre ?). Applique. Patine verte, rugueuse. Epoque romaine.","7. BUStE de jeune homme imberbe, à la chevelure longue et bouclée. La tête légèrement tournée à gauche. (Alexandre ?). Applique. Patine verte, rugueuse. Epoque romaine.

Haut. o 1o",documents/BO0624_4513
11,8,Lor de six anses de vases. Différentes époques et décorations.,"8. Lor de six anses de vases. Différentes époques et décorations.

<!-- image -->",documents/BO0624_4513
12,1,X10.76208,1X10.76208,documents/BO0624_4513
13,42,"DEUX STATUETTES D'ANGES debout, drapés de long, portant un vase. . Socle carré. Les têtes sont peintes au naturel, les robes à fleurs dorées. Travail vénitien en bois polychrome et doré du XVe siecle. Pièces très rares.","42. DEUX STATUETTES D'ANGES debout, drapés de long, portant un vase. . Socle carré. Les têtes sont peintes au naturel, les robes à fleurs dorées. Travail vénitien en bois polychrome et doré du XVe siecle. Pièces très rares.

Haut. 0.70.

Voir illustration, planche XLVII.",documents/BO0624_4513
14,43,"S.TE CATHERINE, débout, drapée d'un manteau rouge retenu sur la poitrine par une agrafe formée d'une tête de séraphin. Une couronne royale sur la tête, palme et livre dans les mains. · Statue en bois polychrome et dorée. XVe siècle. Art ombrien.","43. S.TE CATHERINE, débout, drapée d'un manteau rouge retenu sur la poitrine par une agrafe formée d'une tête de séraphin. Une couronne royale sur la tête, palme et livre dans les mains. · Statue en bois polychrome et dorée. XVe siècle. Art ombrien.

Haut. 1.35

Voir illustration, planche XXXVIII.",documents/BO0624_4513
15,44,"DÉESSE de la mer, nue, debout, sur dauphin. La chevelure blonde, longue, flottant en l'air. Bois polychrome. Le bras gauche manque. XVIe siècle.","44. DÉESSE de la mer, nue, debout, sur dauphin. La chevelure blonde, longue, flottant en l'air. Bois polychrome. Le bras gauche manque. XVIe siècle.

Haut. 0.58.

Voir illustration, planche XLVI.",documents/BO0624_4513
16,45,UNE PAIRE de ciseaux à ornements encroustés d'or. XVI° siècle.,"45. UNE PAIRE de ciseaux à ornements encroustés d'or. XVI° siècle.

Haut. 0.15

## FOPPA VINCENZO.",documents/BO0624_4513
17,46,ST SÉBASTIEN lié à l'arbre. Statuette en bois polychrome. Travail très remarquable pour le modélé et l'expression. Bonne conservalion.,"46. ST SÉBASTIEN lié à l'arbre. Statuette en bois polychrome. Travail très remarquable pour le modélé et l'expression. Bonne conservalion.

Haut. 0.37.

Voir illustration, planche XLVI.",documents/BO0624_4513
18,47,"PLAQUE cintrée par le haut, peinte en émaux de couleurs, représentant la Descente de la Croix. Limoges.","47. PLAQUE cintrée par le haut, peinte en émaux de couleurs, représentant la Descente de la Croix. Limoges.

Voir illustration, planche LXXV:

## DONATELLO",documents/BO0624_4513
19,48,"La Vierge et l'Enfant Jésus à mi-corps. Bas-relief en stue peint, renterme dans un encadrement parsemé d'étoiles dorées sur fond bleu, cintré du haut et enrichi de rosaces. Pièce de tout premier ordre.","48. La Vierge et l'Enfant Jésus à mi-corps. Bas-relief en stue peint, renterme dans un encadrement parsemé d'étoiles dorées sur fond bleu, cintré du haut et enrichi de rosaces. Pièce de tout premier ordre.

Voir illustration, planche XXVIII.

## Faïences.",documents/BO0624_4513
20,49,PLAT CREUX à marli et fond décorés d'ornements exécutés par le procèdé dit: banco Rare. Fabrique de Faenza. Marli cassé.,"49. PLAT CREUX à marli et fond décorés d'ornements exécutés par le procèdé dit: banco Rare. Fabrique de Faenza. Marli cassé.

Diam. 0.20",documents/BO0624_4513
21,50,"BROC avec inscription pharmaceutique en cadrée dans une couronne de eues Emaux vert, bleu et jaune. Fabrique de taenza","50. BROC avec inscription pharmaceutique en cadrée dans une couronne de eues Emaux vert, bleu et jaune. Fabrique de taenza

Haut. m. 0.21",documents/BO0624_4513
22,51,"PLAT CREUX, Deux saints sur un bûcher. A gauche des soldats, à droite des cavaliers. Dans le lointain, ville, rivière et montagnes. En haut armoiries. Fabrique d'Urbino.","51. PLAT CREUX, Deux saints sur un bûcher. A gauche des soldats, à droite des cavaliers. Dans le lointain, ville, rivière et montagnes. En haut armoiries. Fabrique d'Urbino.

Diam. 0.27

Voir illustration, planche LXX/I.",documents/BO0624_4513
23,52,GRAND PLAT à décor de figures mythologiques et fantastiques et ornements va riés de couleurs bleues sur fond blanc. Fabrique de Moustier. Felée.,"52. GRAND PLAT à décor de figures mythologiques et fantastiques et ornements va riés de couleurs bleues sur fond blanc. Fabrique de Moustier. Felée.

Diam. 0.45.",documents/BO0624_4513
24,53,"PETIT BROC de forme ovoide, à bec et goulot droit relié à la pause avec anse plate. Inscription pharmaceutique, les, oiseaux en couleurs bleues sur ton d berettino. Sous le bec les armoiries Piccolomini. Au bas du vase, mascaron. Sur l'anse la date 1573. Fabrique de Faenza.","53. PETIT BROC de forme ovoide, à bec et goulot droit relié à la pause avec anse plate. Inscription pharmaceutique, les, oiseaux en couleurs bleues sur ton d berettino. Sous le bec les armoiries Piccolomini. Au bas du vase, mascaron. Sur l'anse la date 1573. Fabrique de Faenza.

Haut. 0.22,

Voir illustration, planche LXXIII.",documents/BO0624_4513
25,54,"GRAND PLAT à large bord divisé en compartiments avec ornements variés de couleurs jaune, bleu. vert a reflets irises sur fond clair. Au centre armoiries du cardinal Farnese. Le revers en jaune fonce Fabrique de Pesaro","54. GRAND PLAT à large bord divisé en compartiments avec ornements variés de couleurs jaune, bleu. vert a reflets irises sur fond clair. Au centre armoiries du cardinal Farnese. Le revers en jaune fonce Fabrique de Pesaro

Voir illustration, blanche LXXII.

Diam. 1, 0.40.

## Orfévrerie de fouilles.",documents/BO0624_4513
26,55,"BOUCLE D'OREILLE en forme de coffre, ornée d'une coté de palmettes et de lautre d'un pendentif perle sur les flancs une grecque en filigrane. Art eir useue","55. BOUCLE D'OREILLE en forme de coffre, ornée d'une coté de palmettes et de lautre d'un pendentif perle sur les flancs une grecque en filigrane. Art eir useue

Haut. mm. 40.

Voir illustration, bage 27.",documents/BO0624_4513
27,50,QUATRE ORNEMENTS lormes par unG base rectangulaire surmontée dun fleu ron a plusieurs pétales en feuille d'or offrant au milieu un petit oiseau,"50. QUATRE ORNEMENTS lormes par unG base rectangulaire surmontée dun fleu ron a plusieurs pétales en feuille d'or offrant au milieu un petit oiseau

Long. mm. 35

Voir illustration, page 9.

PLUSIEURS FRAGMENTS du meme type. art grec.",documents/BO0624_4513
28,57,"DEUX bullae, offrant d'un coté 1 Archange Michel debout. tenant la crosse de la main droite et la croix de la main gauche; et de l'autre cote un chaton rond et quatre autres a losange, entoures d un rang de petites oreillettes. Le bord de core dune branche au repousse. Art by zantin. Ires rares","57. DEUX bullae, offrant d'un coté 1 Archange Michel debout. tenant la crosse de la main droite et la croix de la main gauche; et de l'autre cote un chaton rond et quatre autres a losange, entoures d un rang de petites oreillettes. Le bord de core dune branche au repousse. Art by zantin. Ires rares

Diam. mm. 20

Voir illustration, page 59",documents/BO0624_4513
29,58,"PAIRE DE BOUCLES D'OREILLE. Eros suspendu à une rosace, tient d'une main une fleur et de l'autre une branche. La figurine est en or souffle. Art grec.","58. PAIRE DE BOUCLES D'OREILLE. Eros suspendu à une rosace, tient d'une main une fleur et de l'autre une branche. La figurine est en or souffle. Art grec.

Haut. mm. 30

Voir illustration, page 11.",documents/BO0624_4513
30,59,"TRENTE-CINQ BOUCLES en or souffle, de différentes grandeurs, en partie ornees d'ornements au repousse.","59. TRENTE-CINQ BOUCLES en or souffle, de différentes grandeurs, en partie ornees d'ornements au repousse.

## Ameublement.",documents/BO0624_4513
31,60,DEUX ESCABEAUX à large dossier con vexe. Ornements sculptés. XVIe siècle.,"60. DEUX ESCABEAUX à large dossier con vexe. Ornements sculptés. XVIe siècle.

Voir illustration, planche LXXVII.",documents/BO0624_4513
32,61,Bureau en acajou Louis XVI. Haut. 1.45 - Larg. 0.89,61. Bureau en acajou Louis XVI. Haut. 1.45 - Larg. 0.89,documents/BO0624_4513
33,62,BASE triangulaire de candelabre a tete de beliers. cartouche. cariatides et orne ments en bois sculpté et dore.,"62. BASE triangulaire de candelabre a tete de beliers. cartouche. cariatides et orne ments en bois sculpté et dore.

XVe siècle

Haut. 0.81.

Voir illustration. blanche XLVI//.",documents/BO0624_4513
34,63,MEUBLE D'APPUI à riche décoration architectonique. Noyer et ébène. 1 ravall alemana.,"63. MEUBLE D'APPUI à riche décoration architectonique. Noyer et ébène. 1 ravall alemana.

Haut. 1.12 X 1.45 X 0.05-

Voir illustration, planche LXXIV.

## Tableaux.",documents/BO0624_4513
35,64,L'ANNONCIATION. Panneau. XVe siècle M 0.24 X 0.24,"64. L'ANNONCIATION. Panneau. XVe siècle M 0.24 X 0.24

## FCOLE -LORENNE

(XVe siecle).",documents/BO0624_4513
36,6,=. La MADONE et SIE MARIE MADELEINE pleurant au pied de la Croix. Fragment de tableau. Av siecle.,"- 6=. La MADONE et SIE MARIE MADELEINE pleurant au pied de la Croix. Fragment de tableau. Av siecle.

M. 0.42 X 0.21.

## ROSUSTREMIERES",documents/BO0624_4513
37,66,"FLEURS. Peinture sur toile. Signé en bas, a gauche. Cadre doré","66. FLEURS. Peinture sur toile. Signé en bas, a gauche. Cadre doré

M. 010 X 0.28.
## ECOLE FLORENTINE.

(XVe siècle).",documents/BO0624_4513
38,67,"PETIT TRIPTYQUE. La Vierge et l'Enfant, St Jean et St Pierre dans le panneau central. Saints sur le volet gauche. Le Christ en croix et les Saintes femmes sur le volet droit. Le triptyque pose sur un soubassement colorié et gravé Belle conservation.","67. PETIT TRIPTYQUE. La Vierge et l'Enfant, St Jean et St Pierre dans le panneau central. Saints sur le volet gauche. Le Christ en croix et les Saintes femmes sur le volet droit. Le triptyque pose sur un soubassement colorié et gravé Belle conservation.

Haut. 0.59 X 0.21.

## ECOLE DES VIVARINI.

(XVIe siècle).",documents/BO0624_4513
39,68,ST EMIDE et SI ANTOINE évêque de la Thébaide. Deux volets de triptyque à fond doré. Bois. Perkins Cat. Nevin n. 29.,"68. ST EMIDE et SI ANTOINE évêque de la Thébaide. Deux volets de triptyque à fond doré. Bois. Perkins Cat. Nevin n. 29.

Haut. 1.00 X 0.37.

Voir illustration, planche I1I.

## ECOLE FLORENTINE.

(XVe siècle).",documents/BO0624_4513
40,69,LE MARIAGE DE LA VIERGE.,"69. LE MARIAGE DE LA VIERGE.

XVe siècle

Voir illustration, planche XVI.

M. 0.30 X 0.35

## TAMAROCCIO.

(Elève de F. Francia).",documents/BO0624_4513
41,70,LA VIERGE tenant entre ses bras son Divin Fils. Peinture sur bois. Cadre doré.,"70. LA VIERGE tenant entre ses bras son Divin Fils. Peinture sur bois. Cadre doré.

0.46 X 0.35.

Voir illustration, planche XIII.

## ECOLE DI LORENZO DI CREDI.

(XVIe siècle)",documents/BO0624_4513
42,71,"SAINTE FAMILLE. La Vierge en adoration devant l'Enfant Jésus couché sur la terre, St Joseph à gauche. Fond de paysage boisé. Peinture sur panneau rond.","71. SAINTE FAMILLE. La Vierge en adoration devant l'Enfant Jésus couché sur la terre, St Joseph à gauche. Fond de paysage boisé. Peinture sur panneau rond.

Superbe cadre en noyer à frise ornée de rinceaux feuillagés de couleur brunâtre, en relief, sur fond doré. XVIe siècle.

Diam. 1.12.

Voir illustration, ptanche XV.

## . BARTOLOMEO VIVARINI.

(XVe siècle).",documents/BO0624_4513
43,72,"LA VIERGE tenant sur ses genoux le Divin Enfant, assise sur trône enguir: landé, entourée de quatre anges jouant des instruments musicaux. Le fond est doré. Bois. Superbe conservation. Chef. d œuvre provenant de la renommée col lection du marquis Caccialupi de Mace rata, achetée par le Rev. R. Nevin. Perkins, Cat. Nevin n. 141. Rome, 1907.","72. LA VIERGE tenant sur ses genoux le Divin Enfant, assise sur trône enguir: landé, entourée de quatre anges jouant des instruments musicaux. Le fond est doré. Bois. Superbe conservation. Chef. d œuvre provenant de la renommée col lection du marquis Caccialupi de Mace rata, achetée par le Rev. R. Nevin. Perkins, Cat. Nevin n. 141. Rome, 1907.

Haut. 1.17 X 0.94.

Voir illustration, planche VIII.

## ECOLE DE GIORGIONE.

(G. Barbarelli). (XVIe siècle).",documents/BO0624_4513
44,73,"JOUEUR DE FLûTE à mi-buste, vu de dos et tournant la tête vers le spectateur Bois. Cadre à frise ornée de feuillages dorees en relief, en pâte.","73. JOUEUR DE FLûTE à mi-buste, vu de dos 2. et tournant la tête vers le spectateur Bois. Cadre à frise ornée de feuillages dorees en relief, en pâte.

Haut. 0.53 X 0.49.

## PESELLINO

(Peselli Francesco). (1426-1457).",documents/BO0624_4513
45,74,LE MARIAGE DE LA VIERGE. La cérè- monie des fiançailles a lieu dans une campagne. Bois.,"74. LE MARIAGE DE LA VIERGE. La cérè- 2. monie des fiançailles a lieu dans une campagne. Bois.

Haut. 0.46 X 0.24

low illustration, planche AV1

## Marbres de fouilles et de la Renaissance.

## NICCOLO' DE L'ARCA.",documents/BO0624_4513
46,75,"DEUX ANGES, les mains croisées en acte de prière, debout dans niches. Œuvre extraordinaire par douceur d'expression et délicatesse d'exécution. Les sculptures de ce maître sont d'une extrême rareté et nous croyons qu'aucun musée n'en possede. Parfaite conservation","75. DEUX ANGES, les mains croisées en acte de prière, debout dans niches. Œuvre extraordinaire par douceur d'expression et délicatesse d'exécution. Les sculptures de ce maître sont d'une extrême rareté et nous croyons qu'aucun musée n'en possede. Parfaite conservation

Haut. 0.72 - Larg. 0.30

Voir illustration, planche XXVII.",documents/BO0624_4513
47,76,"BASE TRIANGULAIRE de candélabre orde femme: sur les trois faces de fri- née aux angles de sphinx ailées, à corps ses à ornements à volutes, têtes de lions, et festons et dans la partie supérieure de guirlandes et têtes de séraphins. Deux têtes des sphinx manquent.","76. BASE TRIANGULAIRE de candélabre orde femme: sur les trois faces de fri- 2. née aux angles de sphinx ailées, à corps ses à ornements à volutes, têtes de lions, et festons et dans la partie supérieure de guirlandes et têtes de séraphins. Deux têtes des sphinx manquent.

Haut. 0.42 X 0.38.

Autre base presque semblable à la précédente. de sphinx

Les trois letes maneueut. XVI siècle.

Haut. 0.43 X 0.35.

Voir illustration, planche XL.

## ANDREA DEL VERROCCHIO.

(1435-1488",documents/BO0624_4513
48,77,"LA PUDEUR, debout, serrant avec les deux mains sa longue robe au corps. Statue posant sur base. Travail admirable, par la suavité de l'expression et la vigueur d'exécution du célèbre artiste flo-","77. LA PUDEUR, debout, 2. serrant avec les deux mains sa longue robe au corps. Statue posant sur base. Travail admirable, par la suavité de l'expression et la vigueur d'exécution du célèbre artiste flo-

Haut. 1.16.

Voir illustration, planche XXIII.

## BACCIO BANDINELLI.

(1487-1559).",documents/BO0624_4513
49,78,SON PORTRAIT plus grand que nature. Piédouche en bigio. Pièce remarquable.,"78. SON PORTRAIT plus grand que nature. Piédouche en bigio. Pièce remarquable.

maut. 0.00

Voir illustration, planche XXII. •",documents/BO0624_4513
50,79,DEUX COLONNES en porphyre ayant les chapiteaux et les bases en bois sculpté,79. DEUX COLONNES en porphyre ayant les chapiteaux et les bases en bois sculpté,documents/BO0624_4513
51,2,et doré.,"2. et doré.

Haut. 1.05 sans le chapiteau et la base.",documents/BO0624_4513
52,8,"o. FEMME ASSISE sur chaise couverte d'un coussin. De la main gauche soulève en haut le manteau qui descend de la tête et enveloppe tout le corps, laissant à découvert les bras. Les pieds posent sur un tabouret. Haut-relief de la belle époque grecque. Le visage et les mains abimés. Prov. du Musée Nani","- 8o. FEMME ASSISE sur chaise couverte d'un coussin. De la main gauche soulève en haut le manteau qui descend de la tête et enveloppe tout le corps, laissant à découvert les bras. Les pieds posent sur un tabouret. Haut-relief de la belle époque grecque. Le visage et les mains abimés. Prov. du Musée Nani
- Marbre grec. —
- « Cl. Biagi, Monumenta Graeca ex museo equitis ac senatoris lac. Nanii Veneti illustra. Romae 1785 ».

Haut. 1.08 X 0.60.

Voir illustration, planche LI.",documents/BO0624_4513
53,81,"CÉRÈS, débout, drapée, tenant de la main gauche une corne d'abondance, de la droite des épis. Statuette. Bonne conservation. Epoque romaine.","81. CÉRÈS, débout, drapée, tenant de la main 2. gauche une corne d'abondance, de la droite des épis. Statuette. Bonne conservation. Epoque romaine.

Haut. 0.98

Voir illustration, planche LIII.",documents/BO0624_4513
54,82,CORTÈGE de cavaliers. Fragment de basrelief en pierre. Intéressante pièce de l'époque de Charles d'Anjou.,"82. CORTÈGE de cavaliers. Fragment de basrelief en pierre. Intéressante pièce de 2. l'époque de Charles d'Anjou.

Haut. 0.55 X 0.57.

## FAGNO DI LAPO

A Ve siecle .",documents/BO0624_4513
55,83,"LA VIERGE, à mi-figure, assise sur trône, tenant l'Enfant Jésus qui tendrement la caresse. Bas-relief en marbre. Belle patine et conservation. Œuvre remarquable.","83. LA VIERGE, à mi-figure, assise sur trône, tenant l'Enfant Jésus qui tendrement la caresse. Bas-relief en marbre. Belle patine et conservation. Œuvre remarquable.

Haut. 0.28 X 0 23.

Voir illustration, planche XXXIV.",documents/BO0624_4513
56,84,"DEUX BASEs de piliers en marbre, or- nées de coquilles et de feuillages à volutes. XVIe siècle.","84. DEUX BASEs de piliers en marbre, or- 2. nées de coquilles et de feuillages à volutes. XVIe siècle.

Haut. 0.47 X 0.35.",documents/BO0624_4513
57,85,BUSTE D'ENFANT. Le sommet du crâne manque. XVe siècle.,"85. BUSTE D'ENFANT. Le sommet du crâne 2. manque. XVe siècle.

Haut. 0.25.",documents/BO0624_4513
58,86,PoRTRAIT de jenne homme de profil à gauche. Bas-relief. XVe siècle.,"86. PoRTRAIT de jenne homme de profil à gauche. Bas-relief. XVe siècle.

Haut. 0.30 X 0.28.",documents/BO0624_4513
59,87,"FACE PRINCIPALE de socle, ornée de candélabre, boucliers et vase sculptés en relief. Fond peint en vert. XVIe siècle.","87. FACE PRINCIPALE de socle, ornée de candélabre, boucliers et vase sculptés en relief. Fond peint en vert. XVIe siècle.

Haut. 0.88 X 1.48.

Voir illustration, planche XXXVI.",documents/BO0624_4513
60,88,LA MISE AU TOMBEAU. Fragment de bas-relief en marbre. Travail allemand du XIVe siècle. Belle patine.,"88. LA MISE AU TOMBEAU. Fragment de bas-relief en marbre. Travail allemand du XIVe siècle. Belle patine.

Haut. 0.40 X 0.28.",documents/BO0624_4513
61,89,GÉNIE relevant de la main droite une draperie recouvrant une amphore. Le bras gauche et les jambes Ilane uent. Marbre grec. Hellénistique.,"89. GÉNIE relevant de la main droite une draperie recouvrant une amphore. Le bras gauche et les jambes Ilane uent. Marbre grec. Hellénistique.

Haut. 0.23.",documents/BO0624_4513
62,9,o. TRONÇON de colonne cannelée en bigio. Base et chapiteau en marbre blanc. Epoque romaine.,"- 9o. TRONÇON de colonne cannelée en bigio. Base et chapiteau en marbre blanc. Epoque romaine.

Haut. totale 1.20.",documents/BO0624_4513
63,91,FRAGMENT de vase offrant un génie à cheval d'une panthère. Bas-relief. Epoque d'Adrien.,"91. FRAGMENT de vase offrant un génie à cheval d'une panthère. Bas-relief. Epoque d'Adrien.

Haut. 0.12 - Larg. o.1o.",documents/BO0624_4513
64,92,URNE cinéraire ornée de festons et bucranes. Inscription sur le devant. Epoque romaine. Le couvercle manque.,"92. URNE cinéraire ornée de festons et bucranes. Inscription sur le devant. Epoque romaine. Le couvercle manque.

Haut. 0.22 X 0 35-",documents/BO0624_4513
65,93,CHAPITEAU à cul-de-lampe. Marbre. XVIe siècle.,"93. CHAPITEAU à cul-de-lampe. Marbre. XVIe siècle.

Haut. 0.30.",documents/BO0624_4513
66,94,EcUssoN armoirié de forme ovale. XVIe siècle.,"94. EcUssoN armoirié de forme ovale. XVIe siècle.

Haut. 0.65.",documents/BO0624_4513
67,95,"TêTE d'un saint sculptée en pierre. Piédouche en bois. Epoque fin du IVe siècle. Haut. de la tete o.1o,","95. TêTE d'un saint sculptée en pierre. Piédouche en bois. Epoque fin du IVe siècle. 2. Haut. de la tete o.1o,",documents/BO0624_4513
68,96,TÊTE d'enfant. XVe siècle.,"96. TÊTE d'enfant. XVe siècle.

Haut. 0.12.",documents/BO0624_4513
69,97,"Lot d'une tête à bas-relief, d'une tête de femme en ronde bosse et d'un torse de Minerve.","97. Lot d'une tête à bas-relief, d'une tête de femme en ronde bosse et d'un torse de Minerve.

Haut. 0.12.

0.00

0.14.",documents/BO0624_4513
70,98,TÊTE d'un séraphin. Bas-relief découpé. XVe siècle. Art florentin. Le nez et le menton cassés.,"98. TÊTE d'un séraphin. Bas-relief découpé. XVe siècle. Art florentin. Le nez et le menton cassés.

Haut. 0.12",documents/BO0624_4513
71,99,TêTE D'ENFANT de profil. Fragment de bas-relief d'époque romaine.,"99. TêTE D'ENFANT de profil. Fragment de bas-relief d'époque romaine.

Haut. o.10.",documents/BO0624_4513
72,100,FRAGMENT de tête de Bes. Archaïque.,"100. FRAGMENT de tête de Bes. Archaïque.

<!-- image -->
<!-- image -->

## SECONDE VENTE

Jeudi 15 Avril à 3 heures précises de l'après midi

## • Terres cuites de fouilles.",documents/BO0624_4513
73,I,O1. ENFANT couché sur un cochon. Terre cuite. Traces de polychromie.,"- IO1. ENFANT couché sur un cochon. Terre cuite. Traces de polychromie.

Haut. 0.09.",documents/BO0624_4513
74,102,MASQUE COMIQUE en terre cuite. Cassé. Epoque romaine. Provenant de la collecrion Dartl.,102. MASQUE COMIQUE en terre cuite. Cassé. Epoque romaine. Provenant de la collecrion Dartl.,documents/BO0624_4513
75,103,"DEUX VENDANGEURS. A gauche un faune qui joue de la flûte. En haut, frise. Fragment de bas-relief en terre cuite. Epoque romaine.","103. DEUX VENDANGEURS. A gauche un faune qui joue de la flûte. En haut, frise. Fragment de bas-relief en terre cuite. Epoque romaine.

Haut. 0.35 - Larg: 0.27.",documents/BO0624_4513
76,104,FRAGMENT de frise. Tête de lion. Terre cuite. Archaïque.,"104. FRAGMENT de frise. Tête de lion. Terre cuite. Archaïque.

Haut. 0.17 - Larg: 0.24.",documents/BO0624_4513
77,105,CARICATURE de nourrice. Lampe en terre culte. Epoque romaine.,"105. CARICATURE de nourrice. Lampe en terre culte. Epoque romaine.

Haut. o.14.",documents/BO0624_4513
78,106,"MASQUE de jeune femme, de trois quarts à gauche, coiffure finement frisée. Terre cuite. Epoque romaine.","106. MASQUE de jeune femme, de trois quarts à gauche, coiffure finement frisée. Terre cuite. Epoque romaine.

Haut. 0.25.

## Bronzes de fouilles.",documents/BO0624_4513
79,107,Lot de: une tête d'homme barbu; un génie; un petit Mercure en bronze. Epoque romaine.,107. Lot de: une tête d'homme barbu; un génie; un petit Mercure en bronze. Epoque romaine.,documents/BO0624_4513
80,108,ÉROS nu; l'aile droite brisée. Patine verte prune. Epoque romaine.,"108. ÉROS nu; l'aile droite brisée. Patine verte prune. Epoque romaine.

Haut. 0.06.",documents/BO0624_4513
81,109,AMOUR tenant de la main gauche une colombe serrée sur sa poitrine. Applique. Patine verte. Epoque romaine.,"109. AMOUR tenant de la main gauche une colombe serrée sur sa poitrine. Applique. Patine verte. Epoque romaine.

Larg, 0.00",documents/BO0624_4513
82,110,AURIGE dans l'attitude de conduire le char en course. Patine rugueuse. Prov. du Tibre,"110. AURIGE dans l'attitude de conduire le char en course. Patine rugueuse. Prov. du Tibre

Haut. 0 09",documents/BO0624_4513
83,I1,I. PeTIT BUSTE de femme. Patine rugueuse. Prov. du Tibre. Epoque romaine.,"- I1I. PeTIT BUSTE de femme. Patine rugueuse. Prov. du Tibre. Epoque romaine.

Haut. 0.08.",documents/BO0624_4513
84,112,FRAGMENT de face humaine barbue. Patine brune. Epoque des Antonins.,"112. FRAGMENT de face humaine barbue. Patine brune. Epoque des Antonins.

Haut. 0.0g Larg: 0.10.",documents/BO0624_4513
85,I13,"ISIS ÉPHESIENNE: la tête surmontée de l'atef, sur la poitrine tête de Méduse, au bras gauche tenant la corne d'a bondance sur laquelle sont perchées des oiseaux; main droite brisée. Epoque romane.","- I13. ISIS ÉPHESIENNE: la tête surmontée de l'atef, sur la poitrine tête de Méduse, au bras gauche tenant la corne d'a bondance sur laquelle sont perchées des oiseaux; main droite brisée. Epoque romane.

Haut. 0.13.

Voir illustration, planche LX/II.",documents/BO0624_4513
86,114,"DEUX LAMPES, dont une avec chaînette. Epoque romaine. Patine verte.","114. DEUX LAMPES, dont une avec chaînette. Epoque romaine. Patine verte.

M. O.I1.

M. 010.",documents/BO0624_4513
87,115,LAMPE avec anse ornée d'une feuille de *lierre. Patine verte. Epoque romaine. Bonne conservation.,"115. LAMPE avec anse ornée d'une feuille de *lierre. Patine verte. Epoque romaine. Bonne conservation.

Long. m. 0.17.",documents/BO0624_4513
88,116,"PETIT CHIEn couche, aboyant. Patine brune. Epoque romaine.","116. PETIT CHIEn couche, aboyant. Patine brune. Epoque romaine.",documents/BO0624_4513
89,2,I17. CAMILLE tenant une pathère dans la main droite et une cornucope dans la gauche. Patine verte. Bonne conservation. Epoque romaine.,"2. I17. CAMILLE tenant une pathère dans la main droite et une cornucope dans la gauche. Patine verte. Bonne conservation. Epoque romaine.

Haut. 0 07",documents/BO0624_4513
90,118,"HYMENÉE, debout, levant de ses deux mains un flambeau en haut. Patine verte. Epoque romaine.","118. HYMENÉE, debout, levant de ses deux mains un flambeau en haut. Patine verte. Epoque romaine.

Haut. o 08.",documents/BO0624_4513
91,119,"HERCULE debout, nu, tenant avec la main droite la massue levée au dessus de sa tête. Patine verte. Archaïstique.","119. HERCULE debout, nu, tenant avec la main droite la massue levée au dessus de sa tête. Patine verte. Archaïstique.

Haut. 0,09.",documents/BO0624_4513
92,120,LAMPE avec anse formée d'une feuille. Patine verte. Epoque romaine. Bonne conservation.,"120. LAMPE avec anse formée d'une feuille. Patine verte. Epoque romaine. Bonne conservation.

Long. 0.15",documents/BO0624_4513
93,121,"OISEAU marchant, la tête tournée à gauche. Base en marbre vert. Patine verte, rugueuse. Belle conservation. Epoque romaine.","121. OISEAU marchant, la tête tournée à gauche. Base en marbre vert. Patine verte, rugueuse. Belle conservation. Epoque romaine.

L0ng 0.12",documents/BO0624_4513
94,122,"SILÈNE barbu et nu, portant une amphore sur l'épaule gauche et tenant un coq de la main droite. Patine rugueuse. Epoque romaine. Prov. du Tibre.","122. SILÈNE barbu et nu, portant une amphore sur l'épaule gauche et tenant un coq de la main droite. Patine rugueuse. Epoque romaine. Prov. du Tibre.

Statuette haute m. 0.06.",documents/BO0624_4513
95,123,GRAND VASE de forme presque hémisphérique à large orifice à bord plat. Belle patine verte. Etrusque. Prov. de Faleria.,"123. GRAND VASE de forme presque hémisphérique à large orifice à bord plat. Belle patine verte. Etrusque. Prov. de Faleria.

Diam. 0.42. Haut 0.31.",documents/BO0624_4513
96,124,LAMPE à manche surélevé portant une tête de bouc. Patine brune rugueuse. Epoque romaine.,"124. LAMPE à manche surélevé portant une tête de bouc. Patine brune rugueuse. Epoque romaine.

Long. 0.23.

Voir illustration, planche LXVI.",documents/BO0624_4513
97,125,PETITE LAMPE à tête de négrillon. Paune verte-brune. Epoque romaine,"125. PETITE LAMPE à tête de négrillon. Paune verte-brune. Epoque romaine

Long. o.10.",documents/BO0624_4513
98,126,"CAsQUE italique avec mentonnières (paragnathides), au sommet bouton. Bord en torsade. Belle patine verte. IVe siècle a. C. Bonne conservation.","126. CAsQUE italique avec mentonnières (paragnathides), au sommet bouton. Bord en torsade. Belle patine verte. IVe siècle a. C. Bonne conservation.
- « Pistolesi: Il Vaticano descritto, Т. III, 169 ».

- « Helbig: Musco Gregoriano, pag. 321 ».",documents/BO0624_4513
99,127,"LAMPE à deux meches, ornée de deux tetes des tigres à haut-relief ed de deux feuilles d'acanthe. Anse formée de deux dauphins. Patine verte. Epoque romaine. Belle pièce. Haut. o 19.","127. LAMPE à deux meches, ornée de deux tetes des tigres à haut-relief ed de deux feuilles d'acanthe. Anse formée de deux dauphins. Patine verte. Epoque romaine. Belle pièce. Haut. o 19.

Voir illustration, planche LXII.",documents/BO0624_4513
100,128,DEUX BAS-RELIEES auré poussé rép.: Thétis donnant les armes à Achille; Harpie emportant un défunt et Hercule et le lion de Némée. Patine verte. Très rares exemplaires d'art archaïque.,"128. DEUX BAS-RELIEES auré poussé rép.: Thétis donnant les armes à Achille; Harpie emportant un défunt et Hercule et le lion de Némée. Patine verte. Très rares exemplaires d'art archaïque.

Larg. 0.29 X 0.18.

Voir illustration, planche LX/V.

## Bronzes de la Renaissance.",documents/BO0624_4513
101,129,"ENCRIER à forme de base cylindrique, posant sur trois pattes de lion. Couvercle formé d'une coquille sur laquelle un Amour assis. Patine brune. XVIe siècle.","129. ENCRIER à forme de base cylindrique, posant sur trois pattes de lion. Couvercle formé d'une coquille sur laquelle un Amour assis. Patine brune. XVIe siècle.

Haut. o.1o.

Voir illustration, planche L/X.",documents/BO0624_4513
102,130,MADELEINE la tête levée au ciel. Belle slatucue. Patine Drune. AVIl siecle. Base carrée en bronze dore,"130. MADELEINE la tête levée au ciel. Belle slatucue. Patine Drune. AVIl siecle. Base carrée en bronze dore

Haut. totale 0.18.",documents/BO0624_4513
103,31,MORTIER à décoration de feuilles en r ief. XVIe siècle,"31. MORTIER à décoration de feuilles en r ief. XVIe siècle

Haut. o.II biam. 0.12",documents/BO0624_4513
104,132,TROIS POIGNÉES de meuble. Tête de Méduse tenant dans la bouche un anneau à pointe de diamant. Armoiries dec Médicis). Epoque: XVIe siècle.,132. TROIS POIGNÉES de meuble. Tête de Méduse tenant dans la bouche un anneau 2. à pointe de diamant. Armoiries dec Médicis). Epoque: XVIe siècle.,documents/BO0624_4513
105,133,SONNETTE à ornements variés. La poi- gnée manque. Prov. du Tibre. XVIe siècle.,"133. SONNETTE à ornements variés. La poi- 4. gnée manque. Prov. du Tibre. XVIe siècle.

faut o.00.",documents/BO0624_4513
106,134,"ENCRIER de forme hemispherique, orne de festons, supporté par trois chevaux marins. Couvercle à tête d'ange surmonté d'une figure de jeune homme debout. (Mercure?) Patine brune. Bonne conservation. Fin du XVe siècle.","134. ENCRIER de forme hemispherique, orne de festons, supporté par trois chevaux marins. Couvercle à tête d'ange surmonté 2. d'une figure de jeune homme debout. (Mercure?) Patine brune. Bonne conservation. Fin du XVe siècle.

Voir illustration, page LIX:",documents/BO0624_4513
107,135,"APPLIQUE en bronze, représentant une temme montée sur un cheval allé entre des nuages. XVIIe siècle.","135. APPLIQUE en bronze, représentant une temme montée sur un cheval allé entre des nuages. XVIIe siècle.

Diam. 0.27 X 0.22.",documents/BO0624_4513
108,136,LAMPE à forme de crocodile. Patine brune. XVe siècle.,"136. LAMPE à forme de crocodile. Patine brune. XVe siècle.

Long. 0.16.

## Objets divers.",documents/BO0624_4513
109,137,"PoiRe à poudre, en cuir brun, ornée des godrons ciselés et d'un écusson entre deux griffons. XVIe siècle.","137. PoiRe à poudre, en cuir brun, ornée des godrons ciselés et d'un écusson entre deux griffons. XVIe siècle.

Haut. 0.17.",documents/BO0624_4513
110,138,L'ANNONCIATION. Médaillon ovale en terre cuite polychrome. XVIe siècle.,"138. L'ANNONCIATION. Médaillon ovale en 2. terre cuite polychrome. XVIe siècle.

Diam. 0.25.",documents/BO0624_4513
111,139,PARTIE SUPÉRIEURE de cadre; écusson soutenu par deux Amours et deux cariatides à corps de femme. XVIe siècle.,"139. PARTIE SUPÉRIEURE de cadre; écusson soutenu par deux Amours et deux cariatides à corps de femme. XVIe siècle.

Haut. 0.06 - Larg. 0.05.",documents/BO0624_4513
112,140,101 de: un cofret dit a la certosina :,140. 101 de: un cofret dit a la certosina :,documents/BO0624_4513
113,2,autre contret en pate et un etuit en matroduin.,2. autre contret en pate et un etuit en matroduin.,documents/BO0624_4513
114,3,"14T. COFFRET en pastille, décoré de fleurettes en relief, et muni d'une petite serrure en bronze. Le fond est decoré d'un","3. 14T. COFFRET en pastille, décoré de fleurettes en relief, et muni d'une petite serrure en bronze. Le fond est decoré d'un",documents/BO0624_4513
115,4,agneau en couleurs.,"4. agneau en couleurs.

XVe siècle.

Dim. 0.12 X 0.15 X 0.10.",documents/BO0624_4513
116,142,"LA VIERGE représentée à mi-corps, tenant l'Enfant Jésus debout à gauche. Bas-relief polychrome. XVIe siècle.","142. LA VIERGE représentée à mi-corps, tenant l'Enfant Jésus debout à gauche. Bas-relief polychrome. XVIe siècle.

Haut. 0.58 X 0.46.",documents/BO0624_4513
117,143,SAINTE ASSISE drapée d'un manteau doré et doublé de rouge. Statue en bois polychrome. Art forentin. XVe siècle.,"143. SAINTE ASSISE drapée d'un manteau doré et doublé de rouge. Statue en bois 2. polychrome. Art forentin. XVe siècle.

M. 1.12.
## BERNINI G. L",documents/BO0624_4513
118,144,DEUX ANGES chantant. Dessin à la plume lave de bistre.,"144. DEUX ANGES chantant. Dessin à la plume lave de bistre.

M. 0.16 X 0.13",documents/BO0624_4513
119,145,"COFFRET en os, de forme oblongue. à couvercle bombe. entierement décore d'animaux symboliques sculptes à reliet XIve siècle.","145. COFFRET en os, de forme oblongue. à couvercle bombe. entierement décore d'animaux symboliques sculptes à reliet XIve siècle.

Long. 0.20 X O.II

vour wustration, page 20",documents/BO0624_4513
120,140,"CADRE a tabernacle, a colonnes detachees, soutenant un tronton decore de chimères. Traces de dorures. XVIe siècle","140. CADRE a tabernacle, a colonnes detachees, soutenant un tronton decore de chimères. Traces de dorures. XVIe siècle

Haut. 1.00 X 0.52

Voir illustration, page 49.",documents/BO0624_4513
121,147,"BAINT JEAN tenant dans la main gauche lagneau, qu il indique de sa droite, de laquelle descende une banderole avec la legende: « Ecce agnus Der qui tollit pec... ». Sculpture en bois polvchrome XVe siècle.","147. BAINT JEAN tenant dans la main gauche lagneau, qu il indique de sa droite, de laquelle descende une banderole avec la legende: « Ecce agnus Der qui tollit pec... ». Sculpture en bois polvchrome XVe siècle.

Haut. I.II.

Voir illustration, planche XLVIII.

## ralences.",documents/BO0624_4513
122,148,"PLAT creux à marli étroit, décor poly chrome de quadrillé, losanges et orne ments. Fabrique de Faenza. Cassé","148. PLAT creux à marli étroit, décor poly chrome de quadrillé, losanges et orne ments. Fabrique de Faenza. Cassé

Diam. o.10",documents/BO0624_4513
123,140,"PETIT PLAT creux a mari décoré de ru bans bleus, entrelacs et fleurs. Au fond une banderole avec le nome: MARIA Fabrique de Faenza","140. PETIT PLAT creux a mari décoré de ru bans bleus, entrelacs et fleurs. Au fond une banderole avec le nome: MARIA Fabrique de Faenza

Larg. 0.18.",documents/BO0624_4513
124,150,PLAT creux avec marli décoré de ru bans s entrelacant et au milieu une ro sace bleue et jaune sur fond blanc. Fa brique de Faenza. Restauré.,"150. PLAT creux avec marli décoré de ru bans s entrelacant et au milieu une ro sace bleue et jaune sur fond blanc. Fa brique de Faenza. Restauré.

Voir illustration, planche LXX/.",documents/BO0624_4513
125,151,VASE à forme de boutelle; Initiale. G. F. et inscription pharmaceutique sur montée d'un aigle dans une couronn de fleurs à décor polychrome. Fab. d Castel-Durante,"151. VASE à forme de boutelle; Initiale. G. F. et inscription pharmaceutique sur montée d'un aigle dans une couronn de fleurs à décor polychrome. Fab. d Castel-Durante

Haut. 0.36

Vour illustration, planche L.XX/",documents/BO0624_4513
126,152,"PLAT à ombilic saillant, entouré de go drons en spirale (crispino. Sur l'ombilic est represente Apollon assis, jouant du violon, et au pourtour rinceaux feuilla ges en couleur bleue sur fond bleu clair. Le revers est decore d'ornements bleus. Fab. de Faenza","152. PLAT à ombilic saillant, entouré de go drons en spirale (crispino. Sur l'ombilic est represente Apollon assis, jouant du violon, et au pourtour rinceaux feuilla ges en couleur bleue sur fond bleu clair. Le revers est decore d'ornements bleus. Fab. de Faenza

Diam. 0.2c

Voir illustration, blanche LXXII/",documents/BO0624_4513
127,153,"· rokl-bRoe de forme ovoide, a deux an ses formees par des dauphins emailles en vert collonne se reules de lerie renfermant le monogramme du Christe Décor polychrome sur fond blanc. Fab de Faenza","- 153· rokl-bRoe de forme ovoide, a deux an ses formees par des dauphins emailles en vert collonne se reules de lerie renfermant le monogramme du Christe Décor polychrome sur fond blanc. Fab de Faenza

Haut. 0.37

Vour illustration, planche LAXI

## Ortevrerie de touilles",documents/BO0624_4513
128,154,"BULLA en or repousse, dont la bélière est décorée de filigrane. Art etrusque,","154. BULLA en or repousse, dont la bélière est décorée de filigrane. Art etrusque,

Maut. mm. 5 - Larg. mm. ce

Autre plus peute

Diam. mm. 17

Voir illustration, page 42",documents/BO0624_4513
129,155,DEUX DISQUES. Mamelon au milieu entouré d'un rang de petites fleurs et d plusieurs cercles concentriques avec flgrane. Art étrusque.,"155. DEUX DISQUES. Mamelon au milieu entouré d'un rang de petites fleurs et d plusieurs cercles concentriques avec flgrane. Art étrusque.

Diam. 0.30

Vour illustration, page 27",documents/BO0624_4513
130,156,"PENDENTIF. Croix grecque offrant au mileu un chaton avec une grenat; sur les bras, décor à forme d'épi. Art byzantin.","156. PENDENTIF. Croix grecque offrant au mileu un chaton avec une grenat; sur les bras, décor à forme d'épi. Art byzantin.

Haut. mm. 35

Voir illustration, page 59.",documents/BO0624_4513
131,157,"DEUX TÊTES bifrontes, en or souffle, ayant une base cylindrique ornée de filigrane. Art grec.","157. DEUX TÊTES bifrontes, en or souffle, ayant une base cylindrique ornée de filigrane. Art grec.

Haut. mm. 9

Voir illustration, page 43.",documents/BO0624_4513
132,158,"DEUX DISQUES, décorés de filigrane. Au miieu un fleuron entoure d'un rang de mamelons. Derrière, marge saillant, avec quatre trous. Art etrusque","158. DEUX DISQUES, décorés de filigrane. Au miieu un fleuron entoure d'un rang de mamelons. Derrière, marge saillant, avec quatre trous. Art etrusque

Diam. mm. 30

vour wlustration, page 27.

## Meubles.",documents/BO0624_4513
133,159,DEUX CHAPITEAUX à cul-de-lampe Noyer. XVIe siècle.,159. DEUX CHAPITEAUX à cul-de-lampe Noyer. XVIe siècle.,documents/BO0624_4513
134,160,LUTRIN en bois. Travail de tour. XVI° siècle.,"160. LUTRIN en bois. Travail de tour. XVI° siècle.

Haut. 1.30",documents/BO0624_4513
135,161,PETIT COFFRE à forme d'urne rectangulaire. Noyer. XVI° siècle.,"161. PETIT COFFRE à forme d'urne rectangulaire. Noyer. XVI° siècle.

Haut. 0.28 X o 52.",documents/BO0624_4513
136,162,"DEUX CONSOLEs d'applique, ornées d'un écusson aux armes des Princes Colonna surmontées d'une tête de sphinx. Noyer sculpté et rehaussé de dorures. XVI° siècle.","162. DEUX CONSOLEs d'applique, ornées d'un écusson aux armes des Princes Colonna surmontées d'une tête de sphinx. Noyer sculpté et rehaussé de dorures. XVI° siècle.

Haut. 0.25

## Tableaux.

## INCONNU.",documents/BO0624_4513
137,163,PORTRAIT DU PERUGINO. Ancienne co pie de l'original existant à Perugia. Bois. Haut. 0.15 X 0.12.,"163. PORTRAIT DU PERUGINO. Ancienne co pie de l'original existant à Perugia. Bois. Haut. 0.15 X 0.12.

## ECOLE DE NICCOLÒ ALUNNO.",documents/BO0624_4513
138,164,CHRIST EN CROIX et de deux côtés les deux Saintes Femmes pleurantes. Des anges portent les symboles de la Passion Fond doré.,"164. CHRIST EN CROIX et de deux côtés les deux Saintes Femmes pleurantes. Des anges portent les symboles de la Passion Fond doré.

Haut. 1.75 X 0.94

Voir illustration, planche 1.

## NCONNU",documents/BO0624_4513
139,165,SAINT-JÉROME à mi-buste. Cadre doré,"165. SAINT-JÉROME à mi-buste. Cadre doré

Diam. max. 0.66

min. 0.42

## INCONNU.",documents/BO0624_4513
140,166,"SAINTE à mi-buste, priant devant un symbole de la Passion. Au bas l'inscription: NON VI SI PENSA QUANTO SANGE (sic) COSTA. Cadre moderne. XVIe siècle. 0./0 X 0.91","166. SAINTE à mi-buste, priant devant un symbole de la Passion. Au bas l'inscription: NON VI SI PENSA QUANTO SANGE (sic) COSTA. Cadre moderne. XVIe siècle. 11. 0./0 X 0.91

## ECOLE VENITIENNE.

(XVIe siecle).",documents/BO0624_4513
141,167,"PORTRAIT DE JEUNE FEMME, de trois quarts à droite; cheveux en tresses nouées d'un ruban. Les épaules couvertes d'une fourrure. Cadre en pastille dorée. Bois.","167. PORTRAIT DE JEUNE FEMME, de trois quarts à droite; cheveux en tresses nouées d'un ruban. Les épaules couvertes d'une fourrure. Cadre en pastille dorée. Bois.

Haut. 0.26 X 0.21.

## SICIOLANTE JEROME

(dit le Sermoneta). A Vie siecte)",documents/BO0624_4513
142,168,"PORTRAIT DE DAME représentée en buste, vêtue de une robe décolletée de cou-","168. PORTRAIT DE DAME représentée en buste, vêtue de une robe décolletée de cou-
leur rose, finement brodée. Cadre vénitien en bois noir et or.

Haut. 0.57 X 0.4r

Voir illustration, planche XVIII.

## LORENZETTI AMBROGIO

(XIVe siècle).",documents/BO0624_4513
143,169,"LA VIERGE avec le Divin Enfant sur ses genoux. Peinture à la détrempe sur fond doré. Bonne conservation. Cadre à ta bernacle, doré.","169. LA VIERGE avec le Divin Enfant sur ses genoux. Peinture à la détrempe sur fond doré. Bonne conservation. Cadre à ta bernacle, doré.

m. 1.40 X 0.67.

Voir illustration, planche 111.

## CARLO CRIVELLI.

(XVe siècle).",documents/BO0624_4513
144,170,"LA PIÉTÉ. Le Rédempteur mort est soutenu par sa divine Mère et Sainte Marie Madeleine. L'expression déchirante de la douleur de les Saintes Femmes produit une impression saisissante dans ce chef-d'œuvre. Provenant de la collection du Marquis Caccialupi de Macerata, achetée par le R. R. Nevin. Perkins. Cat. Nevin, n. 232, Rome 1907.","170. LA PIÉTÉ. Le Rédempteur mort est soutenu par sa divine Mère et Sainte Marie Madeleine. L'expression déchirante de la douleur de les Saintes Femmes produit une impression saisissante dans ce chef-d'œuvre. Provenant de la collection du Marquis Caccialupi de Macerata, achetée par le R. R. Nevin. Perkins. Cat. Nevin, n. 232, Rome 1907.

Bois haut. 0.63 X 0.66.

Voir illustration, planche IX:

## MARCO PALMEZZANO DA FORLI'.

(XVIe siècle).",documents/BO0624_4513
145,171,LE BAPTÊME DE JÉSUS sur les bords du Jourdan. Signé: Marcus de Melotius Forlivensis. Cadre doré.,"171. LE BAPTÊME DE JÉSUS sur les bords du Jourdan. Signé: Marcus de Melotius Forlivensis. Cadre doré.

Bois haut 0.98 X 0.70.

Voir illustration, planche VI.

## Marbres de fouilles et de la Renaissance.",documents/BO0624_4513
146,172,"MUSE ASSIS: sur rocher se penchant à gauche, drapée de chiton et d'himation, La tête et la main droite manquent. Marbre grec. Ep. romaine.","172. MUSE ASSIS: sur rocher se penchant à gauche, drapée de chiton et d'himation, La tête et la main droite manquent. Marbre grec. Ep. romaine.

Voir illustration, plance L",documents/BO0624_4513
147,173,"DEMI-COLONNE richement ornée de feuil lages et fleurs sculptées, surmontée d'un chapiteau, XVI° siècle","173. DEMI-COLONNE richement ornée de feuil lages et fleurs sculptées, surmontée d'un chapiteau, XVI° siècle

Haut. 1.71

Voir illustration, planche XLI.

## MANTEGAZZA A.

(XVe siècle).",documents/BO0624_4513
148,174,"LA SALUTATION ANGÉLIQUE. Sous deux arcades de portique un ange en genoux salue la Vierge. Derrière l'ange des jeunes femmes debouts. Haut relief en marbre, malheureusement endommagés. Art lombard. XV® siecle","174. LA SALUTATION ANGÉLIQUE. Sous deux arcades de portique un ange en genoux salue la Vierge. Derrière l'ange des jeunes femmes debouts. Haut relief en marbre, malheureusement endommagés. Art lombard. XV® siecle

m. 0.57 X 0.40.

## ANTONIO AVERLINO

(dit Il Filarete)",documents/BO0624_4513
149,175,"TAPE en genou. baisant la maina St Pierre; près de lui St Paul. En haut, trois séraphins et des guirlandes. Basrelief en marbre. Rare exemplaire de cet artiste célèbre qui, avec Simon frère de Donatello, à composé et exécuté les merveilleux bas-reliefs en bronze de la porte de l'église de St Pierre à Rome.","175. TAPE en genou. baisant la maina St Pierre; près de lui St Paul. En haut, trois séraphins et des guirlandes. Basrelief en marbre. Rare exemplaire de cet artiste célèbre qui, avec Simon frère de Donatello, à composé et exécuté les merveilleux bas-reliefs en bronze de la porte de l'église de St Pierre à Rome.

- Voir: « Michele Lazzaroni. Antonio Munoz: Filarete scultore e architetto del secolo XV, pag. 135 e 138».

- — Voir: « W. Bode, Denkmaeler der Renaissance. Sculptor Toscanas. Table550».

Haut, 0.58 X 0.48.

Voir illustration, planche XXX/V.

## AGOSTINO DI DUCCIO.",documents/BO0624_4513
150,176,"GÉNIE NU, ailé, debout, de face, posant sur une grande rosace, tenant de la t. ain gauche les rubans d'un feston de fruits et feuilles et s'apuyant de la main droite sur une emblême basilical. Bas-relief en marbre. XV° siècle. Euvre très interessante. Haut. 1.55 X 0.75. Voir illustration, planche XXX.","176. GÉNIE NU, ailé, debout, de face, posant sur une grande rosace, tenant de la t. ain gauche les rubans d'un feston de fruits et feuilles et s'apuyant de la main droite sur une emblême basilical. Bas-relief en marbre. XV° siècle. 2. Euvre très interessante. Haut. 1.55 X 0.75. Voir illustration, planche XXX.
## DESIDERIO DA SETTIGNANO.",documents/BO0624_4513
151,177,TABERNACLE. Piliers et frise de l'entablement à ornements en relief et de chaque côtes de la porte deux anges en adoration.,"177. TABERNACLE. Piliers et frise de l'entablement à ornements en relief et de chaque côtes de la porte deux anges en adoration.

Haut. 0.97 X 0.66.

Voir illustration, pag. 34.",documents/BO0624_4513
152,178,PORTRAIT D'OLIMPIE PAMPHILI. Buste en marbre sur piédouche de portasanta. Pièce très intéressante. Prov. de la noble famille Altoviti.,"178. PORTRAIT D'OLIMPIE PAMPHILI. Buste en marbre sur piédouche de portasanta. Pièce très intéressante. Prov. de la noble famille Altoviti.

Haut. 0.70

Voir illustration, planche XXIV.",documents/BO0624_4513
153,179,TABERNACLE en marbre avec l'emblême euchristique et sur la porte le SaintEsprit. Traces de polychromie et de dorures. XV siècle.,"179. TABERNACLE en marbre avec l'emblême euchristique et sur la porte le SaintEsprit. Traces de polychromie et de dorures. XV siècle.

Haut. o.86.",documents/BO0624_4513
154,180,"ENFANT pécheur, assis sur rocher, enveloppé d'un manteau à capuchon. Marbre grec. Epoque romaine.","180. ENFANT pécheur, assis sur rocher, enveloppé d'un manteau à capuchon. Marbre grec. Epoque romaine.

Haut. 0.64.

Voir illustration, planche LIV.",documents/BO0624_4513
155,101,"ENCADREMENT en marbre de petite tenêtre carrée. Moulures a feuilles, denticules et perles sculptés. Grille en fer. XV° siècle.","101. ENCADREMENT en marbre de petite tenêtre carrée. Moulures a feuilles, denticules et perles sculptés. Grille en fer. XV° siècle.

Haut. 0.69.

Voir illustration, plauche XXXIII.",documents/BO0624_4513
156,182,TR SAUVEUR donnant la bénédiction. Haut-relief de fort saillie XVI° siècle. Belle patine ivoire. Les avant-bras et les pieds manquent. Art forentin.,"182. TR SAUVEUR donnant la bénédiction. Haut-relief de fort saillie XVI° siècle. Belle patine ivoire. Les avant-bras et les pieds manquent. Art forentin.

Haut. 0.48.

Voir illustration, planche XXXV.",documents/BO0624_4513
157,183,TêTE de faune riant. Grec. Marbre des iles. Très belle pièce.,"183. TêTE de faune riant. Grec. Marbre des iles. Très belle pièce.

Haut. 0.07.",documents/BO0624_4513
158,184,"GÉNIE jouant de la flûte assis sur le dorse d'un centaure. Fragment d'un vase en bas-relief. (La tête, les jambes, le bras droit et la main gauche du centaure manquent). Beau style grec. Marbre des iles.","184. GÉNIE jouant de la flûte assis sur le dorse d'un centaure. Fragment d'un vase en bas-relief. (La tête, les jambes, le bras droit et la main gauche du centaure manquent). Beau style grec. Marbre des iles.

Haut. o.1o.",documents/BO0624_4513
159,185,ENFANT assis sur rocher. Le bras droit manque. Marbre blanc. XV° siècle. Art Disan,"185. ENFANT assis sur rocher. Le bras droit manque. Marbre blanc. XV° siècle. Art Disan

Haut. 0.30",documents/BO0624_4513
160,186,"EcoussoN ovale, bombé au milieu, offrant une tête de Méduse et au Doul tour des serpents. Bas-relief en marbre Dianc. AVI siecle","186. EcoussoN ovale, bombé au milieu, offrant une tête de Méduse et au Doul tour des serpents. Bas-relief en marbre Dianc. AVI siecle

Diam. max. 0.38. min. 0.24.",documents/BO0624_4513
161,187,PORTRAITS de deux conjuges. Hautrelief funèbre. Epoque romaine.,"187. PORTRAITS de deux conjuges. Hautrelief funèbre. Epoque romaine.

m. 0.72 X 0.52.",documents/BO0624_4513
162,188,COLONNE décorée de trois zones de feuillages. Partie de candelabre? XVI° siècle.,"188. COLONNE décorée de trois zones de feuillages. Partie de candelabre? XVI° siècle.

Haut. 1.32.",documents/BO0624_4513
163,189,"P'ORTRAIT DE JEUNE HOMME de profil à droite, en mi-buste. Bas-relief. XV° siècle.","189. P'ORTRAIT DE JEUNE HOMME de profil à droite, en mi-buste. Bas-relief. XV° siècle.

Haut. 0.29 X 0.21.",documents/BO0624_4513
164,190,LA VIERGE ET L'ENFANT JÉSUS. Terre cuite. Ecole florentine,"190. LA VIERGE ET L'ENFANT JÉSUS. Terre cuite. Ecole florentine

Haut. 0.31 X 0.19.",documents/BO0624_4513
165,191,TÊth de l'Empereur Vespasien. XV° siècle,"191. TÊth de l'Empereur Vespasien. XV° siècle

Haut. 0.12.",documents/BO0624_4513
166,192,Li PAPE INNOCENT XIII. Profil en bas-relief. Médaillon rond.,"192. Li PAPE INNOCENT XIII. Profil en bas-relief. Médaillon rond.

Diam. 0.38.",documents/BO0624_4513
167,193,"STATUETTE d'homme debout, vêtu de la toge, posant sur une base carrée. La tete l'avant-bras gauche et une petite partie de la base manquent. Epoque romaine.","193. STATUETTE d'homme debout, vêtu de la toge, posant sur une base carrée. La tete l'avant-bras gauche et une petite partie de la base manquent. Epoque romaine.

Haut. 0.13.",documents/BO0624_4513
168,194,"FEMME NUF, debout. Statuette en albatre appliquee dans un cadre noir et or. Les cheveux sont dores","194. FEMME NUF, debout. Statuette en albatre appliquee dans un cadre noir et or. Les cheveux sont dores

XV° siècle.

Haut. de la statuette o.17",documents/BO0624_4513
169,105,"DEUX CHAPITEAUX de pillers, a decoration de tellages et volutes. Marbre XVI siecle.","105. DEUX CHAPITEAUX de pillers, a decoration de tellages et volutes. Marbre XVI siecle.

Haut. 0.31 X 0.36",documents/BO0624_4513
170,106,FRAGMENT dune base a decor de sphinx allées. Hellenistique,"106. FRAGMENT dune base a decor de sphinx allées. Hellenistique

Haut. 0.13

<!-- image -->",documents/BO0624_4513
171,197,DEUX BASES circulaires en pierre,197. DEUX BASES circulaires en pierre,documents/BO0624_4513
172,2,1O8. FRAGMENT orne de teuilles et des fleurs Beau specimen dart decoratit AVie siecle,"2. 1O8. FRAGMENT orne de teuilles et des fleurs Beau specimen dart decoratit AVie siecle

Haut. 0.55

Diam. 0.45

Haut. o.11 - Larg. 0.14",documents/BO0624_4513
173,199,ANGE agenouille. Bas-relief en pierre X ve siècle,"199. ANGE agenouille. Bas-relief en pierre X ve siècle

m. 0.28 X 0.23.",documents/BO0624_4513
174,200,"SIGILLUM? Sur une face tête de Si lene, sur l'autre figure de Mars de bout. Dans la partie interieure les lettres PATIA. P. Sculpté en pierre Epoque romaine.","200. SIGILLUM? Sur une face tête de Si lene, sur l'autre figure de Mars de bout. Dans la partie interieure les lettres PATIA. P. Sculpté en pierre Epoque romaine.

Haut. 0 20
<!-- image -->

<!-- image -->

<!-- image -->",documents/BO0624_4513
175,155,<!-- image -->,"155

<!-- image -->",documents/BO0624_4513
176,256,## TROISIÉME VENTE,"256

## TROISIÉME VENTE

Vendredi 16 Avril à 3 heures précises de l'après midi

## Terres cuites de fouilles.",documents/BO0624_4513
177,201,"ENFANT tenant un oiseau dans la main gauche, assis sur un sanglier. Terre culte.","201. ENFANT tenant un oiseau dans la main gauche, assis sur un sanglier. Terre culte.

Haut. 0.12.",documents/BO0624_4513
178,202,RyTHoN à tête de cerf. Terre cuite. M. 0.18.,202. RyTHoN à tête de cerf. Terre cuite. M. 0.18.,documents/BO0624_4513
179,203,TêTE DE MARs et de Neptune (P) de profil. Bas-relief en terre cuite avec traces de polychromie. Epoque romaine.,"203. TêTE DE MARs et de Neptune (P) de profil. Bas-relief en terre cuite avec traces de polychromie. Epoque romaine.

Haut. 0.18 - Larg. 0.26.",documents/BO0624_4513
180,204,DEUX FEMMEs casquées qui soutiennent un médaillon avec tête de Méduse. Frise de bas-relief d'époque romaine.,"204. DEUX FEMMEs casquées qui soutiennent un médaillon avec tête de Méduse. Frise de bas-relief d'époque romaine.

Haut. 0.26 - Larg. o.31.",documents/BO0624_4513
181,205,FEMMes qui portent des offrandes. Fragment de bas-relief en terre cuite. Grec. Abimé.,"205. FEMMes qui portent des offrandes. Fragment de bas-relief en terre cuite. Grec. Abimé.

Haut. 0.21 - Larg. 0.29.",documents/BO0624_4513
182,206,LAMPE en terre cuite. Caricature de vieille femme. poque romaine. Prov de la Vente Sarti.,"206. LAMPE en terre cuite. Caricature de vieille femme. poque romaine. Prov de la Vente Sarti.

Haut. 0.18.

## Bronzes de fouilles.",documents/BO0624_4513
183,207,"Lot de: Deux anses de vase, ornées de palmettes. Patine verte. Epoque romaine. Deux anses de vase, terminées par deux têtes de silène. Patine verte rugueuse. Archaïstique.","207. Lot de: Deux anses de vase, ornées de palmettes. Patine verte. Epoque romaine. Deux anses de vase, terminées par deux têtes de silène. Patine verte rugueuse. Archaïstique.

Larg. 0.18.

0.14",documents/BO0624_4513
184,208,PETIT GéNIe assis sur une panthère. Base carré. Patine brune. Epoque romaine.,"208. PETIT GéNIe assis sur une panthère. Base carré. Patine brune. Epoque romaine.

Haut. m. 0.06.",documents/BO0624_4513
185,209,"GÉNIE de cérémonie (P). Nu, ailé. Pa tine rugueuse. Epoque romaine.","209. GÉNIE de cérémonie (P). Nu, ailé. Pa tine rugueuse. Epoque romaine.

Figurine haute m. 0.04

<!-- image -->",documents/BO0624_4513
186,466,210. Lot de: Rhyton à tête de cerf (fragment de statuette de camille). Tête à haut bonnet (étrusque). Petit buste (poids de statera).,"466
210. Lot de: Rhyton à tête de cerf (fragment de statuette de camille). Tête à haut bonnet (étrusque). Petit buste (poids de statera).",documents/BO0624_4513
187,211,Têre de jeune femme. Epoque romaine. Patine verte rugueuse.,"211. Têre de jeune femme. Epoque romaine. Patine verte rugueuse.

Haut. 0.08.",documents/BO0624_4513
188,212,"BASE DE FORMe elliptique, ornée d'un dauphin sur le devant. Patine brune. Epoque romaine.","212. BASE DE FORMe elliptique, ornée d'un dauphin sur le devant. Patine brune. Epoque romaine.

Larg. m. 0.16 - Haut. 0.00",documents/BO0624_4513
189,213,"CHIeN reposant sur les jambes postérieures, la tête levée. Patine brune.","213. CHIeN reposant sur les jambes postérieures, la tête levée. Patine brune.

Haut. 0.08.",documents/BO0624_4513
190,214,LaMpe avec anse repliée et terminant en tête de cygne. Patine verte claire. Epoque romaine.,"214. LaMpe avec anse repliée et terminant en tête de cygne. Patine verte claire. Epoque romaine.

Long. m. 0.14.",documents/BO0624_4513
191,215,"DEux bases de trépieds à griffes de lions, dont une de patine verte, l'autre brune. Epoque romaine.","215. DEux bases de trépieds à griffes de lions, dont une de patine verte, l'autre brune. Epoque romaine.

Haut. 0.10 X 0.24. 0.10 X 0.24.",documents/BO0624_4513
192,216,Lot de : Fragment de figure virile avec chlamyde. Chien couché. Fragment de mascaron. Saphirine.,216. Lot de : Fragment de figure virile avec chlamyde. Chien couché. Fragment de mascaron. Saphirine.,documents/BO0624_4513
193,217,"GéNIE AlLÉ, debout, les bras levés. Statuette. Epoque romaine. belle patine verte.","217. GéNIE AlLÉ, debout, les bras levés. Statuette. Epoque romaine. belle patine verte.

M. 0.08.",documents/BO0624_4513
194,210,TETE DE CHIEN. Final d'un timon de bige. Epoque romaine.,"210. TETE DE CHIEN. Final d'un timon de bige. Epoque romaine.

Long. m. o.1o,",documents/BO0624_4513
195,219,GoRGONkIoN en relief. Applique circu laire. Patine verte. Archaïque.,"219. GoRGONkIoN en relief. Applique circu laire. Patine verte. Archaïque.

Diam. m. 0.05",documents/BO0624_4513
196,220,"LAMPE à deux mêches, ornée de palmettes, couvercle surmonté de une oie. Patine verte. Epoque romaine.","220. LAMPE à deux mêches, ornée de palmettes, couvercle surmonté de une oie. Patine verte. Epoque romaine.

M. 0,12.",documents/BO0624_4513
197,221,"FAUNE capripède, nu, accroupi. Patine brune. Arcahistique.","221. FAUNE capripède, nu, accroupi. Patine brune. Arcahistique.

Statuette haute 0.04.",documents/BO0624_4513
198,222,"HErcULe étouffant le lion de Nemée, posant sur un base carrée, garnie de deux anneaux Manche d'ustensile? Epoque romaine. Patine brune.","222. HErcULe étouffant le lion de Nemée, posant sur un base carrée, garnie de deux anneaux Manche d'ustensile? Epoque romaine. Patine brune.",documents/BO0624_4513
199,223,LAMPE formée d'un dauphin avec coquille dans la bouche. Chaînettes à souspendre en fils tressés. Patine verte rugueuses. Objet curieux d'époque romaine.,"223. LAMPE formée d'un dauphin avec coquille dans la bouche. Chaînettes à souspendre en fils tressés. Patine verte rugueuses. Objet curieux d'époque romaine.

Long. m. 0.14.",documents/BO0624_4513
200,224,LAMPE Belle avec anse à fleur de lotus. patine verte. Epoque romaine. Conservation parfaite.,"224. LAMPE Belle avec anse à fleur de lotus. patine verte. Epoque romaine. Conservation parfaite.

Long. m. 0.25",documents/BO0624_4513
201,225,"CANDÉLABRE à tige cannelé posant sur trepied à griffes de lion, séparées par des palmettes. Couronnement: Un disque godronné, surmonté de quatre cro chets et d'une statuette d'éphèbe. Pa tine verte. Ep. IIIe siècle a. C","225. CANDÉLABRE à tige cannelé posant sur trepied à griffes de lion, séparées par des palmettes. Couronnement: Un disque godronné, surmonté de quatre cro chets et d'une statuette d'éphèbe. Pa tine verte. Ep. IIIe siècle a. C

naut. 1.22",documents/BO0624_4513
202,226,"FRIsE de base carrée avec moulures, décorées de feuilles, denticules et tresses en relief. Patine verte foncée. Epoque Tomate. Bonne conservation. Trèsbeau spécimen d'ornementation.","226. FRIsE de base carrée avec moulures, décorées de feuilles, denticules et tresses en relief. Patine verte foncée. Epoque Tomate. Bonne conservation. Trèsbeau spécimen d'ornementation.

barr. m. 0.7)",documents/BO0624_4513
203,227,JAMBE gauche de statue plus grande que nature. Le pied brisé était chaussé du calceus patricius. Patine verte. Epoque impériale romaine.,"227. JAMBE gauche de statue plus grande que nature. Le pied brisé était chaussé du calceus patricius. Patine verte. Epoque impériale romaine.

Long. m. 0.77.

Voir illustration, page 57.",documents/BO0624_4513
204,228,"Génie dans l'attitude de s'élancer, courtvêtu, chaussé de brodequins (cothurni). Les bras brisés. Patine verte rugueuse. Epoque impériale romaine. Base carrée, décorée aux angles de dauphins.","228. Génie dans l'attitude de s'élancer, courtvêtu, chaussé de brodequins (cothurni). Les bras brisés. Patine verte rugueuse. Epoque impériale romaine. Base carrée, décorée aux angles de dauphins.

Haut. 0.35.

0.15.

Voir illustration, planche LX.

## Bronzes de la Renaissance.",documents/BO0624_4513
205,229,"AMoUr jouant avec une chêvre couchée. Patine brune, brillante. XVIe siècle. Base rectangulaire de africano.","229. AMoUr jouant avec une chêvre couchée. Patine brune, brillante. XVIe siècle. Base rectangulaire de africano.

Haut. 0.06.",documents/BO0624_4513
206,230,TêTE DE CHEvAL sur base en bois noir décorée d'une tête de lion. XVI siècle. Haut. 0.15,230. TêTE DE CHEvAL sur base en bois noir décorée d'une tête de lion. XVI siècle. Haut. 0.15,documents/BO0624_4513
207,2,23I. Lot de: Petit couteau. Un manche en nacre et à ornements en cuivre et os XVe siècle. Trousse en cuir avec fourchette et couteau. XVIe siècle.,2. 23I. Lot de: Petit couteau. Un manche en nacre et à ornements en cuivre et os XVe siècle. Trousse en cuir avec fourchette et couteau. XVIe siècle.,documents/BO0624_4513
208,232,DEUx PoUPÉes formées de deux cariatides ailées. XVI siècle.,232. DEUx PoUPÉes formées de deux cariatides ailées. XVI siècle.,documents/BO0624_4513
209,233,"HAcHE dE fER decoré de feuillages, mascaron et un lion. Travail allemand. XVI° siècle.","233. HAcHE dE fER decoré de feuillages, mascaron et un lion. Travail allemand. XVI° siècle.

Larg: 0.12 - Haut. o.08.",documents/BO0624_4513
210,234,MoRTIeR orné au pourtour d'une suite de festons et au bas de godrons à re-,"234. MoRTIeR orné au pourtour d'une suite de festons et au bas de godrons à re-

lief. Anses brisées. Patine rougeâtre. XVIe siècle.

Diam. 0.14 - Haut. 0.12",documents/BO0624_4513
211,235,"PLAQUETTE decoupée, repr. le buste de St. François appliqué sur fond de velours rouge dans un cadre en bois sculpté et rehaussé de dorures. XVIe siècle.","235. PLAQUETTE decoupée, repr. le buste de St. François appliqué sur fond de velours rouge dans un cadre en bois sculpté et rehaussé de dorures. XVIe siècle.

Haut. m. 0.10.",documents/BO0624_4513
212,236,"APoLLON assis sur un tronc d'arbre, Jouant de la flüte (manque). Patine brune. Base en bronze. XVII* siècle.","236. APoLLON assis sur un tronc d'arbre, Jouant de la flüte (manque). Patine brune. Base en bronze. XVII* siècle.

M. 0.07",documents/BO0624_4513
213,237,MoRTIER à bord decoré d'une frise d'ornements et de deux têtes de lion en relief. Patine brune. XVe siècle.,"237. MoRTIER à bord decoré d'une frise d'ornements et de deux têtes de lion en relief. Patine brune. XVe siècle.

Haut. 0.18 - Diam. 0.25

## Objets divers.",documents/BO0624_4513
214,238,"PETITE CHâssE en bois en forme d'urne, vitrée, avec colonnettes et frises à ornements peints et dorés sur. fond noir. XVI siècle. Travail vénitien.","238. PETITE CHâssE en bois en forme d'urne, vitrée, avec colonnettes et frises à ornements peints et dorés sur. fond noir. XVI siècle. Travail vénitien.

Larg. 0.17 X 0.14",documents/BO0624_4513
215,239,"Boîre en poirier, de forme ronde, ornée de godrons dorés. XVIe siècle.","239. Boîre en poirier, de forme ronde, ornée de godrons dorés. XVIe siècle.

Haut. 0.09 - Diam. o.10",documents/BO0624_4513
216,240,PeTIT coffre fort recouvert de cuir noir avec ornements ciselés. Ferrures ancennes. A v siece,"240. PeTIT coffre fort recouvert de cuir noir avec ornements ciselés. Ferrures ancennes. A v siece

Larg. m. 0.23 X 0.15 X 0.10.",documents/BO0624_4513
217,241,"CoFFrer en bois. Couvercle richement décoré des mascarons, cariatides, griffons. Sur le pourtour scènes de sujets héroïques. Travail florentin du plus beau style. XVe siècle.","241. CoFFrer en bois. Couvercle richement décoré des mascarons, cariatides, griffons. Sur le pourtour scènes de sujets héroïques. Travail florentin du plus beau style. XVe siècle.

Larg. 0.28 X 0.20 X 0.15",documents/BO0624_4513
218,242,"PORTRAIT de jeune homme, a demi-buste. sculpture en bois polverhome. Art toscan du XVI siècle.","242. PORTRAIT de jeune homme, a demi-buste. sculpture en bois polverhome. Art toscan du XVI siècle.

naut. 0.32

## GIOVANNI DELLA ROBBIA

(Atelier de)",documents/BO0624_4513
219,243,LE BAPTEME DE SAINT-JEAN. Troupe en terre cuite emaillee de couleurs.,"243. LE BAPTEME DE SAINT-JEAN. Troupe en terre cuite emaillee de couleurs.

Haut. 0.32 X 0.35.",documents/BO0624_4513
220,244,"LA VIERGE son Divin Fils, Saint Jean et deux seraphins. bas-reler en stue polychrome. Cadre avec armoiries au oas.","244. LA VIERGE son Divin Fils, Saint Jean et deux seraphins. bas-reler en stue polychrome. Cadre avec armoiries au oas.

Haut. 063 X 0.51.",documents/BO0624_4513
221,245,PETITE COUpe en écaille brune avec deux anses et marli en argent. Etui en maroquin rouge avec ornements travalles au peut fer. XvIe siecle Travail ve. nitien.,"245. PETITE COUpe en écaille brune avec deux anses et marli en argent. Etui en maroquin rouge avec ornements travalles au peut fer. XvIe siecle Travail ve. nitien.

Diam. de la coupe m. o.10.",documents/BO0624_4513
222,246,CRUcIFIx en ivoire. Sculpture du XVI siecle. Provenant de la collection Ne. vin.,"246. CRUcIFIx en ivoire. Sculpture du XVI siecle. Provenant de la collection Ne. vin.

Haut. 0.35.

Voir illustration, planche LXXV1.

## GIAN BOLOGNA.",documents/BO0624_4513
223,247,"SAMSON TUANT LES PHILISTINS. Troupe en terre cuite. Superbe patine brune. De ce cher-d'oeuvre existe une autre replique en bronze, mais de plus petites pro portions.","247. SAMSON TUANT LES PHILISTINS. Troupe en terre cuite. Superbe patine brune. De ce cher-d'oeuvre existe une autre replique en bronze, mais de plus petites pro portions.

Haut. o.41.

Votr illustration, planche XXV.

## POLIDORO DE CARAVAGGIO

le siecle).",documents/BO0624_4513
224,218,LE SACRIFICE de Abraham. Dessin a la sépia.,"218. LE SACRIFICE de Abraham. Dessin a la sépia.

## Faïences.",documents/BO0624_4513
225,240,PETIT PLAT; decor noir sur fond blanc Epoque primitive. Kare.,"240. PETIT PLAT; decor noir sur fond blanc Epoque primitive. Kare.

Diam. o.18.",documents/BO0624_4513
226,250,PerIr BRoc à orifice trilobe. decore sur le devant d'un poisson et d' ornements polychromes. Fabrique de Castel Duralle.,"250. PerIr BRoc à orifice trilobe. decore sur le devant d'un poisson et d' ornements polychromes. Fabrique de Castel Duralle.

Haut. m. 0.14. casse",documents/BO0624_4513
227,25,"I. PETITE COUPE a fond brun. Decor des teuilles et rubans verts, en reler. Ex térieur émaillé vert. Fabrique de Padoue. Alv siecle.","- 25I. PETITE COUPE a fond brun. Decor des teuilles et rubans verts, en reler. Ex térieur émaillé vert. Fabrique de Padoue. Alv siecle.

Diam. o.I6.",documents/BO0624_4513
228,252,VasE de pharmacie de forme cylindrique. rmoiries entourées de fleurs Décor polychrome. aD. de Faenza.,"252. VasE de pharmacie de forme cylindrique. rmoiries entourées de fleurs Décor polychrome. aD. de Faenza.

Haut. 0.29. Diam. 0.23.

Vowr illustration, blanche LAx/.

- PLAT a pied bas; offrant au mileu Sant Francois en priere devant la croix; dans le lointain une église. Fabrique de (tubbio.

Diam. 0.23.

Vour ulustration, planche LAAH.",documents/BO0624_4513
229,254,"PLAT a large bord et fond creux avec ornements jaunes entrelaces et terminant de chaque cote en tete chimerique. Au bas, autour de la tête d'un séraphin se deroule un rubans avec le nome: Tout le champ du plat est émaillé en bleu. Fabrique de aTtaggiolo.","254. PLAT a large bord et fond creux avec ornements jaunes entrelaces et terminant de chaque cote en tete chimerique. Au bas, autour de la tête d'un séraphin se deroule un rubans avec le nome: Tout le champ du plat est émaillé en bleu. Fabrique de aTtaggiolo.

Diam. 0.22

Voir illustration, planche LXXII.
## Orfévrerie de fouilles.",documents/BO0624_4513
230,255,"PAIRE DE BOUCLES D'OREILLE. Un cygne émaillé blanc, posant sur un châton. est suspendu à une rosace entre quatre chaînettes ayant aux extrémités des pendeloques en pâte de verre. Art grec.","255. PAIRE DE BOUCLES D'OREILLE. Un cygne émaillé blanc, posant sur un châton. est suspendu à une rosace entre quatre chaînettes ayant aux extrémités des pendeloques en pâte de verre. Art grec.

Haut. mm. 45.

vour wustration page 35.",documents/BO0624_4513
231,256,"PAIRE DE DISQUES, décorés d'une rosace, ornée de filigrane et mamelons, ayant le marge perlé. Art étrusque. Provenant de la collection Martinetti.","256. PAIRE DE DISQUES, décorés d'une rosace, ornée de filigrane et mamelons, ayant le marge perlé. Art étrusque. Provenant de la collection Martinetti.

Diam. mm. 28.

Voir illustration, page 27.",documents/BO0624_4513
232,257,"CoLLIER, composé de perles, de saphirs entremelés de perles fines, dont plusieures manquent, enfilées par des baguettes en or. Au centre une corbeille pleine de raisins. Art étrusque.","257. CoLLIER, composé de perles, de saphirs entremelés de perles fines, dont plusieures manquent, enfilées par des baguettes en or. Au centre une corbeille pleine de raisins. Art étrusque.

Long. 0.39.

Voir iltustration, page 13.",documents/BO0624_4513
233,258,PAIRE DE BOUCLE D'OREILLE. Anneau orné de filigrane; en bas assemblage de petites boules disposées en pyramide. Art. grec,"258. PAIRE DE BOUCLE D'OREILLE. Anneau orné de filigrane; en bas assemblage de petites boules disposées en pyramide. Art. grec

Haut. mm. 30

Vour illustration, page 35",documents/BO0624_4513
234,259,"Lot de différentes boucles d'oreille, et deux petites fibules.","259. Lot de différentes boucles d'oreille, et deux petites fibules.",documents/BO0624_4513
235,260,"FEUILLE EN oR, sur laquelle est estampée l'inscription suivante:","260. FEUILLE EN oR, sur laquelle est estampée l'inscription suivante:

<!-- image -->

## Meubles.",documents/BO0624_4513
236,261,CoFFRET en noyer sculpté posant sur quatre pattes de lion. XVI siècle.,"261. CoFFRET en noyer sculpté posant sur quatre pattes de lion. XVI siècle.

Long: m.",documents/BO0624_4513
237,262,ToRcHÉRE en bois. Ornements bleus sur fond clair. Vénitien. XV° siècle.,"262. ToRcHÉRE en bois. Ornements bleus sur fond clair. Vénitien. XV° siècle.

Haut. 1.48.",documents/BO0624_4513
238,263,MEUBLE à deux corps. La parte inférieure à quatre tiroirs; la supérieure à deux vanteaux. Noyer.,"263. MEUBLE à deux corps. La parte inférieure à quatre tiroirs; la supérieure à deux vanteaux. Noyer.

Haut. 1.8o.",documents/BO0624_4513
239,264,BUREAU et serre papier en acajou: panneaux en racine de citronnier: abattant à coulisse. Louis XVI°.,"264. BUREAU et serre papier en acajou: panneaux en racine de citronnier: abattant à coulisse. Louis XVI°.

Haut. 1.45.

Larg. 1.30.

## Tableaux.

## MEMLING H.

(Ecole de)",documents/BO0624_4513
240,265,LA SAINTE FAMILLE. Fond de paysage. HO1S,"265. LA SAINTE FAMILLE. Fond de paysage. HO1S

M. 0.25 X 0.19

Voir illustration, planche XIV.

## ECOLE DE GIOTTO",documents/BO0624_4513
241,266,"LE RÉDEMPTEUR couronnant la Vierge Fragment de tableau. Fond doré. Perkins. Catalogo Nevin Rome, 1907. N. 318.","266. LE RÉDEMPTEUR couronnant la Vierge Fragment de tableau. Fond doré. Perkins. Catalogo Nevin Rome, 1907. N. 318.

M. 0.26 X 0.21.",documents/BO0624_4513
242,267,LA SOEUR DE LAZARE priant le Sauveur pour la résurrection du frère. Jésus l'écoute entouré des apôtres. Fond de pay- sage. Miniature sur papier. Cadre dorée.,"267. LA SOEUR DE LAZARE priant le Sauveur pour la résurrection du frère. Jésus l'écoute entouré des apôtres. Fond de pay- 2. sage. Miniature sur papier. Cadre dorée.

M. 0.26 X 0.22.
@ve siecle).",documents/BO0624_4513
243,268,"LE CRIST en croix, Les saintes temmes. et Saint Bernardin pleurant. Fond de paysage. boIs.","268. LE CRIST en croix, Les saintes temmes. et Saint Bernardin pleurant. Fond de paysage. boIs.

M. 0.19 X 0.29

## ECOLE VENITIENNE.

X Ve siècle).",documents/BO0624_4513
244,200,LA VIERGE a mi-corps tenant son Divin Fils. A gauche deux anges. Peinture sit bois.,"200. LA VIERGE a mi-corps tenant son Divin Fils. A gauche deux anges. Peinture sit bois.

0.35 X 0.32.",documents/BO0624_4513
245,270,"SAINT NICOLAS DE BARI et un Donateur agenouillé, écoutant son ange gardien. Deux miniatures de livre de prière en velin, encadrées dans deux feuilles de reliure en maroquin rouge, travaillées aux petits fers. XV° siècle.","270. SAINT NICOLAS DE BARI et un Donateur agenouillé, écoutant son ange gardien. Deux miniatures de livre de prière en velin, encadrées dans deux feuilles de reliure en maroquin rouge, travaillées aux petits fers. XV° siècle.

0.22 X 0.19

## NICCOLO' ROVERBELLA DI TOMMASO

(Elève de Simon Memmi). aVe siècle.",documents/BO0624_4513
246,271,"CHRIST EN CRoIx: Au pied de la croix le Madeleine, de chaque côté, la Madone et S. Marthe. Des anges récueillent dans des calices le sang sortant de les blessures du Sauveur. Le fond est richement décore d'ornements dores a imitation du brocart. Miniature sur parchemin, signée: Nicolaus R. Cadre dorée.","271. CHRIST EN CRoIx: Au pied de la croix le Madeleine, de chaque côté, la Madone et S. Marthe. Des anges récueillent dans des calices le sang sortant de les blessures du Sauveur. Le fond est richement décore d'ornements dores a imitation du brocart. Miniature sur parchemin, signée: Nicolaus R. Cadre dorée.

M. 0.35 X 0.31.

## ANTONIO BAZZ

(dit le Sodoma) (1479-1554.",documents/BO0624_4513
247,272,"LA MADoNE porte l'Enfant Jesus. Saint Jean a gauche et Sainte Cathérine a droite, en adoration. Fond drapé de brocart. Au bas, un cartouche","272. LA MADoNE porte l'Enfant Jesus. Saint Jean a gauche et Sainte Cathérine a droite, en adoration. Fond drapé de brocart. Au bas, un cartouche

avec la signature: Antonius de Bazzis. Cadre orné de fleurs à relief et dorées. en pate.

Bois: haut. 0.85 X 0.55.

Voir illustration, blanche XII.

## SIMONE MARTINI

dit Simon Memmi). 11200-1544).",documents/BO0624_4513
248,273,PANNEAU cenural de triptyque. La Vierge assise sur trône tient sur les genoux l'Entant esus. In haute des anges soutiennent une draperie.,"273. PANNEAU cenural de triptyque. La Vierge assise sur trône tient sur les genoux l'Entant esus. In haute des anges soutiennent une draperie.

bois cintre var e haut. Voir illustration, planche 11.

## ECOLE SIENNOISE

Ave siecle).",documents/BO0624_4513
249,274,LE MARIAGE MISTIQUE de sainte catheine a vadone sur trone entouree de Saintes. Jesus donne l'anneau symbolique à Ste Catherine. Des anges soutiennent une draperie derrière le trône. Panneau cintre.,"274. LE MARIAGE MISTIQUE de sainte catheine a vadone sur trone entouree de Saintes. Jesus donne l'anneau symbolique à Ste Catherine. Des anges soutiennent une draperie derrière le trône. Panneau cintre.

Bois m. 1.12 X 0.73

Voir illustration, planche X7.

## Marbres.",documents/BO0624_4513
250,275,S. MICHEL ARCHANGE foulant de ses pieds le dragon. Haut-relief en pierre. XVe siècle.,"275. S. MICHEL ARCHANGE foulant de ses pieds le dragon. Haut-relief en pierre. XVe siècle.

Haut. 1.05 - Larg. o 43.

## BUGGIANO

(Elève de Brunellesco).",documents/BO0624_4513
251,276,"LABERNacLE a fronton, offrant la Vierge en priere devant l'Entant Jésus couche en terre et posant la tete sur un coussin Soubassement avec armoiries. Marbre avec traces de couleurs. Xv siecle","276. LABERNacLE a fronton, offrant la Vierge en priere devant l'Entant Jésus couche en terre et posant la tete sur un coussin Soubassement avec armoiries. Marbre avec traces de couleurs. Xv siecle

Haut. 0.07 — Larg. 0 39.

Vour illustration, planche AAA1.",documents/BO0624_4513
252,277,LEs PARQues. Bas-reliefs provenant du Musée Nani de Venise:,"277. LEs PARQues. Bas-reliefs provenant du Musée Nani de Venise:

Biagi, op. cit.

Haut. 1.32 X o 62.

Voir illustration, planche LII.",documents/BO0624_4513
253,278,"BAccHus jeune, debout, posant le pied gauche sur une panthère couchée. Le corps à demi decouvert. La tête couronnée des pampres. Manquent le bras droit et l'avant-bras gauche. Statuette d'époque romaine. Prov. du Tibre.","278. BAccHus jeune, debout, posant le pied gauche sur une panthère couchée. Le corps à demi decouvert. La tête couronnée des pampres. Manquent le bras droit et l'avant-bras gauche. Statuette d'époque romaine. Prov. du Tibre.

faut. 0.90.

Voir illustration, planche LIV.",documents/BO0624_4513
254,279,"APOLLON COMBATTANI HERCULE qui enléve le trépied de Delphes. Bas-relief grec, provenant du Musée Nani. « Biagi, op. cit. ›. Cfr. les bas-reliefs du Musèe du Louvre et de Villa Albani. - Voir « Fröhner: Notice de la sculpture antique au Louvre, 92 ». Pièce trés rémarquables.","279. APOLLON COMBATTANI HERCULE qui enléve le trépied de Delphes. Bas-relief grec, provenant du Musée Nani. « Biagi, op. cit. ›. Cfr. les bas-reliefs du Musèe du Louvre et de Villa Albani. - Voir « Fröhner: Notice de la sculpture antique au Louvre, 92 ». Pièce trés rémarquables.

Haut. 0.76 X 0.60.

Voir illustration, blanche LVI.",documents/BO0624_4513
255,280,"PALLas debout, posant sur base ronde brisée. Les-avant bras manquent, la tête est antique mais, probablement, n'appartien pas à la statue. Marbre grec: style archaisant","280. PALLas debout, posant sur base ronde 2. brisée. Les-avant bras manquent, la tête est antique mais, probablement, n'appartien pas à la statue. Marbre grec: style archaisant

Haut. 0.62.

## MATTEO DEI PASTI.",documents/BO0624_4513
256,281,"PoRTRAIT de Isotta Malatesta, de pro- fil à gauche. Bas-relief rectangulaire. Alv siecle.","281. PoRTRAIT de Isotta Malatesta, de pro- 2. fil à gauche. Bas-relief rectangulaire. Alv siecle.

M. 0.40 X 0 34.

Voir illustration, planche XXX7I.",documents/BO0624_4513
257,282,MErA ROSTRATA. Sur le devant buste de Diane sculpté en haut relief. Epoque romalhe.,"282. MErA ROSTRATA. Sur le devant buste de Diane sculpté en haut relief. Epoque romalhe.

Haut. 0.72.

## MINO DA FIESOLE

(XVe siècle).",documents/BO0624_4513
258,203,"ANGE en adoration, debout, la tête tournée à gauche. Fragment de tabernacle de ciboire.","203. ANGE en adoration, debout, la tête tournée à gauche. Fragment de tabernacle de ciboire.

Haut. 0.84 X o.30.

Voir illustration, planche XXXV.",documents/BO0624_4513
259,284,LA VIERGE répresenté à mi-corps portant l'Enfant Jesus entre ses bras. Haut- relief. XVe siècle. Art toscan.,"284. LA VIERGE répresenté à mi-corps portant l'Enfant Jesus entre ses bras. Haut- 2. relief. XVe siècle. Art toscan.

Haut. 0.25 X 0.19.",documents/BO0624_4513
260,285,BŒUF MARCHANT à droite. Bas-relief d'époque romaine.,"285. BŒUF MARCHANT à droite. Bas-relief 2. d'époque romaine.

Haut. 0.31 - Larg. 0.52.",documents/BO0624_4513
261,286,"TABERNacLE en pierre, offrant une porte décorée de piliers surmontés d'un fronton. XVe siècle.","286. TABERNacLE en pierre, offrant une porte décorée de piliers surmontés d'un fronton. XVe siècle.

Haut. 0.87.",documents/BO0624_4513
262,287,"ANGE à mi-corps, en adoration. Fragment de médaillon. Ecole florentine.","287. ANGE à mi-corps, en adoration. Fragment de médaillon. Ecole florentine.

Diam. 0.38.",documents/BO0624_4513
263,288,"PoRTRaIT de femme, de profil, à gauche. Médaillon ovale. XVIe siècle.","288. PoRTRaIT de femme, de profil, à gauche. Médaillon ovale. XVIe siècle.

Diam. 0.38

- dans encadre. ment rectangulalle par haut.",documents/BO0624_4513
264,280,ARmoIRes de cardinal.,"280. ARmoIRes de cardinal.

XVI siècle.

Haut. 0.98 X 0.65.",documents/BO0624_4513
265,290,"CHAPITEAu de forme rectangulaire, orné sur le quatre faces des dauphins formant volutes, des coquilles et des feuilles. Epoque d'Auguste.","290. CHAPITEAu de forme rectangulaire, orné 2. sur le quatre faces des dauphins formant volutes, des coquilles et des feuilles. Epoque d'Auguste.

M. 0.22 X 0.30.",documents/BO0624_4513
266,291,TêTE de Pallas casquée. Marbre grec.,"291. TêTE de Pallas casquée. Marbre grec.

Haut. 0.17",documents/BO0624_4513
267,292,"DEUX FRAGMENTs de colonnes en spirale, sur base triangulaire, surmontées de chapiteaux. Marbre de Carrara.","292. DEUX FRAGMENTs de colonnes en spirale, sur base triangulaire, surmontées de chapiteaux. Marbre de Carrara.

Haut. 0.80.",documents/BO0624_4513
268,293,"MÉDaILLON rond, offrant un portrait de profil à droite en bas-relief. XVe siècle. Diam. 0.24.","293. MÉDaILLON rond, offrant un portrait de profil à droite en bas-relief. XVe siècle. Diam. 0.24.",documents/BO0624_4513
269,294,Écusson héraldique avec armoiries surmontées d'un armet avec panache. Marbre de Carrara. XVe siècle. XVe siècle.,"294. Écusson héraldique avec armoiries surmontées d'un armet avec panache. Marbre de Carrara. XVe siècle. XVe siècle.

Haut. 0.50 X 0.48.",documents/BO0624_4513
270,295,TêTE DE GANYMÈDE. Époque d'Adrien. Haut. 0.17.,295. TêTE DE GANYMÈDE. Époque d'Adrien. Haut. 0.17.,documents/BO0624_4513
271,296,"LOT DE TROIS FRAGMENTS de marbre de fouilles. Un petit buste, une tête et un petit torse de Vénus.","296. LOT DE TROIS FRAGMENTS de marbre de fouilles. Un petit buste, une tête et un petit torse de Vénus.",documents/BO0624_4513
272,3,"297· LOT DE DEUX FRAGMENTS de bas-relief. Petit torse de génie, satyre qui joue de la syrinx. Epoque romaine.","3. 297· LOT DE DEUX FRAGMENTS de bas-relief. Petit torse de génie, satyre qui joue de la syrinx. Epoque romaine.",documents/BO0624_4513
273,298,CHAPITEAU offrant sur les quatre faces un animal symbolique de l'Apocalypse Pierre. XIIIe siècle.,"298. CHAPITEAU offrant sur les quatre faces un animal symbolique de l'Apocalypse Pierre. XIIIe siècle.

Haut. 0.30 X o 30.",documents/BO0624_4513
274,299,DEUX FRAGMENTS DE PILIER. Décoration à candeliere en haut-relief. XVe siècle.,"299. DEUX FRAGMENTS DE PILIER. Décoration 2. à candeliere en haut-relief. XVe siècle.

Haut. o 77.

Voir illustration, planche XLII.

- PaNTHÈRE entre volutes feuillagées. Fragment de bas-relief en paonazzetto",documents/BO0624_4513
275,300,Epoque romaine.,"300. Epoque romaine.

Haut, 0.15 - Larg. o.12.

<!-- image -->
<!-- image -->

<!-- image -->

<!-- image -->

<!-- image -->

## QUATRIEME VENTE

Samedi 17 Avril à 3 heures précises de l'après midi

## Terres cuites.",documents/BO0624_4513
276,301,MASQUE DE FAUNE. Traces de couleurs. Ep. romaine.,"301. MASQUE DE FAUNE. Traces de couleurs. Ep. romaine.

Haut. 0.12.",documents/BO0624_4513
277,302,"MuFLE DE LIoN. Relief de fort saillie. Ve siècle, AL. .","302. MuFLE DE LIoN. Relief de fort saillie. Ve siècle, AL. .

M. 0.24 X 0.24",documents/BO0624_4513
278,303,FRAGMENT de frise ornée de masques scéniques.,"303. FRAGMENT de frise ornée de masques scéniques.

Haut. 0.17 - Larg. 0.21.",documents/BO0624_4513
279,304,FRAGMeNI de frise offrant deux sphinx ailées qui posent le pied droit sur une fleur. Epoque romaine.,"304. FRAGMeNI de frise offrant deux sphinx ailées qui posent le pied droit sur une fleur. Epoque romaine.

Haut. 0.29 - Larg. 0.35",documents/BO0624_4513
280,305,TÊTE DE BACCUS Indien et buste de jeune homme. Deux fragments de basreller.,"305. TÊTE DE BACCUS Indien et buste de jeune homme. Deux fragments de basreller.

Haut. 0.12 X 0.14.",documents/BO0624_4513
281,306,SILêNE couché tenant un rython de la main gauche. Traces de polychromie. Le bord du rython brisé. Archaïstique.,"306. SILêNE couché tenant un rython de la main gauche. Traces de polychromie. Le bord du rython brisé. Archaïstique.

Haut. 0.15 X 0.17.

## Bronzes de fouilles.",documents/BO0624_4513
282,307,PETIT LION couché. Patine verte. Epoque romaine.,307. PETIT LION couché. Patine verte. Epoque romaine.,documents/BO0624_4513
283,308,AMouR dans l'attitude de tendre l'are La jambe gauche manque. Prov. du Tibre. Patine rugueuse.,"308. AMouR dans l'attitude de tendre l'are La jambe gauche manque. Prov. du Tibre. Patine rugueuse.

Haut. 0.14.",documents/BO0624_4513
284,309,CHEVRE en lutte. Patine brune. Base de marbre blanc. XVI° siècle.,"309. CHEVRE en lutte. Patine brune. Base de marbre blanc. XVI° siècle.

Haut. totale 0.15.",documents/BO0624_4513
285,310,"DEUx simpulum à manche replié et terminant en tête d'oiseaux. Patine verte, rugueuse. Epoque romaine.","310. DEUx simpulum à manche replié et terminant en tête d'oiseaux. Patine verte, rugueuse. Epoque romaine.

Haut. 0.20

<!-- image -->",documents/BO0624_4513
286,311,PASSOIRE. Patine émaillée tourquoise. Epoque romaine.,"311. PASSOIRE. Patine émaillée tourquoise. Epoque romaine.

Diam. 0.12.",documents/BO0624_4513
287,312,"PETIT TRÉPIED, support de lampe ou de thymiaterion. Prov. des environs ac Pompei.","312. PETIT TRÉPIED, support de lampe ou de thymiaterion. Prov. des environs ac Pompei.",documents/BO0624_4513
288,313,"DEUX, ANSES: une à figure de danseuse l'autre offrant un génie nu, ailé, en rener. Latine verte. Epoque romane. faut. 0.14","313. DEUX, ANSES: une à figure de danseuse l'autre offrant un génie nu, ailé, en rener. Latine verte. Epoque romane. faut. 0.14",documents/BO0624_4513
289,314,PETITE LAMPE à forme de navire. Chainettes à suspendre et bouchon. Patine brune. Epoque romaine.,"314. PETITE LAMPE à forme de navire. Chainettes à suspendre et bouchon. Patine brune. Epoque romaine.

Long. 0.12",documents/BO0624_4513
290,315,BUsTE de génie soutenant un chien du bras gauche: indusium fermé sur les épaules par une agrafe formée aune rosace en argent. Le bras droit brisé. Applique. Patine verte émaillée. Epo-,"- 315 BUsTE de génie soutenant un chien du bras gauche: indusium fermé sur les épaules par une agrafe formée aune rosace en argent. Le bras droit brisé. Applique. Patine verte émaillée. Epo-
- que romaine. Sur gaïne en bois.

Voir illustration, planche LXV.",documents/BO0624_4513
291,316,DIANE levant une fléche. Statuette. Patine verte. Bonne conservation. Epoque romaine.,"316. DIANE levant une fléche. Statuette. Patine verte. Bonne conservation. Epoque romaine.

Haut. 0.09.",documents/BO0624_4513
292,317,"SATyRE, nu, dansant. Applique d'un vase. Patine verte, rugueuse. Prov. du Tibre.","317. SATyRE, nu, dansant. Applique d'un vase. Patine verte, rugueuse. Prov. du Tibre.

haut. o.11.",documents/BO0624_4513
293,318,"AUrIGE, nu, le manteau flottant en l'air l'avant bras droit brisé. Patine verte brune. Epoque romaine.","318. AUrIGE, nu, le manteau flottant en l'air l'avant bras droit brisé. Patine verte brune. Epoque romaine.

Haut. 0.10.

Voir illustration, planche LXZ.",documents/BO0624_4513
294,319,"CouREur de cirque, coiffé du pileus. Patine verte. Epoque étrusque.","319. CouREur de cirque, coiffé du pileus. Patine verte. Epoque étrusque.

Haut. o 07.",documents/BO0624_4513
295,320,LAMpE de belle forme avec anse à feuille. Bouchon à charnière. Patine verte claire. Epoque romaine. Parfaite conservation.,"320. LAMpE de belle forme avec anse à feuille. Bouchon à charnière. Patine verte claire. Epoque romaine. Parfaite conservation.

Long. o.10",documents/BO0624_4513
296,321,HERcULE debout. Base circulaire antique. Patine verte foncée. Epoque romaine,"321. HERcULE debout. Base circulaire antique. Patine verte foncée. Epoque romaine

Haut. 0.08",documents/BO0624_4513
297,322,"MASQUE ScéNIQUE, la bouche perforée. Applique. Patine verte. Epoque romalne","322. MASQUE ScéNIQUE, la bouche perforée. Applique. Patine verte. Epoque romalne

Haut. 0.06 X 0.04.",documents/BO0624_4513
298,323,"CANDÉLABRE à tige octogonale sur trépied terminé à griffes d' aigle, sur monté de quatre crochets et d'une statuette d'Hercule tenant de la mair droite la massue. Patine verte. Epoque romalne.","323. CANDÉLABRE à tige octogonale sur trépied terminé à griffes d' aigle, sur monté de quatre crochets et d'une statuette d'Hercule tenant de la mair droite la massue. Patine verte. Epoque romalne.

Haut. 0.97.",documents/BO0624_4513
299,324,"FIGURE VIRILE debout, la tête couronnée de laurier coiffé du pileus. De l'épaule gauche la chlamyde descend sur l'avant-bras: un drap est nué autour des reins. Les bras sont tendus en avant. (Néron en athlète?). Patine brune. Epoque romaine. Belle conservation.","324. FIGURE VIRILE debout, la tête couronnée de laurier coiffé du pileus. De l'épaule gauche la chlamyde descend sur l'avant-bras: un drap est nué autour des reins. Les bras sont tendus en avant. (Néron en athlète?). Patine brune. Epoque romaine. Belle conservation.

Haut. 0.22

vorr mustration, planche Lx/.",documents/BO0624_4513
300,325,"PLAQUE centrale de bouclier, ornée de deux rangs de bossettes et de huits figurines en relief. Patine verte, rugueuse. Cassé. Primitive, étrusque","325. PLAQUE centrale de bouclier, ornée de deux rangs de bossettes et de huits figurines en relief. Patine verte, rugueuse. Cassé. Primitive, étrusque

Diam. 0.32.

Voir illustration, planche LXV.",documents/BO0624_4513
301,326,"TêTE DE LION, la gueule béante, les yeux en émail. Applique. Patine verte claire. Archaïque.","326. TêTE DE LION, la gueule béante, les yeux en émail. Applique. Patine verte claire. Archaïque.

Larg. 0.14.",documents/BO0624_4513
302,327,LAMpE à forme de pied.,327. LAMpE à forme de pied.,documents/BO0624_4513
303,328,"DÉrTE ITALIQUE. Figure virile, nue, coiffée du pileus, les cheveux longs, retombant sur les épaules et en deux tresses sur la poitrine. Les pieds brisés. Belle patine verte. Ve siècle A. C.","328. DÉrTE ITALIQUE. Figure virile, nue, coiffée du pileus, les cheveux longs, retombant sur les épaules et en deux tresses sur la poitrine. Les pieds brisés. Belle patine verte. Ve siècle A. C.

Maut. 0.32

## Bronzes de la Renaissance.",documents/BO0624_4513
304,329,LIE SAUVEUR portant l'Agnus-Dei. Ap. plique dorée. XVII* siècle.,329. LIE SAUVEUR portant l'Agnus-Dei. Ap. plique dorée. XVII* siècle.,documents/BO0624_4513
305,330,CHRIST lié à une colonne surmontée d'une gloire des séraphins. Sculpture dorée. X VIe siècle.,"330. CHRIST lié à une colonne surmontée d'une gloire des séraphins. Sculpture dorée. X VIe siècle.

Haut. 0.17.",documents/BO0624_4513
306,331,"PÉGASe sur base en bois rectangulaire, Patine brune foncée. X Ve siècle.","331. PÉGASe sur base en bois rectangulaire, Patine brune foncée. X Ve siècle.

Haut. 0.14.",documents/BO0624_4513
307,332,SoNNETTE à décor de festons. La poignée brisée XVIe siècle.,"332. SoNNETTE à décor de festons. La poignée brisée XVIe siècle.

Haut. o.1o.

- BOUCLIER ROND à bord orné de volutes feuillagées, et offrant au milieu de trophées, chimères, animaux et genies gravés à l'eau fort. Allemand. X VIIe siècle.

Diam. 0.62.",documents/BO0624_4513
308,334,"LA VENDANGE. Statuette allégorique en bronze, posée sur un piédouche en pierre noire. Travail français. XVIII* siècle.","334. LA VENDANGE. Statuette allégorique en bronze, posée sur un piédouche en pierre noire. Travail français. XVIII* siècle.

Haut. 0.21.",documents/BO0624_4513
309,335,S. SEBASTIEN lié à l'arbre. Base triangulaire. 011. XVIe siècle Patine brune,"335. S. SEBASTIEN lié à l'arbre. Base triangulaire. 011. XVIe siècle Patine brune

Haut. totale 0.23.

Voir illustration, planche LIX.",documents/BO0624_4513
310,336,"FIGURE DE FEMME ue, assise sur nuages dos, tenant un loup sur la jambe droite. Allégorie de la Prudence? Rapportée sur un panneau en bois doré, garni d'un cadre de bronze à lobes et à pointes. X VI° siècle.","336. FIGURE DE FEMME ue, assise sur nuages dos, tenant un loup sur la jambe droite. Allégorie de la Prudence? Rapportée sur un panneau en bois doré, garni d'un cadre de bronze à lobes et à pointes. X VI° siècle.

Haut. 0.23 - Larg. 0.18.

Voir illustration, planche LXXVI.",documents/BO0624_4513
311,337,"MoRTIER en bronze, avant les anses à tètes d'animaux, et décoré de petits mascarons, de rinceaux et feuillages, en relief. Patine foncée.","337. MoRTIER en bronze, avant les anses à tètes d'animaux, et décoré de petits mascarons, de rinceaux et feuillages, en relief. Patine foncée.

Hall. 0.20 —- J1am. 0.261",documents/BO0624_4513
312,338,Boîre décorée d'ornements à relief en pâte.,"338. Boîre décorée d'ornements à relief en pâte.

Larg. 20 X 0.11 X 0.06.",documents/BO0624_4513
313,339,"PeTITE CHASSE en bois en forme d'urne, vitrée, couvercle en toit, colonnettes et enicaarements a decoration doree sur fond noir. XVI° siècle. Travail vénitien.","339. PeTITE CHASSE en bois en forme d'urne, vitrée, couvercle en toit, colonnettes et enicaarements a decoration doree sur fond noir. XVI° siècle. Travail vénitien.

Long. 0.18 X 0.14.",documents/BO0624_4513
314,340,PETITE POUDRIeRE avec fleurettes en ivoire incroustées. XVI° siècle.,"340. PETITE POUDRIeRE avec fleurettes en ivoire incroustées. XVI° siècle.

Diam. 0.07.",documents/BO0624_4513
315,341,Érur circulaire en cuir noir à ornements gaufrés. XV° siècle.,"341. Érur circulaire en cuir noir à ornements gaufrés. XV° siècle.

01am. 0.20",documents/BO0624_4513
316,342,"CorFReT en pastille imprimée à dessins géométriques, et décoré d' animaux peints à grisaille sur fond brun. XV° siècle.","342. CorFReT en pastille imprimée à dessins géométriques, et décoré d' animaux peints à grisaille sur fond brun. XV° siècle.

Dim. 0.36 X 0.20 X 0.15.",documents/BO0624_4513
317,343,"LA VIERGE assise, tenant sur les genoux l'Enfant Jésus qui lit un petit livre. La Madone est enveloppée d'un manteau bluâtre, richement décoré d'ornements","343. LA VIERGE assise, tenant sur les genoux l'Enfant Jésus qui lit un petit livre. La Madone est enveloppée d'un manteau bluâtre, richement décoré d'ornements
dorés. Haut-relief en terre cuite de forme cintrée.

Hat. 0.58 X 0.29

Tabernacle moderne polychrome et core

Haut. totate 0.90",documents/BO0624_4513
318,344,", FRAGMENT DE FRISE en émail polverhome à décoration de fleurs et fruits reliés de rubans. Ateler des Della Kobbia.","- 344, FRAGMENT DE FRISE en émail polverhome à décoration de fleurs et fruits reliés de rubans. Ateler des Della Kobbia.

Long: 1.30 - Larg. 0.20

Voir bag. sr.

## PIETRO LOMBARDO

(attribué à)",documents/BO0624_4513
319,345,Entablement et fronton de tabernacle de cyboire à riche decoration. 1 erre culte,"345. Entablement et fronton de tabernacle de cyboire à riche decoration. 1 erre culte

M. 0.52 X 0.40.

Voir planche XLIV",documents/BO0624_4513
320,340,"MADONE avec l Enfant Jesus. Haut-relief decoupé, en terre cuite, peinte en noir Ecole forentine","340. MADONE avec l Enfant Jesus. Haut-relief decoupé, en terre cuite, peinte en noir Ecole forentine

Haut. 0.6-",documents/BO0624_4513
321,347,NAvETTE à encens. Le pied et le corps decores de feuilles d'acanthe à relief Patine rougeatre foncée. XVI siécle Le couvercle manque,"347. NAvETTE à encens. Le pied et le corps decores de feuilles d'acanthe à relief Patine rougeatre foncée. XVI siécle Le couvercle manque

Haut. 0.19 X o.10",documents/BO0624_4513
322,348,"CaDRE rond, à frise de fleurs et de fruits sculptes en relief. Au bas. écusson entre deux cornucopes et du haut vase avec truits. Iraces de dorures. X ve siecle","348. CaDRE rond, à frise de fleurs et de fruits sculptes en relief. Au bas. écusson entre deux cornucopes et du haut vase avec truits. Iraces de dorures. X ve siecle

Haut. 0.51 - Diam. 0.20.

Voir le dos du cataloone",documents/BO0624_4513
323,349,PETIT BAS-RELIEF en albâtre dans un caare en pastille doree.,"349. PETIT BAS-RELIEF en albâtre dans un caare en pastille doree.

Haut, 0.12 - Long. o,10

## ANTONIO DEL POLLAJUOLO",documents/BO0624_4513
324,350,JEUNE HOMME nu debout. le bras droi leve. (Apollon?) Statuette en bois. Cu. vre de partaite selence au modele et d'exécution.,"350. JEUNE HOMME nu debout. le bras droi leve. (Apollon?) Statuette en bois. Cu. vre de partaite selence au modele et d'exécution.

Haut. 0.44

vou wustration, planche ALVl.

## Faïences.",documents/BO0624_4513
325,351,PETIT PLAT; émaillé vert avec ornement: géométriques et feuilles en creux. Fa brique de Bologna. Epoque primitive Rare,"351. PETIT PLAT; émaillé vert avec ornement: géométriques et feuilles en creux. Fa brique de Bologna. Epoque primitive Rare

Diam. 0.I6",documents/BO0624_4513
326,352,"AssIETTE. Email vert, irisé et dessin: géométriques graves sous engobe. Fa brique de Deruta","352. AssIETTE. Email vert, irisé et dessin: géométriques graves sous engobe. Fa brique de Deruta

Diam. 0'19

- DEux petits vases de pharmacie avec inscriptions, armoiries et ornements en couleur bleue sur fond clair. Fabrique de laenza

Haut. 0.00",documents/BO0624_4513
327,354,VasE de forme ovoïde avec deux anses ornees de tetes de lions à relief. Festons de fleurs en couleurs et trophées d'ar mes et d'instruments musicaux sur 1 corps. Porcelane. Hmpire,"354. VasE de forme ovoïde avec deux anses ornees de tetes de lions à relief. Festons de fleurs en couleurs et trophées d'ar mes et d'instruments musicaux sur 1 corps. Porcelane. Hmpire

Haut. 0.43",documents/BO0624_4513
328,355,"PETITE COUPE. saint sebastien lie a l'arbre; fond de paysage. Emaux vert jaune, bleu clair, réhaussés des reflet. métalliques. Fabrique de Gubbio. Res taure","355. PETITE COUPE. saint sebastien lie a l'arbre; fond de paysage. Emaux vert jaune, bleu clair, réhaussés des reflet. métalliques. Fabrique de Gubbio. Res taure

Diam. o.fl",documents/BO0624_4513
329,356,VasE de pharmacie à forme de cornet décore d'un médaillon avec portrait d femme et de dessins géométriques fleurs et feuillages polychomes. Fabri que de Laenza. XVie siecle,"356. VasE de pharmacie à forme de cornet décore d'un médaillon avec portrait d femme et de dessins géométriques fleurs et feuillages polychomes. Fabri que de Laenza. XVie siecle

naut. 0.52

Voir illustration, planche LXX///
## Orfévrerie de fouilles.",documents/BO0624_4513
330,357,"PAIRE DE BOUCLES D'OREILLE. Anneau creux orné de deux palmettes separees par la toudre alee, In bas un fleuron au mileu duquel est suspendu un anneau en filigrane, et une amphore de coree dune grecque. Art grec.","357. PAIRE DE BOUCLES D'OREILLE. Anneau creux orné de deux palmettes separees par la toudre alee, In bas un fleuron au mileu duquel est suspendu un anneau en filigrane, et une amphore de coree dune grecque. Art grec.

Haut. 0.053.

Vor ilustration, pag. 11.",documents/BO0624_4513
331,358,"PaIRE DE DIsQues, ombéliqués, décorés au pourtour de cing coquilles ornées de filigrane, séparées par des globules","358. PaIRE DE DIsQues, ombéliqués, décorés au pourtour de cing coquilles ornées de filigrane, séparées par des globules
- Art étrusque.

01am. 0.020.

Voir illustration, pag. 19.",documents/BO0624_4513
332,359,"CoLLIER composé de petits cylindres en primes a emeraude, ennles par des daouettes en or. Art etrusque","359. CoLLIER composé de petits cylindres en primes a emeraude, ennles par des daouettes en or. Art etrusque

Long, 0.033.",documents/BO0624_4513
333,360,"PENDENTIF en torme de petit navire, décoré de palmettes en hligrane. suspendu a une chainette.","360. PENDENTIF en torme de petit navire, décoré de palmettes en hligrane. suspendu a une chainette.

Haut. 0.040.

Voir ilustration, pag. Ir.",documents/BO0624_4513
334,361,BOUcLE D'OREILLE orné de têtes couronnées accoste de deux lions. rosace et petite neur. Beau specimen de lorte vrerle etrusoue.,"361. BOUcLE D'OREILLE orné de têtes couronnées accoste de deux lions. rosace et petite neur. Beau specimen de lorte vrerle etrusoue.

## Meubles.",documents/BO0624_4513
335,362,"CorFRer en nover sculpté, decoré aux angles de mascarons, posant sur partes de lion. siècle","362. CorFRer en nover sculpté, decoré aux angles de mascarons, posant sur partes de lion. siècle

Dim. m.",documents/BO0624_4513
336,363,"PeTIr coFFRe de forme rectangulaire, orné de godrons et d armones au centre. posant sur pattes de lion. A V1 siecle.","363. PeTIr coFFRe de forme rectangulaire, orné de godrons et d armones au centre. posant sur pattes de lion. A V1 siecle.

Haut. 0.42 X 0.67",documents/BO0624_4513
337,304,PETIT MEUBLE D APPUI decore de colonnes cannelees. Armores au mileu des vanteaux. Nover. XVII* siècle.,"304. PETIT MEUBLE D APPUI decore de colonnes cannelees. Armores au mileu des vanteaux. Nover. XVII* siècle.

Haut. 0.90.",documents/BO0624_4513
338,305,DEUX ESCABEAUX en nover a mascarons et a volutes sculptées. Belle patine. AVI siecle. Autre presque semalane.,"305. DEUX ESCABEAUX en nover a mascarons et a volutes sculptées. Belle patine. AVI siecle. Autre presque semalane.

Voir illustralion, planche LXXVII.

## Tableaux.

## LOCATELLI A

(XVIIIe siècel).",documents/BO0624_4513
339,366,« SANTI QUATTRO » près de Rome. Paysage. Cadre.,"366. « SANTI QUATTRO » près de Rome. Paysage. Cadre.

Tolle 0.74 X 0.54",documents/BO0624_4513
340,367,"LA LETTRE INITIALE P offrant « la Nativite ». Miniature sur parchemin, decoupee et appliquee sur papier. Laare en pastille dorée.","367. LA LETTRE INITIALE P offrant « la Nativite ». Miniature sur parchemin, decoupee et appliquee sur papier. Laare en pastille dorée.

M. 0.23 X 0.18.",documents/BO0624_4513
341,360,"EPISTOLA DE LA VIERGE auX habitants de Messine, rentermee dans un encadrement orne des medallions avec saints, anges et ornements en miniature sur parchemin. X VI° siècle.","360. EPISTOLA DE LA VIERGE auX habitants de Messine, rentermee dans un encadrement orne des medallions avec saints, anges et ornements en miniature sur parchemin. X VI° siècle.

M. 0.25 X 0.19",documents/BO0624_4513
342,369,LE CRIsT en croix et les saintes temmes. lenture sur bos. AlV siecle,"369. LE CRIsT en croix et les saintes temmes. lenture sur bos. AlV siecle

## NERI DE BICCI

(XVe siecle)",documents/BO0624_4513
343,370,LA VIERGE tenant l'Entant Jesus entre ses bras. Peinture sur bois cintre du haut. Nimbes et décoration dores.,"370. LA VIERGE tenant l'Entant Jesus entre ses bras. Peinture sur bois cintre du haut. Nimbes et décoration dores.

M. 0.45 X 0.75.
## ECOLE FLORENTINE.

(XVe siècle).",documents/BO0624_4513
344,371,LA SALUTATION ANGÉLIQUE. Bois.,"371. LA SALUTATION ANGÉLIQUE. Bois.

Haut. 0.46 X 0.31.

## ECOLE FLORFNTINE.",documents/BO0624_4513
345,372,LE MARIAGE de Sainte Cathérine.,"372. LE MARIAGE de Sainte Cathérine.

Bois haut.

Voir illustration, planche XVII.

## MALLOLINO L

(detto Mazzolino da Ferrara). (1481-153).",documents/BO0624_4513
346,373,LA SAINTE FAMILLE; S. François recevant les S. Stigmates et S. Véronique en prière. Fond de paysage. Les nimbes et les arbres sont réhaussés d'or. Beau cadre venitien du XVI siècle. Une des meilleurs peintures du célèbre maitre de Ferrara. Très-bonne conservation.,"373. LA SAINTE FAMILLE; S. François recevant les S. Stigmates et S. Véronique en prière. Fond de paysage. Les nimbes et les arbres sont réhaussés d'or. Beau cadre venitien du XVI siècle. Une des meilleurs peintures du célèbre maitre de Ferrara. Très-bonne conservation.

M. 0.35• X 0.48.

## GENTILE BELLINI.

(XVe siècle).",documents/BO0624_4513
347,374,"PORTRAIT DE PERSONNAGE, vu de trois quarts, en buste, coiffé de une toque.","374. PORTRAIT DE PERSONNAGE, vu de trois quarts, en buste, coiffé de une toque.

Bois : haut.

Voir illustration, planche X.

## ANDREA DEL VERROCCHIO.",documents/BO0624_4513
348,375,"LA VIERGE réprésentée à mi-figure, assise sur une chaise monumentale, tenant l'Enfant Jésus debout sur l'appui d'un balcon, en bénissant. Au bas, à droite, le portrait du donateur offrant un rameau de lis. Cadre à frise et enta. blement ornements en relief et dorés, en pâte sur fond brun. Le feu J. Fer-","375. LA VIERGE réprésentée à mi-figure, assise sur une chaise monumentale, tenant l'Enfant Jésus debout sur l'appui d'un balcon, en bénissant. Au bas, à droite, le portrait du donateur offrant un rameau de lis. Cadre à frise et enta. blement ornements en relief et dorés, en pâte sur fond brun. Le feu J. Fer-

roni attribuait ce tableau, d'une surprenante beauté, au Verrocchio selon le jugement du célèbre prof. W. Bode.

Bois: haut.

Voir illustration, planche VII.

## Marbres.",documents/BO0624_4513
349,376,"FIGURE de jeune homme nu, debout. La tête, les avant-bras, la jambe gauche et le pied droit manquent. Marbre grec. Ve siècle A. C","376. FIGURE de jeune homme nu, debout. La tête, les avant-bras, la jambe gauche et le pied droit manquent. Marbre grec. Ve siècle A. C

Marbres M. 0.92

Voir illustration, planche LI.",documents/BO0624_4513
350,377,"COQ TERRASSANT UNE FOUÏNE. Groupe en marbre. Restaurations: le bec du coq, le mufle de la fouine. XVI siècle","377. COQ TERRASSANT UNE FOUÏNE. Groupe en marbre. Restaurations: le bec du coq, le mufle de la fouine. XVI siècle

Haut. 0.90

Voir illustration, planche LV.",documents/BO0624_4513
351,378,"FRAGMENT de portail d'église avec trois saints sculptés à bas-relief, renfermés dans niches superposées. Epoque XV° siecle","378. FRAGMENT de portail d'église avec trois saints sculptés à bas-relief, renfermés dans niches superposées. Epoque XV° siecle

Haut. 1.84.

Voir illustration, planche XLII.",documents/BO0624_4513
352,379,"PoRTRAIT de personnage. lete en mar bre sur base carrée, ornée de volutes et des cartouches.","379. PoRTRAIT de personnage. lete en mar bre sur base carrée, ornée de volutes et des cartouches.

Haut. 0.48

Voir illustration, planche XXXV.",documents/BO0624_4513
353,380,"LA VIERGE (mi-figure) avec l'Enfant assis à droite sur un coussin. Bas-relief dans encadrement dont le soubassement porte, au milieu, les armoiries du donateur et l'inscription: VITE MATER JO-PHILIPPO VITALI SUC CURRE 1526. Art florentin","380. LA VIERGE (mi-figure) avec l'Enfant assis à droite sur un coussin. Bas-relief dans encadrement dont le soubassement porte, au milieu, les armoiries du donateur et l'inscription: VITE MATER JO-PHILIPPO VITALI SUC CURRE 1526. Art florentin

Haut. 0.8o.

Veir illustration, planche XXX7.
## RIZZO ANTONIO.

(XVe siècle).",documents/BO0624_4513
354,381,"FIGURE ALLÉGORIQUE (1' Abondance ?) nue, debout, tenant dans la main gauche la corne d'abondance, appuyant la main droite sur un ecusson avec la de vise: NEC TEMPUS CONTRA NOS. Haut-relief en pierre d'Istrie.","381. FIGURE ALLÉGORIQUE (1' Abondance ?) nue, debout, tenant dans la main gauche la corne d'abondance, appuyant la main droite sur un ecusson avec la de vise: NEC TEMPUS CONTRA NOS. Haut-relief en pierre d'Istrie.

Haut. 0.75.

Voir illustration, planche XXIII.",documents/BO0624_4513
355,382,"S. JérÔME dans la grotte, priant devant le Crucifix. Haut-relief dans un encadrement. XV siècle.","382. S. JérÔME dans la grotte, priant devant le Crucifix. Haut-relief dans un encadrement. XV siècle.

M. 0.45 X 0.40",documents/BO0624_4513
356,383,ToRsE de centaure en marbre rouge grec antique.,"383. ToRsE de centaure en marbre rouge grec antique.

Haut. 0.40.",documents/BO0624_4513
357,384,TORSE DE OsTRIs? Basalte noir.,"384. TORSE DE OsTRIs? Basalte noir.

M. 0.65.",documents/BO0624_4513
358,385,LE BATIMENT de la Tour de Babele Médaillon ovale en relief. Fin du XV° siècle. Marbre de Carrara.,"385. LE BATIMENT de la Tour de Babele Médaillon ovale en relief. Fin du XV° siècle. Marbre de Carrara.

Diam. maj. o.63. min. 0.20.

## JACOPO DE LA QUERCIA.

(XVe siècle).",documents/BO0624_4513
359,300,ANGE dans une niche dont la parue supérieure gauche est brisee. bas re llet.,"300. ANGE dans une niche dont la parue supérieure gauche est brisee. bas re llet.

M. 0.65 X 0.40.

## ECOLE DE BERNINI.",documents/BO0624_4513
360,387,DEUX MÉDAILLONS formant pendants avec tête de jeune femme à relief de haute saillie.,"387. DEUX MÉDAILLONS formant pendants avec tête de jeune femme à relief de haute saillie.

min. 0.32.

Diam. max. 0.40.

Voir illistration, planche XXXVII.",documents/BO0624_4513
361,388,PilIER à decoration de candeliere surmonté de chapiteau. Travail d'une extraordinaire délicatesse de ciseaux. Mar bre. XVe siècle.,"388. PilIER à decoration de candeliere surmonté de chapiteau. Travail d'une extraordinaire délicatesse de ciseaux. Mar bre. XVe siècle.

Haut. 1.07

vow illustration, planche ALlI",documents/BO0624_4513
362,389,TêrE d'enfant en marbre. Epoque romaine,"389. TêrE d'enfant en marbre. Epoque romaine

Haut. 0.18.",documents/BO0624_4513
363,390,"PoRTRaIT de jeune dame florentine, de profil, à gauche. Bas-relief cintré du haut. XVIe siècle.","390. PoRTRaIT de jeune dame florentine, de profil, à gauche. Bas-relief cintré du haut. XVIe siècle.

Haut. 0.29 X 0.20.

Voir illustration, planche XXXVI.",documents/BO0624_4513
364,301,PORTRAIT D'HOMME. lete en marbre,"301. PORTRAIT D'HOMME. lete en marbre

Haut. 0.37.",documents/BO0624_4513
365,392,LA VIERGE ET L'ENFANT à mi-figure. · L'enfant Jésus mangeant une pomme. Bas-relief ébauché. XVe siècle.,392. LA VIERGE ET L'ENFANT à mi-figure. · L'enfant Jésus mangeant une pomme. Bas-relief ébauché. XVe siècle.,documents/BO0624_4513
366,393,TêrE de tigre en granit gris. Egyptien. Haut. 0.30 X 0.23.,393. TêrE de tigre en granit gris. Egyptien. Haut. 0.30 X 0.23.,documents/BO0624_4513
367,394,CHAPITEAU de forme rectangulaire décoration des grappes de raisin et de feuilles. XIII® siècle.,"394. CHAPITEAU de forme rectangulaire décoration des grappes de raisin et de feuilles. XIII® siècle.

M. 0.40 X 0,20

AUTRE CHAPITEAU de même forme à décoration des feuilles et entrelacs.

M. 0.40 X 0.16.",documents/BO0624_4513
368,305,"LETE de sant, en marbre. Epoque AV siecle.","305. LETE de sant, en marbre. Epoque AV siecle.

Haut. o.11.",documents/BO0624_4513
369,396,CAvaLIER et saNGLIEr. Sujet de chasse. Fragment de bas-relief. X Ve siècle.,"396. CAvaLIER et saNGLIEr. Sujet de chasse. Fragment de bas-relief. X Ve siècle.

Haut. 0.42 X o.31. vour ulustration, planche LxxVill.",documents/BO0624_4513
370,397,LOT DE deux têtes: une de génie. l'autre d'enfant qui pleure. Epoque roinanne.,"397. LOT DE deux têtes: une de génie. l'autre d'enfant qui pleure. Epoque roinanne.

Haut. 0.07.",documents/BO0624_4513
371,398,CHAPITEAU de forme rectangulaire of frant sur les deux faces principales des animaux sculptés. Me siecle,"398. CHAPITEAU de forme rectangulaire of frant sur les deux faces principales des animaux sculptés. Me siecle

Haut. o. 18 X 0.40.

<!-- image -->

AUTRE CHAPITEAU de forme et décora tion presque semblables au précédent.",documents/BO0624_4513
372,399,CHAPITEAU rectangulaire décoré de feuilles et d'une tresse sur la corniche. XIVe siècle.,"399. CHAPITEAU rectangulaire décoré de feuilles et d'une tresse sur la corniche. XIVe siècle.

Haut. 0.22 X 0.47",documents/BO0624_4513
373,400,"LoT DE: une petitet ête de Minerve une tête de femme, une tête d'enfant. Marbre. Epoque romaine.","400. LoT DE: une petitet ête de Minerve une tête de femme, une tête d'enfant. Marbre. Epoque romaine.

Haut. 0.05

0.06

0.00
<!-- image -->

## CINQUIÉME VENTE

Lundi 19 Avril à 3 heures précises de l'après midi

## Terres cuites.",documents/BO0624_4513
374,40,I. TIRELIRE. Sur le devant Mercure dans un temple. Epoque romaine.,- 40I. TIRELIRE. Sur le devant Mercure dans un temple. Epoque romaine.,documents/BO0624_4513
375,402,CHIEN. Fragment de bas-relief en terre cuite.,"402. CHIEN. Fragment de bas-relief en terre cuite.

Haut. 0.12 - Larg. 0.14.",documents/BO0624_4513
376,403,LEKYTHOS vernis noir. Provenant de Capoue.,"403. LEKYTHOS vernis noir. Provenant de Capoue.

maut. cm. I4.",documents/BO0624_4513
377,404,FRAGMENT de bas-relief offrant une sphinx et un Bes. Terre cuite.,"404. FRAGMENT de bas-relief offrant une sphinx et un Bes. Terre cuite.

Haut. 0.18 - Larg. 0.24.",documents/BO0624_4513
378,405,FRAGMENT de frise en terre cuite. Epoque romaine.,"405. FRAGMENT de frise en terre cuite. Epoque romaine.

Haut. 0.35 - Larg. 0.39.",documents/BO0624_4513
379,409,URCEUS. Sur la panse une sirène peinte en noir sur fond rouge. Provenant de Capoue.,"409. URCEUS. Sur la panse une sirène peinte en noir sur fond rouge. Provenant de Capoue.

Haut. cm. 6",documents/BO0624_4513
380,407,TÊTE D'HOMME et tête de femme de profil à droite. Fragment de bas-relief en terre culte,"407. TÊTE D'HOMME et tête de femme de profil à droite. Fragment de bas-relief en terre culte

Haut. 0.15 - Larg. 0.14.",documents/BO0624_4513
381,408,"GUTTUS, peint en noir, décoré d'un masque de Gorgone en relief.","408. GUTTUS, peint en noir, décoré d'un masque de Gorgone en relief.

Diam. cm. 10.",documents/BO0624_4513
382,409,"FRAGMENT d'antéfixe en terre cuite, dé corée dun masque de Gorgone relief. Provenant des fouilles de Capoue. Haut. cm. 24","409. FRAGMENT d'antéfixe en terre cuite, dé corée dun masque de Gorgone relief. Provenant des fouilles de Capoue. Haut. cm. 24",documents/BO0624_4513
383,410,RYTHON en forme de tête de femme couronnée: traces de polychromie. Provenant des fouilles de Ruvo.,"410. RYTHON en forme de tête de femme couronnée: traces de polychromie. Provenant des fouilles de Ruvo.

Haut. cm. 48.",documents/BO0624_4513
384,411,"FIGURINE de femme assise, peinte en blanc; ivoe archaïque. Trovenant des fouilles de Canosa.","411. FIGURINE de femme assise, peinte en blanc; ivoe archaïque. Trovenant des fouilles de Canosa.

Haut. cm. 15",documents/BO0624_4513
385,412,"PELIKE, offrant une figure d'homme et de femme peintes en rouge. Fabrique apulienne. Provenant des fouilles de Capoue","412. PELIKE, offrant une figure d'homme et de femme peintes en rouge. Fabrique apulienne. Provenant des fouilles de Capoue",documents/BO0624_4513
386,413,DIVINITÉ égyptienne en terre cuite. Provenant de Cuma.,413. DIVINITÉ égyptienne en terre cuite. Provenant de Cuma.,documents/BO0624_4513
387,414,"MITHON en forme de tête de femme, à décor blanc, jaune et rouge sur fond noir. Provenant des fouilles de Ruvo","414. MITHON en forme de tête de femme, à décor blanc, jaune et rouge sur fond noir. Provenant des fouilles de Ruvo",documents/BO0624_4513
388,415,"STATUETTE de femme à mi-corps, nue, coloriée en blanc avec traces de polychronie. Provenant des fouilles de Canosa","415. STATUETTE de femme à mi-corps, nue, coloriée en blanc avec traces de polychronie. Provenant des fouilles de Canosa",documents/BO0624_4513
389,416,"DEUX lekitoi décorés de personnages. peints en rouge sur fond noir, représen tant des éphèbes. Provenant des fouilles de Capoue.","416. DEUX lekitoi décorés de personnages. peints en rouge sur fond noir, représen tant des éphèbes. Provenant des fouilles de Capoue.

Haut. cm. 18. Voir illustration, planche LXX.",documents/BO0624_4513
390,417,"FIGURE muliebre debout, drapée. Terre cuite de fouille. Les avant-bras et la tête manquent.","417. FIGURE muliebre debout, drapée. Terre cuite de fouille. Les avant-bras et la tête manquent.

Haut. 0.70.",documents/BO0624_4513
391,418,GRANDE OLLA avec anses. Sur le corps masque de Gorgone entre deux figures de centaures (ou tritons) et figure d'enfant. Sur le bord deux figures de femmes. Traces de polychromie. Style et technique de Canosa. Provenant des fouilles de Canosa.,"418. GRANDE OLLA avec anses. Sur le corps masque de Gorgone entre deux figures de centaures (ou tritons) et figure d'enfant. Sur le bord deux figures de femmes. Traces de polychromie. Style et technique de Canosa. Provenant des fouilles de Canosa.

Haut, o.60.

## Bronzes.",documents/BO0624_4513
392,419,"FIGURE virile, nue, debout. Patine verte Archaïque.","419. FIGURE virile, nue, debout. Patine verte Archaïque.

Haut. 0.07

Voir illustration, planche L.X7.",documents/BO0624_4513
393,420,PETITE CHÈVRE. Patine brune. Epoque romaine,420. PETITE CHÈVRE. Patine brune. Epoque romaine,documents/BO0624_4513
394,421,"VERTUMNE debout, avec la cornucope Patine brune. Epoque romaine.","421. VERTUMNE debout, avec la cornucope Patine brune. Epoque romaine.

Haut. 0.09.",documents/BO0624_4513
395,422,"PIED TRIANGULAIRE de petit candélabre, décoré de festons et un petit candélabre. Patine verte. Epoque romaine.","422. PIED TRIANGULAIRE de petit candélabre, décoré de festons et un petit candélabre. Patine verte. Epoque romaine.",documents/BO0624_4513
396,423,"DANSEUSE nue s'arcboutant, les bras levés en haut. Les chevilles ornées d'armillae. Anse de vase Patine verte, rugueuse. Hellénistique.","423. DANSEUSE nue s'arcboutant, les bras levés en haut. Les chevilles ornées d'armillae. Anse de vase Patine verte, rugueuse. Hellénistique.

Haut. o.1s",documents/BO0624_4513
397,424,APPLIQUE décorative (antéfixe?) ornée de volutes et palmettes à relief et ajourées. Patine verte. Bonne conservation Du beau style romain.,"424. APPLIQUE décorative (antéfixe?) ornée de volutes et palmettes à relief et ajourées. Patine verte. Bonne conservation Du beau style romain.

Larg. 0.12 X o.10.",documents/BO0624_4513
398,425,LAMPE de forme oblongue. Epoque romalie.,"425. LAMPE de forme oblongue. Epoque romalie.

M. 0.17.",documents/BO0624_4513
399,426,FRAGMENT de bas-relief représentant un Doryphore. Applique. Patine verte Hellénistique.,"426. FRAGMENT de bas-relief représentant un Doryphore. Applique. Patine verte Hellénistique.

Long. 0.10",documents/BO0624_4513
400,427,DEUX PLAQUES à décoration de palmet: tes en relief. Appliques de vase. Patine verte. Bonne conservation. Provenant d la Vente Sarti.,"427. DEUX PLAQUES à décoration de palmet: tes en relief. Appliques de vase. Patine verte. Bonne conservation. Provenant d la Vente Sarti.

Haut, 0.07 X 0.08.",documents/BO0624_4513
401,428,"LOT de: Amour assis, applique de meuble. Patine brune. Figure de femme couronnée, applique dorée.","428. LOT de: Amour assis, applique de meuble. Patine brune. Figure de femme couronnée, applique dorée.",documents/BO0624_4513
402,429,"PETIT GÉNIE avec la chlamyde. Le bras droit levé dans l'attitude de frapper avec une lance. Patine verte, rugueuse. Epo cue romaine.","429. PETIT GÉNIE avec la chlamyde. Le bras droit levé dans l'attitude de frapper avec une lance. Patine verte, rugueuse. Epo cue romaine.

Haut. 0.08",documents/BO0624_4513
403,430,Tête de panthere. Applique. Patine verte. Art grec.,"430. Tête de panthere. Applique. Patine verte. Art grec.

Larg. 0.10.

Voir illustration, planche LX/,",documents/BO0624_4513
404,431,FRAGMENT de bas-relief représentant une Muse et Baccus jeune s'appuyant à un Génie. Patine verte foncée. Époque,"431. FRAGMENT de bas-relief représentant une Muse et Baccus jeune s'appuyant à un Génie. Patine verte foncée. Époque

Diam. 0.09",documents/BO0624_4513
405,432,LAMPE vec anse à feuille de lie Deux petites ies bouchent l'orifi Forme originale. Patine verte. Prove nant du Tibre.,432. LAMPE vec anse à feuille de lie Deux petites ies bouchent l'orifi Forme originale. Patine verte. Prove nant du Tibre.,documents/BO0624_4513
406,433,"ENFANT nu, jouant. Les mains brisées Époque romaine.","433. ENFANT nu, jouant. Les mains brisées Époque romaine.

Statuette haute m. 0.09.",documents/BO0624_4513
407,434,HACHE DE LICTEUR. Belle patine verte Conservation parfaite. Epoque romaine.,"434. HACHE DE LICTEUR. Belle patine verte Conservation parfaite. Epoque romaine.

Larg. 0.13",documents/BO0624_4513
408,435,LAMPh en bronze avec anse à feuille. Patine rugueuse. Époque romaine.,"435. LAMPh en bronze avec anse à feuille. Patine rugueuse. Époque romaine.

Long. 0.15.",documents/BO0624_4513
409,436,MAIN DROITE provenant d'une statue de grandeur naturelle. Endommagée. Patine verte. Époque romaine.,"436. MAIN DROITE provenant d'une statue de grandeur naturelle. Endommagée. Patine verte. Époque romaine.

Haut. 0.20.",documents/BO0624_4513
410,437,"VENUs nue, diademée dans l'attitude de chausser le pied gauche. Patine verte foncee. Epoque romaine","437. VENUs nue, diademée dans l'attitude de chausser le pied gauche. Patine verte foncee. Epoque romaine

Haut. 0.13.",documents/BO0624_4513
411,438,"HYPNOs et THANaTOS nus, emportant le corps de Sarpedon? Anse de ciste. Patine verte. Epoque étrusque.","438. HYPNOs et THANaTOS nus, emportant le corps de Sarpedon? Anse de ciste. Patine verte. Epoque étrusque.

Haut. 0.10 - Larg. 0 12.",documents/BO0624_4513
412,439,"PERSONNAGE assis, vêtu de la toge. L'avant-bras droit brisé, la tête manque.","439. PERSONNAGE assis, vêtu de la toge. L'avant-bras droit brisé, la tête manque.

Patine verte. Époque romaine. Base en nols.

Haut. 0.13.

Voir illustration, planche LXIII.",documents/BO0624_4513
413,440,"PERSONNAGE à cheval (Dace?). Applique. Patine verte, rugueuse. Epoque des Antonins.","440. PERSONNAGE à cheval (Dace?). Applique. Patine verte, rugueuse. Epoque des Antonins.

Long. 0.15 X 0.19.

Voir illustration, planche LXIII.",documents/BO0624_4513
414,441,TiERCULE. La tête recouverte de la peau de lion qui lui sert de chlamyde. Conservation superbe. Très belle patine. Art greco-italique. Provenant des fouilles de Capoue.,"441. TiERCULE. La tête recouverte de la peau de lion qui lui sert de chlamyde. Conservation superbe. Très belle patine. Art greco-italique. Provenant des fouilles de Capoue.

Haut. 0.18.

Voir illustration, planche LX.",documents/BO0624_4513
415,442,GROUPE de trois Amours. Celui du milieu portant un globe orné d'étoiles. Applique en haute-relief. Patine brune. XVI° siècle.,"442. GROUPE de trois Amours. Celui du milieu portant un globe orné d'étoiles. Applique en haute-relief. Patine brune. XVI° siècle.

Haut. 0.16 - Larg. 0.12.",documents/BO0624_4513
416,443,BASE avec deux protomes de taureaux sur les angles antérieurs. Patine brune avec traces de dorure. XVe siècle.,"443. BASE avec deux protomes de taureaux sur les angles antérieurs. Patine brune avec traces de dorure. XVe siècle.

Haut. 0.05 - Larg. 0.18",documents/BO0624_4513
417,444,SONNETTE ornée de deux médaillons à têtes de personnages entre couronnes et cornucopes à têtes humaines. La poignée manque. XVI siècle.,"444. SONNETTE ornée de deux médaillons à têtes de personnages entre couronnes et cornucopes à têtes humaines. La poignée manque. XVI siècle.

Haut. 0.09.",documents/BO0624_4513
418,445,DEUX CANDÉLABRES. Ange tenant une cornucope. Sur base octogonale à volutes et ornements. Les anges sont en métal plaqué d'argent; les bases et les cornucopes dorées. XVII® siècle.,"445. DEUX CANDÉLABRES. Ange tenant une cornucope. Sur base octogonale à volutes et ornements. Les anges sont en métal plaqué d'argent; les bases et les cornucopes dorées. XVII® siècle.

Haut. 0.50.",documents/BO0624_4513
419,446,"PETIT AMOUR ailé, nu, assis sur base carrée. Patine rougeâtre. XVI siècle","446. PETIT AMOUR ailé, nu, assis sur base carrée. Patine rougeâtre. XVI siècle

Haut. 0.10

Voir illustration, planche LXZ.
## Objets divers.",documents/BO0624_4513
420,447,"COFFRET en bois à couvercle plât, décore au pourtour de représentations triomphales à relief et dorée, en pâte. XV° siècle. Travail forentin.","447. COFFRET en bois à couvercle plât, décore au pourtour de représentations triomphales à relief et dorée, en pâte. XV° siècle. Travail forentin.

Larg. 0.15 X 0.19 X 0.09.",documents/BO0624_4513
421,448,"JésUs chassant du temple les marchands. Petit bas-relief en albâtre, dans un cadre en pastille dorée. XVII® siècle.","448. JésUs chassant du temple les marchands. Petit bas-relief en albâtre, dans un cadre en pastille dorée. XVII® siècle.

Haut. 0.12 - Larg. o.10.",documents/BO0624_4513
422,449,"BAISER DE PAIX en bois en forme de tabernacle encadrant une miniature sur parchemin, représentant la Vierge, l'Enfant, Saint Jean et un ange. XVII® siècle.","449. BAISER DE PAIX en bois en forme de tabernacle encadrant une miniature sur parchemin, représentant la Vierge, l'Enfant, Saint Jean et un ange. XVII® siècle.",documents/BO0624_4513
423,450,NOIX DE COCCO décorée de sujets mythologiques sculptés à relief. Marli en argent.,"450. NOIX DE COCCO décorée de sujets mythologiques sculptés à relief. Marli en argent.

Haut. o.10. Diam. 0.08.",documents/BO0624_4513
424,45,"T. FRAGNENT de frise à feuillages, génies et animaux sculptés en relief. Noyer.","- 45T. FRAGNENT de frise à feuillages, génies et animaux sculptés en relief. Noyer.

Long. 0.27 X 0.06.

Chapiteau de pilier en noyer.

Haut. 0.08 X o.11.",documents/BO0624_4513
425,452,BoîtE de forme ovale; décor polychrome à dessins géométriques.,"452. BoîtE de forme ovale; décor polychrome à dessins géométriques.

Dim. 0.52 X 0.19 X 0.23.",documents/BO0624_4513
426,453,"MASQUE de fer, grandeur naturelle. Pièce intéressante. XV° siècle. Vénitienne.","453. MASQUE de fer, grandeur naturelle. Pièce intéressante. XV° siècle. Vénitienne.

Voir illustration, page 73.",documents/BO0624_4513
427,454,LA VIERGE ET L'ENFANT sous baldaquin. Stuc polychrome. Terre cuite.,"454. LA VIERGE ET L'ENFANT sous baldaquin. Stuc polychrome. Terre cuite.

M. 0.75 X 0.55.",documents/BO0624_4513
428,455,TÊTE de jeune femme; les cheveux cachés sous un drap frangé. Terre cuite. XVII° siècle.,"455. TÊTE de jeune femme; les cheveux cachés sous un drap frangé. Terre cuite. XVII° siècle.

Haut. 0.37.

Voir illustration, planche LXXVII.",documents/BO0624_4513
429,456,LA NATIVITÉ. Bas-relief en terre cuite. XVI® siècle.,"456. LA NATIVITÉ. Bas-relief en terre cuite. XVI® siècle.

Haut. 0.26 X o.18.",documents/BO0624_4513
430,457,"DEUX CADRES ronds, à décoration de feuilles à relief et dorées, en pâte.","457. DEUX CADRES ronds, à décoration de feuilles à relief et dorées, en pâte.

Diam. 0.30.

Voir illinstration, planche LXX/V.",documents/BO0624_4513
431,458,"COFFRET en fer, offrant de petites perspectives, dont les encadrements sont à à dessins géométriques et à feuillages. Travail italien d'agemina en or et argent du XVI siècle.","458. COFFRET en fer, offrant de petites perspectives, dont les encadrements sont à à dessins géométriques et à feuillages. Travail italien d'agemina en or et argent du XVI siècle.

Haut. o.10 - Larg. 0,12.

## Faïences.",documents/BO0624_4513
432,459,"VasE à forme de bouteille, emaillé vert. Goulot, anses et pied endommagés. Fabrique primitive (Padoue?).","459. VasE à forme de bouteille, emaillé vert. Goulot, anses et pied endommagés. Fabrique primitive (Padoue?).

Haut. 0.24.",documents/BO0624_4513
433,460,"DEUX CARREAUX dont l'un décoré d'un serpent, l'autre de Saint Roch. Fabriques de Cafaggiolo et Faenza.","460. DEUX CARREAUX dont l'un décoré d'un serpent, l'autre de Saint Roch. Fabriques de Cafaggiolo et Faenza.",documents/BO0624_4513
434,461,"VASE de forme cylindrique se rétrécissant au milieu; inscription pharmaceutique surmontée d'un « Agnus Dei» posant sur un ivre. Au bas, armoiries encadrées dans une couronne de laurier. Couleurs diverses, sur fond blanc. Fabrique de Faenza. Restauré.","461. VASE de forme cylindrique se rétrécissant au milieu; inscription pharmaceutique surmontée d'un « Agnus Dei» posant sur un ivre. Au bas, armoiries encadrées dans une couronne de laurier. Couleurs diverses, sur fond blanc. Fabrique de Faenza. Restauré.

Haut. 0.22.

Voir illustration, planche LXXIII.",documents/BO0624_4513
435,462,"PETITE TABLE-CONSOLE en majolique, à dessus cintré, decoré de paysages et fleurs en couleurs sur fond clair. Fabrique de Milano. Louis XIV.","462. PETITE TABLE-CONSOLE en majolique, à dessus cintré, decoré de paysages et fleurs en couleurs sur fond clair. Fabrique de Milano. Louis XIV.

Haut. 0.78 X 0.40.

XVI° siecle.",documents/BO0624_4513
436,403,"D60x VAsEs de pharmacie, de forme cy lindrique. Inscription surmontee dar moiries, dans une couronne de feuilles en couleurs sur fond clair. Fabrique de L'aenza","403. D60x VAsEs de pharmacie, de forme cy lindrique. Inscription surmontee dar moiries, dans une couronne de feuilles en couleurs sur fond clair. Fabrique de L'aenza

Haut. o.16.

vour lustration, planche Lxxl.",documents/BO0624_4513
437,404,"SAblERE de forme ovale, soutenue par quatre chimeres allees posant sur une base. Décor bleu, vert et jaune d'ocre Au lond de la saliere une aigle, les 1n1tiales W. W. et la date 1614 en couleur bleue.","404. SAblERE de forme ovale, soutenue par quatre chimeres allees posant sur une base. Décor bleu, vert et jaune d'ocre Au lond de la saliere une aigle, les 1n1tiales W. W. et la date 1614 en couleur bleue.

## Orfévrerie de fouille.",documents/BO0624_4513
438,405,SIX DIFFERENTES PAIRES DE BOUCLES,405. SIX DIFFERENTES PAIRES DE BOUCLES,documents/BO0624_4513
439,2,"D'OREILLE en fil dor, ornées de perles primes a emeraude et grenats.","2. D'OREILLE en fil dor, ornées de perles primes a emeraude et grenats.",documents/BO0624_4513
440,466,"DISQUE ombelique, décoré de cercles concentriques ornés de petites fleurs et mamelons entremelés de globules. Art","466. DISQUE ombelique, décoré de cercles concentriques ornés de petites fleurs et mamelons entremelés de globules. Art",documents/BO0624_4513
441,4,etrusque,"4. etrusque

Diam. mm. 35-

Voir illustration, pag. 27•",documents/BO0624_4513
442,407,"COLLIER compose d'annelets oblongs, alternés par des petits cylindres en pri-","407. COLLIER compose d'annelets oblongs, alternés par des petits cylindres en pri-",documents/BO0624_4513
443,2,mes d'émeraude Art étrusque.,"2. mes d'émeraude Art étrusque.

Long. cm. 34

vorr illustration, page 19",documents/BO0624_4513
444,400,"LAMELLES en or pointille, montées en collier. Probablement ce genre de lamelles etait employe comme ornement de vetements. Art etrusque","400. LAMELLES en or pointille, montées en collier. Probablement ce genre de lamelles etait employe comme ornement de vetements. Art etrusque",documents/BO0624_4513
445,409,"BAGUE, offrant le buste d Hercule en or","409. BAGUE, offrant le buste d Hercule en or",documents/BO0624_4513
446,3,repousse.,"3. repousse.

Vour illustration, page 35",documents/BO0624_4513
447,470,BAGUE en or. Jaspe,470. BAGUE en or. Jaspe,documents/BO0624_4513
448,2,rouge enchasse Cheval paturant gravé. Epoque romaine.,"2. rouge enchasse Cheval paturant gravé. Epoque romaine.

## Tableaux.

MEMLING G. (Ecole de)",documents/BO0624_4513
449,47,I. LE MARTYRE DE SAINT SERASTIEN Fond de paysage. Bois,"47I. LE MARTYRE DE SAINT SERASTIEN Fond de paysage. Bois

M. 0.25 X 0.19.

Voir illustration, planche XIV.

(XVe siècle).",documents/BO0624_4513
450,472,"PORTRAIT de jeune homme de profl a gauche, colfe de barrette noire. Bois","472. PORTRAIT de jeune homme de profl a gauche, colfe de barrette noire. Bois

Haut. 0.37 X o.31.

Vour illustration, plauche XIX.",documents/BO0624_4513
451,473,"La lettre initiale A offrant un Saint jouant du psalterion au milieu de moines franciscains. Au-dessous, le Sauveur bénis sant. Miniature sur parchemin. XV siecle","473. La lettre initiale A offrant un Saint jouant du psalterion au milieu de moines franciscains. Au-dessous, le Sauveur bénis sant. Miniature sur parchemin. XV siecle

M. 0.24 X 0.18

## ECOLE OMBRIENNE

XVe siècle .",documents/BO0624_4513
452,474,"SAINT BERNARDIN debout, bénissant le donateur agenouille a droite. Fond de paysage. bois","474. SAINT BERNARDIN debout, bénissant le 2. donateur agenouille a droite. Fond de paysage. bois

M. 0.50 X 0.29.

## NCONNU",documents/BO0624_4513
453,475,FRAGMENT d'un tableau représentant la Crucifssion. Peinture sur bois,"475. FRAGMENT d'un tableau représentant la Crucifssion. Peinture sur bois

XV siècle.

M. 0.25 X 0.18

## ECOLE UMBRO-ROMAINE

XVIe siècle).",documents/BO0624_4513
454,476,"LA VIERGE de face, à mi-figure, la tête couverte a un volte, porte entre ses bras I Enant qui souriant tend le bras droit en avant. Toile.","476. LA VIERGE de face, à mi-figure, la tête couverte a un volte, porte entre ses bras I Enant qui souriant tend le bras droit en avant. Toile.

M. 0.62 X 0.47.

## INCONNU.",documents/BO0624_4513
455,477,LE CHRIST en croix et les santes fem-,477. LE CHRIST en croix et les santes fem-,documents/BO0624_4513
456,2,mes. Fond de paysage. Miniature sur parchemin. commencement du xVi siecle.,"2. mes. Fond de paysage. Miniature sur parchemin. commencement du xVi siecle.

Haut. 0.30 X 0.22.
## HEISS JEAN.",documents/BO0624_4513
457,1040,1704),1040-1704),documents/BO0624_4513
458,478,BERSABÉE et une ancelle au bain. Cadre doré.,"478. BERSABÉE et une ancelle au bain. Cadre doré.

Toile haute 0.83 X 0.59.

## MEMLING G",documents/BO0624_4513
459,479,"LA MISE AU TOMBEAU. Le Rédempteur mort, soutenu par Joseph d'Arimathie entre les Saintes Femmes. Dans le lointain le mont Calvaire. Chef-d'œuvre par l'expression des personnages, la finesse de l'exécution et la fraîcheur du coloris. Parfaite conservation. Cadre doré.","479. LA MISE AU TOMBEAU. Le Rédempteur mort, soutenu par Joseph d'Arimathie entre les Saintes Femmes. Dans le lointain le mont Calvaire. Chef-d'œuvre par l'expression des personnages, la finesse de l'exécution et la fraîcheur du coloris. Parfaite conservation. Cadre doré.

Bois haut 0.37 X o.30. Voir illustration, planche V.",documents/BO0624_4513
460,480,LES QUATRE PARTIFS DU MONDE représentées par quatre figures de femme à mi-bustes. Pastels du XVIII° siècle. Caares dores,"480. LES QUATRE PARTIFS DU MONDE représentées par quatre figures de femme à mi-bustes. Pastels du XVIII° siècle. Caares dores

Haut. 0.44 - Larg. 0.35-

## Marbres.",documents/BO0624_4513
461,48,"г. L'ABONDANCE, trois quarts de figure, de profil à droite, drapée, tenant une corne d'abondance dans la main gauche. Fragment de bas-relief. Epoque: Ie siècle d. C.","- 48г. L'ABONDANCE, trois quarts de figure, de profil à droite, drapée, tenant une corne d'abondance dans la main gauche. Fragment de bas-relief. Epoque: Ie siècle d. C.

M. 1.02 X 0.80. Voir illustration, planche LIl.",documents/BO0624_4513
462,482,"UN CHAMBRANLE de porte et deux fragments de chambranle á decoration de mascarons, feuillages et fruits sculptés en relief. Marbre de Carrare. XVI* siècle. 48 X 0.17.","482. UN CHAMBRANLE de porte et deux fragments de chambranle á decoration de mascarons, feuillages et fruits sculptés en relief. Marbre de Carrare. XVI* siècle.

Haut, 1.05 X 0.17. 2.48 X 0.17.",documents/BO0624_4513
463,483,·2 Ecce Homo. Buste à bas-relief en pierre polychrome. Sculpture florentine du XVI° siècle.,"- 483·2 Ecce Homo. Buste à bas-relief en pierre polychrome. Sculpture florentine du XVI° siècle.

Haut. 0.41 - Larg. 0 25.

Vöir illustration. planche XXX/X.

## SPERANDIO.

siècle).",documents/BO0624_4513
464,484,"PORTRATT d'homme, de profil à gauche, coiffé d'un bonnet conique. Bas relief en marbre. Provenant de la collection du celebre sculpteur Prof. Kopf.","484. PORTRATT d'homme, de profil à gauche, coiffé d'un bonnet conique. Bas relief en marbre. Provenant de la collection du celebre sculpteur Prof. Kopf.

Voir illustration, planche XXXV.",documents/BO0624_4513
465,485,SAINT LAURENT avec la palme du martyre et un livre dans la mam droite La tête manque. siècle.,"485. SAINT LAURENT avec la palme du martyre et un livre dans la mam droite La tête manque. siècle.

Haut. 0.90.",documents/BO0624_4513
466,486,"MADONE avec l'Enfant Jésus. Stuc polychrome, offrant dans l'encadrement de petites armoiries. Art toscan du XVI siècle. Haut. 0.69 - Larg. 0.49 Voir illustration, planche XXX/X.","486. MADONE avec l'Enfant Jésus. Stuc polychrome, offrant dans l'encadrement de petites armoiries. Art toscan du XVI siècle. Haut. 0.69 - Larg. 0.49 Voir illustration, planche XXX/X.

## GIO. ANT. DE' AMADEI.

(XVe siècle).",documents/BO0624_4513
467,487,ANGE agenouillé en prière. Fragment de bas-relief.,"487. ANGE agenouillé en prière. Fragment de bas-relief.

Haut. 0.45 X 0.52. Voir illustration, planche XXX/II.",documents/BO0624_4513
468,488,"TABERNACLE: représentant l'intérieur d'une chapelle. Porte surmontée d'une coquille, deux fenêtres gothiques, piliers avec chapiteaux. Au bas, armoiries entre deux cornucopes. Marbre de Carrare.","488. TABERNACLE: représentant l'intérieur d'une chapelle. Porte surmontée d'une coquille, deux fenêtres gothiques, piliers avec chapiteaux. Au bas, armoiries entre deux cornucopes. Marbre de Carrare.

Haut. 0.90 X 0.46. Voir illustration, planche XLIII.

XIV° siècle.",documents/BO0624_4513
469,489,"FRAGMENT de frise avec les symboles de la Passion de Jésus, sculptés en relief. Marbre de Carrare. XVI° siècle,","489. FRAGMENT de frise avec les symboles de la Passion de Jésus, sculptés en relief. Marbre de Carrare. XVI° siècle,

Haut. 1.38 X 0.22. Voir illustration, planche XLII.",documents/BO0624_4513
470,490,"FRISE avec les symboles de la Passion de Jésus. Marbre de Carrare. XV° siècle. Haut. 1.60 X 0.15. Vour iltustration, planche XLII.","490. FRISE avec les symboles de la Passion de Jésus. Marbre de Carrare. XV° siècle. Haut. 1.60 X 0.15. Vour iltustration, planche XLII.",documents/BO0624_4513
471,491,TêTE de femme plus grande que nature. Epoque des Antonins.,"491. TêTE de femme plus grande que nature. Epoque des Antonins.

Haut. 0.42.",documents/BO0624_4513
472,492,"HERMES bifronte, à tête de femme et homme barbu. Epoque romaine","492. HERMES bifronte, à tête de femme et homme barbu. Epoque romaine

Haut. 0.29 X 0.25.",documents/BO0624_4513
473,493,CONSOLE ornée sur la face d'une chimère. sur les cotes des oiseaux. Marbre. Ro manique.,"493. CONSOLE ornée sur la face d'une chimère. sur les cotes des oiseaux. Marbre. Ro manique.

Haut. 0.21 X 0.17.",documents/BO0624_4513
474,494,CIPPE avec inscription. Epoque romaine Haut. 0.72,494. CIPPE avec inscription. Epoque romaine Haut. 0.72,documents/BO0624_4513
475,2,405 TROIS CHAPITEAUX de piliers à feuil. lages et fleurs. Epoque romaine.,"2. 405 TROIS CHAPITEAUX de piliers à feuil. lages et fleurs. Epoque romaine.

M. 0.30 X 0.35-",documents/BO0624_4513
476,490,"CIPPE decore de deux pilier, soutenant une trise a tetes de beliers. Inscription Epoque romaine.","490. CIPPE decore de deux pilier, soutenant une trise a tetes de beliers. Inscription Epoque romaine.

Haut. 0.65

<!-- image -->",documents/BO0624_4513
477,497,PTED de table (monopodum en rouge grec antique,"497. PTED de table (monopodum en rouge grec antique

Haut. 0.73.

## Meubles.",documents/BO0624_4513
478,498,"COFFRE de mariage a décoration de feuilles, mascarons et armoiries en marque teries de bois jaune-angelino.","498. COFFRE de mariage a décoration de feuilles, mascarons et armoiries en marque teries de bois jaune-angelino.

M. 1.72 X 0.65.",documents/BO0624_4513
479,499,COFFRET en noyer sculpté. XVI* siècle. DIm. 0.80 X 0.35.,499. COFFRET en noyer sculpté. XVI* siècle. DIm. 0.80 X 0.35.,documents/BO0624_4513
480,500,"PETIT COFFRE de forme réctangulaire. Mascarons aux angles, armoiries sur le devant. Noyer. XVi siècle. Le couvercle manque","500. PETIT COFFRE de forme réctangulaire. Mascarons aux angles, armoiries sur le devant. Noyer. XVi siècle. Le couvercle manque

Maut. 0.31 X 0.75
<!-- image -->

## SIXIÉME VENTE

## Mardi 20 Avril à 3 heures précises de l'après midi

## Terres cuites.",documents/BO0624_4513
481,501,"TIRELIRE ronde en terre cuite, avec Mercure dans un temple à colonnes. Epoque romaine.","501. TIRELIRE ronde en terre cuite, avec Mercure dans un temple à colonnes. Epoque romaine.",documents/BO0624_4513
482,502,"BAs-RELIEr en terre cuite, offrant aumilieu, une tête de Méduse et un aigle. Beau style. Abîmé.","502. BAs-RELIEr en terre cuite, offrant aumilieu, une tête de Méduse et un aigle. Beau style. Abîmé.

Haut. 0.39 - Larg. 0.25.",documents/BO0624_4513
483,503,MASQUE DE FAUNE et fragment de basrelief représentant un enfant nu. Terre culte.,503. MASQUE DE FAUNE et fragment de basrelief représentant un enfant nu. Terre culte.,documents/BO0624_4513
484,504,"BAs RELIEr rectangulaire représentant deux tigres, des instruments et un vase. En haut les lettres M et A. Décadence romaine","504. BAs RELIEr rectangulaire représentant deux tigres, des instruments et un vase. En haut les lettres M et A. Décadence romaine

Haut. 0.93 - Larg: 0.30.",documents/BO0624_4513
485,505,FRaGMeNT de figure de Génie. Bas-relief en terre cuite. Beau style.,"505. FRaGMeNT de figure de Génie. Bas-relief en terre cuite. Beau style.

Haut. 0.16 - Larg. 0.17.",documents/BO0624_4513
486,506,"FIGURE de femme sur un couvercle de vase, ""rovenant de Canosa.","506. FIGURE de femme sur un couvercle de vase, ""rovenant de Canosa.

M. 0.17.",documents/BO0624_4513
487,507,Gurrus décoré de une chouette et d'une figure virile peintes en rouge. Provenant des fouilles de Capoue.,"507. Gurrus décoré de une chouette et d'une figure virile peintes en rouge. Provenant des fouilles de Capoue.

Diam. cm. 7 ½",documents/BO0624_4513
488,508,RyTHoN en forme de tête de femme couronnée. Provenant des fouilles de Ruvo.,508. RyTHoN en forme de tête de femme couronnée. Provenant des fouilles de Ruvo.,documents/BO0624_4513
489,509,PELIKE. Figures viriles et mulièbres qui portent des offrandes. Provenant de l'Apulie.,"509. PELIKE. Figures viriles et mulièbres qui portent des offrandes. Provenant de l'Apulie.

Haut. cm. 15.",documents/BO0624_4513
490,510,STATUETTE de femme. Terre cuite. Provenant des fouilles de Capoue.,"510. STATUETTE de femme. Terre cuite. Provenant des fouilles de Capoue.

Haut. cm. 27.",documents/BO0624_4513
491,511,"Tête de lion, la bouche perforée. Hautrelief en terre cuite.","511. Tête de lion, la bouche perforée. Hautrelief en terre cuite.

Haut. 0.40 X 0.33. Voir illustration, page 67.",documents/BO0624_4513
492,512,GRAND CRATÈRE. Figure de femme assise entre deux figures debout. Fabrique Apulienne. Provenance: fouilles de Canosa.,"512. GRAND CRATÈRE. Figure de femme assise entre deux figures debout. Fabrique Apulienne. Provenance: fouilles de Canosa.

Haut. 0.45 - Diam. 0.45.",documents/BO0624_4513
493,513,"Urceus offrant des oiseaux, dont un à corps de coq et tête d'homme. Interes sant spécimen de « antropalection». Ires bonne conservation. Provenant de Capoue.","513. Urceus offrant des oiseaux, dont un à corps de coq et tête d'homme. Interes sant spécimen de « antropalection». Ires bonne conservation. Provenant de Capoue.

Haut. cm. 8.

Voir illustration, blanche LXX",documents/BO0624_4513
494,514,GRAND ASKOS. sur le corps masque de Gorgone sourmonte de trois deltes allees et couronnées de feuilles. Traces de polycromie. Style et tecnique de Canosa. Fouilles de Canose.,"514. GRAND ASKOS. sur le corps masque de Gorgone sourmonte de trois deltes allees et couronnées de feuilles. Traces de polycromie. Style et tecnique de Canosa. Fouilles de Canose.

Haut. total o.or.

Voir ilustration, planche LA/X.",documents/BO0624_4513
495,515,"CANOPE a tete de deité avec couronne, surmontee de deux petites tetes de femmes et de deux oseaux. Couvercle forme par une statuette de déite alée Stvle et tecnique de Canosa. Foulles de Canosa,","515. CANOPE a tete de deité avec couronne, surmontee de deux petites tetes de femmes et de deux oseaux. Couvercle forme par une statuette de déite alée Stvle et tecnique de Canosa. Foulles de Canosa,

inaul. 0.8.

Voir illustration, planche L.XZX.

## bronzes.",documents/BO0624_4513
496,516,SEMeLLe de sandale. La partie inférieure et le bord garnis dune mince teuille de meral. cloute. Articulation a charnere Provenant de Civita Castellana. Etrusque.,"516. SEMeLLe de sandale. La partie inférieure et le bord garnis dune mince teuille de meral. cloute. Articulation a charnere Provenant de Civita Castellana. Etrusque.

Long. 0.23",documents/BO0624_4513
497,517,GRANDE FIBULE. Patine verte. Bonne conservation. Epoque romaine.,"517. GRANDE FIBULE. Patine verte. Bonne conservation. Epoque romaine.

Long. 0.27",documents/BO0624_4513
498,1,o. OstRis assis. platuele av traces de acage dor. Patin verte. Provenant de ladia,"- 1o. OstRis assis. platuele av traces de acage dor. Patin verte. Provenant de ladia

Halit. 0.21.",documents/BO0624_4513
499,519,MAsQUE de jeune temme a haute che velure. frisée a boucles. Endommage Epoque romaine.,"519. MAsQUE de jeune temme a haute che velure. frisée a boucles. Endommage Epoque romaine.

Maut, 0.07•",documents/BO0624_4513
500,520,"Eros. Statuette nue, debout. La main gauche et lalle droite brisces. latine verte toncee. Mellenistique","520. Eros. Statuette nue, debout. La main gauche et lalle droite brisces. latine verte toncee. Mellenistique

Maul. 0.07",documents/BO0624_4513
501,521,"VISEAU, les pieds brises. base en bois Patine verte. Epoque romaine.","521. VISEAU, les pieds brises. base en bois Patine verte. Epoque romaine.

Haut. o.15",documents/BO0624_4513
502,522,TRos petites lampes. Patine rugueuse. Epoque romaine.,522. TRos petites lampes. Patine rugueuse. Epoque romaine.,documents/BO0624_4513
503,523,LAMPE à deux becs. Epoque romaine.,"523. LAMPE à deux becs. Epoque romaine.

M0.12",documents/BO0624_4513
504,524,"PETITE CASSEROLe, manche décoré de la figure de Mercure tenant le caducée et une bourse en reliet. Patine verte. Endommagee.","524. PETITE CASSEROLe, manche décoré de la figure de Mercure tenant le caducée et une bourse en reliet. Patine verte. Endommagee.

Diam. 0.13 - Larg. 0.25",documents/BO0624_4513
505,525,DEUX PIEDS de ciste ornes d'une pan thère luttant avec une harpie en relief. Patine verte. Epoque romane,"525. DEUX PIEDS de ciste ornes d'une pan thère luttant avec une harpie en relief. Patine verte. Epoque romane

Haut. 0.08.",documents/BO0624_4513
506,526,"ForTUNe assise, tenant de la mam droite le gouvernall, de la main gauche la cornucope. Patine verte rugueuse. belle conservation. Epoque romaine.","526. ForTUNe assise, tenant de la mam droite le gouvernall, de la main gauche la cornucope. Patine verte rugueuse. belle conservation. Epoque romaine.

Haut, o.12.

Voir illustration, planche LXI//.",documents/BO0624_4513
507,527,PETITE LAMPE en bronze a forme de pied chaussé de sandale. Époque romaine.,"527. PETITE LAMPE en bronze a forme de pied chaussé de sandale. Époque romaine.

Long. o.13.

Voir illustration, planche LXI.",documents/BO0624_4513
508,528,DEUX LAMPES. Epoque romaine. Patine brune rugueuse,"528. DEUX LAMPES. Epoque romaine. Patine brune rugueuse

M. o.10 X o,10.",documents/BO0624_4513
509,529,"SILENE barbu, la tête couronnée de feuil les de lierre, tenant dans le main droite une grappe de raisin. Le bras gauche levé manque de la main. latine brune.","529. SILENE barbu, la tête couronnée de feuil les de lierre, tenant dans le main droite une grappe de raisin. Le bras gauche levé manque de la main. latine brune.

Epoque romaine

Haut. 0.09",documents/BO0624_4513
510,530,TÊTE DE LION. La gueule beante. Applique de roue de char. latine brune. Epoque romaine,"530. TÊTE DE LION. La gueule beante. Applique de roue de char. latine brune. Epoque romaine

Diam. 0.07- vour wustration, page 67.",documents/BO0624_4513
511,531,DEITÉ ARCAïQUE en bronze (type déité en combat). Provenant de Cuma. DIANE TRIFORME. Statuette. Patine verte Epoque romaine.,"531. DEITÉ ARCAïQUE en bronze (type déité en combat). Provenant de Cuma.

Haut. 0.10 */2• 531. DIANE TRIFORME. Statuette. Patine verte Epoque romaine.

Haut. o.06.",documents/BO0624_4513
512,532,Lot de 3o pieces en bronze de fouilles. Kemarquables: deux petites idoles de belle patine. Poulles de Crema,"532. Lot de 3o pieces en bronze de fouilles. Kemarquables: deux petites idoles de belle patine. Poulles de Crema

Haut. o 6o X 0.15.",documents/BO0624_4513
513,523,"ArTéMIs, debout, le bras droit lévé. Patine vertebrune. Base circulaire. Epoque","523. ArTéMIs, debout, le bras droit lévé. Patine vertebrune. Base circulaire. Epoque

Haut. o.1o.",documents/BO0624_4513
514,534,"SATyRE nu, debout. Lavant-bras droit brisé. Patine brune. Hellenistique.","534. SATyRE nu, debout. Lavant-bras droit brisé. Patine brune. Hellenistique.

Statuette haute mm. 05-",documents/BO0624_4513
515,535,"LAMPE à deux becs, manche a fleur de - lotus. Patine rugueuse. Epoque romaine. Provenant du libre","535. LAMPE à deux becs, manche a fleur de - lotus. Patine rugueuse. Epoque romaine. Provenant du libre

Long. 0.20.

Voir illustration, blanche LX/l.",documents/BO0624_4513
516,536,"Acus cRINALIS. Tige cannelée terminant en fleur surmontée d'une Venus qui de le main gauche ramène ses cheveux. Elle est parce dun coller, et une araperte. tombant de l'épaule gauche à ses pieds","536. Acus cRINALIS. Tige cannelée terminant en fleur surmontée d'une Venus qui de le main gauche ramène ses cheveux. Elle est parce dun coller, et une araperte. tombant de l'épaule gauche à ses pieds

laisse à decouvert presque tout le corps. Belle patine verte claire. Etrusque.

Guasco: Delle Ornatrici

Long. 0.34.

Vour illustration, planche Lx/.",documents/BO0624_4513
517,537,CAsQue grec a nasal. Patine verte. Brisé dans la partie postérieure.,"537. CAsQue grec a nasal. Patine verte. Brisé dans la partie postérieure.

Vowr illustration, page 65.",documents/BO0624_4513
518,530,Lor de 32 pièces en bronze des touilles. rouilles de Cuma,"530. Lor de 32 pièces en bronze des touilles. rouilles de Cuma

Haut. 0.60 X 0.15",documents/BO0624_4513
519,539,"LEBÉs en bronze, avec anse mobile Decor a mascarons de temmes. Foull les de Cuma","539. LEBÉs en bronze, avec anse mobile Decor a mascarons de temmes. Foull les de Cuma

Haut. 0.17 - Diam. 0.29",documents/BO0624_4513
520,540,DEUX PLAQUETTES carrées: Portrait de l'Empereur Vespasien; Tête de Minerve casquee.,"540. DEUX PLAQUETTES carrées: Portrait de l'Empereur Vespasien; Tête de Minerve casquee.

Haut. 0.03-",documents/BO0624_4513
521,541,"PLAQUETTE RONDe, dorée: Vulcan, Amour et Mercure","541. PLAQUETTE RONDe, dorée: Vulcan, Amour et Mercure

Diam. 0.04.",documents/BO0624_4513
522,542,PLAQUETTE RONDE: Saint Jean dedout entre des arbres.,"542. PLAQUETTE RONDE: Saint Jean dedout entre des arbres.

M. 0.08.",documents/BO0624_4513
523,543,PLaQuETTE dorée: Le fleuve Nil,"543. PLaQuETTE dorée: Le fleuve Nil

M. 0,05.",documents/BO0624_4513
524,544,PLAQUETTE RONDe: baccus enfant sur lion.,"544. PLAQUETTE RONDe: baccus enfant sur lion.

Diam. 0.03.",documents/BO0624_4513
525,545,PLAQUETTE ovALE a rellet bilaterale: tete de satvre et tete de nymphe,"545. PLAQUETTE ovALE a rellet bilaterale: tete de satvre et tete de nymphe

Diam. max. 42 mm.",documents/BO0624_4513
526,546,PLAQUETTE OVALE: tête de femme de profil à droite.,"546. PLAQUETTE OVALE: tête de femme de profil à droite.

Diam. maj 35 mm.",documents/BO0624_4513
527,547,PLAQUETTE RECTANGULAIRE: La Vierge tenant l'Enfant Jésus sur les genoux. Saint Jean. L'angle supérieur à gauche brisé.,"547. PLAQUETTE RECTANGULAIRE: La Vierge tenant l'Enfant Jésus sur les genoux. Saint Jean. L'angle supérieur à gauche brisé.

Haut. 0.13 X 0.09.",documents/BO0624_4513
528,548,PLaQUETTE découpée: La Piété.,"548. PLaQUETTE découpée: La Piété.

M. 0.07 X 0.08.",documents/BO0624_4513
529,549,La VIeRGE avec l'Enfant Jésus et St. Joseph. Plaquette en bronze avec encadrement à tabernacle. XVI siècle.,"549. La VIeRGE avec l'Enfant Jésus et St. Joseph. Plaquette en bronze avec encadrement à tabernacle. XVI siècle.

Haut. o.11.",documents/BO0624_4513
530,550,"AMoun debout, la main gauche brisée Statuette en bronze doré. Base circulaire en bois","550. AMoun debout, la main gauche brisée Statuette en bronze doré. Base circulaire en bois

Haut. tot. 0.14",documents/BO0624_4513
531,551,"DEUX FLAMBEAUx. Un amour, les bras levés pour soutenir un flambeau, posant sur base circulaire. Patine brune. XVIe siècle.","551. DEUX FLAMBEAUx. Un amour, les bras levés pour soutenir un flambeau, posant sur base circulaire. Patine brune. XVIe siècle.",documents/BO0624_4513
532,552,"DEUX GÉNIEs nus, debout, dont l'un avec cornucope pleine de fleurs, l'autre avec fleurs dans les deux mains. Patine noire, brillante. XVI siècle.","552. DEUX GÉNIEs nus, debout, dont l'un avec cornucope pleine de fleurs, l'autre avec fleurs dans les deux mains. Patine noire, brillante. XVI siècle.

Haut. 0.37.",documents/BO0624_4513
533,553,MoRTier offrant au pourtour cinq têtes de séraphins et cinq écussons reliés par des festons. Patine brune. 1401,"553. MoRTier offrant au pourtour cinq têtes de séraphins et cinq écussons reliés par des festons. Patine brune.

Fin du XVI siècle.

Haut. 0.18

bam. 0.22

## Tableaux.

## CLOUET JEAN. 1409-1401",documents/BO0624_4513
534,554,PoRTRAIT de jeune fille avec fraise tuyautée. Bois. Cadre doré,"554. PoRTRAIT de jeune fille avec fraise tuyautée. Bois. Cadre doré

Bois: Haut. 0.20 X 0.16.

## PIERO DI COSIMO.

(1441-1521).",documents/BO0624_4513
535,555,LA NATIVITÉ. Fond de paysage avec bergers et brébis.,"555. LA NATIVITÉ. Fond de paysage avec bergers et brébis.

M. 0.47 X 0.28

Voir illustration, planche XVI.

## ECOLE OMBRIENNE

(XVe siècle).",documents/BO0624_4513
536,556,"LE CHRIST en croix; quatre anges re cueillent son divin sang dans des calices Au pied de la croix les Saintes femme Aux côtés Saint Antoine, Sainte Cathe rine, la Vierge, Saint Jean, Saint François, et Saint Barthélemy. Bois, fond core","556. LE CHRIST en croix; quatre anges re cueillent son divin sang dans des calices Au pied de la croix les Saintes femme Aux côtés Saint Antoine, Sainte Cathe rine, la Vierge, Saint Jean, Saint François, et Saint Barthélemy. Bois, fond core

M. 2.05 X 1.30

Voir illustration, planche 11

## ECOLE ITALO-BYZANTINE",documents/BO0624_4513
537,557,"LE SAUvEUR debout, Panneau à fond d'or.","557. LE SAUvEUR debout, Panneau à fond d'or.

Haut. 0.17 X o.10.

## MARATTA CARLO

(Manière de)",documents/BO0624_4513
538,558,SAINTE THéRÈSE le Christ en croix. Peinture sur bois,"558. SAINTE THéRÈSE le Christ en croix. Peinture sur bois

M. 0.35 X 0.27.

## REMBRANDT.

(Attribué à)",documents/BO0624_4513
539,559,"PoRTRAIT d'homme, à mi-buste, régardant a gauche. Cadre,","559. PoRTRAIT d'homme, à mi-buste, régardant a gauche. Cadre,

M. 0.50 X 0.60.

## INCONNU.",documents/BO0624_4513
540,560,LA MADONE assise donnant le sein à son Divin Fils. Panneau cintré par le haut. Encadrement en bois. XVI° siècle,"560. LA MADONE assise donnant le sein à son Divin Fils. Panneau cintré par le haut. Encadrement en bois. XVI° siècle
## ECOLE VENETIENNE.

(XVIe siècle).",documents/BO0624_4513
541,561,"PoRTRAIT de gentilhomme, à mi-buste, presque de face, vêtu de just-au-corp noir avec colleret blanc. Cadre.","561. PoRTRAIT de gentilhomme, à mi-buste, presque de face, vêtu de just-au-corp noir avec colleret blanc. Cadre.

Toile: Haut.

Voir illustration, planche XVIII. +

## ECOLE FLORENTINE.

(XVe siècle).",documents/BO0624_4513
542,562,"MADoNe, l'Enfant Jésus et Saint Jean. Boit: Haut. 0,82 X 0.76.","562. MADoNe, l'Enfant Jésus et Saint Jean. Boit: Haut. 0,82 X 0.76.

## MARCO ZOPPO.

(1480).",documents/BO0624_4513
543,563,"SAINT JÉRÔME agénouillé, en adoration devant la Croix. Fond de paysage montueux. Cadre en noyer. Bois.","563. SAINT JÉRÔME agénouillé, en adoration devant la Croix. Fond de paysage montueux. Cadre en noyer. Bois.

Dim. 0.43 X 0.28.

## Marbres.",documents/BO0624_4513
544,564,"BasE triangulaire de candélabre offrant aux angles des chimères ailées, et sur les trois faces les armoiries des Medicis. Les têtes des chimères manquent.","564. BasE triangulaire de candélabre offrant aux angles des chimères ailées, et sur les trois faces les armoiries des Medicis. Les têtes des chimères manquent.

M. 0.46 X 0.32.

Voir illustration, planche XL.

## MEHLIANO COVANNI

## dit GIOVANNI DA NOLA

(Attribué à)",documents/BO0624_4513
545,565,PoRTRAIT de dame inconnue. Buste de,565. PoRTRAIT de dame inconnue. Buste de,documents/BO0624_4513
546,2,marbre sur piédouche d'africano.,2. marbre sur piédouche d'africano.,documents/BO0624_4513
547,3,"Haut. 0.00 Haut. total 0.74. Voir illustration, planche XX/V.","3. Haut. 0.00 Haut. total 0.74. Voir illustration, planche XX/V.",documents/BO0624_4513
548,566,"LE TROIS GRAcES. Groupe posant sur socle oblong. Les têtes des Graces manquent, mais, ce groupe, par la beauté de l'exécution et la belle conservation des corps, est incomparablement supérieur aux répliques de ce chef-d'œuvre éxistant dans les Musées du Louvre et de l'Opera de la Cattedrale de Sienne.","566. LE TROIS GRAcES. Groupe posant sur socle oblong. Les têtes des Graces manquent, mais, ce groupe, par la beauté de l'exécution et la belle conservation des corps, est incomparablement supérieur aux répliques de ce chef-d'œuvre éxistant dans les Musées du Louvre et de l'Opera de la Cattedrale de Sienne.

Haut, 1.10 - Larg. I.1O.

Voir illustration, planche XLIX.",documents/BO0624_4513
549,567,"PoRTRAIT de personnage du XVI siècle, sur buste d'époque romaine. Piédouche en portasanta","567. PoRTRAIT de personnage du XVI siècle, sur buste d'époque romaine. Piédouche en portasanta

laul. 0.00.",documents/BO0624_4513
550,568,"La VIerGe assise tenant dans ses bras l'Enfant Jésus. Derrière, dans le haut, deux anges soutiennent une draperie. Relief en marbre. Ecole lombarde du XVe siècle.","568. La VIerGe assise tenant dans ses bras l'Enfant Jésus. Derrière, dans le haut, deux anges soutiennent une draperie. Relief en marbre. Ecole lombarde du XVe siècle.

Haut. 0.61 - Larg. 0.29.",documents/BO0624_4513
551,569,FLorE. Buste. Une draperie descendant de l'épaule droite laisse à decouvert le sein gauche. Marbre blanc. Piédouche en bigio. XVIII® siècle.,"569. FLorE. Buste. Une draperie descendant de l'épaule droite laisse à decouvert le sein gauche. Marbre blanc. Piédouche en bigio. XVIII® siècle.

Haut. tot. 0.84.",documents/BO0624_4513
552,570,"BéNITiER. Bassin à bord en torsade, décoré d'armoiries. Pied orné de feuilles d'eau sculptées. Époque XV° siècle.","570. BéNITiER. Bassin à bord en torsade, décoré d'armoiries. Pied orné de feuilles d'eau sculptées. Époque XV° siècle.

Diam. 0.65 Haut. 1.22.

Voir illustration, planche XXXVI.",documents/BO0624_4513
553,571,MADELEINE agenouillée en prière. Bas- relief en marbre. Ecole de Bernini.,"571. MADELEINE agenouillée en prière. Bas- 2. relief en marbre. Ecole de Bernini.

Haut. 0.44 X 0.03+",documents/BO0624_4513
554,572,ÉcussoN rond avec les armoiries de la famille Visconti. Marbre de Carrare. XVe siècle.,"572. ÉcussoN rond avec les armoiries de la 2. famille Visconti. Marbre de Carrare. XVe siècle.

Diam. 0.67.

Voir illustration, planche XXXIII.",documents/BO0624_4513
555,573,"ERAGMENT de decoration arenttectomeue de forme rectangulaire, orné d'un vase avec fruits et deux dauphins sculptés. Marbre de Carrare. XVI° siècle.","573. ERAGMENT de decoration arenttectomeue de forme rectangulaire, orné d'un vase avec fruits et deux dauphins sculptés. Marbre de Carrare. XVI° siècle.

Haut. 0.51 X 0.26.",documents/BO0624_4513
556,574,DEUX MONTANIs de chambranle de porte à décoration de fleurs et feuilles sculp- tées. Pierre. Av siecle.,"574. DEUX MONTANIs de chambranle de porte à décoration de fleurs et feuilles sculp- 2. tées. Pierre. Av siecle.

Haut. un 2.60 X 0.29.

aul. 1.70X 0.20.",documents/BO0624_4513
557,575,LA CÉRÉMONIE DE LA CONCLAMATION. Basrelief en pierre avec traces de couleurs. Étrusque.,"575. LA CÉRÉMONIE DE LA CONCLAMATION. Basrelief en pierre avec traces de couleurs. Étrusque.

Voir illustration, planche LVI.

M. 0.48 X 0.15.",documents/BO0624_4513
558,576,GéNIE entre deux festons de fruits et feuilles. Devant de sarcophage. Époque romalne.,"576. GéNIE entre deux festons de fruits et feuilles. Devant de sarcophage. Époque romalne.

Haut. 0.28 X 1.27.

Voir illustration, planche LVIII.",documents/BO0624_4513
559,577,LioN posant sur base rectangulaire. Marbre. XIVe siècle.,577. LioN posant sur base rectangulaire. Marbre. XIVe siècle.,documents/BO0624_4513
560,578,"URNe cinéraire ornée d'encarpe, têtes de beliers, mascarons et oiseaux. Inscription au milieu. Epoque romaine.","578. URNe cinéraire ornée d'encarpe, têtes de beliers, mascarons et oiseaux. Inscription au milieu. Epoque romaine.

Haut. 0.45 X 0.37.

Voir illustration, planche LVIII.",documents/BO0624_4513
561,579,FRAGMENT de sarcophage. Feston de fruits et deux masques scéniques. Epoque romaine.,"579. FRAGMENT de sarcophage. Feston de fruits et deux masques scéniques. Epoque romaine.

Haut. 0.57 X 0.51.",documents/BO0624_4513
562,580,"UrNe cinéraire en marbre à deux loculi. Inscription et décoration de vases, oiseaux et chapiteaux corinthiens.","580. UrNe cinéraire en marbre à deux loculi. Inscription et décoration de vases, oiseaux et chapiteaux corinthiens.

Haut. 0.24 - Long. 0.57.

Voir illustration, planche LVIII.",documents/BO0624_4513
563,581,CoLoNNe cannelée avec base et chapiteau. Marbre jaune antique. Époque romaine.,"- 581. CoLoNNe cannelée avec base et chapiteau. Marbre jaune antique. Époque romaine.

Haut. 1.25.",documents/BO0624_4513
564,582,SAINT LAURENT tenant un libre et la palme du martyre. La tête manque. XV° siècle.,"582. SAINT LAURENT tenant un libre et la palme du martyre. La tête manque. XV° siècle.

Haut. 0.90.

## Objets divers.",documents/BO0624_4513
565,583,PETITE COMMODE à quatre tiroirs. Noyer. Louis XIV.,"583. PETITE COMMODE à quatre tiroirs. Noyer. Louis XIV.

Haut. 0.83.

## BERNINI J. L.",documents/BO0624_4513
566,584,Tête d'enfant. Ébauche. Sur base en bois Haut. 0.30,584. Tête d'enfant. Ébauche. Sur base en bois Haut. 0.30,documents/BO0624_4513
567,585,"Boîre cylindrique en ivoire, décorée sur le couvercle de poissons peints, et sur le fond d'oiseaux. Pièce rare de l'art arabopersan, introduit en Sicile au XII® siècle.","585. Boîre cylindrique en ivoire, décorée sur le couvercle de poissons peints, et sur le fond d'oiseaux. Pièce rare de l'art arabopersan, introduit en Sicile au XII® siècle.

Haut. 0.08.

Diam. o.I15",documents/BO0624_4513
568,586,LA VIERGE et l'Enfant. Stuc blanc. École florentine. Fin du XV° siècle.,"586. LA VIERGE et l'Enfant. Stuc blanc. École florentine. Fin du XV° siècle.

Haut. 0.76 X 0.55.",documents/BO0624_4513
569,587,DEUX HALLEBARDES. XVI° siècle.,587. DEUX HALLEBARDES. XVI° siècle.,documents/BO0624_4513
570,588,"DEUx FEUILLEs de reliure, en bois avec incrustations de nacre et décorées d'arabesques et ornements dorés et en cou leurs: XVI° siècle. Travail vénitien.","588. DEUx FEUILLEs de reliure, en bois avec incrustations de nacre et décorées d'arabesques et ornements dorés et en cou leurs: XVI° siècle. Travail vénitien.

M. 0.26 X 0.19.",documents/BO0624_4513
571,589,CADRE rond à décoration des palmettes à relief et doré en pâte. XV° siècle.,"589. CADRE rond à décoration des palmettes à relief et doré en pâte. XV° siècle.

Diam. 0.3r.",documents/BO0624_4513
572,590,"CoFFRer en bois de forme oblongue, couvercle en toit. Décor à dessins géométriques en couleurs. XV° siècle. Sienne.","590. CoFFRer en bois de forme oblongue, couvercle en toit. Décor à dessins géométriques en couleurs. XV° siècle. Sienne.

Larg. 0.35 X 0.18 X 0.12.",documents/BO0624_4513
573,591,"BAISER DE PAIx en bois doré, à forme de tabernacle avec ornements d'argent appliqués. Au milieu la Vierge et l'Enfant a relief et en couleurs. XVI siècle. Travail florentin.","591. BAISER DE PAIx en bois doré, à forme de tabernacle avec ornements d'argent appliqués. Au milieu la Vierge et l'Enfant a relief et en couleurs. XVI siècle. Travail florentin.

Haut. 0.16 X 0.12.

## BERNINI J. L

(15-16).",documents/BO0624_4513
574,592,ÉBAUCHE de l'ange exécuté pour l'église de Saint André delle Pratte a Rome. Terre cuite.,"592. ÉBAUCHE de l'ange exécuté pour l'église de Saint André delle Pratte a Rome. Terre cuite.

Haut. 0.36.",documents/BO0624_4513
575,593,PETIT CADRE à moulures Tchement sculptées et dorées sur fond noir. Poirier. XVIII siècle:,"593. PETIT CADRE à moulures Tchement sculptées et dorées sur fond noir. Poirier. XVIII siècle:

0.20 X 0.18.",documents/BO0624_4513
576,594,"CoLLEcTION de vingt-cing pièces: brocs, plats, etc. Faïences primitives du XIII°, XIV° et XV° siècle. Très intéressante.","594. CoLLEcTION de vingt-cing pièces: brocs, plats, etc. Faïences primitives du XIII°, XIV° et XV° siècle. Très intéressante.",documents/BO0624_4513
577,595,"DEux vAsEs de pharmacie à forme sphérique, décorés de rinceaux et feuillages polychromes sur fond blanc. Fabrique de Faenza.","595. DEux vAsEs de pharmacie à forme sphérique, décorés de rinceaux et feuillages polychromes sur fond blanc. Fabrique de Faenza.

Haut. 0.30

Diam. 0.33

Voir illustration, planche LXXI.",documents/BO0624_4513
578,596,PLAT à décor de feuilles vertes sur fond clair. Au milieu Amour avec l'arc et la flèche. Fabrique de Faenza.,"596. PLAT à décor de feuilles vertes sur fond clair. Au milieu Amour avec l'arc et la flèche. Fabrique de Faenza.

Diam. 0 29.",documents/BO0624_4513
579,597,"DEUx BRocs à décor jaune, bleu et manganese. Fabrique primitive.","597. DEUx BRocs à décor jaune, bleu et manganese. Fabrique primitive.",documents/BO0624_4513
580,598,AIGUiÈRE à forme de balustre. Décor de feuilles et de fleurs bleues sur fond clair. Fabrique de Faenza. Anse restaurée.,598. AIGUiÈRE à forme de balustre. Décor de feuilles et de fleurs bleues sur fond clair. Fabrique de Faenza. Anse restaurée.,documents/BO0624_4513
581,599,PETITE COUPE à reflets mordorés et rosace au fond. Fabrique de Derute. Bord endommaré,"599. PETITE COUPE à reflets mordorés et rosace au fond. Fabrique de Derute. Bord endommaré

Diam. o II.",documents/BO0624_4513
582,600,GoURDE à forme de poisson. Les écailles sont coloriées en vert et jaune et à reflets irisés. Fabrique primitive de Faenza.,"600. GoURDE à forme de poisson. Les écailles sont coloriées en vert et jaune et à reflets irisés. Fabrique primitive de Faenza.

Haut. 0.09 X Long. 0.22.

<!-- image -->
<!-- image -->

<!-- image -->

<!-- image -->

## SEPTIÈME VENTE

Mercredi 21 Avril à 3 heures précises de l'après midi

## Terres cuites.",documents/BO0624_4513
583,6,оI. TêTE de femme de face. Bas-relief en terre cuite. La partie supérieure de la tête manque.,"- 6оI. TêTE de femme de face. Bas-relief en terre cuite. La partie supérieure de la tête manque.

Haut. 0.15 - Larg. o 20.",documents/BO0624_4513
584,602,TÊTE d'une Baccante. Terre cuite. Epoque romaine.,"602. TÊTE d'une Baccante. Terre cuite. Epoque romaine.

Haut. 0.18 — Larg. 0 21.",documents/BO0624_4513
585,603,TêTE de femme et tête de faune en terre cuite. Epoque romaine.,603. TêTE de femme et tête de faune en terre cuite. Epoque romaine.,documents/BO0624_4513
586,604,Lot de trois fragments en terre cult représentant deux femmes et un génie. Epoque romaine.,604. Lot de trois fragments en terre cult représentant deux femmes et un génie. Epoque romaine.,documents/BO0624_4513
587,605,FRAGMENT de masque tragique. Terre cuite.,"605. FRAGMENT de masque tragique. Terre cuite.

Haut. 0.20.",documents/BO0624_4513
588,606,Lot de deux têtes archaïques en terre cuite. Provenantes des fouilles de Capoue.,"606. Lot de deux têtes archaïques en terre cuite. Provenantes des fouilles de Capoue.

laut. cm. 1",documents/BO0624_4513
589,607,TêtE de jeune femme. Terre cuite. Travail original.,"607. TêtE de jeune femme. Terre cuite. Travail original.

Haut. 0.26",documents/BO0624_4513
590,608,"FRAGMENT d'une frise à volutes, palmettes, rosaces et petites têtes à bas relief. Traces de polychromie. Epoque romaine.","608. FRAGMENT d'une frise à volutes, palmettes, rosaces et petites têtes à bas relief. Traces de polychromie. Epoque romaine.

Haut, 0.43 - Larg. 0.36",documents/BO0624_4513
591,609,URCEUs décoré d'une tête de femme Vernis noir. Provenant des fouilles de Capoue.,"609. URCEUs décoré d'une tête de femme Vernis noir. Provenant des fouilles de Capoue.

faut. 0.00

Voir illustration, planche LXX.",documents/BO0624_4513
592,610,DEUX FRAGMENTS en terre cuite: tête de faune et masque comique.,610. DEUX FRAGMENTS en terre cuite: tête de faune et masque comique.,documents/BO0624_4513
593,611,STATUETTE de femme. Terre cuite. Fragment de vase. Prov. des fouilles de Canosa.,"611. STATUETTE de femme. Terre cuite. Fragment de vase. Prov. des fouilles de Canosa.

Haut. 0.16",documents/BO0624_4513
594,612,"FRAGMENT de bas-relief en terre cuite offrant une tête barbue, rosaces et fleurs. Haut. 0.12 - arg. 0.10","612. FRAGMENT de bas-relief en terre cuite offrant une tête barbue, rosaces et fleurs. Haut. 0.12 - arg. 0.10",documents/BO0624_4513
595,613,"LEKYTHOS à orifice trilobé, décoré d'une tête de femme. Prov. de l'Apulie.","613. LEKYTHOS à orifice trilobé, décoré d'une tête de femme. Prov. de l'Apulie.

Haut. 0.28.",documents/BO0624_4513
596,614,MASQUE comique en terre cuite. Epoque romaine.,"614. MASQUE comique en terre cuite. Epoque romaine.

Haut. 0.14.",documents/BO0624_4513
597,615,PYxIS. Sur le couvercle masque de Gorgone en relief. Style et technique de Canosa. Fouilles de Ruvo.,"615. PYxIS. Sur le couvercle masque de Gorgone en relief. Style et technique de Canosa. Fouilles de Ruvo.

Haut. 0.30",documents/BO0624_4513
598,616,AMPHORE à décor de figures noires rehaussées de blanc sur fond rouge. Sur la panse deux Lions la gueule ouverte. Style ionien. Prov. de Capoue.,"616. AMPHORE à décor de figures noires rehaussées de blanc sur fond rouge. Sur la panse deux Lions la gueule ouverte. Style ionien. Prov. de Capoue.

Haut. 0.22.

Voir illustration, planche LXX.",documents/BO0624_4513
599,617,"BASSIN en terre cuite à deux anses plates entre deux boutons. Sur le fond une bige avec un guerrier et protome de figure de femme ailée; ornements de rosaces et branches en couleurs rouge, blanc et jaune sur fond noir. Fouilles de Canosa.","617. BASSIN en terre cuite à deux anses plates entre deux boutons. Sur le fond une bige avec un guerrier et protome de figure de femme ailée; ornements de rosaces et branches en couleurs rouge, blanc et jaune sur fond noir. Fouilles de Canosa.

Diam. 0.62.

Voir instration, planche LXX.

## Bronzes.",documents/BO0624_4513
600,618,Lot de 27 fragments de bronzes de fouilles. Cuma.,"618. Lot de 27 fragments de bronzes de fouilles. Cuma.

Haut. 0.63 X 0.15.",documents/BO0624_4513
601,619,AMOUR VENDANGEUR. Fragment d'applique à bas-relief. Epoque romaine.,"619. AMOUR VENDANGEUR. Fragment d'applique à bas-relief. Epoque romaine.

Haut. 0.07 X 0,04.",documents/BO0624_4513
602,620,PETITE CHÈVRE marchant. Epoque romane.,620. PETITE CHÈVRE marchant. Epoque romane.,documents/BO0624_4513
603,621,Lot de quatre casseroles. Patine verte rugueuse. Endommagées.,"621. Lot de quatre casseroles. Patine verte rugueuse. Endommagées.

Diam. 0.22, 0.24.

Larg. 0.38, 0.40",documents/BO0624_4513
604,622,"Lot de huit animaux: bœuf, souris, perroquet, brébis, lion, panthère, dauphin, colombe. Epoque romaine.","622. Lot de huit animaux: bœuf, souris, perroquet, brébis, lion, panthère, dauphin, colombe. Epoque romaine.",documents/BO0624_4513
605,623,PETITE LAMPE avec chaînettes à suspendre. Patine verte. Epoque romaine. Bonne conservation.,"623. PETITE LAMPE avec chaînettes à suspendre. Patine verte. Epoque romaine. Bonne conservation.

Long. o.14.",documents/BO0624_4513
606,624,Lot de 32 fragments de bronzes de fouilles. Prov. de Cuma.,"624. Lot de 32 fragments de bronzes de fouilles. Prov. de Cuma.

Haut. 0.40 - Larg. 0.33.",documents/BO0624_4513
607,625,BELLE LAMPE en bronze à forme de canard. Époque romaine.,"625. BELLE LAMPE en bronze à forme de canard. Époque romaine.

Long. 0.20.

Voir illustration, planche L.XII.",documents/BO0624_4513
608,626,PLAQUETTE ronde. Nymphes et Tritons.,"626. PLAQUETTE ronde. Nymphes et Tritons.

mm 05",documents/BO0624_4513
609,627,PLAQUETTE ovale. Centaure portant un kantare sur la tête.,"627. PLAQUETTE ovale. Centaure portant un kantare sur la tête.

M. 0.05 X 0.04.",documents/BO0624_4513
610,628,PLAQUETTE: La Vierge assise et l'Enfant.,"628. PLAQUETTE: La Vierge assise et l'Enfant.

Haut. 0.1o - Larg. 0.06",documents/BO0624_4513
611,629,PLAQUETTE ronde: Lion tenant l'Évangile ouvert (symbole de Saint Marc). Diam. 0.049.,629. PLAQUETTE ronde: Lion tenant l'Évangile ouvert (symbole de Saint Marc). Diam. 0.049.,documents/BO0624_4513
612,630,"PLAQUETTE ronde, dorée: La Nativité. Diam. mm. 45-","630. PLAQUETTE ronde, dorée: La Nativité. Diam. mm. 45-",documents/BO0624_4513
613,631,"PARTIE DE CUIRASSE, cloutée sur les bords, à plusieurs figures mythologiques gravées. Patine verte. Epoque romaine. Haut. 0.20","631. PARTIE DE CUIRASSE, cloutée sur les bords, à plusieurs figures mythologiques gravées. Patine verte. Epoque romaine. Haut. 0.20",documents/BO0624_4513
614,632,PLAQUETTE rectangulaire: La Piété. M. 0.05 X 0.03.,632. PLAQUETTE rectangulaire: La Piété. M. 0.05 X 0.03.,documents/BO0624_4513
615,633,PLAQUETTE ronde en plomb. Ascension du Sauveur au ciel. Sur le bord l'inscription: Ascendit Deus in jubilo et Dominus in voce tubae. An. jobilaei MDXXV.,"633. PLAQUETTE ronde en plomb. Ascension du Sauveur au ciel. Sur le bord l'inscription: Ascendit Deus in jubilo et Dominus in voce tubae. An. jobilaei MDXXV.

Diam. o.1o.",documents/BO0624_4513
616,634,PLAQUETTE ronde: Thésée tuant le Minotaure.,"634. PLAQUETTE ronde: Thésée tuant le Minotaure.

Diam. 0.06",documents/BO0624_4513
617,635,"LA VIERGE assise tenant l'Enfant Jésus sur les genoux, près d'elle Saint Jean. Bas-relief en terre cuite, émaillé en couleurs et rehaussé de dorures, dans encadrement architectonique, doré.","635. LA VIERGE assise tenant l'Enfant Jésus sur les genoux, près d'elle Saint Jean. Bas-relief en terre cuite, émaillé en couleurs et rehaussé de dorures, dans encadrement architectonique, doré.

XV° siècle.

Haut. 0.18 - Larg. 0.12.",documents/BO0624_4513
618,636,ENCRIER en forme de base décorée d'une torsade au bas et posant sur trois griffes de lion. XVIe siècle.,"636. ENCRIER en forme de base décorée d'une torsade au bas et posant sur trois griffes de lion. XVIe siècle.

Haut. 0.09.",documents/BO0624_4513
619,637,"Lot d'un heurtoir formé de deux chimères, Une tête de Méduse (applique). Une tête de lion.","637. Lot d'un heurtoir formé de deux chimères, Une tête de Méduse (applique). Une tête de lion.",documents/BO0624_4513
620,638,"BACCHANALE. Bacchus nu, tenant une coupe dans la main droite, et une grappe de raisin dans la gauche, danse, loure de satyres et de petits amours. Plaquette ronde, en bronze. XVI siècle.","638. BACCHANALE. Bacchus nu, tenant une coupe dans la main droite, et une grappe de raisin dans la gauche, danse, loure de satyres et de petits amours. Plaquette ronde, en bronze. XVI siècle.

Diam. 0.132.",documents/BO0624_4513
621,630,LOT de Io pièces en bronze de fouilles. Prov. de Cuma,"630. LOT de Io pièces en bronze de fouilles. Prov. de Cuma

Haut. 0 40 - Larg. 0.33.",documents/BO0624_4513
622,640,LOT de fragments en bronze de fouilles. Prov. de Cuma.,"640. LOT de fragments en bronze de fouilles. Prov. de Cuma.

Haut. 0.60 - Larg. 0.15.",documents/BO0624_4513
623,641,"GRAND BASSIN à haut pied, en bronze, à bord orné. Anses ciselées. Fouilles de Cuma.","641. GRAND BASSIN à haut pied, en bronze, à bord orné. Anses ciselées. Fouilles de Cuma.

Haut. 0.24. Diam. 0.56.

Vour illustration, page 18.",documents/BO0624_4513
624,642,"COUvERCLE d'encrier, triangulaire surmonté d'un singe et autre couvercle d'encrier à mascaron de satyre. Belles patines. XVI siècle.","642. COUvERCLE d'encrier, triangulaire surmonté d'un singe et autre couvercle d'encrier à mascaron de satyre. Belles patines. XVI siècle.",documents/BO0624_4513
625,643,DISCOBOLE. Le bras gauche levé dans l'attitude de frapper sur un disque qu'il tient dans la main droite. Patine verte,"643. DISCOBOLE. Le bras gauche levé dans l'attitude de frapper sur un disque qu'il tient dans la main droite. Patine verte

Epoque archaïque.

- foncée. Très bonne conservation.

Voir illustration, planche LX.

Haut. 0,15.

## Objets divers.",documents/BO0624_4513
626,644,"COUPE en cristal de roche à fleurs, oiseaux et ornements gravés. Cassée","644. COUPE en cristal de roche à fleurs, oiseaux et ornements gravés. Cassée

Larg. 0.14 X 0.10.",documents/BO0624_4513
627,645,"AIGUIÈRE en cuivre de forme ovoide, surmontée d'une anse fixe terminant à volutes. Le corps orné de deux registres, l'inférieur offrant un mascaron écusson entre cygnes et branches de feuilles, le supérieur des chiens et des volutes feuillagées. Patine rougeâtre. XVI° siècle.","645. AIGUIÈRE en cuivre de forme ovoide, surmontée d'une anse fixe terminant à volutes. Le corps orné de deux registres, l'inférieur offrant un mascaron écusson entre cygnes et branches de feuilles, le supérieur des chiens et des volutes feuillagées. Patine rougeâtre. XVI° siècle.

Haut, totale 0.23. Diam. 0.14,

Voir illustration, planche LXXVI.",documents/BO0624_4513
628,646,"CALICE en cuivre doré, le nœud décoré de petits nielles à figures symboliques. Pied hexagonal à pointes. Coupe en argent. Commencement du XV° siècle.","646. CALICE en cuivre doré, le nœud décoré de petits nielles à figures symboliques. Pied hexagonal à pointes. Coupe en argent. Commencement du XV° siècle.

Haut. 0,20.",documents/BO0624_4513
629,647,"Lot de dix jouets d'enfant, en plomb: petite lampe, panier, mensa tripes, plateaux, etc. Epoque romaine. rrov. de Terracina (Anxur).","647. Lot de dix jouets d'enfant, en plomb: petite lampe, panier, mensa tripes, plateaux, etc. Epoque romaine. rrov. de Terracina (Anxur).",documents/BO0624_4513
630,648,PETIT ALABASTRON en cristal de roche.,"648. PETIT ALABASTRON en cristal de roche.

Haut. mm. 35•",documents/BO0624_4513
631,649,OISEAUX perchés sur un fil tendu. Pein ture a fresco. Prov. de Boscotrecase (près de Naples).,"649. OISEAUX perchés sur un fil tendu. Pein ture a fresco. Prov. de Boscotrecase (près de Naples).

M. 0.40 X 0.60",documents/BO0624_4513
632,650,COMPAS. Belle conservation. Prov du libre.,"650. COMPAS. Belle conservation. Prov du libre.

Long. 0.I4.

051. CADRE carré à ornements à relief dores · sur fond noir. AV siecle

M. 0.32 X 0,29

052. LA RELIGION. Groupe en terre cuite XVII siècle. (Manque l'avant-bras droit de la figure),

Haut, 0 47.

vowr lustration, blanche LXXVII.

053. LA VIERGE assise tenant l'Enfant Jésus sur les genoux. Haut-relief en stuc polychrome et doré.

Haut, 0.33 X 0.18.",documents/BO0624_4513
633,654,LA VIERGE et l'ENFANT JÉSUS. Stuc polychrome et dore. Ecole de Sienne XVe siècle,"654. LA VIERGE et l'ENFANT JÉSUS. Stuc polychrome et dore. Ecole de Sienne XVe siècle

Haut. 0,46 X 0.36.

055. COFFRET en bois de forme oblongue, couvercle en toit. Décor à dessins géometriques en couleurs et pointillé.

Alv siecle. Sienne.

Laig. 0.35 X 0,12 X 0.20

050. LIVRE MANUSCRIT en langue espagnole avec cinq miniatures a pleine page, contenant lettres, documents, etc.. relié en velours vert. XVII siècle.",documents/BO0624_4513
634,2,657 LA CHARITÉ. Groupe en terre cuite. XVIITe siècle,"2. 657 LA CHARITÉ. Groupe en terre cuite. XVIITe siècle

Haut. 0.39.

Voir illustration, blanche LXXVIl.

## CELLINI BENVENUTO",documents/BO0624_4513
635,658,"GRAND SCEAU en bronze offrant la Vierge de Lorette, les armoiries des Farnèse et des deux côtés groupes de guerriers. A l'exergue l'inscription: « Collegium Militum Lauretanorum ».","658. GRAND SCEAU en bronze offrant la Vierge de Lorette, les armoiries des Farnèse et des deux côtés groupes de guerriers. A l'exergue l'inscription: « Collegium Militum Lauretanorum ».

Diam. 0.06.

Vour illustration, blanche LXXVIll.

## LUCA DELLA ROBBIA.

059. LA VIERGE, nimbée, vue à mi-corps, tenant | Entant debout à gauche. Bas-rener cintre par le haut. Les foures en émail blanc se détachent sur fond bleu azur. Pièce de tout premier ordre. Prov de la collection Spinola. Cette pièce ne pourra etre mise aux encheres s1 n aura pas obtenu, pour le jour de la vente, la permission du ylinistere 1 Instruction rublique

Haut. 0.60 —- 0.40

Voir illustration, blanche AXVI.

## Os et ivoires.",documents/BO0624_4513
636,660,"Lot de quatre fragments d'os sculptés a figures d'amours, animaux, etc. Epoque romaine","660. Lot de quatre fragments d'os sculptés a figures d'amours, animaux, etc. Epoque romaine
061. LETE en os de guerrier casqué. Manque la crista. Abimé. Grec.

Haut. o.06.

voir lustration, planche LXVl.

002. SPHINX AILEE. Plaquette rectangulaire en os. L'angle supérieur, à droite. brisé. Epoque romaine.

Haut. 0.05 X 0.07

Voir illustration, blanche LXVI.",documents/BO0624_4513
637,663,FIGURE d'homme assis tenant de la main aroite un panier avec des fruits. sculpture en haut-reler en os. Art alexandrin.,"663. FIGURE d'homme assis tenant de la main aroite un panier avec des fruits. sculpture en haut-reler en os. Art alexandrin.

Haut, 0.09 X 0.08

Voir illustration, planche LXVI.",documents/BO0624_4513
638,664,PARTIE INFÉRIEURE d'homme agenouillé sur des rochers. Fragment de plaquette en os. Beau spécimen d'art grec.,"664. PARTIE INFÉRIEURE d'homme agenouillé sur des rochers. Fragment de plaquette en os. Beau spécimen d'art grec.

Voir illustration, planche LXVI.",documents/BO0624_4513
639,665,AMOUR SUR DAUPHIN. Fragment de bas-relief en os. Epoque romaine.,"665. AMOUR SUR DAUPHIN. Fragment de bas-relief en os. Epoque romaine.

Haut. 0.08 X 0.04.

Voir illustration, planche LXVI.",documents/BO0624_4513
640,666,"QUATRE PLAQUES de coffret dont trois avec génies des champs, une avec nymphe portant une offrande, l'autre un faune. Bas-reliefs en os. Après avoir imprimé l'illustration nous avons trouvé le petit carreau avec corbeille pleine de fruits pareil à l'autre qui sert de base au panneau de gauche.","666. QUATRE PLAQUES de coffret dont trois avec génies des champs, une avec nymphe portant une offrande, l'autre un faune. Bas-reliefs en os. Après avoir imprimé l'illustration nous avons trouvé le petit carreau avec corbeille pleine de fruits pareil à l'autre qui sert de base au panneau de gauche.

Haut. de o.11 à 0.16.

Voir illustration, planche LXVIII.",documents/BO0624_4513
641,667,"COLLECTION de manches de couteaux et de canifs en bronze, en os et en ivoire, à motifs de décoration mythologique et chimérique. 34 pièces très importantes desquelles la plus intéressante est un couteau de sacrifice. Époques romaine, byzantine, etc.","667. COLLECTION de manches de couteaux et de canifs en bronze, en os et en ivoire, à motifs de décoration mythologique et chimérique. 34 pièces très importantes desquelles la plus intéressante est un couteau de sacrifice. Époques romaine, byzantine, etc.

Voir illustration, planches LXVIl et LXVI.

## Faïences.",documents/BO0624_4513
642,668,PETITE COUPE à décor vert et manganèse à reflets mordorés. Fabrique primruve,"668. PETITE COUPE à décor vert et manganèse à reflets mordorés. Fabrique primruve

Diam. o.I1.",documents/BO0624_4513
643,669,CoUPE à décor vert et jaune et à dessins géométriques gravés sous engobe. Fabrique primitive.,"669. CoUPE à décor vert et jaune et à dessins géométriques gravés sous engobe. Fabrique primitive.

Diam. 0.12.",documents/BO0624_4513
644,670,CoRNET de pharmacie offrant sur la face principale le portrait d'un moine. Décor bleu ét jaune. Fabrique de Faenza.,"670. CoRNET de pharmacie offrant sur la face principale le portrait d'un moine. Décor bleu ét jaune. Fabrique de Faenza.

Haut, 0.27.

Voir illustration, planche LXXIII.",documents/BO0624_4513
645,671,"PETIT PLAT creux. Judith près d'une tente avec son ancelle, mettant la tête d'Holopherne dans un panier. Emaux vert, jaune et bleu à reflets métalliques. Fabrique d'Urbino.","671. PETIT PLAT creux. Judith près d'une tente avec son ancelle, mettant la tête d'Holopherne dans un panier. Emaux vert, jaune et bleu à reflets métalliques. Fabrique d'Urbino.

Diam. o 21.

voir wbustration, planche LAX/L.",documents/BO0624_4513
646,672,"PLAT à pied bas. Sur le fond Hercule tournant le dos, tenant avec la main droite la massue. Emaux brillants. Fabrique d'Urbino. Horace Fontana.","672. PLAT à pied bas. Sur le fond Hercule tournant le dos, tenant avec la main droite la massue. Emaux brillants. Fabrique d'Urbino. Horace Fontana.

Diam. 0.21

Voir illustration, planche LXXZ.",documents/BO0624_4513
647,673,PLAT CREUX à relief. Chute et bord veints d imitation du marbre. Sur le fond les Dieux de l'Olympe assistent à la délivrance d'Andromède par Thé sée qui descend du haut pour tuer le monstre. Belle pièce de B. Palissy.,"673. PLAT CREUX à relief. Chute et bord veints d imitation du marbre. Sur le fond les Dieux de l'Olympe assistent à la délivrance d'Andromède par Thé sée qui descend du haut pour tuer le monstre. Belle pièce de B. Palissy.

Diam. 0.35.

Voir illustration, planche LXXIII.

## Tableaux.

## NEEFS PIETER.",documents/BO0624_4513
648,674,INTÉRIEUR d'une église. Peinture sur bois. Cadre noir.,"674. INTÉRIEUR d'une église. Peinture sur bois. Cadre noir.

M. 0.40 X 0,56.

## ECOLE FLORENTINE.

(AVe siecle)",documents/BO0624_4513
649,675,LA PRÉSENTATION de la Vierge au temple. Bois.,"675. LA PRÉSENTATION de la Vierge au temple. Bois.

M. 0.24 X 0.25

- — LA NAISSANCE de Jésus. Bois M. 0.48 X 0 24

Deux fragments de tableaux.",documents/BO0624_4513
650,676,"LA VIERGE représentée à mi-figure, porte entre ses bras le Divin Fils; St. Jean à droite, lui donne une pomme. Bois Haut. 0.48 X 0.24 Voir illustration, planche XX.","676. LA VIERGE représentée à mi-figure, porte entre ses bras le Divin Fils; St. Jean à droite, lui donne une pomme. Bois Haut. 0.48 X 0.24 Voir illustration, planche XX.
## ECOLE OMBRIENNE.

(XVe siècle).",documents/BO0624_4513
651,677,"S. PAUL, S. ANTOINE, S. JEAN ET S. RoCH. Quatre panneaux de polyptyque à fond d'or.","677. S. PAUL, S. ANTOINE, S. JEAN ET S. RoCH. Quatre panneaux de polyptyque à fond d'or.

Provenants de la Collection Nevin.

Haut. 0.90 X 0.47.

Voir illustration, planche IV.

## ECOLE FLORENTINE.

(Ave stecle).",documents/BO0624_4513
652,678,L'ASSOMPTION DE LA VIERGE. Des anges adorent la Vierge dans le moment où Elle se lève du tombeau. Fond de paysage. XV° siècle.,"678. L'ASSOMPTION DE LA VIERGE. Des anges adorent la Vierge dans le moment où Elle se lève du tombeau. Fond de paysage. XV° siècle.

M 0.30 X 0.35.

• Voir illustration, planche XVII.

## INCONNU.",documents/BO0624_4513
653,679,FRUITS. Deux tableaux sur toile. Cadre doré. XVII® siècle.,"679. FRUITS. Deux tableaux sur toile. Cadre doré. XVII® siècle.

M. 0.64 X 0.50.

## P. P. RUBENS.

(attribué à)",documents/BO0624_4513
654,680,"CENTAURE caressant une nymphe. Bois, Haut, 0.61 X 0.42.","680. CENTAURE caressant une nymphe. Bois, Haut, 0.61 X 0.42.

## ECOLE OMBRIENNE-SIENNOISE.

(AVe siécle).",documents/BO0624_4513
655,681,"MADONE ET STE CATHERINE. Deux Panneaux a fond d'or. Bois. Perkins, Cat. Nevin n. 145.","681. MADONE ET STE CATHERINE. Deux Panneaux a fond d'or. Bois. Perkins, Cat. Nevin n. 145.

Haut. M. 0.5г X 0.38.

## SPAGNA F.

attribue a)",documents/BO0624_4513
656,682,LA VIERGE à mi-figure tenant l'Enfant Jésus sur les genoux. Fond de paysage. Toile. Beau cadre doré et sculpté.,"682. LA VIERGE à mi-figure tenant l'Enfant Jésus sur les genoux. Fond de paysage. Toile. Beau cadre doré et sculpté.

Voir illustration, planche XIII.

## Marbres.",documents/BO0624_4513
657,683,DIOSCURE armé de lance conduisant son coursier vers la gauche. Partie d'un basreller romam. L'autre partie se trouve au Musée Impérial de Berlin. Pièce tres intéressante.,"683. DIOSCURE armé de lance conduisant son coursier vers la gauche. Partie d'un basreller romam. L'autre partie se trouve au Musée Impérial de Berlin. Pièce tres intéressante.

Haut. 0.95 X 0.44.

Voir illustration, planche LI.",documents/BO0624_4513
658,684,ANGE. Bas relief en marbre de l'école de Niccolò Fiorentino. XVI° siècle.,"684. ANGE. Bas relief en marbre de l'école de Niccolò Fiorentino. XVI° siècle.

Haut. 0.52 - Larg. 0.43.",documents/BO0624_4513
659,685,CHEMINÉE en marbre de Carrara. Montants et frise de l'entablement décorés dornements. feulllages et guirandes sculptées. XVI* siècle.,"685. CHEMINÉE en marbre de Carrara. Montants et frise de l'entablement décorés dornements. feulllages et guirandes sculptées. XVI* siècle.

Haut. 1.32 X 1.8o.

Voir illustration, planche XLIII.",documents/BO0624_4513
660,686,"STATUE acéphale (Isis?) en basalte noir, mutilée aux extrémités. Une inscription hiéroglyphique est gravée sur l'appui postérieur de la statue. Époque Ptoléméenne Prov. fouilles de Rome.","686. STATUE acéphale (Isis?) en basalte noir, mutilée aux extrémités. Une inscription hiéroglyphique est gravée sur l'appui postérieur de la statue. Époque Ptoléméenne Prov. fouilles de Rome.

Voir illustration, planche LVII.",documents/BO0624_4513
661,687,VASQUE de forme rectangulaire en marble blanc. Epoque romaine.,"687. VASQUE de forme rectangulaire en marble blanc. Epoque romaine.

M. 1.78 X 0.68 X 0.35.",documents/BO0624_4513
662,688,"SATYRE capripède assis sur son rocher couvert de la nébris, jouant de la double flûte devant une hermés dont on voit la base brisée. Socle oblong. Marbre grec. Époque romaine. Rest. la tête, les avantbras, le pied droit.","688. SATYRE capripède assis sur son rocher couvert de la nébris, jouant de la double flûte devant une hermés dont on voit la base brisée. Socle oblong. Marbre grec. Époque romaine. Rest. la tête, les avantbras, le pied droit.

Haut. 0 52 X 062.

Voir illustration, planche LV.",documents/BO0624_4513
663,689,AMoUR tendant l'arc. Relief en porphyre. Cadre doré.,"689. AMoUR tendant l'arc. Relief en porphyre. Cadre doré.

Haut, 0.20 - Larg, 0.15•",documents/BO0624_4513
664,690,"HERMÉS d'homme barbu, dérivant d'un original grec du V° siècle (type de Sofocle). Plus grand que nature. Fouilles de Capoue.","690. HERMÉS d'homme barbu, dérivant d'un original grec du V° siècle (type de Sofocle). Plus grand que nature. Fouilles de Capoue.

Voir illustration, planche L.XX.

Haut. 0.56.",documents/BO0624_4513
665,691,"COLONNE en pierre, décorée d'un écusson armorié, surmontée d'un chapiteau corinthien en marbre.","691. COLONNE en pierre, décorée d'un écusson armorié, surmontée d'un chapiteau corinthien en marbre.

Haut. totale 1.32",documents/BO0624_4513
666,692,TÊTE DE VÉNUS en marbre de Paros. Art greco-romain.,"692. TÊTE DE VÉNUS en marbre de Paros. Art greco-romain.

Haut. 0.31.",documents/BO0624_4513
667,693,ANDROMÈDE attachée au rocher. Statuette en marbre blanc. Rocher en africano. École lombarde.,"693. ANDROMÈDE attachée au rocher. Statuette en marbre blanc. Rocher en africano. École lombarde.

Haut. 0.37.

Voir illustration, planche XXIII.",documents/BO0624_4513
668,694,BÉNITIER. Bassin avec armoiries et deux balances sculptées en bas-relief. Balustre et socle à ornements sculptés. Marbre de Carrara. Restauré. XVI© siècle.,"694. BÉNITIER. Bassin avec armoiries et deux balances sculptées en bas-relief. Balustre et socle à ornements sculptés. Marbre de Carrara. Restauré. XVI© siècle.

Diam. 0.67. Haut, 1.20.

Voir illustration, planche XLI.",documents/BO0624_4513
669,695,CHAPITEAU DE PILIER décoré de feuilles. volutes et protomes de chimère. Sicile. XVI siècle.,"695. CHAPITEAU DE PILIER décoré de feuilles. volutes et protomes de chimère. Sicile. XVI siècle.

Haut. 0.65 X 0.77.

## MINO DA FIESOLE.",documents/BO0624_4513
670,696,FRAGMENT de bas-relief représentant la Vierge tenant l'enfant Jésus.,"696. FRAGMENT de bas-relief représentant la Vierge tenant l'enfant Jésus.

M. 0.34 X 0.23.",documents/BO0624_4513
671,697,"ENFANT nu, debout; s'appuyant à un balustre. Rest. le haut du crâne, la jambe gauche, la partie inférieure du balustre et la base. Les bras manquent. Art hellénistique.","697. ENFANT nu, debout; s'appuyant à un balustre. Rest. le haut du crâne, la jambe gauche, la partie inférieure du balustre et la base. Les bras manquent. Art hellénistique.

Haut. 1.00.",documents/BO0624_4513
672,698,"CÉRÈs debout, drapée, sur base ovale. Marbre grec. Epoque romaine.","698. CÉRÈs debout, drapée, sur base ovale. Marbre grec. Epoque romaine.

Haut. 1,00.",documents/BO0624_4513
673,699,SILÈNE debout. Bas-relief en marbre. Époque romaine.,"699. SILÈNE debout. Bas-relief en marbre. Époque romaine.

Haut. 0.25 - Larg. 0.14,",documents/BO0624_4513
674,700,FRAGMENT DE FRISE avec ornements sculptés en relief. Pierre. XVI° siècle. <!-- image -->,"700. FRAGMENT DE FRISE avec ornements sculptés en relief. Pierre. XVI° siècle.

Haut, 0.80.

Voir illustration, planche XLIT.

<!-- image --> 537
<!-- image -->

<!-- image -->

## DERNIÈRE VENTE

Jeudi 22 Avril à 3 heures précises de l'après midi

## Terres cuites.",documents/BO0624_4513
675,701,ENFANT à cheval d'une chimère à tête de tigre. Bas-relief en terre cuite.,"701. ENFANT à cheval d'une chimère à tête 2. de tigre. Bas-relief en terre cuite.

Haut. 0.20 - Larg. 0.23.",documents/BO0624_4513
676,702,MARSYAS ou une victime du géant Sinis? Terre cuite. XVI siècle.,"702. MARSYAS ou une victime du géant Sinis? Terre cuite. XVI siècle.

Haut. 0.20 X 0.29.",documents/BO0624_4513
677,703,"PeLIKE de fabrique apulienne, décorée de têtes de femme et de cygne et deux figures drapées. Provenant de l'Apulie.","703. PeLIKE de fabrique apulienne, décorée de têtes de femme et de cygne et deux 2. figures drapées. Provenant de l'Apulie.

Haut. cm. 15.",documents/BO0624_4513
678,704,"URcEUs décoré d'une tête de satyre de face, peinte en non sur fond rouge. Style archaïque. Provenant des fouilles","704. URcEUs décoré d'une tête de satyre de face, peinte en non sur fond rouge. Style archaïque. Provenant des fouilles

Haut. cm. 9",documents/BO0624_4513
679,705,RYTHoN en forme de tête de femme avec traces de polychromie. Provenant des fouilles de Ruvo.,"705. RYTHoN en forme de tête de femme avec traces de polychromie. Provenant 2. des fouilles de Ruvo.

Haut, cm. 30.",documents/BO0624_4513
680,706,STATUETTE de femme (couronnement d'un vase en terre cuite émailée en blanc avec traces de couleur rouge. Provenant des fouilles de Canosa.,"706. STATUETTE de femme (couronnement d'un vase en terre cuite émailée en blanc avec traces de couleur rouge. Provenant des fouilles de Canosa.

Haut. cm. 20.",documents/BO0624_4513
681,707,"OrocHos à orifice trilobé, offrant sur la panse une figure de faune dansant, peint en noir. Provenant de Capoue.","707. OrocHos à orifice trilobé, offrant sur la panse une figure de faune dansant, peint en noir. Provenant de Capoue.

Haut. cm. 9.",documents/BO0624_4513
682,708,AMPHORE peinte en rouge sur fond noir. Deux chevaux des deux côtés du vase. Art campanien. Provenant de Capoue.,"708. AMPHORE peinte en rouge sur fond noir. Deux chevaux des deux côtés du vase. 2. Art campanien. Provenant de Capoue.

Haut, cm. 23.

- de Capoue.",documents/BO0624_4513
683,709,"PeLiKE apulienne, décorée de personnages peints en rouge. Génie funèbre et figures de femmes. Provenant de l'Apulie","709. PeLiKE apulienne, décorée de personnages peints en rouge. Génie funèbre et figures de femmes. Provenant de l'Apulie

Haut. cm. 35",documents/BO0624_4513
684,710,"URNE CINÉRAIRE en terre cuite. Dans la partie inférieure deux guerriers en combat. Sur le couvercle, figure couchée. Haut. 0.35 X 0.35.","710. URNE CINÉRAIRE en terre cuite. Dans la partie inférieure deux guerriers en combat. Sur le couvercle, figure couchée. Haut. 0.35 X 0.35.",documents/BO0624_4513
685,711,FIGURE FUNÉRAIRE ailée. Terre cuite. Style et tecnique de Canosa. Fouilles de Canosa.,"711. FIGURE FUNÉRAIRE ailée. Terre cuite. Style et tecnique de Canosa. Fouilles de Canosa.

Haut. 0.29.

Voir illustration, planche LXZX:",documents/BO0624_4513
686,712,"Prxis en terre cuite. Dans le milieu deux figures assises (Paris et Hélène?) entre lesquelles Eros, ailé, debout. Orne ments sur le couvercle. Style et tecnique de Canosa. Fouilles de Ruvo.","712. Prxis en terre cuite. Dans le milieu deux figures assises (Paris et Hélène?) entre lesquelles Eros, ailé, debout. Orne ments sur le couvercle. Style et tecnique de Canosa. Fouilles de Ruvo.

Diam. o.31.

## Bronzes.",documents/BO0624_4513
687,713,AMouR tenant de la main droite un oiseau. Patine verte. Epoque romaine.,"713. AMouR tenant de la main droite un oiseau. Patine verte. Epoque romaine.

Figurine haute 0.04.",documents/BO0624_4513
688,714,"DEUX BALSAMAIRES (forme bombyle). Belle conservation. Patine verte, ru gueuse. Provenant de Faleria.","714. DEUX BALSAMAIRES (forme bombyle). Belle conservation. Patine verte, ru gueuse. Provenant de Faleria.

Haut. 0.12 X 0.09.",documents/BO0624_4513
689,715,LAMPe: anse a feuille de lierre; chainette à suspendre munie de crochet Patine verte foncée. Epoque romaine.,"715. LAMPe: anse a feuille de lierre; chainette à suspendre munie de crochet Patine verte foncée. Epoque romaine.

Long. 0.12.",documents/BO0624_4513
690,716,PETITE LAMpE à deux mèches; anse formée par un croissant. Patine verte Époque romaine.,716. PETITE LAMpE à deux mèches; anse formée par un croissant. Patine verte Époque romaine.,documents/BO0624_4513
691,717,"DEUX POIGNÉEs. Mascaron tenant deux dauphins, au bas coquille. XVI° siècle.","717. DEUX POIGNÉEs. Mascaron tenant deux dauphins, au bas coquille. XVI° siècle.",documents/BO0624_4513
692,718,AMour debout jouant du violon. Doré. XV° siècle. Vénitien.,"718. AMour debout jouant du violon. Doré. XV° siècle. Vénitien.

Haut. o.11.",documents/BO0624_4513
693,719,ENcRIER décoré de trois cariatides reliées d'un feston surmonté d'un masque de lion. XVI° siècle. Vénitien.,"719. ENcRIER décoré de trois cariatides reliées d'un feston surmonté d'un masque de lion. XVI° siècle. Vénitien.

Voir illustration, planche LXXVIII.",documents/BO0624_4513
694,720,TRÊS BELLE LAMPE en bronze avec anse à tête de griffon surmontée de l'emblème chrétien. III® siècle d. C.,"720. TRÊS BELLE LAMPE en bronze avec anse à tête de griffon surmontée de l'emblème chrétien. III® siècle d. C.

Long. 0.21.

Voir illustration, planche L.XZI.

## Objets divers.",documents/BO0624_4513
695,721,"DEUX TORTUEs en bronze, bases de chandeliers. XV° siècle.","721. DEUX TORTUEs en bronze, bases de chandeliers. XV° siècle.

Long. 0.13",documents/BO0624_4513
696,722,"Pyxis en cuivre doré, pied à balustre Sur le couvercle l'inscription: IOAN. NES EGYPTIVS. F. F ANNO . 1582. Haut. 0.18.","722. Pyxis en cuivre doré, pied à balustre Sur le couvercle l'inscription: IOAN. NES EGYPTIVS. F. F ANNO . 1582. 2. Haut. 0.18.",documents/BO0624_4513
697,723,"CaDre en bois à frise, moulures et corniche richement decorées de palmettes, feuilllages et ornements en relief.","723. CaDre en bois à frise, moulures et corniche richement decorées de palmettes, feuilllages et ornements en relief.

Haut. 1.00 X 0.56.

Voir illustration, planche XLVIII.",documents/BO0624_4513
698,724,CHATovILLE à décor dit: « alla certosina » en os et bois différents,"724. CHATovILLE à décor dit: « alla certosina » en os et bois différents

Larg. 0.22 X 0.13 X 0,07.",documents/BO0624_4513
699,725,ENcRIeR en marbre surmonté d'un groupe en bronze représentant Venus et Amour. AVIl siecle,"725. ENcRIeR en marbre surmonté d'un groupe en bronze représentant Venus et Amour. AVIl siecle

naut. o.17",documents/BO0624_4513
700,726,"CaLIce en cuivre doré, pied lobé et à pointes, nœud orné de fleurs émaillées Coupe en argent. XIV® siècle.","726. CaLIce en cuivre doré, pied lobé et à pointes, nœud orné de fleurs émaillées Coupe en argent. XIV® siècle.

Haut. 0.20",documents/BO0624_4513
701,727,DÉFENSE D'ÉLÉPHANT dans un étui recouvert de maroquin rouge. Sur le couverle ornements aux petits fers et les. armes papales entourées de la dédicace: GREGORIO XIIII PONTIFICI MAXIMO. Sur le bord l'inscription: PRIORE T. FRATRES. MONASTERII.S. MARIE DE. GUADALOUPE. S. HIERONYMI HISPANIE. ANNO . DOMINI . MDXC.,"727. DÉFENSE D'ÉLÉPHANT dans un étui recouvert de maroquin rouge. Sur le couverle ornements aux petits fers et les. armes papales entourées de la dédicace: GREGORIO XIIII PONTIFICI MAXIMO. Sur le bord l'inscription: PRIORE T. FRATRES. MONASTERII.S. MARIE DE. GUADALOUPE. S. HIERONYMI HISPANIE. ANNO . DOMINI . MDXC.

Long. 0.71.",documents/BO0624_4513
702,728,LA SAINTE FAMILLE. Bas-relief en stuc cintré en haut. Art florentin. Quelques restaurations.,"728. LA SAINTE FAMILLE. Bas-relief en stuc cintré en haut. Art florentin. Quelques 2. restaurations.

Haut. 0.82 X 0.78.",documents/BO0624_4513
703,729,"CoFFRer en bois de forme oblongue, couvercle en toit. Décoré d'écussons armoriés, et feuilles et fleurs en couleurs sult fond rouge. Ferrures anciennes Sienne.","729. CoFFRer en bois de forme oblongue, couvercle en toit. Décoré d'écussons armoriés, et feuilles et fleurs en couleurs 2. sult fond rouge. Ferrures anciennes Sienne.

Larg. 0.44 X 0.16 X 0.18.",documents/BO0624_4513
704,730,Lor composé de huit cadres différents en bois.,730. Lor composé de huit cadres différents 2. en bois.,documents/BO0624_4513
705,731,"PLAQUE cintrée par le haut, peinte en couleurs, représentant Saint Jean agénouillé devant l'Agneau. AttriCadre en emaux de buee a Martial Reymond. bronze dote.","731. PLAQUE cintrée par le haut, peinte en couleurs, représentant Saint Jean agénouillé devant l'Agneau. AttriCadre en 4. emaux de buee a Martial Reymond. bronze dote.

Voir illustration, planche LXXV.",documents/BO0624_4513
706,732,LA CHARITÉ. Groupe en terre cuite. Épo-,"732. LA CHARITÉ. Groupe en terre cuite. Épo-

Haut. 0.45.

- que XVII® siècle.

Voir illustration, planche LXXVII.

## Faïences.",documents/BO0624_4513
707,733,"PETIT BROc à orifice trilobé, à décor vert et manganese. Fabrique primitive. Orifice brisé.","733. PETIT BROc à orifice trilobé, à décor vert et manganese. Fabrique primitive. Orifice brisé.

Maut. 0.14.",documents/BO0624_4513
708,734,"PeTIT PLAT, décor de bandes droites et serpentants en couleur verte sur fond clair, à reflets argentés. Époque primi- rive. Très rare.","734. PeTIT PLAT, décor de bandes droites et serpentants en couleur verte sur fond clair, à reflets argentés. Époque primi- 2. rive. Très rare.

Diam. 0.16.",documents/BO0624_4513
709,735,PLAT CReux à marli orné des d'ornements polychromes; au fond quadrillé. Reflets nacrés. Fabrique de Caf- zones fagiolo. Restauré.,"735. PLAT CReux à marli orné des d'ornements polychromes; au fond quadrillé. Reflets nacrés. Fabrique de Caf- 2. zones fagiolo. Restauré.

Voir illustration, planche LXX/I.",documents/BO0624_4513
710,736,"Cuve ornée d'un ange; à l'entour déco- ration des feuilles, palmettes et rosaces en diverses couleurs. A l'extérieur des traits croisés en bleu sur fond blanc. Fabrique de Faenza. Marqué.","736. Cuve ornée d'un ange; à l'entour déco- 2. ration des feuilles, palmettes et rosaces en diverses couleurs. A l'extérieur des traits croisés en bleu sur fond blanc. Fabrique de Faenza. Marqué.

Diam. 0.35. Voir illustration, planche LXX/I.",documents/BO0624_4513
711,737,PLAT offrant au milieu armoiries et au pourtour des ornements jaunes sur fond bleu. Fabrique de Faenza.,"737. PLAT offrant au milieu armoiries et au pourtour des ornements jaunes sur fond 2. bleu. Fabrique de Faenza.

Diam. 0.22.

Voir illustration, planche LXXII.",documents/BO0624_4513
712,738,VAsE de pharmacie: Cartouche dans une couronne de feuilles. Fabrique de Faenza,"738. VAsE de pharmacie: Cartouche dans une couronne de feuilles. Fabrique de 2. Faenza

daut. 0.24

Voir illustration, planche LXXIII.",documents/BO0624_4513
713,739,"PETIT PLAT à fond creux, orné au milieu et sur le mari de volutes a peutes fleurs et feuilles en jaune chamois à très beaux reflets nacrés sur fond clair. Fabrique de Gubbio.","739. PETIT PLAT à fond creux, orné au milieu et sur le mari de volutes a peutes fleurs et feuilles en jaune chamois à très beaux reflets nacrés sur fond clair. Fabrique de Gubbio.

Diam. 0.20.

Voir illustration, planche LXXII.",documents/BO0624_4513
714,740,SI SéBASTIEN lié à l'arbre. Terre cuite du XVIe siècle.,"740. SI SéBASTIEN lié à l'arbre. Terre cuite du XVIe siècle.

Voir illustration, planche LXXVII.

## Meubles.",documents/BO0624_4513
715,741,"PeTIT COFFRE à forme durne, à mou- lures richement sculptées et décore aux angles des chimères ailées à tête","741. PeTIT COFFRE à forme durne, à mou- 2. lures richement sculptées et décore aux angles des chimères ailées à tête
de femme. Noyer. Très belle patine. Travail du beau style florentin. XVI° siècle. Provenant de la collection Castellani.

M. 0.51 X 0.32.

Voir illustration, planche LXXV.",documents/BO0624_4513
716,742,"DEUX cOFFres de mariage formant pendant. Sur le devant, trois panneaux à ornements sculptés en haut-relief. XVIIe siècle. Noyer. Belle patine.","742. DEUX cOFFres de mariage formant pendant. Sur le devant, trois panneaux à ornements sculptés en haut-relief. XVIIe siècle. Noyer. Belle patine.

M. 1.68 X 0.57.",documents/BO0624_4513
717,743,DEUx cOFFREs de mariage semblables aux précédents. 68 X 0.57.,"743. DEUx cOFFREs de mariage semblables aux précédents. 1.68 X 0.57.

## Tableaux.

## ECOLE FLORENTINE",documents/BO0624_4513
718,744,LE CHRIST en croix entre les Saintes Femmes. Bois.,"744. LE CHRIST en croix entre les Saintes Femmes. Bois.

vour illustration, planche 11.

## ECOLE ANGLAISE.

(XVIIIe siècle).",documents/BO0624_4513
719,745,BAMBOCHaDEs. Deux ébauches sur toile Œuvre de maître. Cadres dorés.,"745. BAMBOCHaDEs. Deux ébauches sur toile Œuvre de maître. Cadres dorés.

M. 0.64 X 0.75.

## INCONNU.",documents/BO0624_4513
720,746,SAINT MADéLEINE en prière. Fond de paysage. Peinture sur bois. Cadre en pastille. XVI siècle,"746. SAINT MADéLEINE en prière. Fond de paysage. Peinture sur bois. Cadre en pastille. XVI siècle

M. 0.25 X 0.18.

## ECOLE FLORENTINE.

(XVe siècle).",documents/BO0624_4513
721,747,ANGE saluant la Vierge. Fragment de tableau représentant l'Annonciation.,"747. ANGE saluant la Vierge. Fragment de tableau représentant l'Annonciation.

M. 0.32 X 0.23

## INCONNU",documents/BO0624_4513
722,748,"LA MADoNE à mi-corps, tenant l'Enfant Jesus assis sur l'appui d'un balcon; St. Jean, à gauche, en prière, Bois.","748. LA MADoNE à mi-corps, tenant l'Enfant Jesus assis sur l'appui d'un balcon; St. Jean, à gauche, en prière, Bois.

Voir illustration, planche XII.

## GIORGIO VASARI.

(1512-1573).",documents/BO0624_4513
723,749,"LA SCIENCE. Figure allégorique, assise, lisant dans un livre de musique et te nant dans la main droite un campas. Un génie près d'elle joue du violon. Cadre doré.","749. LA SCIENCE. Figure allégorique, assise, lisant dans un livre de musique et te nant dans la main droite un campas. Un génie près d'elle joue du violon. Cadre doré.

Bois haut. 1.50 X 0.74

## INCONNU.",documents/BO0624_4513
724,750,"PORTRAITS de trois enfants à mi-buste Peinture sur toile. XVIIe siècie. Cadre noir et or. bis. ÉTENDARD de procéssion, offrant d'un côté St Sébastien et un autre Saint en extase; en haut des chérubins; de l'autre côté egalement deux Saints, des chérubins et en bas un paysage. Pièce remar quable, mais endommagée","750. PORTRAITS de trois enfants à mi-buste Peinture sur toile. XVIIe siècie. Cadre noir et or.

M. 0.61 X 0.48

## GIAN BATTISTA TIEPOLO.

(1692-176g) - 750 bis. ÉTENDARD de procéssion, offrant d'un côté St Sébastien et un autre Saint en extase; en haut des chérubins; de l'autre côté egalement deux Saints, des chérubins et en bas un paysage. Pièce remar quable, mais endommagée

role, Maut. m. 1.51 Larg. » 1.00

## Marbres.",documents/BO0624_4513
725,751,"CoQ, les ailes éployées dans l'attitude de tuer un lézard. Marbre. Epoque romaine. Reparé.","751. CoQ, les ailes éployées dans l'attitude de tuer un lézard. Marbre. Epoque romaine. Reparé.

Maut. 0.45

Voir illustration, planche LXX/X.",documents/BO0624_4513
726,752,CHAPITeAu de pilier orné de feuilles et et volutes ajourees. Art sicilien XVI° siècle.,"752. CHAPITeAu de pilier orné de feuilles et et volutes ajourees. Art sicilien XVI° siècle.

Faut. 0.05x 0.70",documents/BO0624_4513
727,753,HeRMés de Bacchus barbu (Dyonisos). Marbre grec. Archaïstique. Rest: le nez.,"753. HeRMés de Bacchus barbu (Dyonisos). Marbre grec. Archaïstique. Rest: le nez.

Haut. 0.41.

Voir illustration, planche LVII.

## MINO DA FIESOLE.",documents/BO0624_4513
728,754,LA VIERGE adorant sont Divin Fils posant sur un coussin. Au dessus deux anges portent une couronne. Bas-relief rectangulaire.,"754. LA VIERGE adorant sont Divin Fils posant sur un coussin. Au dessus deux anges portent une couronne. Bas-relief rectangulaire.

Haut. 0.39. Voir illustration, planche XXIX.",documents/BO0624_4513
729,755,TRIOMPHE. Des ésclaves portent les depouilles des vaincus; suivent des soldats et des prisonniers enchaînés. Fragment de frise en bas-relief. Époque romaine. Long. 0.85 - Haut. 0 25.,- 755TRIOMPHE. Des ésclaves portent les depouilles des vaincus; suivent des soldats et des prisonniers enchaînés. Fragment de frise en bas-relief. Époque romaine. Long. 0.85 - Haut. 0 25.,documents/BO0624_4513
730,756,"STATUE acéphale d'un philosophe ou poete grec, arape, assis sur un rocher sur lequel on lit l'inscription: ZE1EI ELOIZEN. (Euvre de Zeusis). De cet artiste gree on ne connart autres ceuvres. Marbre pentélique. Provenant des fouilles de Villa Patrizi, à Rome. Retrouvée en 1903. Voir: Notisie degli scavi, anno 1904, pag. 225.","756. STATUE acéphale d'un philosophe ou poete grec, arape, assis sur un rocher sur lequel on lit l'inscription: ZE1EI ELOIZEN. (Euvre de Zeusis). De cet artiste gree on ne connart autres ceuvres. Marbre pentélique. Provenant des fouilles de Villa Patrizi, à Rome. Retrouvée en 1903. Voir: Notisie degli scavi, anno 1904, pag. 225.

Voir illustration, planche L.

Haut. 1.40.",documents/BO0624_4513
731,757,PORTRAIT DE FAUST.NE jeune. Tête en marbre blanc sur piédouche de bigio. Restauration: le nez.,"757. PORTRAIT DE FAUST.NE jeune. Tête en marbre blanc sur piédouche de bigio. Restauration: le nez.

Haut. total 0.33.",documents/BO0624_4513
732,758,CENTAURE marchant à gauche avec kantare sur la tête. Bas-relief. Epoque romalne.,"758. CENTAURE marchant à gauche avec kantare sur la tête. Bas-relief. Epoque romalne.

Haut. 0.57 X 0.38.",documents/BO0624_4513
733,759,"BéNITIER. Bassin à riche décoration de godrons, oves et guirlandes, pied à spirale, sur base carrée, ornée de feuillages et animaux en relief. XV° siècle.","759. BéNITIER. Bassin à riche décoration de godrons, oves et guirlandes, pied à spirale, sur base carrée, ornée de feuillages et animaux en relief. XV° siècle.

Haut. 1.2g Diam. 0.75.

Voir illustration, planche XLI.",documents/BO0624_4513
734,760,"BéNItIeR. Bassin rond, godronné à l'extérieur, sur balustre posant sur base triangulaire. XV° siècle.","760. BéNItIeR. Bassin rond, godronné à l'extérieur, sur balustre posant sur base triangulaire. XV° siècle.

Diam. 0.68 - Haut. 1 12.

Voir illustration, planche XLI.",documents/BO0624_4513
735,761,FRAGMENT DE PUTEAL en marbre. avec ornements de branches et génie ailé à bas-relief.,"761. FRAGMENT DE PUTEAL en marbre. avec ornements de branches et génie ailé à bas-relief.

Haut. 0.43 X 0.36.

## DONATELLO.",documents/BO0624_4513
736,762,"S. JEAN debout, la tête légèrement inclinée à gauche, de la main droite reténant sa draperie qui descend de l'épaule droite et laisse à decouvert une partie de la poitrine, le bras droit et les jambes. Le saint, appuyé à un tronc d'arbre, pose sur un socle carre. Euvre d'un mérite exceptionnel.","762. S. JEAN debout, la tête légèrement inclinée à gauche, de la main droite reténant sa draperie qui descend de l'épaule droite et laisse à decouvert une partie de la poitrine, le bras droit et les jambes. Le saint, appuyé à un tronc d'arbre, pose sur un socle carre. Euvre d'un mérite exceptionnel.

Haut. I.Io

Voir illustration, planche XX7.",documents/BO0624_4513
737,763,BUsTe drapé d'empereur romain. Pié- douche en marbre blanc. Cofrz. Musée du Capitole. Epoque romaine.,"763. BUsTe drapé d'empereur romain. Pié- 2. douche en marbre blanc. Cofrz. Musée du Capitole. Epoque romaine.

Haut. tot. M. 0.68.",documents/BO0624_4513
738,764,"TêrE D'HoMMe en basalte. Art romain. Faut. 0.20 Voir illustration, planche L.VII.","764. TêrE D'HoMMe en basalte. Art romain. Faut. 0.20 Voir illustration, planche L.VII.",documents/BO0624_4513
739,765,URNE cinéraire à décoration achitectonique. Inscription au milieu. Époque romaine. Belle conservation,"765. URNE cinéraire à décoration achitectonique. Inscription au milieu. Époque romaine. Belle conservation

Haut. 0.36 X 0.32.

Voir illustration, planche LVIII.",documents/BO0624_4513
740,766,"URNE cinéraire ornée aux angles des deux dauphins. Au dessus, inscription. trépieds et sur la face d'un portrait de jeune homme dans une coquille entre Marbre de Carrara. Epoque romaine.","766. URNE cinéraire ornée aux angles des deux dauphins. Au dessus, inscription. 2. trépieds et sur la face d'un portrait de jeune homme dans une coquille entre Marbre de Carrara. Epoque romaine.

Haut. 0.30",documents/BO0624_4513
741,767,"CARIATIDE à buste de Baccus, drapé. La cariatide est adossée à une colonne. Marbre portasanta. Rest. la moitié inférieure de la gaîne et de la colonne.","767. CARIATIDE à buste de Baccus, drapé. La cariatide est adossée à une colonne. Marbre portasanta. Rest. la moitié inférieure de la gaîne et de la colonne.

Haut. 0.86.",documents/BO0624_4513
742,768,BUsTe cuirassé et drapé d'empereur romain. Cfrz. le buste de Galba Musée du Capitole. Marbre blanc sur piédouche de portasanta. Époque romaine.,"768. BUsTe cuirassé et drapé d'empereur romain. Cfrz. le buste de Galba Musée du Capitole. Marbre blanc sur piédouche de portasanta. Époque romaine.

Haut. tot. 0.65 -",documents/BO0624_4513
743,769,TêrE de Centurion romain. Provenant d'un haut-relief. Abimé.,"769. TêrE de Centurion romain. Provenant d'un haut-relief. Abimé.

Haut. 0.40.",documents/BO0624_4513
744,770,PoRTRAIT d'enfant. Tête en marbre de Carrara sur piédouche. Ep. Rep. Rom. Rest: le nez.,"770. PoRTRAIT d'enfant. Tête en marbre de Carrara sur piédouche. Ep. Rep. Rom. Rest: le nez.

Haut. tot. 0.23.",documents/BO0624_4513
745,771,MARSyAs lié à l'arbre. Fragment de basrelief. Marbre grec. V° siècle a. C.,"771. MARSyAs lié à l'arbre. Fragment de basrelief. Marbre grec. V° siècle a. C.

Haut. 0.70 X 0.32.",documents/BO0624_4513
746,772,LÉcyTHE. Figuration funéraire sur le corps. Marbre péntelique. Piédouche en albâtre rosa. Prov. du Musée Nani.,"772. LÉcyTHE. Figuration funéraire sur le corps. Marbre péntelique. Piédouche en albâtre rosa. Prov. du Musée Nani.

— « Biagi, op. cit. ».

Haut. 0.42 - Diam. 0 22.

Voir illustration, planche LIV.",documents/BO0624_4513
747,773,"CoLoNNe antique de marbre paonassetto. Haut. 1.36 - Diam. 0,21.","773. CoLoNNe antique de marbre paonassetto. Haut. 1.36 - Diam. 0,21.",documents/BO0624_4513
748,774,"AMouR, figure de femme et feston des fleurs, fragment de sarcofage. Epoque romaine.","774. AMouR, figure de femme et feston des fleurs, fragment de sarcofage. Epoque romaine.

Haut. 0.65 X 0.32.",documents/BO0624_4513
749,775,PILIER de balustrade décoré de mosaïque. Époque de' Cosmati.,"775. PILIER de balustrade décoré de mosaïque. Époque de' Cosmati.

Haut. 0.87.",documents/BO0624_4513
750,776,"ConsoLE sciée en deux parties, offrant feuilles et rosaces sculptées en bas-relief. Marbre de Carrara. XVI siècle.","776. ConsoLE sciée en deux parties, offrant feuilles et rosaces sculptées en bas-relief. Marbre de Carrara. XVI siècle.

Haut. 0.32 X 0.68.",documents/BO0624_4513
751,777,ÉcussoN portant les armoiries des Della Rovere. Marbre de Carrara. XVI° siecle.,"777. ÉcussoN portant les armoiries des Della Rovere. Marbre de Carrara. XVI° siecle.

Haut. 0.60 X 0.50.",documents/BO0624_4513
752,778,"DEUX DEMI-COLONNES cannelées en marbre bardiglio, surmontées de chapiteaux en marbre blanc. XVI° siècle.","778. DEUX DEMI-COLONNES cannelées en marbre bardiglio, surmontées de chapiteaux en marbre blanc. XVI° siècle.

Haut. tot. 2.05 - Diam. 0.25.",documents/BO0624_4513
753,779,Écusso avec les armes des Colonna. Bas-relief en marbre. Epoque: XV° siècle.,"779. Écusso avec les armes des Colonna. Bas-relief en marbre. Epoque: XV° siècle.

Haut. 0.63 X 0.40.",documents/BO0624_4513
754,780,TABERNACLE. Petite porte à fronton; deux piliers avec chapiteaux: armoiries en bas. Le soubassement porte l'inscription Petrus Bata De Levis. Marbre de Carrara. XV° siècle.,"780. TABERNACLE. Petite porte à fronton; deux piliers avec chapiteaux: armoiries en bas. Le soubassement porte l'inscription Petrus Bata De Levis. Marbre de Carrara. XV° siècle.

Haut. 0.89 X 0.52.

Voir illustration, planche XLIII.",documents/BO0624_4513
755,781,"BEAU CHAPITEAU de pilier à feuillage, volutes et génie ailé au milieu. XV° siècle. Haut. 0.62 X 0.70.","781. BEAU CHAPITEAU de pilier à feuillage, volutes et génie ailé au milieu. XV° siècle. Haut. 0.62 X 0.70.

## SERPOTTA.",documents/BO0624_4513
756,782,TÊTE D'ENFANT plus grande que nature. Sur piédouche. Marbre blanc.,"782. TÊTE D'ENFANT plus grande que nature. Sur piédouche. Marbre blanc.

Haut. 0.53.",documents/BO0624_4513
757,783,SocLE orné sur le devant d'une console formée par un génie ailéé portant des armoiries. Rest: la partie inférieure. XV° siècle.,"783. SocLE orné sur le devant d'une console formée par un génie ailéé portant des armoiries. Rest: la partie inférieure. XV° siècle.

Haut. I.16.",documents/BO0624_4513
758,785,"CHAMBRANLE de porte en marbre surmonte de deux anges soutenant un ecus son avec les armoiries des Torrigiani : entablement décoré de feuilles de laurier, corniche à oves. XVe siècle.","785. CHAMBRANLE de porte en marbre surmonte de deux anges soutenant un ecus son avec les armoiries des Torrigiani : entablement décoré de feuilles de laurier, corniche à oves. XVe siècle.

Haut. 2.75 — Larg. 2 -

Voir illustration au frontespice.",documents/BO0624_4513
759,786,"MARGELLE de puits en pierre, de forme octogonale, décorée de trophés d'armes.","786. MARGELLE de puits en pierre, de forme 2. octogonale, décorée de trophés d'armes.

Haut. M. 0.85.

Voir illustration, planche XLIV.",documents/BO0624_4513
760,787,TRONÇON DE COLONNE cannelée. Marbre paonazzetto. Base en marbre blanc.,"787. TRONÇON DE COLONNE cannelée. Marbre 2. paonazzetto. Base en marbre blanc.

Haut. 0.87.

CHAPItEau décoré de feuillages, vases et masques scénique.

Haut. 0.43 X 0.90.",documents/BO0624_4513
761,788,DEUx LIoNs en pierre. Epoque romaine.,788. DEUx LIoNs en pierre. Epoque romaine.,documents/BO0624_4513
762,789,"FoNTAINE monumentale. Vasque chantournée posant sur trois marches. Au milieu, un piédestal surmonté de une statue de Vénus en marbre. Le reste de la fontaine est en pierre grise.","789. FoNTAINE monumentale. Vasque chantournée posant sur trois marches. Au milieu, un piédestal surmonté de une statue de Vénus en marbre. Le reste 3. de la fontaine est en pierre grise.

Haut. 4•35 - Larg: 5.35.

Pour voir cette fontaine s'adresser :

Via Portuense, 20.

Voir illustration, planche XLV.",documents/BO0624_4513
763,790,"TAPISSERIE représentant un festin sous une tente, au milieu d'un paysage. Bor- dure à festons et personnages. XVII° siècle.","790. TAPISSERIE représentant un festin sous une tente, au milieu d'un paysage. Bor- 2. dure à festons et personnages. XVII° siècle.

Provenant de la collection Nevin.

Haut. 1.25 — Larg. 4.70. Voir illustration, planche LXXV.",documents/BO0624_4513
764,791,"DAMAs rouge en soie, à grand dessin. Da 380 à 420 mètres. XVII® siècle.","791. DAMAs rouge en soie, à grand dessin. 2. Da 380 à 420 mètres. XVII® siècle.",documents/BO0624_4513
765,792,"OBJETS OUBLIéS. Sous ce numéro on vendra les quelques objets qui, par erreur, soient restés sans description.","792. OBJETS OUBLIéS. Sous ce numéro on vendra les quelques objets qui, par erreur, soient restés sans description.

<!-- image -->
## ILLUSTRATIONS
<!-- image -->
<!-- image -->

<!-- image -->

<!-- image -->
<!-- image -->

<!-- image -->

<!-- image -->",documents/BO0624_4513
766,1,c0,"1c0
<!-- image -->

<!-- image -->

<!-- image -->

<!-- image -->
<!-- image -->
<!-- image -->
<!-- image -->
<!-- image -->
<!-- image -->
<!-- image -->
PLANCHE XI.

<!-- image -->
<!-- image -->

<!-- image -->
<!-- image -->

<!-- image -->
<!-- image -->

<!-- image -->
<!-- image -->
<!-- image -->

<!-- image -->

<!-- image -->
<!-- image -->

<!-- image -->
<!-- image -->

<!-- image -->",documents/BO0624_4513
767,169,<!-- image -->,"169
<!-- image -->
<!-- image -->
<!-- image -->
<!-- image -->

PLANCHE XXII
MARBRES",documents/BO0624_4513
768,381,<!-- image -->,"381

<!-- image -->
VARBRES

<!-- image -->

<!-- image -->
TERRES CUITIS

<!-- image -->",documents/BO0624_4513
769,I,LANCHE XXV.,"I LANCHE XXV.
<!-- image -->
<!-- image -->

<!-- image -->
PLANCHE XXVIIL

<!-- image -->
PLANCHE XXIX

<!-- image -->
<!-- image -->
<!-- image -->
<!-- image -->",documents/BO0624_4513
770,484,<!-- image -->,"484
<!-- image -->

<!-- image -->

<!-- image -->
<!-- image -->

<!-- image -->
MARBRES

<!-- image -->

<!-- image -->

<!-- image -->",documents/BO0624_4513
771,283,<!-- image -->,"283
<!-- image -->

<!-- image -->

<!-- image -->",documents/BO0624_4513
772,290,<!-- image -->,"290
<!-- image -->
<!-- image -->

<!-- image -->

<!-- image -->
<!-- image -->

<!-- image -->
<!-- image -->

MARBRES
<!-- image -->

<!-- image -->

<!-- image -->
<!-- image -->
<!-- image -->
## PIERRES ET TERRES CUITES",documents/BO0624_4513
773,786,<!-- image -->,"786

<!-- image -->

<!-- image -->
PLANCHE XIV.

<!-- image -->",documents/BO0624_4513
774,350,<!-- image -->,"350

<!-- image -->

<!-- image -->
<!-- image -->

<!-- image -->

<!-- image -->
<!-- image -->

<!-- image -->

<!-- image -->
<!-- image -->
<!-- image -->

<!-- image -->
MARBRES ANTIQUES

<!-- image -->
<!-- image -->

<!-- image -->
<!-- image -->

PLANCHE LUI",documents/BO0624_4513
775,1,ARBRES ..,"1 ARBRES ..

<!-- image -->

<!-- image -->

<!-- image -->
MARBRES ANTIQUES

PLANCHE LV.

<!-- image -->
<!-- image -->
MARBRES ANTIQUES

<!-- image -->

<!-- image -->

<!-- image -->
<!-- image -->

<!-- image -->

<!-- image -->

<!-- image -->
<!-- image -->

<!-- image -->

<!-- image -->

<!-- image -->
<!-- image -->

<!-- image -->

<!-- image -->
BRONZES ANTIQUES

<!-- image -->

<!-- image -->

<!-- image -->

<!-- image -->

<!-- image -->",documents/BO0624_4513
776,119,<!-- image -->,"119

<!-- image -->
<!-- image -->

<!-- image -->

<!-- image -->

<!-- image -->

<!-- image -->

<!-- image -->

<!-- image -->

<!-- image -->
BRONZES ANTIQUES

PLANCHE LXIII

<!-- image -->

<!-- image -->
<!-- image -->

<!-- image -->
BRONZES ANTIOUES

PLANCHE LXV.

<!-- image -->

<!-- image -->",documents/BO0624_4513
777,325,<!-- image -->,"325

<!-- image -->

<!-- image -->
<!-- image -->

<!-- image -->

<!-- image -->

<!-- image -->

<!-- image -->

<!-- image -->

<!-- image -->

<!-- image -->
COUTELLERIE ANTIQUE

<!-- image -->

<!-- image -->
<!-- image -->

<!-- image -->

<!-- image -->

<!-- image -->
TERRES CUITES ANTIQUES

<!-- image -->

<!-- image -->

<!-- image -->",documents/BO0624_4513
778,514,515,"514

515
<!-- image -->",documents/BO0624_4513
779,513,bLb,"513

bLb",documents/BO0624_4513
780,416,<!-- image -->,"416

<!-- image -->

<!-- image -->
<!-- image -->

<!-- image -->",documents/BO0624_4513
781,463,<!-- image -->,"463

<!-- image -->

DVD

<!-- image -->

<!-- image -->

<!-- image -->

PLANCHE LXXI

<!-- image -->

<!-- image -->

<!-- image -->
<!-- image -->

<!-- image -->

<!-- image -->

<!-- image -->

<!-- image -->

<!-- image -->

<!-- image -->

<!-- image -->

<!-- image -->
<!-- image -->

<!-- image -->

<!-- image -->

<!-- image -->

PLANCHE LXXIII.

<!-- image -->

<!-- image -->

<!-- image -->
<!-- image -->
<!-- image -->

<!-- image -->",documents/BO0624_4513
782,731,<!-- image -->,"731

<!-- image -->

<!-- image -->
<!-- image -->

<!-- image -->

<!-- image -->
<!-- image -->

<!-- image -->

<!-- image -->

<!-- image -->

## PLANCHE TYXVII

<!-- image -->",documents/BO0624_4513
783,96,a,"96a

<!-- image -->
<!-- image -->

<!-- image -->

<!-- image -->

<!-- image -->

<!-- image -->

<!-- image -->
<!-- image -->",documents/BO0624_4513
784,751,PLANCHE LXXIX,"751

PLANCHE LXXIX",documents/BO0624_4513
