inventario,dc.title,handle,manifest
BO0624_84215,"Catalogue de tableaux anciens et modernes, pastels oeuvres de Ter Borch, J. Boze, ..., dessins des 15., 16., 17., 18. et 19. siècles par Boucher, Cochin, Le Corrège, David, ... miniatures par Charlier, Hall, ..., sculptures antiques, du Moyen âge et de la Renaissance, sculptures du 18. siècle par Chinard, ... objets d'art et d'ameublement ...: dont la vente ... aura lieu à Paris par suite au décès de Madame François Flameng ... les lundi 26 et mardi 27 mai 1919 ...",https://historica.unibo.it/handle/20.500.14008/93596,https://historica.unibo.it/server/iiif/003bf9da-9843-4f24-bd00-2c29c44e1db0/manifest
BO0624_88777,"Gemälde des 19. und 20. Jahrhunderts aus Rheinischem Privatbesitz: Versteigerung: Donnerstag, 6. Juni 1929",https://historica.unibo.it/handle/20.500.14008/94696,https://historica.unibo.it/server/iiif/003c380e-1b56-4dd9-8ffd-0e1b4e24ec7c/manifest
BO0624_84238,"Catalogue des objets d'art et d'ameublement ... sièges et meubles ... tableaux anciens et modernes ... aquarelles, dessins, gouaches ... dont la première vente après décès de M. le Professeur Guyon aura lieu à Paris ... le vendredi 22 et samedi 23 avril 1921 ...",https://historica.unibo.it/handle/20.500.14008/93616,https://historica.unibo.it/server/iiif/0044b925-8802-4be0-9604-ea15cce2ab44/manifest
BO0624_88474,"Sammlung San.-Rat. Dr. Max Marckwald Bad-Kreuznach und Besitz des Herrn Carl von Starck Reichkommissar für die Besetzten Rheinischen Gebiete in Coblenz: Stoffe Möbel Keramik Glas Silberarbeiten Messing Zinn: Gemälde alter Meister: deutsche, englische und französische Graphick ... mit 8 Tafeln Abbildungen [... Versteigerung ... 28 Juni 1921 bis ... 1. Juli 1921]",https://historica.unibo.it/handle/20.500.14008/94453,https://historica.unibo.it/server/iiif/004e55b9-634d-487a-94fe-918eb28a9aa8/manifest
BO0624_84289,"Catalogue des objets d'art et de bel ameublement du 18. siècle, tableaux & pastel, aquarelles, dessins, gouaches, estampes en couleurs, sculptures, porcelaines montées, bronzes d'ameublement ... composant l'importante collection de M. Paul Dutasta: jeudi 3 et vendredi 4 juin 1926",https://historica.unibo.it/handle/20.500.14008/93653,https://historica.unibo.it/server/iiif/0064d075-aa0b-42b0-9564-552fbbe1753e/manifest
BO0624_88503,"Nachlass Professor Franz Simm ...: 300 Gemälde und Aquarelle des Künstlers, Gemälde neuerer Meister, reichhaltige Kostümsammlung ... [Versteigerung: Frankfurt, 20 Mai 1922",https://historica.unibo.it/handle/20.500.14008/94479,https://historica.unibo.it/server/iiif/0071273d-c532-4b65-ac22-3357c6cc15ec/manifest
BO0624_88126,"Antiquitäten Kunst- und Einrichtungsgegenstände (ostasiatisches Kunstgewerbe ...) aus den Nachlässen Konservator H. Bever, München und Reichsmilitärgerichtsrat a. D. Max Stahl, München u. a.: Auktion in München in der Galerie Helbing ... den 10. Juni und ... den 11. Juni 1913",https://historica.unibo.it/handle/20.500.14008/94192,https://historica.unibo.it/server/iiif/008038ca-d9e6-4df6-8827-d6ea193d410e/manifest
BO0624_81915,"Catalogo della vendita all'asta della raccolta Orsini: Galleria Lurati, Milano: commissario di vendita: Gino Canetta",https://historica.unibo.it/handle/20.500.14008/92957,https://historica.unibo.it/server/iiif/00af6f11-e20b-4e40-80da-6a265fe6f49e/manifest
BO0624_83865,"Catalogue des tableaux modernes, aquarelles et dessins par J. Bail, Bonnat, A. Brouillet, Chaplin, Chrétien, Dagnan-Bouveret, Delort ... objets d'art et d'ameublement ...: vendredi 7 et samedi 8 décembre 1906",https://historica.unibo.it/handle/20.500.14008/93340,https://historica.unibo.it/server/iiif/00c31f49-d8ed-4152-a788-dff5f3916b03/manifest
BO0624_83664,Catalogue des 88 tableaux de Monticelli et des tableaux anciens & modernes ... composant la collection de M. le Docteur Mireur: mercredi 28 ... vendredi 30 mars 1900,https://historica.unibo.it/handle/20.500.14008/93252,https://historica.unibo.it/server/iiif/00c41d6a-598a-4c1b-a16b-5373477d01ec/manifest
BO0624_88716,Antiquitäten Gemälde alter Meister: Handzeichnungen,https://historica.unibo.it/handle/20.500.14008/94643,https://historica.unibo.it/server/iiif/00d26b4c-0eed-41bc-b3bb-da3aac1d3759/manifest
BO0624_87556,"Katalog von vortrefflichen Gemälden älterer Meister der deutschen, niederländischen, französischen, italienischen und spanischen schulen des 15.-18. jahrhunderts: Sammlungen: Friedriche Rudolph von Berthold, zu Dresden, Carl Georg Hartmann zu Frankfurt a. m., dean Probst Cepero, zu Sevilla etc.: versteigerung zu Köln den 9. December 1898 ...",https://historica.unibo.it/handle/20.500.14008/93814,https://historica.unibo.it/server/iiif/00df80e8-3abe-4dcf-b786-868813e31241/manifest
BO0624_88016,Antiquitäten Kunst- und Einrichtungsgegenstände Ölgemälde alter Meister aus dem Nachlasse des verstorbenen Herrn Eduard Loevenich - Heidelberg: ferner aus dem Besitze eines heidelberger Sammlers sowie Beiträge anderer Provenienz: Auktion in München in der Galerie Helbing ... den 18. April 1912 und folgende Tage,https://historica.unibo.it/handle/20.500.14008/94117,https://historica.unibo.it/server/iiif/0109084e-71e2-4a05-b3df-accbbfe2bdc2/manifest
BO0624_88147,Katalog einer Sammlung von Antiquitäten altem Mobiliar Gemälden aus dem Besitze des Herrn Karl Frank Augsburg nebst einigen Sachen aus anderem Privatbesitz ...: Versteigerung zu Cöln ... den 21. Oktober ... den 22. bis ... den 24. Oktober ...,https://historica.unibo.it/handle/20.500.14008/94211,https://historica.unibo.it/server/iiif/01099865-339c-44b9-9c3b-7cc69df9e008/manifest
BO0624_87666,Galerie Henneberg Zürich: 3. Ölgemälde alter Meister: Auktion in München in der Galerie Helbing ... den 29. Oktober 1903,https://historica.unibo.it/handle/20.500.14008/93873,https://historica.unibo.it/server/iiif/0121cd01-d31e-4322-8ec5-bc6149ae9ea3/manifest
BO0624_87931,"Ölgemälde und Aquarelle hervorrangender neuerer Meister sowie einige Ölgemälde alter Meister aus Frankfurter Privatbesitz: Auktion in Frankfurt a. M. ... unter Leitung des Kunsthandlers und gerichtlich vereideten Sachverständigen Hugo Helbing, München ... den 24. November 1910",https://historica.unibo.it/handle/20.500.14008/94066,https://historica.unibo.it/server/iiif/015374fb-3712-443a-9cd6-1bca3e52d4a6/manifest
BO0624_84335,"Catalogue des objets d'art du XVIe au XVIIIe siècle, tableaux, aquarelles, dessins ... meubles anciens ... provenant du Château de Courtanvaux (Sarthe): première vente ... lundi 9 et mardi 10 décembre 1929",https://historica.unibo.it/handle/20.500.14008/93685,https://historica.unibo.it/server/iiif/015b4cd2-4450-49df-babe-f753a1643103/manifest
BO0624_87548,"Katalog der Galerie H. L. Neumann k. k. österr. Hofkunsthändler in München: auction in München in den bisherigen Ausstellungslokalitäten Maximilianstrasse 38 Montag, den 3. Oktober und Dienstag, den. Oktober 1898 ...",https://historica.unibo.it/handle/20.500.14008/93810,https://historica.unibo.it/server/iiif/0165eee5-4974-43d6-af77-611612f503a3/manifest
BO0624_88632,"Olgemalde moderner Meister: Sammlung Ludwig Merkl, München: Auktion in der Galerie Hugo Helbing...26 Marz 1927",https://historica.unibo.it/handle/20.500.14008/94573,https://historica.unibo.it/server/iiif/018123b9-26cc-4867-b050-e905d3e1dba9/manifest
BO0624_87663,Antiquitäten dabei Sammlung aus dem Nachlass des Herrn S. C.-Lübeck ... Sammlung von Gemälden alter Meister. Dabei der Nachlass des Herrn C. Böttger-Stavenhagen ... Versteigerung der Gemälde ... 3 Oktober 1903,https://historica.unibo.it/handle/20.500.14008/93870,https://historica.unibo.it/server/iiif/01b3fbfd-2f2b-432f-8535-961c8abbac50/manifest
BO0624_88137,Katalog einer Sammlung von Kunst- und Einrichtungsgegenständen Mobiliar Gemälden aus dem Besitze eines rheinischen Industriellen ...: Versteigerung zu Cöln ... den 1. Oktober ... den 2. und ... den 3. Oktober ...,https://historica.unibo.it/handle/20.500.14008/94202,https://historica.unibo.it/server/iiif/01e53dd1-5e04-4461-8be6-fc9b0094099b/manifest
BO0624_88468,Gemälde alter Meister des 14. bis 18. Jahrunderts: Nr. 1 bis 125: Mitteldeutsche Privatsammlung: Nr. 126 bis 178: aus anderem Besitz: mit 32 Tafeln-80 Abbildungen: ... Versteigerung ... den 10. Mai 1921,https://historica.unibo.it/handle/20.500.14008/94448,https://historica.unibo.it/server/iiif/022ed607-ff5b-43d1-8a09-fb69d5d7220b/manifest
BO0624_88036,"Verzeichnis der guten Ölgemälde und Aquarelle meist moderner, sowie einiger älterer Meister dabei Teile der künstlerischen Hinterlassenschaft von August Hörter, Karlsruhe und Ernst Adolf Meissner, München: Versteigerung, Dienstag den 24. September 1912 ... in Frankfurt am Main",https://historica.unibo.it/handle/20.500.14008/94130,https://historica.unibo.it/server/iiif/02438f74-3ed7-4e45-877b-22e6944dd6a7/manifest
BO0624_87689,"Katalog von Ölgemälden alter und moderner Meister aus verschiedenem Besitze: auktion in München in der Galerie Helbing ... Montag, den 25. April ... unter Leitung des Kunsthändlers Hugo Helbing in München",https://historica.unibo.it/handle/20.500.14008/93891,https://historica.unibo.it/server/iiif/0257f718-c4a6-47cd-ae3f-c35ca16d94b6/manifest
BO0624_88319,"Verzeichnis der Gemälde älterer und moderner Meister, z.T. eigene Arbeiten des Erblassers: Kunstblätter und antike Möbel, Nachlä des Herrn Anton J. C. Eymer ...: Dienstag und Mittwoch, den 4. und 5. Dezember 1917... Frankfurt a.M. ...",https://historica.unibo.it/handle/20.500.14008/94332,https://historica.unibo.it/server/iiif/02584873-2e6c-4e02-b8e8-f0ffd59f119a/manifest
BO0624_88465,"Gemälde und Handzeichnungen erster Meister unserer Zeit: dabei Werke von V. van Gogh, N. Diaz, F. Thaulow, H. Gude ... ferner der Nachlass H. Fenner-Behmer, 1. Teil: ... Versteigerung ... 22. März 1921 ... 24 Abbildungen",https://historica.unibo.it/handle/20.500.14008/94445,https://historica.unibo.it/server/iiif/03131aa9-d8cf-460b-82c5-91ed8d182118/manifest
BO0624_83706,"Catalogue des tableaux anciens et modernes ... Gouaches par Witel ... Panneaux décoratifs, dessus de portes ... provenant de la collection de M. le baron d'A... ou appartenant à divers ...: Jeudi 15 Mai 1902",https://historica.unibo.it/handle/20.500.14008/92802,https://historica.unibo.it/server/iiif/032ce186-9a29-477a-b4a8-0bb8d7ab9d0d/manifest
BO0624_84301,"Catalogue des tableaux anciens: oeuvres de C. Béga, Caravage, S. Chardin ... dessins anciens ... tableaux modernes, aquarelles et dessins ... composant la collection de M. Paul Bureau: vendredi 20 mai 1927",https://historica.unibo.it/handle/20.500.14008/93660,https://historica.unibo.it/server/iiif/035d16c9-df11-4ec5-a7d5-f9ceecf6b1f3/manifest
BO0624_81793,Catalogue de la vente des objets d'art ancien composant les collections Elie Volpi,https://historica.unibo.it/handle/20.500.14008/92761,https://historica.unibo.it/server/iiif/035dfc93-e736-4b89-90d8-c05fc0b83d1f/manifest
BO0624_87968,"Ölgemälde moderner Meister aus dem Nachlasse des verstorbenen Herrn Emanuel van Gelder, Paris sowie dem Nachlasse der verstorbenen Kunstmalers Herrn Wladimir Jettel, Wien und aus anderem Privatbesitze: Auktion in München in der Galerie Helbing, Donnerstag, den 6. Juli 1911",https://historica.unibo.it/handle/20.500.14008/94088,https://historica.unibo.it/server/iiif/039f588b-e78b-4c86-b0e7-2cfb53a01c32/manifest
BO0624_65888,Collezione Giustiniani: [Vendita all'asta nei giorni 12-13-14 dicembre 1929],https://historica.unibo.it/handle/20.500.14008/93171,https://historica.unibo.it/server/iiif/03a62a28-9c82-43ad-bbf8-c47cc752277a/manifest
BO0624_84075,"Catalogue des tableaux par Corot, Daubigny, Decamps ... objets d'art et d'ameublement ... dont la vente par suite de décès de M. Ernest Greux: mardi 5 et mercredi 6 décembre 1911",https://historica.unibo.it/handle/20.500.14008/93487,https://historica.unibo.it/server/iiif/03bcd1ce-8f8b-4687-be4a-1cd5ea411922/manifest
BO0624_88407,Gemälde und Aquarelle neuerer Meister aus Privatbesitz: ... Versteigerung ... den 10. Februar 1920,https://historica.unibo.it/handle/20.500.14008/94394,https://historica.unibo.it/server/iiif/03d56cc3-6c9c-425f-9da5-b0d9659c66c7/manifest
BO0624_84133,"Catalogue des objets d'art et d'ameublement, faiences italienne, francaises et Hispano-Mauresques ... tapisserie flamandes du 16. siècle, tableaux anciens et modernes dont la vente ... aura lieu a Paris, Hotel Drouot, Salle n. 1 le vendredi 20 et samedi 21 décembre 1912",https://historica.unibo.it/handle/20.500.14008/93533,https://historica.unibo.it/server/iiif/03da1c05-946a-435c-90fe-cd2c31dcaed0/manifest
BO0624_66084,"Catalogue of Chinese porcelain and pottery, objects of art, tapestry and Eastern rugs and carpets, the property of R. H. Benson: tuesday, june 18, 1929",https://historica.unibo.it/handle/20.500.14008/93205,https://historica.unibo.it/server/iiif/03f6e2d7-b8fa-4d89-9619-e31232ad95d4/manifest
BO0624_87385,"Catalog der reichhaltigen Kunst-Sammlung des verstorbenen herrn professor Compars Herrmann in Wien: majoliken, arbeiten in glas ...: Versteigerung zu Koln, den 28. u. 29. Mai 1888 ...",https://historica.unibo.it/handle/20.500.14008/93708,https://historica.unibo.it/server/iiif/0468948b-5251-4cf3-bb9c-dd212acfda59/manifest
BO0624_87965,"Sammlung Barlow, Monaco: Ölgemälde Hervorragender Meister des XIX. Jahrunderts: [Auktion in der Galerie Helbing in München...den 17. Juni 1911]",https://historica.unibo.it/handle/20.500.14008/94086,https://historica.unibo.it/server/iiif/0472dfbc-907e-491d-8d3c-05d61ba8ef79/manifest
BO0624_81844,Catalogo della Grande Raccolta d'Arte Antica e Moderna già appartenente ad un colto e fine collezionista veneto che sarà venduta al maggior offerente,https://historica.unibo.it/handle/20.500.14008/92877,https://historica.unibo.it/server/iiif/047d6c3e-c9bb-47e0-84c0-dca058dd0b4a/manifest
BO0624_84272,"Catalogue des objets d'art et de bel ameublement du 18. siècle et autres tableaux anciens, aquarelles, dessins, gouaches par Barbier ... meubles, sièges, écrans en bois sculpté ... composant la collection de M. le Vicomte Beuret: mardi 25 novembre 1924",https://historica.unibo.it/handle/20.500.14008/93643,https://historica.unibo.it/server/iiif/04a2a011-1e9f-497d-8e9e-699fbfeb569d/manifest
BO0624_87423,"Katalog der Gemälde- & Miniaturensammlung aus dem Nachlasse des Herrn Dominico Di Bossi, Versteigerung zu Stuttgart ... den 21. Juli unter Leitung des Herrn Carl Maurer, Gerichtlich verpflichterer Kunstexpert in München",https://historica.unibo.it/handle/20.500.14008/93736,https://historica.unibo.it/server/iiif/04a4af69-ab88-40ac-b554-04c79edc0fdc/manifest
BO0624_44631,"Catalogue des vitraux anciens, française, allemands, suisses & divers des 13., 14., 15., 16. & 17. siècles composant la collection Engel-Gros: Hotel Drouot, le jeudi 7 décembre 1922",https://historica.unibo.it/handle/20.500.14008/92680,https://historica.unibo.it/server/iiif/04bad59b-eeb1-474e-83de-17aa764eeca2/manifest
BO0624_51175,"Illustrated catalogue of valuable paintings and water colors by masters ... collected by the late Mr. Samuel S. Laird of Philadelphia, Pennsylvania ... to be sold by order of Mr. George S. Laird ... at hte American Art Galleries on the evening of January 9, 1924",https://historica.unibo.it/handle/20.500.14008/92706,https://historica.unibo.it/server/iiif/0535f9ed-f082-426e-88b0-becf53bc6a11/manifest
BO0624_88039,"Gemalde alter Meister und Miniaturen des 15. bis 18. Jahrhunderts: Versteigerung: Dienstag, 1. Oktober 1912",https://historica.unibo.it/handle/20.500.14008/94131,https://historica.unibo.it/server/iiif/054b16dc-b18d-4271-a739-9afe6a509618/manifest
BO0624_88380,"Katalog der Gemälde alter und moderner Meister: Stoffe, Teppiche und Möbel aus fürstlichem Besitz: aus dem Nachlass des Freiherrn v. Zwierlein-Geisenheim und aus der österr.-ungarischen Gesandtschaft in München: Versteigerung: 24. Juni 1919",https://historica.unibo.it/handle/20.500.14008/94375,https://historica.unibo.it/server/iiif/0563ca93-c827-4f82-bc9a-4b71293769d8/manifest
BO0624_87544,"Collection Georg Hirth: 2. abtheilung: *Kunstgewerbe, Oelgemälde, Graphische Künste etc..",https://historica.unibo.it/handle/20.500.14008/93807,https://historica.unibo.it/server/iiif/0590490d-ab8e-46ed-b494-475c5343407d/manifest
BO0624_83886,"Catalogue des tableaux anciens, pastels, aquarelle, oeuvres de Boilly, Bonington, Chardin, Corneille de Lyon, Danloux ... provenant des collections de m. le comte A. De G. et de madame X.: Hotel Drouot, le mardi 16 avril 1907",https://historica.unibo.it/handle/20.500.14008/93356,https://historica.unibo.it/server/iiif/059e3293-9cde-45b5-bb32-aefaebed6924/manifest
BO0624_81977,Pinacoteca di Armando Brasini,https://historica.unibo.it/handle/20.500.14008/92973,https://historica.unibo.it/server/iiif/05a18e97-cb54-4020-89f9-f7fa52bf5767/manifest
BO0624_87946,"Oelgemälde alter Meister aus Münchner und Hamburger Privatbesitz, aus österreicischem Adelsbesitz etc.: Auktion in München in der Galerie Helbing ... Mittwoch, den 8. März 1911",https://historica.unibo.it/handle/20.500.14008/94077,https://historica.unibo.it/server/iiif/05a873ac-fa32-40d7-98fd-174748b7b8b5/manifest
BO0624_4389,"Catalogo della vendita della collezione del fu Reverendo dottor Roberto I. Nevin, Rettore della Chiesa Americana di S. Paolo in Roma: maioliche, oggetti di scavo ...: vendita in Piazza Borghese, 10 nei giorni 22 ... aprile",https://historica.unibo.it/handle/20.500.14008/92515,https://historica.unibo.it/server/iiif/05b16c24-205a-4376-836b-d1138f562307/manifest
BO0624_83964,"Catalogue de tableaux anciens gouaches & dessins par Blarenberghe, Boilly (L.-L.), Cuelen (Van), Fyt (J.) ... oeuvres importantes par Louis François Watteau formant la collection de M. D., de Lille: Hotel Drouot, les vendredi 23 et samedi 24 avril 1909",https://historica.unibo.it/handle/20.500.14008/93408,https://historica.unibo.it/server/iiif/05e67330-4574-48e8-ac34-bc14873d85dc/manifest
BO0624_5670,Catalogue des objets d'art et d'ameublement du chateau royal de Govone et du chateau de Brignano (ancienne maison Visconti) et d'une collection d'objets ayant appartenus à Napoléon 1.: la vente aura lieu au chateau de Govone ...,https://historica.unibo.it/handle/20.500.14008/93013,https://historica.unibo.it/server/iiif/05e8780b-6dbd-4fb0-9820-ff5aabb9a762/manifest
BO0624_87736,"Oelgemalde alter Meister: Ausstellung: Sonntag, den 29. und Montag, den 30 Oktober 1905: Versteigerung, Dienstag, den 31. Oktober 1905",https://historica.unibo.it/handle/20.500.14008/93926,https://historica.unibo.it/server/iiif/05ecb70b-dd30-4ed0-a6bb-5f5b02df658e/manifest
BO0624_87590,Katalog der reichhaltigen Gemälde-Sammlung aus dem Nachlasse des Herrn Privatiers Fr. Thelen zu Antwerpen. Gemälde älterer und neuerer Meister: Versteigerung zu Köln am 8. und 9. October 1900 durch J. M. Heberle (H. Lempertz's Söhne),https://historica.unibo.it/handle/20.500.14008/93834,https://historica.unibo.it/server/iiif/060443bd-ff06-404e-bbf2-d75ba47de49b/manifest
BO0624_84321,Catalogue des ivoires anciens ... importante châsse en émail champlevé de Limoges ... composant la collection de M. Émile Lévy: vendredi 14 décembre 1928,https://historica.unibo.it/handle/20.500.14008/93673,https://historica.unibo.it/server/iiif/060f0d6a-67a7-4898-9ec2-dcda049842ed/manifest
BO0624_84268,"Tableaux modernes, aquarelles, dessins & gravure par Bellangé, Beltram, Calbet ... tableaux anciens par Callcott, Clermont ...: vendredi 16 mai 1924",https://historica.unibo.it/handle/20.500.14008/93639,https://historica.unibo.it/server/iiif/0628d533-2e40-4621-ab56-85acae377d21/manifest
BO0624_83786,"Catalogue d'un important et riche mobilier moderne, sièges, bronzes d'art & d'ameublement ...: mercredi 3 ... samedi 6 mai 1905",https://historica.unibo.it/handle/20.500.14008/93292,https://historica.unibo.it/server/iiif/0637118c-a67c-45a2-a27c-e41fbbb13e98/manifest
BO0624_88802,Sammlung Murray,https://historica.unibo.it/handle/20.500.14008/94718,https://historica.unibo.it/server/iiif/065b7eb1-cdbc-4347-81c2-450a6466ea9b/manifest
BO0624_83744,"Collection de M. de Monbrison: Catalogue de tableaux anciens et portraits historiques du XVII siècle français par N. del Abbate, Allegri dit le Corrège, Beaubrun, Bellini ... deux tapisseries du XVI siècle ...: le vendredi 13 mai 1904",https://historica.unibo.it/handle/20.500.14008/92834,https://historica.unibo.it/server/iiif/0670cf0a-e87c-4f51-b927-1a12b36d6845/manifest
BO0624_88602,"Antiquitäten, alte Möbel und Bilder, Gobelins, Orientteppiche, Miniaturen, chinesische Grabplastik und Keramik aus norddeutschem u. anderem Besitz. Versteigerung: München, 1-2 Juli 1926",https://historica.unibo.it/handle/20.500.14008/94550,https://historica.unibo.it/server/iiif/0685cab1-4ddd-4fc5-8318-77913a4f59b8/manifest
BO0624_88396,"Sammlung Brunander: zwölfte Versteigerung [Gemälde, Bildewerke, Möbel und Antiquitäten: Sammlung Brunander Berlin: ... Versteigerung: 11 November u. folg. Tage]",https://historica.unibo.it/handle/20.500.14008/94385,https://historica.unibo.it/server/iiif/06c0874e-b5a3-44f4-b2de-9a832d43ebf4/manifest
BO0624_84082,"Catalogue de dessins, aquarelles, pastels anciens et modernes par N. Berghem, P. Bril ... composant la collection de Henri Haro: Paris, Hotel Drouot le samedi 3 février 1912",https://historica.unibo.it/handle/20.500.14008/93491,https://historica.unibo.it/server/iiif/070b0db8-cb02-4685-9eec-331881bd5487/manifest
BO0624_66070,"Catalogue of decorative furniture, objects of art and tapestry from various sources, and six panels of Paris tapestry removed from Battle Abbey: thursday, july 19, 1928",https://historica.unibo.it/handle/20.500.14008/93191,https://historica.unibo.it/server/iiif/073d89cf-4598-45ca-a673-4185856c4c93/manifest
BO0624_87539,Katalog von gemalden alterer und neurerer meister dabei das berühmte altkölnische altarbild aus dem besitze der Freiherrlich Von Hueneshen familie sowie von Eingerahmten Kupferstichen aus dem nachlasse des verstorbenen Herrn justizraath Steph.Sitt zu Köln. Versteigerung zu Köln den 25 bis 27 April 1898 bei J.M. Heberle (H.Lempertz'Söhne),https://historica.unibo.it/handle/20.500.14008/93804,https://historica.unibo.it/server/iiif/07717350-1dde-4c62-8b69-95930fb739d4/manifest
BO0624_87406,Katalog der reichhaltingen Kunst-Sammlung aus dem Nachlasse des Malers Herrn Franz Reichardt zu München ... Versteigerung zu Köln den 21. bis 24. October 1889 durch J. M. Heberle (H. Lemperz' Söhne),https://historica.unibo.it/handle/20.500.14008/93723,https://historica.unibo.it/server/iiif/077ede2a-e300-402e-9b18-68aaeffcaa04/manifest
BO0624_83722,Tableau par Honoré Fragonard ...: Hotel Drouot ... le mardi 9 juin 1903,https://historica.unibo.it/handle/20.500.14008/92810,https://historica.unibo.it/server/iiif/079732c6-a2c3-44ea-9ac5-f5d9da13f591/manifest
BO0624_88551,Ölgemälde und Handzeichnungen moderner Meister darunter aus mitteldeutschem Museumbesitz und aus anderem Besitze: Auktion in München in der Galerie Hugo Helbing ... den 10. und ... den 11. Dezember 1924,https://historica.unibo.it/handle/20.500.14008/94518,https://historica.unibo.it/server/iiif/07c02281-b04a-4ad1-9c2d-f24a9723db83/manifest
BO0624_83827,Catalogue des estampes anciennes et modernes ... porcelaines et faiences anciennes ...: mercredi 21 et jeudi 22 février 1906,https://historica.unibo.it/handle/20.500.14008/93318,https://historica.unibo.it/server/iiif/07d2e0ad-c2cc-49bf-970a-34c56b8c6d83/manifest
BO0624_87465,"Katalog der reichhaltigen und ausgewählten Kunst-Sammlung des Museums Christian Hammer in Stockholm, Serie 4, Töpfereien, Fayencen ... Versteigerung zu Köln den 15. bis 19. Juni 1894 durch J. M. Heberle (H. Lempertz' Sönhe)",https://historica.unibo.it/handle/20.500.14008/93760,https://historica.unibo.it/server/iiif/0823c0c5-506b-47d2-a4be-ee850e5477fe/manifest
BO0624_87716,"Oelgemälde und Aquarelle neuerer Künstler, Antiquitäten aus dem Nachlass des Herrn G., Dresden u. a. Beitrage: Kunstmobiliar, Siegburger, Kreussener und Frechner Krüge, Franzosische Bronzen ..., MünzSammlung, Grosse Kollektion Handzeichnungen und Aquarelle von Meistern des 16.-19. Jahrhunderts: Ausstellung, Sonntag, den 19. März und Montag, den 20. März 1905; Versteigerung, Dienstag, den 21. März und Mittwoch, den 22. März 1905",https://historica.unibo.it/handle/20.500.14008/93908,https://historica.unibo.it/server/iiif/08242c1b-23bc-4031-9162-dae4c368cb46/manifest
BO0624_83898,"Catalogue des tableaux, aquarelles & pastels ... Importantes tapisseries Flamandes ... objets d'art dépendant de la succession de M. Elie Léon: le lundi 3 juin 1907",https://historica.unibo.it/handle/20.500.14008/93365,https://historica.unibo.it/server/iiif/082de732-1bf8-4b3d-925d-1f21af1f16f3/manifest
BO0624_88346,"Antiquitäten Skulpturen Möbel alte Gemälde Miniaturen ostasiatisches Kunstgewerbe antike Ausgrabungen aus verschiedenem süddeutschem-meist münchener Privatbesitz: ferner die Sammlung altorientalischer Waffen aus dem Besitze August Diez: Versteigerung in der Galerie Helbing in München Mittwoch, den 18. September und folgende Tage",https://historica.unibo.it/handle/20.500.14008/94350,https://historica.unibo.it/server/iiif/08baaaa5-d83c-48ac-93cd-d955e28e5ed7/manifest
BO0624_83976,"Catalogue des objets d'art et de haute curiosité, faiences et porcelaines, montres, miniatures, boîtes ... bronzes italiens ... composant la collection J. E...: Hotel Drouot, le jeudi 27 mai 1909",https://historica.unibo.it/handle/20.500.14008/93418,https://historica.unibo.it/server/iiif/08bcdc71-4a7d-4452-8eb4-ad185de0f77f/manifest
BO0624_84029,"Catalogue des objets d'art et d'ameublement, tableaux, aquarelles, dessins par Édouard Detaille, bijoux montés de brillants, perles, rubis et saphirs, fourrures orfèvrerie ancienne & moderne ...: 19, 20, 21 et 22 décembre 1910",https://historica.unibo.it/handle/20.500.14008/93451,https://historica.unibo.it/server/iiif/08fcf9d3-041c-4c45-ae3b-c18fdf3c8d2d/manifest
BO0624_87929,"Antiquitäten: Gemälde, Handzeichnungen Stiche, Bücher, namentlich viel Francofurtensia aus dem Besitze des verstorbenen Herrn Ferdinand Günther-Prestel: Auktion in Frankfurt a. M. ... unter Leitung des Kunsthändlers und gerichtlich vereideten Sachverständingen Hugo Helbing, München ... den 22. und ... den. 23. November 1910",https://historica.unibo.it/handle/20.500.14008/94065,https://historica.unibo.it/server/iiif/08ff9335-5b71-4bba-a130-5ba28f88c056/manifest
BO0624_88701,"Sammlung Gustav Seligmann Koblenz und Köln: Versteigerung: Dienstag, den 27. und Mittwoch, den 28. März 1928",https://historica.unibo.it/handle/20.500.14008/94631,https://historica.unibo.it/server/iiif/0904b1e1-3eba-4bdd-886e-b6ff775738c0/manifest
BO0624_88291,"Sammlung Georg Schwarz: Bildwerke der Antike und der Christlichen Epochen in Holz, Stein, Ton und Bronze: Austellung, vom 20. bis 23. Mai 1917: Versteigerung, Donnerstag, den 24. Mai inden Versteigerungsräumen, Berlin ...",https://historica.unibo.it/handle/20.500.14008/94314,https://historica.unibo.it/server/iiif/09167d15-a0bb-45b5-9f4c-fbda77ec7475/manifest
BO0624_83858,Catalogue des objets d'art et de haute curiosité ... composant la collection de feu M. Émile Molinier: jeudi 21 ... jeudi 28 juin 1906,https://historica.unibo.it/handle/20.500.14008/93336,https://historica.unibo.it/server/iiif/09309895-8b30-4f59-aa11-a83f0c44d573/manifest
BO0624_83735,"Catalogue des tableaux anciens et modernes, objets d'art et d'ameublement composant la collection Mame de Tours: vente ... à Paris, Galerie Georges Petit, 26, 27, 28, et 29 avril 1904",https://historica.unibo.it/handle/20.500.14008/92838,https://historica.unibo.it/server/iiif/094c87c3-1d65-4a8f-9396-0e2576017ab9/manifest
BO0624_87860,"Katalog von Gemälden alter Meister: Nachgelassene Sammlung Sir Charles Turner, London: versteigerung: Dienstag, den 17. November 1908",https://historica.unibo.it/handle/20.500.14008/94024,https://historica.unibo.it/server/iiif/09a6e91c-d223-45ab-a16f-a8bd6b0de9b2/manifest
BO0624_84012,"Catalogue des objets d'art et d'ameublement, porcelaines de Saxe ...: samedi 21 mai 1910",https://historica.unibo.it/handle/20.500.14008/93440,https://historica.unibo.it/server/iiif/09aa9e7e-4916-4266-81e9-a200469429a1/manifest
BO0624_84164,"Catalogue des tableaux anciens et modernes, dessins, aquarelles, estampes ... appartenant a Monsieur C. et dont la vente aux enchères publiques aura lieu ... le samedi 22 Novembre 1913",https://historica.unibo.it/handle/20.500.14008/93556,https://historica.unibo.it/server/iiif/09b51550-ca59-40e0-9190-056e1db45333/manifest
BO0624_87979,Katalog der Sammlung des Konigl. Badeinspektors dr. Bernh. Lersch-Aachen u.A.: Hervorragende Gemalde alter und neuzeitiger Meister ...,https://historica.unibo.it/handle/20.500.14008/94096,https://historica.unibo.it/server/iiif/09bdfe6c-574c-45c1-a3e7-5708fefa4687/manifest
BO0624_66055,"Catalogue of the important collection of old French, Italian and English furniture, tapestry and porcelain formed by sir Lionel Phillips ...: on Wednesday, April 23 ... and Thursday, May 8, 1913",https://historica.unibo.it/handle/20.500.14008/93177,https://historica.unibo.it/server/iiif/09e83221-a6db-430e-9ce1-fecc3d213eda/manifest
BO0624_87679,"Gemälde-Versteigerung: eine großere Sammlung von Ölgemälden hervorragender moderner und alter Meister darunter werke von: Ad. von Menzel ... M. Miervelt: Versteigerung: Dienstag, den 19. Januar, Mittwoch, den 20. Januar 1904",https://historica.unibo.it/handle/20.500.14008/93882,https://historica.unibo.it/server/iiif/09ed502b-5f14-4a85-aaef-f83e94d74334/manifest
BO0624_88736,"Sammlungen Paul Graf Merveldt, Schloss Marienfeld: Paul Schetter, Wiesbaden und anderer Besitz: Gemälde alter Meister mit 19 Lichtdrucktafeln: ... Versteigerung ... 6. November 1928",https://historica.unibo.it/handle/20.500.14008/94662,https://historica.unibo.it/server/iiif/0a0f3937-8acb-4d6f-a926-6750946d2e83/manifest
BO0624_88588,"Gemälde alter Meister aus der Sammlung Linnartz, aus schloss schlesisch nettkow und anderem Besitz Handzeichnungen: Versteigerung...den 23 Marz 1926",https://historica.unibo.it/handle/20.500.14008/94539,https://historica.unibo.it/server/iiif/0a129429-e9a8-45ce-9d8b-fdf73466052b/manifest
BO0624_84081,"Catalogue des objets d'art et de curiosité, porcelaines de Chine, d'Allemagne et autres ... bois sculptés des 15., 16. et 17. siècles ... livres anciens: lundi 18, mardi 19 et mercredi 20 décembre 1911",https://historica.unibo.it/handle/20.500.14008/93490,https://historica.unibo.it/server/iiif/0a1d636d-0942-4d22-87f7-2f18fd79937b/manifest
BO0624_84001,"Catalogue des tableaux anciens, pastels, aquarelles, dessins principalement du 18. siècle ... sculptures du 18. siècle ... ancienne porcelaines de Chine ...: lundi 14 mars 1910",https://historica.unibo.it/handle/20.500.14008/93434,https://historica.unibo.it/server/iiif/0a1df30b-ba18-4793-b8be-93d56f88baf8/manifest
BO0624_84237,Catalogue des objets d'art et de très bel ameublement anciens ... tableaux & dessins ... sièges et meubles ... tapisseries anciennes ... le tout appartenant à divers amateurs ...: la vente ... aura lieu à Paris ... le jeudi 21 avril 1921 ...,https://historica.unibo.it/handle/20.500.14008/93615,https://historica.unibo.it/server/iiif/0a53892f-c1b1-4d8e-b596-3969fabcbae5/manifest
BO0624_87723,"Katalog ausgewählter und vorzüglicher Gemälde alter und neuzeitiger Meister: nachlass eines rheinischen Sammlers sowie kleinere Beiträge aus verschiedenem Besitz: Versteigerung zu Köln, Montag den 17. und Dienstag den 18. April 1905 bei J. M. Heberle (H. Lempertz' Söhne)",https://historica.unibo.it/handle/20.500.14008/93915,https://historica.unibo.it/server/iiif/0a99da34-2837-4704-b930-efe628a5ae97/manifest
BO0624_88696,"Gemälde alter und neuerer Meister und Antiquitäten. Versteigerung: Berlin, 6-7 Marz 1928",https://historica.unibo.it/handle/20.500.14008/94626,https://historica.unibo.it/server/iiif/0ab83564-6d61-4791-91d0-9e8f933cb86e/manifest
BO0624_87836,"Antiquitäten Kollection Wilhelm Rehbock, Hannover ... Versteigerung ... den 31. März 1908",https://historica.unibo.it/handle/20.500.14008/94004,https://historica.unibo.it/server/iiif/0ac396bf-bf8c-4e7d-89cb-37ceff9a26a2/manifest
BO0624_44981,"Sammlung Andre Kirchberger, Ems: Deutsches Porzellan des 18. Jahrhunderts",https://historica.unibo.it/handle/20.500.14008/92679,https://historica.unibo.it/server/iiif/0b092eb0-a09c-4dee-acce-7f5578034324/manifest
BO0624_88741,"Sammlung Tony Straus-Negbaur: Gemälde, Zeichnungen, Skulpturen, Möbel, Keramik, Textilien und andere Kunstgegenstände: ... Versteigerung ... den 25. und ... den 26. November",https://historica.unibo.it/handle/20.500.14008/94667,https://historica.unibo.it/server/iiif/0b2c17d3-9854-4bd3-869c-e13ffa42fa7c/manifest
BO0624_84089,"Collection Jean Dollfus: 2: Catalogue des aquarelles, dessins par Belly, Charlet ... Lithographies - Gravure sur bois... dépendant des collections de M. Jean Dollfus et dont la vente ... aura lieu a Paris, Hotel Drouot, les lundi 4 Mars 1912 ...",https://historica.unibo.it/handle/20.500.14008/93497,https://historica.unibo.it/server/iiif/0b4ad3b7-247d-4eb6-9408-ce5cc7a6e52a/manifest
BO0624_88399,"Katalog der grossen Versteigerung von Gemälden, Bronzen, Vasen, Teppichen, Porzellanen, ... im Residenzshloss zu Stuttgart: Donnerstag, den 27. November bis Samstag, den 29. November 1919, ...",https://historica.unibo.it/handle/20.500.14008/94388,https://historica.unibo.it/server/iiif/0b563983-95bd-40a7-9aab-e00bbf931b6c/manifest
BO0624_88081,Alter Meister Gemälde und Bildwerke des 15. bis zur 1. Hälfte des 19. Jahrhunderts Handzeichnungen und Kupferstiche aus der Sammlung des Herrn Dr. P. Gerhardt in Hamburg und anderem Privatbesitz: ... Versteigerung ... den 18. Februar 1913,https://historica.unibo.it/handle/20.500.14008/94158,https://historica.unibo.it/server/iiif/0b6799b2-bffa-4a26-8f08-234def597fe9/manifest
BO0624_88765,"Ostasiatisches Kunstgewerbe Bronze, Spiegel und anderes Gerat ... aus Sammlung E.L",https://historica.unibo.it/handle/20.500.14008/94684,https://historica.unibo.it/server/iiif/0bc5a6e1-8c4c-4e1b-8b99-7d17c038441c/manifest
BO0624_81973,Catalogo della Raccolta Pisa. Vol. 2: Tavole,https://historica.unibo.it/handle/20.500.14008/92981,https://historica.unibo.it/server/iiif/0bdc5f22-91a6-442d-b424-2defa800688d/manifest
BO0624_83890,"Catalogue des tableaux composant la collection Ch. Sedelmeyer: première vente ... et qui aura lieu dans la Galerie Sedelmeyer ... le jeudi 16, vendredi 17 et samedi 18 mai 1907 ...",https://historica.unibo.it/handle/20.500.14008/93360,https://historica.unibo.it/server/iiif/0c2afd17-0ca6-4b20-ad2a-e9b63265dccd/manifest
BO0624_81825,"Catalogo di oggetti antichi d'arte e d'ammobiliamento: vendita al pubblico incanto presso l'impresa ""C. Galardelli"" ...",https://historica.unibo.it/handle/20.500.14008/93225,https://historica.unibo.it/server/iiif/0c3d569e-4d1c-4423-9ca8-7c8f0e4db9b7/manifest
BO0624_88220,"Verzeichnis über Gemälde älterer und moderner Meister dabei die Sammlung Friedr. Perlberg, München: Antiquitäten, Kunstgegenstände Antike Möbel, Teppiche, Bücher u. dgl. wegen Abreise nach dem Auslande: Sammlung griechischer, römischer u. and. Ausgrabungen in Terracotta, Ton, Marmor, Bronze usw.: Versteigerung ... den 23. und 24. Februar 1915 ... Frankfurt a. Main ...",https://historica.unibo.it/handle/20.500.14008/94255,https://historica.unibo.it/server/iiif/0c65bf8c-eaf8-469b-b81a-f4b3c0e3f607/manifest
BO0624_88606,"Sammlung Johann Bosch [gestorben] Ulm: Arbeiten in Eisen, Messing, Kupfer, Silber, Elfenbein, Holz u. a. inbesondere Schlüssel, Schlösser und Beschläge ...: Aus anderem Besitz: Silbergegenstände, Teppiche, Gemälde erster Meister: ... Versteigerung ... 15. September und folgende Tage ... München ... Katalog mit 13 Tafeln ...",https://historica.unibo.it/handle/20.500.14008/94553,https://historica.unibo.it/server/iiif/0c73c535-dfbd-44bc-b2bd-79c8c8a77ea5/manifest
BO0624_81832,"Catalogo di una cospicua galleria antica e moderna, già appartenuta ad un eminente patrizio bergamasco: vendita all'asta il 24, 25, 26, 27, 28, 29, 30 e 31 ottobre 1916 ..., alla Galleria Geri, Milano: esposizione dal 19 al 23 ottobre 1916",https://historica.unibo.it/handle/20.500.14008/92884,https://historica.unibo.it/server/iiif/0c7a771d-0934-40ac-92d5-615f4fa771dc/manifest
BO0624_84003,Catalogue des objets d'art et d'ameublement ...: samedi 9 avril 1910,https://historica.unibo.it/handle/20.500.14008/94751,https://historica.unibo.it/server/iiif/0c8a1e98-34ca-4a48-91c8-97148d76fa61/manifest
BO0624_84251,"Catalogue des dessins et tableaux anciens et modernes, objets d'art de haute curiosité et d'ameublement composant la première partie des collection de feu M. Gaston Le Breton ...: les mardi 6, mercredi 7 et jeudi 8 décembre 1921 ...",https://historica.unibo.it/handle/20.500.14008/93627,https://historica.unibo.it/server/iiif/0c93a766-643b-4fbf-8d77-863d186563ac/manifest
BO0624_87418,"Verzeichniss der Gemälde älterer und moderner Meister sowie von Musikinstrumenten und Elfenbeinfiguren welche aus der Hinterlassenschaft des zu Amsterdam verstorbenen Kunsthändlers Herrn Friedrich Kayser, früher in Frankfurt a. M. wegen Erbtheilung ... den 25. November ... in Frankfurt am Main öffentlich versteigert werden",https://historica.unibo.it/handle/20.500.14008/93732,https://historica.unibo.it/server/iiif/0d15e672-458e-4107-8eb4-06df1b537799/manifest
BO0624_83754,"Catalogue des tableaux modernes par Th. Couture, Diaz, J. Dupré ... oeuvres capitales de Decamps, aquarelles, sépias, dessins par Decamps, Isabey, Leys, composant la collection Émile Gaillard ...: mardi 7 juin 1904 ...",https://historica.unibo.it/handle/20.500.14008/92837,https://historica.unibo.it/server/iiif/0d183623-faf1-471c-a0dd-ada4a6d0156f/manifest
BO0624_84123,"Catalogue des objets d'art et d'ameublement, porcelaines & faiences, miniatures, boites, objets variés, pendules, meubles, etoffes: tableaux anciens, dessins, dependant des collections de M. Jean Dollfus et dont la vente ... aura lieu a Paris ... les lundi 11, mardi 12 et mercredi 13 novembre 1912",https://historica.unibo.it/handle/20.500.14008/93526,https://historica.unibo.it/server/iiif/0d192fd2-e148-45b6-9082-f9a7448719a5/manifest
BO0624_87815,"Collection Prinz Otto Sayn-Wittgenstein, Egern-Rottach: Kunst und Kunstgewerbe des 17. und 18. Jahrhunderts, Ölgemälde alter Meister",https://historica.unibo.it/handle/20.500.14008/93984,https://historica.unibo.it/server/iiif/0d4411f2-b261-458d-9816-9d536cc82873/manifest
BO0624_83943,"Catalogue des gravures, dessins, tableaux anciens principalement de l'École française du 18. siècle par ou attribués à Drouais ... porcelaines et faiences anciennes des fabriques d'Allemagne, Aprey ... composant la collection de M. A. Lion: Hotel Drouot, les mercredi 18 et jeudi 19 novembre 1908",https://historica.unibo.it/handle/20.500.14008/93395,https://historica.unibo.it/server/iiif/0da8612d-c38e-4ad8-b3ae-856cac319fb2/manifest
BO0624_83678,"Catalogue de tableaux modernes par Boudin, Guillaumin ... composant la collection de M. Ibos (de l'Opera): mardi 19 juin 1900",https://historica.unibo.it/handle/20.500.14008/93261,https://historica.unibo.it/server/iiif/0dc6162c-5aae-4dc5-a86e-fa362366ad80/manifest
BO0624_88391,"Katalog der Gemälde meist moderner Meister: Textilien, Möbel, Uhren, Edel- und anderer Metalle, Porzellan und anderer Töpfereien, Glas, Holz, Elfenbein, Blätter, Bücher: Versteigerung: 23. und 24. September 1919",https://historica.unibo.it/handle/20.500.14008/94381,https://historica.unibo.it/server/iiif/0dd252f3-201b-4ff8-9570-28feaacc7bbc/manifest
BO0624_88760,"Gemälde neuer Meister Sammlung Niemann [gestorben], Berlin und anderer privatbesitz. Aquarelle Zeichnungen und Graphik alter und neuerer meister. Versteigerung: Berlin, 9 April 1929",https://historica.unibo.it/handle/20.500.14008/94680,https://historica.unibo.it/server/iiif/0df83a11-b3b0-428a-a053-f3354e6eb83f/manifest
BO0624_88683,"Antiquitaten Gobelins, Kostbarkeiten der Kleinkunst (Dosen, Miniaturen, Bijoux), Skulpturen (Holz und Elfenbein) Ausgrabungen aus alttiroler Schloss- und russischem Privatbesitz: [Versteigerung in Frankfurt a. M., Mittwoch, den 7. Dezember 1927]",https://historica.unibo.it/handle/20.500.14008/94613,https://historica.unibo.it/server/iiif/0e0c0c41-a25a-4795-9b79-32f3b84ee474/manifest
BO0624_88423,Gemälde und Kunstegewerbliche Arbeiten aus Privatbesitz: ... Versteigerung ... 1. Juni 1920 ... 2. Juni 1920,https://historica.unibo.it/handle/20.500.14008/94409,https://historica.unibo.it/server/iiif/0e268b8c-ac50-4d6d-8bb4-10b393f6a024/manifest
BO0624_88096,Sammlung A. Arens Antwerpen Nachlä: Ausstellung ... Versteigerung ... den 19. und ... den 20. März 1913,https://historica.unibo.it/handle/20.500.14008/94171,https://historica.unibo.it/server/iiif/0e274d05-0460-47b0-997d-1d375dab636d/manifest
BO0624_88644,"Ölgemälde, Aquarelle und Handzeichnungen moderner Meister: aus ausländischem und deutschem Besitz. Auktion: München, 30 April 1927",https://historica.unibo.it/handle/20.500.14008/94582,https://historica.unibo.it/server/iiif/0e3fee5c-d16a-407c-9765-c8e84fd5a4b5/manifest
BO0624_87975,"Gemalde alter Meister des 15 bis 18 Jahrhunderts aus Berliner und Londoner Privatbesitz: Ausstellung: Sonntag, den 15. und Montag, den 16. Oktober 1911: Versteigerung: Dienstag den 17 Oktober 1911",https://historica.unibo.it/handle/20.500.14008/94093,https://historica.unibo.it/server/iiif/0e77344f-34c9-4c8a-a99c-926440fcc3b5/manifest
BO0624_84227,"Catalogue des objets d'art et d'ameublement anciens et modernes, tableaux anciens ... faiences anciennes ... meubles anciens et modernes ... le tout appartenant à Madame X ...: la vente aura lieu à Paris ... les lundi 15 et mardi 16 novembre 1920 ...",https://historica.unibo.it/handle/20.500.14008/93607,https://historica.unibo.it/server/iiif/0ea41a4e-0c41-4384-9f82-ad172990479e/manifest
BO0624_81745,"Catalogue de tableaux, objets d'art et de curiosité formant la collection de Mr. le Comte J. B. Lucini Passalaqua de Milan, tableaux, sculptures, faïences ...: dont la vente aux enchères publiques aura lieu à Milan dans le Foyer du grand Théâtre de la Scala, le Mardì 14 Avril 1885 et jours suivants...",https://historica.unibo.it/handle/20.500.14008/93220,https://historica.unibo.it/server/iiif/0ee48daf-ab47-436c-bb4a-4fd63d7f3fa9/manifest
BO0624_87476,Katalog der ausgewählten und reichhaltigen Gemälde-Galerie aus dem Nachlasse des zu Florenz verstorbenen Herrn Giorgio Augusto Wallis etc. ... Versteigerung zu Berlin ... den 24. Mai 1895 ... durch J. M. Heberle (H. Lempertz' Söhne) aus Köln a. Rh,https://historica.unibo.it/handle/20.500.14008/93767,https://historica.unibo.it/server/iiif/0eed91d1-f781-4fd1-8680-1321483724da/manifest
BO0624_87990,"Verzeichnis der Gemälde älterer und moderner Meister, Aquarelle und Hanzeichnungen, Antiquitäten und Kunstsachen, Arbeiten in Fayence, Porzellan, Glass, Metall, Edelmetall ...: Versteigerung Dienstag u. Mittwoch, den 28. u. 29. November 1911",https://historica.unibo.it/handle/20.500.14008/94102,https://historica.unibo.it/server/iiif/0f93b955-ba2b-44db-a18d-144c5372a5ba/manifest
BO0624_87421,Katalog der von Herrn Verlagsbuchändler Buchner (Bamberg) hinterlassen hervorragenden Kunstsammlung ... oeffentliche Versteigerung ... den 3. Juni 1891 und folgende Tage ... durch den vereideten königlichen und städtischen Auctions-Commissarius für Kunstsachen und Bücher Rudolf Lepke in ... Berlin ...,https://historica.unibo.it/handle/20.500.14008/93735,https://historica.unibo.it/server/iiif/0fbc1b6e-f714-420a-8da4-6abf9810b3fd/manifest
BO0624_87415,Katalog der Kulturhistorischen Sammlungen aus dem fünfeckigen Thurme der Kgl. Burg zu Nürnberg ... Versteigerung zu Köln den 9. Juni 1890 und folgende Tage durch J. M. Heberle (H. Lempertz' Söhne) ...,https://historica.unibo.it/handle/20.500.14008/93730,https://historica.unibo.it/server/iiif/0fc54cb2-dbbb-4298-be19-7c4f273a8dce/manifest
BO0624_88540,Ölgemälde und Handzeichnungen moderner Meister auw vorwiegend süddeutschem Privatbesitze und aus anderem Besitze: Auktion in München in der Galerie Hugo Helbing ... den 23. und ... den 24. September 1924,https://historica.unibo.it/handle/20.500.14008/94511,https://historica.unibo.it/server/iiif/0fd774cf-a551-4630-b2b8-05f0c6eaa0ce/manifest
BO0624_83983,"Catalogue des tableaux anciens, pastel, dessins, miniatures par Berckheyde et Velde (Adrien Van de) ... composant la collection de feu M. le Comte de Cherisey: Hotel Drouot, le mercredi 16 juin 1909",https://historica.unibo.it/handle/20.500.14008/93425,https://historica.unibo.it/server/iiif/0feed26e-da0f-422e-81ef-dfa4a44cbb69/manifest
BO0624_88207,Verzeichnis der Gemälde aus dem 12. bis 19. Jahrhundert: Sammlung Baron de la Gueste-Versailles: Versteigerung: Frankfurt am Main ... den 12. Mai 1914 ...,https://historica.unibo.it/handle/20.500.14008/94248,https://historica.unibo.it/server/iiif/1007c2b8-73fd-40d6-bf07-b53f6a583e4e/manifest
BO0624_88624,"Ölgemälde, Aquarelle und Handzeichnungen moderner Meister aus auslandischem und deutschem deutschen Besitz: Auktion in der Galerie Hugo Helbing, München, Donnerstag, 10. Februar 1927: Besichtigung in der Galerie Hugo Helbing",https://historica.unibo.it/handle/20.500.14008/94567,https://historica.unibo.it/server/iiif/106c1af9-9817-4cf5-a958-90e13ea01e3a/manifest
BO0624_84315,Catalogue des estampes en couleurs du 18. siècle ... objets d'art & d'ameublement principalement du 18. siècle ... porcelaines de Chine ... tapisserie d'Aubusson appartenant à Madame de V.: lundi 11 et mardi 12 juin 1928,https://historica.unibo.it/handle/20.500.14008/93669,https://historica.unibo.it/server/iiif/1074aa91-05ba-40b7-8562-91f69a0fa489/manifest
BO0624_88446,"Kunstgegenstände u. Altertümer Ludwigsburger Figuren, Marmorfiguren, Möbel, usw. aus dem früheren Krongut und aus staatlichem Besitze: Versteigerung: in Festsaal des Schlosses Rosenstein ... den 25. Oktober 1920",https://historica.unibo.it/handle/20.500.14008/94427,https://historica.unibo.it/server/iiif/1081b32e-14a3-4ba7-942a-99dcafae3d34/manifest
BO0624_83772,"Catalogue des objets d'art et d'ameublement, importante collection d'anciens vitraux suisses et allemands céramique, étains, armes, cuivres, fers, sièges, meubles tableaux anciens et modernes par van Delen, F. Eisen, Elias, Franck ... composant la collection de feu M. F. Ayle: mardi 21, mercredi 22 et jeudi 23 mars 1905",https://historica.unibo.it/handle/20.500.14008/93283,https://historica.unibo.it/server/iiif/1085e880-3436-4c3e-b8e1-af71a579a1a0/manifest
BO0624_83935,"Catalogue des tableaux modernes, aquarelles, dessins, pastels par Barye ... tableaux, aquarelles, dessins, pastel anciens par F. Boucher ... composant la collection Jules Gerbeau: le lundi 18 mai 1908",https://historica.unibo.it/handle/20.500.14008/93389,https://historica.unibo.it/server/iiif/1093501e-cc20-457d-a5fe-c9f70a104aac/manifest
BO0624_84117,Collection Jacques Doucet: troisième partie: *Catalogue des meubles & objets d'art du 18. siècle ...: les vendredi 7 et samedi 8 juin 1912,https://historica.unibo.it/handle/20.500.14008/93520,https://historica.unibo.it/server/iiif/10a913a4-55c2-49fe-85b2-f18be759901f/manifest
BO0624_83946,Catalogue des tableaux modernes par C. Corot ... tableaux anciens ... tapisseries anciennes ... dont la vente aux enchères publiques après décès de M. Chéréméteff aura lieu ... les vendredi 11 et samedi 12 décembre 1908,https://historica.unibo.it/handle/20.500.14008/93397,https://historica.unibo.it/server/iiif/10c6ac6a-6adc-4688-81e5-9ed2bc223a58/manifest
BO0624_66062,"A catalogue of the remaining contents of the mansion: on thursday & friday, 16th & 17th july, 1914",https://historica.unibo.it/handle/20.500.14008/93184,https://historica.unibo.it/server/iiif/10fe1664-4354-48b9-a5b4-c5042e08575d/manifest
BO0624_88713,Die Sammlung Oscar Huldschinsky [Versteigerung ... den 10. Mai 1928 ... den 11. Mai. 1928],https://historica.unibo.it/handle/20.500.14008/94640,https://historica.unibo.it/server/iiif/1101d607-2b14-41fc-a802-9a20c08cc634/manifest
BO0624_83660,"Catalogue des objets d'art et d'ameublement, sculptures en marbre et en terre cuite ... tableaux anciens... le tout dépendant de la succession de M. Ph. Sichel: jeudi 22 ... mercredi 28 juin 1899",https://historica.unibo.it/handle/20.500.14008/93249,https://historica.unibo.it/server/iiif/1113f09b-4d02-4bc3-923d-18c713772a9d/manifest
BO0624_88140,"Antiquitäten Einrichtungsgegenstände Gemälde: Nachlass des verstorbenen Herrn Max Pickert, Nürnberg: Sammlung Georges Stapelberg, Odessa ...: Auktion in München in der Galerie Helbing, Dienstag, den 7. Oktober 1913 und Mittwoch, den 8., sowie Donnerstag, den 9. Oktober",https://historica.unibo.it/handle/20.500.14008/94204,https://historica.unibo.it/server/iiif/112a3c93-df4f-4227-893a-6b7c7dad986f/manifest
BO0624_88502,"Gemälde neuerer Meister. Nachlass William Pape und Adalbert von Roessler ... Versteigerung: Berlin, 9-10 Mai 1922",https://historica.unibo.it/handle/20.500.14008/94478,https://historica.unibo.it/server/iiif/1140e3ae-eb90-46d5-924b-da0624566d55/manifest
BO0624_50114,"Catalogue raccourci des collections Camillo Castiglioni de Vienne. I. Tableaux, antiquités: la vente aux enchères publiques aura lieu à Amsterdam les 17, 18, 19 et 20 novembre 1925 dans la salle grande de ventes ... 16-18 Doelenstraat ...",https://historica.unibo.it/handle/20.500.14008/92695,https://historica.unibo.it/server/iiif/114fb195-7d97-49f0-acdd-b11de9d5a017/manifest
BO0624_88636,"111. Aachener Kunstauktion: Gemälde alter und neuer Meister ... Antiquitäten Aller Art ... Alte Perser-Teppiche, Antike Möbel ... aus rheinischem Adelbesitz u.a.: Versteigerung: Mittwoch und Donnerstag, den 30. und 31. März 1927",https://historica.unibo.it/handle/20.500.14008/94576,https://historica.unibo.it/server/iiif/116b5938-d8d3-44b2-bddd-14e3c19e74f7/manifest
BO0624_87967,Katalog einer hervorragenden Sammlung von Gemälden alter u.neuerer Meister darunter Werke von Prof. J. Adam ... Antiquitäten aller Art ... aus dem Besitze des [gestorbenen] Herrn Bildhauer Joh. Müller - Aachen und eine Dürener Sammlung: Versteigerung zu Aachen ... den 29. u. ... den 30. Juni 1911 ...,https://historica.unibo.it/handle/20.500.14008/94087,https://historica.unibo.it/server/iiif/117b1695-c1c4-4fbe-9372-738c49f548ed/manifest
BO0624_88018,"Gemälde, Bronzen, Antiquitäten, Möbel, Kunstgegenstände in Edel-Metall, Porzellan, Glas: aus belgischem Adelbesitz u.a.b.: Versteigerung: ... den 23 April ... den 24. April",https://historica.unibo.it/handle/20.500.14008/94118,https://historica.unibo.it/server/iiif/11c53d1a-84e3-4240-8dc6-32bf7ccd6e14/manifest
BO0624_84113,"Catalogue des Sculptures en Pierre, statues, groupes, bas-reliefs, frises, colonnes, chapiteaux, corbeaux, pilastres, grande cloture de baie de cathédrale, portes, cheminées, etc. ... décorant principalement les cours et le jardin de la maison dite de la reine Bérengère, au Mans, dont la gente après décès de M. Adolphe Singher aura lieu au Mans ... les lundi 27 et mardi 28 mai 1912",https://historica.unibo.it/handle/20.500.14008/93516,https://historica.unibo.it/server/iiif/11cb3643-b0cf-4876-a360-cb9cd8590a6e/manifest
BO0624_88320,"Nachlass Julius Cohen-Schwerin nebst Beiträgen aus verschiedenem Privatbesitz: Gemälde alter und neuer Meister: Möbel, Antiquitäten Orientteppiche: ... Versteigerung ... den 11. Dezember bis ... den 15. Dezember 1917",https://historica.unibo.it/handle/20.500.14008/94333,https://historica.unibo.it/server/iiif/11e5cedb-c8ca-4c70-9093-b34ed32ec774/manifest
BO0624_81925,Catalogo della collezione Podio di arte antica e ammobiliamento che sarà posta in vendita dalla Galleria Dante Giacomini: vendita da lunedì 21 a sabato 26 novembre,https://historica.unibo.it/handle/20.500.14008/92958,https://historica.unibo.it/server/iiif/1210b2bb-b4a2-4847-bc65-d7c3cd1d7bd0/manifest
BO0624_87380,"Katalog der nachgelassenen Gemälde- und Waffen-Sammlung des Freiherrn Carl von Aretin auf Haidenburg: Versteigerung zu München, Dienstag den 15. November 1887 und folgende Tage ... unter direction des Kunst-Experten Carl Maurer",https://historica.unibo.it/handle/20.500.14008/93704,https://historica.unibo.it/server/iiif/12482173-8ad4-437a-9565-2279ee8c15c5/manifest
BO0624_83710,"Catalogue des objets d'art et d'ameublement, anciennes porcelaines de la Chine, du Japon et de Saxe ... Tableaux anciens ... dont la vente, par suite du décès de M. Miallet aura lieu à Paris, hotel Drouot ... les Lundi 9 et Mardi 10 Juin 1902 ...",https://historica.unibo.it/handle/20.500.14008/92803,https://historica.unibo.it/server/iiif/126c2257-8cbb-4712-918c-6fb838311c73/manifest
BO0624_87963,Nachlass Professor Fritz von Uhde München: Gemälde und Handzeichnungen: [Auktion in der Galerie Helbing in München ... den 1. Juni 1911,https://historica.unibo.it/handle/20.500.14008/94085,https://historica.unibo.it/server/iiif/127f78ed-e382-4c57-85c7-d981f721b30a/manifest
BO0624_88187,Sammlung von Theodor Körner-Andenken aus Berliner Privatbesitz ...: Versteigerung: ... den 10 März 1914 ... den 11. März 1914,https://historica.unibo.it/handle/20.500.14008/94240,https://historica.unibo.it/server/iiif/1286c3c1-56ce-42f8-9cdc-c0e084da5896/manifest
BO0624_87426,Katalog über Gemälde älterer und moderner Meister die Sammlung der Frau Louise Heinemann Wwe in Kassel u. A. sowie theilweise in directem Augtrage der Künstler ferner über Antiquitäten und Kunstgegenstände ... und eine kleine Sammlung von Münzen und Medaillen welche ... den 22. September 1891 ... in Frankfurt a. M. öffentilich versteigert werden,https://historica.unibo.it/handle/20.500.14008/94755,https://historica.unibo.it/server/iiif/128bb266-10bd-4b99-a8ee-f1dcad8921e2/manifest
BO0624_87832,Gemälde alter Meister sowie eine Anzahl Bilder des 19. Jahrhunderts: Dabei Privatsammlungen aus westdeutschem und russischem Besitz und eine Anzahl Bilder aus einem Zwangsverkauf: Mit 26 Abbildungen ... Versteigerung ... den 11. Februar und ... den 12. Februar 1908,https://historica.unibo.it/handle/20.500.14008/94001,https://historica.unibo.it/server/iiif/12a431c2-68bf-419a-988a-0a7fb3c45f1c/manifest
BO0624_5718,"Catalogue de la vente des objets d'art ayant appartenus à deux collectionneurs bien connus de Florence et se composant de faïences italiennes, tableaux, terres-cuites, bronzes et meubles du 15. et 16. siècle: la vente aura lieu du 11 au 18 avril, à Rome sous la direction de M.r G. Sangiorgi",https://historica.unibo.it/handle/20.500.14008/93014,https://historica.unibo.it/server/iiif/130ecfe5-28b1-41cb-aab2-6e0575397146/manifest
BO0624_87974,"Katalog ausgewahlter Kunstgegenstande, Antiquitaten und Einrichtungsgenstande Gemalde (2. abteilung) aus dem Nachlasse des Geh. Medizinalrats Prof. Dr. Lohmeyer in Gottingen: Versteigerung zu Koln ... bei J.M. Heberle ...",https://historica.unibo.it/handle/20.500.14008/94092,https://historica.unibo.it/server/iiif/134b4005-6c0a-4819-957b-d2ba04b4748f/manifest
BO0624_87806,"Verzeichnis der Ölgemälde, Aquarelle, Zeichnungen und Kunstdrucke moderner und älterer Meister dabei der künstlerische Nachlass des am 23. April 1898 zu Düsseldorf verstorbenen Herrn Karl Schweich: Antiquitäten und Kunstsachen in metall...Versteigerung in Frankfurt am Main...den 4. u. 5. Sept. 1907",https://historica.unibo.it/handle/20.500.14008/93978,https://historica.unibo.it/server/iiif/13739d84-de68-48f0-96be-7428edc95234/manifest
BO0624_84258,"Catalogue des tableaux anciens, oeuvres des écoles primitives et de la Renaissance du XIII au XVI siècle par Fra Angelico, Fiorenzo di Lorenzo, G. Francia, L. Da Pistoja ... et des XVII, XVIII et XIX siècles ... composant la collection de madame X ...: le lundi 15 mai 1922 ...",https://historica.unibo.it/handle/20.500.14008/93632,https://historica.unibo.it/server/iiif/137e04e9-f67c-4bd3-8f3d-6aaa4aa08eb2/manifest
BO0624_84240,"Catalogue des tableaux anciens ... dessins, gouaches, pastels, gravures ... objets d'art et d'ameublement ... tapisseries ...: la vente aura lieu à Paris ... le mercredi 4 mai 1921 ...",https://historica.unibo.it/handle/20.500.14008/93618,https://historica.unibo.it/server/iiif/139b3779-51d8-4d7f-91f9-34381c4dccd3/manifest
BO0624_87715,"Gemälde und Handzeichnungen alter Meister: Sammlung August Schmetz, Aachen (n. 1-72) nebst Beiträgen aus anderem Besitz: Vesteigerung Dienstag, den 14 Marz 1905",https://historica.unibo.it/handle/20.500.14008/93907,https://historica.unibo.it/server/iiif/139dd547-e059-4a16-b3ec-ff5e9d07e14c/manifest
BO0624_88271,Ölgemälde moderner Meister Sammlung Kommerzienrat Fritz Eckel [gestorben] in Deidesheim: Auktion in München in der Galerie Helbing ... den 19. Dezember 1916,https://historica.unibo.it/handle/20.500.14008/94299,https://historica.unibo.it/server/iiif/13a591ab-9b91-45b1-83da-a09651b4aaae/manifest
BO0624_66069,"Catalogue of old French furniture and early carvings in ivory, the property of Walter Burns: old English and French furniture, objects of art and tapestry ...: thursday, july 5, 1928",https://historica.unibo.it/handle/20.500.14008/93190,https://historica.unibo.it/server/iiif/14328fce-1908-4a20-9f28-f5a2ca68ed6f/manifest
BO0624_87489,Katalog der reichhaltingen Gemälde-Sammlung aus dem Nachlasse des zu Florenz verstorbenen Herrn Giorgio Augusto Wallis 2. Theil ... Versteigerung zu Köln a. Rh. den 9. und 10. März 1896 durch J. M. Heberle (H. Lempertz' Söhne),https://historica.unibo.it/handle/20.500.14008/93775,https://historica.unibo.it/server/iiif/1445f2fd-1b89-42dd-82cc-17ee07649539/manifest
BO0624_88086,Verzeichnis guter Gemälde und Kunstblätter moderner und älterer Meister u.a. aus der Sammlung Duchesse Suchet d'Albufera: Versteigerung ... den 25. Februar 1913 ... in Frankfurt am Main ...,https://historica.unibo.it/handle/20.500.14008/94162,https://historica.unibo.it/server/iiif/144c4655-3e6a-4239-ae82-3123421f3aba/manifest
BO0624_88114,Antiquitaten und Gemalde alter und neuerer Meister: Nachlass museumsdirektor Lenz Lubeck: Sammlung Kapitan Ob: Asstellung: Donnerstag den 1. Mai bis Montag den 5. Mai 1913 ...,https://historica.unibo.it/handle/20.500.14008/94186,https://historica.unibo.it/server/iiif/145cac16-751c-4d79-9bbd-d445fc1aba48/manifest
BO0624_81784,"Catalogo n. 79: importanti quadri antichi e moderni, mobili diversi antichi, due camere da letto, un pianoforte, collezione di miniature, medaglie,oggetti d'arte, ecc. Raccolta appartenente a nobile famiglia toscana e altre proprietà, in vendita all'incanto",https://historica.unibo.it/handle/20.500.14008/92760,https://historica.unibo.it/server/iiif/1481604c-ff57-4c28-bb28-f19c60175b94/manifest
BO0624_87432,"Katalog einer Collection werthvoller Gemälde in Tempera und Oel, in welchen hauptsächlich Italienische Meister des 14., 15. und 16. Jahrhunderts vertreten sind. Antiquitäten-Sammlung bestehend aus Römischen und Etruskischen Alterthümern, Katakombenfunden, Aschenkisten, Byzantinischen Blattgoldkreuzen und Gewichten, Italienischen Renaissance-Möbeln, Vortragkreuz aus dem 14. Jahrhundert, Gold- und Silbermünzen etc. etc. Collection Cavaliere Carlo Morbio in Mailand ... oeffentliche Versteigerung ... den 22. und ... 23. März 1892 ... durch ... den vereideten königlichen und städtischen Auctions-Commissarius für Kunstsachen und Bücher Rudolf Lepke in ... Berlin",https://historica.unibo.it/handle/20.500.14008/93742,https://historica.unibo.it/server/iiif/148a395b-02bf-477a-a727-fcbbc0787c94/manifest
BO0624_84295,"Catalogue des tableaux modernes ... objets d'art & d'ameublement ...: lundi 21, mardi 22 et mercredi 23 mars 1927",https://historica.unibo.it/handle/20.500.14008/93656,https://historica.unibo.it/server/iiif/14bdb2c6-48eb-45c4-bfa3-d56828abc1f0/manifest
BO0624_83701,"Catalogue de tableaux anciens, portraits ... objets d'art & d'ameublement, anciennes porcelaines ... dont la vente par suite du décès du Comte Léon Mniszech aura lieu à Paris Galerie Georges Petit ... les Mercredi 9, Jeudi 10 et Vendredi 11 Avril 1902 ...",https://historica.unibo.it/handle/20.500.14008/92804,https://historica.unibo.it/server/iiif/14e32a0c-a7ea-466b-bf0d-184140a11e68/manifest
BO0624_88072,Gemälde des 16. bis 18. Jahrhunderts: Privatsammlungen und Einzelbeitäage: Versteigerung ... den 21. Januar 1913,https://historica.unibo.it/handle/20.500.14008/94151,https://historica.unibo.it/server/iiif/14ffa996-826a-4dca-a675-844c517bc816/manifest
BO0624_87839,"Gemälde alter Meister des 15. bis 18. Jahrhunderts und einige Werke neuerer Künstler dabei Kollektion aus ausländischem Privatbesitz ...: Versteigerung, Montag, den 13. April 1908, Rudolph Lepke's Kunst- Auctions-Haus, Berlin",https://historica.unibo.it/handle/20.500.14008/94006,https://historica.unibo.it/server/iiif/150355f7-41a8-495a-9b57-55efee71127b/manifest
BO0624_88266,"Porzellane, Gobelins, Teppiche, Metallarbeiten, Gemälde alter und neuerer Meister, Möbel und anderes aus der Sammlung Georg Hirth 1916. Band 1: Text",https://historica.unibo.it/handle/20.500.14008/94294,https://historica.unibo.it/server/iiif/151bf7f5-6574-4f15-a894-1324a8e41836/manifest
BO0624_88702,"Altertümer, Möbel, Stoffe und Teppiche sowie die Sammlung von Gemälden und Aquarellen eines württemb. Verlagsbuchhändlers und Gemälde, Zeichnungen, Stiche, Bücher aus verschiedenem Besitz: Versteigerung: Stuttgart, Oberes Museum ... von Hofkunsthändler Felix Felischhauer: Dienstag, 27. März: Altertümer, Mittwoch, 28. März: Aquarelle und Gemälde",https://historica.unibo.it/handle/20.500.14008/94632,https://historica.unibo.it/server/iiif/151d8ded-39f1-42db-976c-184430a2f5a5/manifest
BO0624_87692,"Katalog der Gemälde-Sammlung des Architekten Professor August Rincklake zu Köln a. Rh., hervorragende alte Meister: Versteigerung zu Köln: Dienstag, den 10. Mai 1904 ... unter Leitung von Heinr. Lempertz jun., J. M. Heberle (H. Lempertz'Söhne) zu Köln",https://historica.unibo.it/handle/20.500.14008/93893,https://historica.unibo.it/server/iiif/1564b2d3-656c-4286-9939-fa65ab3b5d28/manifest
BO0624_84281,"Catalogue des tableaux de l'école française du 18. siècle, 1zuvres de Chardin, Fragonard, Watteau ... objets d'art et d'ameublement principalement du 18. sicle composant la collection de M. Léon Michel Lévy ...: mercredi 17 et jeudi 18 juin 1925",https://historica.unibo.it/handle/20.500.14008/93650,https://historica.unibo.it/server/iiif/15cc5b25-17e7-403d-ac63-65149dd60a75/manifest
BO0624_88784,"Ölgemälde moderner Meister des In- und Auslandes: Nachlässe Friedrich Kozel Buenos Aires, Professor Arthur von Ramberg München sowie eine Sammlung aus ausländischem Besitz etc. Auktion: München, 24 September 1929",https://historica.unibo.it/handle/20.500.14008/94703,https://historica.unibo.it/server/iiif/16427456-6a5b-4308-84a8-7868a72e4e54/manifest
BO0624_50794,"Vente de la collection du comte L.T. organisée par la Galerie Warowland de Milan sous la direction de M. Gustave Gagliardi: la vente aura lieu à St. Moritz (Suisse) ... le 3, 4, 5 et 6 Février 1913 ...",https://historica.unibo.it/handle/20.500.14008/92711,https://historica.unibo.it/server/iiif/167e18dc-ed07-4ae2-8294-646df208aefe/manifest
BO0624_50063,Antiquités et objets d'art dépendant des successions Me Dou.ière Mr W.J. Royaards van den Ham ... Sir F. Seymour Haden ... et de quelques autres provenances: la vente aura lieu à Amsterdam du 22 au 26 novembre 1910 dans l'Hôtel de vente Doelenstraat ...,https://historica.unibo.it/handle/20.500.14008/92703,https://historica.unibo.it/server/iiif/1705337e-ea8f-4a35-badd-7d61075d7554/manifest
BO0624_88662,"Gemälde Neuzeitlicher Meister aus Verschiedenem Rheinischen Besitz: Versteigerung: Donnerstag, 13. Oktober 1927",https://historica.unibo.it/handle/20.500.14008/94596,https://historica.unibo.it/server/iiif/17c1f5d8-01c1-4268-ba72-f993f3114655/manifest
BO0624_88689,"Gemälde alter Meister: Sammlung Gräfin Lodron Sammlung Dr. N. Adalbert, Wien und anderer Privatbesitz: ... Versteigerung ... den 7. Februar 1928",https://historica.unibo.it/handle/20.500.14008/94619,https://historica.unibo.it/server/iiif/17c2d23a-7fe4-4047-b3bc-032a20080b06/manifest
BO0624_83669,Catalogue de 31 tableaux et six aquarelles par Eugène Boudin ... composant la collection Boudin- Martineau: vendredi 18 Mai 1900,https://historica.unibo.it/handle/20.500.14008/93256,https://historica.unibo.it/server/iiif/17d7a31a-174a-478e-bb94-454dc56796ed/manifest
BO0624_88255,"Verzeichnis über Gemälde moderner Meister Kunstblätter Antiquitäten u. Kunstgegenstände ... aus Privatbesitz: Versteigerung Dienstag und Mittwoch, den 12. und 13. September 1916 ...",https://historica.unibo.it/handle/20.500.14008/94285,https://historica.unibo.it/server/iiif/17e6de39-e2d6-4871-b545-8a5ce0d31e45/manifest
BO0624_66063,"A catalogue of the contents of Singleton Abbey, Swansea: monday, 13th october, 1919 and ... the six following days",https://historica.unibo.it/handle/20.500.14008/93185,https://historica.unibo.it/server/iiif/17edfeab-7f7d-459b-87e5-fa3ff23fff1c/manifest
BO0624_83835,"Catalogue des objets d'art et de haute curiosité de l'antiquité, du Moyen-age et de la Renaissance ... tableaux anciens ... composant la collection de m. D. Schevitch: mercredi 4, jeudi 5, vendredi 6 et samedi 7 avril 1906",https://historica.unibo.it/handle/20.500.14008/93324,https://historica.unibo.it/server/iiif/17f1b64e-c2f0-480e-8ad8-c936165874d3/manifest
BO0624_83885,"Catalogue des objets d'art et de curiosité de la Renaissance, émaux champlevés et peints, sculpture, bijoux, tableau, par Quentin Metys dont la vente par suite du décès de M. D. Schevitch: le Samedi 13 Avril 1907",https://historica.unibo.it/handle/20.500.14008/93355,https://historica.unibo.it/server/iiif/182f6db4-0a1e-4885-ae8b-515a019926ec/manifest
BO0624_88425,Sammlung von Gemälden alter u. neuerer Meister aus westdeutschem Patrizier-Besitz [Versteigerung ... den 15. Juni 1920],https://historica.unibo.it/handle/20.500.14008/94411,https://historica.unibo.it/server/iiif/1866bf1d-16d5-4a44-a359-fdbd6a6d7983/manifest
BO0624_83648,"Catalogue des dessins, aquarelles, pastels et gouaches de l'école française du 18. siècle, oeuvres de: Augustin, Bérain ... appartenant au marquis de Chennevières ...: les jeudi 5 et vendredi 6 mai 1898",https://historica.unibo.it/handle/20.500.14008/93239,https://historica.unibo.it/server/iiif/186d395a-4998-4e18-8ad0-bf990f976144/manifest
BO0624_88233,"Katalog hervorragender Sammlungen von Kupferstichen, Radierungen, Aquarellen, Handzeichnungen, Gemälde alter und neuerer Meister ... aus dem Besitze Prof. Mathias Streicher-Aachen u. a.: Versteigerung zu Aachen am 22. und 23. November 1915 ...",https://historica.unibo.it/handle/20.500.14008/94266,https://historica.unibo.it/server/iiif/18719e69-3bc0-47f1-af6a-303c3a868b02/manifest
BO0624_83901,"Collections de M. Edouard Chappey: Tome IV: Catalogue des objets d'art et de haute curiosité ... ivoires, émaux, bronzes ... tapisseries Flamandes ... tableaux dépendant des Collections de M. Edouard Chappey (quatrième vente): Les mercredi 5, jeudi 6 et vendredi 7 juin 1907",https://historica.unibo.it/handle/20.500.14008/93368,https://historica.unibo.it/server/iiif/18a35099-7f6f-4a57-8a25-256ffe47617d/manifest
BO0624_88704,"Fayencen meist deutscher Manufakturen aus norddeutschem Privatbesitz, Keramik, Metallarbeiten, Teppiche, alte Möbel, Plastik...Versteigerung: München, 30-31 Marz 1928",https://historica.unibo.it/handle/20.500.14008/94633,https://historica.unibo.it/server/iiif/18b9d564-98db-4a92-9ee8-3aa556f20f2d/manifest
BO0624_88448,"Ölgemälde moderner Meister aus dem Nachlasse A. De Ridder [gestorben], Frankfurt sowie aus anderem Besitz [Auktion in München in der Galerie Helbing ... den 10. ... den 11. November 1920]",https://historica.unibo.it/handle/20.500.14008/94429,https://historica.unibo.it/server/iiif/18c1133e-df9a-4c7c-8df5-4ebc84e3bdf1/manifest
BO0624_84276,"Collection Lehmann. Vol. 2: Catalogue des tableaux anciens par L. Boilly, F. Boucher, P. Danloux ..., pastels ... dessins anciens ...: lundi 8 juin 1925",https://historica.unibo.it/handle/20.500.14008/93647,https://historica.unibo.it/server/iiif/18d76d41-868b-4baa-aa34-5dd0784ee66b/manifest
BO0624_88261,"Verzeichnis über 1. Gemälde, Aquarelle und Zeichnung des Nachlasses des [gestorbenen] Herrn Karl Alexander, Freiherr von Otterstedt, Stuttgart, sowie des Nachlasses von Herrn Prof. Gustav Conz, Stuttgart usw.: 2. Die Altertümer des in Feldzug gefallenen Oberleutenant Karl von Capoll, Stuttgart usw., darunter ... sowie über 3. Die Aquarell-. Kupferstich- und Württembergicasammlung des [gestorben] Herrn Privatier A... in St. usw. darunter Originalansichten von ...: Versteigerung in Stuttgart ... 13. Nov. und folgende Tage ...",https://historica.unibo.it/handle/20.500.14008/94290,https://historica.unibo.it/server/iiif/18f54457-1cab-4888-88eb-ebedea739442/manifest
BO0624_88240,"Verzeichnis über Gemälde älterer und moderner Meister: Aquarelle, Kunstblätter usw. Antiquitäten, Kunstsachen dabei Ostasiatische Kunst ... aus Privatbesitz: Versteigerung ... den. 14. und 15. März 1916 ... Frankfurt a. Main ...",https://historica.unibo.it/handle/20.500.14008/94272,https://historica.unibo.it/server/iiif/1900ddaa-8daa-4483-bc62-99e3a19de309/manifest
BO0624_88293,"Katalog von alten Gemälden Skulpturen, Schnitzereien und Möbeln: aus dem besitz der Städtischen Museen Aachen: [Versteigerung in München in der Galerie Helbing...den 5. und...den 6. Juni 1917]",https://historica.unibo.it/handle/20.500.14008/94316,https://historica.unibo.it/server/iiif/1914161b-c6aa-4722-93ca-f45a6af00d86/manifest
BO0624_84170,"Catalogue des tableaux anciens, écoles primitives et de la Renaissance, écoles anglaise, flamande, française, hollandaise des 17. et 18. siècles, tableaux modernes, dessins et pastels anciens et modernes, objets d'art ... composant la collection de feu M. Édouard Aynard dont la vente, après décès, aura lieu a Paris ... les lundi 1er, mardi 2, mercredi 3 et jeudi 4 décembre 1913",https://historica.unibo.it/handle/20.500.14008/93559,https://historica.unibo.it/server/iiif/19545ead-8797-40b8-bc85-79123064426c/manifest
BO0624_83803,"Catalogue des tableaux modernes, pastels, aquarelles et dessins ... meubles et sièges anciens et modernes ...: 5 ... 10 juin 1905",https://historica.unibo.it/handle/20.500.14008/93302,https://historica.unibo.it/server/iiif/196e1f19-f4dc-4aa5-b3c0-b90100002e20/manifest
BO0624_88576,"Grosse Kunstversteigerung: 10. November und folgende Tage im Oberen Museum in Stuttgart: Gemälde, Antiquitäten, Waffensammlung, Kunstgewerbe, Silbergegenstände, Möbel viele Perser-und Orientteppiche aus süddeutschem Adels-, Privatbesitz u.a.: Versteigerung: 10. November: Teppiche und Gemälde, beginnend mit Teppichen, 11. und 12. November: Gemälde, Antiquitäten, Waffen usw",https://historica.unibo.it/handle/20.500.14008/94531,https://historica.unibo.it/server/iiif/1973c565-b697-4eca-bfd4-3757051c7415/manifest
BO0624_87492,"Katalog der Ausgewählten Sammlungen herrvorragender Kupferstiche, Gemälde und Kunstgegenstände aus dem Nachlasse des ... verstorbenen Rentners, Herrn Ludwig Bruchman. Versteigerung zu Köln J. M. Heberle (H. Lempertz' Söhne) ... den 26. un 28. März 1896",https://historica.unibo.it/handle/20.500.14008/93777,https://historica.unibo.it/server/iiif/19808cd8-6433-4c46-8257-2d720dd95c3a/manifest
BO0624_88654,"Ölgemälde, Aquarelle und Handzeichnungen moderner Meister aus dem besitze eines suddeutschen Museumsbesittz und aus andrem besitze. Auktion: München, 9 Juli 1927",https://historica.unibo.it/handle/20.500.14008/94590,https://historica.unibo.it/server/iiif/19a48750-a5f9-4162-b68a-f6f60dcfecf6/manifest
BO0624_83873,"Catalogue des objets d'art et de haute curiosité du moyen age et de la Renaissance, faiences, emaux champlevés et peints ... composant la collection de feu M. Armand Queyroi ...: Hotel Drouot, les lundi 25 et mardi 26 février 1907",https://historica.unibo.it/handle/20.500.14008/93343,https://historica.unibo.it/server/iiif/19a971a5-4b66-430d-b3e0-5962de4ebc06/manifest
BO0624_87903,"Gemälde alter Meister des 15. bis 18. Jahrhunderts: Sammlung aus französischem besitz: Werke von A. Altdorfer, Ambr. Benzon, A. v. Beyeren, Ger. ter Borch, Bronzino, B. Brouwer, P. Breughel, A. Canal, Fr. Clouet, A. Coello. B. Cujp ...: Dienstag, den 22. Februar 1910",https://historica.unibo.it/handle/20.500.14008/94049,https://historica.unibo.it/server/iiif/19b16a61-5407-4482-9e3b-b9eda7bf2a9a/manifest
BO0624_84197,"Collection Antony Roux: catalogue des importants tableaux modernes et aquarelles par Barye, Corot ... sculptures remarquables par A. Rodin, modèles et bronzes anciens, par A.- L. Barye ...: vente ... à Paris ... les mardi 19 et mercredi 20 mai 1914 ...",https://historica.unibo.it/handle/20.500.14008/93579,https://historica.unibo.it/server/iiif/19d27880-52b6-4ae8-9e62-d073fc9b3e54/manifest
BO0624_88129,"Sammlung von Ölgemälden moderner Meister aus dem Besitze des Herrn Salomon Oppenheimer, München: [Auktion in München in der Galerie Helbing, Dienstag, den 17. Juni 1913]",https://historica.unibo.it/handle/20.500.14008/94195,https://historica.unibo.it/server/iiif/19f730c0-e33b-48ce-a720-576393c48c58/manifest
BO0624_88542,Gemälde alter Meister: Möbel Porzellane Teppiche neuer Bilder: Antiquitäten aller Art ...: ... Versteigerung ... den 2. Oktober 1924,https://historica.unibo.it/handle/20.500.14008/94512,https://historica.unibo.it/server/iiif/1a2134fa-3ccf-4394-8899-acfb382b34f3/manifest
BO0624_88450,"Gemälde alter Meister des 15. bis 18. Jahrhunderts: darunter Beiträge aus einem deutschen Museum und aus dem Besitz des Seestadt Wismar dabei Werke von: W. v.d. Welde, Collenius, J. Steen, F. Bol, I. Jordaens, M. Palmezzano, Tiepolo, Veronese, Schiavone, Sodoma, L. Giordano, Th. Lawrence, P. Mignard, D. Chodowiecki u. a. m.: mit 16 Tafeln Abbildungen: ... Versteigerung ... 30. November 1920",https://historica.unibo.it/handle/20.500.14008/94430,https://historica.unibo.it/server/iiif/1a4a4ee7-fe21-4d48-8a39-289e1a238d8f/manifest
BO0624_83748,"Catalogue des tableaux anciens par ou attribués à Albane, Champaigne (Ph. de) ... tableau moderne ... meubles et sièges anciens ... costumes anciens et de style ... composant la collection de M.G. Jacquet ... dont la vente aura lieu ... les mercredi 25 mai 1904 ...",https://historica.unibo.it/handle/20.500.14008/92832,https://historica.unibo.it/server/iiif/1a662a31-fb6c-43d7-a2df-92b0aa3accdf/manifest
BO0624_88792,"Palais Schaumburg, Bonn Koblenzstrasse 141: Inneneinrichtung, Kunstgegenstände, Antiquitäten, Silberkammer, Perserteppiche, etc.: Konkursmasse Frau Alexander Zoubkoff Victoria, geborene Prinzessin von Preussen: die Versteigerung ergolgt im Auftrag des Konkursverwalters, Herrn Rechtshanwalt Dr. Rhein, Bonn: mit 32 Lichtdrucktafeln: Versteigerung ebendaselbst ... 15. bis ... 19. Oktober 1929",https://historica.unibo.it/handle/20.500.14008/94710,https://historica.unibo.it/server/iiif/1a83c3ae-dfad-4170-95ef-32d0c165df46/manifest
BO0624_84310,"Catalogue des tableaux anciens oeuvres de F. Casanova, M. Drolling, J. Lagrenée, J.B. Le Brun, Hubert Robert, etc., gouaches ... objets d'art et d'ameublement des 18. siècle et premier empire ... composant la collection de M. Joseph Bardac: vendredi 9 décembre 1927",https://historica.unibo.it/handle/20.500.14008/93666,https://historica.unibo.it/server/iiif/1ab63396-b25f-4996-aeb5-29bc020f86c2/manifest
BO0624_87493,"Katalog der Ausgewählten und Reichhaltigen Gemälde-Galerie des Rentiers Herrn Alexis Schönlank zu Berlin: Hervorragende Gemälde älterer Schulen ...: Versteigerung zu Köln den 28. und 29. April 1896 durch den Königlichen Notar Herrn Justizrath A. Schaefer 2. zu Köln unter der Leitung des Herrn Heinrich Lempertz Jr., J. M. Heberle (H. Lempertz' Söhne) zu Köln",https://historica.unibo.it/handle/20.500.14008/93778,https://historica.unibo.it/server/iiif/1b06b995-9a30-4434-bc58-4309771c381a/manifest
BO0624_83842,"Catalogue des tableaux anciens, pastels, dessins, aquarelles ... objets d'art et d'ameublement ... provenant de la collection de M. J. D...: mercredi 16 et jeudi 17 mai 1906",https://historica.unibo.it/handle/20.500.14008/93328,https://historica.unibo.it/server/iiif/1b6d7600-88c2-46ad-b680-4c1e6ac6af9e/manifest
BO0624_88581,Ölgemälde moderner Meister: die Sammlung eines mitteldeutschen Kunstfreundes [Auktion in der Galerie Hugo Helbing ... den 1. Dezember 1925],https://historica.unibo.it/handle/20.500.14008/94534,https://historica.unibo.it/server/iiif/1bc0f0dd-7791-4825-9752-9f0e96309b06/manifest
BO0624_88430,Sammlung Generalartzt Dr. Frentzel-Beyme Darmstadt und anderer Besitz: Ostasiatika Exoten Gemälde alter Meister Möbel Teppiche Altertümer: ... Versteigerung ... 29. Juni 1920 ... 30. Juni 1920 ... 1. Juli 1920,https://historica.unibo.it/handle/20.500.14008/94416,https://historica.unibo.it/server/iiif/1bc71d74-d13d-4d83-bacd-299d25b4c34c/manifest
BO0624_88451,"Gemälde und Aquarelle moderner Meister darunter Beiträge aus Museumbesitz und ausgewählte Werke aus dem Nachlass des Prof. Hans Meyer, Berlin: ... Versteigerung ... den 7. Dezember 1920",https://historica.unibo.it/handle/20.500.14008/94431,https://historica.unibo.it/server/iiif/1c2ecaa4-a92e-47a8-aa89-efc24c30ed55/manifest
BO0624_87566,Katalog der Gemälde-Galerie 2. Abteilung des Privatgelehrten Herrn Hans Weidenbusch zu Wiesbaden. Versteigerung zu Köln ... den 5. Juni 1899 ... durch J. M. Heberle (H. Lempertz' Söhne),https://historica.unibo.it/handle/20.500.14008/93820,https://historica.unibo.it/server/iiif/1c3f9a37-b520-4b6c-9279-469d64abf583/manifest
BO0624_88495,"Gemalde handzeichnungen kupferstiche alter meister aus dem nachlass des Freiherrn Von Stumm und anderem besitz. Versteigerung: Berlin, 14-15 März 1922",https://historica.unibo.it/handle/20.500.14008/94472,https://historica.unibo.it/server/iiif/1c426750-1722-4e0c-b1e6-ed66d08087c0/manifest
BO0624_87497,"Katalog der Sammlung dr. A. Walter, Neapel: Olgemalde der verschiedenen Schulen (fast ausschliesslich alte Meister): Ausstellung in munchen im 2. Stock des Kaimsaalbaues (Turkenstrasse 5) von Freitag den 5. bis Sonntag den 7. Juni 1896 ...: Versteigerung im obenbezeichneten Ausstellungslokale: Montag den 8. Juni 1896 ... unter leitung des Kunsthandlers Hugo Helbing in Munchen",https://historica.unibo.it/handle/20.500.14008/93782,https://historica.unibo.it/server/iiif/1c459e23-1d4a-45e4-be5d-2bb4102b4171/manifest
BO0624_88534,Sammlung A. v. Baviez: Gemälde älterer und neuerer Meister vorwiegend der deutschen und französischen Schule des 19. Jahrhunderts: Beauvais Tapisserien ... mit 26 Tafeln Abbildungen [Versteigerung ... 15. April 1924],https://historica.unibo.it/handle/20.500.14008/94507,https://historica.unibo.it/server/iiif/1c622e5f-5438-4e5e-ae1c-d1cabed2e73b/manifest
BO0624_88487,"Versteigerung einer grÖen Anzahl erstklassiger Gemälde alter und neuer Meister aus Hamburger Privatbesitz, sowie der Nachlä M. Schuback [gestorben] ...: ferner aus Sächsischem Staatsmuseum stammend eine grÖe Anzahl Bilder, Porzellane, Gläser, Schnitzereien usw. aüerdem viele StilMöbel ...: Versteigerung am 6., 7., u. 8. Dezember",https://historica.unibo.it/handle/20.500.14008/94465,https://historica.unibo.it/server/iiif/1c8f2d41-f8eb-422e-bcd2-6fb0e2decd9d/manifest
BO0624_88466,Gemälde moderner und alter Meister: Textilien Möbel Silber Bronzen ... aus den Städtischen Sammlungen zu Freiburg im Breisgau und aus Freiburger Privatbesitz ... mit 32 Tafeln Abbildungen und Vorwort von Herrn Professor Dr. Max Wingenroth [...: Versteigerung ... 12. April 1921 bis ... 16. April 1921],https://historica.unibo.it/handle/20.500.14008/94446,https://historica.unibo.it/server/iiif/1ca769b1-c28d-4542-aa2b-5b7260b2d587/manifest
BO0624_50118,"Collections Camillo Castiglioni de Vienne. Vol. 3: Catalogue des tableaux, sculptures, meubles, orfèvieries, bijoux antiques, boîtes en or, tapisseries, tapis, étoffes, etc.: la vente aux enchères publiques aura lieu à Amsterdam dans la grande salle de ventes ... 16-18 Doelenstraat les 13, 14, 15 juillet 1926 ...",https://historica.unibo.it/handle/20.500.14008/92698,https://historica.unibo.it/server/iiif/1cd30f7d-dbba-41dd-8de3-c797e036fa69/manifest
BO0624_88692,"Gemälde alter Meister aus einer Leipziger Sammlung und anderem Privatbesitz: Antiquitäten - Möbel, Holzplastik, Kronen, Taschen und Standuhren, Keramik, Dosen, Gläser u.a...: Versteigerung ... 21 Februar 1928",https://historica.unibo.it/handle/20.500.14008/94622,https://historica.unibo.it/server/iiif/1cf2824e-acf3-4b21-be04-1452dc5e8fa8/manifest
BO0624_87593,"Kunstnachlass Gustav Lewy Berlin öffentliche Ausstellung ... öffentliche Versteigerung ... den 13. November 1900, und folgende Tage ... Rudolph Lepke's Kunst-Auctions-Haus",https://historica.unibo.it/handle/20.500.14008/93835,https://historica.unibo.it/server/iiif/1d062fd4-7d54-420d-98a8-65ccc136ff01/manifest
BO0624_87777,"Katalog von Gemälden alter und neuzeitiger Meister aus verschiedenem Besitz, u.a. aus einem Rheinischen Schlosse: Versteigerung zu Köln a. Rh. ... den 27. und ... 28. November 1906 ... bei J. M. Heberle (H. Lempertz's Söhne)",https://historica.unibo.it/handle/20.500.14008/93956,https://historica.unibo.it/server/iiif/1d1a337a-07c1-4f24-89d2-de5d3eeefca3/manifest
BO0624_84296,Catalogue des dessins anciens ... objets d'art & d'ameublement ... appartenant à Monsieur Jean Dubois: lundi 21 et mardi 22 mars 1927,https://historica.unibo.it/handle/20.500.14008/93657,https://historica.unibo.it/server/iiif/1d480995-c341-475e-a884-c53198d396b2/manifest
BO0624_88497,"Gemälde moderner Meister aus Sammlung Rud. Graf Schall-Riaucour, Wien und anderem Besit. [versteigerung: Frankfurt, 21 Marz 1922",https://historica.unibo.it/handle/20.500.14008/94474,https://historica.unibo.it/server/iiif/1d52b3bf-0db6-44ab-9cd4-47692fc5542c/manifest
BO0624_88557,Möbel des 16. bis 18. jahrhunderts...Gemälde alter und neuerer Mesiter: Versteigerung... den 17 März 1925,https://historica.unibo.it/handle/20.500.14008/94523,https://historica.unibo.it/server/iiif/1d9cc2b8-fcf9-4b08-8d52-024f6ab7ae99/manifest
BO0624_88377,Gemälde alter Meister Antiquitäten aus dem Nachlä des Freiherrn Hugo von Mecklenburg auf Pantlitz die aus dem Nachlä von Mecklenburg stammenden Gemälde und Antiquitäten ...: Versteigerung ... den 3. Juni 1919 und ... den 4. Juni 1919,https://historica.unibo.it/handle/20.500.14008/94373,https://historica.unibo.it/server/iiif/1d9ded94-9e83-4aea-b9c2-21e7c9adae8a/manifest
BO0624_88074,"Künstlerische Nachlass Max Levi [gestorben]: Berlin, 1863-1912. Arbeiten in Marmor, Bronze u. gebranntem Ton; Gipsmodelle und Abgüsse: Bildwerke, Gemälde, Handzeichnungen und Graphische Arbeiten von Meistern des 19. und 20. Jahrhunderts aus verschiedenem Privatbesitz: Versteigerung ... 4. Februar 1913",https://historica.unibo.it/handle/20.500.14008/94153,https://historica.unibo.it/server/iiif/1dc87f1c-b8c6-4096-804b-362831aa4324/manifest
BO0624_44430,"Catalogue des etoffes europeennes et orientales du moyen-age, de la reinassance et autres ... appartenant a M. Besselievre et dont la vente aura lieu a Paris, Hotel Drouot, salle n. 6, les vendredi 22 et samedi 23 decembre 1911",https://historica.unibo.it/handle/20.500.14008/92676,https://historica.unibo.it/server/iiif/1e066a44-32c5-469f-a87d-52eda0adfca7/manifest
BO0624_87543,Deutsch Tanagra: Porzellan-figuren des achtzehnten Jahrhunderts,https://historica.unibo.it/handle/20.500.14008/93806,https://historica.unibo.it/server/iiif/1e2c8a22-02b3-4b28-bb83-b1ab264d7594/manifest
BO0624_87687,"Katalog ausgewählter und hervorragender Gemälde neuerer Meister, zumseit der Düsseldorfer Schule, aus der Sammlung des Herrn Julius Stern in M.-Gladbach, dabei der künstlerische Nachlass des zu Düsseldorf verst. Landschaftsmalers Wilhelm Klein etc.: Versteigerung zu Köln, Dienstag den 29. und Mittwoch den 30. März 1904",https://historica.unibo.it/handle/20.500.14008/93889,https://historica.unibo.it/server/iiif/1e452b52-84b1-457e-8648-2e1468f03f0e/manifest
BO0624_83625,"Catalogue de tableaux de premier ordre formant la collection de M. Fréd. Reiset ... Vente Hotel Drouot, le lundi 28 avril 1879",https://historica.unibo.it/handle/20.500.14008/92955,https://historica.unibo.it/server/iiif/1e69ae2c-ae5b-4bda-a902-f468b1ab0447/manifest
BO0624_88459,"Ölgemälde moderner Meister: Nachlass Albert von Keller [gestorben], München sowie aus anderem Besitz [Auktion in München in der Galerie Helbing ... den 15. Februar 1921]",https://historica.unibo.it/handle/20.500.14008/94439,https://historica.unibo.it/server/iiif/1e7929a3-6046-4216-bb16-2f44363d33b7/manifest
BO0624_88732,"Sammlung Eugen Deter, Berlin. Ölgemälde moderner Meister, vorwiegend Münchener Schule Mitte des 19. Jahrhunderts beginnend. Auktion: München, 16. Okt. 1928",https://historica.unibo.it/handle/20.500.14008/94658,https://historica.unibo.it/server/iiif/1e83514e-25ce-45c4-9328-3e73780b18ca/manifest
BO0624_87462,"Katalog der reichhaltigen Kunst-Sammlung aus dem Nachlasse des Herrn Benedict Giersberg ... Töpfereien, Fayencen, Europäische und orientalische Porzellane ...: Versteigerung zu Köln, den 16. bis 20. April 1894",https://historica.unibo.it/handle/20.500.14008/93758,https://historica.unibo.it/server/iiif/1eb16bbc-636d-467c-82dc-75bd0e269fd8/manifest
BO0624_66056,"The Browning Collections. Catalogue of the pictures, drawings & engravings: Thursday, 1st of May 1913",https://historica.unibo.it/handle/20.500.14008/93178,https://historica.unibo.it/server/iiif/1ec34540-10d2-4d62-ab82-5faea2dccdcf/manifest
BO0624_84022,"Catalogue des tableaux anciens par Boilly, Drolling, Jeaurat, etc., dessins et aquarelles, objets de vitrine ...: lundi 28 novembre 1910",https://historica.unibo.it/handle/20.500.14008/93446,https://historica.unibo.it/server/iiif/1ece2dee-9ffd-4efb-884a-92e7fbcd50cb/manifest
BO0624_83721,"Collections de M.me C. Lelong XVIIe et XVIIIe siècles: 3: Catalogue des objets d'art et d'ameublement des XVII et XVIII siècles, porcelaines de Saxe, de Sèvres ... de la Chine et du Japon, cuirs, objets variés, sculptures ... bronzes ... boiseries ... tapisseries de Flandres dépendant des Collections de M.me C. Lelong ...: Galerie George Petit ... Les Lundi 25, Mardi 26, Mercredi 27 et Jeudi 28 Mai 1903 ... et en son Hotel ... le Vendredi 29 Mai 1903 ...",https://historica.unibo.it/handle/20.500.14008/92815,https://historica.unibo.it/server/iiif/1ecf2b2c-978a-4b27-97c2-f1f73d2b3b53/manifest
BO0624_87500,"Katalog der Sammlung seltener Holzsculpturen, hauptsachlich gothischer Figuren und Gruppen, Arbeiten in Bux und Elfenbein ... des Bildhauers Josef Glatz zu Munchen: die Versteigerung beginnt am Mittwoch den 17. Juni 1896 und die darauffolgenden Tage im Atelier Louissenstrasse 38b",https://historica.unibo.it/handle/20.500.14008/93784,https://historica.unibo.it/server/iiif/1eeb84a6-3431-48b5-943e-c7cae0dfd3eb/manifest
BO0624_84187,"Catalogue des tableaux anciens et modernes, pastels, dessins & aquarelles ...: la vente aura lieu à Paris ... le mercredi 1er avril 1914 ...",https://historica.unibo.it/handle/20.500.14008/93572,https://historica.unibo.it/server/iiif/1f1b0a48-3f3e-40d1-bd98-c6947e126db9/manifest
BO0624_87764,"Katalog, Sammlung H. Heilbronner, Augsburg: Antiquitäten, Kunstgegenstände Oelgemälde alter Meister, Bücher etc.: Auktion in München in der Galerie Helbing, Montag de 21. Mai 1906 und folgende Tage ... unter Leitung des Kunsthändlers und gerichtlich vereidigten Sachverständigen Hugo Helbing in München",https://historica.unibo.it/handle/20.500.14008/93946,https://historica.unibo.it/server/iiif/1f42d7ec-4193-4de8-bf25-ad074f95001b/manifest
BO0624_84100,"Catalogue des Tableaux Anciens par: L. van Blarenberghe ...: aquarelles, dessins, pastels par: Greuze ...: objets d'art et d'ameublement du 18. siècle et autres, porcelaines de Chine, faiences, boites et miniatures, sculptures, objets variés, bronzes de Barye et autres, meubles et tapisserie ...: le lundi 29 avril 1912",https://historica.unibo.it/handle/20.500.14008/93505,https://historica.unibo.it/server/iiif/1f49f2cc-1b98-485e-a952-3c797b2f4bed/manifest
BO0624_83707,"Catalogue des objets d'art, de haute curiosité ... sculptures sur ivoires, os, bois, ... meubles de la Renaissance ... des collections ... formant la collection M. le Dr. L. de Saint-Germain ...: Jeudi 29 et Vendredi 30 Mai 1902 ...",https://historica.unibo.it/handle/20.500.14008/92806,https://historica.unibo.it/server/iiif/1f572c6e-ff21-46af-a9b9-7c2996d19a34/manifest
BO0624_88681,"Sammlung Ludwig Marx, Mainz gotische und Reinassance Plastiken rheinisches Steinzeug, fayencen u.a....Silbersammlung aus ausländischem Besitz...des 16. bis 18. Jahrhunderts. Gemälde alter und modern Meister. Gobewlins und Teppiche...: Versteigerung...6 Dezember 1927",https://historica.unibo.it/handle/20.500.14008/94611,https://historica.unibo.it/server/iiif/1f6e8a55-3f75-4f3a-b97b-cebb48c3324a/manifest
BO0624_87399,"Katalog der Gemälde-Galerie des verstorbenen Herrn Geh.Commercienrath Fedor Zschille in Dresden: Gemälde niederländischer, italienischer und deutscher Meister des XV. bis XVIII. Jahrunderts.: Versteigerung zu Köln den 27. und 28. Mai 1889",https://historica.unibo.it/handle/20.500.14008/93717,https://historica.unibo.it/server/iiif/1f6ea13c-b7cc-483d-9c99-e7742e834819/manifest
BO0624_83957,"Catalogue des objets d'art et de haute curiosité du Moyen-age & de la Renaissance, émaux, ivoires, bijoux, orfèvrerie, cuivres, dinanderie, bronzes, marbres, pierres, bois sculptés, armes, tableaux, étoffes provenant de l'ancienne collection de M. V. G.: Hotel Drouot, les mardi 23, mercredi 24, jeudi 25, vendredi 26 mars 1909",https://historica.unibo.it/handle/20.500.14008/93403,https://historica.unibo.it/server/iiif/1f7b908b-08b7-44d4-be79-b489110a219b/manifest
BO0624_88671,"Sammlung Dr. Josef Kranz, Haus Raach bei Wien: Kunstwerke des 15. bis 18. Jahrhunderts, Möbel, Tapisserien, Bronzen, Majolika, Gemälde. Versteigerung: 8 November 1927",https://historica.unibo.it/handle/20.500.14008/94602,https://historica.unibo.it/server/iiif/1fa00cbe-42c7-455b-8493-5e976f82ddae/manifest
BO0624_84074,"Catalogue des perles, pierreries, bijoux et objets d'art précieux, le tout appartenu à S.M. le Sultan Abd-Ul-Hamid 2.: lundi 27, mardi 28 et mercredi 29 novembre ... du lundi 4 au lundi 11 décembre 1911",https://historica.unibo.it/handle/20.500.14008/93486,https://historica.unibo.it/server/iiif/1fabc781-c2ce-4e0d-a982-43214be20460/manifest
BO0624_81799,"Catalogo delle pregevoli raccolte di oggetti d'arte antichi e moderni appartenute al defunto Pasquale Janniello, ed altro distinto collezionista",https://historica.unibo.it/handle/20.500.14008/92731,https://historica.unibo.it/server/iiif/1fbf29c7-8d41-4a6c-a9e0-045a32d08cb6/manifest
BO0624_87478,Katalog der ausgewählten und reichhaltigen Gemälde-Sammlungen der Herren Schriftseller Dr. W. Wyl von Wymetal z. Zt. in Neapel und Kunsthändler Jacob Neuen ... sowie eine Reihe herrvorragender Gemälde zum Nachlasse der Frau Wwe Franzisca von Clavé-Bouhaben zu Köln ...Versteigerung zu Köln den 14. und 15. Juni 1895 durch J. M. Heberle (H. Lempertz' Söhne),https://historica.unibo.it/handle/20.500.14008/93769,https://historica.unibo.it/server/iiif/1fd6488f-13a9-46e5-b9e2-886571574153/manifest
BO0624_83945,"Catalogue des tableaux anciens et modernes, important paysage par Jacques Ruysdael et autres par Bellotto, Brascassat ... aquarelles par Eugène Lami, dessins anciens, faiences et porcelaines de Rhodes, Moustiers ... bronzes d'art et d'ameublement ... meubles anciens et modernes ...: Hotel Drouot, les lundi 7 et mardi 8 decembre 1908",https://historica.unibo.it/handle/20.500.14008/93396,https://historica.unibo.it/server/iiif/20044fb2-ca3b-4f4f-aa6a-9e0c80b02ef7/manifest
BO0624_84149,"Catalogue des objets d'art sièges & meubles anciens pour la plupart du 18. siècle, tableuax-dessins-gouaches ... tapisseries etc., etc. le tout appartenant à un amateur et dont la vente aux enchères publiques aura lieu a Paris ... le lundi 19 mai 1913",https://historica.unibo.it/handle/20.500.14008/93545,https://historica.unibo.it/server/iiif/20244f2a-1984-4179-9f3c-bfc7a6550167/manifest
BO0624_87569,"Waffen-Sammlung des Freiherrn Richard von Mansberg, Dresden ... darunter ... Kunst-Sammlung des Herrn v. B. und einige Einzelbeiträge ... aus dem Besitz einer Familie in Batavia ... Oeffentliche Versteigerung ... den 18. October 1899 und folgende Tage ... Rudolph Lepke's Kunst-Auctions-Haus",https://historica.unibo.it/handle/20.500.14008/93822,https://historica.unibo.it/server/iiif/203924b5-b742-4f6d-9854-15a7c7f8cac8/manifest
BO0624_81742,"Catalogue d'objets d'art et de curiosite formant la collection de feu M.r le Comte Girolamo Possenti de Fabriano: superbe collection d'ivoires antiques, byzantins, moyen-age 15., 16., et 17. siècles ... la vente ... à Florence ... 1 Avril 1880",https://historica.unibo.it/handle/20.500.14008/93217,https://historica.unibo.it/server/iiif/203c7273-ad67-4c44-88b4-3945b1023d59/manifest
BO0624_84057,"Catalogue des tableaux anciens, oeuvres de L.L. Boilly, J.B. Chardin, J. Constable ...: aquarelles, dessins, pastels, gouaches, miniatures, oeuvres de F. Boucher, M. Clodion, N. Cochin ...: sculptures par Allegrain, Clodion, Couasnon ...: objets d'art & d'ameublement ... composant la collection de M. Pierre Decourcelle: lundi 29 et mardi 30 mai 1911",https://historica.unibo.it/handle/20.500.14008/93471,https://historica.unibo.it/server/iiif/205f850b-95de-4e61-92b3-845c01bf4498/manifest
BO0624_83902,"Catalogue de tableaux anciens, oeuvres remarquables de P.-P. Rubens et de Van Beyeren, De Troy ... tableaux par Chaplin, anciennes tapisseries composant la collection de M. Thirion: le lundi 10 juin 1907",https://historica.unibo.it/handle/20.500.14008/93369,https://historica.unibo.it/server/iiif/206f541d-5d88-4e09-b2b5-2f7bb201bcd1/manifest
BO0624_87896,"Gemälde moderner und älterer Meister dabei der künstlerische Nachlass Ludwig von Hagn, München, Antiquitäten und Kunstgegenstände ... im Auftrage des Herrn Freiherrn von Sebottendorf Wiesaden einer Altfrankfurter Familie u.a.: Versteigerung, Frankfurt am Main, Dienstag bis Donnerstag, den 7. bis 9. Dezember 1909",https://historica.unibo.it/handle/20.500.14008/94045,https://historica.unibo.it/server/iiif/207b99c3-5c93-444f-ab80-2cdd10071a7a/manifest
BO0624_87706,"Katalog der Kunstsammlungen Schloss Miltenberg a. Main, 1. Abteilung, Antiquitäten und Kunstgegenstäende, Oelgemälde, vorwiegend alter Meister: Auktion in München in der Galerie Helbing ... Donnerstag, den 1. und Freitag, den 2. Dezember 1904",https://historica.unibo.it/handle/20.500.14008/93901,https://historica.unibo.it/server/iiif/209afd56-b929-4e63-96b7-e20e1cd3f958/manifest
BO0624_88383,"Ölgemälde moderner Meister Nachlass Georg Nicklas, Berlin: Auktion in München in der Galerie Helbing ... den 8. Juli 1919",https://historica.unibo.it/handle/20.500.14008/94377,https://historica.unibo.it/server/iiif/20a26181-10e0-43b4-a018-6b3ed8febc9c/manifest
BO0624_88272,"Verzeichnis über Gemälde und Kunstblätter, Antiquitäten, Kunstsachen und anderes aus Verlassenschaften und Privatbesitz z. T. im Auftrag des Testamentvollstreckers: Versteigerung ... den 20. und 21. Dezember 1916 ... Frankfurt a. M.",https://historica.unibo.it/handle/20.500.14008/94300,https://historica.unibo.it/server/iiif/20a95899-44fc-4b09-9ec5-f9fd1159cdb1/manifest
BO0624_81786,"Catalogo n. 80: Collezione L. Bazzi di Milano: quadri antichi, maioliche, porcellane, mobili, oggetti d'arte, tappeti. Aggiunti oggetti d'altra proprietà. In vendita al pubblico incanto",https://historica.unibo.it/handle/20.500.14008/92763,https://historica.unibo.it/server/iiif/20d6bddb-daed-4b4b-a66a-e20f96d01962/manifest
BO0624_84132,"Catalogue des dessins et pastels anciens et modernes par Barye, Bonvin ... composant la collection de feu M. Henri Rouart et dont la vente ... aura lieu a Paris Galerie Manzi-Joyant ... les lundi 16, mardi 17 et mercredi 18 décembre 1912",https://historica.unibo.it/handle/20.500.14008/93532,https://historica.unibo.it/server/iiif/210ce7b6-5c14-47dd-a9c3-25a024e4b76c/manifest
BO0624_88574,Gemälde alter Meister aus der Sammlung Heinrich Kaven Berlin - Grunewald und aus verschiedenem Besitz: Sechs Gemälde aus der ehemaligen Galerie Wesendonck: ... Versteigerung ... den 27. Oktober 1925,https://historica.unibo.it/handle/20.500.14008/94530,https://historica.unibo.it/server/iiif/212266e6-ba99-4e34-8175-7837df20eb33/manifest
BO0624_84253,Catalogue des dessins anciens et modernes ... antiquités ... objets d'art et de haute curiosité ... tapisseries composant la deuxième partie de la collection Engel-Gros ...: la vente aura lieu à Paris ... les lundi 19 et mardi 20 décembre 1921 ...,https://historica.unibo.it/handle/20.500.14008/93628,https://historica.unibo.it/server/iiif/21650aa3-1095-4117-a2b4-5578c09b48e4/manifest
BO0624_83818,Catalogue de tableaux anciens et modernes ...: mercredi 29 novembre 1905,https://historica.unibo.it/handle/20.500.14008/93312,https://historica.unibo.it/server/iiif/2188c81e-3b26-48f9-937f-7402e4a86bd5/manifest
BO0624_4671,"Grande vente de la collection du prince Centurione Scotto de Gênes ...: la vente aura lieu à Rome le 27, 28 et 29 avril 1903: commmissaire-priseur G. Sangiorgi de Rome, assisté par L. Mangini",https://historica.unibo.it/handle/20.500.14008/92682,https://historica.unibo.it/server/iiif/219555e6-17d8-462f-9d8a-8b0bfa3ac755/manifest
BO0624_87403,Katalog der Gemaldesammlungen des Freih. v. Mengershausen u. Anderer sowie der Sammlung von Kunst-Topferein aus dem Nachlasse des Herrn Stadtraths Becker zu Sieburg und einer collection Antiquitaten: Versteigerung zu Bonn am 2. und 3. Juli von Morgens 10 Uhr und Nachmittags 3 Uhr an durch M. Lempertz Antiquariat (P. Hanstein),https://historica.unibo.it/handle/20.500.14008/93720,https://historica.unibo.it/server/iiif/21a751f7-9098-4686-b6e0-e2d2656fcb7a/manifest
BO0624_81869,Catalogo della vendita all'asta della raccolta Augusto Lurati,https://historica.unibo.it/handle/20.500.14008/92902,https://historica.unibo.it/server/iiif/21bfafa8-d408-47af-a3b0-b54e2b464c03/manifest
BO0624_83801,"Catalogue des objets d'art et de haute curiosité du Moyen Age et de la Renaissance, bois sculptés ... composant la collection de m. B. Rey: vendredi 2 et samedi 3 juin 1905",https://historica.unibo.it/handle/20.500.14008/93301,https://historica.unibo.it/server/iiif/21d26ff1-8704-4a64-9ca1-e4e769a28ba4/manifest
BO0624_88142,"Sammlungen und Nachlässe der Waffensammlung des Herrn Rivoir, Stuttgart: der Gemälde, Zeichnungen u. Kupferstichsammlung des [gestorbenen] Herrn Professors Carl von Häberlin, Stuttgart: der Gemälde, Zeichnungen u. Württembergicasammlung des [gestorbenen] Kunstmalers Paul Widmayer, Stuttgart: der Miniaturen und Altertümersammlung des [gestorbenen] Miniaturenmalers Holder etc. etc. ...: Versteigerung 1913 ... den 9. Oktober und folgende Tage",https://historica.unibo.it/handle/20.500.14008/94206,https://historica.unibo.it/server/iiif/21deaea5-2256-4643-bfa8-97aeacc9f9bb/manifest
BO0624_90087,"Sammlung Franz Greb [gestorben] München. Keramik, Gold- und Silberarbeiten ... des 16.-19. Jahrunderts: Auktion in München in der Galerie Helbing ... den 30. Juni 1908 und folgende Tage",https://historica.unibo.it/handle/20.500.14008/94733,https://historica.unibo.it/server/iiif/221364a2-d30b-43c6-b7a1-625c2e61cb1d/manifest
BO0624_88197,"Sammlung alter und moderner Gemälde aus dem Besitz des Herrn von Tihany: Alte Möbel, kunstgewerbliche Arbeiten und Gemälde aus Privatbesitz: ... Versteigerung: den 21 April 1914 ... den. 22 April 1914",https://historica.unibo.it/handle/20.500.14008/94244,https://historica.unibo.it/server/iiif/22775654-10ac-4b84-b9c6-7d3bd544767e/manifest
BO0624_84824,"Gemälde alter und moderner Meister: Antiquitäten Porzellan Fayence, Miniatüren ... aus dem Besitze eines süddeutschen Sammlers: ... Versteigerung ... den 26. Mai bis ... den 28. Mai",https://historica.unibo.it/handle/20.500.14008/93688,https://historica.unibo.it/server/iiif/22905cdc-da14-4b7e-b25d-e1a797ab0154/manifest
BO0624_88514,"Ölgemälde und handzeichnungen modern meister aus dem nachlasse des Kgl. Schwedischen Generalkonsul Herrn Herman Tüngler, München und aus anderem besitze. Autkion in Müunchen ... 21-22 November 1922",https://historica.unibo.it/handle/20.500.14008/94490,https://historica.unibo.it/server/iiif/22971736-95a4-49f4-b9b2-b4867dafca7f/manifest
BO0624_66075,"Catalogue of old French furniture, objects of art & porcelain, the property of Capt. G. Pitt-Rivers ...: old Chinese porcelain ...: thursday, march 14, 1929",https://historica.unibo.it/handle/20.500.14008/93196,https://historica.unibo.it/server/iiif/22afea7e-a1bb-401a-a77a-c8ac7f719dcd/manifest
BO0624_87693,"Katalog einer reichhaltigen Sammlung von Gemälden alter und meuerer Meister gerahmten Kupferstichen, farbigen Schabkunstblättern etc. aus dem Besitze des Herrn Apotheker F. Hoster, Geldern: Versteigerung zu Köln, Dienstag den 10. und Mittwoch den 11. Mai 1904",https://historica.unibo.it/handle/20.500.14008/93894,https://historica.unibo.it/server/iiif/22b79bc7-cdb9-49fb-81e6-aa31da87aa92/manifest
BO0624_88740,"Gemälde neuerer Meister aus Museums- und Privatbestitz, Handzeichnungen und Graphik älterer und neuerer Meister. Versteigerung: Berlin, 20 November 1928",https://historica.unibo.it/handle/20.500.14008/94666,https://historica.unibo.it/server/iiif/22ca236b-077a-4b24-b3d2-5af445cc835b/manifest
BO0624_87789,"Auktions-Katalog von Oelgemälden moderner Meister aus dem Nachlasse des in München verstorbenen Kunstmalers Herrn Horst Hacker sowie aus verschiedenem, teils adeligem, deutschem und ausländischem Besitze: Auktion in München in der Galerie Helbing ... 25. Februar 1907",https://historica.unibo.it/handle/20.500.14008/93965,https://historica.unibo.it/server/iiif/22fbcd3e-2bc6-4708-bbe4-a4c6dc02ea99/manifest
BO0624_83928,"Catalogue des tableaux anciens & modernes, aquarelles, pastels, dessins ... composant la collection P.-A. Cheramy et dont la vente aura lieu a Paris, Galerie Georges Petit, les mardi 5, mercredi 6 et jeudi 7 mai 1908",https://historica.unibo.it/handle/20.500.14008/93384,https://historica.unibo.it/server/iiif/232fc88c-1b2c-4492-8c1e-4939ac35f6a1/manifest
BO0624_84322,"Faiences et porcelaines anciennes ... tableaux ... bronzes, pendules anciennes ...: lundi 4 et mardi 5 mars 1929",https://historica.unibo.it/handle/20.500.14008/93674,https://historica.unibo.it/server/iiif/232ff9d1-15e4-4a74-a47d-500fd620ea50/manifest
BO0624_81773,"Catalogo degli oggetti d'arte che componevano le collezioni Villa Malta e G. Jardine Kidston: dipinti di autori classici dei secoli 15. al 18., splendide sculture in marmo, mobili delle epoche Luigi 13., 14., 15., 16. e primo impero, bellissimi bronzi fra i quali primeggiano una grande fontana ...: Roma, Casa di vendite Corvisieri & C., da mercoledì 22 aprile a sabato 9 maggio 1908",https://historica.unibo.it/handle/20.500.14008/92758,https://historica.unibo.it/server/iiif/23491a62-8f62-44a1-aa0f-d916162502cc/manifest
BO0624_87921,"Ölgemälde hervorragender moderner Meister aus der Sammlung des Herrn Carl de Bouché sen., München Kunstmaler, Kgl. bayerische und Kgl. preussischer Hofglasmaler nebst einem Anhang von Gemälden aus anderem Münchener Privatbesitz: Auktion in München in der Galerie Helbing ... den 6. Oktober 1910",https://historica.unibo.it/handle/20.500.14008/94060,https://historica.unibo.it/server/iiif/236f9a4b-f28e-47ef-90c5-61cc7d21bebb/manifest
BO0624_83997,"Catalogue des objets d'art et d'ameublement, porcelaines et faiences de Chine et du Japon, Italiennes ... tableaux anciens ... bronzes d'ameublement ... tapisseries, composant la collection de M. D...: Hotel Drouot, les vendredi 17 et samedi 18 décembre 1909",https://historica.unibo.it/handle/20.500.14008/93432,https://historica.unibo.it/server/iiif/238ea383-9a0f-464c-91c6-54cf87dfeb1b/manifest
BO0624_83975,"Catalogue des tableaux anciens et modernes par Ph. De Champaigne, Lorenzo Di Credi, Flandrin, F. Franck, Karel Du Jardin ... dessins, faiences des Della Robbia composant la collection de M. l'abbé Le Monnier: Hotel Drouot, le samedi 15 mai 1909",https://historica.unibo.it/handle/20.500.14008/93417,https://historica.unibo.it/server/iiif/23a39791-cc1c-4316-820d-715be4e80291/manifest
BO0624_88464,Gemälde neuzeitlicher Meister aus Sammlung Frau Christine Auffenberg und anderem Besitze ...: [Versteigerung ... 22. März 1921],https://historica.unibo.it/handle/20.500.14008/94444,https://historica.unibo.it/server/iiif/23c7b53e-a9a8-476d-9bf3-2850cfe11dd1/manifest
BO0624_88098,"Katalog einer ausgewahlten und reichen Sammlung von Antiquitaten und Kunstgegenstanden, als: porzellane, fayencen ... aus dem Nachlasse des Herrn Ferd. Wortmann aus Barmen und Anderer: Versteigerung zu Koln am 29., 30. und 31.Marz: Oeffentliche Ausstellung am 27. und 28. Marz",https://historica.unibo.it/handle/20.500.14008/94173,https://historica.unibo.it/server/iiif/23caf52f-2f17-4d4a-b8c2-fa3aac235a6d/manifest
BO0624_87384,"Catalog der Kunst-Sammlung des Rentners Herrn Karl Kah in Baden-Baden: Figurliche und andere Fayencen ...: Versteigerung zu Koln, den 11. und 12. Mai 1888 durch J. M. Heberle (H. Lempertz' Sohne)",https://historica.unibo.it/handle/20.500.14008/93707,https://historica.unibo.it/server/iiif/23cf6f2d-1a5a-4359-b06d-f695c18aa6cd/manifest
BO0624_83687,"Catalogue des objets d'art de curiosité et d'ameublement de la renaissance et du 18. siècle, céramique, objets variés, cristaux de roche, émaux de Limoges, ivoires, terres cuites, marbres, bois sculptés ...: tableaux modernes, composant la collection de feu M. Lizé, de Rouen: lundi 25 ... jeudi 28 mars 1901",https://historica.unibo.it/handle/20.500.14008/93266,https://historica.unibo.it/server/iiif/242f2c93-315f-4ce7-b3d2-9bf2227c8ccb/manifest
BO0624_87438,"Katalog der reichhaltigen und ausgewählten Gemälde-Sammlung des verstorbenen Herrn Adolf Schuster in Brüssel weiland Königl. Belg. Hof-Architekt ... nebst einer kleineren Sammlung aus bekanntem Privatbesitz etc. Gemälde der niederländischen, deutschen, italienischen, spanischen etc. Schulen des 15.-19. Jahrhunderts. Versteigerung zu Köln am 14. und 15. November 1892 durch J. M. Heberle (H. Lempertz' Söhne)",https://historica.unibo.it/handle/20.500.14008/93745,https://historica.unibo.it/server/iiif/249d0efd-114c-41a7-94ca-bbff854f9a29/manifest
BO0624_88789,"Die Sammlung Dr. Eduard Simon, Berlin: 2. Zweiter Band: Möbel, Textilien und Kunstgegenstände der Renaissance und des 18. Jahrhunderts",https://historica.unibo.it/handle/20.500.14008/94708,https://historica.unibo.it/server/iiif/24b47dd0-647b-416c-9fa1-56ceac2db422/manifest
BO0624_87568,Katalog der reichhaltigen Gemälde-Sammlung aus dem Nachlasse des Herrn Architekten H. Brunswig zu Wismar und kleinere Nachlässe. Gemälde älterer und neurerer Meister. Versteigerung zu Köln am 3. und 4. Juli 1899 durch J. M. Heberle (H. Lempertz' Söhne),https://historica.unibo.it/handle/20.500.14008/93821,https://historica.unibo.it/server/iiif/2542ee43-28c5-430e-9d01-0af58930596d/manifest
BO0624_81851,"Tre grandi serie di vendite all'asta dei quadri, mobili, marmi, bronzi e oggetti d'arte provenienti dalla nota raccolta del compianto Ernesto Delle Fratte: Catalogo della Prima Serie. Vendita dal 7 al 13 aprile 1924",https://historica.unibo.it/handle/20.500.14008/92910,https://historica.unibo.it/server/iiif/25490fa4-12b9-401e-b4b9-7c06ab6708ad/manifest
BO0624_83793,"Catalogue des tableaux anciens par Beaubrun, Bonington (R.P.), Both (André), Braukenburg, Champagne (Ph. De), Eisen, Fabricius, France, Gillot ... et des ecoles allemande, espagnole, française et hollandaise des 16., 17. et 18. siècles ... composant la collection de feu M. le comte de R...: le samedi 13 mai 1905",https://historica.unibo.it/handle/20.500.14008/93296,https://historica.unibo.it/server/iiif/2569c8c6-fbd0-4133-ae30-defb0165e518/manifest
BO0624_88182,Verzeichnis über orientalische Teppiche Schmuck- und Silbersachen ... aus hiesigem und auswärtigem Privatbesitz: Gemälde moderner Meister dabei die Sammlung des Herrn Dr. H. A.....i in M....n.: Versteigerung ... den 17. Februar 1914 ... Frankfurt a. M. ...,https://historica.unibo.it/handle/20.500.14008/94236,https://historica.unibo.it/server/iiif/256ceb54-f8ad-4c6c-ae7b-b368e59dcb30/manifest
BO0624_81824,La Galerie Pisani de Florence: Premiere partie,https://historica.unibo.it/handle/20.500.14008/93224,https://historica.unibo.it/server/iiif/25aab92d-7254-478c-bdc7-fd5161d0b269/manifest
BO0624_88372,Verzeichnis von Gemälden moderner Meister aus verschieden Privatgalerie: Versteigerung ... den 1. April 1919 ... in Frankfurt am Main ...,https://historica.unibo.it/handle/20.500.14008/94369,https://historica.unibo.it/server/iiif/25b42718-3f47-4adb-ac59-85d8426b050e/manifest
BO0624_87691,"Ölgemälde und Kunstgegenstände aus dem Nachlass des Herrn Max H. Meyer (Grunewald): Ölgemälde von Verboeckhoven, Snyders ... grosse Kollektion moderner Meissener Prunkgefässe ... Kollektion alter Tassen, Capo di Monte und Wiener Porzellan ...: Versteigerung Dienstag, den 3 Mai und Mittwoch, den 4 Mai 1904",https://historica.unibo.it/handle/20.500.14008/93892,https://historica.unibo.it/server/iiif/25f7d618-6dcc-4d77-8a92-e615e4e1bc4a/manifest
BO0624_88336,"Verzeichnis über Gemälde moderner u. älterer Meister Kunstblätter etc. Orient. Teppiche, Möbel, Antiquitäten, Kunstsachen, Münzen, Miniaturen, Arbeiten in Glas, Porzellan, Fayence, Elfenbein, Metall, Edelmetall und dergl. aus Hinterlassenschaften ...: Versteigerung ... den 4.-6. Juni 1918 Frankfurt a. Main",https://historica.unibo.it/handle/20.500.14008/94343,https://historica.unibo.it/server/iiif/25ffd105-dcf1-4574-b333-2c305dd57a68/manifest
BO0624_87863,"Catalog einer Sammlung von wertvollen Gemälden alter und moderner Meister, vorzüglichen Aquarellen, und Handzeichnungen auch Kupferstichen von Ridinger etc. aus dem Herrn Hans Eisele, Kunstmaler in München, Herrn F. Bohnenberger, Stuttgart und Anderer: Versteigerung zu München Donnerstag, den 3. Dezember und Freitag den 4. Dezember",https://historica.unibo.it/handle/20.500.14008/94026,https://historica.unibo.it/server/iiif/2622f81e-47ea-41a0-b94a-27a1dbd90203/manifest
BO0624_84304,"Dessins, aquarelles, pastels, tableaux modernes ... antiquités ...: composant la collection de M. S. Sevadjan: mercredi 1er, jeudi 2 et vendredi 3 juin 1927",https://historica.unibo.it/handle/20.500.14008/93662,https://historica.unibo.it/server/iiif/26300219-2967-49b6-92c8-1d4609869d3c/manifest
BO0624_88043,"Gemälde und Zeichnungen von Meistern des 19. und 20. Jahrhunderts aus den Sammlungen des Herrn Lothar Meilinger, München, und eines Bekannten Münchener Künstlers sowie aus anderem Privatbesitz: Versteigerung: Donnerstag, den 10. Oktober 1912, Freitag, den 11. Oktober 1912",https://historica.unibo.it/handle/20.500.14008/94133,https://historica.unibo.it/server/iiif/26459ca2-92dc-4b00-8ebe-b87f9326f259/manifest
BO0624_87622,"Gemälde alter Meister: Pastelle, Aquarelle, Zeichnungen aus den Galerien des Königlichen Kammerherrn A. Graf Einsiedel und des Herrn Baron de Juaru, Dresden: welche letztere auf Veranlassung des Herrn Justizrathes Dr. Georg Schmidt in Dresden meistbietend versteigert werden u. A. ... Oeffentliche Versteigerung ... den 6. November 1901",https://historica.unibo.it/handle/20.500.14008/93849,https://historica.unibo.it/server/iiif/2667742f-522a-4d95-8fef-b4cf6073bb2f/manifest
BO0624_88550,"Dienstag, den 9. Dez. und folgende Tage von vormittags 10 Uhr ...: Grosse Versteigerung der bedeutenden Sammlung des Nachläes des [gestorben] Freiherr Max von Gemmingen, Friedrischshafen (Ostasien, Orient) sowie von Gemälden erster Stuttgarter und Münchener Künstler und Altertümern aller Art in Silber, Zinn, Porzellan, Teppichen, Miniatüren, Möbeln, Bronzen, Büchern, Stichen usw.",https://historica.unibo.it/handle/20.500.14008/94517,https://historica.unibo.it/server/iiif/267751e6-bc1f-4994-93c1-fd824e9855ce/manifest
BO0624_51192,"The Alphonse Kann collection: sold by his order. Vol. 1: Egyptian, Greek, Roman, Persian, Moyen Age and Renaissance works of art ...",https://historica.unibo.it/handle/20.500.14008/92726,https://historica.unibo.it/server/iiif/26b545ca-3132-4516-aeb1-64c21301ccc4/manifest
BO0624_88480,"Gemälde Aquarelle, Radierungen, Handzeichnungen von Meistern unserer Zeit: ... Versteigerung ... den 11. Oktober 1921 ... den 12. Oktober 1921 ... mit Abbildungen",https://historica.unibo.it/handle/20.500.14008/94458,https://historica.unibo.it/server/iiif/26f2cc56-7ff3-4209-9767-930f0dbc3275/manifest
BO0624_44697,"Catalogue de la premiere partie de la collection appartenent a M. Arthur De Mol ...: dont la vente aux enchères publiques ... 1929, a 14 heures en la Galerie Georges Giroux ...",https://historica.unibo.it/handle/20.500.14008/92677,https://historica.unibo.it/server/iiif/272cd937-660c-4ac6-817f-2a95848f7f32/manifest
BO0624_87561,"Katalog einer Sammlung von werthwollen Oelgemaelden älterer Meister, Antiquitäten, modernen Kunstgegenstände etc. ... Ferner ein Beitrag aus der Büchersammlung des Russischen Forstmeisters Herrn Rud. Poempki mit 26 Illustrationen. Oeffentliche Versteigerung ... den 7. März 1899 und folgende Tage ... in Rudolph Lepke's Kunst-Auctions-Haus",https://historica.unibo.it/handle/20.500.14008/93816,https://historica.unibo.it/server/iiif/273cd5f6-7f99-4549-97be-21e37afbf463/manifest
BO0624_83838,"Catalogue des tableaux anciens, dessins, aquarelles, gouaches, pastels par Boucher, Charpentier ... composant la collection de M. M. Thévenin: samedi 28 avril 1906",https://historica.unibo.it/handle/20.500.14008/93326,https://historica.unibo.it/server/iiif/278311ef-acd4-4ff3-bfa9-777237ceb62b/manifest
BO0624_87624,"Katalog einer Galerie hervorragender Gemälde erster Meister vorwiegend der italienischen, spanischen und deutschen Schulen der Renaissancezeit und der niederlandischen Schulen des 17. Jahrhunderts: Versteigerung zu Koln den 5. und 6. November 1901 ... durch J. M. Heberle (H. Lempertz Sohne)",https://historica.unibo.it/handle/20.500.14008/93850,https://historica.unibo.it/server/iiif/27840f58-5d88-447e-9a9e-8ba28bda828e/manifest
BO0624_84323,"Catalogue de la collection de feu Cloud Massot, comprenant: faïences et porcelaines anciennes, tissus précieux, primitifs flamands et italiens, emaux champlevés de Limoges ...: les 12, 13 mars 1929",https://historica.unibo.it/handle/20.500.14008/93675,https://historica.unibo.it/server/iiif/27aee65b-2086-42c4-990a-878703227558/manifest
BO0624_66050,"The Contents of Holme Lacy, near Hereford, which, by direction of the Rt. Hon. the Earl of Chesterfield, will be sold ... by Messrs. Knight, Frank & Rutley: monday, 31st january, 1910",https://historica.unibo.it/handle/20.500.14008/93172,https://historica.unibo.it/server/iiif/27b6327f-15d5-4032-83d6-662602f83b12/manifest
BO0624_81964,Catalogo dei mobili ed oggetti d'arte antichi e moderni spettanti a gli eredi Solinas Marchesa Paolucci de' Calboli Ginnasi e contessa Emma di Carpegna ed altri che saranno venduti all'asta da mercoledì 16 a martedì 29 dicembre 1936 nella nuova sede della Casa di vendite Ugo Jandolo al Palazzo Barberini,https://historica.unibo.it/handle/20.500.14008/92970,https://historica.unibo.it/server/iiif/27c68969-2a74-45a2-a975-97de2d333ce9/manifest
BO0624_88419,Sammlung W. Kruck Königsberg: Gemälde alter Meister: ... Versteigerung ... den 27. April 1920,https://historica.unibo.it/handle/20.500.14008/94405,https://historica.unibo.it/server/iiif/27ec3cea-2d2d-4b32-9510-3327b812b697/manifest
BO0624_87463,"Katalog der 2. Abtheilung der Gesammten Kunstsammlungen des Herrn Architect Fritz Hasselmann in Offenstetten, früher in München: Versteigerung in München, Mittwoch den 6. Juni 1894",https://historica.unibo.it/handle/20.500.14008/93759,https://historica.unibo.it/server/iiif/280a82c7-a5c3-4f7d-bde7-41a80d7031fe/manifest
BO0624_88673,Sammlung des verstorbenen Rittergutbesitzers Theodor Nellessen Aachen: Gemälde alter Meister: Antiquitäten aller Art ... Versteigerung zu Aachen ... den 9. bis 11. November 1927 ...,https://historica.unibo.it/handle/20.500.14008/94604,https://historica.unibo.it/server/iiif/286b6b06-f4a7-4fa7-993f-be4658a766b0/manifest
BO0624_87485,Katalog der reichhaltigen und ausgewählten des Museums Christian Hammer in Stockholm. 3. Teil. Gemälde von Meistern aller Schulen des 15.-19. Jahren. Versteigerung zu Köln den 11. bis 13. November 1895 durch J. M. Heberle (Lempertz' Söhne),https://historica.unibo.it/handle/20.500.14008/93773,https://historica.unibo.it/server/iiif/28b2d2d0-9e86-4916-8d94-1b82f1ea1fbf/manifest
BO0624_88511,"Gemälde, Kunstgegenstände aus dem ehemaligen kgl. Schloss Wilhelma bei Stuttgart: Besitz des KÖnigs Wilhelm II. von Württemberg. Stuttgard: Versteigerung...10. Okt. 1922",https://historica.unibo.it/handle/20.500.14008/94487,https://historica.unibo.it/server/iiif/29070834-e1fd-4d97-921b-e8032e86eb35/manifest
BO0624_87841,"Auktions-Katalog von Oelgemälden, sowie einigen Aquarellen moderner Meister aus verschiedenem, teils adeligem Besitze: Auktion in München in der Galerie Helbing ...den 7. Mai 1908",https://historica.unibo.it/handle/20.500.14008/94008,https://historica.unibo.it/server/iiif/2945996c-6793-4b74-9304-f41c3af6f790/manifest
BO0624_87613,"1. Auctionstag: Dienstag, den 14. Mai 1901, von 10 Uhr ab",https://historica.unibo.it/handle/20.500.14008/93845,https://historica.unibo.it/server/iiif/29745d4a-f55b-480f-8143-5961d2d3e3e0/manifest
BO0624_83716,"Catalogue des antiquités égyptiennes, grecques, romaines ... objets d'art et de curiosité ... medailles artistiques ... étoffes, broderie et tapisseries ...: Hotel Drouot ... Les Lundi 2 et mardi 3 Mars 1903 ...",https://historica.unibo.it/handle/20.500.14008/92808,https://historica.unibo.it/server/iiif/299e4610-22aa-4fea-aeb4-4250507b7ce4/manifest
BO0624_88276,"Verzeichnis über Gemälde moderner und älterer Meister, Kunstblätter, Graphiken ...: Versteigerung, Dienstag und Mittwoch, den 27. u. 28. Februar 1917 ... unter Leitung von Rudolf Bangel",https://historica.unibo.it/handle/20.500.14008/94302,https://historica.unibo.it/server/iiif/29b1b0e2-e561-43ee-a4e2-6d11b6bef23b/manifest
BO0624_88143,"Napoleon 1. und seine Zeit: Katalog von Autographen, Büchern, Porträts, Schlachtendarstellungen, Karikaturen,...[etc], Tschakos, Waffen, Uniformstucke und Montierungsgegenstände in der Hauptsache aus der Sammlung H. Buhrig, Leipzig: 1. Versteigerung, Montag, den 13 und Dienstag, den 14 Oktober 1913",https://historica.unibo.it/handle/20.500.14008/94207,https://historica.unibo.it/server/iiif/29d16127-cedf-4bef-b62b-90407c26c1ef/manifest
BO0624_87675,"Katalog von Ölgemälden alter Meister aus hochadeligem Florentiner Besitz; aus dem Besitze des Herrn Professors Dr. A. Gleitsmann, München; aus dem Nachlasse des Herrn W. Tradt, München etc.: Auktion in München in der Galerie Helbing ... den 7. Dezember ... unter Leitung des Kunsthändlers Hugo Helbing in München",https://historica.unibo.it/handle/20.500.14008/93880,https://historica.unibo.it/server/iiif/2a4c25c5-ac2a-43d5-bf87-43437e112682/manifest
BO0624_84098,"Catalogue des Faïences et Porcelaines anciennes de Delft, Marseille ...: les mercredi 24 et jeudi 25 avril 1912",https://historica.unibo.it/handle/20.500.14008/93503,https://historica.unibo.it/server/iiif/2a4d9bcc-1d53-490f-9c2c-bd3ddb3f5ba0/manifest
BO0624_84099,"estampes du 18. siècle en couleurs et en noir, provenant de la collection de madame V.ve Halain ...: le jeudi 25 avril 1912",https://historica.unibo.it/handle/20.500.14008/93504,https://historica.unibo.it/server/iiif/2a6a7729-b86a-4743-b37d-3b78334a515b/manifest
BO0624_84336,"Catalogue des tableaux anciens, dessins, oeuvres primitives par Filippo Lippi et attribuées à Giovanni Bellini, peinture par Antoine Watteau, tapisseries flamandes ...: lundi 16 décembre 1929",https://historica.unibo.it/handle/20.500.14008/93686,https://historica.unibo.it/server/iiif/2a9a132a-4cdd-4fad-ab1b-91109f2ae273/manifest
BO0624_88442,"Gemälde alter Meister aus fürstlichem u. mitteldeutschem Sammlerbesitz, nebst Zeichnungen u. Graphik alter Meister aus dem Besitz des Geheimrats Küpper [gestorben] Elberfeld: 20.-21. Oktober 1920",https://historica.unibo.it/handle/20.500.14008/94423,https://historica.unibo.it/server/iiif/2ab12790-5da2-4ed1-afac-2c39a15d12bf/manifest
BO0624_88520,Gemälde neuerer Meister aus Museums- und Privatbesitz: Werke von A. Achenbach C. Becker ...: ... Versteigerung ... 20. März 1923,https://historica.unibo.it/handle/20.500.14008/94494,https://historica.unibo.it/server/iiif/2ab2a367-1973-4911-9f98-dbe42afc0e75/manifest
BO0624_84184,"Catalogue des tableaux anciens, oeuvres de: L. Boilly, Ch. Eisen, J.-B. Huet, J. de Lajoue, J. van der Lamen, J.-J. Lebarbier ... objets d'art et d'ameublement, faiences françaises et italiennes, sculptures, objets divers, horloges, meubles, étoffes, tapisseries d'Aubusson et des Flandres du 18. siècle, tapis, appartenant a monsieur le comte de F...: Paris ... le jeudi 26 mars 1914 ...",https://historica.unibo.it/handle/20.500.14008/93569,https://historica.unibo.it/server/iiif/2adf300e-ab7c-4b27-bbf3-45cdb451553e/manifest
BO0624_87746,"Katalog von Antiquitäten Kunstgegenständen: Ölgemälden alter Meister: Handzeichnungen Kupferstichen etc. aus dem Nachlasse des Herrn Franz Hermesdorff, Kerkrade in Holland sowie aus anderem Besitze. Auktion in München in der Galerie Helbing ... den 14. Dezember 1905 ...",https://historica.unibo.it/handle/20.500.14008/93933,https://historica.unibo.it/server/iiif/2b83359b-2e2f-4a7f-a8be-75b76c2d4bbe/manifest
BO0624_87681,"Gemälde-Versteigerung: eine großere Sammlung von Ölgemälden hervorragender moderner und alter Meister darunter Werke von: Prof. Franz von Defregger ... R. Kratki: ferner: 1 kollektion hochfeiner Teppiche ... Versteigerung: Dienstag, den 9. Februar, Mittwoch, den 10. Februar 1904",https://historica.unibo.it/handle/20.500.14008/93883,https://historica.unibo.it/server/iiif/2b85d386-a497-45eb-a6a1-e519972d5706/manifest
BO0624_81823,Catalogo degli oggetti d'arte antichi e moderni appartenenti al Sig. Conte von Bük ed altri provenienti dallo studio del defunto esimio scultore Prof. C. Dausch ...: le vendite all'asta pubblica avranno luogo in Roma a cura della Casa Jandolo & Tavazzi ... da giovedì 7 a giovedì 14 maggio 1914,https://historica.unibo.it/handle/20.500.14008/93223,https://historica.unibo.it/server/iiif/2b918020-cd0d-4be4-bc4a-2e5c826b9a6f/manifest
BO0624_88531,"Gemälde Sammlung Ferber und aus Hamburger Besitz: 1. Sammlung Hamburgensien Radierungen, Zeichnungen ...: ... Versteigerung ... den 4. März Gemälde, Zeichnungen ... den. 5. März Kleinkunst ... den 6. März Teppiche und Möbel",https://historica.unibo.it/handle/20.500.14008/94505,https://historica.unibo.it/server/iiif/2bad4e61-cf33-450f-84ac-8b57f04bea64/manifest
BO0624_87703,"Katalog einer Sammlung von Gemälden älterer Meister aus dem Nachlasse des Herrn Domkapitular Dr. Alderkirchen in Trier, zweier russischer Sammler und Anderer: Versteirung zu Cöln ... den 31. Oktober von morgens ... gegen bare Zahlung ben Math. Lempertz Buchhandlung und Antiquariat: inhaber P. Hanstein in Bonn und Cöln",https://historica.unibo.it/handle/20.500.14008/93898,https://historica.unibo.it/server/iiif/2bcef6c6-2339-45be-9072-1483a9c2a993/manifest
BO0624_83645,"Dessins, aquarelles, gouaches et tableaux du 18. siècle, oeuvres de Boilly, Borel, Bosio, Boucher, Chardin, Cochin, Debecourt, Eisen, Fragonard, Freudeberg ... miniatures par Weyler, Hall, Sicardi, Isabey, Heinsius, etc. composant la collection de M. Léon Decloux: lundi 14 et mardi 15 février 1898",https://historica.unibo.it/handle/20.500.14008/93236,https://historica.unibo.it/server/iiif/2bf54997-81ac-4321-a11e-971cac36d5f5/manifest
BO0624_81889,Vendita all'asta nello interesse della massa creditori del fallimento Max Bondi (liquidatore: Sen. prof. Antonio Scialoja): Elenco delle opere in vendita nella prima giornata ... 9 dicembre 1929 ... quadri e cassoni nuziali,https://historica.unibo.it/handle/20.500.14008/92936,https://historica.unibo.it/server/iiif/2bfb63b9-65fc-419f-a262-710471b7d1c2/manifest
BO0624_88768,"Sammlung Adolf Schweitzer, Aachen, L.R.-Brüssel u. a. Aachener Privatbesitz: Gemälde alter und neuer Meister, Antiquitäten und Kunst-gegenstände aller Art ..., Alte Perser-Teppiche, Antike Möbel: Versteigerung: Donnerstag und freitag, den 25. und 26. April 1929",https://historica.unibo.it/handle/20.500.14008/94687,https://historica.unibo.it/server/iiif/2c2eaf38-bdd8-4c75-81f0-0529d7c04126/manifest
BO0624_84214,"Catalogue des tableaux anciens par F. Boucher, Brauwer, Chardin ... tableaux modernes par Bonington, Eug. Delacroix, aquarelles, dessins, pastels ... sculptures ... composant la collection H. Michel-Lévy ...: la vente aura lieu à Paris ... les lundi 12 et mardi 13 mai 1919 ...",https://historica.unibo.it/handle/20.500.14008/93595,https://historica.unibo.it/server/iiif/2c324922-16e8-4fac-9d00-c8bd63164678/manifest
BO0624_87796,Katalog der Sammlung Graf A... [gestorben] in M...: Ölgemälde alter Meister: Auktion in München in der Galerie Helbing ... 11. April 1907,https://historica.unibo.it/handle/20.500.14008/93971,https://historica.unibo.it/server/iiif/2c42b5c0-35c6-4384-8c85-b930600c1f16/manifest
BO0624_87460,"Katalog der Gemälde-, Kupferstich- und Autographen-Sammlungen aus dem Nachlasse der Herren Rechtsanwalt dr. Josef Nückel, notar Adolf Bermbach und Musikverleger Schloss aus Köln: Versteigerung zu Bonn am 6. und 7. März 1894 ...",https://historica.unibo.it/handle/20.500.14008/93757,https://historica.unibo.it/server/iiif/2c6a9b67-3838-4e10-a076-1ee82b74ca7b/manifest
BO0624_83924,"Catalogue des tableaux modernes, aquarelles, dessins, lithographies par Chaplin, Cicéri, Corot ... bronzes anciens de Barye, objets d'art et d'ameublement composant la collection de M. Paul Perier: Hotel Drouot ... le mardi 7 avril 1908",https://historica.unibo.it/handle/20.500.14008/93382,https://historica.unibo.it/server/iiif/2ca98530-cc74-4fa6-b0a0-8551041101f6/manifest
BO0624_88089,"Verzeichnis über Oelgemälde, Aquarelle und Zeichnungen namhafter moderner Meister, Kunstblätter, Kupferstiche, Lithographien, Schabkunst, etc. meist um die Wende des 19. Jahrhunderts aus verschiedenem Privatbesitz und im Auftrag der Künstler ... den 4. März 1913 ... in Frankfurt am Main ... unter Leitung von Rudolf Bangel versteigert werden",https://historica.unibo.it/handle/20.500.14008/94165,https://historica.unibo.it/server/iiif/2cbd08c3-592f-44d0-8846-6b79b93bb551/manifest
BO0624_88499,"Ölgemälde moderner und alter Meister, Antiquitäten und Kunstgegenstände aller Art aus süddeutscher Privatsammlung und anderem Besitz: Versteigerung im Oberen Museum Stuttgart, 4-7 April 1922",https://historica.unibo.it/handle/20.500.14008/94475,https://historica.unibo.it/server/iiif/2d16b4ba-0778-43b1-aa7a-b8142ed2e057/manifest
BO0624_84176,"Catalogue des Tableaux Anciens par: Andrea del Sarto, B. Bellotto, Brueghel de Velours ...: Pastels, faïences, porcelaines d'Allemagne, objets variés, terres cuites, pendules & candélabres du 18. siècle, meubles, formant la collection de monsieur le baron de C*** et dont la vente aura lieu a Paris ... le samedi 20 décembre 1913",https://historica.unibo.it/handle/20.500.14008/93563,https://historica.unibo.it/server/iiif/2d48da41-8a4c-43c7-b282-87ebe6f50629/manifest
BO0624_88284,"Ölgemälde alter Meister, aus den nachlassen Dr. Hans Stegmann, München [gestorben] Direktor des Bayerischen Nationalmuseums: Dr. Wilh. Schmidt, München [gestorben] Direktore der Graph. Sammlung München: [Versteigerung in München in der Galerie Helbing ... den 20 April 1917]",https://historica.unibo.it/handle/20.500.14008/94308,https://historica.unibo.it/server/iiif/2d7f2f1f-26d7-480f-b3ad-282e5191e088/manifest
BO0624_83733,Catalogue des tableaux ... gravures modernes composant la collection de M. V... et dont la vente aura lieu ... le samedi 5 mars 1904 ...,https://historica.unibo.it/handle/20.500.14008/92823,https://historica.unibo.it/server/iiif/2d870fb3-28d6-4ad7-a096-89215d6994f4/manifest
BO0624_88171,Katalog von Gemälden älterer u. neuzeitiger Meister aus dem Besitze eines rheinischen Sammlers und anderer: Versteigerung zu Köln a. Rh. ... den 15. und ... den. 16. Dezember 1913,https://historica.unibo.it/handle/20.500.14008/94227,https://historica.unibo.it/server/iiif/2d8d5e5d-8e2f-46c6-9da9-2b2dd8930e50/manifest
BO0624_88778,Kunstbesitz und Wohnungseinrichtigung Prinzessin Joachim Albrecht von Preussen Berlin ... Bücher - Kleinkunst - Textilien ... mit zwölf Tafeln [Versteigerung ... den 7. Juni 1929],https://historica.unibo.it/handle/20.500.14008/94697,https://historica.unibo.it/server/iiif/2dc9a7d4-0309-407b-b4ac-329d880aada8/manifest
BO0624_87920,"Gemälde, Kunstblätter, Drucke etc. älterer und moderner Meister ... darunter die Sammlung der Frau Dir. M. in W., sowie im Auftrage der Herren Rechtsanwälte A. Prack u. H. Musset, Hier: Versteigerung Frankfurt a.M. Dienstag, Mittwoch und Donnerstag den 13., 14. und 15. September 1910",https://historica.unibo.it/handle/20.500.14008/94059,https://historica.unibo.it/server/iiif/2e4576e8-37e9-4c33-9cfd-35c256a5deb3/manifest
BO0624_84053,"Catalogue des tableaux anciens oeuvres de L. Boilly, J.-B. Huet, J.-B. Pater, Schall, F. Snyders, M.me Bigée-Lebrun ... objets d'art et d'ameublement des 17. & 18. siècles et autres, porcelaines de Saxe et de Sèvres importantes potiches en ancienne porcelaine de Chine ...: lundi 22 mai 1911",https://historica.unibo.it/handle/20.500.14008/93467,https://historica.unibo.it/server/iiif/2e5f8380-0803-464c-a082-eaff91cde489/manifest
BO0624_87582,"Kunst-Sammlung des verstorbenen Wirklichen Geheimen Rathes und Oberpräsidenten Herrn von Neefe. Collection J. K., ... Cassel. Hervorragende Beiträge aus dem Besitz des Herrn Oberleutenants von M., der Herren Dr. Ziegler, Professor Const. Schoedter etc. ... Versteigerung ... den 21. Februar 1900 ...",https://historica.unibo.it/handle/20.500.14008/93829,https://historica.unibo.it/server/iiif/2eb16e08-0f06-4383-96af-efdc5bc10dc1/manifest
BO0624_83726,"Catalogue des tableaux, aquarelles, pastels, dessins par feu George Callot et garnissant son atelier ... composant sa collection particulière ...: Hotel Drouot ... Les lundi 14 et mardu 15 décembre 1903",https://historica.unibo.it/handle/20.500.14008/92790,https://historica.unibo.it/server/iiif/2ee05b5e-17cf-4dca-9790-edba603e1d18/manifest
BO0624_87847,"Katalog der hervorragenden Sammlung von Gemälden alter und neuer Meister aus dem Nachlasse der verst. Gräfin Zimagorski ... Versteigerung ... den 8. Juli 1908 ... durch K. A. Stauff & Cie, Cöln",https://historica.unibo.it/handle/20.500.14008/94014,https://historica.unibo.it/server/iiif/2eee5a4a-cc3c-4205-8316-e7786edebdb2/manifest
BO0624_87739,"Gemälde alter Meister des 16. bis 18. Jahrhunderts dabei Der Nachlass eines bekannten Berliner Sammlers und eine Anzahl Bilder aus der Konkursmasse des Rechtsanwalts Dr. Richard Loemy ... ferner einige andere Beitrage: Austellung: Sonntag, den 19. und Montag, den 20. November 1905: Versteigerung, Dienstag, 21 November 1905",https://historica.unibo.it/handle/20.500.14008/93929,https://historica.unibo.it/server/iiif/2efc6c02-9def-450e-8206-9bae15e92f7e/manifest
BO0624_88244,"Verzeichnis über Gemälde moderner und älterer Meister Kunstblätter, Farbdrucke, Aquarelle, orientalische Teppiche, Ostasiat. Arbeiten ...: Versteigerung Frankfurt a. Main ... den 9. u. 10. Mai 1916 ...",https://historica.unibo.it/handle/20.500.14008/94276,https://historica.unibo.it/server/iiif/2f0569f3-fe26-4a4e-a3a6-4a0f684231cc/manifest
BO0624_88650,"Gemalde alter Meister aus den Sammlungen J. Berlin, Sch. Wien, und Anderem Besitz, Handzeichnungen: Ausstellung: Sonntag, den 22. Mai 1927, Montag den 23. Mai 1927: Versteigerung: Dienstag, den 24. Mai 1927",https://historica.unibo.it/handle/20.500.14008/94586,https://historica.unibo.it/server/iiif/2f76036f-315b-48d7-b921-426bc22508a4/manifest
BO0624_88285,"Verzeichnis der Gemälde meist moderner Meister: Kunstgegenstände, antiken Stoffe, Frankofurtensien der Erlös dieser Abteilung 1. wird auf Wunsch der Besitzer in Anteilscheinen der 6. Kriegsanleihe ausbezahlt: 2. Abteilung Frankofurtensien Gemälde moderner u. älterer Meister Antiquitäten Kunstgegenstände Münzen usw. ...: Versteigerung ... den 24. u. 25. April 1917 ... Frankfurt am Main ...",https://historica.unibo.it/handle/20.500.14008/94309,https://historica.unibo.it/server/iiif/2f98c0bc-5fda-48fe-a804-2fa66f7beeb9/manifest
BO0624_88589,"Gemälde des 16. bis 19. Jahrhunderts Sammlung Professor Dr. Wedewer Wiesbaden: 3. Teil Sowie eine Anzahl von Gemälden aus Anderem Besitz: Versteigerung: Dienstag, 23., Mittwoch, 24. März 1926",https://historica.unibo.it/handle/20.500.14008/94540,https://historica.unibo.it/server/iiif/2f9a0db2-c99b-487f-82b4-a00268c7d9aa/manifest
BO0624_83932,"Catalogue des objets d'art et de haute curiosité orientaux & européens, faïences de Damas, Thodes, Solimanié, Boukhara, etc. cuivres, bronzes & ters de l'orient, manuscrits orientaux & européens ... antiquités composant la collection de feu M. O. Homberg: du lundi 11 au samedi 16 mai 1908",https://historica.unibo.it/handle/20.500.14008/93387,https://historica.unibo.it/server/iiif/2fbb3fa7-bd07-4ea7-8bb7-03d9ead5343f/manifest
BO0624_88393,Gemälde von meistern unserer Zeit: münchener Privatsammlung Nr. 1 bis 125a: Gemälde aus anderem Besitz Nr. 126 bis Schluss: ... Versteigerung ... den 28. Oktober 1919,https://historica.unibo.it/handle/20.500.14008/94382,https://historica.unibo.it/server/iiif/2fc12868-4ffd-4fbb-9257-9b6c046bfe4b/manifest
BO0624_83981,"Catalogue des tableaux anciens et gouaches par Boullongne ... oeuvre célèbre Le Moqueur, par Ducreux: Hotel Drouot, le mercredi 9 juin 1909",https://historica.unibo.it/handle/20.500.14008/93423,https://historica.unibo.it/server/iiif/2fc257a9-f912-48de-884f-075a1d36f907/manifest
BO0624_83936,"Catalogue des objets d'art et d'ameublement, faiences de Delft, Rouen ... tableaux modernes & anciens par Barillot, Bellotto ...: les jeudi 21 et vendredi 22 mai 1908",https://historica.unibo.it/handle/20.500.14008/93390,https://historica.unibo.it/server/iiif/2fc385a6-8b54-4ef0-88f4-8a4a63a49d18/manifest
BO0624_87908,"Ölgemälde alter Meister aus bremer Privatbesitz aus norddeutschem adelingen besitz etc.: Auktion in München in der Galerie Helbing, Donnerstag, den 17. März 1910",https://historica.unibo.it/handle/20.500.14008/94053,https://historica.unibo.it/server/iiif/2fcb89b0-8664-4667-acdf-9a3b5e89c13b/manifest
BO0624_87445,"Katalog der reichhaltigen und ausgewählten Gemälde-Sammlungen aus dem Nachlässen der Frau Marie von Robert in Wiesbaden geb. Waltz von Eschen ... des Herrn Anton Hartmann, zeitlebens Ehern-Ober-Ingenieur in Diekrich und des Baumeisters Herrn Schulz in Düren. Versteigerung zu Köln den 27. bis 29. 1893 durch J. M. Heberle (H. Lempertz' Söhne)",https://historica.unibo.it/handle/20.500.14008/93747,https://historica.unibo.it/server/iiif/2ffc5e70-3eaa-42df-a479-5922f4da408a/manifest
BO0624_87773,"Kunst-Sammlung des Herrn Geh. Regierungsrats von Niesewand: Versteigerung zu Köln, Mittwoch den 7. bis Freitag den 9. November 1906 ... unter Leitung von Peter Hanstein inhaber der Firma Math. Lempertz, Buchhandlung und Antiquariat in Köln und Bonn",https://historica.unibo.it/handle/20.500.14008/93953,https://historica.unibo.it/server/iiif/30327074-0705-4694-8086-c3693cb62945/manifest
BO0624_81808,"Catalogo di tutti gli oggetti d'arte antica e moderna appartenenti alla ditta Allegro e Gandais ...: marmi, mobili, quadri, bronzi ...: la vendita all'asta pubblica avrà luogo a cura della Casa C. & E. Canessa in Napoli ... da mercoledì 26 febbraio a giovedì 6 marzo 1913",https://historica.unibo.it/handle/20.500.14008/92743,https://historica.unibo.it/server/iiif/30375107-2205-4aa3-94ba-5a083c3b7344/manifest
BO0624_84153,"Catalogue des tableaux anciens et modernes par: Géricault, J. Jordaens, E. Lambinet, J. Pillement, J. Vien, etc., etc.: dessus de portes, par Hubert Robert: Paris, Hotel Drouot, le mardi 27 mai 1913",https://historica.unibo.it/handle/20.500.14008/93547,https://historica.unibo.it/server/iiif/30427cac-ac48-4eb1-8236-c01ce5689da8/manifest
BO0624_87605,"Katalog der Antiquitäten, Kunstsachen, Möbeln und Einrichtungs-Gegenständen, Ölgemälden alter Meister: Sammlung Obersleutenant a. D. Frz. Pracher, München, etc.: Auktion in München ... den 14. bis ... den 15. März 1901 ... unter Leitung des Kunsthändlers Hugo Helbing in München",https://historica.unibo.it/handle/20.500.14008/93840,https://historica.unibo.it/server/iiif/30637a9a-005b-4138-8771-ef3bc1625ff6/manifest
BO0624_87884,"Gemälde und Kunstblätter moderner und älterer Meister u.a. aus dem Nachlass des seel. Herrn Stern-Cotta, Frankfurt a. M. ...: ferner ein Teil des Künstlerischen Nachlasses des seel. Herrn Prof. Rob. Friedr. Stieler, Stuttgart: Antiquitäten und Kunstgegenstände ... aus hiesigem und auswärtigem Privatbesitz: Versteigerung in Frankfurt am Main ... den 18. und 19. Juni 1908",https://historica.unibo.it/handle/20.500.14008/94038,https://historica.unibo.it/server/iiif/306e0142-7cc4-4d63-a13c-13c7e1c8a266/manifest
BO0624_88268,Die hinterlassene Gemälde-Sammlung der Herrn Geheimrat Dr. E. Hölscher Mülheim a R.: ... Versteigerung: ... den 5. Dezember 1916: Katalog mit 24 Lichtdrucktafeln,https://historica.unibo.it/handle/20.500.14008/94296,https://historica.unibo.it/server/iiif/307d65ed-dd77-461d-b755-1a989c376b98/manifest
BO0624_81880,"Catalogo di quadri antichi e moderni, mobili, porcellane, tappeti e sopra mobili: provenienze: Signorina Rosalba di Villanova, Eredi del grande maestro Domenico Morelli, Collezionista inglese testè deceduto ... vendita ... Napoli ... dal 11 marzo al 20 marzo 1929",https://historica.unibo.it/handle/20.500.14008/92953,https://historica.unibo.it/server/iiif/308238b0-f20b-4eca-aa3f-cd8f1423244b/manifest
BO0624_83868,"Catalogue des tableaux anciens, pastels par Camphuysen, Claeis, Coypel, Danloux, Debucourt, De Marne ... dessins, marbres: Hotel Drouot, le jeudi 7 février 1907",https://historica.unibo.it/handle/20.500.14008/93342,https://historica.unibo.it/server/iiif/30894217-18cf-4064-9f47-e71fd4bf8977/manifest
BO0624_81795,"Catalogo n. 90: Importanti quadri antichi e moderni, miniature, marmi, bronzi, maioliche, porcellane, oggetti d'arte, mobili, cornici, provenienti da un castello della Toscana in vendita al pubblico incanto",https://historica.unibo.it/handle/20.500.14008/92768,https://historica.unibo.it/server/iiif/3089e77f-9fbf-4c28-8652-2fb0594a0e4c/manifest
BO0624_83641,"Catalogue des tableaux anciens et modernes par Juan de Arellano, Goya ... dessins anciens et aquarelles modernes par Cochin le fils, Alt ... le tout dépendant de l'importante collection de M. D... de G...: lundi 8 juin 1896",https://historica.unibo.it/handle/20.500.14008/93232,https://historica.unibo.it/server/iiif/30d8b137-e3cd-4402-b48e-ee1944fee047/manifest
BO0624_51178,"Illustrated preliminary announcement: The very notable Tolentino Collection of Rare Italian and French Gothic and Renaissance Works of Art ... to be sold ... April 22, 23, 24, 25 and 26, 1924 at the American Art Galleries",https://historica.unibo.it/handle/20.500.14008/92709,https://historica.unibo.it/server/iiif/30e0f82e-3cdc-4dfd-bf90-4bf06bd5f8ee/manifest
BO0624_81783,"Catalogo n. 78: Quadri antichi, oggetti d'arte, tappeti persiani, raccolta di placchette e medaglie, mobili, in vendita all'incanto",https://historica.unibo.it/handle/20.500.14008/92759,https://historica.unibo.it/server/iiif/30e7599c-2d8f-4b6d-9a79-504672ac29c7/manifest
BO0624_88139,Katalog von Gemälden älterer und neuzeitiger Meister aus verschiedenem Besitz: Versteigerung zu Köln ... den 7. Oktober und ... den 8. Oktober 1913,https://historica.unibo.it/handle/20.500.14008/94203,https://historica.unibo.it/server/iiif/30eee5c3-ce12-4baa-9578-ce9616ddc95f/manifest
BO0624_87599,Auction von Oelgemälden und Aquarellen neuerer Künstler sowie Luxus- und Gebrauchs-Möbeln ... Oeffentliche Versteigerung ... den 17. Dezember 1900 und folgende Tage ...,https://historica.unibo.it/handle/20.500.14008/93839,https://historica.unibo.it/server/iiif/30f0ec89-f7fe-4d67-b855-df00bfdf89de/manifest
BO0624_83750,"Catalogue des joyaux, colliers de perles, parures en perles, brillants anciens, pierres de couleur, horloges ayant appartenu a S.A.I. Madame la Princesse Mathilde ...: dont la vente ... aura lieu a Paris ... du jeudi 26 mai au samedi 4 juin 1904 ...",https://historica.unibo.it/handle/20.500.14008/92833,https://historica.unibo.it/server/iiif/312df61b-0ca7-4691-b2d5-821c08865405/manifest
BO0624_87611,"Katalog von Antiquitäten, Kunstsachen, Möbeln und Einrichtugs-Gegenständen, Oelgemälden alter Meister: Sammlung Univer.-Professor Dr. Erich Frantz aus Breslau: ein Teil der Sammlung Albert Jaffé, Hamburg Nachlass des in München [gestorben] Kunstmalers A. Seifert etc.: Auction in München ... den 9. und ... den 10. Mai 1901 ... unter Leitung des Kunsthändlers Hugo Helbing in München",https://historica.unibo.it/handle/20.500.14008/93844,https://historica.unibo.it/server/iiif/3191c815-d07b-4b3c-b8bb-d04a4fd50c93/manifest
BO0624_88488,"Antiquitäten Möbel des 16. bis 19. Jahrh. alte Gemälde Teppiche, Silber, Bronzen, Porzellan und Fayencen, Miniaturen, Kleinkunst aus dem Nachlass des Freiherrn von Stumm und aus anderem Besitz: ... Versteigerung ... den 6. bis ... den 9. Dezember 1921",https://historica.unibo.it/handle/20.500.14008/94761,https://historica.unibo.it/server/iiif/31938b50-bf8b-431b-b4d0-8bb176c89a7f/manifest
BO0624_87411,"Katalog ausgewählter und hervorragender Kunstsachen, Einrichtungs-Gegenstände und Gemälde aus dem Allod-Nachlasse Sr. Durchlaucht des Fürsten Moritz von Hanau und zu Horowitz ... auf Schloss Gross-Viska (Horowitz) bei Prag. Versteigerung zu Köln den 27-30. November 1889 durch J. M. Heberle (H. Lempertz' Söhne) ...",https://historica.unibo.it/handle/20.500.14008/93727,https://historica.unibo.it/server/iiif/31ad43f9-603e-4f09-a814-79d0bf42eb79/manifest
BO0624_83656,"Catalogue des tableaux, dessins, gouaches, aquarelles, pastels de l'école française du 18. siècle, oeuvres remarquables de Baudouin, Boilly, Boucher, Bosio, Charlier ... miniatures par Baudin, Fragonard, Hall ... composant la collection de M. G. Mühlbacher: lundi 15, mardi 16, mercredi 17 et jeudi 18 mai 1899",https://historica.unibo.it/handle/20.500.14008/93245,https://historica.unibo.it/server/iiif/31bac2da-e8cc-41c8-9473-5db2f17997f0/manifest
BO0624_83717,"Catalogue des tableaux modernes par Bastien-Lepage, Dumont, Humbert, Pierre Lagarde, Le Basque, etc. oeuvres importantes de Troyon et Renois, aquarelles, pastels, dessins, objets d'art et d'ameublement ...: Hotel Drouot, les mercredi 25, jeudi, 26 et vendredi 27 mars 1903",https://historica.unibo.it/handle/20.500.14008/92786,https://historica.unibo.it/server/iiif/31fe0c70-629d-41f9-8fa1-e98027d1bd6a/manifest
BO0624_87886,"Ölgemälde Handzeichnungen, Aquarelle und Pastelle moderner Meister aus dem Besitze des Herrn Baron de Bermingham, Paris sowie aus verschiedenem Besitze. Auktion in München in der Galerie Helbing ... den 30. Juni 1909",https://historica.unibo.it/handle/20.500.14008/94039,https://historica.unibo.it/server/iiif/323358bd-c058-4069-9343-84ce8ea0e11d/manifest
BO0624_88216,"Verzeichnis der Gemälde meist moderner Meister, u.a. im Auftrage des Herrn Rechtsanwalt Meisel Darmstadt: Antiquitäten, Kunstgegenstände dabei Arbeiten in Holz, Elfenbein, Metall ....: Sammlungen Griechischer Ausgrabungen ... sowie Japanische Farbholzschnitte (alte Drucke) aus Privatbesitz: Versteigerung: Frankfurt am Main ... den 9.-11. Juni 1914",https://historica.unibo.it/handle/20.500.14008/94253,https://historica.unibo.it/server/iiif/32552954-dce1-4a99-8c16-4431b3f5345a/manifest
BO0624_87719,"Katalog von Gemälden alter und neuzeitiger Meister aus verschiedenem Besitze, u.a. Seiner Exellenz Baron von Wrangel ...: Versteigerung zu Köln, Samsytag den 1. April 1905",https://historica.unibo.it/handle/20.500.14008/93911,https://historica.unibo.it/server/iiif/329fb6f0-2897-474b-b000-c36fc72f0414/manifest
BO0624_88600,"Gemälde alter und neuzeitiger Meister...Antiquitäten aller Art...Orientalische Teppiche, Antiche Möbel des 16. Jahrhunderts bis Biedermeier...: Versteigerung 24 und 25 Juni 1926",https://historica.unibo.it/handle/20.500.14008/94548,https://historica.unibo.it/server/iiif/32a6b9cb-f7c1-49b8-8ae8-c42f76abbf4f/manifest
BO0624_88609,"Sammlung prof. dr.Merzbacher, München, und Beiträge aus anderem Besitz. Orientalische Teppiche",https://historica.unibo.it/handle/20.500.14008/94556,https://historica.unibo.it/server/iiif/331d0c4c-5628-48e0-8d17-f52f5977316a/manifest
BO0624_84106,"Catalogue des objets d'art et d'ameublement du 18. siécle & autres, porcelaines de Chine ... meubles et sièges, tapis d'orient, tableaux, pastels, dessins du 18. siècle, appartenant à M. le baron Benoist-Méchin et dont la vente aura lieu a Paris ...: le mardi 7 mai 1912",https://historica.unibo.it/handle/20.500.14008/93510,https://historica.unibo.it/server/iiif/332d3597-4cad-452b-a9b8-5d7b7c6a5cb7/manifest
BO0624_87634,"Gemälde alter Meister in Tempera in Oel, Pastelle, Aquarelle, Zeichnungen, Miniaturen, gerahmte Kupferstiche etc.: dabei ein Theil der Albrecht'schen Galerie in Schwerin i. M.: Beitrage aus berliner und auswürtigem Privatbesitz etc.: Mit 32 Abbildungen ... Oeffentiliche Versteigerung ... den 11., und ... den 12. Februar 1902",https://historica.unibo.it/handle/20.500.14008/93856,https://historica.unibo.it/server/iiif/33653406-abcd-42a5-b64d-69a69f005a5e/manifest
BO0624_83850,"Catalogue des tableaux modernes par Albert, Anquetin, Arm. Berton ... aquarelles, pastels, dessins par A. Berton, Besnard, La Touche ... gravures & litographies composant la collection de feu M. Barincou ...: mercredi 6 juin 1906",https://historica.unibo.it/handle/20.500.14008/93333,https://historica.unibo.it/server/iiif/336d7feb-e30a-469e-b06e-883a4c1b0e7c/manifest
BO0624_83959,"Catalogue des objets d'art et de curiosité, faiences italiennes, françaises et hispano-mauresques, porcelaines, objets variés, tableaux, aquarelles, dessins anciens et modernes, précieux manuscrits ...: Hotel Drouot, le samedi 27 mars 1909",https://historica.unibo.it/handle/20.500.14008/93404,https://historica.unibo.it/server/iiif/336fb87f-97f0-45e7-9439-940a9f1ceb80/manifest
BO0624_81804,"Catalogo N. 98: Quadri antichi, sculture, maioliche, mobili, oggetti d'arte provenienti da una villa del lago di Como e dallo studio di un illustre pittore di Firenze in vendita al pubblico incanto",https://historica.unibo.it/handle/20.500.14008/92775,https://historica.unibo.it/server/iiif/336ffb2b-9835-4b5d-b57b-a4077a3122b6/manifest
BO0624_84329,"Catalogue des tableaux modernes, aquarelles, pastels, dessins par Barye, Besnard, Boudin ... terres cuites du 18. siècle ... composant la collection Émile Straus: lundi 3 et mardi 4 juin 1929",https://historica.unibo.it/handle/20.500.14008/93679,https://historica.unibo.it/server/iiif/33a22b5a-b504-4b4a-937f-f78cc6b89edb/manifest
BO0624_88001,Verzeichnis von Gemälden älterer und moderner Meister alten orientalischen Teppichen und Shawls zwei Gobelins aus dem 16. Jahrhundert Antiquitäten und Kunstsachen dabei Möbel aus hiesigem adeligem und sonstigen Privatbesitz: Versteigerung ... den 31. Januar und 1. Februar 1912 ... Frankfurt am Main,https://historica.unibo.it/handle/20.500.14008/94109,https://historica.unibo.it/server/iiif/33cbfcc8-fa69-4291-a4b2-9f3622b7276a/manifest
BO0624_84065,"Orfèvrerie allemande, flamande, espagnole, italienne, pierre dures montées ... provenant de l'ancienne collection de feu m. le baron Carl Mayer de Rothschild: lundi 12 et mardi 13 juin 1911",https://historica.unibo.it/handle/20.500.14008/93477,https://historica.unibo.it/server/iiif/33d5e48b-ce56-466d-900a-fbf613946eef/manifest
BO0624_66064,"Catalogue of the well-known collection of pictures by old masters of sir Joseph B. Robinson, bart. of South Africa: on Friday, July 6, 1923",https://historica.unibo.it/handle/20.500.14008/93186,https://historica.unibo.it/server/iiif/33f29908-b8c0-4256-8530-34837aab01de/manifest
BO0624_87812,"Ölgemälde hervorragender alter und moderner Meister aus dem Nachlasse des Herrn Rentier Wilhelm Löwenfeld in München sowie vorzügliche Gemälde, Aquarelle und Handzeichnungen aus anderem Nachlasse. Auktion in München ... den 17. Oktober 1907 ... unter Leitung des Unterzeichneten Carl Maurer ...",https://historica.unibo.it/handle/20.500.14008/93982,https://historica.unibo.it/server/iiif/34895a40-82fd-4cb3-9ec7-90a62eb43d81/manifest
BO0624_88368,"Verzeichnis der Sammlung H. W. in H.: Gemälde alter Meister, Fayencen, Möbel, Holzplastik: Versteigerung: ... den 11. März 1919 ... in Frankfurt am Main ...",https://historica.unibo.it/handle/20.500.14008/94366,https://historica.unibo.it/server/iiif/34a4912d-8bff-4057-943c-5e7f66b4b627/manifest
BO0624_83728,"Catalogue des objets de haute curiosité et d'ameublement, anciennes faiences italiennes ... meubles et bois sculptés du XVI siècle ... tableaux anciens ... dont la vente, après le décès de M. Edmond Bonaffé aura lieu à Paris ... le mardi 26, mercredi 27 et jeudi 28 janvier 1904 ...",https://historica.unibo.it/handle/20.500.14008/92821,https://historica.unibo.it/server/iiif/34b860f9-b3c5-41b9-a5a3-87af2fa26b20/manifest
BO0624_84334,"Catalogue des objetes d'art et d'ameublement ... meubles et sièges ...: jeudi 5, vendredi 6 et samedi 7 décembre 1929",https://historica.unibo.it/handle/20.500.14008/93684,https://historica.unibo.it/server/iiif/34c69183-4281-4456-bb68-aa8532a0f49f/manifest
BO0624_5739,"The collection of Achillito Chiesa, Esq. of Milan: part I: Flemish and Dutch paintings of the XV, XVI, XVII centuries, Italian primitives and Renaissance examples",https://historica.unibo.it/handle/20.500.14008/93039,https://historica.unibo.it/server/iiif/34e8858e-182e-4e5f-a07c-f238c77f2b08/manifest
BO0624_5732,"Catalogue des tableaux anciens des écoles italienne, espagnole, allemande, flamande et hollandaise composant la Galerie Crespi de Milan: jeudi 4 juin 1914",https://historica.unibo.it/handle/20.500.14008/93038,https://historica.unibo.it/server/iiif/351b387d-4fd1-49e9-a8bb-beea87706d04/manifest
BO0624_88426,"Ölgemälde moderner Meister: Nachlässe Generalkonsul Ludwig Ritter von Steub [gestorbenen], München, Herm. Eduard Moritz Erdmann [gestorbenen], Kunstmaler, München, sowie aus anderem, vorwiegend süddeutschem Privatbesitz [Auktion in München in der Galerie Helbing ... den 16. ... den 17. ... den. 18. Juni 1920]",https://historica.unibo.it/handle/20.500.14008/94412,https://historica.unibo.it/server/iiif/3527d46d-d798-402c-869d-cadb330d28cf/manifest
BO0624_88252,"Verzeichnis über Gemälde und Kunstblatter moderner und älterer Meister: Antiquitäten und Kunstgegenstände dabei Mobel, Holzschnittzereien, Miniaturen ... aus Privatbesitz: Versteigerung ... den 27.-28. Juni 1916 ... Frankfurt am Main ...",https://historica.unibo.it/handle/20.500.14008/94283,https://historica.unibo.it/server/iiif/3547e214-00b0-49b3-aa26-a2acca12fb8a/manifest
BO0624_88786,"Die Sammlung Dr. Eduard Simon, Berlin: 1. Erster Band: Gemälde und Plastik",https://historica.unibo.it/handle/20.500.14008/94705,https://historica.unibo.it/server/iiif/358615d2-7633-4f69-9110-d5ac964bf76c/manifest
BO0624_88145,"Gemälde des 15. bis 19. Jahrhunderts 1. Auktionstag: Sammlung Grimaldi, Cadix: Zweiter Teil ... 2. Auktionstag: Sammlungen und einzelne Beiträge aus verschiedenem Besitz ...: Versteigerung ... den 14. Oktober ... den 15. Oktober 1913: mit 38 Lichtdruckabbildungen und 19 Autotypien",https://historica.unibo.it/handle/20.500.14008/94209,https://historica.unibo.it/server/iiif/3598c8bd-cf40-4e72-8895-039de344066b/manifest
BO0624_88565,"Kunstsammlung M. Minkowski, Königsberg i. Pr.: Versteigerung: Dienstag, den 12. Mai 1925, Mittwoch, den 13. bis Freitag, den 15. Mai 1925",https://historica.unibo.it/handle/20.500.14008/94527,https://historica.unibo.it/server/iiif/359e4c91-1773-4b3d-bff7-5763f47d2309/manifest
BO0624_88412,"Porzellanensammlung aus berliner Privatbesitz: alte Gemälde, Möbel und Antiquitäten aus verschiedenem Privatbesitz: ... Versteigerung ... den 24. und ... den 25. Februar 1920",https://historica.unibo.it/handle/20.500.14008/94399,https://historica.unibo.it/server/iiif/36635bed-ad1f-4f1c-ae9c-fab379557a6c/manifest
BO0624_88552,Sammlung moderner Gemälde aus bekannten Hamburger Besitz: 1. Hamburgensien-Sammlung ...: ... Versteigerung ... den 11. Dezember Gemälde und Hamburgensien ... den 12. Dezember Kleinkunst ... den 13. Dezember ... Teppiche und Möbel,https://historica.unibo.it/handle/20.500.14008/94519,https://historica.unibo.it/server/iiif/366efb77-6bfe-4be1-a427-4143c4334ce0/manifest
BO0624_87785,Verzeichnis über Gemälde und Kunstblätter älterer Meister: Münzen und Medaillen ... aus hiesigem und auswärtigen Privatbesitz: Versteigerung in Frankfurt a. M. ... den 18. u. 19. Dezember 1906 ...,https://historica.unibo.it/handle/20.500.14008/93962,https://historica.unibo.it/server/iiif/368d8120-8b05-4ce8-8337-52531c87fe0e/manifest
BO0624_88524,"Ölgemälde und Handzeichnungen moderner Meister aus dem Nachlass Exz. Geh. Rat Dr. W. K. Roentgen und aus anderem Besitze: Auktion in München in der Galerie Hugo Helbing ... den 10. Juli, und folgende Tage ... Besichtigung ... den 5. ... den 6. ... den 7. Juli 1923 ...",https://historica.unibo.it/handle/20.500.14008/94498,https://historica.unibo.it/server/iiif/368fa417-acd7-4149-92dd-f8a96418793e/manifest
BO0624_84104,"Catalogue de tableaux anciens, ½uvre importante de Rembrandt et autres par J. Both ... tableaux modernes par Diaz, Troyon ... dont la vente par suite de décès de Madame Levaigneur aura lieu à Paris ... les jeudi 2, vendredi 3 et samedi 4 mai 1912",https://historica.unibo.it/handle/20.500.14008/93508,https://historica.unibo.it/server/iiif/36b91fa7-6658-40f3-a052-c305a5d74a76/manifest
BO0624_81831,"Catalogo di antichità: liquidazione per successione ereditaria del rinomato negozio Ditta Achille Camerino di Venezia ... a cura della Casa di vendite ""Arte antica e moderna"" di Firenze ... diretta dall'antiquario Alfredo Geri",https://historica.unibo.it/handle/20.500.14008/92874,https://historica.unibo.it/server/iiif/36faf63c-1ff4-4d9a-adb0-77d6bcce92bc/manifest
BO0624_88544,Nachlä Guido von Maffei [gestorben] München: Porzellan-Sammlung Th. von E. ...: Versteigerung ... den 21. Oktober Gemälde ... den 22. Oktober Kleinkunst ... den 23. Oktober Teppiche und Möbel,https://historica.unibo.it/handle/20.500.14008/94514,https://historica.unibo.it/server/iiif/3747e354-b86c-4616-8849-886171c17edf/manifest
BO0624_88362,"Verzeichnis über Antiquitätensammlung des Herrn Geheimrat Privatier Ludwig Schreiber, Esslingen und prof. Gustav Gaupp: sowie Sammlung von Gemälden alter Meister aus den Sammlungen der Herren Obermedizinalrat Dr. Roth Baron Thiery, Geh. Kienlin etc.: Versteigerung in Stuttgart ... den 13. und ... den 14. Dezember ...",https://historica.unibo.it/handle/20.500.14008/94361,https://historica.unibo.it/server/iiif/375f9da8-4508-436c-a641-90ca61d9e4d2/manifest
BO0624_83638,"Objets d'art et d'Ameublement, Bronzes - Marbres - Porcelaines ... Hotel Drouot, Salle N. 1, Les Jeudi 3 & Vendredi 4 Octobre 1895",https://historica.unibo.it/handle/20.500.14008/94750,https://historica.unibo.it/server/iiif/37a21c0e-d42b-4f1b-85ab-c166845726a8/manifest
BO0624_88630,"Antiquitäten, Keramik, Waffen, Glas, Gobelins, Teppiche, Möbel, Plastik, Gemälde alter Meister aus süddeutschem Privatbesitz u. a. B.: Antiken aus dem Nachlasse Exc. Staatsrat Ritter Gottfried von Böhm: Versteigerung in der Galerie Hugo Helbing München ... 17. März ... 18. März ...",https://historica.unibo.it/handle/20.500.14008/94572,https://historica.unibo.it/server/iiif/37b48f4d-d788-4fd9-8fc1-f49224771156/manifest
BO0624_88345,"Antiquitäten, Möbel und Vertäfelungen (16. bis 18. Jahrhundert) Gobelins, Teppiche, Gemälde alter Meister Farbstiche u. anderer aus der Sammlung Georg Hirth 3. Teil 1918: Katalog Band 2. (Tafeln)",https://historica.unibo.it/handle/20.500.14008/94349,https://historica.unibo.it/server/iiif/37b4affc-af28-421d-8d3f-3d1414f09d80/manifest
BO0624_88546,Verzeichnis der zweiten groβen Hamburger Antiquitäten- und Kunstversteigerung (Sammlung von P. und andere): ... Versteigerung ... den 17. November 1924 ... den 18. November 1924,https://historica.unibo.it/handle/20.500.14008/94515,https://historica.unibo.it/server/iiif/383f792b-7cdd-4260-ad39-22e4bd7677dd/manifest
BO0624_87751,"Verzeichnis über 148 vorzügliche Gemälde 16 älterer, 132 neuerer Meister, u. a. im Auftrage des Herrn B. De Jong, Amsterdam welche Dienstag, den 13. Februar 1906 ... im Frankfurt a. M.",https://historica.unibo.it/handle/20.500.14008/93937,https://historica.unibo.it/server/iiif/3856b880-929b-4290-93e1-ca1565133226/manifest
BO0624_88727,Sammlung Kommerzienrat Korff und anderer Besitz: Gemälde neuzeitlicher Meister: mit 21 Lichtdrucktafeln: ... Versteigerung ... 2. Oktober 1928,https://historica.unibo.it/handle/20.500.14008/94654,https://historica.unibo.it/server/iiif/386cec30-c8c6-4ee1-8eaf-3a4a44bf474c/manifest
BO0624_88094,"Möbel, Beleuchtungsgerät und Ölgemälde in der P.'schen Zwangsvollstreckungssache: Gemälde, Handzeichnungen und Stiche moderner Meister aus der Konkursmasse Schuppli-Nachlä im Auftrage des Herrn Konkursverwalters L. Schönberger, Berlin: Gemälde moderner Meister, Möbel in antiken Stilarten, Porzellane und Glas aus der E.'schen Konkursmasse im Auftrage des Herrn Konkursverwalters Dr. Nahrath, Charlottenburg: ... Versteigerung ... den 13 März 1913",https://historica.unibo.it/handle/20.500.14008/94170,https://historica.unibo.it/server/iiif/38c7ee71-282e-4f2c-831c-5626a9ad0664/manifest
BO0624_88386,"Katalog der Inneneinrichtung der Villa Guiollettsstrasse 18 zu Frankfurt a. M.: Gemälde erster, moderner Meister ... Bedeutende China- u. Japan-Sammlung ...: Versteigerung: 2. September 1919 ... 3. September ... 4. September ...",https://historica.unibo.it/handle/20.500.14008/94380,https://historica.unibo.it/server/iiif/38cf3e13-7bb8-4e76-93c3-b10297241cea/manifest
BO0624_87696,"Kunstsammlungen des verewigten Herrn Geheimrats Dr. Jakob von Hefner: 1. Abteilung Rüstungen, Waffen, Antiquitäten, Ölgemälde alter Meister, Pergamentmalereien, Aquarelle und Handzeichnungen von Hans Mielich, Nicolas Lagneau etc.: Auktion in München in der Galerie Helbing, Montag, den 6. Juni ...: Besichtigung Sonntag den 29. Mai bis Sonntag den 5. Juni",https://historica.unibo.it/handle/20.500.14008/93895,https://historica.unibo.it/server/iiif/392b809a-367a-4d8f-9843-12fee774e228/manifest
BO0624_88735,"Sammlung Haenert, Halle a. S. 3. Teil: Beiträge aus deutschen Sammlungen: Gobelins, antike Möbel ... Gemälde alter und neuer Meister ... mit 22 Tafeln [Versteigerung ... den 29. Oktober ... den. 30. Oktober]",https://historica.unibo.it/handle/20.500.14008/94661,https://historica.unibo.it/server/iiif/3932d8ce-d283-4fa8-894a-2878eca1e895/manifest
BO0624_87386,"Katalog der reichhaltigen Kunst-Sammlung des herrn Alexander Scharf in Wien: arbeiten in silber ...: Versteigerung zu Koln, den 30. Mai bis 2. Juni 1888 ... durch J. M. Heberle (H. Lempertz' Sohne)",https://historica.unibo.it/handle/20.500.14008/93709,https://historica.unibo.it/server/iiif/3937d300-ac68-4c62-968f-3c0101fca908/manifest
BO0624_66054,"Catalogue of the highly important collection of drawings by J.M.W. Turner, R.A., works by old masters and modern pictures & drawings formed by the late John Edward Taylor ...: on Friday, July 5 and Monday, July 8, 1912",https://historica.unibo.it/handle/20.500.14008/93176,https://historica.unibo.it/server/iiif/39397955-5ad7-43bb-97af-23cf59662918/manifest
BO0624_87512,"Katalog von vortrefflichen Gemälde älterer und neuerer Meister ... aus dem Nachlässen der Herren J. B. Plasman, Köln; Assessor a. D. Egon Risse, Paderborn; F. W. Schmidt, Geschäftsführer des Kunst-Vereins, Köln; Louis Jacob, Köln; u. A.: Versteigerung zu Köln den 18. und 19. Dezember 1896 bei J. M. Heberle (H. Lempertz' Söhne)",https://historica.unibo.it/handle/20.500.14008/93792,https://historica.unibo.it/server/iiif/39447266-a5c4-41e7-8c59-bcbbc752a4d4/manifest
BO0624_88011,"Verzeichnis der Gemälde moderner und älterer Meister: Kunstblätter darunter aus dem Nachlass des Historienmalers Herrn J. C. Schall [gestorbenen], Berlin: Francofurtensien, Antiquitäten, Kunstgegenstände, Möbel etc. aus hiesigem und auswärtigem Privatbesitz: Versteigerung ... den 19. bis 21. März 1912 ... Frankfurt am Main",https://historica.unibo.it/handle/20.500.14008/94112,https://historica.unibo.it/server/iiif/397d08ae-1ea5-4234-acae-1e3c14d09fc1/manifest
BO0624_81867,"Catalogo della vendita all'asta della raccolta dell'avv. Gennaro Melzi di Milano: Galleria Pesaro, Milano, marzo 1928",https://historica.unibo.it/handle/20.500.14008/92903,https://historica.unibo.it/server/iiif/39f69bcd-cc4c-455f-a2b4-3c45bd602f48/manifest
BO0624_83785,Catalogue des objets d'art et de haute curiosité ...: mercredi 3 et jeudi 4 mai 1905,https://historica.unibo.it/handle/20.500.14008/93291,https://historica.unibo.it/server/iiif/3a03b1c8-8e36-4d6c-ac1c-c3c94c50ae38/manifest
BO0624_81947,"Collezione del Museo di Palazzo Davanzati in Firenze di proprietà del signor Leopold Bengujat: esposizione 22-23-24 giugno, vendita dal 25 al 30 giugno 1934, Galleria Bellini, Firenze",https://historica.unibo.it/handle/20.500.14008/92968,https://historica.unibo.it/server/iiif/3a10363c-6948-4205-a3db-ded27564bb15/manifest
BO0624_87982,"Verzeichnis der Gemälde, Antiquitäten, Kunstsachen: in Bronze, Silber Porzellan, Elfenbein, ferner Empire-Möbel, ant. Perserteppiche, Stoffe, eine kleine Miniaturen-Sammlung, Waffen u.a.: im Auftrag eines Nachlaßpflegers aus dem Nachlaß eines Großindustriellen, sowie aus dem Besitz eines Fabrikanten aus Mitteldeutschland und anderem Privatbesitz: Versteigerung: Dienstag u. Mittwoch, den 7. u. 8. November 1911",https://historica.unibo.it/handle/20.500.14008/94097,https://historica.unibo.it/server/iiif/3a15cab6-e72f-43d1-877d-35e098731c5d/manifest
BO0624_88658,Olgemälde,https://historica.unibo.it/handle/20.500.14008/94593,https://historica.unibo.it/server/iiif/3a5ad1ab-8456-421b-8dec-cb172eae9554/manifest
BO0624_88747,"Antiquitäten, Keramik, Glas, Metallarbeiten, Teppiche, Möbel, Plastik, Gemälde alter Meister aus verschidenem Privatbesitz u.a.b. Versteigerung: München, 11 Dezember 1928",https://historica.unibo.it/handle/20.500.14008/94670,https://historica.unibo.it/server/iiif/3a7f7d8d-301e-4b96-a05f-f274484de0fc/manifest
BO0624_88467,Gemälde alter und moderner Meister: Gehramte Stiche Antiquitäten aller Art Ostasiatische Kunst Ecthe Teppiche usw. aus verschiedenem Besitz [Versteigerung im Oberen Museum Stuttgart ... den 28. ... den 29. und ... den 30. April 1921],https://historica.unibo.it/handle/20.500.14008/94447,https://historica.unibo.it/server/iiif/3aad87bb-1d24-4fc1-9f51-53b256b214ce/manifest
BO0624_4840,Catalogue de la collection de feu Madame veuve Arrigoni de Milano,https://historica.unibo.it/handle/20.500.14008/92690,https://historica.unibo.it/server/iiif/3aecb160-f95a-47a2-a77a-05ba381a5474/manifest
BO0624_84097,"Catalogue des objets d'art et d'ameublement: tableaux anciens et modernes, estampes françaises et anglaises du 18. siècle, porcelaines de Chine, Saxe, Sèvres, etc.: objets de vitrine, boites en or émaillé, eventail, montres, bronzes d'art et d'ameublement, lustres garnis de cristaux de roche, meubles et sièges du 18. siècle et de style, objets variés ...: le mardi 23 avril 1912",https://historica.unibo.it/handle/20.500.14008/93502,https://historica.unibo.it/server/iiif/3b40006d-0a87-4365-95f6-7d3ae6a2a5cc/manifest
BO0624_87533,"Katalog einer Sammlung von Gemälden älterer und neuerer Meister sowie einer Sammlung von Antiquitäten als: Arbeiten in Gold, Silber, Kupfer ... aus dem Nachlasse Sr. Excellenz d. Hrn. General v. Woyna in Bonn ...: Versteigerung zu Bonn am 1. bis 3. März 1898 durch H. Lempertz' Antiquariat in Bonn",https://historica.unibo.it/handle/20.500.14008/93803,https://historica.unibo.it/server/iiif/3b9c136c-fb8c-4594-a3a1-59619879f31d/manifest
BO0624_81870,"La raccolta Augusto Lurati: Galleria Pesaro, Milano, 1928",https://historica.unibo.it/handle/20.500.14008/92917,https://historica.unibo.it/server/iiif/3baec95d-e62f-4989-b2ab-c4608bb89dfd/manifest
BO0624_83966,"Catalogue des objets d'art et d'ameublement, faïences, porcelaines, miniatures, sculptures, bronzes ... tableaux anciens, aquarelles, dessins, gouaches, pastels principalement de l'École Française des 17. et 18. siècles ... dont la vente après décès de M. Victorien Sardou: les mardi 27, mercredi 28 et jeudi 29 avril 1909",https://historica.unibo.it/handle/20.500.14008/93409,https://historica.unibo.it/server/iiif/3bd0bf64-ba74-45cb-94d9-112912958862/manifest
BO0624_87365,"Catalog der kunst- und gemalde-sammlung des in Mexico (Central Amerika) verstorbenen licentiaten herrn Juan Bages: majolika,...: versteigerung zu Koln den 6. bis 8. juli 1885",https://historica.unibo.it/handle/20.500.14008/93695,https://historica.unibo.it/server/iiif/3bd215df-7699-42cf-9d9e-1e74df19976f/manifest
BO0624_88044,"Sammlung Frau von D. in B.: *Ölgemälde moderner Meister dabei Arbeiten von H. von Bartels, L. Corinth, G. Courbet, H. Daumier, L. Dill, A. Feuerbach, H. v. Habermann, F. Hodler ... [Auktion in München in der Galerie Helbing, Montag, den 21. Oktober 1912]",https://historica.unibo.it/handle/20.500.14008/94134,https://historica.unibo.it/server/iiif/3bd2e0f9-7fe6-49bb-8861-4bcdcd16e57b/manifest
BO0624_88476,"Gemälde moderner Meister, vorwiegend 19. Jahrhund., aus einer ersten Stuttgarter Privatgalerie, Handzeichnungen und Aquarelle aus dem Besitze J. M. der verst. Königin Olga von Württemb., Nachlä der Kunstmalers J. E. Dolleschal Stuttgart usw., Kupferstiche aller Art, bedeutende Württembergica-Sammlung, Ulmer-Stich-Sammlung. Städte-Ansichten, Schweizer Blätter, engl. u. franz. Farb-Stiche, Bücher, Mappenwerke usw. [Besichtigung ... 15. ... und 16. Juli 1921 ...: Versteigerung ... 18. Juli und folgende Tage]",https://historica.unibo.it/handle/20.500.14008/94454,https://historica.unibo.it/server/iiif/3bde5548-49a6-4dc3-9165-f52c6f2bdca2/manifest
BO0624_1003,"Livres anciens, éditions et reliures romantiques, livres illustrés contemporains",https://historica.unibo.it/handle/20.500.14008/92507,https://historica.unibo.it/server/iiif/3c1276ee-8261-4c13-b10c-097df85b9816/manifest
BO0624_87998,"Verzeichnis der Kupferstiche, Holzschnitte, Lithographien, Farbdrucke, Handzeichnungen, Aquarelle moderner u. älterer Meister des 15.-19. Jahrh. dabei aus dem Nachlass des Herrn prof. Robert Stieler, Stuttgart: Versteigerung, Donnerstag, den 14. Dezember 1911, Frankfurt a. M.",https://historica.unibo.it/handle/20.500.14008/94106,https://historica.unibo.it/server/iiif/3c3f80ee-29a6-4fbc-bd69-2fe6c71ad9ad/manifest
BO0624_81765,"Collection de tableaux et objets d'art qui appartenaient au comte senateur Jean Gozzadini, qui seront mis en vente a Bologna le 12 et 13 mars 1906, a 14 heures precises, dans le palais Gozzadini, rue St. Etienne 58: exposition publique le 11 mars 1906, de 10 a 17 heures",https://historica.unibo.it/handle/20.500.14008/92741,https://historica.unibo.it/server/iiif/3c50b8c3-3e9b-4483-9fc9-3c007a1deaac/manifest
BO0624_87491,"Katalog der ausgewählten Gemälde-Sammlungen aus dem Nachlasse der Herren Ludwig Bruchman, Köln J. B. Meyer, Bonn etc. Versteigerung zu Köln a. Rh. den 26. und 27. März 1896 bei J. M. Heberle (H. Lempertz' Söhne)",https://historica.unibo.it/handle/20.500.14008/93776,https://historica.unibo.it/server/iiif/3cb2f1c7-2768-46bb-b3ae-9cfff1c7a0c4/manifest
BO0624_88643,"Gemläde und Handzeichnungen alter und moderner Meister, Stil- und Prunkmobiliar ..., Perser und Orienttepiche ..., Porzellane-Sammlung ..., Kristalle, Bronzen, Beleuchtungskörper, Elfenbein-Sammlung ..., Silber ..., Juwelen, Brillanten, Perlen, Uhren, Goldsachen: 45. Versteigerung: [Mittwoch, den 27. April 1927, Donnerstag, den 28. April 1927, Freitag, den 29. April 1927]",https://historica.unibo.it/handle/20.500.14008/94581,https://historica.unibo.it/server/iiif/3cc6a481-43e0-4fdb-b906-01417d8f4194/manifest
BO0624_87522,"Auction von werthwollen Oelgemälden und Aquarellen herrvorragender neuer Meister, Antiquitäten und neueren Kunstgegenständen ... dabei, laut Beschluss des Königlichen Amtgerichtes zu Bergen, zwangweise Versteigerung ... versteigert werden ... den. 22. Juni 1897 und folgende Tage ... in Rudolph Lepke's Kunst-Auctions-Haus",https://historica.unibo.it/handle/20.500.14008/93796,https://historica.unibo.it/server/iiif/3cf985d7-456a-44b1-afe7-a6e7e98aa305/manifest
BO0624_66087,"Catalogue of the collection of early Italian furniture and objects of art formed by the late M. Godfroy Brauer of Nice: on Thursday, July 4, 1929",https://historica.unibo.it/handle/20.500.14008/93208,https://historica.unibo.it/server/iiif/3d334eac-7588-4c5f-9c60-45640a2818a0/manifest
BO0624_81960,Catalogo dei mobili ed oggetti artistici che arredavano l'appartamento del comm. Cesare Ranucci in piazza dell'esedra nonchè della mobilia facente parte della successione del defunto n.u. il marchese Cavalletti Rondinini: le vendite all'asta avranno luogo in Roma nella galleria l'Antonina [...],https://historica.unibo.it/handle/20.500.14008/92972,https://historica.unibo.it/server/iiif/3d41e136-a8f8-4cb8-96ce-8cadf286da87/manifest
BO0624_88265,Porzellane Gobelins Teppiche Metallarbeiten Gemälde alter und neuerer Meister Möbel und anderes aus der Sammlung Georg Hirth: Versteigerung: in München in der Galerie Helbing ... den. 28. November 1916,https://historica.unibo.it/handle/20.500.14008/94293,https://historica.unibo.it/server/iiif/3d50fe9c-f953-4bd9-92cb-ec6c68c23e6c/manifest
BO0624_88456,Gemälde neuzeiticher Meister aus Sammlung Wilhelm Simons Frankfurt a. M. und anderem Besitz: ... mit 16 Tafeln Abbildungen [... Versteigerung ... 25. Januar 1921],https://historica.unibo.it/handle/20.500.14008/94436,https://historica.unibo.it/server/iiif/3d6e1780-2c68-45cf-999b-92c6e91afae5/manifest
BO0624_87670,Katalog der ausgewählten und reichhaltigen Gemälde-Sammlung aus dem Nachlasse des Rentners Herrn August Géronne zu Köln: 1. Gemälde hervorragender alter Meister. 2. Gemälde erster moderner Meister: Versteigerung zu Köln ... den 23. und ... den 24. November 1903 ... bei J. M. Heberle (H. Lempertz's Söhne),https://historica.unibo.it/handle/20.500.14008/93876,https://historica.unibo.it/server/iiif/3dde95fc-b53c-43b2-ab17-9059499bdd95/manifest
BO0624_84230,"Catalogue des tableaux-dessins-pastels principalement du XVIII siècle des écoles anglaise, française et italienne, sculptures du XVIII siècle ... objets d'art & d'ameublement ... sièges et meubles ... composant la collection de M. A. Kann ...: la vente ... aura lieu à Paris ... les lundi 6, mardi 7 et mercredi 8 décembre 1920 ...",https://historica.unibo.it/handle/20.500.14008/93610,https://historica.unibo.it/server/iiif/3e0e124b-b776-4db2-a131-aab5e4292659/manifest
BO0624_81822,Catalogo degli oggetti d'arte antica e moderna già appartenuti al defunto Nobile Vincenzo Sanfelice di Monteforte: la vendita all'asta pubblica a cura della Ditta C. & E. Canessa avrà luogo in Napoli ...,https://historica.unibo.it/handle/20.500.14008/92795,https://historica.unibo.it/server/iiif/3e2212a0-0026-4abc-8156-b71ed32e65a2/manifest
BO0624_5444,"Catalogue de la vente des objets d'art ayant appartenus a Mr. Edouard Gelli de Florence et se composant specialement de bronzes, armes, tapisseries, etoffes, faiences, porcelaines, tableaux anciennes et modernes estampes, dessins, sculptures, meubles, etc.: la vente aura lieu du 9 au 17 mai à Florence ...",https://historica.unibo.it/handle/20.500.14008/93006,https://historica.unibo.it/server/iiif/3e27ef2b-c66a-41c8-a36b-bf14b077d1ff/manifest
BO0624_73315,"Catalogue des lithographies de Barye, Karl Bodmer ... dessins, par Célestin Nanteuil: lundi 9 décembre 1929",https://historica.unibo.it/handle/20.500.14008/93216,https://historica.unibo.it/server/iiif/3e3de33b-5498-427f-8ec0-85a5c8e72cc1/manifest
BO0624_87822,"Catalog einer Sammlung von wertvollen Gemälden alter und moderner Meister, Aquarellen, Handzeichnungen und Antiquiäten auch Kupferstiche von Ridinger etc. aus verschiedenem, meist ausgwärtigem Rücklass und aus anderem alten Besitze: Versteigerung zu München, Montag, den 2. Dezember und Dienstag den 3. Dezember",https://historica.unibo.it/handle/20.500.14008/93991,https://historica.unibo.it/server/iiif/3e8dfebe-939d-4c8f-8db2-7caaaf70e71f/manifest
BO0624_87483,"Katalog einer Sammlung von Gemälden, Kupferstichen und Kunstgegenstände ... aus dem Nachlass des Herrn F. ... in Wiesbaden, sowie meherer Sammler. Versteigerung zu Bonn am 7.-9. November 1895 ... durch M. Lempertz' Antiquariat (P. Hanstein) ... Bonn",https://historica.unibo.it/handle/20.500.14008/93772,https://historica.unibo.it/server/iiif/3eabc601-c300-4e09-93c9-469895c41b54/manifest
BO0624_4482,"Collection de tableaux et d'objets d'art qui seront vendus pour le compte de la Banque populaire et caisse d'Epargne de Genes par le ministere de Mr. G. Sangiorgi: espositions le 6 et 7 avril 1895, ventes le 8, 9, 10 et 11 avril a 2 heures et demie precises",https://historica.unibo.it/handle/20.500.14008/92683,https://historica.unibo.it/server/iiif/3eda023d-c66d-4bd4-b8e6-87e5374885c7/manifest
BO0624_87851,"Gemälde und Kunstblätter moderner und älterer Meister u. a. aus den Nachlässen der Herren Konservator A. Brück, Grosszimmern, Prof. Rob. Friedr. Stieler, stuttgart und Emil Deussen, Frankfurt a.M. Antiquitäten und Kunstgegenstände aus hiesigem und auswärtigem Besitz. Versteigerung in Frankfurt am Main... den 13. bis. Oktober 1908",https://historica.unibo.it/handle/20.500.14008/94017,https://historica.unibo.it/server/iiif/3efd55ad-cb9d-426f-9345-72cf426290e5/manifest
BO0624_84102,"Catalogue des tableaux anciens, aquarelles, pastels, gouaches, dessins ... tableaux modernes, gravures, objets d'art et d'ameublement .., meubles anciens provenant de la Collection de M. Le Dart, de Caen ...: les lundi 29, mardi 30 avril. mercredi 1, jeudi 2, vendredi 3 et samedi 4 mai 1912",https://historica.unibo.it/handle/20.500.14008/93507,https://historica.unibo.it/server/iiif/3f19c3f4-90f9-47a1-ad03-23feb6645f36/manifest
BO0624_87924,"Sammlung J. P. (Pariser Privatbesitz): Franzosische Kunst des 15.-18. Jahrh.: Gemalde und Kunstgewerbe: Ausstellung: Sonnabend, den 15, bis Montag, den 17. Oktober 1910: Versteigerung: Freitag, den 21. Oktober 1910",https://historica.unibo.it/handle/20.500.14008/94062,https://historica.unibo.it/server/iiif/3f1c6a95-af02-4ae1-8e4f-fcb7cf2e0fad/manifest
BO0624_4972,"Catalogo della raccolta di oggetti d'arte antichi e moderni gia appartenuti al Signor Giovacchino Ferroni: 2: Marmi bronzi e terrecotte di scavo e del Rinascimento, stucchi, legni intagliati ...: le vendite all'asta pubblica avranno luogo in Roma da lunedì 14 a martedì 22 marzo 1910",https://historica.unibo.it/handle/20.500.14008/92692,https://historica.unibo.it/server/iiif/3f35ebdf-568f-43db-aed6-d50f6ddef643/manifest
BO0624_88328,Ölgemälde moderner Meister aus nord- und süddeutsschem Privatbesitz: Auktion in München in der Galerie Helbing ... den 6. April 1918,https://historica.unibo.it/handle/20.500.14008/94340,https://historica.unibo.it/server/iiif/3f7c064c-6487-4dc6-965c-8eb0eb733ca3/manifest
BO0624_88745,"Versteigerung Nachlass Fritz Simrock, Berlin: Gemälde, Plastik, KunstMöbel des 18. Jahrh., Ostasiatisches Porzellan, Silber, Teppiche, Klinger-Radierungen, Bücher, Möbel und Hausrat: Versteigerung: Montag, 10. Dezember 1928, Dienstag, 11. Dezember 1928",https://historica.unibo.it/handle/20.500.14008/94766,https://historica.unibo.it/server/iiif/3fa4ee62-bcde-4c42-ad8d-d6efbe1621ed/manifest
BO0624_88813,"Ölgemälde moderner Meister vom Ende des 18. Jahrhunderts bis zur Gegenwart aus dem Nachlaß S.K.H. Prinz von Hohenleuben und norddeutschem Privatbesitz. Auktion: München, 10 dezember 1929",https://historica.unibo.it/handle/20.500.14008/94727,https://historica.unibo.it/server/iiif/3fb46d06-1286-4122-8aff-7a2c9a0de492/manifest
BO0624_87455,Katalog der Schwedischen Portraits-Sammlung des Museums Christian Hammer in Stockholm ...: Versteigerung zu Köln den 16. bis 18. October 1893 durch J. M. Heberle (H. Lempertz' Söhne),https://historica.unibo.it/handle/20.500.14008/93753,https://historica.unibo.it/server/iiif/3fdcaefa-03be-4e29-b025-3771682bdfbd/manifest
BO0624_88363,"Alte Porzellane: Figuren Gruppen Geschirr aus den Manufakturen Berlin Frankenthal Fulda ... Fayencen Gemaelde Antiquitaeten (Kunstgegenstände, Möbel) aus dem Besitz der Familie Drexel vom alten ""Russischen Hof"" und anderem Alt-Frankfurter Privatbesitz: Versteigerung ... den 16. Dezbr. ...",https://historica.unibo.it/handle/20.500.14008/94362,https://historica.unibo.it/server/iiif/3fddcade-694b-4036-973c-ba1266e5732c/manifest
BO0624_87858,"Gemälde aus süddeutschem Besitz: Werke von Rembrandt, Guido Reni, Ribera, Rubens, Andrea Del Sarto, Tiepolo u. a.: Versteigerung, Mittwoch, den 11. und Donnerstag, den 12. November 1908",https://historica.unibo.it/handle/20.500.14008/94022,https://historica.unibo.it/server/iiif/401ae437-6f1d-4b79-bdb7-210015834b0a/manifest
BO0624_88543,Gemälde und Graphik alter und neuer Meister: Handzeichnungen Kupferstiche Holzschnitte Radierung Litographien Japan-Holzschnitte: ... Versteigerung ... den 14. Oktober 1924 ... den 15. Oktober 1924,https://historica.unibo.it/handle/20.500.14008/94513,https://historica.unibo.it/server/iiif/402799ab-6dc9-4924-8e1d-a0d077ca1d4d/manifest
BO0624_87671,"Katalog von vortrefflichen Gemälden vorwiegend aus dem Nachlasse der Frau Baronin von Blomberg verw. Mrs Mortimer, geb. Picton und aus anderen bekannten Nachlässen: 1. Gemälde alter Meister. 2. Gemälde neuerer und moderner Meister. Versteigerung zu Köln den 23., 24. und 25. November 1903 bei J. M. Heberle (H. Lempertz's Söhne)",https://historica.unibo.it/handle/20.500.14008/93877,https://historica.unibo.it/server/iiif/402d5906-381b-40cd-bd81-9e5e608b4f4e/manifest
BO0624_84095,"Collection Jean Dollfus: 3: Catalogue des tableaux anciens des ecoles primitives et de la Renaissance ... objets d'art & de curiosité ... très importante tapisserie de Bruxelles du 16. siècle, dépendant des collections de M. Jean Dollfus et dont la vente aura lieu a Paris ... les lundi 1 et mardi 2 avril 1912",https://historica.unibo.it/handle/20.500.14008/93500,https://historica.unibo.it/server/iiif/408c24c2-ef49-4146-aa5d-8ae38333eafc/manifest
BO0624_83720,"Collections de M.me C. Lelong XVIIe et XVIIIe siècles: 2: Catalogue des objets d'art et d'ameublement des XVII et XVIII siècles ... tableaux anciens de l'école française ... dépendant des collections de M.me C. Lelong et dont la vente ... aura lieu à Paris, Galerie Georges Petit ... les lundi 11, mardi 12, mercredi 13, jeudi 14 et vendredi 15 Mai 1903 ...",https://historica.unibo.it/handle/20.500.14008/92827,https://historica.unibo.it/server/iiif/41765ffa-f304-4e1a-b3fe-7cc95cff3285/manifest
BO0624_88753,"Kunstbesitz Graf Eugen Karátsonyi, Graf Emmerich Károlyi, Budapest ...: Ausstellung Donnerstag, den 20, Februar ...: Verstiegerung Montag, den 24. Februar ...",https://historica.unibo.it/handle/20.500.14008/94674,https://historica.unibo.it/server/iiif/417704f8-195c-4ad4-ad21-0aee8176502a/manifest
BO0624_83723,"Catalogue des objets d'art et de haute curiosité du Moyen-Age et de la Renaissance, fers, bronzes, cuivres, objets variés, sculptures, meubles, broderies, velours, tableaux & dessins composant la collection de M. Hochon ...: les jeudi 11 et vendredi 12 juin 1903",https://historica.unibo.it/handle/20.500.14008/92791,https://historica.unibo.it/server/iiif/417781d5-5737-4798-8ff3-04f3a73d3754/manifest
BO0624_88484,Sammlung Dr. J. Stroof [gestorben] Frankfurt,https://historica.unibo.it/handle/20.500.14008/94462,https://historica.unibo.it/server/iiif/4189952f-4368-4687-949c-6f76fcc6176a/manifest
BO0624_88242,"Verzeichnis über Gemälde moderner Meister u. A. aus dem Nachlaß A. Hutschenreuther ...: Antiquitäten u. Kunstgegenstände Arbeiten aller Zeiten aus dem Besitze eines Süddeutschen Sammlers dabei Gegenstände in Metall: Bronze, Eisen, Zinn, Edelmetall u. dgl. m.: Majoliken, Fayencen, Porzellan ...: Versteigerung ... den 4. und 5. April 1916 ... Frankfurt a. Main ...",https://historica.unibo.it/handle/20.500.14008/94274,https://historica.unibo.it/server/iiif/41934c40-553a-487c-9516-69a47cee0ca4/manifest
BO0624_87564,Katalog der Antiquitäten und Kunstsammlungen des Herrn Johann Mayer ... Auction in München ... den 10. April 1899 und folgende Tage unter Leitung des Kunsthändlers Hugo Helbing in München,https://historica.unibo.it/handle/20.500.14008/93819,https://historica.unibo.it/server/iiif/41983872-ae2a-404e-9ab1-61ec6d4e1f39/manifest
BO0624_87830,"Verzeichnis über Gemälde älterer u. moderner Meister: Antiquitäten und Kunstgegenstände, alte Möbel etc. Arbeiten in Metall, Keramik u. dergl. aus hiesigem und auswärtigen Privatbesitz: Versteigerung in Frankfurt am Main ... den 17. und 18. Dezember 1907",https://historica.unibo.it/handle/20.500.14008/93999,https://historica.unibo.it/server/iiif/4201033b-cd6d-40c6-a872-8983a37fd093/manifest
BO0624_88278,"Gemälde alter Meister: Sammlungen Heinrich Kaven Berlin-Grunewald und Dr. Carl W. Naumann, Leipzig: ferner eine Anzahl Gemälde aus freiherrlichem Besitz: ... Versteigerung ... 22. März 1917: mit 27 Tafeln in Lichtdruck und Autotypie",https://historica.unibo.it/handle/20.500.14008/94304,https://historica.unibo.it/server/iiif/422f71db-8fc8-445b-a1ee-cc5eeb0fd69f/manifest
BO0624_81787,"Catalogo n. 81: collezione di quadri antichi e moderni, bronzi, avorii, terrecotte ... raccolti dal conte R. in vendita al pubblico incanto",https://historica.unibo.it/handle/20.500.14008/92719,https://historica.unibo.it/server/iiif/42365e05-87f4-4617-8623-339c55f51744/manifest
BO0624_66067,"Catalogue of old English and French furniture, objects of art and porcelain, the property of Mrs. Leverton Harris: thursday, june 7, 1928",https://historica.unibo.it/handle/20.500.14008/93189,https://historica.unibo.it/server/iiif/425c7085-d1e9-401c-a3a7-abd945918165/manifest
BO0624_87545,"Collection Georg Hirth: Versteigerung zu München, Montag, den 13. Juni bis Dienstag, den 21. Juni 1898 ... unter Leitung des Kunsthändlers Hugo Helbing in München ...",https://historica.unibo.it/handle/20.500.14008/93808,https://historica.unibo.it/server/iiif/42946334-d2c1-4a2d-8662-eb0ec13d5c31/manifest
BO0624_88257,"Ölgemälde moderner Meister: Nachlass Professors Julius Adam [gestorben], München und aus anderem Besitz: Auktion in München in der Galerie Helbing ... den 3. Oktober 1916",https://historica.unibo.it/handle/20.500.14008/94287,https://historica.unibo.it/server/iiif/42ce42ac-016f-43ab-94d9-78d69701ff17/manifest
BO0624_66090,"Catalogue of objects de vertu, being part of the collection formed by Her Highness Princess Paley ... removed from the Paley Palace, Tsarskoye Selo: old Italian majolica and objects of vertu ... porcelain and faience, objects of art and bijouterie: tuesday, july 23, 1929",https://historica.unibo.it/handle/20.500.14008/93211,https://historica.unibo.it/server/iiif/42d150c0-1d42-4927-ae4f-30f6ed3b0ac3/manifest
BO0624_88317,"Ölgemälde moderner Meister künstlerische Nachlässe Ludwig Hofelich, Kunstmaler [gestorben] München: F. Freiherr V. Puteani, Kunstmaler [gestorben] München: Dr. Julius Fuchs, Prakt. Artz [gestorben] München sowie Beiträge aus vorwiegend Münchener Privatbesitz: Auktion in München in der Galerie Helbing ... den 1. Dezember 1917",https://historica.unibo.it/handle/20.500.14008/94330,https://historica.unibo.it/server/iiif/42fd7c13-8a4c-42e3-b488-823944a9e461/manifest
BO0624_88154,"Gemälde des 15. bis 18. Jahrhunderts: Die nachgelassene Sammlungen des Herrn GeheimenRats Demiani, Dresden des Herrn H. von Kuhlen, Kaldenkirchen und Beiträge aus anderem Besitz: dabei ein Gemälde von Abraham van Dyck aus dem Besitze der Frau Friedrich Hilger-Zillessen, Elberfeld ...: Versteigerung: ... den 11. November 1913 ... mit 49 Abbildungen in Lichtdruck und Autotypie",https://historica.unibo.it/handle/20.500.14008/94217,https://historica.unibo.it/server/iiif/432926cb-a0a3-4a12-bf40-1224a1a85022/manifest
BO0624_87502,"Katalog der Gemalde-Collection aus dem Besitze des Herrn E. van Gelder in Munchen: Versteigerung am Dienstag, den 22. September von 1",https://historica.unibo.it/handle/20.500.14008/93786,https://historica.unibo.it/server/iiif/437c80d8-4dc0-4d41-8dcb-f746bac29039/manifest
BO0624_84256,"Catalogue des tableaux anciens, oeuvres de F. Boucher, J. Brueghel, F. Clouet, Corneille de Lyon, J. Van Goyen, J.-B. Greuze, F. Guardi ... objets d'art et d'ameublement ... composant la collection de M. de Villeroy ...: la vente ... aura lieu à Paris ... les jeudi 27, vendredi 28 & samedi 29 avril 1922 ...",https://historica.unibo.it/handle/20.500.14008/93630,https://historica.unibo.it/server/iiif/43c59c82-16ec-4290-98d7-2e30d8ae0b0f/manifest
BO0624_88327,Katalog einer grossen Sammlung aus Alt-Schlesischem Adelbesitz u. a.: Handzeichnungen und Aquarelle: Schöne Sammlung Oelgemälde: Porzellane Gläser Miniaturen Antiquitäten Möbel: Versteigerung zu Aachen ... den 4. und ... den 5. März 1918 ...,https://historica.unibo.it/handle/20.500.14008/94339,https://historica.unibo.it/server/iiif/442bfecb-a17e-4638-87b6-e772503ed5a1/manifest
BO0624_88028,Verzeichnis der Gemälde moderner und älterer Meister sämtlich aus dem Nachlass des herrn Roger von Werdt - Zürich und von zwei Schabkunstblättern in Farben aus Privatbesitz: Versteigerung im Auftrag der Erben in Frankfurt am Main ... den 4. Juni 1912,https://historica.unibo.it/handle/20.500.14008/94124,https://historica.unibo.it/server/iiif/44498aa6-c6ed-4f3e-80e9-77393465cea0/manifest
BO0624_88613,Fünfte Dresdner Kunst- und Antiquitäten-Versteigerung aus fürstlichem und anderem Besitz sowie Privatsammlungen: Gemälde - Handzeichnungen - Aquarelle alter und neuer Meister - Bronzen - Miniaturen - Stiche - Möbel Gläser Porzellane ...: Versteigerung ... 1. November 1926 ... 2. November 1926,https://historica.unibo.it/handle/20.500.14008/94560,https://historica.unibo.it/server/iiif/445d60ae-c7cc-43be-8665-e3d3d31c4f16/manifest
BO0624_88798,"Nachlass Wilhelm von Bode: Versteigerung: Dienstag, den 5. November 1929 bei Paul Cassirer",https://historica.unibo.it/handle/20.500.14008/94714,https://historica.unibo.it/server/iiif/445e5263-4f5e-4842-876f-ea00de8c20a9/manifest
BO0624_84052,"Catalogue des objets d'art et d'ameublement sculptures, bronzes, meubles sièges couverts en ancienne tapisserie ...: jeudi 18 mai 1911",https://historica.unibo.it/handle/20.500.14008/93466,https://historica.unibo.it/server/iiif/44888c5d-dd20-417e-9ee4-aea89588e92e/manifest
BO0624_81820,Catalogue d'une jolie collection de portraits de musiciens et d'artistes de théâtre ...,https://historica.unibo.it/handle/20.500.14008/92788,https://historica.unibo.it/server/iiif/449617cb-2d67-4418-834a-f57e5d4307ce/manifest
BO0624_87846,Verzeichnis einer kleiner Münchner Sammlung schöner Zinnarbeiten des 16.-18. Jahrhunderts welche in Anschluβ an die am 30. Juni 1908 und folgende Tage in der Galerie Helbing in München zur Auktion gelangende Sammlung Franz Greb versteigert wird,https://historica.unibo.it/handle/20.500.14008/94013,https://historica.unibo.it/server/iiif/44a5c3a6-2454-4d56-92a5-63140ee430e6/manifest
BO0624_88369,"Verzeichnis über Gemälde älterer und moderner Meister: Stoffe, Teppiche, Möbel, Porzellan, Fayencen, Bronzen, Silbersachen, Münzen, Bücher, etc. aus verschiedenem Besitz: Versteigerung: ... 12. März 1919 ... in Frankfurt am Main ...",https://historica.unibo.it/handle/20.500.14008/94367,https://historica.unibo.it/server/iiif/44a93c63-0312-40d2-8c10-9f307c5561e5/manifest
BO0624_81757,"Antiquitäten und Gemälde aus der Sammlung Wilhelm Itzinger-Berlin: Versteigerung Dienstag, den 21. April 1903",https://historica.unibo.it/handle/20.500.14008/92730,https://historica.unibo.it/server/iiif/44c09a4a-1fbf-4e38-9ec9-bd1bda3a6a5a/manifest
BO0624_83634,"Catalogue des Bijoux Anciens en or émaillé et enrichis de Pierreries, Objets en Argent et de Vitrine ... Tableaux des 15., 16 et 17. siècles appartenant a M. Emile Barre ... Hotel Drouot ... Les Vendredi 2 et Samedi 3 Fevrier 1894",https://historica.unibo.it/handle/20.500.14008/93227,https://historica.unibo.it/server/iiif/44e32aae-024d-4065-b535-9177547004bf/manifest
BO0624_88128,"Sammlung und Hinterlassenschaft des [gestorbenen] Herrn Professors C. von Häberlin, Stuttgart ...: Versteigerung Stuttgart 1913 ... den 16. bis ... den 20. Juni ... den 21. Juni",https://historica.unibo.it/handle/20.500.14008/94194,https://historica.unibo.it/server/iiif/44ecdd92-0c07-40e1-a263-3e3399b7d4ae/manifest
BO0624_81940,Raccolta dell'on. comm. Ettore Viola: esposizione: domenica 18 ... giovedì 22 marzo 1934 ...,https://historica.unibo.it/handle/20.500.14008/92960,https://historica.unibo.it/server/iiif/4501d2bb-9040-422b-adf7-ba751e6eba5b/manifest
BO0624_88063,"Verzeichnis über Gemälde moderner u. einiger älterer Meister: Kunstblätter Antiquitäten, Kunstgegenstände, Möbel Orientalische Teppiche Schmucksachen in Gold und Brillanten aus einem Nachlass, sowie aus hiesigem und Strassburger Privatbesitz: Versteigerung ... Frankfurt am Main ... den 10.-12. Dezember 1912 ...",https://historica.unibo.it/handle/20.500.14008/94145,https://historica.unibo.it/server/iiif/458826ee-6d84-40a4-adb4-c61d355d012b/manifest
BO0624_88177,"Kunstsammlung des verstorbenen Herrn Geheimen Legationstrats Raffauf-Horchheim ...: Versteigerung, Dienstag, den 3. Februar 1914, Mittwoch, den 4. Februar 1914: Katalog mit 22 Lichtdrucktafeln und 14 Tafeln in Autotypie",https://historica.unibo.it/handle/20.500.14008/94232,https://historica.unibo.it/server/iiif/458856e6-ae54-44e1-9362-a9e66027083d/manifest
BO0624_88008,"Verzeichnis der Gemälde älterer und moderner Meister welche die Sammlung des Herrn Edouard de Vigny-Chatou: Versteigerung, Dienstag, den 12. März ... in Frankfurt a. M.",https://historica.unibo.it/handle/20.500.14008/94111,https://historica.unibo.it/server/iiif/45f5b692-dc1d-4832-9765-6e3ec7d780fb/manifest
BO0624_88035,Ölgemalde moderner Meister aus Mitteldeuschem Museumbesitz: Auktion in München in der Galerie Helbing ... den 24. September 1912,https://historica.unibo.it/handle/20.500.14008/94129,https://historica.unibo.it/server/iiif/45fcd429-f578-496c-aa8f-c5c991a1b059/manifest
BO0624_88457,"Versteigerung einer Sammlung Gemälde alter und moderner Meister aus Hamburger Privatbesitz und aus dem früheren Bestande der Hamburger Kunsthalle: einer Sammlung Porzellane des 18. und 19. Jahrhunderts: Miniaturen ... ferner 4 Gobelins des 16. und 17. Jahrhunderts ...: Versteigerung am 25., 26. u. 27. Januar 1921",https://historica.unibo.it/handle/20.500.14008/94437,https://historica.unibo.it/server/iiif/462beb05-822f-4ff9-9735-f78bba191d78/manifest
BO0624_87978,"Galerie G.A. Sturm, München: Ölgemälde moderner Meister: [Auktion in München in der Galerie Helbing, Dienstag, den 24. Oktober 1911",https://historica.unibo.it/handle/20.500.14008/94095,https://historica.unibo.it/server/iiif/4630b4c3-4073-4e38-bf15-c20bce0d8188/manifest
BO0624_50364,"Catalogue de la collection A. Finoelst de Paris. Primitifs des ecoles italienne, allemande, française ... émaux ... ivoires, sculptures ... beaux meubles ...: la vente publique aura lieu ... le lundi 26 et mardi 27 septembre 1927 ...",https://historica.unibo.it/handle/20.500.14008/92708,https://historica.unibo.it/server/iiif/46483340-a626-4ef1-9fa0-04a1139c4cb4/manifest
BO0624_88693,"Ölgemälde, Aquarelle und Handzeichnungen moderner Meister aus ausländischem - Nord - und Süddeutschem Besitz. Auktion: München, 28 Februar 1928",https://historica.unibo.it/handle/20.500.14008/94623,https://historica.unibo.it/server/iiif/4650fa77-d5f9-4dad-aec3-296f9cdb5e29/manifest
BO0624_83938,"Catalogue des tableaux modernes et anciens, aquarelles, dessins, gouaches oeuvres de Baron ... superbe tapisserie de Beauvais d'après F. Boucher ... dont la vente après décès de Mme Debacker: le lundi 1er juin 1908",https://historica.unibo.it/handle/20.500.14008/93391,https://historica.unibo.it/server/iiif/467af7d3-4829-49c7-badd-35e9a68a1f8f/manifest
BO0624_88616,Sammlung des verstorbenen Geheimen Justizrat und Amtgerichtsrat Ferd. Franssen Heisenberg-Aachen: Gemälde alter Meister Kupferstiche Antiquitäten aller Art ...: Versteigerung ... den 16. Nov. 1926,https://historica.unibo.it/handle/20.500.14008/94563,https://historica.unibo.it/server/iiif/46d478b7-d325-482f-a5d8-6b26798ef4ae/manifest
BO0624_88611,Olgemalde,https://historica.unibo.it/handle/20.500.14008/94558,https://historica.unibo.it/server/iiif/46f4ceaa-1268-49cf-af3b-e54855371ead/manifest
BO0624_84119,"Catalogue des objets d'art et d'ameublement principalement du dix-huitième siècle, tableaux anciens, porcelaines anciennes de Chine, Japon, Sèvres, Saxe, etc. ...: sièges & meubles anciens et de style, meubles remarquables de Jacob, Saunier, Riesener, etc., tapisserie anciennes d'Aubusson, Bruxelles & Paris, objets variés, etc. ...: Paris ... le vendredi 14 juin 1912",https://historica.unibo.it/handle/20.500.14008/93522,https://historica.unibo.it/server/iiif/472e9a3a-d1a5-416a-8901-9f3e65d9d51b/manifest
BO0624_84109,Collection Jean Dollfus: 4: Catalogue des tableaux anciens des 17. et 18. siècles ... objets d'art et d'ameublement du 18. siècle et autres ... dépendant des collections de M. Jean Dollfus et dont la vente ... aura lieu a Paris .... les lundi 20 et mardi 21 mai 1912,https://historica.unibo.it/handle/20.500.14008/93513,https://historica.unibo.it/server/iiif/47317bfa-a80d-4fc3-89f9-5d190e2d7c89/manifest
BO0624_88447,"Versteigerung im Oberen Museum Eingang Linden- Kanzlei- und Rotestrasse von: Gemälden Aquarellen Handzeichnungen alter u. moderner Meister, aus fürstlichem u. anderem Besitze ... Im Auftrage: Felix Fleischhauer, Hofkunsthändler, Stuttgart: ... Versteigerung ... den 29. Oktober bis ... 4 November 1920",https://historica.unibo.it/handle/20.500.14008/94428,https://historica.unibo.it/server/iiif/473e0dd6-50cb-4f62-89a3-d72b9f0516e3/manifest
BO0624_87999,"Katalog über den Nachlass eines rheinischen Sammlers u. a.: Gemälde alter und neuzeitiger Meister darunter Arbeiten von H. v. Balen ...: Aquarelle, Pastelle, Kupfertische (Napoliensen) Antiquitäten aller Art ...: Versteigerung zu Aachen, Montag, den 18. und Dienstag, den 19. Dezember 1911",https://historica.unibo.it/handle/20.500.14008/94107,https://historica.unibo.it/server/iiif/4749fa5b-d51d-499b-a9d9-1b6e79c06442/manifest
BO0624_83819,"Catalogue de tableaux anciens et modernes, pastels, aquarelles, dessins, gravures ...: faiences et porcelaines ...: jeudi 30 novembre et vendredi 1. décembre 1905",https://historica.unibo.it/handle/20.500.14008/93313,https://historica.unibo.it/server/iiif/4756791f-a2c9-4869-816a-033050d39faf/manifest
BO0624_84212,"Catalogue des tableaux modernes: aquarelles et dessins par Barye, Rosa Bonheur, ... tableaux anciens ... composant la collection Louis Sarlin...: vente ... à Paris, Galerie Geroges Petit ... 2 mars 1918",https://historica.unibo.it/handle/20.500.14008/93593,https://historica.unibo.it/server/iiif/47937ed6-377a-4af6-a7f0-9080d60c8bbc/manifest
BO0624_83982,"Catalogue des tableaux & pastels, dessins, gouaches & aquarelles principalement de l'école française du 18. siècle ... objets d'art & d'ameublement ... le tout dépendant des collections de M. Felix Doistau: Galerie Georges Petit, les mercredi 9, jeudi 10 et vendredi 11 juin 1909",https://historica.unibo.it/handle/20.500.14008/93424,https://historica.unibo.it/server/iiif/47beacba-3357-4631-a125-f471f2cdc276/manifest
BO0624_88780,"Ölgemalde, Aquarelle und Handzeichnungen moderner aus auslandischem, norddeutschem u. munchenr Besitze Darunter aus den Nachlassen Dr. Richard Paulus und G. H. Kotschenreiter: Auktion in der Galerie Hugo Helbing: München, Wagmüllerstr. 15, Dienstag den 11. Juni 1929 ... Mittwoch den 12. Juni 1929",https://historica.unibo.it/handle/20.500.14008/94699,https://historica.unibo.it/server/iiif/480fbf74-8308-46ff-a23f-accaf35bfa43/manifest
BO0624_87614,"1. Auctionstag: Dienstag, den 11. Juni 1901, von 10 Uhr ab. Oelgemälde neuerer Künstler. Darunter Beitrag aus einer Concursmasse im Auftrage des Concursverwalters Herrn Rechsanwalt Silten, Bütow. 2. u. 3. Auctionstag ... Antiquitäten und moderne Kunstgegenstände",https://historica.unibo.it/handle/20.500.14008/93846,https://historica.unibo.it/server/iiif/48410a2a-77f7-47e8-bd18-9a30476bd45c/manifest
BO0624_88153,"Gemäldesammlung Schriftsteller Julius Münz, Berlin-Charlottenburg [Auktion in München in der Galerie Helbing, Montag, den 10. November 1913]",https://historica.unibo.it/handle/20.500.14008/94216,https://historica.unibo.it/server/iiif/4871b68c-0ffa-48a2-b8f0-8f8b9540f641/manifest
BO0624_88808,"Gemälde neuerer Meister aus ausländischem Museumsbesitz. Sammlung Lüth-Berlin und ander beiträge. Versteigerung: Berlin, 26 November 1929",https://historica.unibo.it/handle/20.500.14008/94722,https://historica.unibo.it/server/iiif/48750aad-9936-48de-bc2e-e863b638c8b3/manifest
BO0624_88439,Der Kunstbesitz des Schlosses von Obermörlen erster Teil: Gemäldesammlung alter Meister: Möbel des siebzehnten bis Anfang des neunzehnten Jahrhunderts: Versteigerung in Römer ... 7. Oktober 1920,https://historica.unibo.it/handle/20.500.14008/94421,https://historica.unibo.it/server/iiif/487a0479-a345-4402-b96c-9512b3b92215/manifest
BO0624_87935,"Verzeichnis über Gemälde moderner und älterer Meister Plaketten und Medaillen etc. ... der künstlerische Nachlass von Herrn A. Krewald, Frankfurt a. M. und anderem Besitz: Versteigerung Frankfurt am Main ... den 6. und 7. Dezember 1910 ...",https://historica.unibo.it/handle/20.500.14008/94069,https://historica.unibo.it/server/iiif/48d78b76-b6e6-4a62-baf6-82fb28eee0f7/manifest
BO0624_87472,"Katalog vorzüglicher Gemälde aus dem Nachlasse der Herren Prof. Chr. L. Bokelmann, Berlin, Advocat C. Guillon, Roermond etc. etc.: Gemälde neuerer und älterer Meister, Acquarelle, Handzeichnungen und Kupferstiche: Versteigerung zu Köln, den 19. und 20. December 1894",https://historica.unibo.it/handle/20.500.14008/93765,https://historica.unibo.it/server/iiif/49084f96-d075-47af-b39f-d4e17b11e55b/manifest
BO0624_87720,"Katalog der reichhaltigen Kunst-Sammlung aus dem Nachlasse des Herrn Cornel Kämpfer zu Aachen: Versteigerung zu Aachen, den 4. und 5. April",https://historica.unibo.it/handle/20.500.14008/93912,https://historica.unibo.it/server/iiif/49120199-7ed6-4c85-b654-f563f7f54037/manifest
BO0624_84146,"Catalogue des Tableaux Anciens: *Pastels, écoles anglaise & française du 18. siècle, objets d'art et d'ameublement dont la vente par suite du décès de M. Eugène Kraemer aura lieu à Paris, Galerie Georges Petit, les lundi 5 et mardi 6 mai 1913",https://historica.unibo.it/handle/20.500.14008/93543,https://historica.unibo.it/server/iiif/4933ae6c-ffdc-4611-b080-50917e7a2e44/manifest
BO0624_66082,"Catalogue of old Chinese porcelain, the property of the late A. E. Cumberbatch ...: objects of art, the property of Sydney Morse ...: wednesday, june 12, 1929",https://historica.unibo.it/handle/20.500.14008/93203,https://historica.unibo.it/server/iiif/494786da-ecaa-42d6-81a9-f3290e4d4229/manifest
BO0624_87466,"Katalog der reichhaltigen und ausgewahlten Gemalde-Sammlung des Museums Christian Hammer in Stockholm: 2. Theil, Hervorragende Gemalde von Meistern aller Schulen des 15.-19. Jahrh.: Versteigerung zu Koln, den 5. und 6. October 1894 durch J. M. Heberle (H. Lempertz' Sohne)",https://historica.unibo.it/handle/20.500.14008/93761,https://historica.unibo.it/server/iiif/49489ad7-4871-482f-9fd9-62acdb27cecb/manifest
BO0624_88230,"Verzeichnis über Gemälde älterer und moderner Meister u. A. Heinrich Michaelis künstlerischer Nachlass 2. Teil, Antiquitäten und Kunstgegenstände ...: Versteigerung: ... den 5. Oktober ... und ... den 6. Oktober ... Frankfurt a. M.",https://historica.unibo.it/handle/20.500.14008/94263,https://historica.unibo.it/server/iiif/4957fffd-7756-4739-b008-65fd64a27e5b/manifest
BO0624_84037,"Catalogue des tableaux modernes par Baudry (Paul), Billet, Gegerfelt, Hildebrandt, Jongkind, Lapostolet, Stevens (A.), Thornley, Veyrassat, Vuillefroy, Ziem, objets d'art & d'ameublement ...: mercredi 22 mars 1911",https://historica.unibo.it/handle/20.500.14008/93456,https://historica.unibo.it/server/iiif/495c3b6a-89e3-4093-a096-34ce203724ff/manifest
BO0624_5247,"Catalogue de la premiere partie de la collection appartenent a M. Arthur De Mol ...: donte la vente aux encheres publiques ... 1929, a 14 heures en la Galerie Georges Giroux ...",https://historica.unibo.it/handle/20.500.14008/93004,https://historica.unibo.it/server/iiif/49664b81-4bfa-492b-8935-ca810cceb661/manifest
BO0624_83755,"Catalogue des objets d'art et de haute curiosité de la Renaissance: tapisseries, tableaux anciens composant la collection Émile Gaillard ...: Les mercredi 8-samedi 11, lundi 13- jeudi 16 juin 1904 ...",https://historica.unibo.it/handle/20.500.14008/92809,https://historica.unibo.it/server/iiif/4992d07e-c851-41b1-bc91-3eac5fce89de/manifest
BO0624_87526,"Katalog von Gemälden älterer Meister aus den Sammlungen der Herren Rentner J. Brade zu Wiesbaden, Justizrath Rudolf Wagner, zu Landau u.A.: Versteigerung zu Köln den 25. und 26. October 1897 bei J. M. Heberle (H. Lempertz' Söhne)",https://historica.unibo.it/handle/20.500.14008/93799,https://historica.unibo.it/server/iiif/49d1afd9-365c-4e17-9088-b77a613e1266/manifest
BO0624_88799,"Sammlung Theodor E. Simon, Berlin: chinesische Kunstgegenstände verzeichnet von L. Reidemeister: Gemälde, Möbel und Europäische Porzellane des 18. Jahrhunderts Verzeichnet von C. F. Foerster: Versteigerung: Dienstag, den 5. November 1929",https://historica.unibo.it/handle/20.500.14008/94715,https://historica.unibo.it/server/iiif/49db01ac-c869-4aa8-a18d-b4a6d2d1bde5/manifest
BO0624_83693,"Catalogue de tableaux modernes parmi lesquels 69 oeuvres de Monticelli et autres de Garnier, Melin, Palizzi, Veyrassat, Xavier de Cock et Ziem formant la collection de monsieur D: mercredi 19 juin 1901",https://historica.unibo.it/handle/20.500.14008/93270,https://historica.unibo.it/server/iiif/4a019d79-8f53-49f5-9db1-e191df8a742d/manifest
BO0624_88640,"Sammlung Leo Lewin, Breslau: Deutsche und Französische Meister des 19. Jahrhunderts: Gemälde, Plastik, Zeichnungen",https://historica.unibo.it/handle/20.500.14008/94578,https://historica.unibo.it/server/iiif/4a14d31f-2e64-4dc1-bc1b-c6d0304b8c17/manifest
BO0624_83961,"Catalogue des tableaux anciens et modernes par Ph. De Champaigne, David, Demachy, Alfred De Dreux, Fragonard, Galland ... oeuvres importantes et remarquables de John-Lewis Brown, gravures anciennes, objets d'art & d'ameublement ...: Hotel Drouot, le jeudi 1 avril 1909",https://historica.unibo.it/handle/20.500.14008/93405,https://historica.unibo.it/server/iiif/4a2309bf-1d3e-4c11-8655-a25ba77e31b4/manifest
BO0624_83971,"Catalogue des objets d'art et d'ameublement faiences françaises, porcelaines de la Chine, de la Saxe, de Sevres ... tableaux anciens et modernes ..: Hotel Drouot, du lundi 10 mai au samedi 15 mai 1909",https://historica.unibo.it/handle/20.500.14008/93413,https://historica.unibo.it/server/iiif/4a465be5-b673-45e4-b296-35aeea5b9c8a/manifest
BO0624_65731,"Collection Eugène Bureau, d'Anvers: tapisseries, bronzes, argenterie, meubles, cuirs, porcelaines: la vente aux enchères publiques aura lieu les 5 et 6 avril 1927",https://historica.unibo.it/handle/20.500.14008/93102,https://historica.unibo.it/server/iiif/4a6d16b0-e9ed-4907-963a-a5a1aab76e99/manifest
BO0624_84157,"Galerie Steengracht: *Catalogue des Tableaux Anciens, Ècole hollandaise du 17. siècle, école flamande du 17. siècle, dont la vente aux enchères publiques, après décès du Jonkheer H.A. Steengracht van Duivenvoorde ... aura lieu a Paris, Galerie Georges Petit ... le lundi 9 juin 1913",https://historica.unibo.it/handle/20.500.14008/93550,https://historica.unibo.it/server/iiif/4aad7621-913d-4aeb-bd68-234025a97d2b/manifest
BO0624_88587,"Meisterwerke der malerei deutsche und franzosische Schule des 19. und 20. Jahrhunderts: Privatgalerie Nenrich Noll, Heidelberg und anderer Besitz: Versteigerung...den 9 Marz 1926.",https://historica.unibo.it/handle/20.500.14008/94538,https://historica.unibo.it/server/iiif/4afdb1a3-7b7c-4973-8957-75763a96f594/manifest
BO0624_44434,Exhibition sale of rare Stuart relics antique embroidery brocades and other curios: a large collection of early english samplers,https://historica.unibo.it/handle/20.500.14008/92675,https://historica.unibo.it/server/iiif/4b182feb-785b-442b-b53e-4a1a548725b0/manifest
BO0624_88385,"Sammlung Walter Carl Frankfurt am Main: Mittelalterliche Skulpuren aus Holz, Ton, Stein und Bronze mit besonderer Betonung der früheren Epochen, Negerplastiken, ostasiatische Bronzen: Süddeutscher Museumbesitz: Kunstgewerbliche Arbeiten in Metall, Glas, Stein, Porzellane, Fayencen, Möbel, Waffen, Textilien, Holzskulpturen: Versteigerung ... den 10. Juli 1919",https://historica.unibo.it/handle/20.500.14008/94379,https://historica.unibo.it/server/iiif/4b6846e9-ada2-426f-948a-a5e438d1f44a/manifest
BO0624_87831,"Antiquitäten und Kunstgegenstände dabei Kriegs- und Jagdwaffen, Keramiken, Gotische Möbel, chinesische und japanische Kunst-Gegenstände etc. sowie Ölgemalde alter und neuerer meister aus Hochadeligem und anderem Privatbesitze.: Auktion in München in der galerie Helbing...den 4. Februar 1908",https://historica.unibo.it/handle/20.500.14008/94000,https://historica.unibo.it/server/iiif/4b727d73-32fa-4996-aacb-eb539f605a4e/manifest
BO0624_87776,Katalog der Nachgelassenen Sammlung Gemälde alter Meister des zu Coburg verstorbenen Herrn Carl Gossmann: Versteigerung zu Köln a. Rh. ... den 26. und ... den 27. November 1906 ... bei J. M. Heberle (H. Lempertz' Söhne) ...,https://historica.unibo.it/handle/20.500.14008/93955,https://historica.unibo.it/server/iiif/4b98de2b-aae3-4d7a-a483-28f9c125a6c9/manifest
BO0624_87790,"Katalog von Gemälden alter und neuzeitiger Meister, Gerahmten Kupferstichen, Handzeichnungen etc. aus dem Nachlasse des verstorb. Rentners Herrn A. Brupbacher Zürich und aus anderem Besitz: Versteigerung zu Köln a. Rh. ... den 25. und ... den 26. Februar 1907 ... bei J. M. Heberle (H. Lempertz's Söhne) ...",https://historica.unibo.it/handle/20.500.14008/93966,https://historica.unibo.it/server/iiif/4bdc503e-5497-42be-ba22-01ccdbd6ce15/manifest
BO0624_87377,"Catalog ausgewahlter Kunstsachen, Einrichtungs- und Ausstattungs-Gegenstande aus der Sammlung Ihrer Durchlaucht der Furstin Marie Leopold Grassalkowits von Gyavak: Sculpturen, japanische und chinesische Porzellane ...: Versteigerung zu Koln, den 24",https://historica.unibo.it/handle/20.500.14008/93701,https://historica.unibo.it/server/iiif/4bf4239f-2e71-4a90-b910-16e4dd0a0ffe/manifest
BO0624_84060,"Catalogue des tableaux, pastels & dessins par Jules Breton, composant son atelier: vendredi 2 et samedi 3 juin 1911",https://historica.unibo.it/handle/20.500.14008/93474,https://historica.unibo.it/server/iiif/4c200c49-8576-41db-a1d4-f8a3c4fb1cc3/manifest
BO0624_6249,"Italian, Dutch and Flemish XV-XVII century paintings: portraits and genre subjects by English, French and German masters: part IV of the Achillito Chiesa collection",https://historica.unibo.it/handle/20.500.14008/93067,https://historica.unibo.it/server/iiif/4c24556a-6ed0-4078-8d66-e10e232dce22/manifest
BO0624_83915,"Catalogue des tableaux anciens, pastel, dessins, principalment de l'École française, importante composition par Carle van Loo ""Bethsabée sortant du bain"", meubles anciens ... le tout appartenant à M. J. ...: Hotel Drouot, salle n. 6, le mardi 4 février 1908",https://historica.unibo.it/handle/20.500.14008/93377,https://historica.unibo.it/server/iiif/4c25bddc-7b68-4651-96f0-77ca1349ef0b/manifest
BO0624_83791,"Catalogue des objets d'art du 18. siècle, tableaux anciens, gouaches, dessins, aquarelles par Boilly ... anciennes porcelaines de Sèvres, Saxe , et autres ...: vendredi 12 mai 1905",https://historica.unibo.it/handle/20.500.14008/93294,https://historica.unibo.it/server/iiif/4c324a20-1903-405e-b3fd-be13b680a3b5/manifest
BO0624_88249,"Verzeichnis über Gemälde älterer und moderner Meister, Studien und Kunstblätter dabei aus dem Nachlä eines Frankfurter Künstlers: Antiquitäten, Kunstgegenstände Ostasiatische Kunst u. And. aus Privatbesitz wegen Räumung einer Villa: Versteigerung Dienstag und Mittwoch den 30. u. 31. Mai 1916 ...",https://historica.unibo.it/handle/20.500.14008/94280,https://historica.unibo.it/server/iiif/4c3432cf-262e-446a-8566-bd4f7b323125/manifest
BO0624_84108,"Catalogue des objets d'art et d'ameublement du 18. siècle: anciennes porcelaines de Chine, Saxe, Sèvres, etc., objets de vitrine, porcelaines montèes en bronze, sculptures, bronzes d'ameublement, meubles anciens, important meuble d'entre deux ornè de plaques de Sèvres par J.-H. Riesener, ameublement de salon en ancienne tapisserie de la manufacture royale de Beauvais, etc., composant la collection de M.me la Baronne S. de Gunzburg: Paris, Galerie Georges Petit, le Vendredi 17 mai 1912",https://historica.unibo.it/handle/20.500.14008/93512,https://historica.unibo.it/server/iiif/4c349b2c-cd38-4216-b150-2cd56c7b6ec7/manifest
BO0624_88759,"Aus Berliner und Hamburger Sammlerbesitz: Antikes und Modernes Mobiliar, Antikes Kunstgewerbe, Gemälde, Alter u. neuer Meister, Bücher: Versteigerung: Dienstag, den 26. März",https://historica.unibo.it/handle/20.500.14008/94679,https://historica.unibo.it/server/iiif/4c3f2cfb-629c-4f22-90c3-4c07253a6200/manifest
BO0624_88020,"Katalog der Gemälde-Sammlung Dr. Rittmann-Urech, Basel nebst einem Anhang aus anderem Besitz: Versteigerung zu Cöln ... den 30. April 1912",https://historica.unibo.it/handle/20.500.14008/94120,https://historica.unibo.it/server/iiif/4c6eef6a-bebf-47e3-b458-4ad0d91a71b7/manifest
BO0624_83746,"Catalogue des tableaux anciens, oeuvres remarquables de Paris Bordone, Bronzino, Canaletto, Drouais ... tableaux modernes ... objets d'art et d'ameublement ... dont la vente par suite du décès de S.A.I. M.me la Princesse Mathilde aura lieu à Paris ... du mardi 17 au samedi 21 mai 1904 ...",https://historica.unibo.it/handle/20.500.14008/92839,https://historica.unibo.it/server/iiif/4c96aea4-b01f-4995-add0-d8227bee2f2f/manifest
BO0624_83813,"Catalogue de tableaux anciens, oeuvres remarquables de F.-H. Drouais ... composant la collection D'Hautpoul: jeudi 29 juin 1905",https://historica.unibo.it/handle/20.500.14008/93308,https://historica.unibo.it/server/iiif/4cabb32f-6021-494f-ae9d-6366a8498b3b/manifest
BO0624_84278,"Collection Lehmann. Vol. 4: Catalogue des antiquités égyptiennes, grecques, romaines ... monnaies ...: jeudi 11 juin 1925",https://historica.unibo.it/handle/20.500.14008/93648,https://historica.unibo.it/server/iiif/4cb46e60-f496-484b-848a-764d3fcc8874/manifest
BO0624_87816,"Gemälde alter Meister: Zwangsweiser Verkauf auf Grund der Verfügung des Kgl. Landgerichtes 2., Berlin ... Mit 22 Abbildungen ... Versteigerung ... den 29. Oktober 1907",https://historica.unibo.it/handle/20.500.14008/93985,https://historica.unibo.it/server/iiif/4cf364c3-172f-4dee-b9af-991a82ebefc8/manifest
BO0624_88529,Sammlung französischer Impressionisten und deutsche Meister des 19. und 20. Jahrhunderts aus deutschem Museumbesitz ... mit 25 Tafeln Abbildungen [Versteigerung ... 12. Februar 1924],https://historica.unibo.it/handle/20.500.14008/94503,https://historica.unibo.it/server/iiif/4cf56bf9-b1b7-4e5c-8b04-7a49c7199b3f/manifest
BO0624_88174,"Gemälde alter Meister und Antiquitäten: Austellung ... Versteigerung, Dienstag, den 20. Januar 1914 und Mittwoch, den 21. Januar 1914",https://historica.unibo.it/handle/20.500.14008/94229,https://historica.unibo.it/server/iiif/4d178402-754a-428e-b995-b5e88a90f44e/manifest
BO0624_81777,"Catalogo n. 70: Galleria di quadri antichi appartenuta al barone Valdemar Lassatovitch di Venezia, e quadri, bronzi, porcellane, maioliche ... d'altra proprietà in vendita al pubblico incanto",https://historica.unibo.it/handle/20.500.14008/92718,https://historica.unibo.it/server/iiif/4d2dbed3-204a-46fa-bd2f-60cc10d98d9f/manifest
BO0624_87970,"Verzeichnis der Gemälde älterer und moderner Meister Antiquitäten und Kunstsachen in Glas, Porzellan, Fayence, Metall, Holz etc.: Mobeln. Biedermeier-Zimmer u. dgl. aus hiesigem und auswartigem Privatbesitz: Versteigerung Dienstag und Mittwoch, den 26. und 27. September 1911",https://historica.unibo.it/handle/20.500.14008/94090,https://historica.unibo.it/server/iiif/4d320f43-504f-41c6-ad52-c9e87e718740/manifest
BO0624_81790,"Catalogo n. 86: Raccolta B. Y. Pearson: quadri, bronzi, miniature, maioliche, mobili: aggiunti quadri e oggetti di altra proprietà. In vendita al pubblico incanto a Milano, Via Brera n. 3, Casa di vendite Luigi Battistelli",https://historica.unibo.it/handle/20.500.14008/92721,https://historica.unibo.it/server/iiif/4d833ce0-87a8-43df-a0ec-d735602db640/manifest
BO0624_87802,"Verzeichnis einer englischen Sammlung von Kupferstichen, Holzschnitten Radierungen, Schabkunstblättern und Oelgemälden: Versteigerung...den 1. Mai 1907",https://historica.unibo.it/handle/20.500.14008/93975,https://historica.unibo.it/server/iiif/4d95fe24-8198-4693-b84e-05a4384283db/manifest
BO0624_6125,"Catalogo della collezione Canadelli di Milano: quadri antichi di celebri autori, maioliche, porcellane, argenteria, vetri, mobili, merletti, miniature, oggetti da vetrina: la vendita al pubblico incanto avrà luogo a cura della Impresa di vendite in Milano di A. Genolini, Milano, ...: esposizione pubblica sabato 13 e domenica 14 febbraio 1897",https://historica.unibo.it/handle/20.500.14008/93043,https://historica.unibo.it/server/iiif/4da448ba-53fa-4c3e-94f4-aec84c95ec29/manifest
BO0624_87664,"Katalog ausgewählter und vorzüglicher Gemälde älterer und neuerer Meister, Aquarelle und Handzeichnungen, gerahmter Kupferstiche ...: Versteigerung zu Köln den 5.-7. October 1903",https://historica.unibo.it/handle/20.500.14008/93871,https://historica.unibo.it/server/iiif/4da52ce2-90ed-4e21-a0a6-3b7e3a8ae3d5/manifest
BO0624_81800,"Catalogo delle pregevoli raccolte di oggetti d'arte antichi e moderni appartenute al defunto Pasquale Janniello, ed altro distinto collezionista",https://historica.unibo.it/handle/20.500.14008/92778,https://historica.unibo.it/server/iiif/4e8d6e08-ef61-48ac-b5f2-dbe0f36212f5/manifest
BO0624_84041,"Catalogue des tableaux modernes par Brown (J.-L.), Cazin, Chaplin, Chintreuil, Corot, Courbet, Daubigny, Diaz, Fromentin ... composant la collection de feu M. J.-J. C...: vendredi 31 mars 1911",https://historica.unibo.it/handle/20.500.14008/93459,https://historica.unibo.it/server/iiif/4ebd827f-871e-464b-b272-2130429ecdbc/manifest
BO0624_83963,"Catalogue des objets d'art et d'ameublement, porcelaines de Chine et de Saxe ... gravures anciennes, tableaux, dessins, aquarelles ... après décès de M. H.E. Perrins: le mercredi 21 et jeudi 22 avril 1909",https://historica.unibo.it/handle/20.500.14008/93407,https://historica.unibo.it/server/iiif/4ec62b54-3a69-4675-b260-beb8ea5fd366/manifest
BO0624_88340,"Ölgemälde moderner Meister: Nachlässe Geh.-Rat Prof. Dr. Othmar Ritter von Angerer, exz., München: Gottfried Leonhard Daube, Frankfurt a. M. und aus anderem Besitz: Auktion in München in der Galerie Helbing ... den 2. Juli 1918",https://historica.unibo.it/handle/20.500.14008/94346,https://historica.unibo.it/server/iiif/4ede4aa9-becb-4dc7-902f-a547e6518acd/manifest
BO0624_88050,"Kollektion des Herrn Adolf Klein Frankfurt a. M. enthaltend Gemälde ... sowie die Sammlung Deutschen Fayencen des Herrn W.K., Frankfurt a. M.: Versteigerung ... den 6.-8. November 1912 ... Frankfurt am Main",https://historica.unibo.it/handle/20.500.14008/94137,https://historica.unibo.it/server/iiif/4f1bc8f4-025a-4477-9c92-81c30dbbc316/manifest
BO0624_84247,"Catalogue des objets d'art et d'ameublement du XVIII siècle, tableaux & dessins anciens par ou attribués à F. Boucher, J.-L. de Marne ... sièges et meubles ... tapisseries anciennes ... le tout appartenant à Monsieur X ...: la vente aura lieu à Paris ... le samedi 4 juin 1921 ...",https://historica.unibo.it/handle/20.500.14008/93623,https://historica.unibo.it/server/iiif/4f2fd499-505c-4d30-9471-36ce68fe4471/manifest
BO0624_84066,Catalogue des objets d'art ... objets de vitrine ...: mercredi 14 juin 1911,https://historica.unibo.it/handle/20.500.14008/93478,https://historica.unibo.it/server/iiif/4fbf9290-7a1a-402b-b68d-bc7dfa4c2807/manifest
BO0624_88676,"Gemälde und Kunstgegenstände aus den Sammlungen Freiherr von Gemmingen, professor Voss und anderem privatbesitz, Gotische Kaseln aus Deutschem Fürstenbesitz: Versteigerung: Mittwoch, den 23. November 1927 ... bei Paul Cassirer, Berlin",https://historica.unibo.it/handle/20.500.14008/94607,https://historica.unibo.it/server/iiif/4fd690b3-0e73-40e8-a9f1-c3e0b75de6f2/manifest
BO0624_83880,"Catalogue des objets d'art & d'ameublement ... tableaux anciens, gravures anciens des Écoles Française et Anglaise du XVIIIe siècle ...: Le Lundi 18 et Mardi 19 ... les Mercredi 20 et Jeudi 21 Mars 1907",https://historica.unibo.it/handle/20.500.14008/93350,https://historica.unibo.it/server/iiif/50155569-c45e-41e1-9c29-5c2b43ef9d5b/manifest
BO0624_87412,Katalog der nachgelassenen Gemäldesammlung des Doctor Mergenbaum in Burtscheid-Aachen die nebst einer Sammlung von Antiquitaten ... Versteigerung zu Bonn am 9. und 10. Januar 1890 ... durch M. Lempertz Antiquariat (P. Hanstein) ...,https://historica.unibo.it/handle/20.500.14008/93728,https://historica.unibo.it/server/iiif/502d0097-d5a3-49fc-ab1d-a38cd9c5c816/manifest
BO0624_81828,"Catalogue de la collection de M. le Comm. Gius. Cavalieri, Ferrare: objets d'art et de haute curiosité, tableaux et dessins de maîtres anciens",https://historica.unibo.it/handle/20.500.14008/92746,https://historica.unibo.it/server/iiif/50544b03-072f-4582-95cb-7e1f0a29aa47/manifest
BO0624_81802,Catalogo della vendita della collezione del baritono cav. Massimo Scaramella di Padova che avrà luogo in Milano ... dal giorno 12 al 21 giugno 1911 ... diretta dal perito C. Tizzoni di Roma,https://historica.unibo.it/handle/20.500.14008/92774,https://historica.unibo.it/server/iiif/50554f25-6627-4b2f-86e0-4f971973ef18/manifest
BO0624_83758,"Catalogue des tableaux anciens: oeuvres remarquables de G. Bellini, Ch. Coypel, L. Cranach, A. Cuyp, D. Hals, Mierevelt, F. Mieris, A. Moro, Murillo, G. Netscher ... tableaux modernes ... objets d'art et d'ameublement ... provenant de la collection de feu Madame la Baronne de H: Paris ... le vendredi 17 juin 1904 ...",https://historica.unibo.it/handle/20.500.14008/93272,https://historica.unibo.it/server/iiif/506816ad-57a5-4a52-8206-5bd20e07799e/manifest
BO0624_84059,"Catalogue d'un important mobilier ancien et moderne, tableaux, dessins, aquarelles, pastel ...: mardi 30 mai ... samedi 3 juin 1911",https://historica.unibo.it/handle/20.500.14008/93473,https://historica.unibo.it/server/iiif/509933d3-0b96-4cc0-9e0a-1e06455b9914/manifest
BO0624_88725,"Antiquitäten, Keramik, Metallarbeiten, Zinn, Möbel, Ostasiatica, Plastik, alte Gemälde, Teppiche, Einrichtungsgegenstände aus verschiedenem Besitz. Versteigerung: München, 19-20 Juli 1927",https://historica.unibo.it/handle/20.500.14008/94652,https://historica.unibo.it/server/iiif/50ba779a-ee63-4144-8b65-fe1366b0fc15/manifest
BO0624_88236,Verzeichnis der Gemälde erster älter und moderner Meister: Sammlung des Herrn W. F. in W.: Versteigerung Frankfurt am Main ... den 14. Dezember 1915 ...,https://historica.unibo.it/handle/20.500.14008/94269,https://historica.unibo.it/server/iiif/50c54c75-fac6-4731-9a91-6a1d18462170/manifest
BO0624_87550,"Katalog der ausgewählten und reichhaltigen Gemälde-Sammlung des am. 7. Februar 1898 zu Köln verstorbenen herrn rentners Heinrich Lempertz senior bis zum jahre 1873 inhaber der firma J. M. Heberle: vorzügliche Gemälde aller schulen des 14.-19. jahrhunderts, dabei eine reihe sehr interessanter portraits: versteigerung zu Köln montag den 17. und dienstag den 18. october 1898 erbtheilungshalber durch den Königlichen notar Herrn Krings zu Köln unter der Leitung von Heinr. Lempertz jr. i. fa. J. M. Heberle (H. Lempertz' Söhne)",https://historica.unibo.it/handle/20.500.14008/93811,https://historica.unibo.it/server/iiif/50c6143e-152c-4b0d-927a-12abaf62385d/manifest
BO0624_84111,"Catalogue des objets d'art et d'ameublement, porcelaines de la Chine, du Japon et de Vincennes ...: tableaux anciens ... provenant de la collection de feu M. Demachy et dont la vente aura lieu a Paris ... le vendredi 24 mai 1912",https://historica.unibo.it/handle/20.500.14008/93515,https://historica.unibo.it/server/iiif/50f4ae07-52a1-4b27-bf52-1b004f6e7da9/manifest
BO0624_88202,"Verzeichnis der Gemälde und Kunstblätter, Farbstiche und Schwarzdrucke etc. moderner und älterer Meister: Antiquitäten und kunstgewerbliche Gegenstände in Zinn, Porzellan ... aus dem Nachlass eines Grossindustriellen, aus hiesigem und auswärtigem Privatbesitz: Versteigerung ... den 28 u. 29 April 1914 ...",https://historica.unibo.it/handle/20.500.14008/94246,https://historica.unibo.it/server/iiif/50fbacfc-5182-4427-b55e-51a21b7efca2/manifest
BO0624_5508,"Catalogo di tutti gli oggetti e marmi d'arte antichi e moderni appartenenti all'eredità del fu cav. Gaetano Andreoli e della nobil donna contessa Mezzacapo nonchè alla divisione ereditaria dei signori marchesi P ...: quadri antichi e moderni, mobili, bronzi, maioliche, porcellane, marmi, argenti, miniature, stoffe ed arazzi: le vendite avranno luogo in Roma nella casa di vendite della Galleria G. Giacomini ...",https://historica.unibo.it/handle/20.500.14008/93008,https://historica.unibo.it/server/iiif/511f2e18-cc37-43f8-ac3b-5893bb327cc1/manifest
BO0624_88682,"Gemalde neuerer Meister Nachlass Professor Ernst Koerner Beitrage aus Einer wiener Sammlung und anderer Privatbesitz: Versteigerung: Dienstag, den 6 Dezember 1927",https://historica.unibo.it/handle/20.500.14008/94612,https://historica.unibo.it/server/iiif/51d5e762-a065-4e92-b1a5-adf0b05246c2/manifest
BO0624_84048,"Catalogue des antiquités, vases peints, terres cuites, marbres ... objets d'art ... composant la collection théatrale de M. Jules Sambon",https://historica.unibo.it/handle/20.500.14008/93463,https://historica.unibo.it/server/iiif/5251b18d-2093-4508-a83f-2d916925679a/manifest
BO0624_88790,"Sammlung L. M. Berlin: Möbel des 15. bis 19. Jahrhunderts, Holzskulpturen, Wachsbossierungen und andere Arbeiten der Plastik aus dem 13. bis 18. Jahrhundert, Lackarbeiten, Schiffsmodelle, Puppentheater, Puppenzimmer, Knüpfteppiche, Gobelins, Samte, Seidenstoffe, Stickereien, Gemälde alter Meister; Sammlung A. B. Berlin, europäisches Porzellan, Figuren, Gruppen u. Geschirr, Beiträge aus anderem Privatbesitz; Sammlung Albert Willner Berlin, japanische Holzschnitte. Versteigerung: Berlin, den 15. Oktober 1929 ... den 16. Oktober 1929, den. 17. Oktober 1929",https://historica.unibo.it/handle/20.500.14008/94709,https://historica.unibo.it/server/iiif/5277f391-8227-4e3d-8609-852c55cca7ff/manifest
BO0624_84056,"Catalogue des tableaux anciens et modernes par ou attribués à Backhuysen, Bianchi De Ferrare, Canaletto, Carel Du Jardin, De La Fosse, Goya, Haeckart, Lawrence, Pinturicchio ...: samedi 27 mai 1911",https://historica.unibo.it/handle/20.500.14008/93470,https://historica.unibo.it/server/iiif/528c6734-5cc5-493d-84f2-b29461075677/manifest
BO0624_83879,"Collections de M. Edouard Chappey: Tome I: Catalogue des objets d'art et d'ameublement, anciennes porcelaine des Sèvres, pate tendre de Saxe, De Chine ... dépendant des Collections de M. Edouard Chappey (première vente): Les Lundi 11, Mardi 12, Mercredi 13, Jeudi 14 et Vendredi 15 mars 1907",https://historica.unibo.it/handle/20.500.14008/93349,https://historica.unibo.it/server/iiif/5294e8d3-9b64-4866-9919-cd26d48cdd49/manifest
BO0624_87800,Katalog von Antiquitäten Kunst-und Einrichtungs-Gegenständen ... aus dem Nachlasse des verstorbenen Herrn Kgl. Professors und Historienmalers Joseph Flüggen München. Auktion in München in der Galerie Helbing ... den 29. und ... den 30. April 1907,https://historica.unibo.it/handle/20.500.14008/93973,https://historica.unibo.it/server/iiif/52cf1424-ef02-46e9-adea-05a2ffcaa4b5/manifest
BO0624_87667,"Rudolph Lepke's Kunst-Auctions-Haus giebt sich die ehre, zu ... den 1. November u. ... den 2. November ... staffinfdenden Ausstellung ... hervirragenden Kunstwerken aus dem Nachlasse des Herrn Baron von Korff ergebenst einzuladen",https://historica.unibo.it/handle/20.500.14008/93874,https://historica.unibo.it/server/iiif/5303c73d-4ae2-4184-8be6-02ba5e459564/manifest
BO0624_81838,"Catalogo di oggetti antichi d'arte e d'ammobiliamento, bronzi, argenti, ... vendita all'asta nei giorni 10,11,12,13 e 14 dicembre 1917 a ore 14 in Lucca ...",https://historica.unibo.it/handle/20.500.14008/92871,https://historica.unibo.it/server/iiif/5317afbd-35ed-4a14-80f2-621d4cf375a8/manifest
BO0624_87784,Katalog von Gemälden alter und neuzeitiger Meister aus verschiedenem Besitz: Versteigerung zu Köln a. Rh. ... den 17. ... den 18. und ... den 19. Dezember 1906 ... bei J. M. Heberle (H. Lempertz' Söhne) ...,https://historica.unibo.it/handle/20.500.14008/93961,https://historica.unibo.it/server/iiif/531c94a5-f225-4ad0-9af4-ac168d746811/manifest
BO0624_88580,Gemälde alter Meister des 15. bis 18. Jahrhunderts: Sammlung Professor Dr. Wedewer Wiesbaden [gestorben] 1. Teil sowie eine geringe Anzahl von Gemälden aus anderem Privatbesitz: mit 12 Lichtdrucktafeln: ... Versteigerung ... 25. November 1925,https://historica.unibo.it/handle/20.500.14008/94533,https://historica.unibo.it/server/iiif/532f4c38-2ef0-4424-a1be-84c2f4050457/manifest
BO0624_83825,"Catalogue des tableaux anciens et modernes, oeuvres de Bakhuysen, Van Balen ... dessins, gouaches, gravures, composant la collection de feu M. Delassue ...: vendredi 22 décembre 1905",https://historica.unibo.it/handle/20.500.14008/93317,https://historica.unibo.it/server/iiif/5334b7a5-e538-48fe-9aa5-222c12f1f149/manifest
BO0624_81887,Vendita all'asta della collezione d'arte antica e moderna Blanche Campiche Werner ... affidata alla Galleria Warowland: esposizione giovedì 30 maggio ... vendita ... 3 giugno ... 8 giugno,https://historica.unibo.it/handle/20.500.14008/92940,https://historica.unibo.it/server/iiif/534547e5-5bdb-41b4-bcc9-a560638f8574/manifest
BO0624_83917,"Catalogue des tableaux anciens, dessins, gouaches, gravures, miniatures ... et des objets d'art et de curiosité ... meuble anciens ...: le vendredi 13 et samedi 14 mars 1908",https://historica.unibo.it/handle/20.500.14008/93379,https://historica.unibo.it/server/iiif/5356f3ee-d650-4be3-9b93-88e5dd339229/manifest
BO0624_87440,"Katalog der Gemälde-Sammlungen aus dem Nachlasse des Herrn Freiherrn Max August von Welden-Grossalaupheim auf Schloss Hürbel, des Herrn Ivan von Kukulievic aliter Bassany de Sacci ... sowie der Künstlerische Nachlass des Herrn Landschaftmalers Adolf Rosenthal zu München und Anderer Versteigerung zu München ... den 29. November und folgende Tage unter Leitung des Herrn Carl Maurer gerichtlich verpflichteter Kunstexpert in München",https://historica.unibo.it/handle/20.500.14008/93746,https://historica.unibo.it/server/iiif/536a3a0b-e789-4f25-a307-5d358f4676d7/manifest
BO0624_87814,"Verzeichnis der Ölgemälde und Kunstblätter älterer und moderner Meister. Antiquitäten und Kunstgegenstände in Elfenbein, Porzellan, Fayence...aus hiesigem und auswärtigem Privatbesitz. Versteigerung in Frankfurt am Main...den 22 bis 24 Oktober 1907",https://historica.unibo.it/handle/20.500.14008/93983,https://historica.unibo.it/server/iiif/53780a29-ae90-40c6-9740-ca2102f8b3f0/manifest
BO0624_87619,Katalog der Innen-Austattung des von Wespien'sche Patrizieshauses zu Aachen: Versteigerung zu Aachen den 9. October 1901 ... erbtheilungshalber im Auftrage der Erben Commerzienrath Ed. van Gülpen durch J. M. Heberle (H. Lempertz' Söhne) in Köln: Besichtung ... den 5. bis ... den 8. October 1901 ...,https://historica.unibo.it/handle/20.500.14008/93847,https://historica.unibo.it/server/iiif/53932500-c782-4330-8c9a-c92689c15095/manifest
BO0624_84058,"Catalogue des tableaux anciens, oeuvres de L.L. Boilly, J.B. Chardin, J. Constable ...: aquarelles, dessins, pastels, gouaches, miniatures, oeuvres de F. Boucher, M. Clodion, N. Cochin ...: sculptures par Allegrain, Clodion, Couasnon ...: objets d'art & d'ameublement ... composant la collection de M. Pierre Decourcelle: lundi 29 et mardi 30 mai 1911",https://historica.unibo.it/handle/20.500.14008/93472,https://historica.unibo.it/server/iiif/53c1b401-9837-4a73-bcdf-4f1a6c844706/manifest
BO0624_87774,"Auktions-Katalog Kunstsammlungen des verwigten Herrn Kammersänger Eugen Gura, München: Abteilung 1.: Oelgemälde meist moderner Meister, Handzeichnungen und Aquarelle meist moderner Meister, Antiquitäten und Kunstgegenstände: Auktion in München ... den 19. November 1906 ... unter Leitung des Kunsthändlers ... Hugo Helbing",https://historica.unibo.it/handle/20.500.14008/93954,https://historica.unibo.it/server/iiif/53c92cb4-3fb8-4ba4-a7d0-f95fa3ed1b98/manifest
BO0624_83913,"Catalogue de tableaux par Corot, Bonvin, Dutilleux, Jongkind, Lépine, etc. aquarelles, pastels et dessins par Corot, Delacroix, Millet, Troyon, etc. composant la collection de M. Alfred Robaut: Hotel Drouot, le mercredi 18 décembre 1907",https://historica.unibo.it/handle/20.500.14008/93376,https://historica.unibo.it/server/iiif/53cdcd16-fa13-428e-90fa-269f51f01187/manifest
BO0624_83954,"Catalogue des tableaux, pastels, dessins et objets d'art des écoles anglaise, espagnole, flamande, française, hollandaise et italienne ...: Hotel Drouot, le mardi 2 mars 1909",https://historica.unibo.it/handle/20.500.14008/93402,https://historica.unibo.it/server/iiif/53e304c4-9ac3-4032-b714-f70f93a1b68d/manifest
BO0624_88229,"Verzeichnis der Sammlung vorzuglicher Gemalde: aus dem Besitze einer Schweizer Familie welche im Auftrag des Herrn Dr. K ..., Zurich: dienstag den 5. Oktober 1915, vormittags 10 Uhr in Frankfurt a. M., Neue Borse unter Leitung von Rudolf Bangel",https://historica.unibo.it/handle/20.500.14008/94262,https://historica.unibo.it/server/iiif/544586d0-6c64-486d-b335-2e831b3503f7/manifest
BO0624_84290,"Catalogue des tableaux anciens par L. Boilly, S. Bourdon, F. Casanova, H.-P. Danloux, J. Heinsius, M.lle V. Lemoine, J.-B. Leprince, etc. oeuvres importante d'Hubert Robert ...: lundi 6 et mardi 7 décembre 1926",https://historica.unibo.it/handle/20.500.14008/93654,https://historica.unibo.it/server/iiif/545bdcc9-c244-4e69-95a3-a844b0ffb31c/manifest
BO0624_84327,"Catalogue des tableaux modernes par Bellangé, Bonington, Chaplin, ... aquarelles, pastels & dessins par Boudin, Daumier, ... ½vres importantes par Boudin, Courbet, ... tableaux anciens par Ph. Caresme, ... provenant de la collection de M. Gustave Cahen: vendredi 24 mai 1929",https://historica.unibo.it/handle/20.500.14008/93678,https://historica.unibo.it/server/iiif/545efa1a-24e5-4d0c-bdaf-75881ae7ff4f/manifest
BO0624_87754,"Katalog der Gemälde-Sammlung, 2. Teil des Herrn J. S. Forbes, Chelsea, London: Versteigerung am Dienstag, den 20. März 1906",https://historica.unibo.it/handle/20.500.14008/93940,https://historica.unibo.it/server/iiif/54629167-0f7e-48b0-980f-d73bd51ae84c/manifest
BO0624_88688,"Ölgemälde, Aquarelle und Handzeichnungen moderner Meister aus mitteldeutschem Museumbesitze und aus Nord u. Suddeutschem Besitz. Auktion: München, 28 Januar 1928",https://historica.unibo.it/handle/20.500.14008/94618,https://historica.unibo.it/server/iiif/547c7a4f-0cf8-49e6-8f3c-a60ae970fa5b/manifest
BO0624_84084,"Catalogue des tableaux anciens des écoles allemande, espagnole, flamande, française, hollandaise et italienne des 15., 16., 17. et 18. siècle, tableaux modernes par J. Bail ... composant la collection de M. Henri Haro ...: Le Jeudi 8 Février 1912",https://historica.unibo.it/handle/20.500.14008/93493,https://historica.unibo.it/server/iiif/547d4be2-c06c-44c7-9dd8-6db6aa73d62b/manifest
BO0624_84135,"Catalogue des tableaux, dessins miniatures et gravures principalement du 18. siècle par Louis et Jules Boilly, Fr. Boucher, J.-M. Moreau le jeune, Mallet ... par suite du décès de madame D. ...: Hotel Drouot, salle n. 10, le lundi 24 février 1913",https://historica.unibo.it/handle/20.500.14008/93534,https://historica.unibo.it/server/iiif/54d5e647-8e9b-4d7d-90e1-9c5c8c3faace/manifest
BO0624_84110,"Catalogue des objets d'art et de haute curiosité du Moyen age et de la Renaissance, ivoires, émaux, orfévrerie, pierres, bois sculptés, marbres ...: tableaux anciens, grands rétables peints, tapisseries composant la collection de feu monsieur Adolphe Singher ...: Paris, Hotel Drouot ... les lundi 20, mardi 21, mercredi 22 et jeudi 23 mai 1912",https://historica.unibo.it/handle/20.500.14008/93514,https://historica.unibo.it/server/iiif/54d8c92f-1253-4e22-92e9-53de7be8cd05/manifest
BO0624_88263,"Verzeichnis guter Gemälde aus dem 16. bis 19. Jahrhundert aus dem Besitz einer Schweizer Familie im Auftrag des Herrn L. R. in Zürich und für Rechnung der säumigen Steigerer: Versteigerung Frankfurt a. Main Oberlichtsaal Neue Börse, Dienstag, den 14. November 1916",https://historica.unibo.it/handle/20.500.14008/94291,https://historica.unibo.it/server/iiif/552b7bda-fbdd-45e2-a578-9da658c6c23e/manifest
BO0624_87531,"Katalog von vortrefflichen Gemälden neuerer Meister nebst einem Gemälde...Sammlungen: Rentner J.Brade zu Wiesbaden, C.Corter zu Gent, Bergwerksdirector Forst zu Köln, Rector von Krüchten zu Köln. Versteigerung zu Köln den 17. und 18. December 1897 bei J.M. Heberle (H. Lempertz'Söhne)",https://historica.unibo.it/handle/20.500.14008/93802,https://historica.unibo.it/server/iiif/554d534d-3521-4083-9a44-1ad33169c567/manifest
BO0624_81864,"Vendita all'asta di una pregevole raccolta di porcellane di varie epoche, quadri, miniature ed oggetti d'arte appartenenti a collezionisti esteri affidata alla Galleria Warowland: La vendita avrà luogo mercoledì 15 - giovedì 16 e venerdì 17 febbraio 1928",https://historica.unibo.it/handle/20.500.14008/92912,https://historica.unibo.it/server/iiif/55567dd3-8aa0-4a77-8394-5e244e452dbf/manifest
BO0624_88055,"Sammlung des verstorbenen geheimen Regierungsrats und früheren Direktors des Königl. Kupferstichkabinetts zu Berlin Friedrich Lippmann ...: Versteigerung Dienstag, den 26 November",https://historica.unibo.it/handle/20.500.14008/94141,https://historica.unibo.it/server/iiif/55837344-e31b-497f-bc0c-8fcf358a958d/manifest
BO0624_87856,"Gemälde älterer sowie moderner Meister u.a. aus dem Nachlass des Herrn J. Bamberger: Ausgrabungen, Antiquitäten Kunstgegenstände u. a. aus dem Nachlass des Herrn Heinrich Brofft, sowie hiesigem und auswärtigem Privatbesitz: Versteigerung Frankfurt a. M. ..., Dienstag u. Mittwoch, den 10. u. 11. November 1908",https://historica.unibo.it/handle/20.500.14008/94020,https://historica.unibo.it/server/iiif/55990db0-5493-4c58-8fe1-2bceddc35015/manifest
BO0624_50003,Catalogue des tableaux anciens de la collection de la maison patricienne Donati-Martini de Perugia et Lodi et de quelques succession néederlandaises: la vente aura lieu mardi 8 novembre 1898 ... à l'Hôtel de Brakke Grond à Amsterdam ...,https://historica.unibo.it/handle/20.500.14008/92691,https://historica.unibo.it/server/iiif/559a64e8-ec02-4de4-84ab-b549ed1c6cec/manifest
BO0624_50791,Catalogue des objets d'art et d'antiquité dépendant de la succession Eugène Baud et dont la vente aura lieu à Lausanne ... sous la direction de m. G. Sangiorgi de Rome: exposition du 10 au 29 aout,https://historica.unibo.it/handle/20.500.14008/92712,https://historica.unibo.it/server/iiif/559d9453-8943-4c73-ada0-5726482d6837/manifest
BO0624_88088,"Antiquitäten und Kunstgegenstände: Gemälde, Zeichnungen, Stiche, Württembergica, sowie viele Ridinger Stiche ... aus dem Besitz der Frl. H. in U... und Herrn S. in St... sowie aus verschiedenem Besitze: Versteigerung Stuttgart 1913 ... den 26. bis. ... den 28. Februar",https://historica.unibo.it/handle/20.500.14008/94164,https://historica.unibo.it/server/iiif/55bf0ae2-b7d9-4c36-85db-5385d6368c64/manifest
BO0624_81875,"Catalogo di quadri antichi e moderni, mobili, porcellane, tappeti e sopra mobili provenienti dalla eredità della marchesa Del Vasto ed altre aristocratiche famiglie",https://historica.unibo.it/handle/20.500.14008/92921,https://historica.unibo.it/server/iiif/55c0c9d1-aef6-4976-9242-82b461ec4ea3/manifest
BO0624_88403,Gemälde von Meister unserer Zeit: Berliner Privatsammlung und Einzelbeiträge aus verschiedenem Besitz: ... Versteigerung ... den 9. Dezember 1919,https://historica.unibo.it/handle/20.500.14008/94391,https://historica.unibo.it/server/iiif/55dbd3df-19ee-4df4-b61a-f30665e71b32/manifest
BO0624_87995,"Verzeichnis über Gemälde älterer u. moderner Meister, Antiquitäten, Kunstsachen: Arbeiten in Porzellan ...: Versteigerung, Dienstag und Mittwoch, den 12. u. 13. Dezember 1911, Frankfurt a. M.",https://historica.unibo.it/handle/20.500.14008/94105,https://historica.unibo.it/server/iiif/55dea70c-e697-4f51-837b-84601e3ce20b/manifest
BO0624_15269,"Catalogue des Bronzes de la Renaissance: statuettes, plaquettes, médailles a portraits, arts italien, français, flamand, allemand ...: Hotel Drouot, le mercredi 24 juin 1925",https://historica.unibo.it/handle/20.500.14008/92508,https://historica.unibo.it/server/iiif/55eb634b-5eed-40b8-b0df-267a85b0ec4e/manifest
BO0624_83884,"Catalogue I, meubles & siège anciens ... tableaux anciens ... livres ... II, Fauteuils recouverts en ancienne tapisserie d'Abusson, secrétaire et commode Louis XVI, tapisserie anciennes ... appartenant a divers: les vendredi 12 et samedi 13 avril 1907",https://historica.unibo.it/handle/20.500.14008/93354,https://historica.unibo.it/server/iiif/5604c92d-bb46-4b80-a92f-52f11c4fb4fb/manifest
BO0624_87594,Werthwolle Oel-Gemaelde älterer Meister und Sammlung von Kupferwerken und Kupferstichen aus dem Nachlasse der Ulrike von Levetzow: Anhang von Oelgemälden und Kupferstichen aus anderem Privatbesitz: Oeffentliche Versteigerung ... den 20. und ... den 22. November 1900 ... Rudolph Lepke's Kunst-Auctions- Haus,https://historica.unibo.it/handle/20.500.14008/93836,https://historica.unibo.it/server/iiif/562d6bb8-42a3-4c60-a96f-288761c7c5cf/manifest
BO0624_87499,"Katalog der reichhaltigen Gemalde-Sammlung des Herrn dr. Casimir Wurster, Strassburg i. E.: Gemalde von Meistern der deutschen, niederlandischen, vlamischen, franzosischen etc. Schulen 16.-19. Jahrhunderts, handzeichnungen, acquarelle, gerahmte, Kupferstiche: Versteigerung zu Koln a. Rh. den 15.-17. Juni 1896 ( bei J. M. Heberle (H. Lempertz' Sohne)",https://historica.unibo.it/handle/20.500.14008/93783,https://historica.unibo.it/server/iiif/56579a90-238a-4024-bf11-75bb8ad07411/manifest
BO0624_81807,"Catalogo n. 102: Pinacoteca e museo formati da un distinto collezionista toscano, comprendenti importantissimi quadri, bronzi, maioliche, armi, miniature, stoffe, oggetti d'arte, ecc. in vendita al pubblico incanto",https://historica.unibo.it/handle/20.500.14008/92728,https://historica.unibo.it/server/iiif/566b1b79-fb3c-40f7-9e27-1cb5def2e00d/manifest
BO0624_87769,"Oelgemälde alter Meister: Antiquitäten, Bibliothek ... dabei die Konkursmasse des Freiherrn von Cramm-Burgdorf: Grosse Sammlung japanischer und chinesischer kunstgewerblicher Erzeugnisse ...: Ausstellung: Sonntag, den 7. Oktober und Montag, den 8. Oktober 1906; Versteigerung: Dienstag, den 9. Oktober bis Sonnabend, 13. Oktober 1906",https://historica.unibo.it/handle/20.500.14008/93949,https://historica.unibo.it/server/iiif/5671d319-fb7e-4e3e-9cf7-ad9aacd0e637/manifest
BO0624_83861,"Catalogue de tableaux modernes par Rosa Bonheur, Juels Breton, Diaz ... composant la collection de M. Serge von Derwies: jeudi 15 novembre 1906",https://historica.unibo.it/handle/20.500.14008/93338,https://historica.unibo.it/server/iiif/5676da68-1a8a-41e3-ae9c-248b44945dd6/manifest
BO0624_88493,"Künstlerischer Nachlass Professor Adolf Schreyer. [Versteigerun: Frankfurt, 21 Febr. 1922",https://historica.unibo.it/handle/20.500.14008/94470,https://historica.unibo.it/server/iiif/567c6183-5ad0-412c-82ca-a50fe3428fb8/manifest
BO0624_5579,Catalogue de la vente de feu madame la Duchesse de Bevilacqua Grazia-La Masa qui aura lieu à Venise du 15 au 22 octobre 1900 au palais Pesaro (Canal Grande): se composant de tout le mobilier artistique de ses palais ...,https://historica.unibo.it/handle/20.500.14008/93012,https://historica.unibo.it/server/iiif/56861700-0bdf-4588-91fa-344255d67344/manifest
BO0624_81847,"Catalogo dei quadri antichi e moderni: Mobili, stoffe, bronzi, maioliche, porcellane, oggetti d'arte e tappeti persiani: Collezione già del Barone M.J.C. ed altre proprietà di cui avrà luogo la vendita al maggior offerente alla Galleria Geri",https://historica.unibo.it/handle/20.500.14008/92881,https://historica.unibo.it/server/iiif/5702f86f-501c-4fff-b293-0d5dc62db0e3/manifest
BO0624_87358,"Catalog der werthvollen und reichhaltigen sammlung von antiquitaten aller art, vorzugliche arbeiten des 15. und 16. jahrhunderts welche freitag den 10. november 1882 und folgende tage...",https://historica.unibo.it/handle/20.500.14008/93691,https://historica.unibo.it/server/iiif/57500810-c1ac-4a6b-8b8d-e862315d5902/manifest
BO0624_88224,"Verzeichnis der Gemälde, Antiquitäten dabei Keramiken, Metalle, Möbel, Holzfiguren ... Sammlung des Herrn Ph. R.... in M.: Versteigerung Frankfurt a. Main ... den 20.-22. Juli 1915 ...",https://historica.unibo.it/handle/20.500.14008/94257,https://historica.unibo.it/server/iiif/575f7159-ef22-446e-8c4c-57e2026f0c48/manifest
BO0624_66052,"A catalogue of the entire contents of the mansion, which will be sold by auction by Messrs. Knight, Frank & Rutley ... on monday, the 1st day of july 1912 ...",https://historica.unibo.it/handle/20.500.14008/93174,https://historica.unibo.it/server/iiif/577bdc62-145f-46b0-82ff-143b064a49c8/manifest
BO0624_5162,"Collection Spiridon de Rome. Catalogue des tableaux des écoles italiennes des 14. et 15. siècles, maîtres allemands, flamands et hollandais: la vente aux enchères publiques aura lieu à Amsterdam ... le 19 juin 1928",https://historica.unibo.it/handle/20.500.14008/93003,https://historica.unibo.it/server/iiif/578506e2-34c1-4cf2-a996-b59dff3db848/manifest
BO0624_88124,Verzeichnis über Gemälde moderner älterer Meister einige Kunstblätter etc.: Antiquitäten Kunstgegenstände Japan- und Chinasachen aus hiesigem u. auswärtigem Privatbesitz: Versteigerung in Frankfurt am Main ... den 3. und 4. Juni 1913 ...,https://historica.unibo.it/handle/20.500.14008/94190,https://historica.unibo.it/server/iiif/57d12b82-d207-4aaf-af53-dff0e0b739bb/manifest
BO0624_83796,"Catalogue de tableaux anciens et modernes, pastels, oeuvres de R. P. Bonington, Callet, G. Coques, A. Coypel, Danloux ... provenant de la collection de M. H. M. L. ...: jeudi 25 mai 1905",https://historica.unibo.it/handle/20.500.14008/93299,https://historica.unibo.it/server/iiif/57ea3853-cdc1-4c54-878c-c0a7802c4792/manifest
BO0624_88348,"Verzeichnis über Gemälde und Kunstblätter alterer und moderner Meister: Antike Skulpturen, Schnitzereien, Möbel ... aus der Sammlung des Herrn Th. H. Thomann: Versteigerung den 2. und 3. Oktober 1918 ... Frankfurt a. Main ...",https://historica.unibo.it/handle/20.500.14008/94352,https://historica.unibo.it/server/iiif/57eaaef9-36f1-41f4-ae1a-45967acd22a7/manifest
BO0624_87844,"Katalog Gemälde älterer, meist niederländischer Meister aus dem Besitze des Herrn Dr. De Vries in Amsterdam: Versteigerung zu Köln a. Rh. ... den 26. und ... den 27. Mai 1908 ... bei J. M. Heberle (H. Lempertz's Sohne)",https://historica.unibo.it/handle/20.500.14008/94011,https://historica.unibo.it/server/iiif/5811221e-d322-479c-947c-b6863e1f4e86/manifest
BO0624_87821,Verzeichnis der Gemälde moderner und älterer Meister. Antiquitäten und Kunstgegenstände dabei das Schlafzimmer des Fürsten Bismarck beim Friedenschluss 1871 u. a. im Auftrage des Herrn Rechtsanwalt Dr. Fritz Berg... sowie aus hiesigem und auswärtigem Privatbesitz. Versteigerung in Frankfurt am Main...den 25 bis 27 November 1907,https://historica.unibo.it/handle/20.500.14008/93990,https://historica.unibo.it/server/iiif/5824792f-6e21-4826-990e-b105b46f636f/manifest
BO0624_65730,Tableaux anciens de la collection V. D. H. E.A.: la vente aux enchères publiques aura lieu le 5 avril 1927,https://historica.unibo.it/handle/20.500.14008/93101,https://historica.unibo.it/server/iiif/5841b7f9-8db9-4652-b366-b75814338ba0/manifest
BO0624_88505,"Gemälde aus Suddeutschem Museum und Frankfurten Privathesitz sowie der nachlatz P. Oehrens [gestorben] Hamburg. Versteigerung: Hamburg, 30-31 Mai, 1 Juni 1922",https://historica.unibo.it/handle/20.500.14008/94481,https://historica.unibo.it/server/iiif/584f2746-152a-4e6d-92e6-16e07365a3bd/manifest
BO0624_84279,Collection Lehmann. Vol. 3: Catalogue des tableaux anciens des écoles du Moyen Age et de la Renaissance et des écoles flamande & hollandaise du 17. siècle ...: vendredi 12 et samedi 13 juin 1925,https://historica.unibo.it/handle/20.500.14008/93649,https://historica.unibo.it/server/iiif/586bd260-469c-4c7a-a986-66356b106331/manifest
BO0624_83977,"Catalogue des tableaux anciens et pastels par ou attribués à Beyeren (Van), Bol (Ferdinand), Brekelenkamp, Bronzino, Cuyp ... composant la collection de M. P. M... et dont la vente aura lieu à Paris, Galerie Georges Petit ... le vendredi 28 mai 1909",https://historica.unibo.it/handle/20.500.14008/93419,https://historica.unibo.it/server/iiif/58a84b24-a336-4ff1-98bc-3ea36b47ea37/manifest
BO0624_87469,"Katalog der Privatsammlung des verstorbenen Herrn Hofantiquars J. A. Lewy, Berlin: oeffentliche Versteigerung: Dienstag, den 6. November 1894, von 10 Uhr ab durch den vereideten koniglichen und stadtischen Auctions-Commissarius fur Kunstsachen und Bucher Rudolph Lepke im Kunst-Auctions-Hause",https://historica.unibo.it/handle/20.500.14008/93764,https://historica.unibo.it/server/iiif/58b0f65d-d725-41ea-9a9d-52e942ac06ec/manifest
BO0624_87494,"Katalog der Versteigerung einer Privat-Sammlung von Oelgemälden, Handzeichnungen etc. am 30. April, 1. und 2. Mai 1896",https://historica.unibo.it/handle/20.500.14008/93779,https://historica.unibo.it/server/iiif/58b10ad2-6f1d-4a15-b03d-a53ae049dce9/manifest
BO0624_88324,Alte Fayencen und Porzellane dabei eine umfangreiriche Tassensammlung: Möbel des 18. Jahrhunderts: Skulpturen und Gobelins: Gemälde alter Meister: aus Münchener Privatbesitz und aus süddeutschem Besitz: Versteigerung in der Galerie Helbing in München ... den 20. bis ... den 22. Dezember 1917,https://historica.unibo.it/handle/20.500.14008/94337,https://historica.unibo.it/server/iiif/58c0220c-ee9e-4fc0-94b3-1ce0f17697f1/manifest
BO0624_88077,Gemälde alter Meister des 15. bis 18. Jahrhunderts aus englischem und hiesigem Privatbesitz mit 25 Abbildungen: ... Versteigerung ... 11. Februar 1913,https://historica.unibo.it/handle/20.500.14008/94155,https://historica.unibo.it/server/iiif/58ccf377-a80a-4060-948f-15359409ed28/manifest
BO0624_88373,"Berliner Ansichten etc.: Arbeiten Berliner Künstler. (Th. Hosemann, Franz Krüger, Ab. Menzel, Gottfr. Schadow u. a.): Berliner Eisen",https://historica.unibo.it/handle/20.500.14008/94370,https://historica.unibo.it/server/iiif/58f8c9e4-8a40-49af-8f88-5b7ec1ce8158/manifest
BO0624_88528,"Gemälde aus dem Stettiner Museum und aus Hamburger Privatbesitz: Zeichnungen, Radierungen ...: ... Versteigerung ... den 22. Januar Gemälde, Zeichnungen ... den 23. Januar Kleinkunst .. den 24. Januar Teppiche und Möbel",https://historica.unibo.it/handle/20.500.14008/94502,https://historica.unibo.it/server/iiif/591b8d24-4f18-41c8-a37d-b817867affe1/manifest
BO0624_81748,"Catalogue des marbres antiques et des objets d'art formant le Musee du Pavillon de l'Horloge a la Villa Borghese (Place de Sienne) a Rome, provenant de l'heritage des Princes Borghese et des objets d'art du Moyen Age, de la Renaissance et des Armes appartenant à M. le comte Gregoire Stroganoff et a M. le comte Prosper d'Epinay: la vente aux enchères publique aura lieu au Pavillon de l'Horloge dans la Villa Borghese du lundi 13 au vendredi 24 mars 1893 ... sous la direction de M. Vincenzo Capobianchi",https://historica.unibo.it/handle/20.500.14008/92723,https://historica.unibo.it/server/iiif/593a60da-43c9-458b-a62f-678c7d51fcca/manifest
BO0624_88364,"Verzeichnis über Gemälde älterer und moderner Meister: Aquarelle, Handzeichnungen und Stiche ... aus Frankfurter und Offenbacher Privatbesitz: Versteigerung ... 28. und ... 29. Januar 1919 ... in Frankfurt am Main ...",https://historica.unibo.it/handle/20.500.14008/94363,https://historica.unibo.it/server/iiif/59448058-f788-49cd-8e46-4257b7b665fd/manifest
BO0624_87396,Katalog der kunst- und culturhistorischen Sammlungen des verstorbenen Herrn Dr. Carl Heinz Ritter und Edlen Mayer von Mayerfels auf Schloss Meersburg am Bodensee: 4. Abteilung ... Versteigerung zu Köln den 29. April 1889 und folgende Tage durch J. M. Heberle (H. Lempertz' Söhne),https://historica.unibo.it/handle/20.500.14008/93716,https://historica.unibo.it/server/iiif/59b953c6-3b09-4d5d-a777-8078396ea8e4/manifest
BO0624_83682,"Catalogue des objets d'art et d'ameublement ... tableaux anciens, pastels, dessins ... succession de M.me la comtesse de C.T.: lundi 10 ... jeudi 13 décembre 1900",https://historica.unibo.it/handle/20.500.14008/93263,https://historica.unibo.it/server/iiif/59bd7293-33b1-42fc-8893-cbf488d422fb/manifest
BO0624_65733,"Collection de feu le Baron Janssen: *Catalogue des tableaux anciens des écoles Hollandaise et Flamande des 17. et 18. siècles dont la vente publique aux enchères aura lieu ... à Amsterdam, Galerie Frederik Muller & C.ie ... le mardi 26 avril 1927",https://historica.unibo.it/handle/20.500.14008/93134,https://historica.unibo.it/server/iiif/59d453dc-ef07-4c0e-b501-e4c511400363/manifest
BO0624_83988,"Catalogue des objets d'art et de haute curiosité, émaux champlevés, ivoires, antiques ... tableaux anciens par Breughel, Clouet ... le tout dépendant des collections de M. Félix Doistau: Hotel Drouot, les lundi 22, mardi 23, mercredi 24 et jeudi 25 novembre 1909",https://historica.unibo.it/handle/20.500.14008/93428,https://historica.unibo.it/server/iiif/5a1e3044-8f0e-43bc-b486-5311df9b00e0/manifest
BO0624_84302,Catalogue de tableaux modernes ... pastel par Degas ... tapisseries anciennes ... composant la collection de monsieur G. U...: lundi 30 et mardi 31 mai 1927,https://historica.unibo.it/handle/20.500.14008/93661,https://historica.unibo.it/server/iiif/5a4be137-3319-4e83-a21b-4e0efe7155c8/manifest
BO0624_83809,"Catalogue de tableaux anciens et modernes, aquarelles, dessins ...: mercredi 21 juin 1905",https://historica.unibo.it/handle/20.500.14008/93304,https://historica.unibo.it/server/iiif/5a6f0aab-69c4-40b8-94c2-3723f5d1d099/manifest
BO0624_83695,"Catalogue des tableaux & dessins anciens principalement de l'École française du 18. siècle: miniatures, sculptures en bois, cire, terre cuite ...: jeudi 12 ... samedi 14 décembre 1901",https://historica.unibo.it/handle/20.500.14008/92798,https://historica.unibo.it/server/iiif/5adfdcc6-ba84-4b51-8957-b78e34f69231/manifest
BO0624_88342,"Antiquitäten, Möbel und Vertäfelungen (16. bis 18. Jahrhundert) Gobelins, Teppiche, Gemälde alter Meister Farbstiche u. anderer aus der Sammlung Georg Hirth 3. Teil 1918: Katalog Band 1. (Text) verfasst von Dr. Hans Buchheit, München [Versteigerung in München im Hause Hirth unter Leitung von Hugo Helbing, München ... den 9. Juli 1918 und folgende Tage]",https://historica.unibo.it/handle/20.500.14008/94348,https://historica.unibo.it/server/iiif/5b290b7f-743c-46b8-94ed-16da2e6c10be/manifest
BO0624_88277,Gemälde alter Meister Sammlung J. Unger Cannstatt und drei Bilder aus Berliner Privatbesitz: ... Versteigerung ... den 21. März 1917 ... Berlin,https://historica.unibo.it/handle/20.500.14008/94303,https://historica.unibo.it/server/iiif/5b520ea5-fe77-458f-8b73-8745511f49e3/manifest
BO0624_81775,"Catalogo n. 68: Importante collezione di quadri antichi, marmi, bronzi, terrecotte, maioliche, porcellane ... in vendita al pubblico incanto",https://historica.unibo.it/handle/20.500.14008/92752,https://historica.unibo.it/server/iiif/5b7d30df-f2ae-44d1-8429-06bf10addd99/manifest
BO0624_87362,"Catalog der Kunst-Sammlungen des verstorbenen herrn Albert von Parpart auf schloss hunegg am thuner-see: kunsttöpferei, krüge, majoliken ...: Versteigerung zu Köln den 20. October 1884 ...",https://historica.unibo.it/handle/20.500.14008/93693,https://historica.unibo.it/server/iiif/5ba15995-57b0-4c5a-a9be-e7bdbacce3d9/manifest
BO0624_88102,"Sammlung Frau G. L. Schulz, Berlin: Möbel des 16.-18. Jahrhunderts, Holzplastik ... Sammlung von 102 orintalischen Teppichen ...: Versteigerung, Dienstag, den 1. bis Donnerstag, den 3. April 1913 [und] Freitag, den 4. April 1913",https://historica.unibo.it/handle/20.500.14008/94176,https://historica.unibo.it/server/iiif/5ba7eb5e-c3ef-4135-bc8e-adc2daa9de90/manifest
BO0624_88510,Gemälde erster neuerer meister darunter aus nachlass der herrn Carl v. Metzler,https://historica.unibo.it/handle/20.500.14008/94486,https://historica.unibo.it/server/iiif/5bc69ca2-63c2-4c3a-96b8-c6dbdd5281f2/manifest
BO0624_87598,"Ölgemälde älterer und neuerer Meister ersten Ranges: Antike und moderne Kunstgegenstände Wohnungs-Einrichtung ohne Ausnahme aus dem Besitze eines ausländischen General-Konsuls: Öffentliche Vertsigerung Dienstag, den 11 December 1900",https://historica.unibo.it/handle/20.500.14008/93838,https://historica.unibo.it/server/iiif/5bc8899d-1309-4484-9d13-e53bc3d2c86a/manifest
BO0624_84085,"Catalogue des objets de curiosité et d'ameublement des époques gothique, renaissance ... Tableaux Anciens appartenant à Monsieur C.D...: les lundi 12, mardi13 et mercredi 14 février 1912",https://historica.unibo.it/handle/20.500.14008/93494,https://historica.unibo.it/server/iiif/5bcfdc2d-8be0-4c14-a4e1-8883e55e1380/manifest
BO0624_84069,"Catalogue des objets d'art et d'ameublement du 18. siècle et autres, porcelaines, objets variés ... tableaux anciens, portraits par N. de Largillierre ... dépendant de la succession de Monsieur le Comte D'Assay ...: lundi 20 novembre 1911",https://historica.unibo.it/handle/20.500.14008/93481,https://historica.unibo.it/server/iiif/5bf79127-7b09-4984-8e08-62e9411fded9/manifest
BO0624_83897,"Collections de M. Edouard Chappey: Tome III: Catalogue des objets d'art et d'ameublement, anciennes porcelaine des Sèvres, pate tendre de Saxe, De Chine ... dépendant des Collections de M. Edouard Chappey (troisème vente): Les Lundi 27, Mardi 28, Mercredi 29, Jeudi 30 et Vendredi 31 mai 1907",https://historica.unibo.it/handle/20.500.14008/93364,https://historica.unibo.it/server/iiif/5c182a48-0309-4d2b-b1bc-8db9f0aee36d/manifest
BO0624_88296,"Niederländische Handzeichnungen 16. bis 18. Jahrh. (aus dem Besitze des Sammlers mit dem Eulenstempel): Verschiedene Handzeichnungen und Ölmalereien bis zur Gegenwart, Miniaturen, Pastelle etc. (Aus verschiedenem Besitz.): Kupferstiche, Schabkunstblätter, Radierungen etc., darunter eine kleine Chodowiecki-Sammlung. Eine Ridinger-Sammlung (Originale und Radierungen). Stadte-Ansichten. Schweizer Ansichten und Trachtenbilder (Aus dem Nachlä des schweizer Malers Zehender, 1751-1814). Alt-Weimar. Goethe",https://historica.unibo.it/handle/20.500.14008/94318,https://historica.unibo.it/server/iiif/5c1d0522-cac5-43ed-a8ee-5fb69f714830/manifest
BO0624_81885,"Catalogo opere significative di Francesco Mancini, grandi maestri dell'Ottocento italiano, arredamento completo di una signorile casa napoletana, mobili scolpiti e altro provenienti dalla cessata Ditta Londi: la vendita avrà luogo a Napoli, Palazzo Ricciardi ... 1929",https://historica.unibo.it/handle/20.500.14008/92951,https://historica.unibo.it/server/iiif/5c2cf50c-9334-42a9-9500-dc6dc1af0b92/manifest
BO0624_87755,"Katalog Hervorragender Gemälde Älterer und Neuzeitiger Meister aus Verschiedenem Besitz: Versteigerung zu Köln a. rh., Dienstag den 20. und Mittwoch den 21. März 1906 bei J. M. Heberle (H. Lempertz' Söhne)",https://historica.unibo.it/handle/20.500.14008/93941,https://historica.unibo.it/server/iiif/5c7aa1e2-19ee-472e-a53b-903380ec8617/manifest
BO0624_84115,Collection Jacques Doucet: première partie: *Catalogue des dessins & pastels du 18. siècle dont la vente aura lieu a Paris ...: le mercredi 5 Juin 1912,https://historica.unibo.it/handle/20.500.14008/93518,https://historica.unibo.it/server/iiif/5c9c9ce9-f1cb-4947-b328-ceffa633c71d/manifest
BO0624_88420,Ölgemälde Aquarelle Pastelle Handzeichnungen erster Meister unserer Zeit: dabei eine auswärtige und zwei hiesige Privatsammlungen: ... Versteigerung ... 4. Mai 1920 ... 31 Abbildungen,https://historica.unibo.it/handle/20.500.14008/94406,https://historica.unibo.it/server/iiif/5caf7a99-2663-4d40-b4b1-018ef6df57a0/manifest
BO0624_87987,"Verzeichnis der Gemälde und Kunstblätter, älterer und moderner Meister dabei im Auftrage des Nachlassplegers Herrn Ph. Maechler, Strassburg in Els. Antiquitäten und Kunstsachen ...: Versteigerung ... den 16. und 17. November 1911 ... Frankfurt am Main ...",https://historica.unibo.it/handle/20.500.14008/94100,https://historica.unibo.it/server/iiif/5cd2c45b-dfe6-400a-a8a7-abef9ad5a4e5/manifest
BO0624_88782,"Antike Möbel, Gemälde alter Meister, Antiquitäten: Beiträge aus den Sammlungen S., Neudorf, Direktor S., Leipzig, und P., Berlin: Aubussons, perser Teppiche, franz. Sitz- und KleinMöbel 18. Jhdt., antikes Kunstgewerbe, Bücher, Graphik u. Gemälde alter Meister, Fayencen aus norddeutschen Manufakturen. [Versteigerung: Berlin, 29-30 Januar 1929]",https://historica.unibo.it/handle/20.500.14008/94701,https://historica.unibo.it/server/iiif/5cf9f47c-d7f4-4fbc-bd64-624df7a96625/manifest
BO0624_84116,Collection Jacques Doucet: deuxième partie: *Catalogue des sculptures & tableaux du 18. siècle dont la vente aura lieu a Paris ...: le jeudi 6 juin 1912,https://historica.unibo.it/handle/20.500.14008/93519,https://historica.unibo.it/server/iiif/5d3a76d8-7495-4097-960f-135d2ebf90b7/manifest
BO0624_88652,"Antiquitäten, Keramik, Silber, Glas, Zinn, Möbel, Ostasiatika, Graphik, Plastik, alte Gemälde aus verschiedenem Besitz, Versteigerung, München ... 31. Mai - 2. Juni 1927",https://historica.unibo.it/handle/20.500.14008/94588,https://historica.unibo.it/server/iiif/5db2ab88-7d0f-41ed-9bd2-d068eee76419/manifest
BO0624_88292,Galerie Flechtheim moderne Gemälde: Ausstellung vom 1. bis 4. Juni 1917: Versteigerung ... den 5. Juni ... Berlin ...,https://historica.unibo.it/handle/20.500.14008/94315,https://historica.unibo.it/server/iiif/5dc4a3c3-f5c6-4e34-9a13-5f508c973297/manifest
BO0624_88525,Meisterwerke der Malerei des 19. und 20. Jahrhunderts unter anderem die Sammlung eines süddeutschen Grossindustriellen ... mit 25 Tafeln Abbildungen [Eröffnungs-Versteigerung ... 25 Septbr. 1923],https://historica.unibo.it/handle/20.500.14008/94499,https://historica.unibo.it/server/iiif/5e03d6c3-ebfc-4fac-a8a6-4708f3b6bdce/manifest
BO0624_84228,"Catalogue des dessins, gouaches, aquarelles du XVIII siècle ... tableaux & pastels anciens ... oeuvre important par J. Louis de Marne, bronzes anciens et modernes ... composant la collection X ...: la vente ... sera faite ... le mercredi 17 & jeudi 18 novembre 1920 ...",https://historica.unibo.it/handle/20.500.14008/93608,https://historica.unibo.it/server/iiif/5e8cd9bd-8bbf-47b3-b5d3-573ae3fc5a8d/manifest
BO0624_84282,"Catalogue des tableaux composant la collection Maurice Gangnat: 160 tableaux par Renoir, oeuvres importantes de Paul Cézanne, tableaux par E. Vuillard: mercredi 24 et jeudi 25 juin 1925",https://historica.unibo.it/handle/20.500.14008/93651,https://historica.unibo.it/server/iiif/5e8d5014-defb-4bd3-adac-98b15073a673/manifest
BO0624_44630,"Katalog einer Kollektion von alten Schweizer und suddeutschen Glasgemalden aus furstlichem suddeutschem Schlossbesitz: sowie einem Anhang von Scheiben aus anderem Privatbesitz: [Auktion in Munchen in der Galerie Helbing in Munchen, am 7. Oktober 1913]",https://historica.unibo.it/handle/20.500.14008/92674,https://historica.unibo.it/server/iiif/5e8e371c-2eff-4916-9294-517adef53913/manifest
BO0624_88605,"Mittelalterliche Holzplastiken und Kirchenkunst, Gemälde alter Meister, Antikes Mobiliar und StilMöbel, Alte Musikinstrumente, Flämische und franz. Gobelins und Perser-Teppiche, Porzellane des 18. Jahrhunderts und Steinzeug, Frühe ostasiatische Kleinkunst, Aus Sammlung M. und Beiträge aus anderem Berliner Privatbesitz: [Versteigerung: Dienstag, den 14. September 1926]",https://historica.unibo.it/handle/20.500.14008/94552,https://historica.unibo.it/server/iiif/5e8f71c8-5c82-481e-8f1e-470b799368e3/manifest
BO0624_87414,Die Gemälde-Sammlung aus dem Nachlasse des Herrn Rentner Johann Werner Bonn in Köln ... Versteigerung zu Köln den 12. und 13. Mai 1890 durch J. M. Heberle (H. Lempertz' Sohne) ...,https://historica.unibo.it/handle/20.500.14008/93729,https://historica.unibo.it/server/iiif/5e9dbe4b-2139-4f40-acae-996fe0567081/manifest
BO0624_81833,Catalogo: opere della celebre Collezione Lamperti di Milano: vendita all'asta ... alla Galleria Geri,https://historica.unibo.it/handle/20.500.14008/92876,https://historica.unibo.it/server/iiif/5eae23c9-8cbb-4840-87b0-240ede0fc1fd/manifest
BO0624_88723,"Sammlung Geheimrat Paul Ritter von Groth: sowie Beiträge aus anderem Besitz ; Zeichungen, Graphik, Antiquitäten, Keramik, Gobelins, Möbel, Platiken, Gemälde alter Meister. Versteigerung: München, 3-4 Juli 1928",https://historica.unibo.it/handle/20.500.14008/94650,https://historica.unibo.it/server/iiif/5ec34fb7-3f99-4930-86d2-ba16182a8528/manifest
BO0624_87941,"Gemälde alter Meister des 16. bis 18. Jahrhunderts aus dem Besitz Colonel Wardlaw Ramsay, London, Excellenz Cleon Rangabé, Berlin u. a. m.: Versteigerung: Dienstag, den 7. Februar 1911",https://historica.unibo.it/handle/20.500.14008/94073,https://historica.unibo.it/server/iiif/5ed11d31-41c8-408d-865d-7ac6afc39504/manifest
BO0624_81785,"Catalogo della Collezione Podesta Luciardi che sara messa in vendita a Bologna nel Palazzo Rambaldi, via Castiglione n. 1...",https://historica.unibo.it/handle/20.500.14008/92762,https://historica.unibo.it/server/iiif/5ed24944-7b61-49a8-a345-072caf1022bc/manifest
BO0624_83752,"Catalogue des tapisseries anciennes des XVII et XVIII siècles, tableaux anciens ... mobiliers de salone et sièges en ancienne tapisserie ... dépendant de la succession de M. Achille Leclercq ...: Les lundi 30, mardi 31 mai et mercredi 1er juin 1904 ...",https://historica.unibo.it/handle/20.500.14008/92836,https://historica.unibo.it/server/iiif/5ed51192-443c-4b53-9020-50357ed1c12f/manifest
BO0624_87917,"Ölgemälde moderner Meister aus dem Nachlasse des verstorbenen Herrn B.M. Goldschmidt, Frankfurt a. M. und aus ausländischem privatbesitz, etc.: Auktion in München in der Galerie Helbing, Dienstag, den 26. April 1910",https://historica.unibo.it/handle/20.500.14008/94056,https://historica.unibo.it/server/iiif/5ef339c0-863b-495f-a2b4-e38cbaaa6217/manifest
BO0624_88547,Gemälde alter und neuer Meister aus norddeutschem Museumbesitz und Einzelbeiträge: Antiquitäten ...: Versteigerung ... den 25. November 1924 ... den 26. November 1924,https://historica.unibo.it/handle/20.500.14008/94516,https://historica.unibo.it/server/iiif/5f0319e8-ab8e-4708-bf21-ead0c635f02e/manifest
BO0624_5570,Catalogo degli oggetti d'arte antica di pertinenza dell'antiquario F. Ciardiello ...: la vendita all'asta pubblica avrà luogo in Napoli nei locali già occupati dal sig. Ciardiello ... da martedì 26 gennaio a lunedì 2 febbraio 1915,https://historica.unibo.it/handle/20.500.14008/93011,https://historica.unibo.it/server/iiif/5f44615f-3e10-4ddb-a40d-72522ae706dd/manifest
BO0624_83679,"Catalogue de tableaux anciens ... marbres antiques, le tout provenant de la collection du cardinal Despuig: mercredi 11 juillet 1900",https://historica.unibo.it/handle/20.500.14008/93262,https://historica.unibo.it/server/iiif/5f5e659b-e168-4800-8164-cccc089d7589/manifest
BO0624_4454,"Catalogue des objets d'art et d'ameublement garnissant le gran appartement au premier etage du palais du prince Orsini, Rome: la vente aux enchères aura lieu au Palais Orsini, à Monte Savello sous la direction de m. le chev. G. Sangiorgi ...",https://historica.unibo.it/handle/20.500.14008/92685,https://historica.unibo.it/server/iiif/5f6e0f96-7afd-49b3-945a-bf9425b02246/manifest
BO0624_83663,"Catalogue de tableaux, aquarelles, pastels et dessins par Bonvin, Boudin, J.-L. Brown, Caillebote, Cals, Cézanne, Corot, Daumier, Degas, Eug. Delacroix, D'Espagnat, Fantin-Latour, Forain, Jeanne Gonzalès ... composant la collection de M. Ad. Tavernier: Paris ... mardi 6 mars 1900",https://historica.unibo.it/handle/20.500.14008/93251,https://historica.unibo.it/server/iiif/5f9fca24-ae69-4a2e-94cd-19c490705807/manifest
BO0624_83889,"Catalogue des tableaux, dessins, gouaches, aquarelles de l'école française du XVIIIe siècle ... objets d'art & d'ameublement, groupe et bas-relief de Clodion ... composant la collection de M. G. Mühlbacher: la vente aura lieu à Paris, Galerie Georges Petit, les lundi 13, mardi 14, mercredi 15 mai 1907",https://historica.unibo.it/handle/20.500.14008/93359,https://historica.unibo.it/server/iiif/5fd48f79-6d51-4e62-bec3-a2f37357974c/manifest
BO0624_84841,Bibliothek Wilhelm von Bode: ... Versteigerung ... den 8. November 1929 ...,https://historica.unibo.it/handle/20.500.14008/93689,https://historica.unibo.it/server/iiif/5fd6c498-3882-498f-a8c6-741bceba924f/manifest
BO0624_88460,Ölgemälde moderner Meister Nachlass Leo Lehmann [gestorben] Frankfurt a,https://historica.unibo.it/handle/20.500.14008/94440,https://historica.unibo.it/server/iiif/5fd72906-4a5e-457b-9cc4-07124b656f75/manifest
BO0624_81842,Catalogo dei dipinti antichi di diverse epoche e scuole già facenti parte della collezione Landor in vendita all'asta nelle sale dell'impresa C. Galardelli ... alle ore 16 dei giorni 13 e 14 Aprile 1920,https://historica.unibo.it/handle/20.500.14008/92875,https://historica.unibo.it/server/iiif/5fdab8c0-ba3e-4506-8e77-0e46077d1fba/manifest
BO0624_84063,"Catalogue des tableaux anciens par A. van Beyeren ... oeuvres importantes des ecoles flamande & hollandaise du 17. siècle, portraits de l'école anglaise du 18. siècle provenant de la collection Maurice Kann: vendredi 9 juin 1911",https://historica.unibo.it/handle/20.500.14008/93476,https://historica.unibo.it/server/iiif/6003a09e-0aee-45c4-9896-1aab898ac675/manifest
BO0624_83900,"Collections de M. Edouard Chappey: Tome IV: Catalogue des objets d'art et de haute curiosité ... ivoires, émaux, bronzes ... tapisseries Flamandes ... tableaux dépendant des Collections de M. Edouard Chappey (quatrième vente): Les mercredi 5, jeudi 6 et vendredi 7 juin 1907",https://historica.unibo.it/handle/20.500.14008/93367,https://historica.unibo.it/server/iiif/601e9263-b90f-420e-a69c-5ec54825cc28/manifest
BO0624_87882,Katalog einer Sammlung von Antiquitäten und Gemälden aus dem Nachlasse des Herrn Pfarres Mertens in Winden und aus süddeutschem und anderem Privatbesitz ... Versteigerung zu Cöln von ... den 25. bis ... den 28. Mai 1909 ...,https://historica.unibo.it/handle/20.500.14008/94037,https://historica.unibo.it/server/iiif/60299fcf-9135-4c46-87cd-fb19b8647663/manifest
BO0624_84068,"Catalogue des tableaux modernes: pastels, aquarelles, dessins par Bastien-Lepage, Boudin ... objets d'art et d'ameublement ... provenant de l'atelier de M. Gaston Guignard: mardi 20 et mercredi 21 juin 1911",https://historica.unibo.it/handle/20.500.14008/93480,https://historica.unibo.it/server/iiif/6057a3fc-671d-444f-ac2f-425d903a3b22/manifest
BO0624_88803,"Dresdener Kunst- und Antiquitäten-Versteigerung (13) aus Adels-, ehemaligem Fürsten und anderem Besitz, sowie den Beständen eines Dresdener Kunstsammlers: Gemälde, Handzeichnungen ...: Versteigerung im Logenhaus-Saal ..., Montag, den 11. Nov. 1929, ... Dienstag, den 12. Nov. 1929 ...",https://historica.unibo.it/handle/20.500.14008/94719,https://historica.unibo.it/server/iiif/606289e1-516a-411d-b004-29cd377d0b9d/manifest
BO0624_88785,"Antiquitäten, Keramik, Glas, Möbel, Metallarbeiten, Ostasiatica, Teppiche, Plastik, Alte Gemälde aus mitteldeutschem Besitz u.a.B. Versteigerung: München, 3 Okt. 1929",https://historica.unibo.it/handle/20.500.14008/94704,https://historica.unibo.it/server/iiif/6081161a-0dfb-41ea-9815-5dfbffeaa46b/manifest
BO0624_84255,"Catalogue des objets d'art et de haute curiosité, principalement du Moyen Age et de la Renaissance, faiences, cuivres, bronzes, ivoires, terres émaillées des Robbia ... tableaux primitifs ... composant les collections de M. Raoul Heilbronner ...: la troisième vente .. aura lieu à Paris ... les lundi 23 et mardi 24 janvier 1922 ...",https://historica.unibo.it/handle/20.500.14008/93629,https://historica.unibo.it/server/iiif/60a80dc8-3d3a-45b4-8bcc-d5a2869195b9/manifest
BO0624_84337,"Catalogue des dessins et peintures anciens et modernes, sculptures, miniatures, estampes ...: jeudi 19 décembre 1929",https://historica.unibo.it/handle/20.500.14008/93687,https://historica.unibo.it/server/iiif/60ae0096-cf5c-4ba8-805d-69d27e7ad711/manifest
BO0624_88024,"Verzeichnis über Gemälde älterer und moderner Meister, Kunstblätter ... Prachtwerke und Bibliothek, französischer Literatur, welche im Auftrag der Erben aus hiesigen und auswärtigen Nachlässen Dienstag u. Mittwoch, den 14. u. 15. Mai 1912",https://historica.unibo.it/handle/20.500.14008/94122,https://historica.unibo.it/server/iiif/60b0991a-2d64-42f9-a9fd-5181ce1932e6/manifest
BO0624_83705,Trois tableaux de l'École Française du XVIII Siècle: Oeuvres de Hubert Robert et Antoine Vestier ...: Samedi 10 Mai 1902 ...,https://historica.unibo.it/handle/20.500.14008/92799,https://historica.unibo.it/server/iiif/60b1e85c-9d3e-443b-9875-3000584f270d/manifest
BO0624_51203,Italian art of the Quattrocento and high Renaissance: catalogued under the supervision of Gr. Uff. Professor Luigi Grassi ... unrestricted sale January 18 & 19 [1929],https://historica.unibo.it/handle/20.500.14008/93001,https://historica.unibo.it/server/iiif/60b692ea-cbe6-424c-b39c-10af9868b1fa/manifest
BO0624_81874,Catalogo della vendita all'asta della raccolta Comm. Ernesto Bertollo ...: Vendita: da Lunedì 12 a Sabato 17 Novembre 1928 ...,https://historica.unibo.it/handle/20.500.14008/92908,https://historica.unibo.it/server/iiif/60c61142-600a-4742-861d-3c95e4996ca9/manifest
BO0624_88508,Ölgemälde moderner Meister aus nord- und süddeutsschem besitze. Auktion in München ... 18-19 Juli 1922,https://historica.unibo.it/handle/20.500.14008/94484,https://historica.unibo.it/server/iiif/60e0295d-063e-4cbc-aa7d-0763f190dbe6/manifest
BO0624_88192,"Katalog einer hervorragenden Sammlung von Gemälden älter und neuerer Meister, Aquarellen, Pastellen, Kupferstichen, Kunstgegenständen, sowie Antiquitäten aller Art ... aus dem Besitze eines Aachener Geistlichen: Versteigerung zu Aachen am 26.-28. März 1914 ...",https://historica.unibo.it/handle/20.500.14008/94241,https://historica.unibo.it/server/iiif/611cb55b-7ffe-4d59-8680-66b06d75c0d6/manifest
BO0624_87628,Katalog von vortrefflichen Gemälden älterer und neuerer Meister aus der Sammlung des Herrn Dr. med. Carl Gross zu Wien u. A.: Versteigerung zu Köln den 2. und 3. December 1901 durch J. M. Heberle (H. Lempertz's Söhne),https://historica.unibo.it/handle/20.500.14008/93853,https://historica.unibo.it/server/iiif/61254624-64de-41bb-a861-c577d0e516bd/manifest
BO0624_87733,"Antiquitäten u. moderne Kunstgegenstände aus dem Besitz des Herrn Carl von Siemens aus dem Nachlass des Hofphotographen Herrn J.C. Schaarwächter u. a. ... Ölgemälde d. 17. u. 18. Jahrh.: Ausstellung: Sonnabend, den 7., Sonntag, den 8 u. Montag, den 9. Oktober 1905: Versteigerung: Dienstag, den 10. Oktober bis Freitag, den 13. Oktober 1905",https://historica.unibo.it/handle/20.500.14008/93924,https://historica.unibo.it/server/iiif/615d02b4-a211-4387-beb2-3fceb45429a4/manifest
BO0624_88231,"Katalog hervorrangender Sammlung von Kupferstiche, Radierungen, Aquarellen, Handzeichnungen, Gemälden alter und neuerer Meister, China- und Japansachen ... aus dem Besitze [gestorben] Franz Dahmen-Aachen u. a.: Versteigerung zu Aachen am 14. u. 15. Oktober 1915 ...",https://historica.unibo.it/handle/20.500.14008/94264,https://historica.unibo.it/server/iiif/619a8ca1-8691-4b93-9ee6-6728901957de/manifest
BO0624_88695,"Bestände der Rheinlandgalerie: Sammlung W. L., Berlin: Werke deutscher Malerei des 19. und 20. Jahrhunderts: mit 35 Lichtdrucktafeln. Versteigerung: Köln, 6 Marz 1928",https://historica.unibo.it/handle/20.500.14008/94625,https://historica.unibo.it/server/iiif/61a77b98-cfbb-4d26-abf9-e94ffb9f20f4/manifest
BO0624_88582,"Die Sammlung Heinrich Freiherr von Tucher: Kunstgegenstände aus dem Nachlass Siener Exzellenz des Gesandten Heinrich Freiherrn von Tucher mit einem Anhang von Kunstgegenständen aus Ausländischem und deutschem Privatbesitz: Versteigerung: Dienstag, den 8. Dezember ...",https://historica.unibo.it/handle/20.500.14008/94535,https://historica.unibo.it/server/iiif/61a80b3b-a961-4cc4-91b6-fb76272f7872/manifest
BO0624_84263,"Catalogue des objets d'art et de curiosité, principalement des XVI et XVIII siècles ... bronzes, sculptures ... bois sculptés ... tapisseries, tapis composant les collections de M. Raoul Heilbronner ...: la septième vente ... aura lieu à Paris ... les jeudi 22 et vendredi 23 juin 1922",https://historica.unibo.it/handle/20.500.14008/93636,https://historica.unibo.it/server/iiif/61e1ad7b-55cf-48bd-88f1-98672bc6fe24/manifest
BO0624_84086,"Catalogue des objets d'art et de curiosité, faiences, armes ... appartenant à Monsieur C.D...: les jeudi 22, vendredi 23 et samedi 24 février 1912",https://historica.unibo.it/handle/20.500.14008/93495,https://historica.unibo.it/server/iiif/61e6dfe0-4667-4a36-9392-b3c8d0a2981d/manifest
BO0624_84220,"Objets d'art et d'ameublement, tableaux, pastels, dessins, sièges et meubles, tapisseries appartenant à divers amateurs: vente à Paris ... lundi 8 mars 1920",https://historica.unibo.it/handle/20.500.14008/93600,https://historica.unibo.it/server/iiif/620c65a0-a987-40a9-a0df-79724ef1f6c6/manifest
BO0624_81750,"Catalogo della Collezione del conte Vimercati Sozzi di Bergamo (da farsi per conto degli eredi): bronzi, ferri, smalti ... vendita ... Milano ... 23 maggio 1893 ...: esposizione pubblica sabato 20, domenica 21 e lunedi 22 maggio 1893",https://historica.unibo.it/handle/20.500.14008/92715,https://historica.unibo.it/server/iiif/6215777f-4d02-4229-b8d5-3a35f1d2eedf/manifest
BO0624_87650,"Katalog von Antiquitäten und Kunstgegenständen, Olgemälden, Büchern, Kunstblättern etc.: Nachlass des in München verstorbenen Kunstmalers M. Adamo, sowie aus verschiedenem Besitze: Auktion in München in der Galerie Helbing ... den 5. und ... den 6. Dezember 1902 ... unter Leitung der Kunsthändlers Hugo Helbing in München",https://historica.unibo.it/handle/20.500.14008/93865,https://historica.unibo.it/server/iiif/621c8ec0-6a4a-4f76-83a3-233aa6a0786e/manifest
BO0624_88175,Gemälde des 16. bis 19. Jahrhunderts: Privatsammlungen und Einzelbeiträge ...: Versteigerung: ... den 20. Januar 1914,https://historica.unibo.it/handle/20.500.14008/94230,https://historica.unibo.it/server/iiif/6232c10c-0b9a-48ad-a967-fa3adcc36bf4/manifest
BO0624_88755,"Kunstsammlung v. B.: Möbel, Stoffe, Teppiche, Emailmalereien, Majoliken, Porzellane und andere kunstgewerbliche Arbeiten, Gemälde alter Meister; Kunstnachlass Richard Wiener, Berlin, Gross- und Kleinplastik, Emailarbeiten ...; Beiträge aus verschiedenem Besitz. Versteigerung: Berlin, 5-6 März 1929",https://historica.unibo.it/handle/20.500.14008/94676,https://historica.unibo.it/server/iiif/627a90bc-6665-4f3d-ac3b-7b5c454731ff/manifest
BO0624_88133,"Versteigerung über Gemälde moderner Meister Sammlung des Herrn Oswald Friesewinkel in Duisburg-Hochfeld: Antiquitäten Kunstgegenstände dabei Stammbucher von Abgeordneten aus der Paulskirche, 1848: Versteigerung in Frankfurt am Main ... den 2. und 3. September 1913 ...",https://historica.unibo.it/handle/20.500.14008/94198,https://historica.unibo.it/server/iiif/627e5d00-2696-4c41-b5d5-d6c424e37c29/manifest
BO0624_84114,"Catalogue des tableaux modernes, aquarelles, dessins, pastels, sculptures, tableaux anciens, dessins anciens, objets d'art & d'ameublement appartenant à madame la marquise Landolfo Carcano ...: les jeudi 30, vendredi 31 mai et samedi 1. juin 1912",https://historica.unibo.it/handle/20.500.14008/93517,https://historica.unibo.it/server/iiif/6286875e-7718-4b3f-b04f-3c52a048e980/manifest
BO0624_88721,"Antiquitäten, Teppiche, Möbel, alte Gemälde, Plastik, Bücher aus Österrichischem und Süddeutschem privatbesitz u.a.b. Fayencen aus münchener Privatbesitz. Versteigerung: München, 24-25 Mai 1928",https://historica.unibo.it/handle/20.500.14008/94648,https://historica.unibo.it/server/iiif/629fda50-9773-49a3-ae37-307c266d2b50/manifest
BO0624_87552,"Katalog der ausgewählten Gemälde-Sammlung des rentners herrn Fritz Franz Ittenbach zu Lechenich, Früher Gymnich: Hervorragende Gemälde älterer schulen, bilder neuerer Meister, eingerahmte kupferstiche: Versteigerung zu Köln, dienstag den 8. November 1898 ... durch den Königlichen notar herrn Krings zu Köln unter der Leitung von Heinr. Lempertz jr. i. fa. J. M. Heberle (H. Lempertz' Söhne)",https://historica.unibo.it/handle/20.500.14008/93812,https://historica.unibo.it/server/iiif/62aa341a-29bf-468a-be2a-5c12cc4f0322/manifest
BO0624_83829,"Catalogue de tableaux anciens dessins, aquarelles, gouaches principalement des écoles française et anglaise du 18. siècle ... objets d'art & d'ameublement ... composant la collection de M. le Baron: lundi 19 mars 1906",https://historica.unibo.it/handle/20.500.14008/93320,https://historica.unibo.it/server/iiif/62aa3d77-9653-4e0f-b233-e4286c20d51e/manifest
BO0624_83775,"Catalogue de tableaux modernes par Bonnat, Boudin, Boulard, Chaplin, Charlemont, Charlet, Chintreuil, Corot, Courbet, Couture, Daubigny, Diaz, G. Doré, J. Dupré ...: gravures, sculpture, tableaux anciens, important portrait par Holbein et oeuvres de Both, De Marne, Héda, A. Mignon, Ommegance ...: mardi 28 et mercredi 29 mars 1905",https://historica.unibo.it/handle/20.500.14008/93285,https://historica.unibo.it/server/iiif/62b693de-eb5a-41a0-b239-37a3ee285211/manifest
BO0624_83764,"Catalogue des tableaux et dessins anciens, principalement de l'école française du XVIII siècle, important tableau du XV siècles, gravures anciennes du XVIII siécle, en noir et en couleurs ... belles pendules et bronzes d'ameublement, meubles et sièges anciens, appartenenant à M.L.C ...: et dont la vente aux enchères publiques aura lieu ... les jeudi 15 et vendredi 16 décembre 1904 ...",https://historica.unibo.it/handle/20.500.14008/93278,https://historica.unibo.it/server/iiif/62bb25d9-0f82-44da-adfe-8167232201f2/manifest
BO0624_84020,"Catalogue de tableaux anciens et modernes, oeuvres de Ferdinand Bol ... portraits, par P.-P. Prud'hon, L'Allée de Pommiers, par Chintreuil ... succession de madame Pauline Viardot: lundi 27 juin 1910",https://historica.unibo.it/handle/20.500.14008/93445,https://historica.unibo.it/server/iiif/6303bc18-9a29-41a0-8d26-b4d2986399f2/manifest
BO0624_84313,Catalogue des objets d'art et d'ameublement ...: jeudi 24 et vendredi 25 mai 1928,https://historica.unibo.it/handle/20.500.14008/93668,https://historica.unibo.it/server/iiif/630e5a44-adc7-4c9d-98fa-a6eeb7ffa719/manifest
BO0624_88793,"Gemälde alter Meister aus Privatbesitz. Versteigerung: Berlin, 29 Oktober 1929",https://historica.unibo.it/handle/20.500.14008/94711,https://historica.unibo.it/server/iiif/63100bea-da06-4e6d-b439-70508094dcd1/manifest
BO0624_88709,"Antiquitäten und Gemälde aus verschiedenem Privatbesitz: Möbel, 15. bis 18. Jahrhundert ...Kleinkunst der Renaissance ... Bildwerke ... Gotik bis Barock: ... Versteigerung ... den 1. Mai 1928 ... den 2. Mai 1928",https://historica.unibo.it/handle/20.500.14008/94638,https://historica.unibo.it/server/iiif/6329dd77-f03e-4f1f-8245-c969ef3520b5/manifest
BO0624_84016,Catalogue des tapisseries des Flandres des 15. et 16. siècles et des manifactures royales des Gobelins et de Beauvais ...: vendredi 10 juin 1910,https://historica.unibo.it/handle/20.500.14008/93443,https://historica.unibo.it/server/iiif/6344ac57-5f2b-4aa2-b865-c7e4fc029d10/manifest
BO0624_4513,"Catalogue de la vente après décès de Mr Joachim Ferroni ... Se composant de tableaux ... scultures ...: [La vente aura lieu à Rome du 14 au 22 avril 1909, Rue del Babuino n. 96-97 dans les salles de ventes de MM. Jandolo et Tavazzi]",https://historica.unibo.it/handle/20.500.14008/92689,https://historica.unibo.it/server/iiif/634e3183-cfd3-4846-bc7f-f06a63319e39/manifest
BO0624_88774,"Sammlung Geheimrat Josef Cremer, Dortmund: [Berlin, Mittwoch, den 29. Mai 1929]",https://historica.unibo.it/handle/20.500.14008/94693,https://historica.unibo.it/server/iiif/6351fa9a-c4b5-47f1-aa03-139f3962ea5e/manifest
BO0624_81756,"Catalogue de la collection Lamponi de Florence: peintures et dessins de diverses ecoles et epoques, objets d'art et de curiosite dont la vente aux encheres aura lieu a Florence, 15 via Borgo Pinti le 10 novembre 1902 et jours suivants",https://historica.unibo.it/handle/20.500.14008/92736,https://historica.unibo.it/server/iiif/635807a7-c1fb-4cad-8b95-c00d02e71b1c/manifest
BO0624_83895,"Catalogue des tableaux composant la collection Ch. Sedelmeyer: deuxième vente ... et qui aura lieu dans la Galerie Sedelmeyer ... le samedi 25, lundi 27 et mardi 28 mai 1907",https://historica.unibo.it/handle/20.500.14008/93362,https://historica.unibo.it/server/iiif/63828724-794b-465d-b1b1-3d86cc2a175c/manifest
BO0624_87374,Catalog der kunst- und culturhistorischen Sammlungen des verstorbenen Herrn Dr. Carl Heinz Ritter und Edlen Mayer von Mayerfels auf Schloss Meersburg am Bodensee: 3. Abteilung ... Versteigerung zu Köln den 20. bis 25. Mai 1887 durch J. M. Heberle (H. Lempertz' Söhne),https://historica.unibo.it/handle/20.500.14008/93699,https://historica.unibo.it/server/iiif/63930801-c7fb-4ce1-92e7-5e5fed6dda0d/manifest
BO0624_83727,"Catalogue des tableaux, dessins, gravures ... porcelaines de la Chine et du Japon ... important pendule en bronze doré ... le tout dépendant de la succession de Madame W. ...: Hotel Drouot ... Les lundi 14 et mardi 15 décembre 1903 ...",https://historica.unibo.it/handle/20.500.14008/92816,https://historica.unibo.it/server/iiif/63960c03-417b-4a13-bccc-9eb6efc12de7/manifest
BO0624_87732,"Katalog ausgewählter und vorzüglicher Gemälde alter und neuzeitiger Meister unter andern aus dem Besitze des Herrn R. Reich in Crefeld: Versteigerung zu Köln, Montag den 10 Juli 1905 ... bei J.M. Heberle (H. Lempertz' Söhne)",https://historica.unibo.it/handle/20.500.14008/93923,https://historica.unibo.it/server/iiif/63ec160a-de9e-406e-b65a-cd5237bea533/manifest
BO0624_88814,"Fayencen, Porzellane, Gläser, Orientteppiche, Möbel, alte Gemälde, Skulpturen, Graphik aus Fürstlichem Besitz, Deutschem und Oesterreichischem Privatbesitz U.A.B.. Versteigerung: Münich, 17 dezember 1929",https://historica.unibo.it/handle/20.500.14008/94728,https://historica.unibo.it/server/iiif/63f8c6f6-7c58-4e43-acd1-729c4587f8e2/manifest
BO0624_88435,Gemälde alter und neuerer Meister: Gobelins Ant. Möbel Porzellane Gläser Zinn aus Sammlung Professor J. Jeep Rom und anderem Besitz: ... Versteigerung ... 16. September 1920 ... 17. September 1920,https://historica.unibo.it/handle/20.500.14008/94418,https://historica.unibo.it/server/iiif/63f94ee1-03b7-4289-847c-222f290a9dd8/manifest
BO0624_88521,"Grosse Frühjahrs-Versteigerung Gemälde moderner und alter Meister Antiquitäten aller Art ... aus süddeutschem Museums-Besitz u. a.: 10. April 1923 und folgende Tage ...[Versteigerung ... 10. April: Zinn und Porzellane ... 11. April Antiquitäten aller Art, Kunstgegenstände ... 12. April Gemälde ... 13. April]",https://historica.unibo.it/handle/20.500.14008/94495,https://historica.unibo.it/server/iiif/64083f10-31d6-4195-aed6-a552008a5020/manifest
BO0624_87945,"Verzeichnis der Antiquitäten-Sammlung ausschliesslich aus dem Besitz des Kunstsalons Lenobel, G.m.b.H., Köln: die, wegen Aufgabe des Geschäfts, Dienstag und Mittwoch, den 7. und 8. März 1911 ... versteigert wird",https://historica.unibo.it/handle/20.500.14008/94076,https://historica.unibo.it/server/iiif/6410a013-ef5c-423e-910f-f7139a2b403d/manifest
BO0624_81753,"Catalogo di una galleria di quadri antichi di autori italiani e stranieri, fra i quali: Anguassola Sofonisba, Appiani Andrea ...: la vendita al pubblico incanto avrà luogo in Milano ... il 19 febbraio 1900 ...: Impresa di vendite in Italia di Giulio Sambon, Milano",https://historica.unibo.it/handle/20.500.14008/92714,https://historica.unibo.it/server/iiif/6423adf7-3422-4d17-a420-25f80abf29b6/manifest
BO0624_83686,"Catalogue des tableaux anciens: dessins, aquarelles, pastels, gouaches de l'école française du 18. siècle ... objets d'art et d'ameublement ... dont la vente aura lieu à Paris par suite du décès de M. Henri Lacroix: lundi 18 ... samedi 23 mars 1901",https://historica.unibo.it/handle/20.500.14008/93265,https://historica.unibo.it/server/iiif/648a719d-0979-4da6-a900-9ac209e8699b/manifest
BO0624_88452,Gemälde alter und moderner Meister: Orient-Teppiche Möbel Schmuck Edel- u. a. Metalle Keramik Francofurtensien: Graphische Sammlung aus Nachlass U*** und anderem Privatbesitz: ... Versteigerung ... 7. Dezember bis ... 10. Dezember 1920,https://historica.unibo.it/handle/20.500.14008/94432,https://historica.unibo.it/server/iiif/64e64667-3935-4702-abaa-b80728dc00ed/manifest
BO0624_84036,"Catalogue des objets d'art et de curiosité, porcelaines de Sèvres, pate tendre, et de Saxe, émaux, miniatures, boites, étuis ...: lundi 20 mars 1911",https://historica.unibo.it/handle/20.500.14008/93455,https://historica.unibo.it/server/iiif/64e77406-d971-4b8a-b59a-5910bcd040fd/manifest
BO0624_83967,"Catalogue des objets d'art et d'ameublement, faïences et porcelaines ... tapisseries du XVIe siècle, tableaux ...: le vendredi 30 avril 1909",https://historica.unibo.it/handle/20.500.14008/93410,https://historica.unibo.it/server/iiif/64f086ca-4db8-45b5-a38b-f7ae009daa30/manifest
BO0624_83916,"Catalogue des tableaux modernes et anciens, aquarelles, pastels, dessins composant la collection de feu M. Jules Cronier ...: Galerie Georges Petit, les mercredi 11 et jeudi 12 mars 1908",https://historica.unibo.it/handle/20.500.14008/93378,https://historica.unibo.it/server/iiif/650664e0-701e-4223-902d-5d772bd5a5f3/manifest
BO0624_83776,Catalogue de tableaux anciens et modernes ... composant la collection de M. Bercioux: mercredi 29 mars 1905,https://historica.unibo.it/handle/20.500.14008/93286,https://historica.unibo.it/server/iiif/650f2ec5-f24a-481f-ac4f-bbb83cf200e1/manifest
BO0624_88026,"Antiquitäten und Kunstgegenstände sowie Gemälde, Aquarelle etc. ... aus der Hinterlassenschaft verschiedener [gestorben] katholischer württembergischer Pfarrer, des Herrn [gestorben] Kommerzienrat X... sowie eines [gestorben] holländischen Kunstmalers, [gestorben] Stuttgart etc.: Versteigerung: Stuttgart 1912 ... 20. Mai und folgende Tage",https://historica.unibo.it/handle/20.500.14008/94123,https://historica.unibo.it/server/iiif/655a823e-8f8d-41ee-a6f6-c660f354a230/manifest
BO0624_81821,"Catalogo degli oggetti in ferro battuto (già collezione Peruzzi de' Medici) ed altre opere d'arte: le vendite all'asta pubblica avranno luogo in Firenze, Piazza Torino 3 (Villino Volpi) nei giorni 16, 17, 18, 20, 21, 22, 23, 24 aprile 1914 [...]",https://historica.unibo.it/handle/20.500.14008/92796,https://historica.unibo.it/server/iiif/65827fec-c594-4b82-aa1f-c5c7119c2a8b/manifest
BO0624_88179,Gemälde alter Meister Antiquitäten Porzellan und Fayencen ...: Versteigerung ... den 10. Februar 1914 ... den 11. Februar 1914,https://historica.unibo.it/handle/20.500.14008/94233,https://historica.unibo.it/server/iiif/658ac48d-a235-4814-b018-56c60e525a68/manifest
BO0624_83992,"Catalogue des très importants bijoux, colliers de perles fines ... tableaux anciens & modernes ... objets d'art du 18. siècle ... provenant de la collection de M. A. Polovtsoff: Galerie Georges Petit ... les jeudi 2, vendredi 3 et samedi 4 décembre 1909",https://historica.unibo.it/handle/20.500.14008/93430,https://historica.unibo.it/server/iiif/65a737cf-5f60-4d3f-9bf2-3aecfd757d1d/manifest
BO0624_83765,"Catalogue des marbres, bronzes, terres cuites et originaux oeuvres de Ad. Itasse, sculpteur provenant de son atelier ...: dont la vent aura lieu ... le mercredi 28 décembre 1904 ...",https://historica.unibo.it/handle/20.500.14008/93279,https://historica.unibo.it/server/iiif/65a82a7c-b80d-4063-a3d0-83ac0f9df88b/manifest
BO0624_87881,"Ölgemälde meist Französischer meister des 19. Jahrhunderts aus Französischem privatbesitze: Auktion in München in der Galerie Helbing: Dienstag, den 18. Mai 1909",https://historica.unibo.it/handle/20.500.14008/94036,https://historica.unibo.it/server/iiif/65b1f5e9-fbd8-483d-9c09-3047efe8cfe9/manifest
BO0624_87495,Nachlass des verstorbenen Millionärs und Rentiers Herrn Simon Blad Berlin. Gemäldesammlung erster französicher alter Meister ... Die Versteigerung ... den 19. Mai bis ... den 21. Mai 1896 ... zu Berlin. Der Kunstauctionator: F. J. Weissweiler aus Köln z. Z. Berlin. Der Expert Martin Albu,https://historica.unibo.it/handle/20.500.14008/93780,https://historica.unibo.it/server/iiif/65c60c20-7907-4a3e-8691-b11491bfbf59/manifest
BO0624_15268,"Catalogue de la collection de bronzes italiens des 15., 16. siècles et autres appartenant à monsieur G. et dont la vente aura lieu a Paris, Hôtel Drouot, le vendredi 1. mars 1912 ...",https://historica.unibo.it/handle/20.500.14008/92506,https://historica.unibo.it/server/iiif/65d03dc4-b334-4459-a55f-571f3ecc243d/manifest
BO0624_83904,"Catalogue des objets d'art et d'ameublement, porcelaines de Chine et autres, pendules & bronzes anciens et modernes ... tableaux anciens par C. Béga, Berckheyden ... provenant de la succession de Mme la duchesse de Talleyrand & Sagan ... la vente aura lieu a Paris en son Hôtel ... les mercredi 19 et jeudi 20 juin 1907",https://historica.unibo.it/handle/20.500.14008/93371,https://historica.unibo.it/server/iiif/65fc2f72-0862-404d-b7d7-56d6a5654d40/manifest
BO0624_83845,Catalogue des objets d'art et d'ameublement ... tableaux anciens ... succession de M.me la Marquise de Montault: lundi 21 et mardi 22 mai 1906,https://historica.unibo.it/handle/20.500.14008/94752,https://historica.unibo.it/server/iiif/66054e25-e0a4-445a-8269-757d10604d8a/manifest
BO0624_83741,"Catalogue des objets d'art et d'ameublement, faiences, ivoires, bronzes, statuette et groupes en bois sculpté ... tableaux, meubles ... le tout appartenant à Madame ...: le samedi 7 mai 1904 ...",https://historica.unibo.it/handle/20.500.14008/92824,https://historica.unibo.it/server/iiif/661a6115-f59d-4851-bb2e-69137d806b40/manifest
BO0624_15351,"Monnaies obsidionales (""noodmunten""), médailles historiques: collection d'un amateur hollandais connu: campagne des espagnols aux pays-bas a la fin du 16. siècle ... la vente aura lieu vendredi 1. décembre 1911 ... [sous la direction] de Frederik Muller & Cie",https://historica.unibo.it/handle/20.500.14008/92512,https://historica.unibo.it/server/iiif/663442c6-e41e-4b38-af22-397b5d94cbf8/manifest
BO0624_87887,Sammlung Dr. Adolf Hommel Zürich. Kunstgegenstände und Antiquitäten: Versteigerung zu Zürich,https://historica.unibo.it/handle/20.500.14008/94040,https://historica.unibo.it/server/iiif/663c8763-0790-474c-be75-44028dcbe5af/manifest
BO0624_51174,"Illustrated catalogue of furniture, paintings and other artistic property from the Barbiano Palace near Bologna ... to be sold at unrestricted public sale at the American Art Galleries [december 20 and 21, 1923]",https://historica.unibo.it/handle/20.500.14008/92696,https://historica.unibo.it/server/iiif/665be21b-2dc5-4968-92f1-65b80c565bac/manifest
BO0624_84201,"Catalogue des objets d'art et d'ameublement, faiences, boites, jades, sculptures, par Clodion, Marin, etc. meubles ... tableaux anciens et modernes ...: dont la vente aura lieu à Paris ... le vendredi 29 mai 1914 ...",https://historica.unibo.it/handle/20.500.14008/93583,https://historica.unibo.it/server/iiif/666dcb5c-3d75-4113-9a39-9538c33a72e6/manifest
BO0624_84040,"Catalogue des objets d'art et d'ameublement des époques gothique, Renaissance, Louis 14. et principalement du 18. siècle, porcelaines de Chine et du Japon, Saxe, Chantilly, Mennecy, Vincennes, Saint-Cloud et autres ...: lundi 27, mardi 28, mercredi 29, jeudi 30, vendredi 31 mars et samedi 1. avril 1911",https://historica.unibo.it/handle/20.500.14008/93458,https://historica.unibo.it/server/iiif/667497cf-c56c-4a25-8a9d-b4e008615595/manifest
BO0624_81872,Catalogo della vendita di parte della raccolta del Prof. Piero Tozzi e di una Famiglia Patrizia Fiorentina ... che verrà eseguita ... in Firenze: Esposizione Venerdì 15 ... Domenica 17 Giugno 1928 ... Vendita da Lunedì 18 a Giovedì 21 Giugno,https://historica.unibo.it/handle/20.500.14008/92906,https://historica.unibo.it/server/iiif/669f8ef4-e2c6-4ef4-9fe5-f93f5e0cc14d/manifest
BO0624_87630,Werthvolle Schmückstucke in Brillanten und farbigen Edelstein sowie Perl-Colliers. Silbergeräth ... Oeffentliche Versteigerung ... den 10. December 1901 ...,https://historica.unibo.it/handle/20.500.14008/93854,https://historica.unibo.it/server/iiif/66a3af76-0fd6-4ad5-9023-60acba5ad5d6/manifest
BO0624_87951,"Ölgemälde moderner Meister sowie Aquarelle, Pastelle, Zeichnunggen, Grapische und Plastische Arbeiten aus dem Besitze des Bayerischen Vereins fur Volkskunst und Volkskunde in Munchen: Auktion in München in der Galerie Helbing, Montag, den 27. Marz 1911 und Folgende Tage",https://historica.unibo.it/handle/20.500.14008/94080,https://historica.unibo.it/server/iiif/66bf011d-7c27-4297-ab53-3113226849bc/manifest
BO0624_84207,"Catalogue des tableaux anciens et modernes, dessins, aquarelles, pastels par: Bilcoq, H. Met de Blès, C. Rosalba, Desportes, Ch. Eisen, J. Fyt, Dirck-Hals, M. de Hondekoeter, J.-B. Huet, Hughtenbourg ... Faiences et porcelaines, orfévrerie, bronzes d'art et d'ameublement, meubles et sièges, sculptures en marbre, terre cuite ... tapisserie ...: la vente, par suite de décès de madame N... D..., aura lieu ... les mercredi 17 et jeudi 18 juin 1914 ...",https://historica.unibo.it/handle/20.500.14008/93589,https://historica.unibo.it/server/iiif/6705e6c1-ce4f-4d53-8209-0131a3627bd3/manifest
BO0624_87808,"Antiquitäten, Kunst- und Einrichtungsgegenstände, Ölgemälde alter und neuer Meister sowie eigene Arbeiten (Gemälde, Aquarelle und Handzeichnungen) aus dem Nachlasse des verstorbenen Herrn Kgl. Hoftheatermaler Christian Jank, München: Auktion in München in der Galerie Helbing ... den 7. Oktober 1907",https://historica.unibo.it/handle/20.500.14008/93980,https://historica.unibo.it/server/iiif/671184e9-2ad9-4aea-a726-df7da6710c3e/manifest
BO0624_83846,Catalogue des objets d'art et d'ameublement ... tableaux anciens ...: mercredi 23 mai 1906,https://historica.unibo.it/handle/20.500.14008/93331,https://historica.unibo.it/server/iiif/67164e76-95d2-4e4e-b3aa-ae5e134931da/manifest
BO0624_88618,Sammlung Kommerzienrat Jacques Muhsam Berlin: Holzplastik,https://historica.unibo.it/handle/20.500.14008/94762,https://historica.unibo.it/server/iiif/6718b39a-2581-47b0-a18d-79b0f2d78069/manifest
BO0624_83888,"Catalogue des tableaux modernes, aquarelles & dessins par Jules Dupré ... objets d'art & d'ameublement, anciennes porcelaines de Chine, orfèvrerie allemande des XVIIe & XVIIIe siècles, pendules, meubles, tapisseries composant la collection de feu M. H. ...: Hotel Drouot, le vendredi 10 mai 1907",https://historica.unibo.it/handle/20.500.14008/93358,https://historica.unibo.it/server/iiif/672f92d7-7f42-41bc-a9a1-101415ea7923/manifest
BO0624_88136,"Gemälde des 16. bis 20. Jahrhunderts: 1. Auktionstag: Gemälde und Acquarelle neuerer Künstler 2. Auktionstag: Gemälde alter Meister dabei dei hinterlassene Sammlung des Herrn Emil Lachmann, Berlin: ... Versteigerung: ... den 30. September 1913 ... den 1. Oktober 1913",https://historica.unibo.it/handle/20.500.14008/94201,https://historica.unibo.it/server/iiif/673034f6-fc03-40bb-8c7b-0d4fa313bda8/manifest
BO0624_88591,"Gemälde neuerer Meister: Versteigerung Dienstag, den 13. April 1926",https://historica.unibo.it/handle/20.500.14008/94542,https://historica.unibo.it/server/iiif/679dd02f-0b2e-4ae4-b0c9-2290479a4d96/manifest
BO0624_88571,"Gemälde aus Hamburger und anderem Besitz: Japan-, China- und Orient Kunstgegenstände Porzellane, Fayencen, Kristalle, Bronzen: Orient-Teppiche und Verbindungstücke Zimmer- Einrichtungen und StilMöbel: Versteigerung: Dienstag, den 13. Oktober, Gemälde, Mittwoch, den 14. Oktober, Kleinkunst, Donnerstag, den 15. Oktober, Teppiche und Möbel, Freitag, den 16. Oktober, herrschaftliche Mobilien etc.",https://historica.unibo.it/handle/20.500.14008/94529,https://historica.unibo.it/server/iiif/67cb16c6-05cd-461f-b32c-bc4e058eb3f1/manifest
BO0624_87371,"Catalog der Kunst-Sammlungen aus dem Nachlasse des zu Dusseldorf verstorbenen Historienmalers herrn prof. Wilh. Camphausen: Waffen, Militar-Costumstucke, Arbeiten in Metall und Holz, Gemalde, Kupferstiche etc.: versteigerung zu Dusseldorf, den 11. u. 12. Dezember 1885 ... durch J. M. Heberle (H. lempertz' Sohne) aus Koln",https://historica.unibo.it/handle/20.500.14008/93698,https://historica.unibo.it/server/iiif/67e5c3e1-6390-47db-8793-82191dbc27bf/manifest
BO0624_83640,"Catalogue des objets d'art et de riche ameublement, tabatières, châtelaines ... le tout dépendant de l'importante collection de M. D... de G...: lundi 1... jeudi 4 juin 1896",https://historica.unibo.it/handle/20.500.14008/93231,https://historica.unibo.it/server/iiif/68087ad4-b07e-4c1b-9e16-e7b0a65f610c/manifest
BO0624_88714,Einrichtung und Sammlung S. M. Berlin: ... Versteigerung ... den 14. Mai 1928 ... den 15. Mai 1928,https://historica.unibo.it/handle/20.500.14008/94641,https://historica.unibo.it/server/iiif/681f0876-1575-4781-8202-abbc3f116a8f/manifest
BO0624_84245,"Catalogue des tableaux anciens, tableaux modernes, objets d'art et de curiosité, importantes tapisseries, composant la collection Engel-Gros ...: la vente aura lieu à Paris ... les lundi 30, mardi 31 et mercredi 1er juin 1921 ...",https://historica.unibo.it/handle/20.500.14008/93622,https://historica.unibo.it/server/iiif/684651b2-10cc-4da2-a7f2-d62d487f9230/manifest
BO0624_87436,Katalog der inneren Ausstattung des Ateliers und der Wohnung des Historienmalers Herrn prof. Ferd. Wagner in München: Versteigerung zu München den 26. und 27. September 1892 durch J.M. Heberle (H. Lempertz' Söhne) aus Köln,https://historica.unibo.it/handle/20.500.14008/93743,https://historica.unibo.it/server/iiif/68480049-859c-4661-a6e4-f2dcda35b557/manifest
BO0624_87524,"Versteigerung von Porzellanen, Fayencen, Arbeiten ... herrürhend aus der Sammlung der Baronin E. de Wellens-Homburg und Anderer ... [Versteigerung zu Köln am 26. und 27. Juli 1897]",https://historica.unibo.it/handle/20.500.14008/93798,https://historica.unibo.it/server/iiif/6851ec3a-3ee0-43a8-baa7-5459dc6201cb/manifest
BO0624_66089,"Catalogue of decorative furniture, the property of ... Lord Revelstoke: Sèvres and Dresden porcelain ... Earl of Balfour ... porcelain and decorative objects: thursday, july 18, 1929",https://historica.unibo.it/handle/20.500.14008/93210,https://historica.unibo.it/server/iiif/6865e237-18d7-41e1-b8bf-4fed149a2d4b/manifest
BO0624_83876,"Catalogue des tableaux modernes, pastels et aquarelles ... composant la collection de M. George Viau: le Lundi 4 Mars 1907",https://historica.unibo.it/handle/20.500.14008/93346,https://historica.unibo.it/server/iiif/689ddaab-7145-46b7-af5f-a0cf3dd714a5/manifest
BO0624_83780,"Catalogue des objets d'art et d'ameublement, porcelaines, objets de vitrine, pendules, bronzes, meubles, miniatures, par Hall, tableaux par: le Prince, Pater, Léopold Robert Scheneau ...: jeudi 13, vendredi 14 et samedi 15 avril 1905",https://historica.unibo.it/handle/20.500.14008/93288,https://historica.unibo.it/server/iiif/68c17942-b663-4d9b-84cf-47796b17c7cc/manifest
BO0624_88523,Meisterwerke der Malerei des 19. und 20. Jahrhunderts u. a. Sammlung F. O. Soeding Westfalen ... mit 26 Tafeln Abbildungen [Versteigerung ... 15 Mai 1923],https://historica.unibo.it/handle/20.500.14008/94497,https://historica.unibo.it/server/iiif/68d79865-874d-43ec-a7a7-8bb7be9ff956/manifest
BO0624_87743,"Catalog einer Sammlung von wertvollen Gemälden meist alter Meister, Handzeichnungen etc. sowie Antiquitäten, Kunst- und Schmuck-Gegenständen aus Rücklass und Familien-Besitz: Versteigerung zu München ... Dienstag, den 28. November und folgende Tage unter Leintung des Herrn Carl Maurer",https://historica.unibo.it/handle/20.500.14008/93932,https://historica.unibo.it/server/iiif/6960c4f1-b1c3-4bb4-bb38-c1594b1ca45c/manifest
BO0624_88150,Gemälde-Galerie Lorenz - Hamburg hervorragende Werke alter Meister: antike Möbel und Kunstgewerbe aus verschiedenem Besitz: Auktion 28. und 29. Oktober,https://historica.unibo.it/handle/20.500.14008/94214,https://historica.unibo.it/server/iiif/69d00098-8164-4720-8606-5a091c663588/manifest
BO0624_66076,"Catalogue of old English silver plate, chiefly the 17. and 18. centuries, foreign silver and old Sheffield plated articles, the property of Reginald Astley ...: wednesday, april 10, 1929",https://historica.unibo.it/handle/20.500.14008/93197,https://historica.unibo.it/server/iiif/69db026b-3f7e-4677-bce8-6a730f66b9ec/manifest
BO0624_88413,Kunstgewerbliche Gegenstände Möbel Textilien Gemälde moderner Meister aus fürstlichem Besitz [Versteigerung in München in der Galerie Helbing ... den 16. und ... den 17. März 1920],https://historica.unibo.it/handle/20.500.14008/94400,https://historica.unibo.it/server/iiif/69fd2e7d-0796-4931-b476-120d237cb564/manifest
BO0624_88519,Gemälde alter Meister: Handzeichnungen Kupferstiche: ... Versteigerung ... den 6. März und den 7. März 1923,https://historica.unibo.it/handle/20.500.14008/94493,https://historica.unibo.it/server/iiif/6a285e00-5f3b-4203-85c0-12f6a5698a81/manifest
BO0624_88365,Verzeichnis der Sammlung Gogel Gemälde älterer Meister: und Sammlung Grebenstein Meister des 19. Jahrhunderts: Versteigerung ... den 18. Februar 1919 ... in Frankfurt a. Main ...,https://historica.unibo.it/handle/20.500.14008/94364,https://historica.unibo.it/server/iiif/6a5e38aa-fcdc-4adf-8fc1-c70fd459bf7c/manifest
BO0624_81747,Catalogue Des objets d'Art et d'ameublement qui garnissent le Grand appartement au premier etage du Palais du prince Borghese a Rome,https://historica.unibo.it/handle/20.500.14008/93222,https://historica.unibo.it/server/iiif/6aa41eab-46bd-4b3d-ba6b-8d1b47c1f46c/manifest
BO0624_83905,"Collections de M. Edouard Chappey: Tome V: Catalogue des objets d'art et d'ameublement, porcelaines de Sèvres et de Saxe, éventails, montres, objets de vitrine ... dessins et tableaux dépendant des collections de M. Edouard Chappey ...: Hotel Drouot, lundi 11 au jeudi 21 novembre 1907",https://historica.unibo.it/handle/20.500.14008/93372,https://historica.unibo.it/server/iiif/6abcd725-2464-447f-9cb3-a806d333d063/manifest
BO0624_88783,"Antiquitäten, Keramik, Gläser, Wand- u. Orientteppiche, Waffen, Möbel, Skulpturen, alte Gemälde: aus den Nachlässen Frau Hofrat Lesky, Mainz, Prof. A. v. Ramberg, München, Dr. Rich. Paulus, München u. aus anderem Privatbesitz. Versteigerung: München, 11-12 Juli 1929",https://historica.unibo.it/handle/20.500.14008/94702,https://historica.unibo.it/server/iiif/6ac5eba6-d003-418f-80b1-bb1340bdb712/manifest
BO0624_88210,"Ölgemälde Moderner Meister aus dem Besitze des Herrn Regierungsbaumeister Paul Sachs, München und aus anderem Privatbesitz: Auktion in München in der Galerie Helbing ... den 26. Mai 1914",https://historica.unibo.it/handle/20.500.14008/94250,https://historica.unibo.it/server/iiif/6ada5735-e13b-462e-ab1a-e17e3df37a64/manifest
BO0624_88795,"Sammlung Fritz August v. Kaulbach München: Gemälde alter Meister des 14.-18. Jahrhunderts, antike Plastiken, Bildwerke in Holz, altes Kunstgewerbe, Wand- u. Orientteppiche, Glasgemälde, Stoffe, Stickereien, Möbel, ostasiatische Kunst ; [Versteigerung ... München ...Dienstag den 29 und Mittwoch den 30 Oktober 1929 ...]",https://historica.unibo.it/handle/20.500.14008/94713,https://historica.unibo.it/server/iiif/6ae85dea-f2f6-443c-adf3-42aa5a4b8a50/manifest
BO0624_88670,"Siebente Dresdner Kunst- und Antiquitäten-Versteigerung aus Braunschweigischem SchlÖ-, Dresdner Museum- und anderem Besitz, darunter der Besitz des Herrn K.: Gemälde Handzeichnungen Aquarelle ...: ... Versteigerung ... den 7. November 1927 ... 8. November 1927",https://historica.unibo.it/handle/20.500.14008/94601,https://historica.unibo.it/server/iiif/6b19624e-37a1-48f1-8419-4dde15a65c24/manifest
BO0624_83830,"Catalogue des tableaux anciens par Aved, P. Boel, Boucher ...: lundi 26 mars 1906",https://historica.unibo.it/handle/20.500.14008/93321,https://historica.unibo.it/server/iiif/6b67bc63-1a10-45ff-8f29-277f973db112/manifest
BO0624_84071,"Catalogue des tableaux par Béraud, Boudin ... objets d'art et d'ameublement ... sculptures du 18. siècle et autres, buste en bronze du 16. siècle ...: jeudi 23, vendredi 24 et samedi 25 novembre 1911",https://historica.unibo.it/handle/20.500.14008/93483,https://historica.unibo.it/server/iiif/6b6d859d-8429-45e6-a548-a36ea6248640/manifest
BO0624_81903,"Catalogo della vendita all'asta della Raccolta Pozzi: Galleria Lurati, Milano: esposizione ... marzo 1931: vendita ... marzo 1931",https://historica.unibo.it/handle/20.500.14008/92947,https://historica.unibo.it/server/iiif/6b6e8578-1216-4cb4-9f5c-67ea5bea3c29/manifest
BO0624_88730,"Sammlung Gen.-Dir. Max Singewald - Leipzig und anderer Besitz: Gemälde alter Meister des 15.-18. Jahrhunderts der deutschen, holländischen und italienischen Schule; [Versteigerung: Frankfurt, den 11. Oktober 1927]",https://historica.unibo.it/handle/20.500.14008/94656,https://historica.unibo.it/server/iiif/6b8f79cf-c02c-4267-be96-344fbf714404/manifest
BO0624_84288,"Tableaux anciens et modernes, oeuvres de R.-P. Bonington ...: jeudi 27 & vendredi 28 mai 1926",https://historica.unibo.it/handle/20.500.14008/93652,https://historica.unibo.it/server/iiif/6c027630-54ee-4fae-a1e3-5c146efd8b7f/manifest
BO0624_87389,"Katalog der Kunstgegenstände, Gemälde, Marmor-Statuen, Bronze und Porzellan etc, aus dem von Herrn Commerzienrat Geo Ehni erworbenen beru¨hmten Nachlass: Versteigerung zu Stuttgart in der Gewerbehalle, Montag den 1. Oktober 1888 und die folgenden Tage",https://historica.unibo.it/handle/20.500.14008/93711,https://historica.unibo.it/server/iiif/6c186549-39f5-4e0b-90d3-79ec24a51ff7/manifest
BO0624_87451,"Katalog der reichhaltingen und ausgewählten Kunst-Sammlung des Museums Christian Hammer in Stockholm. Serie 2. Töpfereien, Majoliken ... Versteigerung zu Köln den 29. Mai bis 3. Juni 1893 durch J. M. Heberle (H. Lempertz' Söhne)",https://historica.unibo.it/handle/20.500.14008/93750,https://historica.unibo.it/server/iiif/6c1f4f66-2e89-416d-8a4c-69c757411f63/manifest
BO0624_81803,"Catalogo n. 97: Galleria del N. H. Carlo Zen, quadri antichi di scuole italiane e straniere in vendita all'incanto",https://historica.unibo.it/handle/20.500.14008/92772,https://historica.unibo.it/server/iiif/6c226005-e279-42d0-a08c-1139c5d2c461/manifest
BO0624_88397,Ölgemälde moderner Meister aus vorwiegend süddeutschem Privatbesitz: Auktion in der Galerie Helbing ... den 18. November 1919,https://historica.unibo.it/handle/20.500.14008/94386,https://historica.unibo.it/server/iiif/6c254914-2887-40e6-885d-aea754509010/manifest
BO0624_81818,Catalogue de la collection Battistelli,https://historica.unibo.it/handle/20.500.14008/92783,https://historica.unibo.it/server/iiif/6c279582-2277-4e72-9c3c-ee388749cd24/manifest
BO0624_87842,"Antiquitäten altes Kunstmobiliar aus dem Besitz eines berliner ausländischen diplomaten und des Herrn M.V. in Weimar ...: Ölgemälde alter Meister dabei collection des Herrn M. V., Weimar: Ausstellung, Sonntag, den 17. und Montag, den 18. mai 1908; Versteigerung, Dienstag, den 19. und Mittwoch, den 20. Mai",https://historica.unibo.it/handle/20.500.14008/94009,https://historica.unibo.it/server/iiif/6c846653-0663-48a4-a292-07ea6ade2dfa/manifest
BO0624_87393,Catalog der ausgewälten Sammlung von antiken Möbeln und Ausstattungsgegenstände aus dem Nachlasse des verstorbenen Herrn Bildhauers Prof. Christian Mohr zu Köln: Versteigerung zu Köln den 24. October 1888 ... durch J. M. Heberle (H. Lempertz' Söhne) ...,https://historica.unibo.it/handle/20.500.14008/93713,https://historica.unibo.it/server/iiif/6c96a02a-8ba9-42b1-aabd-693103b15f16/manifest
BO0624_87625,"Gemälde neuer Meister sowie zwei Hauptwerke von Bart. Estéban Murillo und Casp. Verbruggen die Galerie eines Berliner Privatmannes: der künstlerische Nachlass der Professoren Carl Becker und Hermann Eschke: Handzeichnungen-Collectionen aus dem Nachlasse des Herrn Julius Peiser: Sammlung kostbarer Pastelle Miniaturen Zeichnungen und Vivatband von Daniel Chodowiecki aus dem Besitze der Urenkelin des Meisters, der Frau Apotheker Zech in Eberswalde ... Oeffentliche Versteigerung ... den 19. und ... den 21. November 1901",https://historica.unibo.it/handle/20.500.14008/93851,https://historica.unibo.it/server/iiif/6c99f23a-ff1d-4835-9115-7a4bb63d74e2/manifest
BO0624_81861,Catalogo di una scelta collezione di oggetti d'arte antica - mobili - quadri - arazzi ... appartenenti al Dott. Claudio Argentieri ... che saranno posti in vendita all'asta nel Palazzo Ancajani in Spoleto dal 21 al al 14 settembre 1927,https://historica.unibo.it/handle/20.500.14008/92914,https://historica.unibo.it/server/iiif/6d067738-d198-48e8-b048-6a58d2891922/manifest
BO0624_88092,Antiquitäten. Privat-Museum A. Paulsen in H. u.a. ... Versteigerung: ... den 4. und ... den 5. März 1913,https://historica.unibo.it/handle/20.500.14008/94168,https://historica.unibo.it/server/iiif/6d12997b-f1ea-40ec-86a0-134d6023efe0/manifest
BO0624_88441,Gemälde Aquarelle Pastelle Handzeichnungen erster Meister unserer Zeit: ... Versteigerung ... 19. Oktober 1920 ... 34 Abbildungen,https://historica.unibo.it/handle/20.500.14008/94422,https://historica.unibo.it/server/iiif/6d4068af-c24a-463a-b3a4-83196ff2d47d/manifest
BO0624_84292,Catalogue des objets d'art et d'ameublement ...: vendredi 10 décembre 1926,https://historica.unibo.it/handle/20.500.14008/93655,https://historica.unibo.it/server/iiif/6d6271d4-9053-4621-99d1-f1bc5fc8d1eb/manifest
BO0624_83692,"Tableaux anciens, pastels, gouaches et dessins miniatures ...: vendredi 24 mai 1901",https://historica.unibo.it/handle/20.500.14008/93269,https://historica.unibo.it/server/iiif/6d686a1d-38d6-46af-97f9-b5032b7e764e/manifest
BO0624_88645,"Gemälde Alter Meister Sammlung A. Revius, den Haag und anderer Besitz: darunter ein Werk vom Kölnischen Meister des Aachener Altares aus einem Westdeutschen Adelsschloss: Versteigerung: Dienstag, 3. Mai 1927",https://historica.unibo.it/handle/20.500.14008/94583,https://historica.unibo.it/server/iiif/6d8722a0-bc7d-4240-a99a-9be5c4c25db1/manifest
BO0624_87688,"Gemälde in Oel und Tempera von Meistern des 15.-18. Jahrhunderts: dabei zwolf Gemälde aus der Sammlung Adam Gottlieb Thiermann, Berlin sowie Beitrage aus verschiedenen anderen Kollektionen: Ausstellung: Sonntag, 17. April und Montag, 18. April 1904; Versteigerung: Dienstag, 19. April 1904",https://historica.unibo.it/handle/20.500.14008/93890,https://historica.unibo.it/server/iiif/6d8f62e2-e708-4b56-b786-21f6053e817c/manifest
BO0624_87437,"Verzeichniss der Waffen und Rüstungen Bekleidungsstücke Musikinstrumente, Uhren, Münzen, Medaillen Antiquitäten und Kunstgegenstände sowie einer Kleinen Gemäldesammlung welche aus dem Besitz un im Auftrag der Herrn Johann Mayer ... den 10. October 1892 und folg. Tage ... in Frankfurt a. M. öffentlich versteigert werden ...",https://historica.unibo.it/handle/20.500.14008/93744,https://historica.unibo.it/server/iiif/6d9a5152-cce7-4282-a5ef-891b9033b201/manifest
BO0624_87991,"Ölgemälde moderner Meister dabei Arbeiten von P. Cezanne, J. B. C. Corot, G. Courbet ... Im Anhang eine kleine Kollektion moderner Gemälde aus Privatbeistz ...",https://historica.unibo.it/handle/20.500.14008/94103,https://historica.unibo.it/server/iiif/6da93c4e-778a-48d1-b422-6dacfce94454/manifest
BO0624_87850,Antiquitäten aus alt-adeligem Familienbesitz: Ölgemälde alter Meister aus verschiedenem Besitz ... Versteigerung ... den 13. Oktober 1908 ... den 14. und ... den 15. Oktober,https://historica.unibo.it/handle/20.500.14008/94016,https://historica.unibo.it/server/iiif/6dc88321-1360-41bc-91d5-c3bf113e4be2/manifest
BO0624_84078,"Catalogue des objets d'art et d'ameublement des 16., 17. et 18. siècles, tableaux anciens et modernes, porcelaines et faiences, sculptures anciennes ...: jeudi 14 décembre 1911",https://historica.unibo.it/handle/20.500.14008/93489,https://historica.unibo.it/server/iiif/6e163d38-d5ff-44e6-a678-9eaee5d1bc27/manifest
BO0624_88771,Fayencen aus deutschen Manufakturen - Sitz- und StandMöbel des 18. Jahr.: Gemälde alter Meister Ostasiatisches Kunstgewerbe ... Beiträge aus Sammlung B. Hamburg ... mit zwölf Tafeln [Versteigerung ... den 13. Mai],https://historica.unibo.it/handle/20.500.14008/94690,https://historica.unibo.it/server/iiif/6e2e8e1b-5831-4b87-9789-dd0c1f9d76c5/manifest
BO0624_5507,"Catalogo dei mobili antichi la maggior parte veneziani di legno laccato e dipinto a tempera, tappeti turchi grandi, quadri ed altri oggetti antichi, mobili ordinari per uso di famiglia e quant'altro già appartenuto alla defunta Signora Cont.ssa Di Majo ...: la vendita al pubblico incanto verrà effettuata nei giorni 13, 14 e 15 febbraio 1911 ad ore 15 in Pisa ...",https://historica.unibo.it/handle/20.500.14008/93007,https://historica.unibo.it/server/iiif/6e55b23b-36f2-4357-b7a1-16d976c5f52c/manifest
BO0624_87546,"Katalog einer Sammlung Ölgemälde alter und neuerer Meister aus verschiedenem Besitze: Auktion in München in den Oberlichtsälen Theatinerstrasse 15, Donnerstag den 30. Juni ... unter Leitung des Kunsthändlers Hugo Helbing in München",https://historica.unibo.it/handle/20.500.14008/93809,https://historica.unibo.it/server/iiif/6e66c43a-c655-42a2-95b9-e980d892fc3d/manifest
BO0624_81767,Catalogo degli Oggetti d'Arte Antichi e mobili artistici appartenenti alla LL.EE. ... Marchese Longhi - Ovidi ... Donna Sofia de Luca Kenedin ... Don Marcantonio Colonna dei Principi di Stigliano ...: La vendita al pubblico incanto avrà luogo in Roma nella Galleria Giuseppe Giacomini ... 26 marzo ... 7 aprile 1906,https://historica.unibo.it/handle/20.500.14008/92747,https://historica.unibo.it/server/iiif/6e852d8f-5ce7-4870-951d-ee28903ca008/manifest
BO0624_88663,"Sammlung Pearson, Paris: Französische Meister ... Versteigerung: Dienstag, den 18. Oktober 1927 bei Paul Cassirer, Berlin",https://historica.unibo.it/handle/20.500.14008/94597,https://historica.unibo.it/server/iiif/6e98be3f-5e60-4195-9160-4c660d09a23e/manifest
BO0624_83696,"Catalogue des tableaux anciens et modernes, aquarelles, dessins, pastels, miniatures par Boucher, Ducreux ... objets d'art & de riche ameublement, anciennes porcelaines de Saxe & de Chine ...: lundi 16 ... jeudi 19 décembre 1901",https://historica.unibo.it/handle/20.500.14008/92801,https://historica.unibo.it/server/iiif/6eacd5ec-d82d-423d-b866-e7f639864c5e/manifest
BO0624_84145,"Catalogue des Tableaux Anciens: *Ècoles anglaise et française du 18. siècle, objets d'art et d'ameublement dont la vente par suite du décès de M. Eugène Kraemer aura lieu à Paris, Galerie Georges Petit, les lundi 28 et mardi 29 avril 1913",https://historica.unibo.it/handle/20.500.14008/93542,https://historica.unibo.it/server/iiif/6ee6ab7e-62e2-466e-bc34-bacc37dddd75/manifest
BO0624_87636,"Katalog von vortrefflichen Gemälden alter Meister, verwiegend aus der Sammlung des Herrn Ewald Friedrich Grafen von Hertzberg ... sowie aus dem Nachlasse Sr. Durchlaucht des Prinzen A. zu Solms-Braunfels und das Herrn Präsidenten Arthur in Trier: Versteigerung zu Köln den 10. un 11. März 1902 ... durch J. M. Heberle (H. Lempertz' Söhne)",https://historica.unibo.it/handle/20.500.14008/93858,https://historica.unibo.it/server/iiif/6f176ca4-e635-4478-a2a7-334007c079a4/manifest
BO0624_87826,Ölgemälde alter Meister aus ausländischem Privatbesitze: Auktion in München in der Galerie Helbing ... den 10. Dezember 1907,https://historica.unibo.it/handle/20.500.14008/93995,https://historica.unibo.it/server/iiif/6f19ce19-b3ea-456d-a52c-720328ae6f24/manifest
BO0624_83837,"Catalogue des objets d'art et d'ameublement, faiences et porcelaines ...: mercredi 25 et jeudi 26 avril 1906",https://historica.unibo.it/handle/20.500.14008/93325,https://historica.unibo.it/server/iiif/6f25a215-400d-433d-8b5f-5cba96d1415e/manifest
BO0624_84105,"Catalogue des tableaux anciens et gouaches ... bronzes, porcealaines, faiences, marbre, meubles et sièges, tapisserie dont la Vente ... aura lieu ... le vendredi 3 mai 1912",https://historica.unibo.it/handle/20.500.14008/93509,https://historica.unibo.it/server/iiif/6f681d14-4aeb-463a-8dba-e7476c8d645f/manifest
BO0624_81888,"La raccolta Aldo Noseda: Galleria Pesaro, Milano, dicembre 1929",https://historica.unibo.it/handle/20.500.14008/92954,https://historica.unibo.it/server/iiif/6fea2728-0327-4b9c-97e6-1ce6208edc1f/manifest
BO0624_88707,"Sammlung Dr. Freiherr von Heintze: Gemälde Alter Meister: aus Berliner Privatbesitz, Antike Möbel und Kunstgewerbe, Ausgrabungen China, Fayence, Porzellan: Versteigerung: Dienstag, den 24. April 1928",https://historica.unibo.it/handle/20.500.14008/94636,https://historica.unibo.it/server/iiif/7006d7fd-bcdd-4c6a-b42f-3b3b4dadd05f/manifest
BO0624_83881,"Catalogue des tableaux, pastels, aquarelles, dessins & eaux-fortes de A. André, Boudin ... composant la collection de M. George Viau et dont la vente aura lieu à Paris, Galeries Durand-Ruel, les jeudi 21 et vendredi 22 mars 1907",https://historica.unibo.it/handle/20.500.14008/93351,https://historica.unibo.it/server/iiif/7007c26a-52a9-4b83-af29-0ac838f3a30d/manifest
BO0624_88384,Ölgemälde moderner Meister aus vorwiegend süddeutschen Besitz: Auktion in München in der Galerie Helbing ... den 9. Juli 1919,https://historica.unibo.it/handle/20.500.14008/94378,https://historica.unibo.it/server/iiif/7028e722-4388-466c-9c13-db442854feb1/manifest
BO0624_81797,"Catalogo n. 92: Quadri e disegni antichi, marmi, bronzi, maioliche, porcellane, incisioni, mobili, trine, stoffe, tappeti, oggetti d'arte in vendita al pubblico incanto",https://historica.unibo.it/handle/20.500.14008/92766,https://historica.unibo.it/server/iiif/703a55dc-4262-4146-ba9c-f3832477e4fc/manifest
BO0624_87642,"Gemälde alter Meister. Antiquitäten. Dabei die Collection des Herrn Dr. O. M., Berlin, der Nachlass der Frau Anni Clothilde Violet und des Herrn Geh. Justizrath R. Kirchner ... Versteigerung ... den 7. Oktober 1902 und folgende Tage",https://historica.unibo.it/handle/20.500.14008/93861,https://historica.unibo.it/server/iiif/7043e820-9386-4e4b-958b-86e04afffa3c/manifest
BO0624_83619,"Raccolta von Kirchberg: dipinti, mobili, oggetti antichi, cornici: esposizione: 14-17 novembre: vendita all'asta: 18-22 novembre",https://historica.unibo.it/handle/20.500.14008/92974,https://historica.unibo.it/server/iiif/70627422-093a-48c9-8479-e5be7170581e/manifest
BO0624_84223,"Catalogue des tableaux anciens, pastels, oeuvres de F. Boucher, J.-B.-S. Chardin, F. Goya ... acquarelles, dessins, gouaches ... objets d'art et d'ameublement du 18. siècle et autres ... dont la vente après décès de m. Sigismond Bardac aura lieu à Paris ... les lundi 10 et mardi 11 mai 1920 ...",https://historica.unibo.it/handle/20.500.14008/93603,https://historica.unibo.it/server/iiif/70c14279-fcea-4266-aec4-a182fa733cee/manifest
BO0624_83683,"Catalogue des tableaux anciens et modernes, tapisseries, provenant de la collection de M.: lundi 17 décembre 1900",https://historica.unibo.it/handle/20.500.14008/93264,https://historica.unibo.it/server/iiif/70e90ed6-3089-417b-9c0b-bed9177e69e4/manifest
BO0624_84190,"Catalogue des dessins, aquarelles et gouaches de l'école française du 18. siècle ... Composant la collection particulière de m. E.M. Hodgkins don la vente aura lieu à Paris, Galerie Georges Petit le jeudi 30 avril 1914 ... ",https://historica.unibo.it/handle/20.500.14008/93574,https://historica.unibo.it/server/iiif/70eddfb9-c085-404a-9161-2454f35521d1/manifest
BO0624_84118,"Catalogue des meubles & objets d'art anciens, commodes en marqueterie de l'epoque Louis 15. par Birckle, L. Dubois et Macret ... appartenant à Madame la Comtesse Benedetti et dont la vente aura lieu ... les mercredi 12 et jeudi 13 juin 1912",https://historica.unibo.it/handle/20.500.14008/93521,https://historica.unibo.it/server/iiif/7101c66a-398d-4e1f-b8e6-a9221d22e0ff/manifest
BO0624_88664,"Gemälde neuerer Meister vorwiegend zweite halfte des 19. Jahrhunderts darunter die Sammlung Arch. Alfred Kurphaupt sowie dessen Lehmbruck-Sammlung 15 Hervorragende Originalplastiken (bronze): Versteigerung...den 18. Oktober, 1927",https://historica.unibo.it/handle/20.500.14008/94598,https://historica.unibo.it/server/iiif/7123d10a-8184-4aec-b694-7b338c8c050e/manifest
BO0624_83941,"Catalogue des tableaux et dessins anciens principalement de l'école française du 18. siècle, sculptures anciennes en marbre, terre cuite, platre, bronze, anciennes porcelaines ... tapisseries des 16., 17. et 18. siècles: Hotel Drouot, le mercredi 10 juin 1908",https://historica.unibo.it/handle/20.500.14008/93394,https://historica.unibo.it/server/iiif/71296c35-ee89-49c7-8286-957c51f0cc03/manifest
BO0624_83853,"Catalogue des tableaux modernes et anciens par Brissot, Corot, Ch. Coypel, Daubigny, Delacroix ... dessins, aquarelles, pastels par Géricault, Gérome, Harpignies, Ingres ... gravures & lithographies par Delacroix, A. Durer ... objets d'art et d'ameublement ...: composant la collection de feu M. Eugène Lecomte ...: lundi 11, mardi 12 et mercredi 13 juin 1906",https://historica.unibo.it/handle/20.500.14008/93335,https://historica.unibo.it/server/iiif/713c8cd1-f7f9-4273-a0a9-7e256ecf7f23/manifest
BO0624_88398,"Alte Gemälde und Antiquitäten aus einem Schlesisischen Schloss und andere Beiträge, darunter Porzellansammlung Dr. Heinrich Rose - Wiesbaden: ... Versteigerung ... den 25. November bis ... den 26. November 1919",https://historica.unibo.it/handle/20.500.14008/94387,https://historica.unibo.it/server/iiif/7172ec71-71e5-4a22-9e16-6623e0826405/manifest
BO0624_84120,"Catalogue des tableaux par: Appian, Bellangé, Breughel de Velours, Allori di Bronzino, Cignani, Corneille Cornélisz dit Corneille van Haarlem Delaposse, Dossi, France le vieux ... composant la collection de monsieur le marquis de Victoire de Heredia: Paris, Hotel Drouot, le samedi 15 juin 1912",https://historica.unibo.it/handle/20.500.14008/93523,https://historica.unibo.it/server/iiif/717f2872-a3a9-4a66-9b3f-faebd79610a4/manifest
BO0624_81893,"Catalogo dei mobili antichi ed alcuni quadri di proprietà dell'antiquario Leopoldo Aretini in vendita al maggiore offerente ... nei giorni: lunedì 17, martedì 18 e mercoledì 19 marzo 1930",https://historica.unibo.it/handle/20.500.14008/92941,https://historica.unibo.it/server/iiif/718ccfe0-753d-494f-90c7-a114d602bdce/manifest
BO0624_81771,"Catalogo della pregevole raccolta di oggetti d'arte antica e moderna e della mobilia di proprietà del signor Benvenuto Cosentini di Napoli: mobili dei secoli 16. al 19., marmi, bronzi, porcellane, maioliche, vetri di Murano ...: Roma, nella casa di vendite Jandolo & Tavazzi, da lunedì 16 marzo a venerdì 3 aprile 1908",https://historica.unibo.it/handle/20.500.14008/92756,https://historica.unibo.it/server/iiif/71e72016-5356-4a34-b660-e92dd543241d/manifest
BO0624_88325,Antiquitäten Kunst- und Einrichtungs-Gegenstände: Skulpturen Möbel Gobelins Alte Gemälde aus dem Besitz eines süddeutschen Sammlers: Versteigerung in der Galerie Helbing in München ... den 26. und ... den 27. Februar 1918,https://historica.unibo.it/handle/20.500.14008/94338,https://historica.unibo.it/server/iiif/71f87170-aa1c-4ef7-8215-1aca48e83a56/manifest
BO0624_87810,"Gemälde alter Meister aus Rheinischem Privatbesitze: Auktion in München in der Galerie Helbing: Montag, den 14. Oktober 1907",https://historica.unibo.it/handle/20.500.14008/93981,https://historica.unibo.it/server/iiif/72084c58-2b4a-403d-9d23-4c03db3074d5/manifest
BO0624_87960,"Verzeichnis der Gemälde, Kunstblätter, Perser Teppiche, Miniaturen, Antiquitäten u. Kunstsachen u.a. im Auftrag des Grossherz. Amtsgerichts Giessen, sowie aus verschiedenem Privatbesitz: Versteigerung: Dienstag und Mittwoch, den 16. und 17. Mai 1911 ... in Frankfurt a.M.",https://historica.unibo.it/handle/20.500.14008/94084,https://historica.unibo.it/server/iiif/7236bd8c-1bfd-446d-a055-c48319acf642/manifest
BO0624_88299,"Antiquitäten-Sammlung des Herrn Franz Ludwig Broo, gest. zu Mainz welche im Auftrag des Nachläpflegers ... den 28. Juni 1917 ... nebst einem Anhang ... den 29. Juni ... in Frankfurt a. M. ... unter Leitung von Rudolf Bangel gegen Barzahlung an den Meistbietenden versteigert wird",https://historica.unibo.it/handle/20.500.14008/94320,https://historica.unibo.it/server/iiif/72584286-4a80-41c5-ad33-c3a31152c0f5/manifest
BO0624_87731,"Auktions-Katalog: Sammlung Bankdirektor F. Stein, München aus dem Nachlasse des Herrn k. Hofrat, k. Obermedizinalrat professor dr. Albert Hilger, München sowie aus anderem Besitze: Aquarelle, Handzeichnungen und Oelgemälde hervorragendster neuerer Meister: Auktion in München in der Galerie Helbing, Dienstag, den 20. und Mittwoch, den 21. Juni ... unter Leitung des Kunsthändlers und gerichtlich vereideten Sachverständigen Hugo Helbing in München",https://historica.unibo.it/handle/20.500.14008/93922,https://historica.unibo.it/server/iiif/726d7ec7-ed13-4eab-ab31-f1836dea969c/manifest
BO0624_90052,"Catalogo della raccolta di quadri, sculture, arazzi, oggetti d'arte e ammobiliamento che arredava l'appartamento di S.E. il principe don Gerolamo Rospigliosi ed in parte provenienti da altre importanti collezioni che sarà venduta all'asta nel Palazzo Rospigliosi in Roma Via XXIV Maggio 43 da lunedì 12 a sabato 24 dicembre 1932",https://historica.unibo.it/handle/20.500.14008/94729,https://historica.unibo.it/server/iiif/728ce063-a548-4eb5-a7e9-a0823abd2966/manifest
BO0624_87753,"Oelgemaelde alter Meister: Ausstellung: Sonntag, den 4. Maerz und Montag, den 5 Maerz 1906; Versteigerung: Dienstag, den 6. Maerz 1906",https://historica.unibo.it/handle/20.500.14008/93939,https://historica.unibo.it/server/iiif/72a44659-770c-4e8a-9da4-1c1aeb0825e4/manifest
BO0624_84213,"Catalogue des tableaux anciens et modernes, aquarelles, dessins, oeuvres de Blarenberghe, Boilly, Drolling, Drouais, Fragonard, Guardi, Nattier, Oudry, Hubert Robert ... objets d'art et d'ameublement ... appartenant à M.P.L. ...: la vente aura lieu à Paris ... le mardi 5 mars 1918 ...",https://historica.unibo.it/handle/20.500.14008/93594,https://historica.unibo.it/server/iiif/72b3a26a-2c8c-4446-b2eb-57304536a2ad/manifest
BO0624_83974,"Catalogue des objets d'art et tableaux, oeuvres importante de Decamps et portrait de Mme la comtesse Du Barry, par Drouais, beaux meubles anciens du 18. siècle ... le tout dépendant de la succession de M. T. Broet: Hotel Drouot, le vendredi 14 mai 1909",https://historica.unibo.it/handle/20.500.14008/93416,https://historica.unibo.it/server/iiif/72c7b54c-ee4c-483b-8301-13fb559a1f94/manifest
BO0624_87665,Oelgemälde Aquarelle Pastelle Bücher Kunstmobiliar Antiquitäten etc.: aus vornehmen Privatbesitz ohne jeden fremden Beitrag Rudolph Lepke's Kunst-Auktions-Haus Berlin ... 1350: Versteigerung ... den 6 Oktober 1903 und folgende Tage,https://historica.unibo.it/handle/20.500.14008/93872,https://historica.unibo.it/server/iiif/72edfedb-8033-4d7f-a185-7740cc380827/manifest
BO0624_87608,"Katalog vortrefflicher Gemälde neuerer Meister: Sammlungen G. Neidhardt, Hannover, J. Zimmermann, Köln etc. ... Versteigerung zu Köln den 15. und 16, April 1901 durch J. M. Heberle (H. Lempertz' Söhne)",https://historica.unibo.it/handle/20.500.14008/93841,https://historica.unibo.it/server/iiif/72f82070-b45f-460b-b761-1dec731e0d3e/manifest
BO0624_84062,"Catalogue des tableaux anciens par A. van Beyeren, F. Boucher, J. De Bray, A. Brouwer, J.-B.-S- Chardin, Gonzales Coques ... oeuvres importantes des écoles flamande & hollandaise du 17. siècle, portraits de l'école anglaise du 18. siècle provenant de la collection Maurice Kann ...: vendredi 9 juin 1911",https://historica.unibo.it/handle/20.500.14008/93475,https://historica.unibo.it/server/iiif/73397c00-fd77-4ee3-a2fe-d55f1ab8ac4a/manifest
BO0624_83759,"Catalogue des tapisseries anciennes des XVI, XVII et XVIII siècles, tableaux anciens ... objets d'art et de vitrine meubles anciens ... dépendant de la succession de M. Achille Leclercq ...: Les lundi 14, mardi 15 et mercredi 16 novembre 1904 ...",https://historica.unibo.it/handle/20.500.14008/93273,https://historica.unibo.it/server/iiif/733ce471-5147-4314-be36-20164346f027/manifest
BO0624_88458,Gemälde des 17. bis 19. Jahrhunderts: ... Versteigerung ... 8. Februar 1921,https://historica.unibo.it/handle/20.500.14008/94438,https://historica.unibo.it/server/iiif/73776256-12d0-473f-bcc9-b5edf5aa561a/manifest
BO0624_88763,"Gemälde alter und neuer Meister Aquarelle, Stiche, Antiquitäten und Kunst-Gegenstände aller Art, Fayencen, Steinzeuge, Porzellane, Bronzen, Silber, Alte Perser-Teppiche, Möbel Verschiedener Stilarten aus dem Nachlass Reg.-Assessor a.D. Emil Pastor, Aachen und anderem hiesigem Privatbesitz: Versteigerung: Freitag, den 12. April 1929",https://historica.unibo.it/handle/20.500.14008/94682,https://historica.unibo.it/server/iiif/738f5f22-98bd-4900-a377-f181a34da661/manifest
BO0624_88289,"Moderne Gemälde, die Sammlung Albrecht Guttmann und Nachlass eines Berliner Sammlers: Versteigerung Mittwoch, den 18. Mai ...",https://historica.unibo.it/handle/20.500.14008/94312,https://historica.unibo.it/server/iiif/73a9c573-48d5-4f38-8a17-27c1b9d4f103/manifest
BO0624_88400,"Antiquitäten alte Gemälde Kupferstiche Möbel aller Stilarten Stoffe Kleinkunst Fayence Porzellan Waffen aus berliner u. a. Privatbesitz: ... Versteigerung ... den 2., bis ... den 4. Dezember 1919",https://historica.unibo.it/handle/20.500.14008/94389,https://historica.unibo.it/server/iiif/73b3e98d-4b12-469b-bc66-3ce3e2f2ba9d/manifest
BO0624_81894,"Catalogo della vendita all'asta di una grande raccolta di arte antica appartenente a diverse nobili famiglie fiorentine: Galleria Ciardiello, Firenze, mercoledì 2-martedì 8 [aprile, 1930]",https://historica.unibo.it/handle/20.500.14008/92946,https://historica.unibo.it/server/iiif/73b7c160-98d5-4208-b95e-992d5631e681/manifest
BO0624_50119,"Tableaux anciens. Collection Baron von B..., a La Haye: la vente aura lieu à Amsterdam dans la salle de ventes, Doelenstraat 16-18 le 30 novembre 1926 ...",https://historica.unibo.it/handle/20.500.14008/92697,https://historica.unibo.it/server/iiif/73cb96b1-321b-4e9b-80b7-384dd82405c7/manifest
BO0624_88754,"Antiquitäten, Möbel, Zinn Ostasiatica, alte Gemälde vorwiegend aus norddeutschem Adels und suddeutschem Privatbesitz. Versteigerung: München, 26-27 Februar 1929",https://historica.unibo.it/handle/20.500.14008/94675,https://historica.unibo.it/server/iiif/73e25524-f671-44df-bb4d-571ea19ab4f2/manifest
BO0624_87366,"Catalog ausgewählter kunstsachen und Antiquitäten aus dem Nachlasse der Herren Constantin Raderschatt in Köln, Banquier Moritz Falck in Einbeck, Prof. Georg Osterwald in Köln, sowie aus den Sammlungen des Herrn Oberst-Lieutenant, Freiherrn R. von Mansberg zu Dresden, etc. ...: Versteigerung zu Köln den 9. bis 15. Juli 1885",https://historica.unibo.it/handle/20.500.14008/93696,https://historica.unibo.it/server/iiif/7414f3de-83ce-4442-9335-2ea0ebbad246/manifest
BO0624_15350,"Catalogue des monnaies grecques et romaines médailles artistiques françaises et étrangères composant la collection Engel-Gros: et dont la vente aura lieu a Paris Hotel Drouot, salle n. 10, le samedi 17 décembre 1921",https://historica.unibo.it/handle/20.500.14008/92510,https://historica.unibo.it/server/iiif/7467121c-058b-4f55-8e59-d57dfa63bd83/manifest
BO0624_88322,"Katalog einer grossen Kupferstichsammlung aus dem Dr. Alertz sowie: Handzeichnungen und Aquarellen bedeutender Künstler Deutschlands, Frankreichs und der Niederlande: einer schönen Kollection japanischer Farbholzschnitte: Ölgemälden und Miniaturen ...: Versteigerung zu Aachen ... den 17. ..., den 18. und ... den 19. Dezember 1917 ...",https://historica.unibo.it/handle/20.500.14008/94335,https://historica.unibo.it/server/iiif/747411b2-d599-4e08-8336-c4591a2e9707/manifest
BO0624_66088,"Catalogue of old English & Brussels tapestry, decorative furniture and sculpture, the property of ... Earl of Yarborough: decorative furniture, the property of John Davison Bland ... John Bruce Nichols ... Lady McCraith: thursday, july 11, 1929",https://historica.unibo.it/handle/20.500.14008/93209,https://historica.unibo.it/server/iiif/749d6f7b-9902-470c-83d1-d5848757db26/manifest
BO0624_88267,"Porzellane, Gobelins, Teppiche, Metallarbeiten, Gemälde alter und neuerer Meister, Möbel und anderes aus der Sammlung Georg Hirth 1916. Band 2: Tafeln",https://historica.unibo.it/handle/20.500.14008/94295,https://historica.unibo.it/server/iiif/74a2cde0-6eda-4cd3-89b0-30205aa1ca88/manifest
BO0624_88156,"Gemälde alter und neuzeitiger Meister aus dem Nachlasse des Hofgoldschmieds Brems-Varain, gest. zu Trier, und anderer: Versteigerung zu Köln",https://historica.unibo.it/handle/20.500.14008/94218,https://historica.unibo.it/server/iiif/74ba2977-1769-47e7-9f01-1c6e14886fec/manifest
BO0624_88603,Olgemälde,https://historica.unibo.it/handle/20.500.14008/94551,https://historica.unibo.it/server/iiif/74bdc9d5-c946-43f2-913e-3f7f0293b74b/manifest
BO0624_88690,"Antiquitäten Silber Judaica Dosen Teppiche Möbel Uhren Plastik Gemälde alter Meister aus mitteldeutschem Museums-, deutschem Adels- und anderem Besitz: Versteigerung in der Galerie Hugo Helbing München ... 16. Febr. ... 17. Febr.",https://historica.unibo.it/handle/20.500.14008/94620,https://historica.unibo.it/server/iiif/74e01819-998c-42a1-b95a-c1234d27ff29/manifest
BO0624_81806,Catalogue de la collection d'objets d'art avant appartenu à feu Mr le Baron David Leonino,https://historica.unibo.it/handle/20.500.14008/92781,https://historica.unibo.it/server/iiif/74ffae3a-1199-4766-993f-3c830ca9ec79/manifest
BO0624_51205,Antique furniture and objects of art property of the Metropolitan Museum of Art sold by order of The Trustees [6 and 7 febraury 1929],https://historica.unibo.it/handle/20.500.14008/93002,https://historica.unibo.it/server/iiif/75096157-0a9e-440f-8415-1695d127d53e/manifest
BO0624_87825,"Verzeichnis über Gemälde erster französischer Meister meist der Barbizonschule angehörend wegen Erbteilung, Werke alter holländischer Meister etc., porzellane...Arbetein in Silber...: Versteigerung in Frankfurt am Main ... den 5. Dezember 1907",https://historica.unibo.it/handle/20.500.14008/93994,https://historica.unibo.it/server/iiif/75183c26-8126-4553-bfb2-06f03a66679f/manifest
BO0624_88728,"Sammlung A. H. Wätjen, Bremen: Tapisserien Aubussons Perser Teppiche antike Möbel Bechstein-Flügel Beleuchtungen Fächer-Sammlung Bibliotek aus berliner und österreichischen Sammlungen: Keramik Glas Kleinkunst [Versteigerung ... den 2. Oktober ... den 3. Oktober]",https://historica.unibo.it/handle/20.500.14008/94655,https://historica.unibo.it/server/iiif/752a3565-a943-4530-b19a-b8119fb4fa77/manifest
BO0624_81886,Raccolta del conte Mancinelli Scotti,https://historica.unibo.it/handle/20.500.14008/92942,https://historica.unibo.it/server/iiif/75416413-cde9-4e76-bec2-4ed6ebd5bbe7/manifest
BO0624_84013,"Catalogue des objets d'art et d'ameublement, tableaux, dessins, estampes ...: vendredi 27 mai 1910",https://historica.unibo.it/handle/20.500.14008/93441,https://historica.unibo.it/server/iiif/754ffb17-a01f-4f18-a621-f4be67e2d004/manifest
BO0624_83847,"Catalogue des objets d'art et d'ameublement, faiences et porcelaines, sculptures par Clodion, objets variés, bronzes de Barye ... faisant partie de la collection de feu Paul Meurice: vendredi 25 mai 1906",https://historica.unibo.it/handle/20.500.14008/93332,https://historica.unibo.it/server/iiif/757a6a14-d343-47ed-bdf3-6c0dfd28ff3e/manifest
BO0624_88417,"Hervorragende alte Meister aus der Sammlung D'Abel - Paris sowie aus fürstlichem, freiherrlichem und anderem Privatbesitz [1. Abteilung Ölgemälde ... Auktion in Stuttgart ... den 14. bis ... den 17. April 1920 ... 2. Abteilung anschliessend: ... Nachlass H. Herdte, Stuttgart ... Nachlass von Professor Louis Braun, letzer Teil: ... den 19. April und ... den 20. April 1920 ...]",https://historica.unibo.it/handle/20.500.14008/94404,https://historica.unibo.it/server/iiif/75b5be34-17ec-4ca2-a7ab-62f2021c3c1d/manifest
BO0624_83968,"Catalogue des objets d'art et d'ameublement, porcelaines de Chine et de Saxe ... pendules, bronzes ... tableaux anciens principalement de l'École française des XVIIe et XVIIIe siècles ...: le lundi 3 mai 1909",https://historica.unibo.it/handle/20.500.14008/93411,https://historica.unibo.it/server/iiif/75e53394-74dc-4950-9ed2-cb8bbb7faf3b/manifest
BO0624_87818,Ölgemälde alter Meister aus Bayerischem adeligem Privatbesitze: Auktion in München in der Galerie Helbing ... den 11. November 1907,https://historica.unibo.it/handle/20.500.14008/93987,https://historica.unibo.it/server/iiif/75fc1c91-bc4b-486d-8d26-b8e84e97b540/manifest
BO0624_81816,"Vendita al Pubblico Incanto della importantissima Galleria di Quadri Antichi, ecc., già appartenuta all'Ill.mo Signor Barone R.W. Diez ...: giovedì 27, venerdì 28 e sabato 29 novembre 1913",https://historica.unibo.it/handle/20.500.14008/92782,https://historica.unibo.it/server/iiif/7600385e-321d-4900-bd61-872cc8a3dca9/manifest
BO0624_88409,Gemälde: Teppiche Möbel Edelmetalle Metalle Keramik Marmor Glas Holz Elfenbein Bücher aus süddeutschem Museumbesitz und Nachlä O. Schütz - Dresden: ... Versteigerung: 17. Februar ... 18. Februar ... 19. Februar 1920,https://historica.unibo.it/handle/20.500.14008/94396,https://historica.unibo.it/server/iiif/7602a649-cff8-485e-9795-d803557fa9da/manifest
BO0624_88349,Antiquitäten Kunst- und Einrichtungs-Gegenstände Skulpturen Möbel Waffen alte Gemälde auf Schloss Mindelburg in Schwaben: Versteigerung in der Galerie Helbing in München Montag den 7. Oktober und folgende Tage,https://historica.unibo.it/handle/20.500.14008/94353,https://historica.unibo.it/server/iiif/760f28c9-4211-4b04-b9fd-a080e4339151/manifest
BO0624_87950,"Verzeichnis uber antiquitaten, kunstgegenstande, miniaturen, gemalde, kunstblatter u.a. im auftrage des Herrn Rechtsanwalt Dr. E. Saalfeld, hier sowie aus hiesigem u. auswartigem privatbesitz, 18-20 marz 1911",https://historica.unibo.it/handle/20.500.14008/94079,https://historica.unibo.it/server/iiif/761df8cb-d811-493a-82aa-52fbab7073e9/manifest
BO0624_87390,"Katalog der Gemälde- und Kunst-Sammlungen aus der concursmasse der Herrn Heinr. Gust. Winckler in Hamburg: Versteigerung zu Köln, den 1. bis 3. October 1888 durch J. M. Heberle (H. Lempertz' Söhne)",https://historica.unibo.it/handle/20.500.14008/93712,https://historica.unibo.it/server/iiif/765fb20e-9fc8-41f2-b10c-baf65188111f/manifest
BO0624_88617,Olgemalde,https://historica.unibo.it/handle/20.500.14008/94564,https://historica.unibo.it/server/iiif/766a0098-80b8-40e8-b7d2-8d4fd119fdba/manifest
BO0624_83643,"Catalogue de tableaux anciens et modernes ... dépendant de la succession de feu M. Aug. Dael, artiste-peintre, à Gand: vendredi 18 décembre 1896",https://historica.unibo.it/handle/20.500.14008/93234,https://historica.unibo.it/server/iiif/76a61452-029a-4d38-910d-552fc6cf2fd2/manifest
BO0624_88082,Katalog der Sammlung des [gestorbenen] Stiftherrn Prälat D.E. Brockhoff - Aachen u. a.: Gemälde alter und neuer Meister ...: Versteigerung zu Aachen vom 18. bis 20. Februar 1913 ...,https://historica.unibo.it/handle/20.500.14008/94159,https://historica.unibo.it/server/iiif/76b85ab0-ed5c-47d1-b528-3720c98279c3/manifest
BO0624_88232,"Verzeichnis über Gemälde älterer und moderner Meister: orientalische Teppiche 400 Flaschen Wein, dabei Crescenz Puricelli feine Herren- und Damenpelze aus einer Streitsache: Antiquitäten, Kunstgegenstände etc. ... aus Privatbesitz: Versteigerung ... 27. und 28. Oktober 1915 ... Frankfurt am Main ...",https://historica.unibo.it/handle/20.500.14008/94265,https://historica.unibo.it/server/iiif/76bc071e-b305-4cec-9b0d-7416068e72ac/manifest
BO0624_88058,"Sammlung Gieldzinski Danzig: Versteigerung: Dienstag, den 3. Dezember 1912 bis Sonnabend, den 7. Dezember ... Montag, den 9. Dezember 1912",https://historica.unibo.it/handle/20.500.14008/94143,https://historica.unibo.it/server/iiif/76c7b1e4-c32b-4d0f-a118-42c1d5d53eae/manifest
BO0624_87677,"Katalog ausgewählter und vorzüglicher Gemälde älterer Meister, gerahmter moderner Kunstblätter, Handzeichnungen, usw. Sammlungen: Fr. Kreisrichter Dr. Hils-Rathenow, Sanitäts-Rath Dr. Wirz-Rendsburg und wegen aufgabe einer Norddeutschen Kunsthandlung usw: Versteigerung zu Köln den 14. bis 17. Dezember 1903 bei J. M. Heberle (H. Lempertz's Söhne)",https://historica.unibo.it/handle/20.500.14008/93881,https://historica.unibo.it/server/iiif/76d6eb10-1e4b-46b7-bfb2-a3133141f065/manifest
BO0624_87741,"Katalog erstklassiger und hervorragender Gemälde älterer und neuzeitiger Meister darunter die Sammlung des Herrn Rentners Carl Julius Vohl, zu Erkelenz: Versteigerung zu Köln A. RH., Montag den 27. und Dienstag den 28. November 1905",https://historica.unibo.it/handle/20.500.14008/93930,https://historica.unibo.it/server/iiif/770599bb-a242-4f8b-b20a-a560711c18ab/manifest
BO0624_87501,"Katalog einer ausgewahlten und reichen Sammlung von Antiquitaten und Kunstgegenstanden, als: porzellane, fayencen ... zum Theil aus den Nachlassen: des Gutsbesitzers und Burgermeisters Heinrich Esser, des Prasidenten C. Gymnich, der Grafin von Geldern, sowie der Nachlass des Kunstmalers Herrmann Bethke in Munchen: Oeffentliche Austellung der zur Versteigerung gelangenden Objecte: Samstag, den 18., Sonntag, den 19. und montag den 20. Juli",https://historica.unibo.it/handle/20.500.14008/93785,https://historica.unibo.it/server/iiif/77546a97-d255-454b-94b8-d2a561eb2f35/manifest
BO0624_50115,"Collections Camillo Castiglioni de Vienne. Vol. 1: Catalogue des tableaux, sculptures, meubles, orfèvreries, bijoux, tapisseries, tapis, étoffes, porcelaines de la Chine etc.: la vente aux enchères publiques aura lieu à Amsterdam ... les 17, 18, 19 et 20 novembre 1925 ...",https://historica.unibo.it/handle/20.500.14008/92704,https://historica.unibo.it/server/iiif/7796422d-4fc7-4527-9959-a9e54c0f0af1/manifest
BO0624_88361,Verzeichnis über Gemäldesammlung von Prof. Gustav Gaupp sowie aus verschiedenem Privatbesitze: Versteigerung in Stuttgart ... den 11. und ... den 12. Dezember ...,https://historica.unibo.it/handle/20.500.14008/94764,https://historica.unibo.it/server/iiif/77b6cd79-3fb7-4f99-983c-69128e59d301/manifest
BO0624_83844,Catalogue des objets d'art et d'ameublement ... tableaux ... provenant de la collection de feu M. Émile Gavet: samedi 19 mai 1906,https://historica.unibo.it/handle/20.500.14008/93330,https://historica.unibo.it/server/iiif/77dd2b10-b572-40fd-a17d-0c4161bde4df/manifest
BO0624_87895,"Kunstbesitz eines bekannten norddeutschen Sammlers, Abteilung 3. Öldgemälde alter Meister hauptsächlich Familienbildnisse von grÖem Interesse für die Geschichte des Kostüms ...: Auktion in München in der Galerie Helbing, Freitag, den 26. November 1909",https://historica.unibo.it/handle/20.500.14008/94758,https://historica.unibo.it/server/iiif/78179162-6395-44f3-9bba-b90f4f4f8409/manifest
BO0624_87791,Verzeichnis des 2. Teils der Sammlung von Oelgemälden und Kunstblättern älterer und moderner Meister des Herrn J. Durlacher - Wiesbaden: Antiquitäten und Kunstgegenstände Japanische Kunstblätter u.a. der wegen Aufgabe der Haushaltung und Wegzug von Wiesbaden ... den 26. und 27. Februar 1907,https://historica.unibo.it/handle/20.500.14008/93967,https://historica.unibo.it/server/iiif/7830fda7-d3fe-404e-b81a-1184f933fd91/manifest
BO0624_88014,Über eine Sammlung guter Gemälde und Kunstblätter ausschliesslich von frankfurter Meistern aus Nachlässe und anderem Privatbesitz ...: Versteigerung in Frankfurt am Main ... den 3. April 1912 ...,https://historica.unibo.it/handle/20.500.14008/94115,https://historica.unibo.it/server/iiif/78591e4f-a8cb-4d4b-8d4b-0af2c469b044/manifest
BO0624_87771,"Kunstsammlung des verewigten Herrn Professor Wilhelm von Rümann, München: Oelgemälde moderner und alter Meister. Antiquitäten und Kunstgegenstände: Auktion in München ... den 5. November 1906",https://historica.unibo.it/handle/20.500.14008/93951,https://historica.unibo.it/server/iiif/789800cb-f3d3-48d3-9ac3-947001751e37/manifest
BO0624_84067,"Catalogue des objets d'art et d'ameublement faiences de Delft, Rouen, Alcora, Sceaux, etc. ... tableaux anciens et modernes par Boilly, L. Bonnet, N. Diaz, J. Molenaer, Swebach ...: vendredi 16 et samedi 17 juin 1911",https://historica.unibo.it/handle/20.500.14008/93479,https://historica.unibo.it/server/iiif/78a2fe62-f9b7-4673-888f-215d8bef438d/manifest
BO0624_83831,"Catalogue des tableaux modernes, aquarelles par Rosa Bonheur, Boudin, Clairin, Guirand De Scevola, Henner, Charles Jacques ... composant la collection de M. J. M. C., de Marseille: mercredi 28 mars 1906",https://historica.unibo.it/handle/20.500.14008/93322,https://historica.unibo.it/server/iiif/78d7c10f-f05f-4bc9-bc60-9b3075d49b4b/manifest
BO0624_87939,"Antiquitäten: Kunst- und Einrichtungsgegestände sowie Gemälde, Aquarelle etc. besonders der Münchener Schule aus dem Besitze des Herrn Direktor Friedrich Oertel, München etc.: Auktion in München in der Galerie Helbing ... den 19. Dezember 1910",https://historica.unibo.it/handle/20.500.14008/94071,https://historica.unibo.it/server/iiif/78dfb74b-ebb8-409d-9587-a0920c858798/manifest
BO0624_88614,Ölgemälde,https://historica.unibo.it/handle/20.500.14008/94561,https://historica.unibo.it/server/iiif/78e0159b-3e11-476d-b2e8-ecb86c788702/manifest
BO0624_88184,Ölgemälde alter und moderner Meister aus mitteldeutschem Privatbesitz: Auktion in München in der Galerie Helbing ... den 27. Februar 1914,https://historica.unibo.it/handle/20.500.14008/94238,https://historica.unibo.it/server/iiif/78f9beb3-47f8-4295-88a2-3873c8a10e91/manifest
BO0624_87581,"Katalog der Ausgewählten Gemälde-Sammlung des Herrn Baumeisters Edouard Delitt, Brüssel, etc. hervorragende Gemälde, vorwiegend von bedeutenden Meistern der Vlämischen und holländischen Schulen des 17. und 18. Jahrhunderts: Versteigerung zu Köln, Montag, den 5. Februar 1900",https://historica.unibo.it/handle/20.500.14008/93828,https://historica.unibo.it/server/iiif/790321f1-a866-4bf2-9e2d-50956c45d0b9/manifest
BO0624_88312,"Sammlungen Direktor R. Zahn [gestorben], Plauen: Abteilung 1. Antiquitäten: Porzellane, Arbeiten in Glas und Glasgemälde, Arbeiten in Edelmetall, Bronze, Email, Terracotta und Holz, Miniaturen und Farbstiche, Textilien usw.: Versteigerung in der Galerie Helbing in München ... den 20. November 1917",https://historica.unibo.it/handle/20.500.14008/94327,https://historica.unibo.it/server/iiif/79222689-45fd-4637-bb00-dfcc5be7711b/manifest
BO0624_5514,Katalog zur Liquidation der Sammlung Weiland Sr. Königl. Hoheit des Prinzen Heinrich von Bourbon Grafen von Bardi: Freihändiger verkauf: Palazzo Vendramin-Calergi (Canale Grande) Venedig,https://historica.unibo.it/handle/20.500.14008/93009,https://historica.unibo.it/server/iiif/7923e105-62db-4a16-8ea2-f91438cb5416/manifest
BO0624_5729,"The collection of professor Paolo Paolini ... distinguished paintings & sculptures by celebrated Italian masters X-XVI century ... to be sold under the management of the American art association ...[public sale evening of december 10 and 11, 1924 ... Exhibition and sale at the American Art Galleries]",https://historica.unibo.it/handle/20.500.14008/93035,https://historica.unibo.it/server/iiif/793165f3-b3f5-4b1d-9a6b-e8c7b58417c6/manifest
BO0624_83912,"Catalogue des tableaux anciens, très belle peinture de P.-P. Rubens, oeuvres remarquables de F. Boucher ... tableaux modernes, pastels, gouache et dessins anciens par Van Blarenberghe ... objets d'art et d'ameublement ... dont la vente par suite du décès de M. Paul Leroi (Léon Gauchez) aura lieu à Paris, Hotel Drouot, le lundi 16 décembre 1907",https://historica.unibo.it/handle/20.500.14008/93375,https://historica.unibo.it/server/iiif/794fa63a-9177-4e56-bd23-4b7dd69d9e57/manifest
BO0624_88429,Alte Gemälde und Handzeichnungen 16.-18. Jahrhundert: Im Auftrage und aus dem Besitze der Firma Karl Ernst Henrici Berlin ... durch der beedigten Versteigerer Herrn Werner Haenel: ... Versteigerung ... den 29. Juni 1920,https://historica.unibo.it/handle/20.500.14008/94415,https://historica.unibo.it/server/iiif/7978bd05-4360-4407-b499-6f6c88618c65/manifest
BO0624_88781,"Die Sammlungen auf Burg Penzlin i. M.: mit Beiträgen aus Berliner Privatbesitz: Bücher des 18. und 19. Jhdt., Antikes und Stilmobiliar, Beleuchtungen Plastik, Silber und Kunstgewerbe des 18. Jhdt., Keramik aus norddeutschen Manufakturen, Gemälde alter und neuer Meister, China-Kunst. Versteigerung: Berlin, 18 Juni 1929",https://historica.unibo.it/handle/20.500.14008/94700,https://historica.unibo.it/server/iiif/799e6567-d30f-40da-85e9-638269c01184/manifest
BO0624_88463,"Versteigerung einer Sammlung Gemälde aus niederrheinischem und anderem Besitz, sowie aus dem Nachlä Théodore Gudin [gestorben]: Sammlungen alter und neuer Japan- und China-Kunstgegenstände: Silbergerät u. Schmucksachen ...: Versteigerung am. 21., 22., 23. und 24. März 1921",https://historica.unibo.it/handle/20.500.14008/94443,https://historica.unibo.it/server/iiif/79b5ad2e-e86f-4883-916f-e8d2eb0c048d/manifest
BO0624_87648,"Oelgemälde Pastelle, Aquarelle und Zeichnungen von Künstlern des 16, bis 18. Jahrunderts: Eine Collection Oelbilder, Studien und Zeichnungen neuerer Künstler ... Versteigerung: den 2. December, und ... den 3. December 1902",https://historica.unibo.it/handle/20.500.14008/93864,https://historica.unibo.it/server/iiif/79c295d7-1036-4a47-a70b-a41884c459a1/manifest
BO0624_87508,"Katalog der Versteigerung einer Privat-Sammlung von Oelgemälden, Handzeichnungen etc. am 30. November, 1. und 2. Dezember 1896 ...",https://historica.unibo.it/handle/20.500.14008/93791,https://historica.unibo.it/server/iiif/79c989e7-b63e-4952-a03e-7ad5f4357587/manifest
BO0624_87429,"Katalog der reichhaltigen, ausgewählte Sammlung von Oelgemälden, Kupferstichen und anderen Kunst-Gegenstände aus dem Nachlasse der Herrn Olivier Nicolaus Joseph Merzenich in Köln. Versteigerung zu Köln ... den 12. December 1891 durch der Kgl. Notar Herrn Justizrath C. Graffweg bei J. M. Heberle (H. Lempertz' Söhne)",https://historica.unibo.it/handle/20.500.14008/93741,https://historica.unibo.it/server/iiif/79ec9b71-0a5d-4772-af9f-9f7613b3f42a/manifest
BO0624_81839,"Catalogo n. 125: Collezione di oggetti d'arte, mobilii antichi artistici, quadri antichi e moderni, marmi, terrecotte, bronzi, stoffe, miniature, maioliche, porcellane, argenterie, ecc. appartenente a un raccoglitore emiliano",https://historica.unibo.it/handle/20.500.14008/92872,https://historica.unibo.it/server/iiif/7a0c3af6-0c6f-41e5-a14c-c0912bc70bb7/manifest
BO0624_88708,"Ölgemälde, Aquarelle und Handzeichnungen moderner Meister aus Süddeutscgem adelbesitz und aus mitteldeutschem Besitz. Auktion: München, 26 April 1928",https://historica.unibo.it/handle/20.500.14008/94637,https://historica.unibo.it/server/iiif/7a324d8c-fa2f-4e30-a563-9ca9b4317323/manifest
BO0624_87540,"Katalog der Kunst-Sammlung aus dem Nachlasse des Herrn Consul Carl Becker zu Frankfurt a. M. und Gelnhausen (früher Amsterdam): Keramik, Arbeiten in glas ...: Versteigerung zu Köln den 23. und 24. mai 1898",https://historica.unibo.it/handle/20.500.14008/93805,https://historica.unibo.it/server/iiif/7a3e3364-6083-4927-8936-c7eb93522c28/manifest
BO0624_88751,"Gemälde neuerer Meister Handzeichnungen und Graphik älterer und neuerer Meister. Versteigerung: Berlin, 5 Februar 1929",https://historica.unibo.it/handle/20.500.14008/94673,https://historica.unibo.it/server/iiif/7a5701bf-f040-43a0-883a-0f516f76e8e8/manifest
BO0624_88032,"Sammlung Julius Boscowitz [gestorben], Wien: Antiquitäten dabei eine hervorragende Kollektion alter Silbers: Einrichtungsgegenstände Ölgemälde alter und moderner Meister kunstgeschichtliche Bücher: Auktion in der Galerie Helbing München ... den 20. Juni und folgende Tage",https://historica.unibo.it/handle/20.500.14008/94126,https://historica.unibo.it/server/iiif/7a63866b-b923-4a3e-8253-ad6cdedf5f02/manifest
BO0624_87742,"Katalog der reichhaltigen und ausgewahlten Kunst-Sammlung des Herrn Baron Gudin in dessen Museum Alt-Deutschland zu Wiesbaden-Sonnenberg: Versteigerung dortselbst am 27., 28., 29., und 30. November sowie am 1., 2., 4. und 5. Dezember 1905 ... durch den Koniglich Preussischen Notar van der Heyde",https://historica.unibo.it/handle/20.500.14008/93931,https://historica.unibo.it/server/iiif/7a6de83d-0253-4717-9410-092c4d3eed7b/manifest
BO0624_88715,"Nachlä Geheimrat Lanz, Mannheim: Perser-Teppiche - Möbel Beleuchtungen - Gemälde alter und neuer Meister Bechstein-Flügel - Kristall Porzellan - Tafelsilber aus norddeutschem Sammlerbesitz ...: ... Versteigerung ... den 14. Mai 1928 .. den 15. Mai 1928 ... mit 32 Bildtafeln",https://historica.unibo.it/handle/20.500.14008/94642,https://historica.unibo.it/server/iiif/7ab64495-464d-4cf6-96b2-48b65e4190dd/manifest
BO0624_84054,1. catalogue détailleé des belles tapisserie anciennes ...: lundi 22 mai 1911: *2. catalogue sommaire des meubles & sieges anciens ...: mercredi 24 et vendredi 26 mai 1911,https://historica.unibo.it/handle/20.500.14008/93468,https://historica.unibo.it/server/iiif/7ab7008d-768c-43d1-8b63-ff145941fad4/manifest
BO0624_84070,"Catalogue d'un beau mobilier: tableaux & dessins modernes par Anastasi, Sergeret, Lambinet, J.- P. Laurens, Le Gout-Dérard, Monticelli, Palizzi, Pils, Vibert, Yon, Ziem, etc. ... deux importantes tapisseries de Beauvais d'après les cartons de François Boucher, Blin de Fontenay et Vernansal ...: lundi 20, mardi 21 et mercredi 22 novembre 1911",https://historica.unibo.it/handle/20.500.14008/93482,https://historica.unibo.it/server/iiif/7acabf36-6930-43dd-b904-4c86529a21ec/manifest
BO0624_81743,Catalogue de la collection Vertunni: objets d'art et de curiosité étoffes tableaux etc. dont la vente aux enchères publiques aura lieu dans les magnifiques salons de son atelier à Rome. ... le lundi 7 mars 1881 ...,https://historica.unibo.it/handle/20.500.14008/93218,https://historica.unibo.it/server/iiif/7acef660-7439-4c0b-a93f-2a3ce6bcebd1/manifest
BO0624_88161,"Gemälde alter Meister: Ausstellung: Sonntag, den 23. November ...: Versteigerung: ... den 25. November und ... den 26. November 1913",https://historica.unibo.it/handle/20.500.14008/94221,https://historica.unibo.it/server/iiif/7adbe553-13d1-4389-b7ac-12ac4a528139/manifest
BO0624_83909,"Catalogue des tableaux ancien principalement de l'école hollandaise du 17. siècle, oeuvres remarquables de A. Cuyp, Van Goyen, Van der Heyden ... composant la collection de M. M. Rikoff: Galerie Georges Petit, du mercredi 4 au samedi 7 décembre 1907",https://historica.unibo.it/handle/20.500.14008/93374,https://historica.unibo.it/server/iiif/7afa4d62-3ddf-497e-9f2f-d6b0cac40d6b/manifest
BO0624_88100,"Collection J. C. von Kotsch zu Schaerbeek: Gemalde und Handzeichnungen alter und neuer Meister: Ausstellung Sonntag, den. 30., und Montag, den 31. Marz 1913, von 10 bis 2 Uhr: Versteigerung Dienstag, den 1. April 1913, vormittags 10 Uhr",https://historica.unibo.it/handle/20.500.14008/94175,https://historica.unibo.it/server/iiif/7b19c297-27d7-4898-b81c-f133419aa834/manifest
BO0624_66086,"Catalogue of old English silver plate, the property of Major T. J. Chamberlayne ... Henry Higgins ... Augustus Tooth: historic Saffron Walden Mazer Bowl: wednesday, july 3, 1929",https://historica.unibo.it/handle/20.500.14008/93207,https://historica.unibo.it/server/iiif/7b257792-a248-46b6-9a45-36b42741269e/manifest
BO0624_88132,Katalog von Kunstgegenstände und Gemälden aus verschiedenem Besitz: Versteigerung zu Köln ... den 8. Juli bis ... den 11. Juli 1913,https://historica.unibo.it/handle/20.500.14008/94197,https://historica.unibo.it/server/iiif/7b89059c-6085-4171-89a7-07eac9997d1f/manifest
BO0624_5725,"Catalogue de la vente des objets d'art ayant appartenus à deux collectionneurs bien connus de Florence et se composant de faïences italiennes, tableaux, terres-cuites, bronzes et meubles du 15. et 16. siècle: la vente aura lieu du 11 au 18 avril, à Rome sous la direction de M.r G. Sangiorgi",https://historica.unibo.it/handle/20.500.14008/93034,https://historica.unibo.it/server/iiif/7bb2e47e-e0e4-49f1-8d46-41e3e6ae89eb/manifest
BO0624_88675,Gemälde-Versteigerung der Gemäldesammlung des Herrn Direktor A..... u. des Herrn Diplomingeneur R..... in München sowie der Gemäldesammlung der Herren Kaufmann H. und S. in Stuttgart: Versteigerung ... den 15. November 1927 ... den 16. November 1927 ... den 17. November 1927,https://historica.unibo.it/handle/20.500.14008/94606,https://historica.unibo.it/server/iiif/7bc613cd-b670-4121-95d1-335cdd7f9a13/manifest
BO0624_84004,"Catalogue des objets d'art et de haute curiosité, ivoires ... importants manuscrits ...: jeudi 14 et vendredi 15 avril 1910",https://historica.unibo.it/handle/20.500.14008/93435,https://historica.unibo.it/server/iiif/7bffc78c-ed74-4baf-8c2b-a00082d37e0c/manifest
BO0624_88347,"Verzeichnis über Gemälde moderner u. älterer Meister Kunstblätter usw.: Antiquitäten, kunstgewerbliche Gegenstände ... aus den Beständen eines Mitteldeutschen Museum: Versteigerung in Frankfurt am Main ... den 24. u. 25. September 1918 ...",https://historica.unibo.it/handle/20.500.14008/94351,https://historica.unibo.it/server/iiif/7c18b9ed-1cfc-4119-b374-84662fc2a69a/manifest
BO0624_81829,"Catalogo n. 111: Raccolta di un collezionista fiorentino: Quadri antichi, quadri moderni, miniature ...",https://historica.unibo.it/handle/20.500.14008/92794,https://historica.unibo.it/server/iiif/7c2328a3-d940-494a-8a67-062d7832f81a/manifest
BO0624_4866,"Catalogo della vendita del signor Ignazio dei Marchesi Cavalletti: majoliche, mobile, tappeti, quadri, bibelots, ecc.: esposizione privata il 24 aprile, esposizione pubblica il 25 aprile ...",https://historica.unibo.it/handle/20.500.14008/92681,https://historica.unibo.it/server/iiif/7c2c6522-24f4-490d-ac8c-e2b0a5b73f23/manifest
BO0624_84244,"Catalogue des tableaux, aquarelles, dessins ... composant la collection Uhde ...: le lundi 30 mai 1921 ...",https://historica.unibo.it/handle/20.500.14008/93621,https://historica.unibo.it/server/iiif/7c2d2939-2429-4afd-8f8c-c7728c54ecef/manifest
BO0624_81774,"Vente des collections Hummel: catalogue illustré des objects les plus remarquables: Genes, mai 1908",https://historica.unibo.it/handle/20.500.14008/92751,https://historica.unibo.it/server/iiif/7c427d72-9d02-4ba5-8e4d-611aac05c2f7/manifest
BO0624_84026,"Catalogue des objets d'art et de haute curiosité du Moyen Âge, de la Renaissance et autres porcelaines de Saxe et de Sèvres, pâte tendre ... provenant de la collection Maurice Kann ...: lundi 5, mardi 6, mercredi 7 et jeudi 8 décembre 1910",https://historica.unibo.it/handle/20.500.14008/93449,https://historica.unibo.it/server/iiif/7c48f0cd-08cb-4280-abbc-c281e744be71/manifest
BO0624_83639,Catalogue d'objets d'art et de riche ameublement: tableaux anciens ... appartenant à M. le Comte L. de L.: mardi 21 avril 1896,https://historica.unibo.it/handle/20.500.14008/93230,https://historica.unibo.it/server/iiif/7c7321d6-45df-4757-bddc-ae60aaf02b88/manifest
BO0624_88421,Gemälde alter Meister aus Sammlung Fürst zu Erbach-Schönberg: kritischer Katalog mit 31 Abbildungen [1000 Kunst-Auktion 10. Mai 1920],https://historica.unibo.it/handle/20.500.14008/94407,https://historica.unibo.it/server/iiif/7c74279c-4a05-4b58-adca-4792116bdd83/manifest
BO0624_88023,Verzeichnis der Gemälde älterer und moderner Meister welche die Sammlung des Herrn Adrien Paradise-Gaston in Lyon bildeten: Versteigerung in Frankfurt am Main ... den 14. Mai 1912 ...,https://historica.unibo.it/handle/20.500.14008/94121,https://historica.unibo.it/server/iiif/7c873bbb-6284-4c02-aa62-7bf04c31f1c6/manifest
BO0624_88181,Gemälde alter Meister und alte orientalische Teppiche ...: Versteigerung: ... den 17. Februar 1914,https://historica.unibo.it/handle/20.500.14008/94235,https://historica.unibo.it/server/iiif/7ca8cd8e-2c71-4746-90ea-e36533fc2ef8/manifest
BO0624_65732,"Collections Eugène Bureau d'Anvers et V. D. H. ... d'Amsterdam: tableaux anciens, tapisseries ...: album de planches: vente a Amsterdam les 5 et 6 avril 1927",https://historica.unibo.it/handle/20.500.14008/93133,https://historica.unibo.it/server/iiif/7cc8e181-56a7-4c6e-b70e-804132984b8e/manifest
BO0624_87828,"Gemaelde alter Meister: dabei 52 Gemälde, welche in Lombard verfallen sind und zum Meistgebot versteigert werden: Ferner die Kollection Sr. Excellenz des ... Prof. Dr. Raehlmann, Weimar: Mit 31 Abbildungen: Antiquitäten ... Versteigerung ...den 10. Dezember 1907 und folgende Tage",https://historica.unibo.it/handle/20.500.14008/93997,https://historica.unibo.it/server/iiif/7ce1caf3-a178-453b-a8a4-b1941a3edbbd/manifest
BO0624_87711,"Versteigerung von Oelgemälden und Aquarellen, neuerer Künstler sowie von Antiquitäten und modernen Kunstgegenständen, ... Alte tersische Teppiche ...: Ausstellung: Sonntag, den 29. Januar und Montag, den 30. Januar 1905: Versteigerung: Dienstag, den 31. Januar und Mittwoch, den 1. Februar 1905",https://historica.unibo.it/handle/20.500.14008/93905,https://historica.unibo.it/server/iiif/7cfcffd6-8cf6-4587-a373-be08420f61f2/manifest
BO0624_88159,"Katalog einer Sammlung von Gemälden älterer und neuerer Meister aus dem ehemaligen Besitze des [gestorbenen] Herrn Amtgerichtsrats Strauven, Düsseldorf und anderer: Versteigerung zu Cöln ... den 18. November 1913 ...",https://historica.unibo.it/handle/20.500.14008/94219,https://historica.unibo.it/server/iiif/7dbe5ee3-dfd1-4b0d-bf37-60fdd483f457/manifest
BO0624_87897,"Antiquitäten Nachlässe: Baron von W.-L. Reichgerichtsrat Thöl-Leipzig u.a.B.: Pergamentmanusckripte des 14.-16. Jahrh. mit Miniaturen und alte Stammbücher der Sammlung Hermann Emden, Hamburg ... Versteigerung ... den 7. Dezember 1909",https://historica.unibo.it/handle/20.500.14008/94046,https://historica.unibo.it/server/iiif/7dce6195-739b-468b-8e0f-1ed7430a67ed/manifest
BO0624_87728,"Katalog einer Sammlung von Gemälden älterer und neuerer Meister aus dem Nachlasse der Frau Fabrikbesitzer-Witwe Konrad Loersch aus Aachen, des Sanitatsrat Dr. Engels in Cöln und des Dr. L.... aus A. und Anderer: Versteigerung zu Cöln Montag den 22. Mai und Dienstag den 23. Mai 1905",https://historica.unibo.it/handle/20.500.14008/93919,https://historica.unibo.it/server/iiif/7e73500c-864c-417f-8ef0-e4a654f6a1ad/manifest
BO0624_83979,"Catalogue de six oeuvres célèbres par Nicolas de Largillerie et tableaux importants par Hubert Robert & mme Vallayer-Coster provenant de la collection de m. le vicomte G. Chabert: Galeries Georges Petit, le samedi 5 juin 1909",https://historica.unibo.it/handle/20.500.14008/93421,https://historica.unibo.it/server/iiif/7e8f2d9e-3fd3-4290-bd29-0c3bbac3a59f/manifest
BO0624_87835,"Katalog von hervorrangenden Gemälden neuzeitiger Meister darunter der Nachlä der Professors Albert Baur, [gestorben] zu Düsseldorf: Versteigerung zu Köln a. Rh. ... den 30. und ... den 31. März 1908 ... bei J. M. Heberle (H. Lempertz' Söhne)",https://historica.unibo.it/handle/20.500.14008/94003,https://historica.unibo.it/server/iiif/7ebd7926-2f6d-41da-8b4e-8d8fcbf7ecfd/manifest
BO0624_84248,"Catalogue de huit tableaux par Hubert Robert, quarante-trois dessins par Cochin, portraits du 18. siècle provenant du Salon de madame Geoffrin et appartenant au comte de La Bédoyère: dont la vente aura lieu à Paris ... le Mercredi 8 Juin 1921 ...",https://historica.unibo.it/handle/20.500.14008/93624,https://historica.unibo.it/server/iiif/7f017a31-f001-4e8b-9e26-179d5dcdd607/manifest
BO0624_88680,Gemälde alter Meister Sammlung capt. Seymour Rouseund und anderer Besitz: Versteigerung... den 6. Dezember 1927,https://historica.unibo.it/handle/20.500.14008/94610,https://historica.unibo.it/server/iiif/7f038258-5df4-487f-b887-fcff04e0bead/manifest
BO0624_88122,"Handzeichnungen und Aquarelle moderner Meister aus dem Nachlasse des Akademie-Professor Otto Seitz, München, des Professor Franz Skarbina, Berlin, Mitglied des Senats der Königl. Akademie der Künste, aus Münchner Privatbesitz etc.: Auktion in München in der Galerie Helbing, Freitag, den 30. und Samstag, den 31. Mai 1913",https://historica.unibo.it/handle/20.500.14008/94189,https://historica.unibo.it/server/iiif/7f481bd3-2198-43d1-b826-ac15f8903301/manifest
BO0624_88225,"Katalog hervorragender Sammlungen von Kupferstichen, Radierungen, Aquarellen, Handzeichnungen Gemälden alter und neuer Meister ... aus dem Besitze James Cockerill [gestorben] Aachen: A. van Ophoven, Düsseldorf u. a.: Versteigerung zu Aachen am 26., 27. und 28. Juli 1915 ...",https://historica.unibo.it/handle/20.500.14008/94258,https://historica.unibo.it/server/iiif/7f5d3069-b805-410a-ab4e-9694164e9b3f/manifest
BO0624_84181,"Catalogue des objets d'art et de haute curiosité du Moyen Age, de la Renaissance et autres, faïences orientales et italiennes, terres émaillées des Robbia, émaux champlevés et peints de Limoges ... provenant de la liquidation de l'ancienne société Seligmann ...: la vente aura lieu à Paris ... les lundi 16 et mardi 17 mars 1914 ...",https://historica.unibo.it/handle/20.500.14008/93567,https://historica.unibo.it/server/iiif/7f614771-2642-474c-aafb-a2aa5235a4f0/manifest
BO0624_81751,Catalogue du Musée L. Borg de Balzan à Florence: la vente aura lieu a partir de lundi 2 avril 1894,https://historica.unibo.it/handle/20.500.14008/92734,https://historica.unibo.it/server/iiif/7fd1f92b-3bf5-4f33-b037-8969cd8f6cd3/manifest
BO0624_84038,"Catalogue des tableaux anciens, tableaux modernes ... objets d'art & d'ameublement ... succession de Madame Roussel: lundi 25 ... jeudi 28 mars 1911",https://historica.unibo.it/handle/20.500.14008/93457,https://historica.unibo.it/server/iiif/7fde5412-cd5c-4a07-9b89-3e64c09e402a/manifest
BO0624_84306,Catalogue des tableaux anciens ... dessins anciens ...: mercredi 23 novembre 1927,https://historica.unibo.it/handle/20.500.14008/93664,https://historica.unibo.it/server/iiif/7ffb8eef-04d3-4b4a-9739-c9703863c397/manifest
BO0624_87988,"Oelgemälde alter Meister aus Schweizer Besitz: Auktion in München in der Galerie Helbing, Freitag, den 24. November 1911",https://historica.unibo.it/handle/20.500.14008/94101,https://historica.unibo.it/server/iiif/80007075-0a5f-40b5-be63-aa079be97d5d/manifest
BO0624_84331,"Catalogue des aquarelles, dessins & croquis par Henry Monnier, 1805-1877 provenant de la collection de M. Gustave Cahen: samedi 8 juin 1929",https://historica.unibo.it/handle/20.500.14008/93681,https://historica.unibo.it/server/iiif/80148cd7-532e-4336-8635-c9d59a9b120c/manifest
BO0624_88091,Gemäldesammlung des Herrn Rechtsanwalts Dr. Wilhelm Eichenwald-Mürzzuschlag: Werke alter und neuer Meister ... Versteigerung: ... den 4. März 1913,https://historica.unibo.it/handle/20.500.14008/94167,https://historica.unibo.it/server/iiif/801c02f3-a4e5-43ea-a78c-2b4071393ec5/manifest
BO0624_87864,"Gemälde Aquarelle, Kunstblätter, Antiquitäten, Kunstgegenstände u. A., 2. Abteilung der Sammlung des herrn F. Bohnenberger, Stuttgart aus hiesigem und auswärtigem Privatbesitz sowie aus dem Nachlass eines hiesigen Künstlers: Versteigerung in Frankfurt a.M., Mittwoch u. Donnerstag, den 9. u. 10. Dezember 1908",https://historica.unibo.it/handle/20.500.14008/94027,https://historica.unibo.it/server/iiif/801f1a0f-b03f-4127-b3d3-9dd7ad656c7a/manifest
BO0624_87523,"Katalog von Antiquitäten, Kunstsachen sowie Ölgemälden aus dem Besitze eines süddeutschen Fabrikanten und andere Beiträge ... Auction in München ... den 22. und 23. Juni ... unter Leitung des Kunsthändlers Hugo Helbing in München",https://historica.unibo.it/handle/20.500.14008/93797,https://historica.unibo.it/server/iiif/803001c4-ce49-4164-a2b5-b459add34a9c/manifest
BO0624_81788,"Catalogo n. 82: Mobili e quadri antichi provenienti da un castello della Valle d'Aosta: quadri moderni dipinti e raccolti da Belisario Gioja; bronzi, miniature, maioliche, porcellane, mobili, quadri di diverse proprietà, in vendita al pubblico incanto",https://historica.unibo.it/handle/20.500.14008/92767,https://historica.unibo.it/server/iiif/8042b4ee-ecb4-44b3-a1b1-949cfb863ee7/manifest
BO0624_84034,Catalogue des objets d'art et de riche ameublement ... tableaux anciens ... provenant de l'importante collection de feu M. le Baron Achille Seillière: jeudi 9 mars 1911,https://historica.unibo.it/handle/20.500.14008/93453,https://historica.unibo.it/server/iiif/8074047e-2638-4a51-9227-31a4221a0a9a/manifest
BO0624_84222,Catalogue des sculptures anciennes du XVIII siècle ... tableaux anciens ... collection de lorgnettes de théatre provenant de la collection Caillavet ...: la vente ... aura lieu à Paris ... le vendredi 7 mai 1920 ...,https://historica.unibo.it/handle/20.500.14008/93602,https://historica.unibo.it/server/iiif/807cfc26-a188-42b2-acef-47f25526254b/manifest
BO0624_84205,"Catalogue des objets d'art et d'ameublement, faiences, porcelaines de Chine et Européennes, meubles, tapisseries d'Aubusson et des Flandres, tableaux anciens et modernes ... appartenant à M. L ...: la vente aura lieu à Paris ... les lundi 15 et mardi 16 juin 1914 ...",https://historica.unibo.it/handle/20.500.14008/93587,https://historica.unibo.it/server/iiif/807d5548-81cd-43bc-8b53-1b9f68fa5a96/manifest
BO0624_88073,"Goethe- und Schiller-Reliquien aus dem Nachlasse von Goethes Sekretär Rat Theodor Kräuter Besitz seines GrÖnessen Dr. Robert Reil - Weimar: Autogramme Literatur, insbesondere des 18. und der ersten Hälfte des 19. Jahrhunderts, Taschenbücher, Kalender, Noten und Karten, vornehmlich aus der Bibliotek des Edlen von Babo-Bivenot - Wien ...: Versteigerung ... den 28. Januar 1913",https://historica.unibo.it/handle/20.500.14008/94152,https://historica.unibo.it/server/iiif/80efc314-5887-4812-82f6-0e0898bbd36f/manifest
BO0624_88478,Nachlass Frau Geh.-Rat Netto Giessen und Bestände eines deutschen Fürstenschlosses: Gemälde neuerer Meister Möbel Teppiche Metallarbeiten Keramik Elfenbein Graphik [Versteigerung ... 20. Sept. 1921 bis ... 23. Sept. 1921],https://historica.unibo.it/handle/20.500.14008/94456,https://historica.unibo.it/server/iiif/80fb781b-8cc0-4e02-8c32-4fff3d9cd522/manifest
BO0624_83972,"Catalogue de tableaux anciens, important portrait de S.A.R. Madame la Duchesse de Berry par sir Thomas Lawrence, objets d'art ... le tout appartenant à M. le Mmarquis de F. ...: Hotel Drouot, le jeudi 13 mai 1909",https://historica.unibo.it/handle/20.500.14008/93414,https://historica.unibo.it/server/iiif/81756fe8-df86-4b4d-96d9-71247628e54e/manifest
BO0624_81921,"Catalogo della collezione Girard di arte antica, che sarà posta in vendita dalla Galleria Dante Giacomini, Roma",https://historica.unibo.it/handle/20.500.14008/92964,https://historica.unibo.it/server/iiif/81984462-1910-406a-abde-dba67a03949c/manifest
BO0624_84243,"Catalogue des objets d'art et d'ameublement principalement du dix-huitième siècle ... tableaux, dessins, gravures ...importante collection de boites et étuis-souvenirs en or de 18. siècle ... tapisseries du XVIII siècle etc., etc. composant la collection de monsieur D ...: la vente ... aura lieu à Paris ... les lundi 23, mardi 24 et mercredi 25 mai 1921 ...",https://historica.unibo.it/handle/20.500.14008/93620,https://historica.unibo.it/server/iiif/819fed33-4685-4366-b79f-dd2be159f169/manifest
BO0624_84182,"Catalogue des objets d'art et d'ameublement, faiences, porcelaines ... sièges et meubles ... anciennes tapisseries, tableaux ... appartenant à madame J ...: la vente aura lieu à Paris ... le vendredi 20 et samedi 21 mars 1914 ...",https://historica.unibo.it/handle/20.500.14008/93568,https://historica.unibo.it/server/iiif/81bb9983-ad02-49c3-b360-a3dd799bce3c/manifest
BO0624_88248,"Sammlung Julius Stern [gestorben] Berlin: Versteigerung, Montag, 22. Mai 1916 ... in der Galerie Paul Cassirer ...",https://historica.unibo.it/handle/20.500.14008/94279,https://historica.unibo.it/server/iiif/8230d15e-443a-48f0-a353-dd9309b57506/manifest
BO0624_83814,"Catalogue des objets d'art, faïences et porcelaines anciennes ...: vendredi 17 novembre 1905",https://historica.unibo.it/handle/20.500.14008/93309,https://historica.unibo.it/server/iiif/826ab79c-81be-4161-a0d1-1cfa4ad12ede/manifest
BO0624_88560,"Von der Romantik zum Impressionismus: Gemälde Führender Meister des 19. Jahrhunderts der deutschen und französischen Schule u.a. aus bekannten Frankfurter und hessishen Privatsammlungen: [Versteigerung ... Dienstag, den 7. April 1925]",https://historica.unibo.it/handle/20.500.14008/94524,https://historica.unibo.it/server/iiif/82846e7e-a463-490b-9741-bb287da6e216/manifest
BO0624_88163,"Sammlung von Oelgemälden alter Meister des 14. bis 18. Jahrhunderts ausschliesslich aus dem Besitz des Herrn Professor Dr. Wedewer, Wiesbaden, 2. Abteilung: Versteigerung: Dienstag, den 2. Dezember 1913",https://historica.unibo.it/handle/20.500.14008/94222,https://historica.unibo.it/server/iiif/82bdf428-292c-41ce-97a5-f82a839f290d/manifest
BO0624_83675,Catalogue des tableaux modernes et dessins ...: tableaux anciens ...: vendredi 15 juin 1900,https://historica.unibo.it/handle/20.500.14008/93260,https://historica.unibo.it/server/iiif/82bf7c24-6a53-496d-922c-903f95ffd743/manifest
BO0624_87922,"Gemälde moderner und älterer Meister, Waffen, Antiquitäten und Kunstgegenstände ...: Versteigerung Frankfurt a.M., Dienstag und Mittwoch, den 11. und 12. Oktober 1910",https://historica.unibo.it/handle/20.500.14008/94061,https://historica.unibo.it/server/iiif/82dc0a2f-e03a-4cfa-85bd-d7432c48110b/manifest
BO0624_88461,Gemälde alter und neuerer Meister: Orientteppiche Möbel Ausgrabungen Europaisches und Asiatisches Kunstgewerbe aus den Sammlungen von Freifrau Roeder v. Diersburg geb. Freiin v. Seherr-Thoss: der Hamburger Kunsthalle und anderem Besitz ... mit 20 Tafeln Abbildungen [Versteigerung ... 22. Februar 1921 bis ... 25. Februar 1921],https://historica.unibo.it/handle/20.500.14008/94441,https://historica.unibo.it/server/iiif/82f6f56a-f580-4b47-98aa-197460578643/manifest
BO0624_81848,Catalogo di quanto arredava il palazzo di una Principesca Famiglia Palermitana la cui vendita all'Asta Pubblica verrà eseguita nei saloni del Kursaal Biondo in Palermo - Piazza Politeama,https://historica.unibo.it/handle/20.500.14008/92885,https://historica.unibo.it/server/iiif/83016671-7335-4bae-9a90-15010e37fde6/manifest
BO0624_87819,"Katalog von Öelgemälden alter Meister aus dem Nachlasse des verstorbenen Herrn Kunstverlegers A. Löhle, München sowie aus verschiedenem besitze.: Auktion in München in der galerie Helbing...den 11. November 1907",https://historica.unibo.it/handle/20.500.14008/93988,https://historica.unibo.it/server/iiif/8326a633-2edc-480a-b867-c3e6b9217f85/manifest
BO0624_83702,"Catalogue des marbres importants, bronzes, terres cuites, groupes, statues ... oeuvres originales et uniques de P. D'Épinay, tableaux, aquarelles, dessins ... garnissant son atelier de Paris ...: lundi 14 Avril 1902 ...",https://historica.unibo.it/handle/20.500.14008/92800,https://historica.unibo.it/server/iiif/834bd1e4-7166-4da7-bbb4-cb98619daf1b/manifest
BO0624_66094,"Catalogue of old English and French furniture, the property of Major J.A. Morrison ...: decorative furniture, objects of art and tapestry, from various sources: porcelain and needlework, the property of the Rt. Hon. Lady Binning and Chinese carvings in jade, the property of the princess Lichnowsky: thursday, december 12, 1929",https://historica.unibo.it/handle/20.500.14008/93215,https://historica.unibo.it/server/iiif/83f72eeb-1418-462c-98a9-c708c5a65c84/manifest
BO0624_81878,"Catalogo degli oggetti d'arte, mobili, quadri, stoffe, stampe, argenti che guarnivano uno dei grandi appartamenti dello storico palazzo di Collodi e di altra provenienza ...: vendita al pubblico incanto ... dal 4 marzo 1929 ... e seguenti",https://historica.unibo.it/handle/20.500.14008/92937,https://historica.unibo.it/server/iiif/84808444-eb50-4b31-9540-6292dccc5a77/manifest
BO0624_88300,"Ölgemälde moderner Meister, vorwiegend süddeutscher Besitz und aus Nachlässen, Paul Châles de Beaulieu, Darmstadt und F. Eibner, München: Auktion in München in der Galerie Helbing, Donnerstag, den 5. July 1917",https://historica.unibo.it/handle/20.500.14008/94321,https://historica.unibo.it/server/iiif/84bfa9eb-5e91-4230-b40e-2c4ec7593cef/manifest
BO0624_88563,"Gemälde Alter Meister: Ostasiatisches Kunstgewerbe altes mobiliar ... Sammlung Dir. M. Grosskopf, Köln: [Versteigerung ... Dienstag, den 5. Mai 1925, Mittwoch, den 6. Mai 1925",https://historica.unibo.it/handle/20.500.14008/94526,https://historica.unibo.it/server/iiif/84cbe238-2fee-477f-be9c-448441e2787a/manifest
BO0624_83843,Catalogue des objets d'art & d'ameublement du premier Empire ... provenant de la collection Antocolsky: vendredi 18 mai 1906,https://historica.unibo.it/handle/20.500.14008/93329,https://historica.unibo.it/server/iiif/8505d807-a013-4134-9063-c53f35ac38a7/manifest
BO0624_88408,"Antiquitäten, Gobelins - Glasgemälde: Gemälde älterer Meister Nachlass A. von Grand Ry [gestorben] Rittergutbesitzer, Schloss Thal bei Aachen und anderer Besitz: ... Versteigerung ... den 11. ... den 12. Februar",https://historica.unibo.it/handle/20.500.14008/94395,https://historica.unibo.it/server/iiif/853cbe40-2538-4c23-abb9-735e6961afca/manifest
BO0624_84198,"Catalogue des objets d'art et de haute curiosité de l'antiquité, du Moyen Age de la Renaissance et autres, faïences italiennes, terres émaillées des Robbia ... formant la collection de M. Arthur Sambon dont la vente aura lieu a Paris: Galerie Georges Petit, les lundi 25, mardi 26, mercredi 27 et jeudi 28 mai 1914",https://historica.unibo.it/handle/20.500.14008/93580,https://historica.unibo.it/server/iiif/8549834a-b061-40e8-90ec-d5066a049c31/manifest
BO0624_88051,"Verzeichnis der Gemälde weniger älterer und meist moderner Meister aus den Schulen von Barbizon und Fontainebleau, welche die Sammlung des Kommandanten Herrn Henri Stéger [gestorben], Paris bildeten: Versteigerung ... 18. November 1912 ... in Frankfurt am Main ...",https://historica.unibo.it/handle/20.500.14008/94138,https://historica.unibo.it/server/iiif/856350b2-3c67-43d3-aeea-13fbb7860148/manifest
BO0624_84262,"Catalogue des objets d'art et d'ameublement du XVIII siècle et autres ... sièges et meubles, tableaux et gravures ... dépendant de la succession de M.D ...: la vente aura lieu à Paris ... le mardi 30 mai 1922 ...",https://historica.unibo.it/handle/20.500.14008/93635,https://historica.unibo.it/server/iiif/8584d369-5900-4d87-ae24-20bf3377300f/manifest
BO0624_88432,Gemälde vorwiegend moderner Meister aus Sammlung Geh. Kommerzienrat Eduard Oehler [gestorben] Frankfurt a. M.: ... Versteigerung ... 6. Juli 1920,https://historica.unibo.it/handle/20.500.14008/94417,https://historica.unibo.it/server/iiif/858ff7c1-1d0b-4407-816a-036354ece5e4/manifest
BO0624_88013,"Katalog einer ausgewählten Sammlung von hervorragenden Gemälden alter und neuer Meister aus dem Nachlasse des Herrn B. Berghausen, [gestorben] zu Köln, Prof. Julius Hübner, [gestorben] zu Dresden und and.: Versteigerung zu Köln a. Rhein 26. März 1912 ...",https://historica.unibo.it/handle/20.500.14008/94114,https://historica.unibo.it/server/iiif/85bf697c-268c-4536-9f65-8ad8ec4417a1/manifest
BO0624_6334,Catalogo delle due gallerie di quadri del conte Della Torre di Rezzonico Giovio e di Mantovani-Orsetti ... contenenti celebri quadri di scuole italiane e olandese ...: la vendita al pubblico incanto avrà luogo in Milano ...: esposizione pubblica domenica 29 e lunedì 30 maggio 1898 ...,https://historica.unibo.it/handle/20.500.14008/93068,https://historica.unibo.it/server/iiif/85e2b099-575d-4ec2-b038-62291acafd32/manifest
BO0624_81913,"Catalogo delle collezioni private d'arte appartenute a S. A. R. Emanuele Filiberto di Savoia duca d'Aosta ...: Galleria Dante Giacomini, Roma",https://historica.unibo.it/handle/20.500.14008/92963,https://historica.unibo.it/server/iiif/85e7c36a-0fa7-425b-9f4f-dc869ccd0965/manifest
BO0624_88471,Sammlung Dr. Ernst Cosack - Arnsberg und mitteldeutscher Museumbesitz: Gemälde neuer Meister Möbel Zinn u. a. ... mit 10 Tafeln Abbildungen [...: Versteigerung ... 31. Mai 1921 ... 1. Juni 1921 ... 2 Juni 1921],https://historica.unibo.it/handle/20.500.14008/94450,https://historica.unibo.it/server/iiif/8622f78d-4db4-46ae-b479-118455f9c10e/manifest
BO0624_83806,"Catalogue des tableaux modernes et anciens par Chaplin, Daumier ... dessins anciens et modernes gravures composant la collection de feu M. Boy: samedi 17 juin 1905",https://historica.unibo.it/handle/20.500.14008/93303,https://historica.unibo.it/server/iiif/863df734-ef5d-4e8f-8f88-fc94dd133415/manifest
BO0624_84267,"Catalogue des objets d'art et d'ameublement des 17., 18. siècles et autres tableaux anciens par L. Boilly ... mobilier de salon en tapisserie du temps de Louis 15. ... tapisseries des Gobelins, d'Aubusson & des Flandres ... avant composé la collection de M. Albert Bloch-Levalois: mardi 25 & mercredi 26 mars 1924",https://historica.unibo.it/handle/20.500.14008/93638,https://historica.unibo.it/server/iiif/865264d6-930d-47e3-823f-eac4f15bb489/manifest
BO0624_88507,"Sammlung des verstorbenen Herrn Fabrikant A. Jos. Schulte, Altsdorf und andere gemälde alter und neuer meister aquarelle, kupferstiche, radierungen. Versteigerung: Aachen, 28 Juni 1922",https://historica.unibo.it/handle/20.500.14008/94483,https://historica.unibo.it/server/iiif/8656f1e4-f4e0-4bde-9f74-e02269889202/manifest
BO0624_88758,"Ölgemälde, Aquarelle und Handzeichnungen moderner Meister, aus Ausändischem-Mitteldeutschem Münchener Besitz. Auktion: München, 21 März 1928",https://historica.unibo.it/handle/20.500.14008/94678,https://historica.unibo.it/server/iiif/869449c2-e2a0-4d02-b226-4c5cff43bea5/manifest
BO0624_83947,"Catalogue de tableaux anciens par Mlle Bouliar, De Marne ... composant la collection de M. J. L. ...: Hotel Drouot, le lundi 14 décembre 1908",https://historica.unibo.it/handle/20.500.14008/93398,https://historica.unibo.it/server/iiif/869a5c00-4b97-419a-9979-5308227d980f/manifest
BO0624_83631,"Catalogue de tableaux anciens & modernes composant l'importante collection de M. le Comte Daupias de Lisbonne et dont la vente aura lieu a Paris ... Galerie Georges Petit, les Lundi 16 et Mardi 17 Mai 1892",https://historica.unibo.it/handle/20.500.14008/92984,https://historica.unibo.it/server/iiif/869f57a9-b18f-4f5f-a2e9-e5845ecc6c9b/manifest
BO0624_83659,Catalogue des objets d'art et d'ameublement ...: jeudi 22 juin 1899,https://historica.unibo.it/handle/20.500.14008/93248,https://historica.unibo.it/server/iiif/86aeaaa6-e4a1-4909-85ac-5bc1e2512b85/manifest
BO0624_88281,"Verzeichnis über Gemälde und Handzeichnungen älterer Meister dabei Werke von: Albani, Bassano, Barbiers, Bronzino, Caravaggio, Carracci, Correggio ...: moderner Meister ...: Antiquitäten u. Kunstgegenstände ...: Versteigerung ... den. 28. u. 29. März 1917 ... Frankfurt a. M. ...",https://historica.unibo.it/handle/20.500.14008/94306,https://historica.unibo.it/server/iiif/86c23c2d-1cdd-444e-b4dc-7705a4aed893/manifest
BO0624_88554,Gemälde aus einer Hamburger Privat Sammlung und anderem Hamburger Besitz...: Versteigerung...27 Januar...28 Januar...29 Januar,https://historica.unibo.it/handle/20.500.14008/94521,https://historica.unibo.it/server/iiif/86c92dd5-6ea0-40ee-8b7e-9abe23289431/manifest
BO0624_81809,"Collezione Checcucci: quadri, disegni, acqueforti, scolture di G. Fattori, G. Boldini, S. Lega, T. Signorini, Vito d'Ancona, G. Abbati ...",https://historica.unibo.it/handle/20.500.14008/92776,https://historica.unibo.it/server/iiif/86fd80a1-c97f-479b-9207-476e15b3ad35/manifest
BO0624_83795,"Catalogue de tableaux anciens et modernes, oeuvres remarquables de Berkheyden, Chardin, L. Cranach, F. De Troy, Goya, Gérard Dou ... composant la collection de M. Edwards: jeudi 25 mai 1905",https://historica.unibo.it/handle/20.500.14008/93298,https://historica.unibo.it/server/iiif/872e7972-607b-4a5f-9d24-dc1ae5a67e56/manifest
BO0624_88264,"Katalog der Sammlung Otto Herrmann Claass, nebst 10 Bildern aus Berliner Privatbesitz: Versteigerung am Dienstag, 21 November 1916",https://historica.unibo.it/handle/20.500.14008/94292,https://historica.unibo.it/server/iiif/873311de-6d0a-4baa-8d6d-5c99e67d78a6/manifest
BO0624_83930,"Catalogue des tableaux anciens par Adrianenses, Becchey, Van Beyeren, Bonington, Boucher ...: oeuvres importantes des écoles flamande, française et hollandaise des 17. et 18. siècles, primitifs du 15. siècle, composant la collection de M.P.M...: le vendredi 8 mai 1908",https://historica.unibo.it/handle/20.500.14008/93386,https://historica.unibo.it/server/iiif/873ea5af-ac1b-48ea-91f2-80621b9028e5/manifest
BO0624_88097,"Kunstsammlungen Heinrich Freiherr von und zu Franckenstein [gestorben] München: Abteilung 1.: Antiquitäten und Möbel (Steinzeug, Fayence, Porzellan ... ostasiatisches u. modernes Kunstgewerbe): Auktion in München in der Galerie Helbing ... den 28. März und folgende Tage",https://historica.unibo.it/handle/20.500.14008/94172,https://historica.unibo.it/server/iiif/875143da-f214-45b1-bc6c-33171e737ee3/manifest
BO0624_88141,Sammlung des Herrn C. Chr. E. Meyer - Bremen und des Grafen R.: Ölgemälde Antiquitäten Möbel Porzellane ...: Versteigerung: ... den 7. bis ... den 9. Oktbr. 1913: Katalog mit 28 Lichtdrucktafeln und 18 Autotypietafeln,https://historica.unibo.it/handle/20.500.14008/94205,https://historica.unibo.it/server/iiif/875308ac-fd4f-4506-99e2-c1928bb749f5/manifest
BO0624_84107,"Catalogue des objets d'art et d'ameublement du 18. siècle & autres ... tableaux anciens et modernes, aquarelles, dessins, pastels, gravures des écoles française et anglaise du 18. siècle, appartenant à madame Balletta et dont la vente ... aura lieu a Paris ... les mercredi 8, jeudi 9 et vendredi 10 mai 1912",https://historica.unibo.it/handle/20.500.14008/93511,https://historica.unibo.it/server/iiif/875d03a5-9e4f-43cd-ab28-48367ceda447/manifest
BO0624_87794,Ölgemälde alter Meister: zwei auswärtige Privatsammlungen und die Kollektion eines rheinischen Kunstfreundes: mit 37 Abbildungen ... Versteigerung ... den 5. März 1907,https://historica.unibo.it/handle/20.500.14008/93969,https://historica.unibo.it/server/iiif/8772e867-330b-4718-9b03-49da2649e5f9/manifest
BO0624_83756,Notice sur un tableau de l'école française ... dont la vent aura lieu ... le samedi 11 Juin 1904 ...,https://historica.unibo.it/handle/20.500.14008/92828,https://historica.unibo.it/server/iiif/878c0ddd-ebc1-45ec-b886-7a8a88dc15be/manifest
BO0624_84152,"Catalogue des objets d'art et d'ameublement, porcelaines de Chine ... appartenant à Madame G. de E. et dont la vente ... aura lieu a Paris... le vendredi 23 mai 1913",https://historica.unibo.it/handle/20.500.14008/93546,https://historica.unibo.it/server/iiif/8790f885-1501-4b31-9a53-da7aa17ce269/manifest
BO0624_88338,"Die Sammlung Eugen Schweitzer, Berlin: Versteigerung Donnerstag, den 6. Juni 1918",https://historica.unibo.it/handle/20.500.14008/94344,https://historica.unibo.it/server/iiif/879de74a-562f-4193-829f-f36657bbb252/manifest
BO0624_83690,Catalogue des tableaux et études peintes par feu Antoine Vollon ... objets de curiosité et d'ameublement ...: lundi 20 ... jeudi 23 mai 1901,https://historica.unibo.it/handle/20.500.14008/93268,https://historica.unibo.it/server/iiif/87bd96e3-835f-4203-802e-e019ef18d964/manifest
BO0624_84055,"Catalogue des tableaux anciens, dessins, pastels par Bonaventure de Bar ...: mardi 23 mai 1911",https://historica.unibo.it/handle/20.500.14008/93469,https://historica.unibo.it/server/iiif/87cf9b70-a780-4eac-97b8-de26564022ce/manifest
BO0624_88234,Verzeichnis über Gemälde und einige Kunstblätter älterer und moderner Meister ... meist aus Frankfurter und süddeutschen Besitz: Versteigerung ... den 23. und 24. November 1915 in Frankfurt am Main ...,https://historica.unibo.it/handle/20.500.14008/94267,https://historica.unibo.it/server/iiif/87d235b8-7c9f-4225-ad8c-61f6475929a9/manifest
BO0624_83627,"Catalogue de tableaux anciens et modernes, livres d'art formant la collection de feu M. François Nieuwenhuys dont la vente aura lieu Hotel Drouot, le Jeudi 28 Avril 1881",https://historica.unibo.it/handle/20.500.14008/92978,https://historica.unibo.it/server/iiif/87f9941e-739d-462b-b60f-7a692fb54145/manifest
BO0624_88776,"Kunstwerke aus den Beständen Leningrader Museen und Schlösser, Zweiter Teil: im Auftrag der Handelsvertretung der Union der Sozialistischen Sowjet-Republiken: [Versteigerung: Dienstag, den 4. Juni 1929 und Mittwoch, den 5. Juni 1929]",https://historica.unibo.it/handle/20.500.14008/94695,https://historica.unibo.it/server/iiif/880f66da-c409-4049-a041-d9512e0b851e/manifest
BO0624_5750,"The collection of Achillito Chiesa, Esq. of Milan: part II: Italian primitives and Renaissance paintings ...",https://historica.unibo.it/handle/20.500.14008/93040,https://historica.unibo.it/server/iiif/881ab2f2-e25d-4571-ab28-1ebda7429852/manifest
BO0624_88501,"Sammlung Prof. Dr. Michelsen [gestorben], London und and. Besitz: Gemälde alter Meister und Handzeichnungen der deutschen, vlämischen, holländischen, italienischen, französischen und spanischen Schule; [Versteigerung: Frankfurt, 11 April 1922]",https://historica.unibo.it/handle/20.500.14008/94477,https://historica.unibo.it/server/iiif/8820cdfe-37e1-4d85-bdbb-c57d90d6ce53/manifest
BO0624_83647,"Catalogue des dessins, tableaux, pastels, aquarelles, gouaches du 18. siècle ... objets d'art et de riche ameublement du 18. siècle, tapisseries composant la collection de M. le Comte Jacques de Bryas ...: lundi 4, mardi 5 et mercredi 6 avril 1898",https://historica.unibo.it/handle/20.500.14008/93238,https://historica.unibo.it/server/iiif/884c1a3c-93df-4969-8b16-a3500767e989/manifest
BO0624_44452,"Sammlung von alten glasgemalden, schweiz 15., 16., 17. jahrundert aus einer alten, historischen Burg Schlesiens stammend: sammlung von miniaturen, emaillen-, dosen-, italienischen bronzen ...: sammlung Torrombro Rom: oeffentliche versteigerung durch J. Grunfeld in des auctions-raumen, Kochstrasse no. 9 am Dienstag, den 27. und Mittwoch, den 28. Februar 1894 ...",https://historica.unibo.it/handle/20.500.14008/92672,https://historica.unibo.it/server/iiif/884ed43d-b581-43e7-81ed-04ad566be43a/manifest
BO0624_83973,"Catalogue des tapisseries, objets d'art et ameublement ... tableaux, gravures, aquarelles ...: Hotel Drouot, le vendredi 14 mai 1909",https://historica.unibo.it/handle/20.500.14008/93415,https://historica.unibo.it/server/iiif/88d9b5f2-ec38-4d73-bfff-35d9a829334d/manifest
BO0624_88622,Olgemalde,https://historica.unibo.it/handle/20.500.14008/94565,https://historica.unibo.it/server/iiif/8985a91d-3577-45c6-935d-26d55deca2bf/manifest
BO0624_87479,"Verzeichniss der Kunst-Sammlung des Herrn Julius Mayer in Bonn u. A.: Reichhaltinge Sammlung von Gemälden, Stichen fast alle in ersten Abdrücken ... die von 10. Juli bis 12. Juli 1895 durch M. Lempertz' Antiquariat (P. Hanstein) ... versteigert werden",https://historica.unibo.it/handle/20.500.14008/93770,https://historica.unibo.it/server/iiif/89998c39-6962-4911-89bd-9721d583b5fe/manifest
BO0624_87837,"Ölgemälde herrvorragender moderner Meister aus verschiedenem, teils adeligem Besitze: Auktion in München in der Galerie Helbing ... den 7. April 1908",https://historica.unibo.it/handle/20.500.14008/94005,https://historica.unibo.it/server/iiif/89cc1a4b-816c-42f7-90c0-86ed4d019c16/manifest
BO0624_87852,"Sammlung von Gemälden alter Meister des 14.-18. Jahrhunderts: ausschliesslich aus dem Besitze des Herrn Henry Weustenberg, Berlin ...: Versteigerung, Dienstag, den 27. Oktober 1908",https://historica.unibo.it/handle/20.500.14008/94018,https://historica.unibo.it/server/iiif/89fb9403-8d0c-4bdc-b1d2-b547278e8f1c/manifest
BO0624_84136,"Catalogue des bijoux, gros collier de 45 perles d'orient, orfèvrerie, tableaux, pastels, dessins, gravures ... Hotel Drouot, du lundi 3 mars au vendredi 7 mars 1913",https://historica.unibo.it/handle/20.500.14008/93535,https://historica.unibo.it/server/iiif/8a0b8241-1bab-4bb2-b326-848232fe4bd9/manifest
BO0624_66058,"The Browning Collections. Catalogue of the autograph letters and manuscripts: Friday, the 2nd of May 1913",https://historica.unibo.it/handle/20.500.14008/93180,https://historica.unibo.it/server/iiif/8a0fa401-29dd-41cc-a44e-08be3bec9d78/manifest
BO0624_88170,"Ölgemälde moderner Meister: Nachlass Kunstmaler Jos. Watter, München, sowie aus Besitz J. S., München und aus anderem Privatbesitz: Auktion in München in der Galerie Helbing, Montag, den 15. Dezember 1913",https://historica.unibo.it/handle/20.500.14008/94226,https://historica.unibo.it/server/iiif/8a6159b2-2a56-48e9-8cac-77c21b8fd48a/manifest
BO0624_66065,"A catalogue of the Margrave Pallavicini collection, and other properties: on friday, the 27th of may, 1927",https://historica.unibo.it/handle/20.500.14008/93187,https://historica.unibo.it/server/iiif/8a7c328a-a016-4686-ad71-618884d67026/manifest
BO0624_84305,"Catalogue des objets d'art et de magnifique ameublement du XVIIIe siècle, tableaux, aquarelles, dessins, gouaches, pastel ...: mercredi 22, jeudi 23 et vendredi 24 1927",https://historica.unibo.it/handle/20.500.14008/93663,https://historica.unibo.it/server/iiif/8a86ea6a-8eb8-4ce8-9407-34672fc52333/manifest
BO0624_87407,"Katalog der reichhaltigen Sammlung von Kunstgegenstände, kunstgewerblichen Erzeugnissen und Gemälden des Architekt Herrn Fritz Hasselman zu München ... Versteigerung zu Köln den 24. bis 28. October 1889 durch J. M. Heberle (H. Lempertz' Söhne)",https://historica.unibo.it/handle/20.500.14008/93724,https://historica.unibo.it/server/iiif/8a895385-7d14-436a-90d8-2dcd2ebef648/manifest
BO0624_50796,"Catalogue de la collection Chillingworth. Tableaux anciens XIIIe-XVIIIe siècles écoles flamande, hollandaise, allemande et italienne: la vente publique aura lieu le mardi 5 Septembre 1922 au Grand Hotel national à Lucerne",https://historica.unibo.it/handle/20.500.14008/92707,https://historica.unibo.it/server/iiif/8a99084c-42a6-441f-87ca-15dafa58d9b1/manifest
BO0624_88099,Verzeichnis über Oelgemälde und Kunstblätter einiger alterer und namhafter moderner Meister Antiquitäten und Kunstsachen dabei alte orientalische Teppiche Japan-Holzschnitte ... unter Leitung von Rudolf Bangel ... Dienstag bis Donnerstag den 1. bis 3. April 1913 ...,https://historica.unibo.it/handle/20.500.14008/94174,https://historica.unibo.it/server/iiif/8a9c02a6-669e-44da-8344-36400106992b/manifest
BO0624_88282,"Alte vorwiegend süddeutsche Fayencen und Porzellane, Gläser, Arbeiten in Edelmetall, Bronze und Zinn, Skulpturen, Möbel, Gobelins und Kostüme, Miniaturen etc.: aus den Nachlässen Dr. Hans Stegmann, München [gestorben]: Dr. Wilhelm Schmidt, München [gestorben]: Prof. Wierusz-Kowalski, München: Rudolf Hübel, Meran: sowie aus Münchener und Stuttgarter Privatbesitz [Versteigerung in München in der Galerie Helbing ... den 17. bis ... den 19. April 1917]",https://historica.unibo.it/handle/20.500.14008/94307,https://historica.unibo.it/server/iiif/8ab61262-52f6-4f60-8000-7a37e68d88c5/manifest
BO0624_84028,Catalogue des objets d'art et de haute curiosité ...: lundi 12 ... jeudi 15 décembre 1910,https://historica.unibo.it/handle/20.500.14008/93450,https://historica.unibo.it/server/iiif/8af4db43-9cc1-4b33-828e-af7a5798a7fc/manifest
BO0624_88113,"Verzeichnis über Gemälde älterer und moderner Meister, Waffen, Geweihe, dabei viele Abnormitäten Antiquitäten u. Kunstgegenstände in Metall, Porzellan, Fayence, etc.: Möbel, Münzen und Medaillen meist aus hiesigem u. auswärtigem Nachlässen stammend: Versteigerung ... den 29. und 30. April 1913 ... in Frankfurt am Main ...",https://historica.unibo.it/handle/20.500.14008/94185,https://historica.unibo.it/server/iiif/8b194c5c-69b3-4854-8d91-d99e5ff5268a/manifest
BO0624_81835,"Catalogo delle collezioni Alessandro Zoubaloff esistenti nel palazzo di via Lamarmora, 13: quadri, maioliche, porcellane, sculture, terrecotte, avori, argenti, bronzi, armi, gioie, miniature, smalti, stoffe, oggetti orientali, curiosità, mobili: vendita all'asta dal 30 aprile al 12 maggio 1917",https://historica.unibo.it/handle/20.500.14008/92873,https://historica.unibo.it/server/iiif/8b28a3c9-fc0e-49e5-a604-7a3131609dcc/manifest
BO0624_88684,"Sammlung Universitätsprofessor Dr. Friedrich Helfreich [gestorben] Würzburg: Skulpturen des 15. bis 18. jahrhunderts, keramik, alte kunstgewerbe, alte gemälde. Versteigering: München, 9 Dez. 1927",https://historica.unibo.it/handle/20.500.14008/94614,https://historica.unibo.it/server/iiif/8b2ad983-2c0a-4a05-bcd9-8e0a22607012/manifest
BO0624_83725,Catalogue des peintures provenant du Cabinet de feu Félix Ravaisson-Mollien ... dont la vente aura lieu le 23 Novembre 1903 ... à L'Hotel Drouot,https://historica.unibo.it/handle/20.500.14008/92819,https://historica.unibo.it/server/iiif/8b837cfd-e7d6-4892-9934-50dc229d7982/manifest
BO0624_87848,Ölgemälde moderner Meister aus französischem Privatbesitze: Auktion in München in der Galerie Helbing ... den 14. Juli 1908,https://historica.unibo.it/handle/20.500.14008/94015,https://historica.unibo.it/server/iiif/8b9e6175-3ff8-4ce6-93d4-5628e8727da7/manifest
BO0624_83878,"Catalogue des tableaux et aquarelles provenant de l'atelier de F. de Vuillefroy et dont la vente aura lieu a Paris, Galerie Georges Petit ... les mardi 5 et mercredi 6 mars 1907",https://historica.unibo.it/handle/20.500.14008/93348,https://historica.unibo.it/server/iiif/8baed9b1-4c8d-458f-aecd-dc7bfb4a5dbb/manifest
BO0624_15368,"Die Plakettensammlung Alfred Walcher Ritter von Molthein, Wien: italienische, spanische, deutsche, niederlandische, franzosische Arbeiten des 15.-18-Jahrh.: Versteigerung in die Galerie Hugo Helbing, München ... Montag, 17. Mai 1926 ... Dienstag, 18. Mai 1926",https://historica.unibo.it/handle/20.500.14008/92514,https://historica.unibo.it/server/iiif/8bc2909d-54a5-48bf-adc4-0854185c942e/manifest
BO0624_87363,"Catalog der reichhaltigen kunst- & antiquitaten- sammlung des herrn antiquars Georg Reichl zu Munchen: versteigerung zu Munchen vom 13. bis 16. april 1885 im Wagner-Saale (Barerstrasse nr. 16) durch Georg Mossel, antiquar",https://historica.unibo.it/handle/20.500.14008/93694,https://historica.unibo.it/server/iiif/8c0e26a3-2a90-4dc4-9b06-acc7ae8cafce/manifest
BO0624_84031,"Catalogue des objets d'art et de haute curiosité: faïences, tympan de l'atelier de Luca della Robbia ... par suite du décès de M. Lowengard: vendredi 3 et samedi 4 mars 1911",https://historica.unibo.it/handle/20.500.14008/93452,https://historica.unibo.it/server/iiif/8c1b3ddc-d3ae-46f0-84e4-fc73c6b93ac9/manifest
BO0624_81796,"Catalogo n. 91: Raccolta Banti: quadri antichi e moderni, oggetti d'arte; aggiunti quadri, bronzi, marmi e oggetti diversi d'altra proprietà, in vendita al pubblico incanto",https://historica.unibo.it/handle/20.500.14008/92765,https://historica.unibo.it/server/iiif/8c71935b-a5ae-44af-ad55-554fe0075d21/manifest
BO0624_87609,"Katalog sehr werthwolle Oelgemälde, Pastelle, Aquarelle und Zeichnungen von Meistern des 15. bis 18. Jahrhunderts: Oeffentliche Versteigerung ... den 17. April 1901 und folgenden Tag ...",https://historica.unibo.it/handle/20.500.14008/93842,https://historica.unibo.it/server/iiif/8c80c89f-14bf-4319-840f-8d2b237cb61d/manifest
BO0624_87635,"Katalog einer Sammlung Ölgemälde vorwiegend alter Meister aus auswärtigen, adeligem Besitze: Auktion in München ... den 24. Februar 1902",https://historica.unibo.it/handle/20.500.14008/93857,https://historica.unibo.it/server/iiif/8c9d9691-f620-4a56-b6b9-aefbc5184b3f/manifest
BO0624_87877,"Gemälde alter Meister: Sammlung aus dem Nachlass Emil Goldschmidt, Frankfurt a.M.: Versteigerung: Dienstag, den 27 April 1909",https://historica.unibo.it/handle/20.500.14008/94034,https://historica.unibo.it/server/iiif/8cef9048-d3f0-44e4-b756-0fcd0a8b02c0/manifest
BO0624_88490,Gemälde moderner Meister u. a. aus Nachlä W. A. Beer: Jugendoriginale aus Sammlung Georg Hirth München Kunstgewerbl. Arbeiten Möbel ... mit 16 Tafeln Abbildungen [Versteigerung ... 13. Dezember bis ... 15. Dezember 1921],https://historica.unibo.it/handle/20.500.14008/94467,https://historica.unibo.it/server/iiif/8cfd831d-ae11-4c2d-9334-f97417a72cb3/manifest
BO0624_83658,"Catalogue des objets d'art et de haute curiosité, faiences italiennes et françaises, porcelaines de la Chine et de Sèvres, pate tendre, émaux peints, verrerie, orfèvrerie religieuse, bijoux, montres ... composant la collection de feu M. Charles Stein: jeudi 8, vendredi 9 et samedi 10 juin 1899",https://historica.unibo.it/handle/20.500.14008/93247,https://historica.unibo.it/server/iiif/8d2d40ab-2c34-4788-821d-cb0426c25101/manifest
BO0624_88712,Meisterwerke alter Malerei: deutsches Porzellan - Holzbildwerke altes Kunstgewerbe - Mobiliar aus verschiedenem rheinischen Besitz ...: Versteigerung ... 8. Mai 1928 ... 9. Mai 1928,https://historica.unibo.it/handle/20.500.14008/94639,https://historica.unibo.it/server/iiif/8d368f8c-2505-4b2d-afe6-b3332631543b/manifest
BO0624_87799,"Antiquitäten Sammlung des verstorbenen Herrn Rittmeister von Goldfü. Gr.-Tinz: ferner Beitrag aus einer Konkursmasse, die in Auftrag des Konkursvewalters Herrn Blod-Aauen versteigert wird; u.a.B. Oelgemälde alter Meister ... Versteigerung ... den 23. April bis ... den 26. April 1907",https://historica.unibo.it/handle/20.500.14008/93972,https://historica.unibo.it/server/iiif/8d3b7d16-ea07-4baf-867c-7b468cc2a8bb/manifest
BO0624_88445,"Gemälde Mobiliar Teppiche Schmuck Edel- u. a. Metalle Porzellan u. a. aus Sammlung Hugo Oushoorn, Amsterdam und Nachlä Frau Generalkonsul M. Baer-Lust Frankfurt a. M.: ... Versteigerung: 26. Oktober 1920 bis 28. Oktober 1920",https://historica.unibo.it/handle/20.500.14008/94426,https://historica.unibo.it/server/iiif/8d3cc7b3-d32c-402a-8500-375544e9f49e/manifest
BO0624_87817,"Katalog der Gemälde-Sammlung des [gestorbenen] Herrn Dr. Martin Soehle, Hamburg: Versteigerung ... den 29. und ... den. 30. Oktober 1907 ... zu München",https://historica.unibo.it/handle/20.500.14008/93986,https://historica.unibo.it/server/iiif/8d4c8b1f-6c0b-435d-a036-a23ce3f5f6f2/manifest
BO0624_81909,"Catalogo della vendita all'asta della collezione di quadri, mobili, argenti, tappeti, ecc. in parte provenienti dalla raccolta del principe don Gerolamo Rospigliosi: Vendita dal 28 aprile al 5 maggio 1931",https://historica.unibo.it/handle/20.500.14008/92948,https://historica.unibo.it/server/iiif/8d7da6df-00af-475e-a0ea-3c316741ba21/manifest
BO0624_83927,"Catalogue des tableaux anciens et modernes, aquarelles, pastels, dessins ... composant la Collection P. A. Cheramy: et dont la vente aura lieu a Paris Galerie Georges Petit ... le mardi 5, mercredi 6 et jeudi 7 mai 1908",https://historica.unibo.it/handle/20.500.14008/93383,https://historica.unibo.it/server/iiif/8d958688-16aa-44a6-bb94-bafb07bae339/manifest
BO0624_87726,"Katalog der Gemälde-Galerie Chevalier Meyer van den Broeck: Auktion in München in der Galerie Helbing, Montag, den 15. Mai 1905 ... unter Leitung des Kunsthändlers und gerichtlich vereideten Sachverständigen Hugo Helbing",https://historica.unibo.it/handle/20.500.14008/93917,https://historica.unibo.it/server/iiif/8da136b1-a502-40dd-a287-832a211dd187/manifest
BO0624_88298,"Verzeichnis über Gemälde meist moderner Meister: Original-Radierungen, Kunstblätter u. dergl. dabei Werke von Altheim, de Beaumont ... sowie der künstleriche Nachlä Th. Ohlsen [gestorben] Wiesbaden: eine Bibliothek, meist medizinische Werke ... Musikalien ... im Auftrage des Nachläpflegers: Antiquitäten und Kunstgegenstände in Metall ...: Versteigerung ... den 26.-28. Juni 1917 ... Frankfurt a. M. ...",https://historica.unibo.it/handle/20.500.14008/94319,https://historica.unibo.it/server/iiif/8e069c8b-1775-44ad-ab1a-f2e9a2f4f847/manifest
BO0624_83989,"Catalogue des boiseries anciennes, cheminées en marbre, trumeaux, glaces, bibliothèque, console, etc. du 18. siècle garnissant la propriété de M. Félix Doistau ... et dont la vente au enchères publiques aura lieu à Pantin (Seine), le vendredi 26 novembre 1909 ...",https://historica.unibo.it/handle/20.500.14008/93429,https://historica.unibo.it/server/iiif/8e34a9ca-7ad6-426c-8065-abc217e13bb3/manifest
BO0624_88047,"Gemälde alter Meister vornehmlich der niederländischen und spanischen Schulen: Miniaturen aus dem Besitze des Freiherrn von Richthofen und anderer Privatsammler ...: Versteigerung Donnerstag, den 24. Oktober 1912",https://historica.unibo.it/handle/20.500.14008/94135,https://historica.unibo.it/server/iiif/8e35fbc9-75b1-4d7d-930d-5a95a2e3271f/manifest
BO0624_66073,"Catalogue of fine old English silver of the 17. and 18. centuries, the property of the Rt. Hon. Lord Brownlow and removed from Belton House, Grantham: wednesday, march 13, 1929",https://historica.unibo.it/handle/20.500.14008/93194,https://historica.unibo.it/server/iiif/8e543643-b2d6-4d4b-8e2d-f7797a5762a5/manifest
BO0624_66080,"Catalogue of the collection of early Chinese porcelain, formed by H. Johnstone ...: tuesday, june 4, 1929",https://historica.unibo.it/handle/20.500.14008/93201,https://historica.unibo.it/server/iiif/8ef39173-7beb-4ae8-9803-a570b8766135/manifest
BO0624_88479,Sammlung Prinz zu Bentheim und Steinfurt und anderer Besitz: Gemälde Gobelins Teppiche Kunstgew. Kuriositäten Schmuck ... mit 39 Abbildungen [Versteigerung ... 4. Okt. 1921],https://historica.unibo.it/handle/20.500.14008/94457,https://historica.unibo.it/server/iiif/8f0aab7f-fc40-47eb-aae5-2592a754df10/manifest
BO0624_87748,"Katalog von Gemaelden alter Meister Galerie Wilhelm Lowenfeld Muenchen (Nachlass): Ausstellung: Sonntag, den 4. und Montag, den 5. feb. 1906: Versteigerung: Dienstag, den 6. Februar 1906",https://historica.unibo.it/handle/20.500.14008/93935,https://historica.unibo.it/server/iiif/8f0ab3f1-f652-46ae-b9b8-e044edb853aa/manifest
BO0624_87683,"Gemälde-Versteigerung: eine großere Sammlung von Ölgemälden hervorragender moderner Meister darunter Werke von: Prof. Franz von Defregger ... Franz Pflugradt: ferner: Orientalische Teppiche ... Versteigerung: Dienstag, den 23. Februar, Mittwoch, den 24. Februar 1904",https://historica.unibo.it/handle/20.500.14008/93885,https://historica.unibo.it/server/iiif/8f0c934e-3f62-4fd1-8cc2-5d9fb218910f/manifest
BO0624_87570,Gemälde-Sammlung des verewigten Herrn Dr. Martin Schubart. Mit dem Bilde und dem Vorwort des verstorbenen sowie einer Einführung von Dr. H. Pallmann: Auktion am 23. Oktober 1899 zu München unter Leitung des Kunsthändlers Hugo Helbing in München,https://historica.unibo.it/handle/20.500.14008/93823,https://historica.unibo.it/server/iiif/8f246523-e206-4c7c-bd43-d610efff1e96/manifest
BO0624_88694,"Galerie Weber, zweiter Teil: Sammlung Gräfin Lodron: Gemälde neuerer Meister",https://historica.unibo.it/handle/20.500.14008/94624,https://historica.unibo.it/server/iiif/8f5e071c-e3c7-46fa-ab03-c9f926d3f6c1/manifest
BO0624_84161,"Catalogue des tableaux anciens des école des 14., 15., 16. ... composant la collection de M. Marczell de Nemes de Budapest dont la vente aura lieu a Paris, Galerie Manzi, Joyant, les mardi 17 et mercredi 18 Juin 1913",https://historica.unibo.it/handle/20.500.14008/93555,https://historica.unibo.it/server/iiif/8f64df97-eb01-4ab6-a2a2-024e885762fc/manifest
BO0624_50014,"Vente publique à La Haye: meubles antiques, pendules, glaces ... porcelaine ... argenterie ... tableaux anciens et modernes, gravures, sculptures provenant du magasin de M.L.E. Van Gelder à La Haye à cause de faillité, antiquités divers ...: la vente aura lieu ... au cercle ""De Kunstkring"" ... le mardi 3 et mercredi 4 mai 1904",https://historica.unibo.it/handle/20.500.14008/92694,https://historica.unibo.it/server/iiif/8f93baf6-08e5-4796-a263-fcd876d4d0b6/manifest
BO0624_88492,"Sammlung Baron Kaspar Gans Edler Herr von und zu Putlitz auf Putlitz: und anderer Besitz; Gemälde alter und moderner Meister, Büchersammlung, Teppiche, Möbel, kunstgewerbliche Arbeiten, Waffen; [Versteigerung: Frankfurt, 31 Januar 1922 bis 3 Februar 1922]",https://historica.unibo.it/handle/20.500.14008/94469,https://historica.unibo.it/server/iiif/8fa74437-7f6b-43aa-b056-4ca53218f4ad/manifest
BO0624_83863,"Catalogue de tableaux anciens et modernes, pastels, gouaches, aquarelles par Van Balen, Bertaux, B. Beschey, P. Bril, Canaletto, F. de Troy, G. Dou, Hugtenburg, Lépicié, H. Leys, Lingelbach, Molenaer, Netscher, Poelemburg ... composant la collection de feu M. le marquis de Forbin-Janson: mardi 4 décembre 1906",https://historica.unibo.it/handle/20.500.14008/93339,https://historica.unibo.it/server/iiif/8fb7222a-9ae6-410c-94d1-31c4e28c75c8/manifest
BO0624_83667,"Catalogue de tableaux, dessins, aquarelles, gouaches & miniatures des écoles allemande, espagnole, flamande, française, hollandaise et italienne, oeuvres remarquables de Albert Durer, Léonard de Vinci et autres de Berghem ... composant la collection Defer-Dumesnil ...: 10, 11 et 12 mai 1900",https://historica.unibo.it/handle/20.500.14008/93254,https://historica.unibo.it/server/iiif/8fdec744-5d42-4915-8014-878f69db1d14/manifest
BO0624_87721,"Katalog der Kunstsammlungen des Kunstmalers herrn Victor Sieger, München: Auktion in München in der Galerie Helbing, Montag, den 10. April 1905 und folgende Tage",https://historica.unibo.it/handle/20.500.14008/93913,https://historica.unibo.it/server/iiif/8fe97ab3-396d-4203-b041-7f303d9a8f43/manifest
BO0624_88788,"Die Sammlung Dr. Eduard Simon, Berlin: 2. Zweiter Band: Möbel, Textilien und Kunstgegenstände der Renaissance und des 18. Jahrhunderts",https://historica.unibo.it/handle/20.500.14008/94707,https://historica.unibo.it/server/iiif/9003efa6-01e5-4901-aa8a-e2caae5a81b4/manifest
BO0624_84260,"Catalogue des objets d'art et de bel ameublement du XVIII siècle ... tableaux et pastels anciens et modernes, sculptures du XVIII siècle ... sièges et meubles en bois sculpté ... composant la collection de feu M. Alfred Sussmann et dont la vente ... aura lieu à Paris ... les jeudi 18 et vendredi 19 mai 1922 ...",https://historica.unibo.it/handle/20.500.14008/94754,https://historica.unibo.it/server/iiif/905a0bc6-5146-4b7d-ae37-6d04dd2e5ab7/manifest
BO0624_88003,"Verzeichnis der Gemälde älterer und moderner Meister Gefasste Juwelen ... aus privatem Besitz vorzüglicher Qualität in Auftrage eines Bankinstituts: Kunstgegenstände, Antiquitäten aus hiesigem Privatbesitz: Versteigerung ... den 27. und 28. Februar 1912 ... Frankfurt am Main ...",https://historica.unibo.it/handle/20.500.14008/94110,https://historica.unibo.it/server/iiif/905e1b4e-7b1c-40d7-a36e-efff79e04fd6/manifest
BO0624_81789,"Catalogo n. 83: Collezione proveniente da un castello dell'Emilia: quadri antichi, bronzi, miniature, maioliche, oggetti d'arte, quadri moderni e oggetti diversi d'altra proprieta. In vendita al pubblico incanto a Milano",https://historica.unibo.it/handle/20.500.14008/92739,https://historica.unibo.it/server/iiif/90701f0f-f40a-40b0-b41a-3841f1165b96/manifest
BO0624_83666,"Catalogue de tableaux, aquarelles, pastels et dessins par Albert (Gustave), Anquetin, Berchère, Boudin, Bottini, Bonard, Caillebotte, Cals, Carriere, Cézanne ... composant la collectopm de M. E. Blot: mercredi 9 et jeudi 10 mai 1900",https://historica.unibo.it/handle/20.500.14008/93253,https://historica.unibo.it/server/iiif/907b3af3-c710-49cb-89aa-490e0cfabca4/manifest
BO0624_88087,"Verzeichnis über Gemälde, Aquarelle, Kunstdrücke u. dgl. Möbel, Antiquitäten und Kunstgegenstände: Nachlass des in Neuenhain i. T. verstorbenen Professor und Kunstmaler Fritz Bamberger, welche ... den 25. und 26. Februar 1913 ... in Frankfurt am Main ...",https://historica.unibo.it/handle/20.500.14008/94163,https://historica.unibo.it/server/iiif/90a6ce92-4776-406d-8e55-0133d749ceab/manifest
BO0624_87563,Katalog von vortrefflichen Gemälden älterer und neuerer Meister aus der Galerie d'Eve zu Metz sowie aus dem Besitze des Malers F.W. Fabarius zu Düsseldorf u. A. Versteigerung zu Köln den 20. und 21. März 1899 bei J. M. Heberle (H. Lempertz' Söhne),https://historica.unibo.it/handle/20.500.14008/93818,https://historica.unibo.it/server/iiif/90c8ec03-e8f3-4a11-9399-e5020c18ee9e/manifest
BO0624_88436,Ölgemälde Aquarelle Handzeichnungen Kupferstiche Schabkunstblätter Farbendrucke und illustriert Werke: dabei der Nachlass der Kgl. Hofkappelmeisters Carl Eckert: ... Versteigerung ... den 28. und 29. Sept. 1920,https://historica.unibo.it/handle/20.500.14008/94419,https://historica.unibo.it/server/iiif/9129a2fd-35d1-488a-a53c-ab859d5a94bd/manifest
BO0624_81850,Catalogo dei mobili ed oggetti d'arte antichi e moderni appartenenti al defunto pittore Tito Lessi e delle opere da lui stesso dipinte che saranno vendute all'asta pubblica in Via Giuseppe Giusti lett. A da lunedi 5 a lunedi 12 maggio 1924,https://historica.unibo.it/handle/20.500.14008/92905,https://historica.unibo.it/server/iiif/919523e3-4af1-43e9-b257-618f49cbc854/manifest
BO0624_87643,"Gemälde in Oel und Tempera von Meistern des 15.-18. Jahrhunderts: Dabei die Collection Franz Jäger, Berlin, sowie die aus 41 Gemälden bestehende Sammlung eines Süddeutschen Kunstfreundes ... Versteigerung ... den 21. October 1902",https://historica.unibo.it/handle/20.500.14008/93862,https://historica.unibo.it/server/iiif/9198649a-1490-48d1-b6dc-596c927e32c3/manifest
BO0624_84257,"Catalogue des tableaux anciens, aquarelles, dessins, gouaches, pastels anciens et modernes, gravures, objets d'art & d'ameublement ... composant la collection de madame la marquise De Ganay née Ridgway ...: la vente aura lieu à Paris ... les lundi 8, mardi 9 et mercredi 10 mai 1922 ...",https://historica.unibo.it/handle/20.500.14008/93631,https://historica.unibo.it/server/iiif/91cc117f-dcd0-42e7-b5bc-4b04e99a1c71/manifest
BO0624_5830,"The Alphonse Kann collection: sold by his order. Vol. 2: Paintings & drawings: examples by Cimabue, Morone da Verona, Pollaiuolo, Tintoretto ...: [friday, january 7]",https://historica.unibo.it/handle/20.500.14008/93042,https://historica.unibo.it/server/iiif/91d710e6-a6a8-4450-a98b-e87b981952ff/manifest
BO0624_84051,"Catalogue des tableaux anciens et modernes par Philippe de Champaigne, van der Meulen, can de Velde, S. de Vlieger etc., esquisses par J.B. Oudry pour les chasses de Louis 15., aquarelle, dessins, objets d'art et d'ameublement ...: lundi 15 mai 1911",https://historica.unibo.it/handle/20.500.14008/93465,https://historica.unibo.it/server/iiif/91dad6d1-bca5-435f-83d2-5a61d87caba9/manifest
BO0624_88773,"Antiquitäten, Silber, Schmuck, Zinn, Möbel, Ostasiatica, Uhren; Plastiken, Graphik, alte Gemälde aus Deutschem Privatbesitz U.A.B. Versteigerung: München, 28 Mai 1929",https://historica.unibo.it/handle/20.500.14008/94692,https://historica.unibo.it/server/iiif/91de9a52-511f-487c-8e2a-13a3638fb646/manifest
BO0624_88279,Ölgemälde moderner Meister: Nachlässe Professor Frank Kirchbach [gestorben]: Direktor Dr. Wilhelm Schmidt [gestorben]: Stabsartz Dr. Ritterhausen [gestorben] und aus anderem Besitz: Auktion in München in der Galerie Helbing ... den 27. März 1917,https://historica.unibo.it/handle/20.500.14008/94305,https://historica.unibo.it/server/iiif/9249792e-a741-4056-bbc0-e3aeb66df8d8/manifest
BO0624_81801,"Catalogo della Collezione Gabriele D'Annunzio esistente nella villa La Capponcina presso Settignano: mobili antichi, quadri, stoffe, maioliche, vetri di Murano, ferri, cuoi, bronzi, marmi, riproduzioni artistiche in terracotta, mobili e oggetti d'uso e arredamenti da giardino",https://historica.unibo.it/handle/20.500.14008/92773,https://historica.unibo.it/server/iiif/9282e028-3341-4e54-887c-bce6d35c2b28/manifest
BO0624_84159,"Catalogue de Tableaux Anciens des Écoles anglaise, flamande, française, hollandaise, Italienne ...: Pastels et Miniatures composant la collection de M. Eugéne Fischhof dont la vente aura lieu ... le Samedi 14 Juin 1913",https://historica.unibo.it/handle/20.500.14008/93552,https://historica.unibo.it/server/iiif/92a498b3-1356-4e41-bbe2-0f42a6b20079/manifest
BO0624_88455,Gemälde alter und moderner Meister Schmuck Edel- u. a. Metalle Teppiche Keramik Bücher aus Frankfurter Privatbesitz: ... Versteigerung ... 20. Dezember u. ... 21. Dezember 1920,https://historica.unibo.it/handle/20.500.14008/94435,https://historica.unibo.it/server/iiif/92ea7887-1284-4d05-9e93-577de69fcbd5/manifest
BO0624_81879,"Catalogo degli oggetti d'arte antichi e moderni spettanti ad Augusto Jandolo e alla eredita del defunto prof. Giacomo De Nicola ex direttore del Museo del Bargello, raccolta di tabacchiere e miniature spettante a distinto raccoglitore: le vendite all'asta avranno luogo in Roma nella Galleria d'arte in P. di Spagna, 93 da mercoledi 20 febbraio ... a mercoledi 6 marzo 1929",https://historica.unibo.it/handle/20.500.14008/92950,https://historica.unibo.it/server/iiif/9306ff4e-2ada-42c3-bb60-224618d230e6/manifest
BO0624_66078,"Catalogue of decorative furniture, the property of the Right Hon. Lord Wittenham of Wallingford ...: objects of art ...: thursday, may 2, 1929",https://historica.unibo.it/handle/20.500.14008/93199,https://historica.unibo.it/server/iiif/930b61d9-b7cf-4681-9645-381d86b672c8/manifest
BO0624_88341,"Verzeichnis über Gemälde und Kunstblätter dabei Werke von den Frankfurter Künstlern ...: Antiquitäten, Kunstsachen usw. ... aus Privatbesitz: Versteigerung ... den 2. und 3. Juli 1918 ... Frankfurt am Main ...",https://historica.unibo.it/handle/20.500.14008/94347,https://historica.unibo.it/server/iiif/93181e77-f1e6-4d49-902e-62f165163f85/manifest
BO0624_84199,"Catalogue des objets d'art et d'ameublement, tableaux et gravures anciens et modernes, tableau par C. Chaplin ... sièges et meubles anciens ...: la vente ... par suite de décès de M. Charles Liandier ancien antiquaire ... aura lieu à Paris ... le mardi 26 mai 1914 ...",https://historica.unibo.it/handle/20.500.14008/93581,https://historica.unibo.it/server/iiif/93222449-cc9e-4a60-bd1c-b744548990e4/manifest
BO0624_87824,"Kunst- und Einrichtungsgegenstände Ölgemälde und Aquarelle neuerer Meister sowie die Bibliothek aus dem Nachlasse des verstorbenen Nerrn Klg. Major A. Fraundorfer, München: Auktion in München in der Galerie Helbing...den 4 Dezember 1907",https://historica.unibo.it/handle/20.500.14008/93993,https://historica.unibo.it/server/iiif/9330dd2e-3e26-47fd-ab3e-863bea9a0b3f/manifest
BO0624_83711,Catalogue de tableaux modernes ... objets d'art ... provenant de la faillité Humbert dont la vent ... aura lieu Galerie Georges Petit ... du 24 au 28 Juin 1902 ...,https://historica.unibo.it/handle/20.500.14008/92807,https://historica.unibo.it/server/iiif/933e6181-f8bf-4d75-84d9-20a1fb396803/manifest
BO0624_87722,"Oelgemaelde alter Meister dabei eine St. Petersburger Privatsammlung, neun Bilder aus dem Besitz der Familie Lurmann, Bremen sowie interessante Portrats von Antoine Pesne aus dem Nachlass des Kupferstechers G. F. Schmidt stammend: Ausstellung Sonntag, den 9. April und Montag, den 10. April 1905: Versteigerung Dienstag, den 11. April 1905",https://historica.unibo.it/handle/20.500.14008/93914,https://historica.unibo.it/server/iiif/93456fd8-5806-4b05-b49c-f48716a50d91/manifest
BO0624_84168,"Catalogue des tableaux anciens, écoles primitives et de la Renaissance, écoles anglaise, flamande, française, hollandaise des 17. et 18. siècles, tableaux modernes, dessins et pastels anciens et modernes, objets d'art ... composant la collection de feu M. Édouard Aynard dont la vente, après décès, aura lieu a Paris ... les lundi 1er, mardi 2, mercredi 3 et jeudi 4 décembre 1913",https://historica.unibo.it/handle/20.500.14008/93558,https://historica.unibo.it/server/iiif/9379b723-53ab-4d90-9ad5-65bc05f108d2/manifest
BO0624_81760,Catalogo degli oggetti d'arte e mobili artistici antichi che guarnivano il sontuoso appartamento di S. E. il Marchese di S. Isidoro in Palermo ed il castello di Maglione di proprietà di S. E. la Sig.ra C.ssa Avogadro Lascaris di Valdengo ... la vendita al pubblico incanto avrà luogo in Roma ... da lunedi 6 a martedi 23 febbraio 1905 ...,https://historica.unibo.it/handle/20.500.14008/92740,https://historica.unibo.it/server/iiif/938288c4-a2f5-4bd3-912e-f4222a64cf34/manifest
BO0624_84125,Catalogue des meubles et sièges anciens des époques Louis 15. et Louis 16. et de style ... dependant de la Succession de M. Guggenheim et appartenant à divers dont la vente ... aura lieu a Paris ... le lundi 18 novembre 1912,https://historica.unibo.it/handle/20.500.14008/93528,https://historica.unibo.it/server/iiif/9396d6ca-2d57-4512-aa10-c0f4688ca314/manifest
BO0624_87504,"Katalog der bedeutenden und werthwollen Gemälde-Sammlungen auch einer Anzahl Antiquitäten, Waffen etc. aus dem Nachlasse des Herrn Eduard Nowack, Kanzleirath a. D., Karlsruhe sowie aus altadeligem Besitze: Versteigerung zu München ... den 7. Oktober und folgende Tage unter Leitung des Herrn Carl Maurer gerichtlich verpflichter Kunstexpert in München",https://historica.unibo.it/handle/20.500.14008/93788,https://historica.unibo.it/server/iiif/93981874-54d1-43fa-bfef-468b2ab477a4/manifest
BO0624_81904,"Catalogo della vendita all'asta dei mobili, quadri, oggetti d'arte antichi provenienti in parte da una Villa del Veneto: Galleria Sestieri ... vendita da lunedì 23 a martedì 31 marzo 1931",https://historica.unibo.it/handle/20.500.14008/92943,https://historica.unibo.it/server/iiif/939c7a4a-0f86-4d9b-b9bd-bad5673ebeeb/manifest
BO0624_88486,Ölgemälde moderner Meister aus den Nachlassen: Professor Carl Seiler [gestorben] München: Stuttgarter Privatbesitz: Graf Nikaolai V. Adlerberg [gestorben] München und aus anderem Privatbesitz: Auktion in München in der Galerie Helbing ... den 15. November 1921 ... den 16. November 1921,https://historica.unibo.it/handle/20.500.14008/94464,https://historica.unibo.it/server/iiif/93c2bf47-f5f6-41fb-a28f-b2c5b73f205c/manifest
BO0624_84249,"Catalogue des objets d'art et de haute curiosité du Moyen-Age et de la Renaissance, faïences italiennes et hispano-mauresques, terres émaillées des Robbia, émaux champlevés et peints de Limoges ... composant les collections de M. Raoul Heilbronner ...: les mercredi 22 et jeudi 23 juin 1921",https://historica.unibo.it/handle/20.500.14008/93625,https://historica.unibo.it/server/iiif/93e4b211-e7d3-4d08-8c03-0ad689ceb580/manifest
BO0624_88090,"Antiquitäten: Alte Möbel, Oelgemälde alter Meister ... aus dem Besitze der Fa. Raab & Knapp, Frankfurt a. M.: Auktion in Frankfurt a. M. ... unter Leitung des Kunsthändlers und gerichtlich vereideten Sachverständigen Hugo Helbing, München ... den 3. bis ... den 5. März 1913",https://historica.unibo.it/handle/20.500.14008/94166,https://historica.unibo.it/server/iiif/94042eb4-603b-433a-91ef-a0877ce219c5/manifest
BO0624_87410,Katalog der Gemaldesammlung aus dem Nachlasse eines Rheinischen Kunstliebhabers die nebst Sachen aus dem Nachlasse des Pastor Huberti In Kesten versteigert werden.: Versteigerung zu Bonn am 14. und 15. November von Morgensvon Morgens 10 Uhr und Nachmittags 3 Uhr an durch M. Lempertz Antiquariat (P. Hanstein),https://historica.unibo.it/handle/20.500.14008/93726,https://historica.unibo.it/server/iiif/94523cc9-7422-4b55-8aca-e3673174cb11/manifest
BO0624_84076,Catalogue des tableaux anciens des écoles primitives et de la Renaissance ... tableaux modernes par Cabat ... composant la collection de M. Henri Haro: mardi 12 et mercredi 13 décembre 1911,https://historica.unibo.it/handle/20.500.14008/93488,https://historica.unibo.it/server/iiif/9456f4eb-b2ff-4cd3-b579-02bdfe886cce/manifest
BO0624_88532,"Antiquitäten: Möbel des 16.-19. Jahrhunderts, Bildwerke in Bronze ... Miniaturen aus einer Berliner Privatsammlung. China und Japan Gemälde alter Meister: ... Versteigerung ... den 1. April bis ... den 3. April 1924",https://historica.unibo.it/handle/20.500.14008/94506,https://historica.unibo.it/server/iiif/948aee26-e36c-4098-8cbd-17f8f24e234b/manifest
BO0624_88526,"Ausgewählte Werke der Malerei des 19. Jahrhunderts Bestände einer süddeutschen Privatgalerie: Textilien Möbel: Holzplastik Bronzen Ostasiatika: Keramik Waffen Graphik ... mit 23 Tafeln Abbildungen [Versteigerung ... 6., ... 7. und ... 8. November 1923]",https://historica.unibo.it/handle/20.500.14008/94500,https://historica.unibo.it/server/iiif/949d0a6e-712e-4cf9-ac28-90dcedfdb4cf/manifest
BO0624_87829,"Antiquitäten, Kunst- und Einrichtungsgegenstände, Ölgemälde alter und neuer Meister aus dem Besitze Iher Exzellenz Lady Drummond, München sowie aus verschiedenem Privatbesitz: Auktion in München in der Galerie Helbing ... den 18. Dezember 1907",https://historica.unibo.it/handle/20.500.14008/93998,https://historica.unibo.it/server/iiif/94b192f4-3e72-4c01-8763-b173fdcb00bc/manifest
BO0624_88160,"Verzeichnis der Gemälde moderner und älterer Meister: dabei Werke von W. A. Beer ... Jagdtrophäen Antiquitäten und Kunstgegenstände ... aus Privatbesitz und dem Nachlass eines Rheinischen Grossindustriellen ... den 18., und ... den 20. Nov. 1913 ... zu Frankfurt am Main ...",https://historica.unibo.it/handle/20.500.14008/94220,https://historica.unibo.it/server/iiif/94c3c25c-677c-4103-87c5-781904708d21/manifest
BO0624_81817,Catalogo degli oggetti d'arte antica e moderna raccolti dal defunto Comm. Beniamino Cannavina: la vendita all'asta pubblica ... avrà luogo in Napoli ... da lunedì 1° dicembre 1913 a venerdì 5,https://historica.unibo.it/handle/20.500.14008/92785,https://historica.unibo.it/server/iiif/94d3e585-e83f-4e7f-b010-1a565ed1f470/manifest
BO0624_83894,"Catalogue de tableaux modernes par J. Bail, Baron, Berne-Bellecour, M. Bompard, Bouché, Boudin, J.-L. Brown, Corot, Cottet, Courbet, Diaz, J. Dupré, Gagliardini, De Gegerfelt ... objets d'art & d'ameublement ... meubles & sièges anciens & de style, tapisseries, ètoffes anciennes provenant de la succession de M. le baron Blanquet de Fulde: Hotel Drouot ... les vendredi 24 et samedi 25 mai 1907",https://historica.unibo.it/handle/20.500.14008/93361,https://historica.unibo.it/server/iiif/9545f5ad-93f6-4082-ba4f-c7fc1e86c841/manifest
BO0624_88355,"Verzeichnis über Gemälde, Aquarelle, Handzeichnungen moderner und älterer Meister: Graphik des 15.-20. Jahrunderts ... Werke Frankfurter Künstler - Frankofurtensien einige Bibliotheken alles aus Nachlässen in Auftrag der Nachläverwaltungen: Versteigerung ... 31. Oktober und ... 1. November 1918 in Frankfurt a. M. ...",https://historica.unibo.it/handle/20.500.14008/94357,https://historica.unibo.it/server/iiif/955df6a0-7f77-46a9-a4aa-44f3a20a7145/manifest
BO0624_84204,"Catalogue de tableaux anciens: oeuvres importantes de Antonello de Messine, Giovanni Bellini, Sandro Botticelli ... provenant de la collection Charles Fairfax Murray de Londres ...: la vente aura lieu à Paris ... le lundi 15 juin 1914 ...",https://historica.unibo.it/handle/20.500.14008/93586,https://historica.unibo.it/server/iiif/956aa0e6-0033-459e-b7fa-0e521e176060/manifest
BO0624_87749,"Katalog von Oelgemälden alter Meister aus verschiedenem Besitze: Auktion in München in der Galerie Helbing, Donnerstag, den 8. Februar 1906 ... unter Leitung des Kunsthändlers und gerichtlich vereideten Sachverständigen Hugo Helbing",https://historica.unibo.it/handle/20.500.14008/93936,https://historica.unibo.it/server/iiif/958f7f31-8ab1-40d2-b2e2-1b617c413438/manifest
BO0624_84203,"Collection du marquis de Biron: première vente. Catalogue des dessins pastels peintures et sculptures principalement de l'école française du 18. siècle, objets d'art et d'ameublement du 18. siècle et du premier Empire, bronzes d'ornement cadres en bois sculpté et bronze dorés ...: la vente ... aura lieu à Paris ... les mardi 9, mercredi 10 et jeudi 11 juin 1914 ...",https://historica.unibo.it/handle/20.500.14008/93585,https://historica.unibo.it/server/iiif/95ea0398-c985-4a1c-894d-2e757550f178/manifest
BO0624_88305,Gemälde-Sammlung Domenico Bossi (1767-1835): italienische Meister des 16.-18. Jahrhunderts: Versteigerung in München in der Galerie Helbing ... den 29. September 1917,https://historica.unibo.it/handle/20.500.14008/94323,https://historica.unibo.it/server/iiif/95ecd793-8129-4dc2-aa6b-826802227105/manifest
BO0624_87906,"Katalog der Gemalde-Sammlung des Herrn H. C. Fahrig, Leipzig: Versteigerung Dienstag, den 8. Marz1910 ... zu Munchen in den Raumen von E. A. Fleischmann's Hof-Kunsthandlung",https://historica.unibo.it/handle/20.500.14008/94051,https://historica.unibo.it/server/iiif/960427e0-9fbf-4751-b74a-4e6d32ba98b1/manifest
BO0624_83713,"Catalogue des objets d'art et de haute curiosité de l'Antiquité, du Moyen Age, de la Renaissance ... tapisserie, tableaux par ou attribués a Bronzino, Clouet, ... dépendant des collections de Mme C. Lelong ...: vente ... à Paris, Galerie Georges Petit ... Les Lundi 8, Mardi 9 et Mercredi 10 Décembre 1902",https://historica.unibo.it/handle/20.500.14008/92814,https://historica.unibo.it/server/iiif/965c8b60-aa72-481d-a1e9-14cb3ff433c4/manifest
BO0624_15271,"Medaillen u. Plaketten der Renaissance: Sammlung Geh. Rat Prof. Dr. theol. Georg Heinrici, Leipzig: Versteigerung am 7. u. 8. Dezember 1920 unter Leitung des Obengenannten zu Frankfurt am Main",https://historica.unibo.it/handle/20.500.14008/92509,https://historica.unibo.it/server/iiif/96ebbcd2-ac6c-47a5-b045-39966200211b/manifest
BO0624_87873,"Oelgemaelde alter Meister: *Dabei 2. abteilung der Sammlung A. von Herrenburger, Dresden einige Beitraege aus Auswaertigem Besitz etc.: Versteigerung: Dienstag, den 16. Maerz 1909",https://historica.unibo.it/handle/20.500.14008/94033,https://historica.unibo.it/server/iiif/96edcc63-273b-46fa-b7d0-047f4242a2df/manifest
BO0624_88594,Mannheimer Gemäldebesitz darunter die Sammlung Franz Mechler Deutsche Schule des 19. Jahrhunderts: [Versteigerung...den 29 April 1926],https://historica.unibo.it/handle/20.500.14008/94544,https://historica.unibo.it/server/iiif/972b64d6-fcd1-4119-a303-69137cd58096/manifest
BO0624_87686,"Katalog von Vortrefflichen Gemälden: nachlässe: Bürgermeister A. D. Nathan-Heinsberg, L. Seyler-Bingen, A. Engels-Westerland und vorwiegend aus einem bekannten westfälischen schlosse: 1., Gemälde von Meistern des 16.-18. Jahrh., 2., Gemälde von Meistern des 19. Jahrh.: Versteigerung zu Köln, Dienstag den 8. und Mittwoch den 9. März 1904",https://historica.unibo.it/handle/20.500.14008/93888,https://historica.unibo.it/server/iiif/97395f6a-3682-492a-b56e-f4250615cfe0/manifest
BO0624_88290,"Olgemalde moderner Meister aus norddeutschem privatbesitz: Auktion in Munchen in der Galerie Helbing, Dienstag, den 22. Mai 1917: Besichtung in Munchen in der Galerie Helbing",https://historica.unibo.it/handle/20.500.14008/94313,https://historica.unibo.it/server/iiif/975067f4-1262-4b2e-b4e0-12c72eb2e418/manifest
BO0624_87904,"Verzeichnis der Möbel, Kunstgegenstände und Gemälde-Sammlung hervorragender Arbeiten guter moderner und älterer Meister aus dem Besitz der Gesellschaft für moderne und alte Kunst: Versteigerung ... in Frankfurt a. M., Mittwoch, den 23. Februar 1910",https://historica.unibo.it/handle/20.500.14008/94050,https://historica.unibo.it/server/iiif/9759fff6-4bda-466e-acb5-d7c401fe4e4c/manifest
BO0624_88527,Gemälde alter und moderner Meister: Bronzen Keramik Holz: Elfenbein Ostasiatika: Graphik aus Privatbesitz: Versteigerung ... den 18. Dezember 1923 ... den 19. Dezember 1923,https://historica.unibo.it/handle/20.500.14008/94501,https://historica.unibo.it/server/iiif/9769210a-696c-4779-9c58-e0950e10c3aa/manifest
BO0624_83724,"Catalogue des tableaux anciens des écoles anglaise, espagnole, flamande, française & hollandaise, beaux portraits des XVI, XVII et XVIII siècles, le tout appartenant à Mr A. L. ...: Hotel Drouot ... le lundi 15 juin 1903",https://historica.unibo.it/handle/20.500.14008/92817,https://historica.unibo.it/server/iiif/97813f9d-8285-4ed9-ab83-109f4950b9d9/manifest
BO0624_88414,"Sammlung Kapt. A. Schmidt - Darmstadt: Gemälde alter Meister, antike und orientalische Möbel, Uhren, Bronze, Porzellane, Fayencen, wertvoller Schmuck, Perserteppiche, Pfeifensammlung: ... Versteigerung ... den 25. März 1920 ... den 26. März 1920",https://historica.unibo.it/handle/20.500.14008/94401,https://historica.unibo.it/server/iiif/979840a9-516c-4462-b075-1b643b8a1e1d/manifest
BO0624_84142,"Catalogue des objets d'art, gravures, dessins et tableaux principalement du 18. siècle, faiences & porcelaines anciennes ...: le vendredi 18 avril 1913",https://historica.unibo.it/handle/20.500.14008/93540,https://historica.unibo.it/server/iiif/97baa869-9318-489a-a83e-649f76b72ccf/manifest
BO0624_88625,Olgemalde englischer Meister des 18. bis mitte des 19. Jahrhunderts: Sammlung des Herrn Hofrat Dr. E. R. von Strobl,https://historica.unibo.it/handle/20.500.14008/94568,https://historica.unibo.it/server/iiif/97bd7bcf-4b35-4fe3-a7e7-99755933dee1/manifest
BO0624_81778,"Catalogo n. 73: Arazzi antichi, quadri antichi di maestri, bronzi, avorii, maioliche, porcellane, armi, placchette, medaglie ... importante raccolta in vendita al pubblico incanto",https://historica.unibo.it/handle/20.500.14008/92753,https://historica.unibo.it/server/iiif/97bf19a7-d7f2-4017-ba28-31f25a2237f9/manifest
BO0624_88416,"Sammlung Dr. Paul Wangemann [gestorben] Aachen: Kunstgewerbliche Arbeiten des 16.-18. Jahrunderts ... Gemälde älterer und neuzeitlicher Meister, graphische Blätter: ... Versteigerung ... den 13. April ... den 14. ... den 15. ... den 16. ... den 17. ... den 19. ... den 20. ... den 21. April 1920",https://historica.unibo.it/handle/20.500.14008/94403,https://historica.unibo.it/server/iiif/97c67198-afc8-4ca3-b98d-ec13b01de2cd/manifest
BO0624_83918,"Catalogue des tableaux anciens, oeuvres de P. Breughel, Casanova, De Marne, J. Le Ducq, N. Elias ... aquarelles, dessins, pastels, gouaches par F. Boucher, Cl. Hoin, J. Jordaens ... tableaux modernes, oeuvre important de Corot, Paysage de N. Diaz: Hotel Drouot, le lundi 23 mars 1908",https://historica.unibo.it/handle/20.500.14008/93380,https://historica.unibo.it/server/iiif/98113402-811f-4bed-9dc9-576b198ae8a9/manifest
BO0624_87682,"Gemälde alter Meister in Tempera und Öl, Pastelle, Aquarelle, Zeichnungen, Miniaturen, Kupferstiche etc., dabei der Nachlass des Herrn Lutzen Van Woorst: Oeffentiliche Versteigerung: Sonntag, den 7., und Montag den 8. Februar 1904",https://historica.unibo.it/handle/20.500.14008/93884,https://historica.unibo.it/server/iiif/9858080b-c3aa-4121-8413-cbd7ea88fa03/manifest
BO0624_44626,"Katalog der grafl. W. Douglas'schen Sammlung alter Glasgemalde auf Schloss Langenstein: Versteigerung zu Koln den 25. November 1897, vormittags 91",https://historica.unibo.it/handle/20.500.14008/92678,https://historica.unibo.it/server/iiif/989d656f-9681-411b-a439-e84230e4d613/manifest
BO0624_88167,"1. Teil Antiquitäten und Kunstgewerbliche Arbeiten aus dem T.'schen Nachlasse: 2. Teil Antiquitäten, Möbel, Gemälde alter Meister ...: Versteigerung: ... den 8. Dezember 1913 ... den 9. Dezember 1913",https://historica.unibo.it/handle/20.500.14008/94225,https://historica.unibo.it/server/iiif/98df74cb-b709-4aaf-a4e5-979f058a0647/manifest
BO0624_88410,Kunstsammlung und Innen-Einrichtung des Hauses Speyer Philadelphia: ... Versteigerung ... den 20. Februar 1920,https://historica.unibo.it/handle/20.500.14008/94397,https://historica.unibo.it/server/iiif/98e397e5-e705-43f8-818e-c5feb48bdf7e/manifest
BO0624_84226,"Catalogue des tableaux modernes par Joseph Bail, J.-L. Brown, Chavet, Corot, Damoye, Daubigny ... tableaux anciens, pastels, gouaches, important mobilier de salon et sièges variès, couverts en ancienne tapisserie, tapisserie anciennes du 16. siècle ... dépendant de la succession de Monsieur X ...: à Paris ... le vendredi 18 juin 1920 ...",https://historica.unibo.it/handle/20.500.14008/93606,https://historica.unibo.it/server/iiif/9912be86-cb7a-4d24-8b67-010cd03b3c0b/manifest
BO0624_51176,"Illustrated catalogue of Gothic and Renaissance Italian and French Art gathered by Chevalier Raoul Tolentino expert antiquarian of Rome to be dispersed at unrestricted public sale at the American Art Galleries April 22, 23, 24, 25 and 26, 1924",https://historica.unibo.it/handle/20.500.14008/92737,https://historica.unibo.it/server/iiif/991c4d9f-ff6a-42c1-9ed1-c24577a35f5c/manifest
BO0624_88135,"Gemälde alter Meister: ... Versteigerung Dienstag, den 30 September 1913",https://historica.unibo.it/handle/20.500.14008/94200,https://historica.unibo.it/server/iiif/9926ebfb-4b3e-4181-8351-95325e21547a/manifest
BO0624_88183,Ölgemälde alter Meister des 14.-18. Jahrhunderts: Dabei englische und rheinische Privatsammlung ...: Versteigerung: ... den. 24. Februar 1914: mit 48 Autotypien,https://historica.unibo.it/handle/20.500.14008/94237,https://historica.unibo.it/server/iiif/99639917-8ada-402f-badc-82adf589930a/manifest
BO0624_83949,"Catalogue des tableaux & dessins anciens, pastels, gouaches, aquarelles, gravures principalement de l'École française du 18. siècle ... porcelaines & faïences anciennes ... tapisseries anciennes des 16., 17. et 18. siècles ...: Hotel Drouot, le vendredi 18 décembre 1908",https://historica.unibo.it/handle/20.500.14008/93399,https://historica.unibo.it/server/iiif/997fa11f-691c-43ac-b605-c35504fbc29d/manifest
BO0624_66093,"Catalogue of an extensive collection of old English furniture from the 16. to the 19. century, also a very rare and important gothic tapestry, wood carvings, needlework, etc., the property of the late Sir F.S. Powell ...: a choice collection of Swansea and Nantgarw porcelain ...: friday, the 29th november, 1929",https://historica.unibo.it/handle/20.500.14008/93214,https://historica.unibo.it/server/iiif/9988faec-f6ca-4a63-8ac8-c79503d280d9/manifest
BO0624_83933,Catalogue des tableaux anciens et modernes par Avercamp ... appartenant à M. X. ...: le jeudi 14 mai 1908,https://historica.unibo.it/handle/20.500.14008/93388,https://historica.unibo.it/server/iiif/99e19ea2-1091-42f3-8b1d-dee7d70bad13/manifest
BO0624_83953,"Catalogue des objets d'art et de curiosité, porcelaines et faiences ... tapisseries du XVIIIe siècle ... tableaux anciens et modernes ...: Hotel Drouot, le mercredi 17 février 1909",https://historica.unibo.it/handle/20.500.14008/93401,https://historica.unibo.it/server/iiif/9a81a0b3-a333-4925-9cb1-8469fdd2c939/manifest
BO0624_81856,Catalogo degli oggetti d'arte componenti la collezione Stroganoff dei quali la vendita all'asta avrà luogo in Roma nella Galleria d'Arte da lunedì 20 a lunedì 27 aprile 1925,https://historica.unibo.it/handle/20.500.14008/92889,https://historica.unibo.it/server/iiif/9a9316a3-813d-4458-ad3f-1f17dabc404d/manifest
BO0624_87758,"Katalog hervorragender Gemälde älterer und neuzeitiger Meister: Sammlung eines westfälischen Grundbesitzers: Versteigerung zu Köln, Mittwoch den 4. und Donnerstag den 5. April 1906",https://historica.unibo.it/handle/20.500.14008/94757,https://historica.unibo.it/server/iiif/9ab90bfa-a270-43ef-8a5d-3190030df4cf/manifest
BO0624_88318,Die Sammlung Richard von Kaufmann Berlin: ... Versteigerung ... den 4. Dezember 1917 und die folgenden Tage ... Berlin,https://historica.unibo.it/handle/20.500.14008/94331,https://historica.unibo.it/server/iiif/9ab98ad5-64fd-4bd6-a12f-5240b603f16d/manifest
BO0624_88339,Katalog einer Sammlung von Gemälden neuer Meister aus dem Nachlasse der Herren Hofrat Dr. Fastenrath in Cöln [gestorben]: Rentner Dahmen in Bonn-Endenich [gestorben]: H. Scheuer in Düsseldorf [gestorben] und aus anderem Besitz: Versteigerung zu Cöln ... den 18. und ... den 19. Juni 1918 ...,https://historica.unibo.it/handle/20.500.14008/94345,https://historica.unibo.it/server/iiif/9abdccd2-926b-4df8-8da4-ea2b88ef7b2b/manifest
BO0624_88239,Verzeichnis über Gemälde älterer und moderner Meister: einige Kunstblätter Bücher Briefmarkensammlungen: Antiquitäten und Kunstgegenstände in Porzellan ... aus Privatbesitz: Versteigerung ... den 22. und 23. Februar 1916 ...,https://historica.unibo.it/handle/20.500.14008/94271,https://historica.unibo.it/server/iiif/9ad0b8f7-1ec7-40bc-b286-e8d12d0cbf90/manifest
BO0624_88105,"Collection Madame la Comtesse Valdelomar Nachlass, Gemälde alter Meister: Versteigerung Donnerstag, den 17 April 1913",https://historica.unibo.it/handle/20.500.14008/94178,https://historica.unibo.it/server/iiif/9ad6e666-a1b6-4c72-a7e1-391b57a061a8/manifest
BO0624_81868,La Raccolta Melzi,https://historica.unibo.it/handle/20.500.14008/92915,https://historica.unibo.it/server/iiif/9b54e586-934b-4cdd-af76-7b0dbfd31796/manifest
BO0624_87734,Illustrierter Auszug aus dem Haupt-Verzeichnis der bei mir am 18. Oktober 1905 zur Versteigerung gelangenden hervorragenden alten Meister,https://historica.unibo.it/handle/20.500.14008/93925,https://historica.unibo.it/server/iiif/9b9d218b-a252-444b-a354-78b8764e26dd/manifest
BO0624_66057,"The Browning Collections. Catalogue of oil paintings, drawings & prints; autograph letters and manuscripts; books; statuary, furniture, tapestries, and works of art; the property of R. W. Barrett Browning ...: Thursday, 1st May, 1913 ... Thursday, 8th May",https://historica.unibo.it/handle/20.500.14008/93179,https://historica.unibo.it/server/iiif/9bb69e79-2c7a-4c7c-bbe9-ea569cea11d4/manifest
BO0624_B003522,"La raccolta A.C. Crespi: quadri antichi e moderni, oggetti d'arte: vendita all'asta: 10-14 febbraio [1930]",https://historica.unibo.it/handle/20.500.14008/94736,https://historica.unibo.it/server/iiif/9bf5ea6f-72cd-4d9b-9d7f-5230d72203a8/manifest
BO0624_88359,"Verzeichnis über Gemälde älterer u. moderner Meister: Kunstblätter, Stiche etc. Antiquitäten ... Kunstgegenstände ... aus Privatbesitz: Versteigerung: ... den 27. und 28. Nov. 1918 ... Frankfurt a. M. ...",https://historica.unibo.it/handle/20.500.14008/94359,https://historica.unibo.it/server/iiif/9c15896f-31c2-49a3-b14e-be0ed7d4e7bf/manifest
BO0624_81840,"Catalogo dei preziosi oggetti d'arte antichi e moderni dei mobili e sopramobili, ecc. ecc. spettanti alla nobildonna J. Berkely Gentili nonchè di una importante collezione di quadri antichi e moderni appartenente ad intelligente raccoglitore romano: le vendite all'asta avranno luogo in Roma ... da lunedì 1 a venerdì 12 dicembre 1919",https://historica.unibo.it/handle/20.500.14008/92880,https://historica.unibo.it/server/iiif/9c23abc2-2ff3-44f8-ab45-522427c7914b/manifest
BO0624_81761,"Catalogo della vendita di alcuni quadri, armi, bronzi e marmi provenienti dalla eredità del Marchese Della Rena: esposizione privata il 24 aprile ... Vendita all'asta il 29 aprile 1905",https://historica.unibo.it/handle/20.500.14008/92732,https://historica.unibo.it/server/iiif/9c27870f-2fb4-4fec-a80f-ee2d0bde4b47/manifest
BO0624_87408,Die Gemälde-Sammlung aus dem Nachlasse der Herrn J. C. Develey Kgl. Bayer. Hoflieferant in München ... Versteigerung zu Köln den 28. und 29. October 1889 durch J. M. Heberle (H. Lempertz' Söhne),https://historica.unibo.it/handle/20.500.14008/93725,https://historica.unibo.it/server/iiif/9c34528b-2376-438b-b258-2df8c9dbd6c2/manifest
BO0624_87562,Katalog der bekannten Collection eines Frankfurter Sammlers bestehend in Höchster Porzellan-Figuren und Gefässen ... Auktion in München ... den 20. März 1899 ... unter Leitung des Kunsthändlers Hugo Helbing in München,https://historica.unibo.it/handle/20.500.14008/93817,https://historica.unibo.it/server/iiif/9cbf94e6-0819-44f6-ad86-64be4b89cabd/manifest
BO0624_81769,"Catalogo della pregevole raccolta di Oggetti d'Arte Antica del Medio Evo, del Rinascimento e dei Tempi Moderni appartenuti alla B.M. di Donna Enrichetta Castellani e ad altro distinto collezionista: Le vendite all'asta pubblica avranno luogo in Roma nella Casa di Vendite Jandolo & Tavazzi ... da venerdì 5 a sabato 20 aprile 1907",https://historica.unibo.it/handle/20.500.14008/92748,https://historica.unibo.it/server/iiif/9d7b81be-aa3b-4324-93f4-9308e6668e41/manifest
BO0624_81860,"Catalogo della vendita di due importanti raccolte siciliane che verrà eseguita nei locali della Galleria Ciardello in Firenze: esposizione sabato 18, domenica 19, lunedì 20 e martedì 21 giugno, vendita da mercoledì 22 giugno a martedì 28 giugno",https://historica.unibo.it/handle/20.500.14008/92913,https://historica.unibo.it/server/iiif/9d7c4c1f-3f6a-40cf-b740-5be21104e902/manifest
BO0624_87901,"Verzeichnis der ausgewählten Sammlung von Gemälden älterer Meister welche Herr A.C. Arnd, Wiesbaden aus holländischem Besitz wegen Erbteilung: Dienstag, den 25. Januar 1910 ... in Frankfurt a.M.",https://historica.unibo.it/handle/20.500.14008/94048,https://historica.unibo.it/server/iiif/9d8a789e-e8df-4e5b-9062-670abff4a0ec/manifest
BO0624_87653,Katalog von Antiquitäten Kunstgegenstände Ethnographischen Gegenstände (Waffen etc.) Oelgemälden alter und Moderner Meister etc.: Auktion in München durch Hugo Helbing ... den 9. und ... den 10. Februar 1903,https://historica.unibo.it/handle/20.500.14008/93866,https://historica.unibo.it/server/iiif/9dc21b12-bc49-43e5-a4dd-23d0f29ddf72/manifest
BO0624_84127,"Catalogue des objets d'art et d'ameublement du 18. siècle, dessins, tableaux, pastels, objets de vitrine, porcelaines et faiences ... le tout provenant de la succession de m. le comte de la F... et dont la vente aux enchères publiques aura lieu à Paris, Hotel Drouot ... les lundi 2, mardi 3 & mercredi 4 décembre 1912",https://historica.unibo.it/handle/20.500.14008/93530,https://historica.unibo.it/server/iiif/9dff4f25-7747-4428-a67a-fac1d863123b/manifest
BO0624_87865,"Katalog einer Sammlung von Antiquitäten und Gemälden aus verschiedenem Besitze darunter die nachgelassenen Sammlungen der Herren Sanitätsrat dr. Heinrich in Bingen und von A...... in B.: Arbeiten in Gold und Silber ...: Versteigerung zu Cöln, von Mittwoch den 9. bis Freitag den 11. Dezember 1908",https://historica.unibo.it/handle/20.500.14008/94028,https://historica.unibo.it/server/iiif/9e153324-88bf-490b-a182-b1e1fb43d71c/manifest
BO0624_83646,"Catalogue de tableaux anciens, argenterie, antiquités, curiosités ... provenant de la succession de feu M.-Mr. L.J. van Lutzen de Voorst ...: mardi 29 et mercredi 30 mars 1898",https://historica.unibo.it/handle/20.500.14008/93237,https://historica.unibo.it/server/iiif/9e4acebe-a968-4b91-b086-82387f22120c/manifest
BO0624_81920,"Collezioni Simonetti: quadri, mobili e oggetti d'arte: Catalogo redatto dal prof. Ludovico Pollak degli oggetti che verranno posti in vendita alla pubblica auzione in Roma, via Vittoria Colonna 11 ...",https://historica.unibo.it/handle/20.500.14008/92967,https://historica.unibo.it/server/iiif/9e6f26e2-9a5a-4c8e-aef8-962141740f75/manifest
BO0624_87855,"Katalog von hervorragenden Gemälden alter und neuerer Meister darunter der Nachlass des Kunstmalers Gereon Pape, zu Köln: Versteigerung zu Köln a. Rh., Mittwoch den 4. und Donnerstag den 5. November 1908",https://historica.unibo.it/handle/20.500.14008/94019,https://historica.unibo.it/server/iiif/9ec0f56b-fbe5-4bec-adf2-b07ac7df874c/manifest
BO0624_87395,Katalog der Kunstsammlungen Ihrer Durchlaucht Prinzessin Salm-Salm und des Rentners B...: Versteigerung zu Bonn am 20. und 21. December 1888 von Morgens 10 uhr und Nachmittags 3 Uhr an durch M. Lempertz' Antiquariat (P. Hanstein),https://historica.unibo.it/handle/20.500.14008/93715,https://historica.unibo.it/server/iiif/9ed4178f-1133-446d-bd15-9f8c5599f024/manifest
BO0624_88411,Ölgemälde moderner Meister: Auktion in München in der Galerie Helbing ... den 24. Februar 1920,https://historica.unibo.it/handle/20.500.14008/94398,https://historica.unibo.it/server/iiif/9ed58890-8c87-4470-a053-c27c80c44854/manifest
BO0624_87925,"Gemalde alter Meister Vorwiegend der italienischen und franzosischen Schule des 15.-18. Jahrhunderts: orientalische textilien des 16. und 17. Jahrhunderts Skulpturen aus dem Besitze des Kunsthistorikers Dr. L. von Buerkel: Auktion in Munchen in der Galerie Helbing, Samstag den 29. Oktober 1910: Besichtigung: Mittwoch den 26., Donnerstag den 27. und Freitag den 28. Oktober",https://historica.unibo.it/handle/20.500.14008/94063,https://historica.unibo.it/server/iiif/9f2d2741-06dd-481a-9340-c224a578e81a/manifest
BO0624_83929,"Catalogue des objets d'art et de haute curiosité du 14. au 18. siècle, émaux champkevés et peints de Lomiges, sculptures, marbres, terres cuites, oeuvres de Pajou, Houdon, Falconet, Puget, Marin, Bouchardon ... bronzes d'art et d'ameublement ... tableaux ... le tout appartenant à M. Zélikine: Hotel Drouot, les jeudi 7, vendredi 8 et samedi 9 mai 1908",https://historica.unibo.it/handle/20.500.14008/93385,https://historica.unibo.it/server/iiif/9f479799-930c-42c8-8d06-098a4c5dcd59/manifest
BO0624_87446,Katalog einer Sammlung von Kupferstichen und Kupferstichen und Handzeichnungen. Versteigerung zu Bonn am 13. und 14. April 1893 ... durch M. Lempertz' Antiquariat (P. Hanstein),https://historica.unibo.it/handle/20.500.14008/93748,https://historica.unibo.it/server/iiif/9f4ce19a-cfc2-4036-b054-2d24192214ff/manifest
BO0624_88481,Sammlung Heinrich C. Nebel Darmstadt: Gemälde alter Meister Orientteppiche Gobelins Möbel Silber Einrichtungs-Gegenstände: Versteigerung in der Villa Annasträe in Darmstadt ... mit 12 Tafeln Abbildungen und Vorwort von Heinrich C. Nebel [... Versteigerung 25. Oktober 1921],https://historica.unibo.it/handle/20.500.14008/94459,https://historica.unibo.it/server/iiif/9f5d7615-a6c9-419a-9d5c-9f8b56d8dacf/manifest
BO0624_83852,"Catalogue des tableaux modernes par Bastien-Lepage, Berne-Bellecour, Boldini ... pastels, aquarelles, dessins par A. Besnard, Cazin, Béthune ... composant la collection C. Coquelin: samedi 9 juin 1906",https://historica.unibo.it/handle/20.500.14008/93334,https://historica.unibo.it/server/iiif/9f6f5366-fd51-4ef8-bd27-13569c6bf986/manifest
BO0624_81810,Illustrazioni della vendita degli oggetti d'arte antica appartenenti a quattro nobili famiglie patrizie romane ...: la vendita avrà luogo in Roma dal giorno 31 marzo al 12 aprile 1913,https://historica.unibo.it/handle/20.500.14008/92779,https://historica.unibo.it/server/iiif/9fca6816-982d-4e53-9ab5-99b0bf88ea38/manifest
BO0624_83903,"Catalogue des tableaux, aquarelles et dessins composant la collection Ch. Sedelmeyer: quatrième vente ... le mercredi 12, jeudi 13 et vendredi 14 juin 1907",https://historica.unibo.it/handle/20.500.14008/93370,https://historica.unibo.it/server/iiif/9fd3a7bd-4e4e-4780-b220-bb9ddce27f33/manifest
BO0624_84298,Catalogue des tableaux anciens et modernes ... tapisseries des Flandres et d'Aubusson ...: jeudi 5 mai 1927,https://historica.unibo.it/handle/20.500.14008/93658,https://historica.unibo.it/server/iiif/a00c368f-fbbc-4117-b68f-1295c7c709de/manifest
BO0624_84221,"Catalogue des tableaux anciens des écoles du Moyen-age et de la Renaissance, 14., 15., 16 siècles, portraits des 17. et 18 siècles et autres oeuvre de A. Canaletto, F. Guardi, G.-B. Tiepolo, etc., Dessins par G.-B. Tiepolo composant la collection de Son Excellence feu le prince Alexis Orloff ...: à Paris ... les jeudi 29 et vendredi 30 avril 1920 ...",https://historica.unibo.it/handle/20.500.14008/93601,https://historica.unibo.it/server/iiif/a016eb67-8ccb-4f89-a1fa-35f38705a640/manifest
BO0624_84186,"Catalogue des tableaux, aquarelles, dessins, gouaches, pastels anciens et modernes par: Avercamp, H. Bellangé, C. Corot, N. Diaz, G. Doré., H. Fragonard, Français, E. Fromentin, Guillaumet, Cl. Hoin, Ingres, J.-B. Isabey ... objets d'art et d'ameublement ... le tout appartenant à divers amateurs ... ameublement de salon en tapisserie du temps de Louis 15. dépendant de la succession de monsieur le marquis de X...: Paris ... le mardi 31 mars 1914 ...",https://historica.unibo.it/handle/20.500.14008/93571,https://historica.unibo.it/server/iiif/a04918ad-885b-44d5-81b1-8b0991e60489/manifest
BO0624_88638,Sammlung Hugo Benario Berlin: mittelalterliche Plastik Gemälde: Teppiche Mobiliar Ostasiatische u. aegyptische Kunst Kunstgewerbe: ... Versteigerung ... den 5. April 1927 ... den 6. April 1927 ... Katalog mit 80 Lichtdrucktafeln,https://historica.unibo.it/handle/20.500.14008/94577,https://historica.unibo.it/server/iiif/a058e490-57f1-4b5d-80ec-6e3fdec3c580/manifest
BO0624_84006,Catalogue des objets d'art et de haute curiosité ...: jeudi 28 et vendredi 29 avril 1910,https://historica.unibo.it/handle/20.500.14008/93437,https://historica.unibo.it/server/iiif/a062db1e-a7b3-4a90-ad36-a64b7f215aa4/manifest
BO0624_B14151,"Catalogo della collezione già del fu Guglielmo Müller di Hannover e di altra proprietà consistente in pregevoli opere di pittura dei secoli 14., 15., 16., 17. e 18. ... la vendita sarà diretta dal Cav. Alfredo Geri ed avrà luogo da lunedì 8 febbraio 1926 e seguenti 9, 10, 11, 12 e 13 ... a cura della primaria casa di vendite Galleria Geri",https://historica.unibo.it/handle/20.500.14008/94738,https://historica.unibo.it/server/iiif/a065be79-6c6e-4991-bf7f-8eb73747ecb2/manifest
BO0624_83662,"Catalogue des objets d'art et d'ameublement, importants candélabres par Gouthière ...: lundi 29 et mardi 30 janvier 1900",https://historica.unibo.it/handle/20.500.14008/93250,https://historica.unibo.it/server/iiif/a095afbe-7656-4967-b03a-6e0a61a01324/manifest
BO0624_87382,"Catalog der Kunst-Sammlung des herrn professor dr. Otto Seyffer in Stuttgart: 2. Abteilung, Versteigerung zu Stuttgart im Saale des Konigsbaus, mittwoch den 14. Marz und folgende Tage morgens 9 bis 12 uhr und nachmittags von 3 bis 6 uhr durch H. G. Gutekunst, kunsthandlung",https://historica.unibo.it/handle/20.500.14008/93706,https://historica.unibo.it/server/iiif/a0d9aaed-7fa6-43e1-87a5-44975f896570/manifest
BO0624_87933,"Verzeichnis über Gemälde, Kupferstiche Kunstblätter, Antiquitäten, Kunstgegenstände ...: Versteigerung Frankfurt a.M., Dienstag und Mittwoch, den 29. und 30. November 1910",https://historica.unibo.it/handle/20.500.14008/94068,https://historica.unibo.it/server/iiif/a1150a00-1ef5-4435-aa73-da296b3d6006/manifest
BO0624_81798,"Catalogo degli oggetti d'arte antica: mobili, quadri, cornici, bronzi, armi, terrecotte, maioliche ed oggetti diversi: la vendita volontaria all'incanto per cessazione di commercio del signor Giuseppe Bigazzi verrà effettuata nei saloni dell'Impresa nei giorni 16, 17, 18, 20, 21 e 22 marzo 1911",https://historica.unibo.it/handle/20.500.14008/92769,https://historica.unibo.it/server/iiif/a13fdfd2-d44e-45ae-8d4c-de953953075f/manifest
BO0624_88512,"Galerie Rosenberg Berlin und anderer Besitz: Gemälde alter Meister; [Versteigerung: Frankfurt, 24. Okt. 1922]",https://historica.unibo.it/handle/20.500.14008/94488,https://historica.unibo.it/server/iiif/a143ff82-19b7-4715-ab50-c452448aefb0/manifest
BO0624_88070,"Katalog einer Sammlung von Antiquitäten Kunstgegenständen Gemälden aus dem Besitze des Herrn Joh. Heinr. Willms, M.-Gladbach, und anderer: Versteigerung zu Cöln ... 18. Dezember ... 19. Dezember ...",https://historica.unibo.it/handle/20.500.14008/94149,https://historica.unibo.it/server/iiif/a1ce7704-c535-4349-a7d4-5a6e8ed38480/manifest
BO0624_87381,"Catalog der Kunst-Sammlung des herrn professor dr. Otto Seyffer in Stuttgart: 2. Abteilung, Versteigerung zu Stuttgart im Saale des Konigsbaus, mittwoch den 14. Marz und folgende Tage morgens 9 bis 12 uhr und nachmittags von 3 bis 6 uhr durch H. G. Gutekunst, kunsthandlung",https://historica.unibo.it/handle/20.500.14008/93705,https://historica.unibo.it/server/iiif/a1d31537-5745-4ee2-b506-a4fb11d0884d/manifest
BO0624_81849,"Catalogo della collezione d'arte antica di proprieta Edoardo Villa & C. di cui avrà luogo la vendita al maggiore offerente nelle sale del palazzo Granello piazza Giustiniani 7, Genova",https://historica.unibo.it/handle/20.500.14008/92907,https://historica.unibo.it/server/iiif/a1e10668-827e-411c-befd-b871f9504d99/manifest
BO0624_88243,"Verzeichnis über Gemälde älterer u. moderner Meister Gold- u. Silbersachen, Antiquitäten Kunstgegenstände, Miniaturen: Ausgrabungen in Bronze, Glas, Ton, Terracotta ... verschiedener Epochen aus hiesiger Hinterlassenschaft und Privatbesitz: Versteigerung ... den 27. und 28. April 1916 ... Frankfurt a. Main ...",https://historica.unibo.it/handle/20.500.14008/94275,https://historica.unibo.it/server/iiif/a1f7b569-4a93-4f23-8edc-c4d9a3759de9/manifest
BO0624_88530,"Gemälde alter Meister aus der Sammlung des Herrn G. A. Redwitz, Baden-Baden und aus süddeutschem Schloss-Besitz. [Versteigerung .... 4 Marz 1924]",https://historica.unibo.it/handle/20.500.14008/94504,https://historica.unibo.it/server/iiif/a2035eba-dd36-4b1c-a650-ecd73438da44/manifest
BO0624_84308,"Catalogue des objets d'art et de haute curiosité principalement du Moyen Age et de la Renaissance ... composant la collection de M. le professeur A. Gilbert: mardi 29, mercredi 30 novembre et jeudi 1er décembre 1927",https://historica.unibo.it/handle/20.500.14008/93665,https://historica.unibo.it/server/iiif/a265951e-9096-44d9-a363-d408c1127558/manifest
BO0624_88367,"Antiquitäten und alte Gemälde aus verschiedenem Privatbesitz darunter die Nachlässe der Herren Anton Büx, Charlottenburg und Major von Weller, Bad Kösen: ... Versteigerung: ... den 25. Februar bis ... den 28. Februar 1919",https://historica.unibo.it/handle/20.500.14008/94365,https://historica.unibo.it/server/iiif/a26cd28b-60c0-4cad-8d0f-442933bcb9c3/manifest
BO0624_88553,Gemälde und Handzeichnungen alter und neuerer Meister...Antikes Mobiliar...Spezialsammlungen: Versteigerung...den 20 Januar 1925,https://historica.unibo.it/handle/20.500.14008/94520,https://historica.unibo.it/server/iiif/a28466ec-f208-4a0a-9a24-d3bb93d703d9/manifest
BO0624_88352,Antiquitäten Kunst- und Einrichtungsgegenstände Möbel orientalische Teppiche Gemälde alterer und moderner Meister aus rheinischem Privatbesitz: Versteigerung in der Galerie Helbing in München ... den 24. Oktober und folgende Tage,https://historica.unibo.it/handle/20.500.14008/94355,https://historica.unibo.it/server/iiif/a299f562-c84a-4ad1-972f-b362484c16e7/manifest
BO0624_88504,"Moderne Gemälde, antikes und modernes Kunstgewerbe aus dem Besitz eines berliner Sammlers; Antiquitäten, Möbel, ... Versteirgerung: berlin, 23-24 Mai 1922",https://historica.unibo.it/handle/20.500.14008/94480,https://historica.unibo.it/server/iiif/a2b68914-9fb9-4e00-997c-a0fc9507386b/manifest
BO0624_87378,"Catalogue des objets d'art porcelains, bronzes, meubles etc.etc.ayant fait partie du sompteux mobilier de S.A. la princesse Marie Leopoldine Grassalkowits de Gyavak nee princesse Esterhazy de Galantha: Sculptures, anciennes porcelaines de la Chine, du Japon, de Sevres, de saxe et autres en partie montees en bronze doré. Argenteries anciennes. Bronzes. Miniatures. Objets divers. Meubles etc, etc.: vente publique a Cologne dans la grande salle du casino le 24et 25 octobre 1887",https://historica.unibo.it/handle/20.500.14008/93702,https://historica.unibo.it/server/iiif/a2f3de8b-d26e-485c-a564-3c0addaa35ce/manifest
BO0624_83887,"Catalogue des tableaux provenant de l'atelier Frits Thaulow et des tableaux, aquarelles, pastels par Jacques Blanche, Baertsoen, Boudin, Cazin, Fourié, Walter Gay, Harrison, Helleu, Lerolle, Liebermann, Ménard, Miller, Raffaelli, Roll, etc. ... composant la collection particulière de M. Frits Thaulow et dont la vente, par suite de décès, aura lieu à Paris Galerie Georges Petit ... les lundi 6 et mardi 7 mai 1907",https://historica.unibo.it/handle/20.500.14008/93357,https://historica.unibo.it/server/iiif/a2fe6243-0209-46bb-a421-cb3982405be3/manifest
BO0624_65739,"Collection F. J. E. Horstmann a Oud Clingendaal: *Tableaux, meubles, tapisseries, porcelaines, pendules, bronzes ...: Vente publique à Amsterdam les 19-21 novembre 1929 ...",https://historica.unibo.it/handle/20.500.14008/93168,https://historica.unibo.it/server/iiif/a3003876-50fa-4c57-9437-7f429292924e/manifest
BO0624_88110,"Plastiken und Olgemalde moderner Meister: Nachlass Prof. Rud. Maison, Munchen, Sammlung Bankier R. Molenaar, Berlin und anderer Besitz: Auktion in Munchen in der Galerie Helbing, Montag, den 28. April 1913",https://historica.unibo.it/handle/20.500.14008/94182,https://historica.unibo.it/server/iiif/a30fa3fd-78a7-415e-9657-60092eddb9fc/manifest
BO0624_83828,"Catalogue des tableaux anciens et modernes par ou d'après L. Boilly, Grimoux ... trois tableaux de l'école impressioniste, par C. Monet, Sisley, Guillaumin, dessins, aquarelles, gouaches par ou d'après Boilly, Caresme ... estampes du 18. siècle par Baudouin, Boilly ... composant la collection d'un amateur: jeudi 1. mars 1906",https://historica.unibo.it/handle/20.500.14008/93319,https://historica.unibo.it/server/iiif/a341f4dd-5073-4970-a15b-d81911200977/manifest
BO0624_88679,"Antiquitäten aus Wiener und Hamburger Sammlungen aus der Sammlung M.-Königsberg und anderem Privatbesitz: Möbel des 15. bis 19. Jahrhunderts ; Tapisserien und Perser-Teppiche, Bildwerke, Gotik und Renaissance, Porzellan, Europa und Ostasien, Bronzearbeiten Kleinkunst u. a. Versteigerung: 29. November, 1 Dezember 1927",https://historica.unibo.it/handle/20.500.14008/94609,https://historica.unibo.it/server/iiif/a35036f0-0d43-4c8e-b45f-d4893bedddd9/manifest
BO0624_88719,"Die Sammlung des Herrn Dr. Otto Burchard: Versteigerung: Dienstag, den 22. Mai 1928",https://historica.unibo.it/handle/20.500.14008/94646,https://historica.unibo.it/server/iiif/a3599772-8906-478e-af5c-b54262d9e754/manifest
BO0624_87459,"Katalog der reichhaltigen Gemälde-Sammlungen aus dem Nachlasse der Herren Louis von Lilienthal in Elberfeld, Maler Everhard Bourel in Köln und anderer. Versteigerung zu Köln den 21. un 22. December 1893 durch J. M. Heberle (H. Lempertz' Söhne)",https://historica.unibo.it/handle/20.500.14008/93756,https://historica.unibo.it/server/iiif/a3a24e31-a81a-4a0f-b934-f18f0358a8d0/manifest
BO0624_83980,"Catalogue des sculptures et objets d'art du Moyen Âge et de la Renaissance ... provenant de la Collection de M. le Docteur G...: Hotel Drouot, le mardi 8 juin 1909",https://historica.unibo.it/handle/20.500.14008/93422,https://historica.unibo.it/server/iiif/a3a66a65-a587-413e-aa37-3936f193fdd8/manifest
BO0624_84316,"Catalogue des objets de vitrine ... porcelaines ... tableaux, pastel, dessins ...: lundi 18 et mardi 19 juin 1928",https://historica.unibo.it/handle/20.500.14008/93670,https://historica.unibo.it/server/iiif/a3e2c233-af60-49b7-aa61-29dc3fdf1eb6/manifest
BO0624_83773,"Catalogue des tableaux anciens et modernes, aquarelles, dessins et eaux-fortes ...: jeudi 23 et vendredi 24 mars 1905",https://historica.unibo.it/handle/20.500.14008/93284,https://historica.unibo.it/server/iiif/a3ed4b4e-b129-42ec-95d4-60b43558ffbb/manifest
BO0624_88217,"Katalog einer Sammlung von Gemälden älterer und neuzetlicher Meister darunter Nachlass Frau Richrath [gestorben], Aachen u.a.: Versteigerung zu Cöln ... den 10. Juni ...",https://historica.unibo.it/handle/20.500.14008/94254,https://historica.unibo.it/server/iiif/a40f107f-7b44-4549-bc98-63f547f0e01a/manifest
BO0624_88489,"Gemälde aquarelle, handzeichnungen neure meister. Versterigerung: Berlin, 13-14 Dezember 1921",https://historica.unibo.it/handle/20.500.14008/94466,https://historica.unibo.it/server/iiif/a418bcbf-d72d-4181-b7ec-2ae900395fbb/manifest
BO0624_83810,Catalogue de trois tableaux portraits par J.-L. David appartenant à M. R...: jeudi 22 juin 1905,https://historica.unibo.it/handle/20.500.14008/93305,https://historica.unibo.it/server/iiif/a4296245-cf28-4693-a74d-4183b03f7124/manifest
BO0624_87985,Sammlung des Herrn Universitätprofessors Dr. Robert Piloty,https://historica.unibo.it/handle/20.500.14008/94099,https://historica.unibo.it/server/iiif/a462b7a5-c362-4895-b870-a0c158183805/manifest
BO0624_88686,"Ölgemälde, Aquarelle und Handzeichnungen moderner Meister aus vorwiegend mitteldeutschem Besitze. Auktion: München, 17 Dezember 1928",https://historica.unibo.it/handle/20.500.14008/94616,https://historica.unibo.it/server/iiif/a49598ea-2629-4eb6-b90d-4d1396254141/manifest
BO0624_88152,"Gemälde alter Meister und Antiquitäten: Antike Gläser, Porzellane, Fayencen und Majoliken ...: Ausstellung ... den 2. November 1913: Versteigerung ... den 4. November 1913 ... den 5. November 1913",https://historica.unibo.it/handle/20.500.14008/94215,https://historica.unibo.it/server/iiif/a4ab1dc3-1efa-4f98-9fc1-cda91d72e7e4/manifest
BO0624_81890,"Vendita all'asta nello interesse della massa creditori del fallimento Max Bondi (liquidatore: Sen. prof. Antonio Scialoja): catalogo della collezione di quadri, maioliche, porcellane, stoffe, tappeti antichi, arazzi, mobilio, argenteria, bibelots, bronzi, ecc.",https://historica.unibo.it/handle/20.500.14008/92952,https://historica.unibo.it/server/iiif/a4b74430-f5ee-4b90-835f-a107bc609591/manifest
BO0624_87770,"Galerie alter Meister des 16. bis 18. Jahrhunderts no. 1-99: ferner: Sammlung aus dem Nachlasse der Furstin Argyropulos-Athen no. 100-141: Ausstellung: Sonntag, den 28. Oktober und Montag, den 29. Oktober 1906: Versteigerung: dienstag, den 30. Oktober",https://historica.unibo.it/handle/20.500.14008/93950,https://historica.unibo.it/server/iiif/a4dfbd38-745c-4dd1-9412-c58535c85122/manifest
BO0624_83618,50 dipinti capolavori di maestri moderni ed antichi: esposizione: sabato 30 marzo ...: vendita al maggiore offerente: venerdì 5 aprile,https://historica.unibo.it/handle/20.500.14008/92979,https://historica.unibo.it/server/iiif/a4ed6123-0cc9-44e3-863d-5e6758a591bb/manifest
BO0624_88612,Gemälde des 16.-19. Jahrhunderts aus deutschem und ausländischem Besitz: mit 18 Lichtdrucktafeln: ... Versteigerung ... 26. Oktober 1926,https://historica.unibo.it/handle/20.500.14008/94559,https://historica.unibo.it/server/iiif/a4efcc00-19b3-40f2-9ace-3397ad31e8bd/manifest
BO0624_88235,"Verzeichnis über Gemälde moderner und älterer Meister sowie einige Kunstblätter: Antiquitäten Kunstgegenstände dabei ... Meister-Cello, Harmonium, Miniaturen ... aus hiesigem Privatbesitz und Nachlässen: Versteigerung ... den 15. und 16. Dezember 1915 Frankfurt a. M. ...",https://historica.unibo.it/handle/20.500.14008/94268,https://historica.unibo.it/server/iiif/a4fc9bec-7aff-4b3f-bf6d-ffb36b08bbbf/manifest
BO0624_87405,Katalog der Sammlungen von Gemälden und eingerahmten Kupferstichen aus dem Nachlasse des Herrn Religionslehrer Dr. H. Ferrier zu Köln und Anderer ... Versteigerung zu Köln den 1. und 2. October 1889 durch J. M. Heberle (H. Lempertz' Söhne),https://historica.unibo.it/handle/20.500.14008/93722,https://historica.unibo.it/server/iiif/a51315c1-c988-4747-80dd-fa1be90e2ed6/manifest
BO0624_87450,"Katalog der Gemälde-Sammlungen, Schloss Hürbel, sowie aus dem Nachlasse des Freiherrn Franz von Fick auf Schloss Angelthürn und Anderer, Versteigerung zu München ... den 17. Mai und folgende Tage, unter Leitung der Herrn Carl Maurer, gerichtlich verpflichteter Kunstexpert in München",https://historica.unibo.it/handle/20.500.14008/93749,https://historica.unibo.it/server/iiif/a513abb2-1472-4f6c-8104-9698a5de9430/manifest
BO0624_88633,Nachlass des Herrn K. und anderer Besitz: engl. und franz. Stilmobiliar: komplette Zimmer...: Antike Möbel...: Perser Teppiche...: Gemälde und Handzeichnungen alter und neuerer Meister...: Antiquitäten...: Versteigerung...den 28. Marz 1927,https://historica.unibo.it/handle/20.500.14008/94574,https://historica.unibo.it/server/iiif/a5206760-093e-4a32-942a-4b261b1a5530/manifest
BO0624_66091,"Catalogue of the valuable contents of Hurstmonceux Castle, Sussex, the property of the late Lt.-Col. Claude W.H. Lowther: tuesday, november 5, 1929",https://historica.unibo.it/handle/20.500.14008/93212,https://historica.unibo.it/server/iiif/a521535b-9da5-40eb-898e-2512008b4f79/manifest
BO0624_87589,"Katalog von Antiquitäten, Kunstsachen und Oelgemälden aus dem Nachlasse der 1898 [verstorbenen] Kunstmalerin Lucia van Gelder, des 1898 [verstorbenen] Herrn Professor A. Lienzenmeyer, des 1899 [verstorbenen] Herrn Professor Philipp Sporrer, Sammlung Richard Lotze, München, etc. ... Auktion in München ... den 20. bis .. den 22. Juni 1900 ... unter Leitung des Kunsthändlers Hugo Helbing in München",https://historica.unibo.it/handle/20.500.14008/93833,https://historica.unibo.it/server/iiif/a537bb1b-62cc-4e74-a36c-147145819bb4/manifest
BO0624_87702,"Catalogue des tableaux anciens et modernes composant la collection Bourgeois Frères et dont la vente aura lieu à Cologne ... les jeudi 27, vendredi 28 et samedi 29 octobre 1904 ... [la vente] sera dirigée par H. Lempertz Jr",https://historica.unibo.it/handle/20.500.14008/93897,https://historica.unibo.it/server/iiif/a541b6df-0279-4ec5-be59-887f7101f7e1/manifest
BO0624_81858,"Catalogo della vendita di arte antica di proprietà del sig. Banti: mobili originali dal 15. al 17. secolo ...: la vendita all'asta verrà effettuata ... nei giorni mercoledì 14, giovedì 15 e venerdì 16 aprile [1976] ...",https://historica.unibo.it/handle/20.500.14008/92904,https://historica.unibo.it/server/iiif/a557c984-9573-4d28-8cb1-24e29ae70da4/manifest
BO0624_87394,"Katalog einer Sammlung ausgewahlter Gemälde aus der Hinterlassenschaft des Herrn Geheimrath Dr. F. von Rinecker in Wurzburg etc.: Gemalde niederlandischer, italienischer, deutscher und franzosischer Meister des 14. bis 19. Jahrhundets: Versteigerung zu Köln den 30. October 1888",https://historica.unibo.it/handle/20.500.14008/93714,https://historica.unibo.it/server/iiif/a579b209-85ac-4935-a9fd-9b6db5538664/manifest
BO0624_88256,"Katalog hervorrangender Sammlungen von Kupferstichen, Radierungen, Aquarellen, Handzeichnungen, Gemälden alter und neuerer Meister ... aus dem Besitze eines Rheinischen Gutbesitzers u. a.: Versteigerung zu Aachen am 18. und 19. September 1916 ...",https://historica.unibo.it/handle/20.500.14008/94286,https://historica.unibo.it/server/iiif/a5b74230-f21a-480b-85cf-e6f3dfc1f1dc/manifest
BO0624_88078,Verzeichnis guter Gemälde moderner französischer Meister. Sammlung P. Navez - Paris: Versteigerung ... den 11. Februar 1913 ... in Frankfurt am Main ...,https://historica.unibo.it/handle/20.500.14008/94156,https://historica.unibo.it/server/iiif/a5baf0f4-6385-4955-a4e1-5c8fea1d7dac/manifest
BO0624_84233,"Catalogue des importants bijoux, pendentifs, broches, boucles d'oreilles ... tableaux anciens par G. Coques, Ch. Coypel ... bronzes d'art et d'ameublement ... anciennes tapisseries ...: la vente, en vertu d'ordonnance après décès de Madame la Comtesse de Maillé aura lieu à Paris ... le lundi 28 février 1921 ...",https://historica.unibo.it/handle/20.500.14008/93612,https://historica.unibo.it/server/iiif/a5bfdf21-9e34-475d-90b2-3b847f8e1a70/manifest
BO0624_88661,"Antiquitäten: Möbel des 16. und 18. Jahrhunderts ... Gemälde Alter Meister: Kommerzienrat Jacques Mühsam Elsässischer Adels- und Anderer Privatbesitz: Versteigerung: Dienstag, den 11. Oktober 1927",https://historica.unibo.it/handle/20.500.14008/94595,https://historica.unibo.it/server/iiif/a5d18758-48f0-4083-a72d-cbd4c5087408/manifest
BO0624_84158,"Catalogue des Tableaux Modernes par Bensa, E. F. de Block ... objets de vitrine, boite par Jacques van Blarenberghe ... dont la vente apres aux enchères publiques après décès du Jonkheer H. A. Steengracht van Duivenvoorde ... aura lieu à Paris, Galerie Georges Petit, le mardi 10 juin 1913",https://historica.unibo.it/handle/20.500.14008/93551,https://historica.unibo.it/server/iiif/a5d26503-b9ba-43e6-b322-4622abed15eb/manifest
BO0624_88651,"Gemalde neuer meister darunter eine bekannte privatsammlung und aus verschiedenem besitz. [Versteigerung: Frankfurt, 31 Mai 1927]",https://historica.unibo.it/handle/20.500.14008/94587,https://historica.unibo.it/server/iiif/a5e38ace-8172-4281-ba45-c46121292ca4/manifest
BO0624_83628,"Catalogue de tableaux anciens des écoles flamande, hollandaise, française, espagnole, italienne et allemande, formant l'importante collection de M. G. Rothan ... Galerie Georges Petit, les Jeudi 29, Vendredi 30 et Samedi 31 Mai 1890",https://historica.unibo.it/handle/20.500.14008/92985,https://historica.unibo.it/server/iiif/a5fe2289-1f98-4100-b12a-378c1513947f/manifest
BO0624_88093,"Die Sammlung Louis S. Günzburger in Genf: Ölgemälde, Aquarelle und Zeichnungen, moderner Meister dabei Arbeiten von Cuno Amiet, Albert Anker, Emile Bernard, Eduard Boss, Max Buri, Eugène Carrière, Camille Corot, Georges d'Espagnat, Emil Hodel, Ferdinand Hodler ... [Auktion in München in der Galerie Helbing ... den 11. März 1913]",https://historica.unibo.it/handle/20.500.14008/94169,https://historica.unibo.it/server/iiif/a62f1b23-3fe5-451f-ab34-a51b30bb32e4/manifest
BO0624_84165,Catalogue des objets d'art et d'ameublement anciens & modernes ... dont la vente aux enchères publiques ... aura lieu ... le mercredi 26 Novembre 1913,https://historica.unibo.it/handle/20.500.14008/93557,https://historica.unibo.it/server/iiif/a6659d56-1acd-4e05-9b33-2f61d8aef13a/manifest
BO0624_87843,"Gemälde und Kunstblätter moderner und älterer Meister Japan- u. China Sammlung aus einem hiesigen Nachlass: Versteigerung in Frankfurt am Main, Dienstag und Mittwoch, den 19. und 20. Mai 1908",https://historica.unibo.it/handle/20.500.14008/94010,https://historica.unibo.it/server/iiif/a6b17fce-0f8e-450f-b0d6-4f83eec5cfcd/manifest
BO0624_81776,"Catalogo n. 69: Importante collezione di quadri antichi, porcellane, maioliche antiche, argenterie, gioielli ... e raccolta di costumi antichi provenienti dallo studio d'un pittore in vendita al pubblico incanto a Milano, via Brera n. 3, Casa di Vendite Luigi Battistelli",https://historica.unibo.it/handle/20.500.14008/92749,https://historica.unibo.it/server/iiif/a6b20934-5721-4b75-b225-6c74bf23851c/manifest
BO0624_81805,"Catalogue de la vente de l'ancienne collection Woodyat: la vente aux encheres publiques aura lieu a Rome ... experts MM. Jandolo & tavazzi, commissaire priseur M. Alfredo Silvestri",https://historica.unibo.it/handle/20.500.14008/92757,https://historica.unibo.it/server/iiif/a6d4862c-c7e5-4eeb-b234-4384f03f117e/manifest
BO0624_83984,"Catalogue de belles tapisseries de Bruxelles et d'Aubusson, meubles du XVIIIe siècle ... tableaux anciens et modernes: Hotel Drouot, le jeudi 17 juin 1909",https://historica.unibo.it/handle/20.500.14008/93426,https://historica.unibo.it/server/iiif/a6df24fc-b1d9-4faa-8b2a-d5360a9b4ad0/manifest
BO0624_83649,"Catalogue de tableaux anciens des écoles française, flamande et hollandaise, oeuvres remarquables de Boilly, Breughel, De Marne, Desportes, K. Du Jardin, Van Dyck ... composant la collection de M. A. Degeuser du Havre: vendredi 13 mai 1898",https://historica.unibo.it/handle/20.500.14008/93240,https://historica.unibo.it/server/iiif/a6fe3cc5-e573-4237-8d45-176f68c5617b/manifest
BO0624_83697,"Catalogue et notice de tableaux anciens et modernes, faiences et porcelaines, meubles anciens et modernes ... dépendant de la Succesione de M.W ... Vente Hotel Drouot ...le Mercredi 29 et Jeudo 30 Janvier 1902 ...",https://historica.unibo.it/handle/20.500.14008/92797,https://historica.unibo.it/server/iiif/a70febb7-6466-4e38-8e5b-9ebf41177c3e/manifest
BO0624_84083,"Catalogue des tableaux et dessins anciens, aquarelles, gouaches, pastels, gravures par: Van Balen, F. Boucher ... composant la collection de Monsieur Yves Le Moyne ...: Hotel Drouot, le lundi 5 février 1912",https://historica.unibo.it/handle/20.500.14008/93492,https://historica.unibo.it/server/iiif/a716e8a8-d2e0-43ca-885f-b0937886502a/manifest
BO0624_83757,"Catalogue des tableaux anciens par Beechey (sir W.), Bonnington, David ... appartenant à M. le Comte A. de G... (2me vente) ...: Le samedi 11 Juin 1904 ...",https://historica.unibo.it/handle/20.500.14008/92835,https://historica.unibo.it/server/iiif/a752cd21-319c-441e-8833-cacd0ce71b4f/manifest
BO0624_81978,"Raccolta Pisa. Vol. 1: Vendita all'asta della prima parte della Raccolta Pisa: Palazzetto del Da Ponte al ponte della Paglia, Venezia: inaugurazione mercoledì 31 agosto 1938 ... vendita lunedi 5 ... venerdi 9 settembre 1938 ... commissario d'asta incaricato della vendita il Cav. Alfredo Geri della Galleria Geri di Milano",https://historica.unibo.it/handle/20.500.14008/92975,https://historica.unibo.it/server/iiif/a77a4cde-9be0-4933-bee7-38439d1bccb0/manifest
BO0624_87730,Katalog von Gemälden alter und neuzeitiger Meister aus verschiedenem Besitze: Versteigerung zu Köln: den 19. und 20. Juni 1905 bei J. M. Heberle (H. Lempertz' Söhne),https://historica.unibo.it/handle/20.500.14008/93921,https://historica.unibo.it/server/iiif/a7928372-fb6e-4415-a9dd-035eae75f1db/manifest
BO0624_81781,Catalogo della rara raccolta di quadri e bozzetti di artisti contemporanei facenti parte della celebre collezione Ricci: tra i principali artisti notansi quadri del Ciseri ... \ Casa di vendite S. Innocenti,https://historica.unibo.it/handle/20.500.14008/92754,https://historica.unibo.it/server/iiif/a7cb817f-9b55-4782-89fe-a4948e860794/manifest
BO0624_87747,Katalog ausgewahlter Gemälde alter und neuzeitiger Meister aus verschiedenem Besitz: Versteigerung zu Köln a. Rh. den 18 und 19. Dezember 1905 bei J.M. Heberle (H. Lempertz'Sohne),https://historica.unibo.it/handle/20.500.14008/93934,https://historica.unibo.it/server/iiif/a7ede3c8-7cc7-4aca-a6ef-7cf2596eed70/manifest
BO0624_84015,"Catalogue des objets d'art et d'ameublement, tableaux anciens, aquarelles, dessins, gouaches, pastels de l'école française du 18. siècle, oeuvres de Coypel ... composant la collection de M. Allard de Meeus ...: lundi 6 et mercredi 7 juin 1910",https://historica.unibo.it/handle/20.500.14008/93442,https://historica.unibo.it/server/iiif/a80c2c38-42fc-4754-a2ff-2308e330ac95/manifest
BO0624_88286,Ölgemälde moderner Meister vorwiegend aus Münchener Privatbesitz: Auktion in München in der Galerie Helbing ... den 28. April 1917,https://historica.unibo.it/handle/20.500.14008/94310,https://historica.unibo.it/server/iiif/a8284ca5-3252-4954-94d3-c2110d9dac2d/manifest
BO0624_4466,Catalogo della collezione Carlo Varelli di cui la vendita a pubblico incanto avra luogo in Napoli ... lunedi 28 novembre 1892 ...,https://historica.unibo.it/handle/20.500.14008/92688,https://historica.unibo.it/server/iiif/a83f51ef-b354-40dd-bbf6-f15e4a73ccdf/manifest
BO0624_84189,"Catalogue des tableaux anciens des écoles allemande, anglaise, espagnole, flamande, française, hollandaise, italienne des 15., 16., 17., 18. siècles ... terres cuites & marbres anciens, bronzes des 16., 17, et 18. siècles, composant la trés importante collection de son excellence feu Paul Delaroff ...: les 27, 28, 29, 30 avril et 2 mai 1914 ...",https://historica.unibo.it/handle/20.500.14008/93573,https://historica.unibo.it/server/iiif/a84b9376-a179-4c03-ae6b-9f4e35587408/manifest
BO0624_88737,Kunstwerke aus den beständen leningrader Museen und Schlösser: Eremitage Palais Michailoff Gatschina u. a.: in Auftrag der Handelsvertretung der Union der Sozialistischen Sowjet-Republiken [Versteigerung ... den 6. November 1928 ... den 7. November 1928],https://historica.unibo.it/handle/20.500.14008/94664,https://historica.unibo.it/server/iiif/a85109c2-a142-4a6e-b815-f646816cc0cd/manifest
BO0624_88381,Versteigerung von Kupferstichen des 18. Jahrunderts nebst Anhang: einige Originalbildnisse von Anton Graff u. a. im Auftrage und aus Besitze der Firma Karl Ernst Henrici Berlin ... durch der beedigten Versteigerer Herrn Werner Haehnel: ... Versteigerung ... den 24. Juni 1919,https://historica.unibo.it/handle/20.500.14008/94376,https://historica.unibo.it/server/iiif/a8588033-b724-42bf-9961-7695cb2dd91a/manifest
BO0624_83970,"Catalogue de tableaux anciens & modernes par Boucher ... composant la collection de mme de V dont la vente par suite de dation de conseil judiciaire aura lieu Galerie Georges Petit, le jeudi 6 mai 1909",https://historica.unibo.it/handle/20.500.14008/93412,https://historica.unibo.it/server/iiif/a8613fc8-01f2-4e6a-beea-1793259c6034/manifest
BO0624_50142,"Musée van Stolk, fondé à la Haye en 1902. 300 Sculptures et tableaux Xe - XVIe siècles, objets de vitrine, art textile, etc.: la vente aura lieu à Amsterdam dans la grande salle de ventes ... 16-18 Doelenstraat les 8 et 9 mai 1928 ...",https://historica.unibo.it/handle/20.500.14008/92701,https://historica.unibo.it/server/iiif/a864e55d-9f6c-4c57-97af-e0ea67e385a2/manifest
BO0624_87710,"Katalog von Antiquitäten, Kunstgegenständen Oelgemälden alter und neuerer Meister aus dem Nachlasse des in München verstorbenen Kunstmalers Herrn D. Israel, sowie aus dem Nachlasse des in Lindau verstorbenen Herrn Carl Kallenberg und aus anderem Besitze: Auktion in München in der Galerie Helbing, Montag, den 30. Januar 1905 ..., unter Leitung des Kunsthändlers und gerichtlich Sachverständigen Hugo Helbing in München: Besichtigung, Samstag, den 28. Januar ...; Sonntag, den 29. Januar",https://historica.unibo.it/handle/20.500.14008/93904,https://historica.unibo.it/server/iiif/a869c8a3-7bb0-41c1-814c-8dcbdec8851d/manifest
BO0624_83952,"Catalogue des objets d'art et de haute curiosité du Moyen-age & de la Renaissance, ivoires, émaux, orfévrerie, pierres, bois sculptés, marbres ... armes ... meubles & sièges ...: Hotel Drouot, les mardi 9, mercredi 10, jeudi 11, vendredi 12 février 1909",https://historica.unibo.it/handle/20.500.14008/93400,https://historica.unibo.it/server/iiif/a874e0f1-da48-4b2a-bc1a-fb0def10d63b/manifest
BO0624_65877,"Catalogo della raccolta dei dipinti e sculture moderni appartenenti al barone Giacomo Della Marra la cui vendita all'asta avra luogo in Napoli, Monteroduni 16, a cura della impresa di vendite Antonio Sarno...",https://historica.unibo.it/handle/20.500.14008/93170,https://historica.unibo.it/server/iiif/a893c173-0999-4037-859d-1b139038d46f/manifest
BO0624_81794,"Catalogo n. 89: Quadri e disegni antichi, marmi, bronzi, miniature, maioliche, porcellane, incisioni, mobili, cornici, oggetti d'arte e da vetrina, placchette, medaglie, stoffe, tappeti, provenienti da famiglia patrizia veneta in vendita al pubblico incanto",https://historica.unibo.it/handle/20.500.14008/92722,https://historica.unibo.it/server/iiif/a8bb49f0-2eba-40b7-9f64-9ca767aa7611/manifest
BO0624_88360,"Verzeichnis über Gemälde älterer und neuerer Meister: Originalradierungen, Holzschnitte, Stiche etc. von Beham, Dürer, Grenier, Klinger, Luca v. Leiden, Welti u. a.: Bücher, meist Vorzugsdrucke ... aus der Sammlung Dr. Hans Boelcke und aus Frankfurter Hinterlassenschaft: Versteigerung: ... den 10.-12. Dezember 1918 ...",https://historica.unibo.it/handle/20.500.14008/94360,https://historica.unibo.it/server/iiif/a8c15fcd-30fc-4c37-81ad-3fc16bda1cfb/manifest
BO0624_88608,Ausgewählte Werke der deutschen und ausländischen Malerei aus 8 Jahrzehnten (1840-1920) u. a.: zwei bekannte badische Privatsammlungen ... mit 28 Tafel Abbildungen und Vorwort von Dir. W. Schürmayer Frankfurt a. M. [Versteigerung ... den 5. Oktober 1926],https://historica.unibo.it/handle/20.500.14008/94555,https://historica.unibo.it/server/iiif/a8db3090-d089-4b28-8dd8-7f976591f964/manifest
BO0624_81946,"Catalogo degli oggetti d'arte e dei mobili antichi e moderni che arredavano il palazzo in Spoleto dei conti di Montevecchio, raccolta di oggetti d'arte, marmi, oggetti di scavo e medioevali della collezione comm. Augusto Jandolo ...",https://historica.unibo.it/handle/20.500.14008/92962,https://historica.unibo.it/server/iiif/a8e64bc9-f443-440a-86f5-b83b18593bd8/manifest
BO0624_88015,"Katalog von Gemälden alter Meister des 16. bis 18. Jahrhunderts und einigen des 19. Jahrhunderts: Sammlungen Francisco De Montoya, Madrid: Capitain zur See a. d. Stubenrauch: Kollection eines pariser Kunstfreundes und mehrere Einzelbeiträge mit 19 Lichtdrucktafeln und 13 Cliché-Abbildungen ...: Versteigerung ... den 16. April 1912",https://historica.unibo.it/handle/20.500.14008/94116,https://historica.unibo.it/server/iiif/a8ef8cdd-5cc4-4f61-9e88-2bf0b7969389/manifest
BO0624_88237,"Katalog hervorrangender Sammlung von Kupferstiche, Radierungen, Aquarellen, Handzeichnungen, Gemälden alter und neuerer Meister ... aus dem Besitze Schulz-Dünhirt, Köln: A. v. O., Brussels u. a.: Versteigerung zu Aachen am 15., 16. und 17. Dez. 1915 ...",https://historica.unibo.it/handle/20.500.14008/94270,https://historica.unibo.it/server/iiif/a9193ad0-3df9-4b2f-b934-fef2eee21e0e/manifest
BO0624_81759,"Catalogo della vendita Aemilia-ars che avrà luogo in Firenze il 7, 8 e 9 gennaio 1904...",https://historica.unibo.it/handle/20.500.14008/92733,https://historica.unibo.it/server/iiif/a93a7a26-d1f5-4807-8c73-5645e8334c91/manifest
BO0624_88287,Moderne Ölgemälde: Nachlass Professor Alfred von Wierusz-Kowalski München: Auktion in München in der Galerie Helbing ... den 28. April 1917,https://historica.unibo.it/handle/20.500.14008/94311,https://historica.unibo.it/server/iiif/a946a8b7-8eb6-4a75-9f8c-96cdcbdbba37/manifest
BO0624_81766,"Collection de tableaux et objets d'art qui appartenaient au comte senateur Jean Gozzadini, qui seront mis en vente a Bologna le 12 et 13 mars 1906, a 14 heures precises, dans le palais Gozzadini, rue St. Etienne 58: exposition publique le 11 mars 1906, de 10 a 17 heures",https://historica.unibo.it/handle/20.500.14008/92744,https://historica.unibo.it/server/iiif/a953eb1c-545d-47d4-bd23-4194134dd91b/manifest
BO0624_81763,"Catalogo della vendita di rarissimi quadri, bronzi, arazzi, marmi, mobili ed oggetti di curiosità del Prof. Cav. M. Galli Dunn: esposizione privata il 24 aprile 1905, esposizione pubblica il 25 aprile, vendita all'asta il 1 maggio e giorni seguenti: la vendita avrà luogo in Roma, Piazza Borghese, 10 e sarà diretta dal Cav. G. Sangiorgi",https://historica.unibo.it/handle/20.500.14008/92720,https://historica.unibo.it/server/iiif/a958efe8-bb03-4aa7-aa90-d1e7e146bb0e/manifest
BO0624_88601,Gëmalde neuerer Meister vorwiegend und französischer Impressionisten aus Süddeutschem U. A. Besizt.: [Versteigerung ... den 29. Juni 1926,https://historica.unibo.it/handle/20.500.14008/94549,https://historica.unibo.it/server/iiif/a9828892-4cbe-452b-92b9-d1c3b5924164/manifest
BO0624_84211,"Catalogue des objets d'art et d'ameublement du XVIII siècle ... sculptures ... tableaux anciens ...: la vente après décès de M.L. Lévy, antiquaire aura lieu à Paris ... les lundi 18 et mardi 19 juin 1917 ...",https://historica.unibo.it/handle/20.500.14008/93592,https://historica.unibo.it/server/iiif/a9afcf93-8126-40c2-bd01-95a738ce7818/manifest
BO0624_84330,"Catalogue des tableaux modernes par Berchère ... aquarelles, pastels, dessins par Adan ... provenant de la collection de M. Gustave Cahen: mercerdi 5 et jeudi 6 juin 1929",https://historica.unibo.it/handle/20.500.14008/93680,https://historica.unibo.it/server/iiif/a9d880d0-4952-4eec-b484-6a242148cc4d/manifest
BO0624_88626,"Gemälde neuerer Meister: Versteigerung Sonntag, den 20. Februar 1927",https://historica.unibo.it/handle/20.500.14008/94569,https://historica.unibo.it/server/iiif/a9efb56c-a56e-44f5-abd9-85f5ababf42c/manifest
BO0624_88323,Zweite Versteigerung aus den Beständen der Frankfurter Nationalsammlung von Kunst- und Wertgegenständen zu Gunsten der unter dem Protektorat Seiner Majestät der Kaisers und Königs stehenden Nationalstiftung für die Hinterbliebenen der im Kriege Gefallen: Gemälde und Kunstblätter meist neuerer Meister: Antiquitäten u. modernes Kunstgewerbe ...: Versteigerung ... den 18. u. 19. Dezember 1917 ... Frankfurt a. M.: Ferner Gemälde und Kunstblätter älterer u. neuerer Meister ...: Versteigerung ... den 18. bis 20. Dezember 1917 ...,https://historica.unibo.it/handle/20.500.14008/94336,https://historica.unibo.it/server/iiif/aa38c2ed-ded6-444e-9773-e4c8dcfb17a5/manifest
BO0624_88809,"1., aus dem Nachlass Baron von Mecklenburg Sammlungen Dr. X. und W. in D. frankfurter Privatbesitz alte und moderne Gemälde, 2., aus dem Nachlass Carl Marfels kostbare Uhren, 3., aus dem Nachlass Conrad Fiedler antike Möbel: Versteigerung: Mittwoch, den 27. November 1929",https://historica.unibo.it/handle/20.500.14008/94723,https://historica.unibo.it/server/iiif/aa54d086-09d0-4d08-b55b-0c3f02441f8f/manifest
BO0624_87595,Die Sammlung alter und moderner Kunstsachen Möbel- und Ausstattungs-Gegenstände ... des Herrn Richard Schweder ... Versteigerung zu Berlin ... den 22. bis 30. November 1900 durch J. M. Heberle (H. Lempertz's Söhne) aus Köln a. Rh. (Inhaber: H. Lempertz jr.),https://historica.unibo.it/handle/20.500.14008/93837,https://historica.unibo.it/server/iiif/aa5b732f-02d9-4d3a-86e8-52a7dc4e7475/manifest
BO0624_88665,"Nachlass Joseph Ungerer München: Antiquitäten: Keramik, Oefen, Waffen...: Versteigerung in München Villa Ungerer...den 18...den 19... Oktober",https://historica.unibo.it/handle/20.500.14008/94599,https://historica.unibo.it/server/iiif/aa697420-bd0b-46e0-9c38-df2fd047bc9e/manifest
BO0624_83811,"Catalogue des tableaux anciens et modernes, pastels, aquarelle, objets d'art et d'ameublement, anciennes porcelaines de Chine ... dont la vente par suite du décès de M. Bayer: lundi 26 et mardi 27 juin 1905",https://historica.unibo.it/handle/20.500.14008/93306,https://historica.unibo.it/server/iiif/aaa4516c-309b-4016-a311-72934d1be911/manifest
BO0624_88555,Gemälde aus vier Jahrhunderten (16.-19. Jahrhundert) U. a. aus der Sammlung des Herrn Generalkonsul Otto V. Neufville Frankfurt a M.: Versteigerung...den 17 Februar 1925,https://historica.unibo.it/handle/20.500.14008/94522,https://historica.unibo.it/server/iiif/aaaa3459-0d38-47f9-a3e7-558753f5106f/manifest
BO0624_66059,"The Browning Collections. Catalogue of the books: Monday, 5th May ... Wednesday, 7th May 1913",https://historica.unibo.it/handle/20.500.14008/93181,https://historica.unibo.it/server/iiif/aaadf59e-15af-41cb-963b-8a702891c7de/manifest
BO0624_83877,"Catalogue des objets d'art & d'ameublement ... Le tout appartenant à M. B. Kotschoubey: Les Lundi 4, Mardi 5 et Mercredi 6 Mars 1907",https://historica.unibo.it/handle/20.500.14008/93347,https://historica.unibo.it/server/iiif/aad90781-e570-4d12-b401-4b139b457d4e/manifest
BO0624_88473,"Ölgemälde moderner Meister aus auswärtigem Museum sowie aus dem Nachlass Professor Franz von Defregger [gestorben], München und aus anderem Besitze: Auktion in München in der Galerie Helbing ... den 16. Juni 1921 ... den 17. Juni 1921",https://historica.unibo.it/handle/20.500.14008/94452,https://historica.unibo.it/server/iiif/ab22d980-9a63-4d81-81d3-e96b7f95941d/manifest
BO0624_84326,"Catalogue des très belles tapisseries d'Aubusson et des Flandres des 16., 17. et 18. siècles, tableaux modernes par Corot, De Dreux, Lebourg, Rousseau, Thaulow, ... provenant de la collection de Monsieur Victor Desfossés ...: vente a Paris, 6, rue Galilée, 6, les lundi 6 et mardi 7 mai 1929",https://historica.unibo.it/handle/20.500.14008/93677,https://historica.unibo.it/server/iiif/ab2d646b-0f30-49e7-8fde-9a8d8b2d5361/manifest
BO0624_81791,Catalogo di tutti gli oggetti d'arte antica e mobili artistici appartenenti a S. E. la Duchessa D'Isola ed a distinto signore americano,https://historica.unibo.it/handle/20.500.14008/92770,https://historica.unibo.it/server/iiif/ab3ffce1-4236-4c2d-93c3-e113c1bb8a70/manifest
BO0624_88379,Sammlung Rudolf Kuppelmayr München: Versteigerung in München in der Galerie Helbing ... den 24. Juni 1919 und folgende Tage,https://historica.unibo.it/handle/20.500.14008/94374,https://historica.unibo.it/server/iiif/ab5ed34c-c23f-49d8-a691-d01b9effbc5b/manifest
BO0624_83734,"Catalogue des tableaux modernes et anciens oeuvres importantes de Corot, Courbet, Delacroix et Rubens ... objets d'art et d'ameublement dont la vente par suite du décès de M. A. Binant aura lieu à Paris, Hotel Drouot, salle n. 5 & 6, les mercredi 20 et jeudi 21 avril 1904",https://historica.unibo.it/handle/20.500.14008/92792,https://historica.unibo.it/server/iiif/ab649442-0eed-41d0-a983-2ed6084a0175/manifest
BO0624_88307,"Ölgemälde moderner Meister darunter aus den kunstlerischen Nachlässen Heinr. Ritter von Reder, Kunstmaler [gestorben] München Dr. Ed. Wahl, Musikschriftsteller, München sowie vorwiegend aus Münchener Privatbesitz: Auktion in München in der Galerie Helbing ... den 16. Oktober 1917",https://historica.unibo.it/handle/20.500.14008/94324,https://historica.unibo.it/server/iiif/ab6dbc1b-3a69-4aef-9a27-76b7f0b343e4/manifest
BO0624_84299,"Catalogue des objets d'art et d'ameublement principalment du 18. siècle, tableaux et pastels ... appartenant à M. E.-M. Hodgkins ...: lundi 16 mai 1927",https://historica.unibo.it/handle/20.500.14008/93659,https://historica.unibo.it/server/iiif/aba17dd5-d472-4b2a-b0d4-d0e47597cca5/manifest
BO0624_83789,"Catalogue des tableaux modernes, aquareles, pastels par Diaz, Herpignes ... objets d'art et d'ameublement ... provenant de la collection de feu M. Paul Berard ...: lundi 8 et mardi 9 mai 1905",https://historica.unibo.it/handle/20.500.14008/93293,https://historica.unibo.it/server/iiif/abd7c3b7-7cc2-4408-b7b4-9a0b6f0bd8f3/manifest
BO0624_81815,Raccolta d'arte appartenente ad un privato Museo del Mantovano che verrà venduta all'asta pubblica al miglior offerente nei giorni 18-19-20-21-22 novembre 1913 ...,https://historica.unibo.it/handle/20.500.14008/92784,https://historica.unibo.it/server/iiif/abde8f3b-908f-4c95-8e9c-5b6de28f5256/manifest
BO0624_87857,"Katalog der nachgelassenen Kunst-Sammlung der Frau Wwe. Paul Kemp in Bonn und aus anderem Besitz: zimmertäfelungen, Möbelgarnituren, einzelne Möbel ...: Versteigerung zu Bonn, von Dienstag den 10. November bis Freitag den 13. November 1908",https://historica.unibo.it/handle/20.500.14008/94021,https://historica.unibo.it/server/iiif/abe155a3-1ab2-41b9-a0ae-11c8d272d1ee/manifest
BO0624_87528,"Auction-Katalog einer Sammlung Porzellane, Arbeiten in Glas ... aus Privatbesitz des Herrn Baron v. B. ... aus Schloss Sch... sowie des Herrn Robert Rheinen, Broich Mülhein a.d.R. welche ... den 23. November 1897 und folgende Tage ... in Berlin ... durch Max Cramer aus Cassel zur öffentlichen Versteigerung gelangt",https://historica.unibo.it/handle/20.500.14008/93800,https://historica.unibo.it/server/iiif/abe23a54-d5da-4c4b-8c7e-b03ea92a2553/manifest
BO0624_81752,"Catalogue des Objets d'art et d'ameublement ..., perles, diamants, bijoux ..., tableaux anciens et modernes: dont la vente ... par suite du décès de M.me la comtesse Lauredana Gatterburg-Morosini a Venise ... 15 ... 22 Mai 1894, et Jours suivants",https://historica.unibo.it/handle/20.500.14008/92713,https://historica.unibo.it/server/iiif/ac02cb28-1428-40b6-a74e-f3f6c0a3673a/manifest
BO0624_88648,Gesamtbesitz Geh. Rat. Alfred C. Blanke Villa Pluckersträe 8 Berlin-Dahlem: Original- und Stilmobiliar (Renaissance bis Louis 16.) ... Gemälde alter und neuerer Meister ...: Versteigerung ... den 10. Mai 1927 ... mit 37 Tafeln,https://historica.unibo.it/handle/20.500.14008/94585,https://historica.unibo.it/server/iiif/ac720a53-3c01-4035-a411-3f61842f61dd/manifest
BO0624_87673,Kunst-Sammlung aus altem Berliner Familienbesitz Sammlung M. N. ... Versteigerung ... 25. u. ... 26. November 1903,https://historica.unibo.it/handle/20.500.14008/93879,https://historica.unibo.it/server/iiif/ac79d084-378c-4152-a0f6-433e437e14d0/manifest
BO0624_50094,Primitifs néerlandais et maîtres des XVI et XVII siècles. Collection du Château de Nijenrode: vente aux enchères publiques le mardi 10 juillet 1923 dans la grande salle de ventes Doelenstraat 16-18 ...,https://historica.unibo.it/handle/20.500.14008/92699,https://historica.unibo.it/server/iiif/ad100f57-e45f-46c5-83c3-d0a705dd2b2d/manifest
BO0624_88444,Antiquitäten: alte Gemälde Kupferstiche Möbel Teppiche Stoffe Bildwerke Silber Bronzen Porzellan Fayence Glas aus berliner u. a. Privatbesitz mit Beiträgen aus Deutschen Museen: ... Versteigerung ... den 26. und 27. Oktober 1920 ... den 28. Oktober,https://historica.unibo.it/handle/20.500.14008/94425,https://historica.unibo.it/server/iiif/ad410bea-23c1-4757-a6ec-aeff6b285336/manifest
BO0624_66060,"The Browning Collections. Catalogue of the statuary, furniture, tapestries and works of art: Thursday, the 8th of May 1913",https://historica.unibo.it/handle/20.500.14008/93182,https://historica.unibo.it/server/iiif/ad80c270-9ad5-4c16-b0dd-b357c0806bac/manifest
BO0624_87428,Katalog einer ausgewählten Gemälde-Sammlung aus dem Nachlasse zweier Rheinischer Liebhaber ... den 23. November 1891 versteigert wird. Versteigerung zu Bonn ... durch M. Lempertz Antiquariat (P. Hanstein),https://historica.unibo.it/handle/20.500.14008/93740,https://historica.unibo.it/server/iiif/ad875a24-073a-4acc-96bb-cd45cab6ad61/manifest
BO0624_84172,"Catalogue des objets d'art et d'ameublement, tableaux, gravures, antiquités ... composant la collection de feu M. Édouard Aynard dont la vente ... aura lieu a Paris ... du lundi 8 au jeudi 11 décembre 1913",https://historica.unibo.it/handle/20.500.14008/93560,https://historica.unibo.it/server/iiif/adb1f412-3087-4b86-9082-23bb4453ea9e/manifest
BO0624_81746,"Catalogo dei quadri antichi e moderni, formanti la collezione Colbacchini di Venezia: Quadri di scuola fiamminga, olandese, spagnuola, tedesca, francese, quadri dei principali artisti di scuole italiane del XIV, XV e XVI secolo di cui la vendita al pubblico incanto avrà luogo a Milano ... lunedi 16, martedi 17 e mercoledi 18 aprile 1888",https://historica.unibo.it/handle/20.500.14008/93221,https://historica.unibo.it/server/iiif/ade10602-988b-430e-a94e-91bf4256604d/manifest
BO0624_83766,"Catalogue des tableaux anciens oeuvres de Fr. Boucher et J. Reynolds, important primitif de l'école allemande du 15. siècle .... objets d'art anciens, provenant de la collection de M. le conte Jacques de Bryas: lundi 6 février 1905",https://historica.unibo.it/handle/20.500.14008/93280,https://historica.unibo.it/server/iiif/adf17c4c-42a1-4f14-ad8f-512d2632c107/manifest
BO0624_84273,"Catalogue des objets d'art et d'ameublement principalement du 18. siècle, sculptures par Houdon, Lecomte, Maarin, etc., céramique de la Chine ... composant la collection de M. R. Boulland: lundi 30 et mardi 31 mars 1925",https://historica.unibo.it/handle/20.500.14008/93644,https://historica.unibo.it/server/iiif/ae7b4b54-1dff-4185-b71b-0cf69e2d0428/manifest
BO0624_81853,"Catalogue des objets d'art et de haute curiosité, principalement du Moyen-Age et de la Renaissance: faïences italiennes ... composant la collection de mr. Carlo Giovene de Girasole de Naples et dont la vente aux enchères publiques aura lieu Salle C. Galardelli - Florence les mercredi 25, jeudi 26, vendredi 27 et samedi 28 février 1925",https://historica.unibo.it/handle/20.500.14008/92887,https://historica.unibo.it/server/iiif/aece7f0f-9a71-4e85-a732-096e496d0082/manifest
BO0624_84239,"Catalogue des tableaux anciens & modernes ... aquarelles, gouaches, dessins ... sculptures ayant composé la collection de Monsieur F. Funck-Brentano ...: la vente aura lieu à Paris ... le vendredi 29 avril 1921 ...",https://historica.unibo.it/handle/20.500.14008/93617,https://historica.unibo.it/server/iiif/aed6149f-c580-4203-b9f9-26fb9d1d9868/manifest
BO0624_87513,Auction Prof. Karl Heffner enthaltend Gemälde alter und bedeutender neuer Meister antike KunstMöbel ... Versteigerung ... den 23. Februar 1897 u. folgende Tage ... Rudolph Lepke's Kunst-Auctions-Haus,https://historica.unibo.it/handle/20.500.14008/93793,https://historica.unibo.it/server/iiif/aefe9b42-f0b7-4459-a549-18a7c53355f1/manifest
BO0624_84124,"Catalogue des objets d'art et d'ameublement, porcelaines & faiences, miniatures, boites, objets variés, pendules, meubles, etoffes: tableaux anciens, dessins, dependant des collections de M. Jean Dollfus et dont la vente ... aura lieu a Paris ... les lundi 11, mardi 12 et mercredi 13 novembre 1912",https://historica.unibo.it/handle/20.500.14008/93527,https://historica.unibo.it/server/iiif/af0029e1-39ef-43e7-8948-93447fc449f7/manifest
BO0624_87655,Katalog einer reichhaltingen Sammlung von Gemälden neurerer Meister aus verschiedenen kleineren Nachlässen: Versteigerung zu Köln den 9. und 10. März 1903 bei J. M. Heberle (H. Lempertz's Sohne),https://historica.unibo.it/handle/20.500.14008/93868,https://historica.unibo.it/server/iiif/af09dd87-9a79-46a4-9f7b-dc1ecfa2605d/manifest
BO0624_88226,"Verzeichnis der Gemälde, Kunstblätter, dabei Frankfurtensien, Farbdrucke, Porträts u. A.: Nachlä Karl Hervig [gestorben], Stuttgart-Biberach: Antiquitäten, Kunstsachen, Schmuck Münzen und Medaillen aus Privatbesitz: Versteigerung Frankfurt a. Main ... den 3. u. 4. August 1915 ...",https://historica.unibo.it/handle/20.500.14008/94259,https://historica.unibo.it/server/iiif/af143029-b56d-4389-adb5-69f0d828426a/manifest
BO0624_84191,"Catalogue des objets d'art et d'ameublement du XVIII siècles et autres, porcelaines de Chine, Sèvres et Saxe, boites, sculptures, objets divers, bronzes, pendules, meuble de salon en ancienne tapisserie, sièges & meubles en bois sculpté marqueterie: tableaux anciens, aquarelles, dessins, pastel par L. Boilly, J.-B. Charpentier, H.P. Danloux, J. Ducreux, J.-F. Garneray ... gravures en noir et en couleurs des écoles anglaise et française du XVIII siècle appartenant à m. le Baron de G...: Paris ... les lundi 4 et mardi 5 mai 1914...",https://historica.unibo.it/handle/20.500.14008/93575,https://historica.unibo.it/server/iiif/af68424e-d3fb-4c83-bd94-25dc56bc9ebf/manifest
BO0624_84126,"Catalogue des objets d'art et d'ameublement, faiences et porcelaines, sculptures, bronzes, pendules ... dont la vente après décès de Mlle Lantelme aura lieu à Paris, Hotel Drouot, les lundi 18, mardi 19 et mercredi 20 novembre 1912",https://historica.unibo.it/handle/20.500.14008/93529,https://historica.unibo.it/server/iiif/af6f2898-4c31-4fc4-8ff7-76827cd8e315/manifest
BO0624_87781,"Ölgemälde alter Meister: Galerie aus dem Besitze Sr. Excellenz des Herrn General von Fabricius, Kiew. Kollection aus dem Nachlasse der Herrn Direktor Conrad, Berlin sowie einige Beiträge aus Privatbesitz. Mit 24 Abbildungen ... Versteigerung ... den 4. Dezember 1906",https://historica.unibo.it/handle/20.500.14008/93959,https://historica.unibo.it/server/iiif/afb138ca-d945-47aa-a556-e0b1c9fa9fb0/manifest
BO0624_88258,"Verzeichnis über Gemälde u. Kunstblätter, moderner und älterer Meister, Antiquitäten u. Kunstgegenstände ...: Versteigerung ... den 3. und 4. Oktober 1916 ... Frankfurt am Main ...",https://historica.unibo.it/handle/20.500.14008/94288,https://historica.unibo.it/server/iiif/afe58f4f-df9e-455a-84e5-72c4ddabc081/manifest
BO0624_88668,"Sammlung Frau Anna Goldschmidt, Wien: Antiquitäten, Möbel des 16. bis 19. Jahrhunderts ... Gemälde und Aquarelle Alter und Neuer Meister Besonders der Wiener Schule des 19. Jahrhunderts: Versteigerung: Dienstag, den 1. November 1927, Mittwoch, den 2. November 1927",https://historica.unibo.it/handle/20.500.14008/94600,https://historica.unibo.it/server/iiif/affde1d9-1ba4-4908-81c5-16a053f67f1a/manifest
BO0624_87621,Kunstschätze aus Schloss Mainberg Öffentliche Ausstellung ... Versteigerung den 29. October bis ... den 2. November 1901,https://historica.unibo.it/handle/20.500.14008/93848,https://historica.unibo.it/server/iiif/b004518e-d9bf-4b9f-b0ea-a1af824423d2/manifest
BO0624_84035,"Catalogue des objets d'art ... instruments de mathématiques ... meubles ... composant la collection de feu M. Roussel: lundi 13, mardi 14, mercredi 14 mars 1911",https://historica.unibo.it/handle/20.500.14008/93454,https://historica.unibo.it/server/iiif/b007bc92-d3e5-4d51-8807-8f04f15110cd/manifest
BO0624_81764,Illustrazioni della vendita degli oggetti d'arte antica che guarnivano l'antico e storico castello d'Eboli (presso Napoli) e degli oggetti d'arte esistenti nell'antico palazzo Verospi in Roma ...: la vendita avrà luogo in Roma da lunedi 8 a sabato 13 maggio 1905 ...,https://historica.unibo.it/handle/20.500.14008/92742,https://historica.unibo.it/server/iiif/b03f59e8-2961-481a-8f29-2dfaea03110f/manifest
BO0624_84138,"Catalogue des tableaux anciens et modernes par Béraud (J.), Bellangé ... objets d'art & d'ameublement ... le tout dépendant de la succession de M. Édouard Detaille: les lundi 10 et mardi 11 mars 1913",https://historica.unibo.it/handle/20.500.14008/93536,https://historica.unibo.it/server/iiif/b0413539-7757-4931-886f-091cdf74d000/manifest
BO0624_84250,"Catalogue des objets d'art et de haute curiosité principalement du Moyen-age et de la Renaissance, faiences, grés, verres, cuivres, bronzes ... orfèvrerie, bijoux, émaillés, ivoires, vitraux, bois sculptés, sculptures, tableaux primitifs ... composant les collections de M. Raoul Heilbronner ...: les mercredi 9 ... samedi 12 novembre 1921 ...",https://historica.unibo.it/handle/20.500.14008/93626,https://historica.unibo.it/server/iiif/b04b6659-9a2f-4b60-9756-833b62aa31c4/manifest
BO0624_84087,"Catalogue des tableaux anciens par Louis David, Hubert Robert ... Objets d'Art et d'Ameublement ... le mercredi 28 février 1912",https://historica.unibo.it/handle/20.500.14008/93496,https://historica.unibo.it/server/iiif/b052c087-8a71-4e72-a14e-d71546ac6988/manifest
BO0624_88371,Gemälde Handzeichnungen Stiche aus münchener Künstlerbesitz: ... Versteigerung ... den 25. März 1919 und folgende Tage,https://historica.unibo.it/handle/20.500.14008/94368,https://historica.unibo.it/server/iiif/b0b13071-ac94-421a-ad05-a3f60ad6c9f0/manifest
BO0624_88724,"Ölgemälde, Aquarelle und Handzeichnungen moderner Meister aus ausländischem und mitteldeutschem Besitze, sowie dem Nachlass eines Münchener Sammlers. Auktion: München, 10 Juli 1928",https://historica.unibo.it/handle/20.500.14008/94651,https://historica.unibo.it/server/iiif/b0cd76f9-4844-47a7-b71b-ce184d120e76/manifest
BO0624_87763,"Les antiquites, les tableaux et les objets d'art de la collection Alfred Ritleng a Strasbourg",https://historica.unibo.it/handle/20.500.14008/93945,https://historica.unibo.it/server/iiif/b10cea36-e981-4cc8-9aa7-758b6c710066/manifest
BO0624_81922,Catalogo della raccolta di arte antica appartenente al noto antiquario Enrico Testa ...,https://historica.unibo.it/handle/20.500.14008/92959,https://historica.unibo.it/server/iiif/b1bd7ae9-f833-45fd-85ef-1d3ddcc0e9c9/manifest
BO0624_84332,"Catalogue des tableaux anciens et moderne par J. van Goyen, A. Grimou, ... objets d'art et d'ameublement ... dépendant de la succession de Madame Joseph Thors: lundi 10 et mardi 11 juin 1929",https://historica.unibo.it/handle/20.500.14008/93682,https://historica.unibo.it/server/iiif/b1f459ae-ad7d-4143-9dd3-6c3972619612/manifest
BO0624_84049,Catalogue des objets d'art et d'ameublement ... provenant de la collection Delessert: jeudi 11 mai 1911,https://historica.unibo.it/handle/20.500.14008/93464,https://historica.unibo.it/server/iiif/b208a887-e244-4e21-adf7-57e30169f6ac/manifest
BO0624_87507,Katalog der Sammlung des verstorbenen Kunsthändlers Herrn Louis Gottschalk Berlin. Oeffentiliche Versteigerung ... den 24. November bis ... den 4. Dezember 1896 ... in Rudolph Lepke's Kunst-Auctions-Haus,https://historica.unibo.it/handle/20.500.14008/93790,https://historica.unibo.it/server/iiif/b228b008-9977-4cf7-aa1a-7a58fedc7d3d/manifest
BO0624_87823,"Sammlung Dr. Fritz Clemm, Berlin: Versteigerung Dienstag, den 3 Dezember bis Donnerstag, den 5 Dezember 1907 ... Katalog mit 70 Lichtdrucktafeln.",https://historica.unibo.it/handle/20.500.14008/93992,https://historica.unibo.it/server/iiif/b237d1dd-7854-42d9-9399-f3bf555c98b0/manifest
BO0624_88071,"Verzeichnis über Gemälde moderner und älterer Meister sowie einiger Kunstblätter darunter Aquatintas, alte Farbstiche, Japandrucke: Japan- und China-Arbeiten in Porzellan, Bronze, Lacke, Elfenbein etc. ... aus hiesigem und auswärtigem Privatbesitz: Versteigerung ... den 18. u. 19. Dezember 1912 ... in Frankfurt am Main",https://historica.unibo.it/handle/20.500.14008/94150,https://historica.unibo.it/server/iiif/b24287ed-6ea6-497d-bf9c-fca07571978c/manifest
BO0624_81841,Catalogo della vendita al maggiore offerente costituita dal cospicuo patrimonio artistico della nota Galleria Warowland: Quadri antichi ...,https://historica.unibo.it/handle/20.500.14008/92878,https://historica.unibo.it/server/iiif/b2786033-eb4b-4707-ba40-c481da70a7c0/manifest
BO0624_87840,"Verzeichnis über Gemälde älterer und moderner Meister, Kunstblätter alte orientalische Teppiche, Antiquitäten und Kunstgegenstände Arbeiten in Porzellan, Fayence, Glas, Metall...aus hiesigem und auswärtigen Privatbesitz: Versteigerung in Frankfurt am Main ... den 13. und 14. April 1908",https://historica.unibo.it/handle/20.500.14008/94007,https://historica.unibo.it/server/iiif/b2ad9904-8a6d-439c-bba3-c31af94c83b7/manifest
BO0624_81882,"Catalogo della Pinacoteca Antica Contessa Mobili di S. Giovanni delle scolture in legno primitive, delle casse e credenze del 600, della collezione d'oggetti orientali: esposizione ... vendita all'asta ... da lunedì 29 aprile a giovedì 2 maggio 1929",https://historica.unibo.it/handle/20.500.14008/92939,https://historica.unibo.it/server/iiif/b2ccf181-2af1-40d6-bfb5-9a95409ced57/manifest
BO0624_81830,"Catalogo n. 112: Raccolta di un collezionista fiorentino. Seconda parte: quadri antichi, quadri moderni, miniature ...",https://historica.unibo.it/handle/20.500.14008/92869,https://historica.unibo.it/server/iiif/b324c48f-c160-48ca-90d1-42644b234c96/manifest
BO0624_65735_bis,"Collection Marczell de Nemes: Tableaux, tapisseries, émaux de Limoges, miniatures sur velin, bronzes, orfevrerie: vente publique à Amsterdam, 13-14 novembre 1928",https://historica.unibo.it/handle/20.500.14008/93167,https://historica.unibo.it/server/iiif/b379ccaa-26a0-44e0-b4f8-669a525bdca1/manifest
BO0624_88806,"Sammlung Kunstmaler Fritz Closs [gestorben], München: Antiquitäten, alte Gemälde, Gobelins, Orientteppiche, alte Möbel, Plastik. Auktion: München, 20-21 November 1929",https://historica.unibo.it/handle/20.500.14008/94767,https://historica.unibo.it/server/iiif/b38082a8-b24e-4989-baf5-607073939e08/manifest
BO0624_81837,"Catalogo Galleria Conte Ildebrando Marini-Raineri e di altro distinto collezionista ...: Vendita all'asta nei giorni 5, 6, 7, 8, 9, 10 e 12 Novembre 1917",https://historica.unibo.it/handle/20.500.14008/92879,https://historica.unibo.it/server/iiif/b38585d8-aa88-49a3-86da-f8e6bfb0fa55/manifest
BO0624_83875,"Catalogue des nombreuses tapisseries anciennes de Beauvais, d'Aubusson et des Flandres des 17. et 18. siècles, tapisserie d'après Bérain du temps de la régence ... meubles anciens ... tableaux anciens ...: Le vendredi 1er mars 1907",https://historica.unibo.it/handle/20.500.14008/93345,https://historica.unibo.it/server/iiif/b3c3003d-aef8-479a-a4a8-a63f229a3d5c/manifest
BO0624_88485,"Ölgemälde moderner und alter Meister Handzeichnungen, Kupferstiche: Antiquitäten und Kunstgegenstände aus süddeutscher Privatsammlung u. a. Besitz [Versteigerung ... den 8. November und folgende Tage]",https://historica.unibo.it/handle/20.500.14008/94463,https://historica.unibo.it/server/iiif/b3f74053-2156-4da2-9ad0-bedd9f91010d/manifest
BO0624_81813,Catalogue de la Galerie et du Musée appartenants à Mr. le chevalier P. Foresti de Carpi,https://historica.unibo.it/handle/20.500.14008/92787,https://historica.unibo.it/server/iiif/b409bea9-5123-476d-a20b-29b2e0bfa9fa/manifest
BO0624_81754,"Catalogue d'une riche collection de bonbonnières, tabatières, boites à mouches ... ayant appartenu à un Collectionneur milanais distingué: La vente aux enchères aura lieu à Milan ... 17 decembre 1900 et jours suivants",https://historica.unibo.it/handle/20.500.14008/92724,https://historica.unibo.it/server/iiif/b43c8a8c-b0af-4ddf-a714-cfa2e160d898/manifest
BO0624_88482,Antiquitäten: Tassensammlung aus Berliner Privatbesitz ... alte Gemälde Kupferstiche: ... Versteigerung ... den 25. bis 28. Oktober 1921,https://historica.unibo.it/handle/20.500.14008/94460,https://historica.unibo.it/server/iiif/b44a011c-80d2-4ca7-b708-5ad84d80ee02/manifest
BO0624_81846,"Catalogo per la vendita all'asta pubblica dell'arredamento antico e moderno dell'appartamento del N.U. Giovanni di Costanzo Duca di Paganica ...: Esposizione Giovedi 8, Venerdi 9, Sabato 10 e Domenica 11 Dicembre 1921: Vendita Lunedi 12 dicembre e giorni seguenti",https://historica.unibo.it/handle/20.500.14008/92883,https://historica.unibo.it/server/iiif/b46e29ff-7286-45eb-877d-770c79209255/manifest
BO0624_87610,"Kunst-Sammlungen aus der Villa Richard Zschille, Grossenhain: Oeffentliche Versteigerung in Auftrage des Königlich Sächsichen Notars und Rechtsanwalts Herrn W. Kretzschmar ... den 23. April 1901 und folgende Tage ...",https://historica.unibo.it/handle/20.500.14008/93843,https://historica.unibo.it/server/iiif/b4b064d5-476d-450d-b7f2-270af2451971/manifest
BO0624_90097,"Catalogue des objets d'art et de haute curiosité, émaux champlevés, ivoires, antiques ... tableaux anciens par Breughel, Clouet ... le tout dépendant des collections de M. Félix Doistau: Hotel Drouot, les lundi 22, mardi 23, mercredi 24 et jeudi 25 novembre 1909",https://historica.unibo.it/handle/20.500.14008/94735,https://historica.unibo.it/server/iiif/b4ff564c-ee65-4bd7-b17e-9deab34bc272/manifest
BO0624_87820,"Antiquitäten Porzellane, Möbel, Kunst- und Einrichtungs-gegenstände, einige Ölgemälde etc. aus dem Nachlass des verstorbenen Herrn Kunstverlegers A. Löhle, München sowie aus altadeligem sächsischen Besitze, aus bayerischem Privatbesitze etc.: Auktion in München in der galerie Helbing...den 15. November 1907",https://historica.unibo.it/handle/20.500.14008/93989,https://historica.unibo.it/server/iiif/b516cefe-d11c-4a02-84b5-f7130cd9cd17/manifest
BO0624_83760,"Catalogue des bijoux, décorations insignes ... objets divers ... datant la plupart du XVIIIè siècle et du premier Empire composant la collection Franc-Maconnique de M. Léonce Coblentz ...: Vente du mercredi 23 novembre 1904 ...",https://historica.unibo.it/handle/20.500.14008/93274,https://historica.unibo.it/server/iiif/b530e97e-8157-4c74-81a4-9788fef8da11/manifest
BO0624_84047,"Tableaux de l'ecole française composant la collection de Monsieur le Chanoine B... de Nancy: Galerie d'art ... a Nancy ... lundi, 1. mai 1911",https://historica.unibo.it/handle/20.500.14008/93462,https://historica.unibo.it/server/iiif/b554bacc-7106-4127-b273-23245cd31c83/manifest
BO0624_88395,"Katalog der Gemälde und Kunstgewerblichen Arbeiten, Edelpelze: Möbel, Waffen, Jagdtrophäen: aus dem Nachlä des 1914 gefallenen Hauptmanns der Schutztruppe in Ostafrika Hugo Freiherr von Nordeck zur Rabenau und eines Rheinischen GrÖindustriellen: ... Versteigerung: 4. und 5. Novbr. 1919",https://historica.unibo.it/handle/20.500.14008/94384,https://historica.unibo.it/server/iiif/b565310c-98ad-473c-b033-b9e24cf8b6d1/manifest
BO0624_88517,Gemälde neuerer Meister: Teppiche Möbel Schmuck Uhren: Bronzen Keramik Marmor: Holz Elfenbein Miniaturen: Graphik Bücher [Versteigerung ... 27. Februar 1923 bis ... 1. März 1923],https://historica.unibo.it/handle/20.500.14008/94492,https://historica.unibo.it/server/iiif/b5941dd5-373f-4896-a9cf-46c1315e3029/manifest
BO0624_88227,"Verzeichnis über Gemälde meist moderner Meister Kunstblätter, moderne und ältere Arbeiten Autographen etc. ... aus einem hiesigem Künstler-Nachlä und Sammlung Alfandar wegen Auswiesung aus Italien: Versteigerung Frankfurt a. M. ... Mittwoch u. Donnerstag, den 25. u. 26. August 1915 ...",https://historica.unibo.it/handle/20.500.14008/94260,https://historica.unibo.it/server/iiif/b5cf83f6-0e87-402e-8933-402f705d989a/manifest
BO0624_88697,"Kunstwerke und Möbel der italienischen Renaissance aus dem Besitz Marchese Lanza di Ajeta: Skulpturen des XV.-XVII. Jahrhunderts, Kredenzen, SitzMöbel, Tische, Truhen, KastenMöbel, Kunstgewerbe. Sammlung E.L.-Shanghai: chinesisches Kunstgewerbe; Han-Keramik, Skulpturen, Bronzen, Porzellane der Ming-bis Ch'ien-Lung-Zeit, Beiträge aus Privatbesitz. Versteigerung: Berlin, 20-21 Marz 1928",https://historica.unibo.it/handle/20.500.14008/94627,https://historica.unibo.it/server/iiif/b5fc0fab-7b78-4a65-ba1d-9effdf798177/manifest
BO0624_87640,"Gemälde alter Meister in Oel und Tempera, Pastelle, Aquarelle, Zeichnungen, Miniaturen etc. dabei hervorragende Gemälde aus der Galerie der Fürstin Orsini-Pallavicini, Florenz: die Gemälde-Sammlung des Bankiers A. Flörsheim, Aachen, sowie andere Beiträge ... Oeffentliche Versteigerung ... den 29., und ... den 30. April 1902",https://historica.unibo.it/handle/20.500.14008/93859,https://historica.unibo.it/server/iiif/b5ffc9a8-dba9-4627-ad40-40b3e126d487/manifest
BO0624_88770,"Sammlung Ludwing W. Von Gans. Persische fayencen plastiken, gemälde Möbel, kamine, gobelins teppiche. Versteigerung: Frankfurt, 7 Mai 1929",https://historica.unibo.it/handle/20.500.14008/94689,https://historica.unibo.it/server/iiif/b61a305d-eba1-43d2-8a86-6b547d7871a8/manifest
BO0624_88173,"Katalog von Kunstgegenständen und Antiquitäten japanische und chinesische Kunstwerke, Gemälde, Musikinstrumente usw. aus dem Besitz eines westfälischen Sammlers und anderer: Versteigerung zu Köln a. Rh. ... den 17. und ... den 18. Dezember 1913",https://historica.unibo.it/handle/20.500.14008/94228,https://historica.unibo.it/server/iiif/b6407d15-4cb0-4bc0-8372-f6e301182e07/manifest
BO0624_88811,"Sammlung Kommerzienrat Otto Held, Berlin: Gemälde Verzeichnet von Jacob Rosenberg: ... Versteigerung den 5. Dezember 1929 ...",https://historica.unibo.it/handle/20.500.14008/94725,https://historica.unibo.it/server/iiif/b657656c-acd8-45be-9b3b-198210aa95c2/manifest
BO0624_88491,"Versteigerung erstkalassiger gemälde aus versteigerung hochherrschaftlichem besitz Japan ... Versteigerung: Hamburg, 31 Januar und 1-2 Februar 1922",https://historica.unibo.it/handle/20.500.14008/94468,https://historica.unibo.it/server/iiif/b676b0ed-fafc-47c2-bed6-56dc356eb4f2/manifest
BO0624_88629,"Gemälde des 19. und 20. Jahrhunderts: Sammlung des Herrn S. Simson, Düsseldorf und anderer Besitz: mit 11 Lichtdrucktafeln: ... Versteigerung ... 8. März 1927",https://historica.unibo.it/handle/20.500.14008/94571,https://historica.unibo.it/server/iiif/b69ae5aa-3f95-4549-9931-ff943cc0148e/manifest
BO0624_87725,"Katalog von Antiquitäten, Kunstgegenständen Oelgemälden alter Meister aus verschiedenem Besitze: Auktion in München in der Galerie Helbing, Montag, den 1. Mai 1905: Besichtigung, Samstag, den 29. April ...; Sonntag, den 30. April",https://historica.unibo.it/handle/20.500.14008/93916,https://historica.unibo.it/server/iiif/b6aa8388-1333-48c1-8319-9d2ce5327c7d/manifest
BO0624_87669,1. Auctionstag Dienstag. den 17. November 1903 Vormittags ... Oelgemaelde alter Meister: 2. Auctionstag ... den 19. November 1903 ... Waffensammlung G. D. Plumacher Schutz- und Trutzwaffen des 16.-19. Jahrhunderts ... Ausstellung,https://historica.unibo.it/handle/20.500.14008/93875,https://historica.unibo.it/server/iiif/b6bef604-90bd-47bf-ac94-5112dc68361a/manifest
BO0624_88500,"Gemäde aus süddeutschem privatbesitz Künstlerischer n achlatz des malers Heinrich Retting [gestorben] München ... Versteigerung: Hamburg, 2, 10-11 April 1922",https://historica.unibo.it/handle/20.500.14008/94476,https://historica.unibo.it/server/iiif/b74d1555-188e-4bae-ba78-cf9755360013/manifest
BO0624_87807,"Verzeichnis der modernen Gemälde. Antiquitäten und Kunstgegenstände Orientalischen Kuntswerke u.a. aus dem Besitz der Frau C.S. und in Auftrage der Pfleger Herren Rechtsanwälte DR. Fritz Berg, hier u. Justizrat DR.Wolter in Kassel. Versteigerung in Frankfurt am Main...den 25-27 September 1907",https://historica.unibo.it/handle/20.500.14008/93979,https://historica.unibo.it/server/iiif/b75d88dd-b501-4cb1-b7c8-4923796ae3d5/manifest
BO0624_87576,"Katalog der vortrefflichen Sammlungen von Gemälde älterer Meister der Herren Regierungsbaumeister W. Forst zu Köln, L. Metchovsky zu Brüssel u. A.: Gemälde vorwiegend Niederländischer und Deutscher Meister: Versteigerung zu Köln ... den 13. December 1899 ... durch J. M. Heberle (H. Lempertz' Söhne)",https://historica.unibo.it/handle/20.500.14008/93825,https://historica.unibo.it/server/iiif/b771f8eb-e2e4-45af-a012-34c6a45e593c/manifest
BO0624_84231,"Catalogue des tableaux anciens ... acquarelles, dessins, gouaches ... objets d'art et d'ameublement du XVIII siècle et autres ... bronzes, pendules, sièges et meubles ...: la vente ... aura lieu à Paris ... le lundi 13 décembre 1920 ...",https://historica.unibo.it/handle/20.500.14008/93611,https://historica.unibo.it/server/iiif/b7a999e1-7888-458e-bf33-c19345568c59/manifest
BO0624_81871,La raccolta Severino Spinelli di Firenze,https://historica.unibo.it/handle/20.500.14008/92918,https://historica.unibo.it/server/iiif/b7ae13e2-6210-4cb9-9af2-2fd37ae95a62/manifest
BO0624_88756,"Sammlung Rumpf, Potsdam und Beiträge aus Berliner Privatbesitz: Textilien, Aubussons, Perser u. China-Teppiche, Antike Möbel und Beleuchtungen des 18. Jahrh., Plastik und Schnitzereien der Gotik bis Barock, Arbeiten in Metall, Stocksammlung des 18. Jahrh. Keramik, China- und Orientkunst: [Versteigerung: Montag, den 11. März, Dienstag, den 12. März]",https://historica.unibo.it/handle/20.500.14008/94677,https://historica.unibo.it/server/iiif/b7ddef63-b0c0-49f8-9cc4-955e54efdc04/manifest
BO0624_87641,"Katalog der vertrefflichen und reichhaltigen Gemälde-Sammlungen der Herren Pfarrer resgn. P. Haberthür, Solothurn, W. Mannhardt, [gestorben] Florenz etc. ... Versteigerung zu Köln am 14. Mai und 15. Mai 1902 durch J. M. Heberle (H. Lempertz' Söhne)",https://historica.unibo.it/handle/20.500.14008/93860,https://historica.unibo.it/server/iiif/b81a6a1f-339f-4de4-8067-62e58d8ef2ee/manifest
BO0624_81812,"Catalogo 106: collezione del marchese R ...: quadri antichi, quadri moderni, bronzi e sculture ... in vendita al pubblico incanto",https://historica.unibo.it/handle/20.500.14008/92777,https://historica.unibo.it/server/iiif/b8309324-4bfd-467c-ae0e-f0677eedd869/manifest
BO0624_81827,Catalogo n. 109: Collezione del dott. Panichi di Firenze: quadri moderni; macchiaiuoli toscani ...,https://historica.unibo.it/handle/20.500.14008/92750,https://historica.unibo.it/server/iiif/b833aa26-4ea0-4701-b0c5-3bae1b54c1e3/manifest
BO0624_65734,"Collection Dr. James Simon de Berlin: *Catalogue des tableaux, miniatures, bronzes, sculptures, ivoires, cires, bijoux, objets de vitrine, tapis, tapisseries...la vente aura lieu à Amsterdam ... Frederik Muller & Cie, les 25 et 26 octobre 1927",https://historica.unibo.it/handle/20.500.14008/93166,https://historica.unibo.it/server/iiif/b8342c6c-e989-4f8b-be02-f952de634eb3/manifest
BO0624_88310,"Ölgemälde alter und neuerer Meister aus süddeutschem Privatbesitz: Versteigerung in München in der Galerie Helbing, Freitag, den 10. November 1917",https://historica.unibo.it/handle/20.500.14008/94325,https://historica.unibo.it/server/iiif/b87a4a4f-ca1e-43fa-829b-f46ea40e9f4d/manifest
BO0624_87907,"Atelier Felix Possart, Berlin: Ölgemälde, Ölstudien, Aquarelle, Pastelle u.s.w.: einige altere Ölgemälde, Perserteppiche u.s.w.: Vertsigerung Dienstag, den 15, und Mittwoch den 16 Marz 1910",https://historica.unibo.it/handle/20.500.14008/94052,https://historica.unibo.it/server/iiif/b883c5f1-277b-447d-8b62-5902f8ae8e9d/manifest
BO0624_87952,"Gemaelde alter Meister des 15. bis 18. Jahrhunderts: Sammlung aus französischem Besitz: Werke von: N. Berchem ...: Versteigerung: Dienstag, den 4. April 1911",https://historica.unibo.it/handle/20.500.14008/94081,https://historica.unibo.it/server/iiif/b88a00f4-c4c3-4bc3-9803-bfd5a89fa2dc/manifest
BO0624_87891,"Catalog einer Sammlung von wertvollen Gemälden alter und moderner Meister, und Oelstudien, Handzeichnungen, Kupferstiche etc. Rücklass des verstorbenen Herrn Kunstmalers Joseph Heilmair und Anderer: Versteigerung zu München ... den 20. Oktober und folgende Tage",https://historica.unibo.it/handle/20.500.14008/94042,https://historica.unibo.it/server/iiif/b8989288-5573-4d2a-aa7f-b7a07272d319/manifest
BO0624_83998,"Catalogue des tableaux modernes par Carolus Duran, Fantin-Latour, Gauguin, Legros ... 24 tableaux par Eugène Carrière, tableaux anciens par Avercamp, Bout et Boudewyns, Craesbeeck ... composant la collection de feu M. F. dit Jean Dolent ...: jeudi 24 et vendredi 25 février 1910",https://historica.unibo.it/handle/20.500.14008/93433,https://historica.unibo.it/server/iiif/b8a06289-643b-4b30-afda-c3fd1e157388/manifest
BO0624_4399,"Catalogue de la vente du musée Guidi de Faenza ... tableaux ... dessins ... faiences ... sculptures ... émaux: [la vente aura lieu à Roma du 21 au 27 avril 1902, Place Borghese, n. 10",https://historica.unibo.it/handle/20.500.14008/92687,https://historica.unibo.it/server/iiif/b90b90bd-cb66-4292-ad6e-babe198521d0/manifest
BO0624_88772,Nachlass Ernst Oppler Berlin: Französisches und holländisches Mobiliar des 18. Jahrhundert - Orientalische Knüpferteppiche und Aubussons des 17. und 18. Jahrhundert Gemälde alter Meister - Keramik aus Persien und China: aus deutschen und italienischen Sammlungen: Kunstgewerbe-Arbeiten ... [Versteigerung ... den 28. Mai 1929],https://historica.unibo.it/handle/20.500.14008/94691,https://historica.unibo.it/server/iiif/b958636c-15bf-4567-9bec-535c55a98c0c/manifest
BO0624_B15101,"Catalogue des objets d'art et d'ameublement, tableaux dont la vente aux enchères publiques aura lieu à Florence, au Palais de San Donato le 15 mars 1880 et les jours suivants ...",https://historica.unibo.it/handle/20.500.14008/94741,https://historica.unibo.it/server/iiif/b96636fd-f4fe-453e-bed1-d481b182f6e8/manifest
BO0624_83670,"Catalogue des objets d'art et de haute curiosité de la Renaissance, tableaux anciens composant la collection de M. Eugène de Miller Aichholz de Vienne ...: vendredi 18, samedi 19, lundi 21 et mardi 22 mai 1900",https://historica.unibo.it/handle/20.500.14008/93257,https://historica.unibo.it/server/iiif/b98fafb8-1f80-4d32-b514-2ae37f4041a1/manifest
BO0624_66081,"Catalogue of the collection of French furniture, objects of art and porcelain formed by Her Highness Princess Paley ... removed from the Paley Palace, Tsarskoye Selo ...: thursday, june 6, 1929",https://historica.unibo.it/handle/20.500.14008/93202,https://historica.unibo.it/server/iiif/b994fa04-cc5d-42b5-9ea1-0c8857499cdc/manifest
BO0624_87633,Katalog einer ausgewählten Sammlung moderner Gemälde aus bekanntem Privatbesitz: Versteigerung zu Köln ... den 5. Februar 1902 ... durch J. M. Heberle (H. Lempertz' Söhne),https://historica.unibo.it/handle/20.500.14008/93855,https://historica.unibo.it/server/iiif/ba01ddd2-27e6-4c98-9866-19b621a8d336/manifest
BO0624_88246,Katalog einer Sammlung von Gemälde älterer und neuerer Meister aus rheinischem Privatbesitz: Versteigerung zu Cöln ... den 10. Mai 1916 ...,https://historica.unibo.it/handle/20.500.14008/94277,https://historica.unibo.it/server/iiif/ba1bfe47-955c-415a-b75b-7fe149783b35/manifest
BO0624_88691,"Sammlung Haenert, Halle a. S. 2. Teil: Dubletten einer süddeutschen Ostasien-Sammlung: Tassen-Sammlung H., Berlin und Beiträge aus deutschen Sammlungen: Antike Möbel, Gobelins, ... [Versteigerung: Berlin, 21- 22 Februar 1928]",https://historica.unibo.it/handle/20.500.14008/94621,https://historica.unibo.it/server/iiif/ba3e0ebc-b346-49e5-9a6f-84464df78d61/manifest
BO0624_87969,"Verzeichnis der Gemälde, Kunstblätter, Antiquitäten und Kunstsachen u. a. aus dem Nachlass des Herrn rektor Muller, Esslingen und aus sonstigem Privatbesitz: Versteigerung Dienstag und Mittwoch den 12. und 13. September 1911: Frankfurt am Main",https://historica.unibo.it/handle/20.500.14008/94089,https://historica.unibo.it/server/iiif/ba445922-0add-46f1-b9c4-a2aa68ada8dc/manifest
BO0624_84209,"Catalogue des objets d'art et de haute curiosité du Moyen Age, de la Renaissance, des XVII, XVIII siècles et autres, émaux peints de Limoges, ivoire ... bois sculptés, pierres, marbres ...dessins & gravures ...composant la collection Paul Garnier ...: la vente ... aura lieu à Paris ... les lundi 18 ... samedi 23 décembre 1916 ...",https://historica.unibo.it/handle/20.500.14008/93590,https://historica.unibo.it/server/iiif/ba51c120-3833-4e32-9e98-a46348cb548e/manifest
BO0624_83860,Catalogue des tableaux de l'école française du 18. siècle et terres cuites formant la collection de M.: mercredi 27 juin 1906,https://historica.unibo.it/handle/20.500.14008/93337,https://historica.unibo.it/server/iiif/ba669a06-4fb2-47cb-a49b-e9ae8e0a5a44/manifest
BO0624_88031,Sammlung von ölgemälden moderner Meister aus dem Besitze des Herrn Professor Fr. J. Meder,https://historica.unibo.it/handle/20.500.14008/94125,https://historica.unibo.it/server/iiif/ba8a8b72-43f3-4fda-81ea-b6f5ba6ba311/manifest
BO0624_88223,"Verzeichnis über gute Gemälde älterer und moderner Meister, Ausgrabungen in Bronze, Ton und Glas: Medaillensammlung Orient. Teppiche Antiquitäten und Kunstsachen aus Privatbesitz: Versteigerung, Dienstag und Mittwoch, den 1. und 2. Juni 1915 in Frankfurt am Main ...",https://historica.unibo.it/handle/20.500.14008/94256,https://historica.unibo.it/server/iiif/bacc9bd8-5021-47ee-b3c2-0adb614336bc/manifest
BO0624_87919,"Ölgemälde moderner Meister aus dem Nachlasse des verstorbenen Herrn L. Ricard, Frankfurt a. M. aus dem Besitze der Frau L. Naeher, Lindau und aus anderem Besitze. Dabeti der Nachlass des verstorbenen Landschaftmalers Professor Waldemar Knoll: Auktion in München in der Galerie Helbing ... den 6. Juli 1910",https://historica.unibo.it/handle/20.500.14008/94058,https://historica.unibo.it/server/iiif/bae3f2a7-c6e0-478f-9123-0b1fadf8bb2c/manifest
BO0624_88642,"Sammlung Graf Adelmann, Köln: Gemälde Alter Meister des 15. bis 18. Jahrhunderts Mittelalterliche und Renaissance-Bildwerke in Holz ...: Versteigerung: Dienstag, den 26. Mittwoch, den 27. und Donnerstag, den 28. April",https://historica.unibo.it/handle/20.500.14008/94580,https://historica.unibo.it/server/iiif/baee62b9-ecdd-4a3b-bf6b-63a7b2200a14/manifest
BO0624_81762,Catalogo della vendita di quadri rari italiani e francesi provenienti dalla eredità del Marchese Pier Francesco Rinuccini: esposizione privata il 24 aprile 1905 - esposizione pubblica il 25 aprile. Vendita all'asta il 29 aprile ...,https://historica.unibo.it/handle/20.500.14008/92738,https://historica.unibo.it/server/iiif/bb6e2c98-2c2c-4814-97d1-e6a8c084d6f2/manifest
BO0624_88706,"Gemälde Alter Meister: Sammlung Ritter von Klarwill, Wien, Sammlung Graf Lassus, Paris und Anderer Privatbesitz: Versteigerung: Dienstag, den 17. April 1928",https://historica.unibo.it/handle/20.500.14008/94635,https://historica.unibo.it/server/iiif/bba7397e-cd85-4510-b0dc-01c3910c5ab0/manifest
BO0624_88698,"Ölgemälde, Aquarelle und Handzeichnungen moderner Meister aus dem besitze eine Südwestdeutschen Sammlers und aus Anderm Besitz. Auktion: München, 22 Marz 1928",https://historica.unibo.it/handle/20.500.14008/94628,https://historica.unibo.it/server/iiif/bbb0bf04-e03d-4c81-bf8a-bd673f141476/manifest
BO0624_88250,"Ölgemälde Moderner Meister. Nachlässe Professor Adolf Eberle [gestorben], München Kunstmaler Jos. Willroider [gestorben], München 1. Teil und aus anderem Privatbesitz: Auktion in München in der Galerie Helbing ... den 6. Juni 1916",https://historica.unibo.it/handle/20.500.14008/94281,https://historica.unibo.it/server/iiif/bbb11b5b-836d-4b7c-ba21-a7917a65f34d/manifest
BO0624_88354,Verzeichnis über Gemälde moderner und älterer Meister: Antiquitäten und Kunstgegenstände ... aus Privatbesitz: Versteigerung ... den 29. u. 30. Oktober 1918 ... Frankfurt a. M. ... meistbietend gegen Barzahlung,https://historica.unibo.it/handle/20.500.14008/94356,https://historica.unibo.it/server/iiif/bbbe7d02-0f61-4934-a4f8-1c72e7ea8005/manifest
BO0624_88068,"Ölgemälde moderner Meister aus dem Nachlasse Prof. Alois Erdtelt, sowie Sammlungen O. Bauer, Hch. Zehme und aus anderem Besitze: Auktion in München in der Galerie Helbing, Montag, den 16. und Dienstag, den 17. Dezember 1912",https://historica.unibo.it/handle/20.500.14008/94759,https://historica.unibo.it/server/iiif/bbe1cb2b-310e-4150-a1fa-1743db2ca51c/manifest
BO0624_88583,Ogemälde,https://historica.unibo.it/handle/20.500.14008/94536,https://historica.unibo.it/server/iiif/bc2187d9-da59-408f-99d3-71a8f600e117/manifest
BO0624_81950,"Catalogo delle importanti collezioni di quadri, tra cui raccolta di Roma sparita ... in parte provenienti dalla raccolta [di] Gregorio Stroganoff: da lunedì 17 a lunedì 31 dicembre 1934",https://historica.unibo.it/handle/20.500.14008/92961,https://historica.unibo.it/server/iiif/bc253c9f-fe91-4a37-9d84-708b16470765/manifest
BO0624_83812,"Catalogue des tableaux anciens des écoles allemande, anglaise, française, flamande, hollandaise & italienne oeuvres de Allori, Beach, Brekelenkamp, Canaletto, Cranach ... composant la collection Gallotti: mercredi 28 juin 1905",https://historica.unibo.it/handle/20.500.14008/93307,https://historica.unibo.it/server/iiif/bc45b154-b705-409f-98cd-f6c99300f467/manifest
BO0624_84009,Catalogue des tableaux anciens ... objets d'art et d'ameublement ... par suite du décès de Madame la Comtesse André Mniszech: lundi 9 et mardi 10 mai 1910,https://historica.unibo.it/handle/20.500.14008/93438,https://historica.unibo.it/server/iiif/bc9dd7b7-728a-4d89-8dae-c4e632cbc78f/manifest
BO0624_83709,"Catalogue de tableaux modernes, pastels, aquarelles, dessins par Barillot ... oeuvres remarquables de E. Detaille, riches bijoux ... le tout appartenant a Madame Valtesse de la Bigne ...",https://historica.unibo.it/handle/20.500.14008/92812,https://historica.unibo.it/server/iiif/bcaf6fc1-749d-488b-a5bf-b366c63ca89b/manifest
BO0624_5541,"Catalogo degli oggetti d'arte e di ammobiliamento che guarniscono la storica villa ""La Floridiana"" a Napoli spettanti all'eredità della defunta sig.ra Ethel Mac Donnell",https://historica.unibo.it/handle/20.500.14008/93010,https://historica.unibo.it/server/iiif/bcc09ee2-a929-47fd-ab88-189f99f76b9f/manifest
BO0624_88311,"Verzeichnis über Frankofurtensien Gemälde und Aquarelle: Sammlung des Herrn O. H. in Frankfurt a. M.: Gemälde, Kunstblätter moderner und älterer Meister: Antiquitäten und Kunstsachen ... aus Privatbesitz: Versteigerung ... den 13. und ... 14. November 1917 ... Frankfurt a. M. ...",https://historica.unibo.it/handle/20.500.14008/94326,https://historica.unibo.it/server/iiif/bce2e8b4-6a50-4843-81b7-249fc0fc5136/manifest
BO0624_88794,Schloss Hasenwinkel i. M. und Beiträge aus französischen und deutschen Sammlungen: ... Versteigerung ... den 29. Oktober 1929 ... den 30. Oktober 1929 ... Illustriert Katalog mit 22 Bildtafeln,https://historica.unibo.it/handle/20.500.14008/94712,https://historica.unibo.it/server/iiif/bd3fe488-a79c-4fcf-8bb0-6e83efbe9a78/manifest
BO0624_87718,"Katalog der Gemälde Sammlung des Herrn Albert Jaffé in Hamburg: 2. Teil Gemälde ersklassiger Meister des 15.-20. Jahrhunderts, Pastelle, Aquarelle und Zeichnungen: Versteigerung zu Köln a. Rh. den 31. Marz und 1. April 1905",https://historica.unibo.it/handle/20.500.14008/93910,https://historica.unibo.it/server/iiif/bd7d0f87-5aa1-479a-9427-307d7fcad765/manifest
BO0624_83657,Catalogue des objets d'art et de curiosité ...: samedi 3 juin 1899,https://historica.unibo.it/handle/20.500.14008/93246,https://historica.unibo.it/server/iiif/bd899f15-c5d6-4591-a518-b7f8dd38b625/manifest
BO0624_87894,"Nachla des verstorbenen Herrn Kunstmalers Joseph Hahn, München. Eigene Arbeiten: Ölgemälde, Aquarelle und Handzeichnungen sowie Ölgemälde moderner Meister aus dem Nachlasse eines Wieners Sammlers und aus anderem Besitz. Auktion in München in der Galerie Helbing ... den 15. November 1909",https://historica.unibo.it/handle/20.500.14008/94044,https://historica.unibo.it/server/iiif/bd9d6c5e-0c8e-4f13-94e2-1c9e96dc6509/manifest
BO0624_87577,"Kunstsammlung der Herrn von L.: hervorragende, persische Teppiche ... Krugsammlung aus bekanntem Leipziger Besitz ... Longobardische und byzantinische Goldkreuze aus der Sammlung Carlo Morbio, Mailand ... Sammlung alter persischer Teppiche aus reichgräflichem Besitz ... Oeffentliche Versteigerung ... den 14. December 1899 und folg. Tage ...",https://historica.unibo.it/handle/20.500.14008/93826,https://historica.unibo.it/server/iiif/bdd11a31-2bb8-4aa9-b4b1-d1876d26b781/manifest
BO0624_87805,"Gemalde Moderner Meister: Rosa Bonheur, Courbet, Daubigny, Decamps...etc. und eine ReiheHandzeichnungen von Spitzweg. Aus der Sammlung des Herrn P...M... in Paris, aus dem Nachlä des verstorbenen Herrn Direktor L... in München , aus auswärtigem adeligen und anderem Besitz: Auktion in München in der Galerie Helbing...den 26.Juni 1907",https://historica.unibo.it/handle/20.500.14008/93977,https://historica.unibo.it/server/iiif/bdd447e0-1363-444e-b3b3-32ac56fb46c6/manifest
BO0624_88313,"Sammlungen Direktor R. Zahn [gestorben], Plauen: Abteilung 2. Ölgemälde alter Meister: Versteigerung in der Galerie Helbing in München ... den 21. November 1917",https://historica.unibo.it/handle/20.500.14008/94328,https://historica.unibo.it/server/iiif/bdd49418-b42a-4c01-8e7e-76dc9231d3f7/manifest
BO0624_83712,"Catalogue des magnifiques joyeaux ... mobilier époque et style XVIIIème siècle ... objets d'art, tableaux, belles tapisseries ... le tout dépendant de la successione de Madame Wanda de Boncza ...: du Mercredi 3 au Jeudi 11 Décembre 1902 ...",https://historica.unibo.it/handle/20.500.14008/92813,https://historica.unibo.it/server/iiif/bdd96ecf-c6e8-4915-b918-0a15bb9a9bc4/manifest
BO0624_83919,"Catalogue des objets d'art et d'ameublement, faiences et porcelaines, bronzes, pendules, objets variés, sièges et meubles du 18. siècle secrétaire du temps de Louis 16. ... tableaux anciens ... appartenant a M. Th.: Hotel Drouot, le lundi 30 mars 1908",https://historica.unibo.it/handle/20.500.14008/93381,https://historica.unibo.it/server/iiif/bdde8942-83aa-452f-bf89-0eab926e35bb/manifest
BO0624_88506,Gemälde aus dem Besitz der ehemaligen königlichen Familie: Versteigerung Dienstag 13. Juni 1922 im Oberen Museum in Stuttgart,https://historica.unibo.it/handle/20.500.14008/94482,https://historica.unibo.it/server/iiif/bdf63458-fc77-43ec-81fc-2d685e3c4653/manifest
BO0624_84024,"Catalogue des tableaux anciens & modernes ... dessins, pastels, objets d'art & d'ameublement ...: jeudi 1. décembre 1910",https://historica.unibo.it/handle/20.500.14008/93447,https://historica.unibo.it/server/iiif/be1a2be7-786e-43e9-8031-4356495f687d/manifest
BO0624_87786,"Verzeichnis der Gemälde und Kunstblätter moderner Meister: Antiquitäten, Kunstgegenstände und Waffen etc. aus hiesigem und auswärtigem Privatbesitz: Versteigerung in Frankfurt a. M. ... den 5. und 6. Februar 1907",https://historica.unibo.it/handle/20.500.14008/93963,https://historica.unibo.it/server/iiif/be2938f4-2494-4e86-a626-3c6326fd2bbc/manifest
BO0624_88734,"Porzellane, Fayencen, Waffen, Ostasiatika, Metallarbeiten, Möbel, Teppiche, Plastik, alte Gemälde aus verschiedenem Privatbesitz u. a. B.. Versteigerung: München, 23 -24 Oktober 1928",https://historica.unibo.it/handle/20.500.14008/94660,https://historica.unibo.it/server/iiif/be2c26d4-a535-4e7e-9408-3f956ba14bfa/manifest
BO0624_83798,"Catalogue de tableaux modernes, oeuvres importantes de Corot, Decamps ... provenant de la collection de M. Henri Heugel: vendredi 26 mai 1905",https://historica.unibo.it/handle/20.500.14008/93300,https://historica.unibo.it/server/iiif/be5a39aa-6616-4d93-b2d7-939bec08b8e0/manifest
BO0624_83899,"Catalogue des tableaux composant la collection Ch. Sedelmeyer: troisième vente ... et qui aura lieu dans la Galerie Sedelmeyer ... le lundi 3, Mardi 4 et Mercredi 5 juin 1907",https://historica.unibo.it/handle/20.500.14008/93366,https://historica.unibo.it/server/iiif/be6c8adf-5dbd-46de-97fe-5172979b0db7/manifest
BO0624_83644,"Catalogue des tableaux anciens et modernes par Greuze, Hyacinthe Rigaud, Van Loo, etc.: magnifiques tapisseries des Gobelins ...: collection de M.me la Comtesse de La Ferronnays: lundi 12 avril 1897",https://historica.unibo.it/handle/20.500.14008/93235,https://historica.unibo.it/server/iiif/be9cb417-0876-44ed-9f84-1e5d8d3631b3/manifest
BO0624_87357,"Katalog der reichen und kostbaren alterthumer-sammlung des herrn Paul Hildebrandt in Munchen, welche dienstag den 15. april 1879...: oeffentliche ausstellung: 12-14 april von 9-12 und von 3-5 uhr",https://historica.unibo.it/handle/20.500.14008/93690,https://historica.unibo.it/server/iiif/bedd3377-be5e-41a7-93ed-f0a4a425bef8/manifest
BO0624_83874,"Catalogue des objets de curiosité et d'ameublement, ivoires, émaux champlevés et peits, bronzes italiens de la renaissance ... dépendant de la collection de M. le Comte R. d'Yanville: Hotel Drouot, les mercredi 27 et jeudi 28 février 1907",https://historica.unibo.it/handle/20.500.14008/93344,https://historica.unibo.it/server/iiif/bef1285b-82ae-4ae7-b84c-c9e59914a9bd/manifest
BO0624_88539,"Ölgemälde und Handzeichnungen moderner Meister: aus vorwiegend suddeutschem privatbesitze und aus anderem besitze. Auktion in Munchen in der Galerie Hugo Helbing, 15-16 Juli 1924",https://historica.unibo.it/handle/20.500.14008/94510,https://historica.unibo.it/server/iiif/bef24285-dc32-43f5-aef7-4bc688960556/manifest
BO0624_87379,"Catalog der nachgelassenen Gemälde-Sammlungen Sr. Excellenz des Staatsministers Freihern von Munchhausen zu Hannover und der Herren Maler Franz Reichardt zu Munchen und Stadtbaumeister J. P. Weyer zu Koln, etc.: Gemalde niederlandischer, italienischer und deutscher Meister des 14.-18. Jahrhunderts: Versteigerung zu Koln, den 28. October ... durch J. M. Heberle (H. Lempertz' Sohne)",https://historica.unibo.it/handle/20.500.14008/93703,https://historica.unibo.it/server/iiif/bf838e01-b939-4ed0-bd8c-fff5a62e2fb5/manifest
BO0624_88800,"Galerie Direktor Dr. Theodor Loewe Breslau: Nebst einem Nachtrag von Gemälden und Miniaturen aus Verschiedenem Besitz: Versteigerung: Dienstag, 5. November 1929, Mittwoch, 6. November 1929",https://historica.unibo.it/handle/20.500.14008/94716,https://historica.unibo.it/server/iiif/bfb6ffff-280c-4842-8692-30c672dc128b/manifest
BO0624_83749,"Catalogue des tableaux anciens, pastels, gouaches, dessins du XVIII siècle par Boucher, Charpentier, Drouais ... estampes anciennes du XVIII siècle ... collection d'éventails des époques Louis XV & Louis XVI ... meubles anciens ... composant la collection de M. Charles P. de Meurville ...: les jeudi 26, vendredi 27 et samedi 28 mai 1904 ...",https://historica.unibo.it/handle/20.500.14008/92793,https://historica.unibo.it/server/iiif/bfc638b9-0c07-4af1-9693-8271ef19f878/manifest
BO0624_87477,"Katalog der reichhaltigen Kunstsammlungen des verstorbenen Herrn Ökonomierath Georg Hamminger in Regensburg: 1. Abteilung: Ölgemalde (vorwiegend alter Meister), Antiquitäten und Kunstsachen ...: Versteigerung zu München im Saale des Hotel Roth, Montag den 10. Juni und die folgende Tage ... unter Leitung des Kunsthändlers Hugo Helbing in München",https://historica.unibo.it/handle/20.500.14008/93768,https://historica.unibo.it/server/iiif/bfe2b068-8f49-4006-aa67-d15153048d4b/manifest
BO0624_88295,Moderne Olgemälde: Nachlässe Professor Louis Braun [gestorben] München: Professor Albert Kappis [gestorben] Stuttgart: Auktion in München in der Galerie Helbing ... den 24. und ... den 15. Juni 1917,https://historica.unibo.it/handle/20.500.14008/94317,https://historica.unibo.it/server/iiif/bff5430c-76b9-4c7d-b92c-35fadd2388aa/manifest
BO0624_88805,"Sammlung Kunstmaler Fritz Closs, München: Ölgemälde moderner Meister des 19. und 20. Jahrhunderts: Auktion in der Galerie Hugo Helbing, München ...",https://historica.unibo.it/handle/20.500.14008/94721,https://historica.unibo.it/server/iiif/c00701cf-8447-408e-aa5f-594a6a811a1f/manifest
BO0624_88193,"Ölgemälde Moderner Meister. Nachlässe Prof. Ludwig Willroider [gestorben], München: Kunstmaler Rudolf Epp [gestorben], München und aus anderem Privatbesitz: Auktion in München in der Galerie Helbing ... den 2. April 1914",https://historica.unibo.it/handle/20.500.14008/94242,https://historica.unibo.it/server/iiif/c02adfd9-ef2c-4945-9b0a-b203dfa4b1d6/manifest
BO0624_87453,"Die reichhaltigen Sammlungen von Gemälden, Mobilien, Kunstsachen, Antiquitäten und Geweihen vom Schlosse Schawandegg bei Stammheim (Scheweiz) Sr. Excellenz des Freiherr von Elsner kgl. Sächsicher Staatminister a. D. Versteigerung zu Zürich ... den 30. August bis 1. September 1893 ... unter Leitung von J. M. Heberle (H. Lempertz' Söhne) Köln",https://historica.unibo.it/handle/20.500.14008/93752,https://historica.unibo.it/server/iiif/c09ea862-8fbc-43a8-907d-0c781a3d0857/manifest
BO0624_87361,"Jllustrirter catalog der vorzuglichen kunst-sammlung aus dem besitza des verstorbenen freiherrn Max von Lerchenfeld auf ering & frauenstein, ... Munchen, turkenstrasse 68a, am 9. september 1884 ...",https://historica.unibo.it/handle/20.500.14008/93692,https://historica.unibo.it/server/iiif/c0e965e5-4e2c-4076-9100-f52d1eb6da0e/manifest
BO0624_87583,"Katalog von Gemälden und Aquarellen neurer Künstler, alten und modernene Kunstgegenstände ... Versteigerung ... den 13. März 1900 u. folg. Tag ... Rudolph Lepke's Kunst-Auctions-Haus",https://historica.unibo.it/handle/20.500.14008/93830,https://historica.unibo.it/server/iiif/c0ff6223-8338-4d5a-b81d-8c1a2f63363c/manifest
BO0624_83815,"Catalogue des objets d'art et de curiosité européens, de l'Orient et de l'Extrême-Orient ...: du lundi 20 au vendredi 24 novembre 1905",https://historica.unibo.it/handle/20.500.14008/93310,https://historica.unibo.it/server/iiif/c102a194-9352-423c-b4fc-994082892928/manifest
BO0624_88056,"Nachlass Ludwig Voltz, München: Gemälde: Auktion in München in der Galerie Helbing ... Mittwoch, den 27. November 1912",https://historica.unibo.it/handle/20.500.14008/94142,https://historica.unibo.it/server/iiif/c11fcedd-a772-4c54-a5f2-c8f051f974bb/manifest
BO0624_81863,"Vendita all'asta di una pregevole raccolta di porcellane di varie epoche, quadri, miniature ed oggetti d'arte appartenenti a collezionisti esteri affidata alla Galleria Warowland: La vendita avrà luogo mercoledì 15 - giovedì 16 e venerdì 17 febbraio 1928",https://historica.unibo.it/handle/20.500.14008/92909,https://historica.unibo.it/server/iiif/c1329dc4-bd89-4d9b-9c72-d987985b82aa/manifest
BO0624_81924,Raccolta successione Claudio Gallo,https://historica.unibo.it/handle/20.500.14008/92956,https://historica.unibo.it/server/iiif/c1368722-6e11-4799-8783-a5729fb90398/manifest
BO0624_88462,"Antiquitäten: Mobiliar, Skulpturen, Glasgemälde, Porzellan, Fayence, Textilien, Kleinkunst, Ostasiatisches, persisches, und indisches Kunstgewerbe: Gemälde alter Meister: Kupferstiche u. Farbdrucke aus einem Fideikommiss, aus deutschem Museums- und Privatbesitz: ... Versteigerung ... den 8. und ... den 9. März 1921 ... den 10. März 1921 ... den 11. März 1921",https://historica.unibo.it/handle/20.500.14008/94442,https://historica.unibo.it/server/iiif/c150ad85-dd59-471c-ac50-05ad318ea6bc/manifest
BO0624_88623,"Antiquitäten, Porzellane, Silber, Dosen, Miniaturen, Teppiche, Möbel, Gemälde alter Meister, Plastiken vorwiegend aus süddeutschem und ausländischem Privatbesitz. Versteigerung: München, 16-17 Dez. 1926",https://historica.unibo.it/handle/20.500.14008/94566,https://historica.unibo.it/server/iiif/c1551993-a3c4-4e4a-8230-5626f11a57a0/manifest
BO0624_88494,"Versteigerung einer grosse anzahl erstkassiger gemalde alter undre meister aus Hamburger privatbesitz , sowie aus dem nachlatz des verstorbenen Wiener Hofmalers Moritz Michael Daffinger ... Versteigerung: Hamburg, 7-8-9 März 1922",https://historica.unibo.it/handle/20.500.14008/94471,https://historica.unibo.it/server/iiif/c1968ca3-43be-4eec-becb-f8656e698314/manifest
BO0624_87993,"Ölgemälde alter Meister aus Ausländischem Adelsbesitz aus dem Besitz des Herrn Professor E. in M. sowie aus anderem Besitz: Auktion in München in der Galerie Helbing, Dienstag, den 5. Dezember, Mittwoch, den 6. Dezember",https://historica.unibo.it/handle/20.500.14008/94104,https://historica.unibo.it/server/iiif/c1988952-a61a-4380-9c62-1e121a277688/manifest
BO0624_88270,Verzeichnis über Gemälde und Kunstblätter dabei im Handel vergriffene Originalradierungen von Fritz Boehle ... aus einem mitteldeutschen SchlÖ und Privatbesitz stammend: Versteigerung ... den 13. und 14. Dezember 1916 ... Frankfurt a. M. ...,https://historica.unibo.it/handle/20.500.14008/94298,https://historica.unibo.it/server/iiif/c1c207e6-3848-406c-8621-e768adfcb473/manifest
BO0624_84229,"Catalogue des dessins anciens, aquarelles et gouaches, peintures et pastels, sculptures objets d'art & d'ameublement principalement du XVIII siècle ... beaux livres illustrés du XVIII siècle appartenant à M. Léon Decloux ...: la vente ... aura lieu ... les lundi 29 et mardi 30 novembre 1920 ...",https://historica.unibo.it/handle/20.500.14008/93609,https://historica.unibo.it/server/iiif/c1cba71f-52bd-4fc9-bd83-761c461878ab/manifest
BO0624_87859,"Sammlung J... Rom: Hauptstücke aus den Galerien des marchese Guidi, des kardinals Fesch, sowie aus dem Besitz des papstes Pius 9. und anderen Bekannten italienischen privatgalerien Früherer Zeit: Versteigerung, Mittwoch, den 11. und Donnerstag, den 12. November 1908",https://historica.unibo.it/handle/20.500.14008/94023,https://historica.unibo.it/server/iiif/c22c55af-0974-421b-bef7-cbed801c209c/manifest
BO0624_83781,"Catalogue des objets d'art et d'ameublement du 18. siècle ... tableaux par Aved, Debar ...: vendredi 28 et samedi 29 avril 1905",https://historica.unibo.it/handle/20.500.14008/93289,https://historica.unibo.it/server/iiif/c2414c0d-89c7-4ba6-b645-69a739368aa3/manifest
BO0624_83986,Jewels making part of the collection Habib of which the sale will take place at the Hotel des ventes ... thursday 24 june 1909,https://historica.unibo.it/handle/20.500.14008/93427,https://historica.unibo.it/server/iiif/c24201a2-0b36-49b0-a7bc-233317710523/manifest
BO0624_87765,"Katalog von Gemälden alter und neuzeitiger Meister aus verschiedenem Besitze, u.a. des k. d. Gesandten a. D. Felix Freiherr v. Gutschmid, zu Dreden: Versteigerung zu Köln a. Rh. Montag den 21. und Dienstag den 22. Mai 1906 bei J. M. Heberle (H. Lempertz' Sohne)",https://historica.unibo.it/handle/20.500.14008/93947,https://historica.unibo.it/server/iiif/c24b8fd1-1cc0-4caa-8a10-ca997bd1495f/manifest
BO0624_88061,"Antiquitäten Kunst- und Einrichtungsgegenstände: Orientalische Teppiche Ölgemälde alter und moderner Meister aus dem Besitze des Herrn Professor Philipp Fleischer München: Auktion in Auftrage des K. Amtgerichts München unter Leitung von Hugo Helbing, Kunsthandlung, München in München ... den 10. und den. 11. Dezember 1912",https://historica.unibo.it/handle/20.500.14008/94144,https://historica.unibo.it/server/iiif/c2534146-6881-42bc-ab17-091f90277c9b/manifest
BO0624_87729,"Auktions-Katalog: 1. Abteilung: Sammlung Kunstmaler Karl Hartmann, München ...: 2. Abteilung: Antike Terracotten, Tannafiguren, Vasen, Schmuckgegenstände etc. etc.: Auktion in München in der Galerie Helbing, Dienstag, den 30. und Mittwoch, den 31. Mai ... unter Leitung des Kunsthändlers und gerichtlich vereideten Sachverstäbdugen Hugo Helbing in München",https://historica.unibo.it/handle/20.500.14008/93920,https://historica.unibo.it/server/iiif/c26246d2-1612-4578-983b-cc0ce433d859/manifest
BO0624_83738,"Catalogue des objets de haute curiosité et d'ameublement, anciennes porcelaines de Chine ... sièges et meubles du XVI siècle ... composant la collection Rougier, De Lyon ...: les mardi 3 et mercredi 4 mai 1904 ...",https://historica.unibo.it/handle/20.500.14008/92830,https://historica.unibo.it/server/iiif/c26edad6-6f41-4134-ab23-7d595e83e36b/manifest
BO0624_88535,"Gemälde Sammlung Schlieper und aus Hamburger Besitz: 1. Sammlung Radierungen, Zeichnungen, Kupferstiche, Miniaturen, Kultur- und Kunstgeschichtliche Werke ...: ... Versteigerung ... den 15. April Gemälde, Miniaturen ... den 16. April Bücher, Radierungen, Kleinkunst ... den 17. April Teppiche und Möbel",https://historica.unibo.it/handle/20.500.14008/94508,https://historica.unibo.it/server/iiif/c283cb4f-b50e-4d71-b350-3f9489300293/manifest
BO0624_88149,Catalog einer Sammlung von wertvollen Gemälden alter und moderner Meister und Handzeichnungen: 1. Teil des Nachlasses des verstorbenen Kunsthändlers und Kunstexperten Carl Maurer: Versteigerung zu München ... den 23. Oktober 1913 und folgende Tage,https://historica.unibo.it/handle/20.500.14008/94213,https://historica.unibo.it/server/iiif/c28e4d05-2ccb-48ca-a689-c40155be424d/manifest
BO0624_66066,"Catalogue of the final portion of the collection of important pictures by old masters, chiefly of the Dutch, Flemish, French, Spanish and British schools: on thursday, may 17, and friday, 18 may, 1928",https://historica.unibo.it/handle/20.500.14008/93188,https://historica.unibo.it/server/iiif/c2925ac0-cc63-4ae7-b244-1dda1617eb62/manifest
BO0624_88211,Verzeichnis der Gemälde erster moderner Meister sowie alter orientalische Teppiche: Sammlungen Freiherr v. A. u. Bauunternehmer C. H. in M.: Versteigerung Frankfurt am Main ... den. 26. Mai 1914 ...,https://historica.unibo.it/handle/20.500.14008/94251,https://historica.unibo.it/server/iiif/c2ef1192-7693-4af9-8897-150ac494d640/manifest
BO0624_81782,"Catalogo degli oggetti d'arte antichi e mobili artistici appartenenti agli eredi del Conte Cresci Antiqui di Ancona, del Marchese O. Pallavicino di Parma ...",https://historica.unibo.it/handle/20.500.14008/92764,https://historica.unibo.it/server/iiif/c2f77098-b9c9-4017-8878-0a458d9a54e4/manifest
BO0624_88330,Katalog der Sammlung Messinger: Gemälde alter Meister [Versteigerung in der Galerie Helbing in München ... den 16. April 1918],https://historica.unibo.it/handle/20.500.14008/94341,https://historica.unibo.it/server/iiif/c39f47c1-a143-4a9a-bb75-68c26be6d5ae/manifest
BO0624_87932,"Gemalde alterer und neuzeitiger meister aus dem Besitze des Herrn dr. phil. von Schönbach, Wien u.a.: Versteigerung zu Coln a Rh.: Montag den 28. November 1910 bei J. M. Heberle (H. Lempertz' Sohne) ...",https://historica.unibo.it/handle/20.500.14008/94067,https://historica.unibo.it/server/iiif/c3a1cd6f-422e-4932-935f-90c73dd7ab90/manifest
BO0624_87889,Sammlung Dr. Adolf Hommel Zürich. Gemälde alter Meister: Versteigerung zu Zürich [...] ... in Köln a. Rh. ... den 19. und ... den 20. August 1909,https://historica.unibo.it/handle/20.500.14008/94041,https://historica.unibo.it/server/iiif/c440bcf6-f33e-480e-bb84-f5b815ecd281/manifest
BO0624_83694,Belle argenterie ... objets d'art et de curiosité ...: lundi 9 décembre 1901,https://historica.unibo.it/handle/20.500.14008/93271,https://historica.unibo.it/server/iiif/c44c21e1-04a2-4bc2-88e6-df44812793a1/manifest
BO0624_87845,"Katalog Gemälde älterer und neuzeitiger Meister von der Burg Thurant bei Alken a.d. Mosel und aus verschiedenem Besitze, sowie einer Sammlung von Miniaturen: Versteigerung zu Köln a. Rh. ... den 15. und ... den 16. Juni 1908 ... bei J. M. Heberle (H. Lempertz' Sohne)",https://historica.unibo.it/handle/20.500.14008/94012,https://historica.unibo.it/server/iiif/c4718377-a9ed-4367-a881-88ed1c1ee5b6/manifest
BO0624_88472,"Versteigerung einer Sammlung Gemälde des 16. bis 19. Jahrhunderts: Eine Sammlung Gemälde moderner Meister: Ferner Sammlungen alter und neuer Japan- und China-Kunstgegenstände: alter China-Porzellande, japanischer Hängebilder ... 1 Waffensammlung, 1 Zinnsammlung 1 Sammlung von Altertümern aus holsteinischem Besitz ...: Versteigerung am 14., 15., und 16. Juni 1921",https://historica.unibo.it/handle/20.500.14008/94451,https://historica.unibo.it/server/iiif/c4a8f086-a0a2-4df7-9bb7-688f4b6abfbc/manifest
BO0624_88596,Olgemalde,https://historica.unibo.it/handle/20.500.14008/94546,https://historica.unibo.it/server/iiif/c52a4cc8-aff0-4a7a-9e0b-77840df72bb1/manifest
BO0624_87762,"Ölgemaelde von Meistern des 16. bis 18. Jahrhunderts sowie einige Bilder neuerer Künstler, gerahmte Aquarelle und Zeichnungen: Auswärtige Privat-Galerie: Versteigerung, Dienstag, den 8. Mai 1906",https://historica.unibo.it/handle/20.500.14008/93944,https://historica.unibo.it/server/iiif/c57c2ad3-6927-403e-b879-b2a22ac7e202/manifest
BO0624_81845,Vendita della Galleria G.A. Colle Deudon ... vendita dal 10 al 20 novembre 1920,https://historica.unibo.it/handle/20.500.14008/92882,https://historica.unibo.it/server/iiif/c588d250-e9ae-467e-8b7d-de709a063be4/manifest
BO0624_88125,Katalog einer ausgewählten Sammlung von Gemälden alter und neuer Meister aus verschiedenem Besitz: Versteigerung zu Köln a. Rhein 10. Juni 1913 ...,https://historica.unibo.it/handle/20.500.14008/94191,https://historica.unibo.it/server/iiif/c59aba7f-13ae-4371-b2e2-3dbd84e642bf/manifest
BO0624_88269,"Ölgemälde moderner Meister Nachlass Hugo Kauffmann [gestorben], München und aus anderem Besitz: Auktion in München in der Galerie Helbing ... den 12. Dezember 1916",https://historica.unibo.it/handle/20.500.14008/94297,https://historica.unibo.it/server/iiif/c5ba785b-c6b5-4cee-8763-b8d1910d0207/manifest
BO0624_81966,Catalogo della vendita all'asta delle collezioni Agosti e Mendoza,https://historica.unibo.it/handle/20.500.14008/92969,https://historica.unibo.it/server/iiif/c5dafefc-1dcb-4bb6-b5eb-cefe26bb7d73/manifest
BO0624_84162,"Catalogue des tableaux anciens et modernes, dessins, gouaches, estampes, importante sépia, par J.-B. Isabey, faiences et porcelaines, objets d'art, émaux de Limoges et de la Chine: bronzes d'ameublement, buste de la République en bronze, par A. Rodin, meubles et sièges, sculptures, objets de vitrine, miniatures, éventails, miniatures et manuscrits persans ...: Hotel Drouot ... les mercredi 12 et jeudi 13 novembre 1913",https://historica.unibo.it/handle/20.500.14008/93554,https://historica.unibo.it/server/iiif/c5de5377-f819-4918-9c2d-a68ccf064b25/manifest
BO0624_87709,"Katalog ausgewählter und vorzüglicher Gemälde alter und neuerer Meister, gerahmter Aquarelle und Handzeichnungen: Sammlungen: Verwaltungsgerichts-Direktor Jos. Metz, zu Köln, Rentnerin Jos. Montag, zu Bonn: Versteigerung zu Köln den 19.-21. Dezember 1904 bei J. M. Heberle (H. Lempertz' Söhne)",https://historica.unibo.it/handle/20.500.14008/93903,https://historica.unibo.it/server/iiif/c5e811a7-7802-48dc-bd1f-be8ebe4eb077/manifest
BO0624_88590,Olgemälde moderner Meister die Sammlung eines ausländischen Kunstfreundes und aus anderem Besitze: Auktion ...den 27 Marz 1926,https://historica.unibo.it/handle/20.500.14008/94541,https://historica.unibo.it/server/iiif/c65c3437-b85a-4927-a542-53d48ed89d7d/manifest
BO0624_87420,Zu folge Testament-Bestimmung gelangt die kunstosammlung aus der Hinterlassenschaft Sr. Excellenz des Herrn Freiherrn F. von Bose zu Frankfurt a. M. zur öffentlichen Versteigerung ... den 25. Mai und folgende Tage ... in Frankfurt a. M.,https://historica.unibo.it/handle/20.500.14008/93734,https://historica.unibo.it/server/iiif/c66439ac-710d-4b23-a562-e9e6bf9cf803/manifest
BO0624_87369,"Catalog der Kunst-Sammlungen und der gesammten Lager-Vorräthe des Kgl. Sächs. Hofantiquars und Hoflieferanten Herrn Friedrich Rudolph von Berthold Ritter des Albrechts-Ordens, in Dresden ...: Versteigerung zu Köln am 29. October 1885 und die folgende Tage durch J. M. Heberle (H. Lempertz' Söhne)",https://historica.unibo.it/handle/20.500.14008/93697,https://historica.unibo.it/server/iiif/c68b997f-a12c-4a66-a0e1-1eb9fa50785b/manifest
BO0624_88131,"Verzeichnis über Gemälde, Kunstblätter Francofurtensien: Antiquitäten, Kunstgegenstände ...: Versteigerung in Frankfurt am Main ... den 24. u. 25. Juni 1913 ...",https://historica.unibo.it/handle/20.500.14008/94196,https://historica.unibo.it/server/iiif/c6a4a365-6609-41d9-8a76-023b347a1e48/manifest
BO0624_87788,"Auktions-Katalog von Oelgemälden alter Meister aus dem Nachlasse des in München verstorbenen Kunstmalers Herrn Horst Hacker sowie aus verschiedenem, teils adeligem, deutschen und ausländischem Besitze: Auktion in München in der Galerie Helbing ... 25. Februar 1907",https://historica.unibo.it/handle/20.500.14008/93964,https://historica.unibo.it/server/iiif/c6b7d138-1d5e-4d2b-a2b4-641f5915361e/manifest
BO0624_83768,"Catalogue des objets de curiosité: gravures anciennes en noir et en couleurs, françaises et anglaises, dessins, aquarelles, enluminures, tableaux des écoles française et étrangeres, du 15. au 19. siècle ...: tapisseries anciennes dépendant de la succession de M. Louis Germeau: Paris ... du lundi 13 au samedi 25 février 1905",https://historica.unibo.it/handle/20.500.14008/93282,https://historica.unibo.it/server/iiif/c6bd8087-1cc8-4c84-bf75-df45acfa7a12/manifest
BO0624_87866,"Oelgemälde moderner Künstler Antiquitäten: Altes Kunstmobiliar und Einrichtungsgegenstände in historischen Stilarten ... n. 263 bis 265 werden auf Gerichtsbeschluss zwangsweise versteigert: Ausstellung: Sonntag, den 13. u. Montag, den 14. Dezember 1908; Versteigerung: Dienstag, den 15. Dezember bus Sonnabend, den 19. Dez. 1908",https://historica.unibo.it/handle/20.500.14008/94029,https://historica.unibo.it/server/iiif/c6ed3b35-b9aa-45e4-b7a2-fafaf3a4c486/manifest
BO0624_88744,Antike Möbel Teppiche Tapisserien Gemälde Kunstgewerbe Ostasiatike Juwelen und Schmuck: ... Versteigerung ... den 4. Dezember 1928 ... den 5. Dezember 1928,https://historica.unibo.it/handle/20.500.14008/94765,https://historica.unibo.it/server/iiif/c70b6ca8-df65-47dd-8dd8-6a92cede28cd/manifest
BO0624_84234,"Catalogue des tableaux modernes, aquarelles, pastels, dessins par Besnard, Boudin, Cals ... bronzes de Barye, objets d'art & d'ameublement du XVIII siècle et autres ... composant la collection Georges Petit ...: la vente aura lieu à Paris ... les vendredi 4 et samedi 5 mars 1921 ...",https://historica.unibo.it/handle/20.500.14008/93613,https://historica.unibo.it/server/iiif/c7136c6e-c668-4d70-8d1f-2c5229c3fcb5/manifest
BO0624_87571,"Gemälde meist älterer Meister sowie gerahmte Kupferstiche etc. aus dem Nachlasse des Herrn Pfarrers Leonh. Grubenbecher zu Köln und kleinere Nachlässe. Versteigerung zu Köln, den 3. November 1899 ... und J. M. Heberle H. (Lempertz' Söhne)",https://historica.unibo.it/handle/20.500.14008/93824,https://historica.unibo.it/server/iiif/c7311331-f14c-45bd-a74c-a26c6096fa89/manifest
BO0624_83939,"Catalogue des tableaux modernes, aquarelles, pastels, dessins par Bertall, Bida, Bonvin, Bodin (E.) ... appartenant à M. X...: Vendredi 5 Juin 1908",https://historica.unibo.it/handle/20.500.14008/93392,https://historica.unibo.it/server/iiif/c73fffa2-be29-4b52-82eb-948d359f2cec/manifest
BO0624_87579,"Katalog einer reichaltigen Sammlung vorzüglicher Gemälde neuerer Meister debei eine Anzahl Gemälde aus früheren Dombau-Prämien-Collecten, die in Folge Nichtabnahme seitens der Gewinner zu Gunsten der Kasse des Central-Dombau-Vereins veräussert werden ... Versteigerung zu Köln ... den 18. und ... den 19. December 1899 durch J. M. Heberle (H. Lempertz' Söhne)",https://historica.unibo.it/handle/20.500.14008/93827,https://historica.unibo.it/server/iiif/c7481f2d-f4b5-4d00-9a52-78b20139658a/manifest
BO0624_88775,"Die Sammlung Joseph Spiridon, Paris: [Versteigerung: Freitag, den 31. Mai 1929]",https://historica.unibo.it/handle/20.500.14008/94694,https://historica.unibo.it/server/iiif/c7506b91-ddba-4f9d-9a0c-b41fdd3f6a0c/manifest
BO0624_B2246,Catalogue d'une très grande vente qui aura lieu à Turin du 5 au 12 juin 1899 composée de tout le mobilier d'un palais princier ...,https://historica.unibo.it/handle/20.500.14008/94740,https://historica.unibo.it/server/iiif/c75ff0bc-f7fa-4aa3-9bf4-15e53040a8d6/manifest
BO0624_66079,"Catalogue of the Portland vase (or Barberini vase): the property of His grace the duke of Portland: thursday, may 2, 1929",https://historica.unibo.it/handle/20.500.14008/93200,https://historica.unibo.it/server/iiif/c7834990-64a6-468b-912c-0c5cff37a93a/manifest
BO0624_81744,Catalogue des objets d'art et de haute curiosite composant la collection de Attilio Simonetti ... et dont la vente aura lieu a Rome le 16 avril 1883 ... sous la direction de M. Vincenzo Capobianchi,https://historica.unibo.it/handle/20.500.14008/93219,https://historica.unibo.it/server/iiif/c78d33fb-9176-4195-a363-7b5325f408ce/manifest
BO0624_81857,"Catalogue des objets d'art ancien, faïences italiennes, hispano-moresque et orientales ... composant la collection de le comte Galanti: dont la vente aux enchères publiques aura lieu à Florence, Galerie Ciardiello, les vendredi 1. et samedi 2 mai 1925 ...",https://historica.unibo.it/handle/20.500.14008/92916,https://historica.unibo.it/server/iiif/c7cded84-a8c0-449e-9c0d-8cd07e51550d/manifest
BO0624_84175,"Catalogue des objets d'art et d'ameublement, porcelaines de Chine, faiences, objets variés ... dont la vente aura lieu a Paris ... le vendredi 19 décembre 1913",https://historica.unibo.it/handle/20.500.14008/93562,https://historica.unibo.it/server/iiif/c82f9d46-9393-4542-af2b-fa54148b2939/manifest
BO0624_84217,"Catalogue des objets d'art et d'ameublement du Moyen-Age, dela Renaissance et de temps modernes ... tableaux anciens et modernes par Bellotto, E. Carrière, F. Guardi, E. Lucas, J.-S. Sargent ... dessins plafond de Tiepolo composant la première partie de la collection de feu ... S. Pozzi: la vente ... aura lieu à Paris ... les lundi 23 et mardi 24 juin 1919",https://historica.unibo.it/handle/20.500.14008/93598,https://historica.unibo.it/server/iiif/c8475656-1288-4cdc-a726-420125e02982/manifest
BO0624_87737,"Katalog der von den Herren Geheimen Sanitatsrat Dr. Broicher in Coln, Rentner von Haw in Trier und Historienmaler M. Welter in Coln: nachgelassengen als Gemalde, meist alterer Meister, Miniaturen ...: Versteigerung zu Coln den 31. Oktober, 2. und 3. November",https://historica.unibo.it/handle/20.500.14008/93927,https://historica.unibo.it/server/iiif/c8af9214-9729-49be-ae4c-07d93176abb4/manifest
BO0624_83635,"Catalogue des Objets d'Art et d'Ameublement ... Tableaux, Dessins, Pastels, Gravures appartenant a M. Emile Barre ... Hotel Drouot ... Les Jeudi 8, Vendredi 9 et Samedi 10 Fevrier 1894",https://historica.unibo.it/handle/20.500.14008/93228,https://historica.unibo.it/server/iiif/c8f57b36-c6b8-4aa5-8ee0-ce2ad84f47e0/manifest
BO0624_88801,"Sammlung dr. Albert Freiherr von Lanna, München: Ausstellung: Sonnabend, den 2. November ...: Versteigerung: Mittwoch, den 6. November 1929 ...",https://historica.unibo.it/handle/20.500.14008/94717,https://historica.unibo.it/server/iiif/c903aa01-fc41-4286-ab4b-7bfc0e92897e/manifest
BO0624_88620,Sammlung des Herrn A. W. Wien: Kunstgegenstände aus münchener und mitteldeutschem Besitz: ... Versteigerung ... den 7. Dezember ... Berlin,https://historica.unibo.it/handle/20.500.14008/94763,https://historica.unibo.it/server/iiif/c9589cf9-e4b1-4237-8e61-24851e02be2c/manifest
BO0624_87503,"Katalog der ausgewählten Gemälde-Sammlungen aus dem Nachlasse der Herren Verlagsbuchhändler H. Haendke, Radebeul-Dresden, Rentner Jakob Hartling, Kalk etc.: Versteigerung zu Köln a. Rh. den 5. bis 7. October 1896 bei J. M. Heberle (H. Lempertz' Söhne)",https://historica.unibo.it/handle/20.500.14008/93787,https://historica.unibo.it/server/iiif/c98c8997-7360-43eb-bfd3-767762406dc1/manifest
BO0624_83816,"Catalogue de tableaux modernes par Courbet, Isabey, Jongkind, Laurens, Pasini, Roybet, Ziem, oeuvre importante de Jean-Paul Laurens La mort de Marceau ... le tout provenant de la collection de M. Jules Jaluzot: lundi 27 novembre 1905",https://historica.unibo.it/handle/20.500.14008/93311,https://historica.unibo.it/server/iiif/c9ac1441-6ca5-4bc2-a270-e66a013edcab/manifest
BO0624_88321,National-Sammlung für die Hinterbliebenen der im Kriege Gefallenen Katalog der gestiften Kunst- und Wertgegenstände: Ausstellung ... München: Versteigerung daselbst durch die Kunsthandlung Hugo Helbing 14. Dezember 1917,https://historica.unibo.it/handle/20.500.14008/94334,https://historica.unibo.it/server/iiif/c9ae783a-0f08-4021-b028-44d66319b42b/manifest
BO0624_88443,Samtl. Ölgemälde alter und neuer Meister aus der Galerie des Schlosses Rosenstein b. Stuttgart. Besitz des ehemal. Königs Wilhelm 2. von Württemberg: Versteigerung im Festsaal des Schlosses Rosenstein ... den 26. Oktober 1920 ... den 27 Oktober 1920,https://historica.unibo.it/handle/20.500.14008/94424,https://historica.unibo.it/server/iiif/ca452fc8-c379-4a2e-aa53-9d367e5d7b8e/manifest
BO0624_88332,Sammlung von Ölgemälde moderner Meister aus dem Besitze des Herrn Hermann Fahrig in Dresden: Auktion in München in der Galerie Helbing ... den 30. April ... den 1. Mai 1918,https://historica.unibo.it/handle/20.500.14008/94342,https://historica.unibo.it/server/iiif/ca4a4283-dcd0-4e2e-b1c7-2f39a5b1d16c/manifest
BO0624_88738,"Kunstwerke aus den beständen Leningrader Museen und Schlösser Eremitage, Palais Michailoff, Gastchina U. A. Versteigerung, Berlin, 6 - 7 November 1928",https://historica.unibo.it/handle/20.500.14008/94663,https://historica.unibo.it/server/iiif/ca884bc8-4009-40b4-85ca-88ab497da63a/manifest
BO0624_5731,"Catalogue de tableaux, objets d'art et de curiosité formant la galerie de M. le chev. F. Meazza de Milan ... dont la vente aux enchères publique aura lieu a Milan ... le mardi 15 avril ... 1884 ...",https://historica.unibo.it/handle/20.500.14008/93037,https://historica.unibo.it/server/iiif/ca91a258-76f7-4f97-9254-99c290558764/manifest
BO0624_81770,"Catalogo n. 66: Maioliche, porcellane, argenterie e gioielli, belle miniature e ventagli, quadri e disegni ... importante raccolta in vendita al pubblico incanto",https://historica.unibo.it/handle/20.500.14008/92717,https://historica.unibo.it/server/iiif/cab46920-7eb4-490d-a08c-2a566789fc28/manifest
BO0624_87584,"Katalog der bedeutenden Gemälde-Sammlungen der Herren Albert Jaffé, Hamburg und Wilhelm Bauer, Düsseldorf ... Versteigerung zu Köln den 19. und 20. März 1900 bei J. M. Heberle (H. Lempertz's Söhne)",https://historica.unibo.it/handle/20.500.14008/93831,https://historica.unibo.it/server/iiif/cb05cde7-f1f3-40de-b5a1-def5e5ed4d96/manifest
BO0624_83940,"Catalogue des tableaux modernes, aquarelles par Benassit, Brown ... objets d'art & d'ameublement, objets de vitrine ... collection de feu M. De Porto-Riche ...: Hotel Drouot, le vendredi 5 juin 1908 et le samedi 6 juin 1908",https://historica.unibo.it/handle/20.500.14008/93393,https://historica.unibo.it/server/iiif/cb097e6e-b8cf-4e98-922d-4fb4081f51e1/manifest
BO0624_83883,"Catalogue des objets d'art & d'ameublement des XV, XVI & XVIII siècles ... tableaux anciens ... tapisseries anciennes ...: Le Mercredi 10 Avril 1907",https://historica.unibo.it/handle/20.500.14008/93353,https://historica.unibo.it/server/iiif/cb1f4928-0cd2-4161-89d8-8e6ec44c528d/manifest
BO0624_87983,"Sammlung des Königl. ungar. Hofrats Gustav von Gerhardt Budapest, zweiter Teil, Gemälde alter Meister des 15.-18. Jahrhunderts, zwei Gemälde von Michael v. Munkacsy ...: Versteigerung Freitag, den 10. November 1911",https://historica.unibo.it/handle/20.500.14008/94098,https://historica.unibo.it/server/iiif/cb293b81-c141-4d45-b3e2-dfbf8ad0e835/manifest
BO0624_88241,"Verzeichnis der Sammlung von Kunstblättern: A. Kupferstiche, Radierungen, Farbdrucke, Holzschnitte, Schabkunstblätter, Lithographien: B. Handzeichnungen und Aquarelle welche ... den 16. März 1916 ... in Frankfurt a. M. ...",https://historica.unibo.it/handle/20.500.14008/94273,https://historica.unibo.it/server/iiif/cb3147dd-0c73-4acf-bb99-8a7c574931d1/manifest
BO0624_88810,"Galerie eines Wiener Sammlers. Versteigerung: Berlin, 3 Dezember 1929",https://historica.unibo.it/handle/20.500.14008/94724,https://historica.unibo.it/server/iiif/cb498856-e96c-4b81-a86f-6f839e7250f2/manifest
BO0624_84094,"Catalogue des tableaux anciens, tableaux modernes, aquarelles, miniatures, objets d'art & d'ameublement importants bijoux le tout dépendant de la succession de Madame Roussel...: les lundi 25, mardi 26, mercredi 27 et jeudi 28 mars 1912",https://historica.unibo.it/handle/20.500.14008/93499,https://historica.unibo.it/server/iiif/cb8e2bee-41ec-4d87-986e-a728ad6cb94e/manifest
BO0624_87587,"Katalog von vortrefflichen Gemälden älterer und neurer Meister. Sammlungen: Rentner Friedrich Baars, Oldenburg, Dr. C. Bennert, Godesberg, etc. Versteigerung zu Köln den 14. und 15. Mai 1900 bei J. M. Heberle (H. Lempertz' Söhne)",https://historica.unibo.it/handle/20.500.14008/93832,https://historica.unibo.it/server/iiif/cbb8bbff-32f5-472b-947e-2e751115b5e0/manifest
BO0624_88000,Gemälde alter Meister vorwiegend niederlandischer Schule mit 14 Lichtdrucktafeln ...: Versteigerung ... den 30. Januar 1912,https://historica.unibo.it/handle/20.500.14008/94108,https://historica.unibo.it/server/iiif/cbc93cdc-4ba8-4d6b-91ae-1b2ec6278954/manifest
BO0624_84148,"Catalogue des tableaux modernes aquarelles, pastel par Bail (Joseph), Benjamin-Constant, Berne-Bellecour, Boldini, Bonheur (Rosa), Boudin (Eug.) ... composant la collection de M. Georges C. Zervudachi d'Alexandrie ...: le vendredi 16 mai 1913",https://historica.unibo.it/handle/20.500.14008/93544,https://historica.unibo.it/server/iiif/cbcd74bc-c87b-438e-9246-5c17cceea14a/manifest
BO0624_87388,"Katalog der Reichhaltigen Sammlungen von Kunstsachen und Gemälden aus dem Nachlasse des herrn Dr. Leofrid Adelmann in Würzburg: Versteigerung zu Wurzburg im Schrannen-Saale den 9. Juli 1888, Nachmittags 3 Uhr pracise, und die folgenden Tage durch J. M. Heberle (H. Lempertz Sohne) aus Koln",https://historica.unibo.it/handle/20.500.14008/93710,https://historica.unibo.it/server/iiif/cbe2dfe6-b946-436a-a585-bbc5eefeec7d/manifest
BO0624_88743,"Sammlung aus dem Nachlass des Hofrats Dr. E. Marquardsen Bad Kissingen: nebst Beigaben aus deutschem Fürsten- und Privatbesitz: Kunst-Auktion am 27., 28. und 29. November 1928",https://historica.unibo.it/handle/20.500.14008/94669,https://historica.unibo.it/server/iiif/cc0c096c-28ae-4808-a868-6e1ea622dc96/manifest
BO0624_5760,"The collection of Sr. Achillito Chiesa of Milan: part III: XV-XVI century majolicas, Gothic ivories, early French and Italian enamels, Renaissance velvets ...",https://historica.unibo.it/handle/20.500.14008/93041,https://historica.unibo.it/server/iiif/cc117e0b-e60c-4d4e-819d-50f037ddaa00/manifest
BO0624_84121,"Catalogue des objets d'art & d'ameublement, porcelaines et faiences ... dependant de la succession de monsieur F... dont la vente aura lieu ... le vendredi 28 Juin 1912",https://historica.unibo.it/handle/20.500.14008/93524,https://historica.unibo.it/server/iiif/cc59c3dd-0a38-4c10-93b4-a8a0d7cbcf96/manifest
BO0624_84156,"Catalogue des Tableaux Anciens: *Écoles primitives de la Renaissance des 15. et 16. siècles: Écoles anglaise, espagnole, flamande, française, hollandaise, italienne des 17. et 18 siècles ... dont la vente, par suite du déces de M. Eugène Kraemer aura lieu a Paris ... les Lundi 2, Mardi 3, Mercredi 4, Jeudi 5 Juin 1913",https://historica.unibo.it/handle/20.500.14008/93549,https://historica.unibo.it/server/iiif/cca73c1c-d66f-49c2-9d2a-65342af4a905/manifest
BO0624_87697,"Katalog der Sammlung von Antiquitaten und Kunstgegenstanden des K. Akademieprofessors und Historienmalers Herrn Otto Seitz, Munchen etc.: Auktion in Munchen in der Galerie Helbing, Dienstag, den 21. Juni 1904 und folgende Tage vormittags 10 Uhr, nachmittags 3 Uhr unter Leitung des Kunsthandlers und gerichtlich vereideten Sachverstandigen Hugo Helbing in Munchen",https://historica.unibo.it/handle/20.500.14008/93896,https://historica.unibo.it/server/iiif/ccab9b53-be9b-4551-94f7-3e31c1df1ba2/manifest
BO0624_88513,Gemälde Möbel Antiquitäten aus Nachlassen Martin Justin und Elenore Vogt Mainz: ... Versteigerung ... 7. Nov. 1922 ... 8. Nov. 1922,https://historica.unibo.it/handle/20.500.14008/94489,https://historica.unibo.it/server/iiif/ccbf5460-a55a-43f2-b533-25682b7684b1/manifest
BO0624_84010,"Catalogue des objets d'art et d'ameublement ...: jeudi 12, vendredi 13 et samedi 14 mai 1910",https://historica.unibo.it/handle/20.500.14008/93439,https://historica.unibo.it/server/iiif/ccda84fb-9c75-4890-918f-c099743ef415/manifest
BO0624_84096,"Catalogue des meubles et sièges anciens principalement des epoques Louis 15. et Louis 16.... estampes anciennes ... appartenant a M. Jean Périer, de l'Opéra-Comique ...: le samedi 20 avril 1912",https://historica.unibo.it/handle/20.500.14008/93501,https://historica.unibo.it/server/iiif/ccec2e85-eaed-4fae-988a-fc2e00db2d49/manifest
BO0624_87899,"Ölgemälde alter Meister: Dabei der Nachlass des Herrn John L. Wallach, Kassel und Kollektion eines Rheinischen Sammlers: Ausstellung: Sonntag, den 12., und Montag, den 13. Dezember 1909; Versteigerung: Dienstag, den 14. Dezember 1909",https://historica.unibo.it/handle/20.500.14008/94047,https://historica.unibo.it/server/iiif/cd30c5ed-bcb6-49ff-988b-7ef544b291c4/manifest
BO0624_84160,Vente aux enchères publiques de huit importants tableaux en ancienne faience hollandaise ...: Tableaux Anciens ... a Paris Hotel Drouot ... les lundi 16 Juin 1913,https://historica.unibo.it/handle/20.500.14008/93553,https://historica.unibo.it/server/iiif/cd6fcdfe-08fe-4400-ba9f-8150a6721b2b/manifest
BO0624_84224,"Catalogue des tableaux modernes, aquarelles, pastels, dessins par Clays, Corot, Decamps ... sculptures par Gemito, Rodin, tableaux anciens par J. van Goyen, F. Guardi, magnifique et importante tenture composée de six tapisseries, tissées d'or, d'argent et de soies de couleur de Ferrare (Italie), 16. siècle, tapisseries des 17. et 18. siècles provenant de la collection de feu Madame A. C... d'A ...: à Paris ... le vendredi 14 mai 1920 ...",https://historica.unibo.it/handle/20.500.14008/93604,https://historica.unibo.it/server/iiif/cd7e7b37-3a31-4d00-a4b8-bc78028f90bc/manifest
BO0624_81980,"Raccolta Pisa. Vol. 2: Vendita all'asta della seconda parte della Raccolta Pisa: Palazzetto delle Prigioni, S. Marco Venezia: esposizione da lunedì 28 agosto a venerdì 1. settembre 1939 ... vendita sabato 2 ... giovedi 7 settembre 1939 ... commissario d'asta incaricato della vendita: il Cav. Alfredo Geri della Galleria Geri di Milano",https://historica.unibo.it/handle/20.500.14008/92977,https://historica.unibo.it/server/iiif/cd84ad32-4241-4c10-8b33-5bcd763f7920/manifest
BO0624_87862,"Gemälde alter und neuer Meister, Galerie A. von Herrenburger, Dresden: versteigerung: Dienstag, dem 1. Dezember 1908",https://historica.unibo.it/handle/20.500.14008/94025,https://historica.unibo.it/server/iiif/cdb51ec9-f1c1-4fe6-a2b7-d56cb8333a3a/manifest
BO0624_81758,"Catalogo della collezione Pozzolini: raccolta artistica di majoliche antiche italiane, quadri, bronzi ...: la vendita all'incanto verrà effettuata ... nei giorni 12, 13 e 14 maggio 1903",https://historica.unibo.it/handle/20.500.14008/92729,https://historica.unibo.it/server/iiif/cdbf0a15-1754-45e5-acec-6ec188c921f0/manifest
BO0624_88053,"Verzeichnis guter Gemälde moderner französischer Meister, weiterer Teil der Sammlung der Familie De Vigny-Chatou: Versteigerung ... 26. November 1912 ... in Frankfurt am Main ...",https://historica.unibo.it/handle/20.500.14008/94139,https://historica.unibo.it/server/iiif/cdf3122d-89ba-48cc-9ac7-e01648a53773/manifest
BO0624_88428,"Gemälde alter und moderner Meister, Stiche, Porzellane, Altertümer, Bronzen und Möbel aus Schloss- und süddeutschem Privatbesitz: ... Versteigerung ... 22. Juni 1920 ... 23 Juni 1920",https://historica.unibo.it/handle/20.500.14008/94414,https://historica.unibo.it/server/iiif/ce66d0f1-6a75-4e86-bd66-2f81e971317f/manifest
BO0624_83650,"Catalogue des tableaux modernes & anciens, objets d'art & de curiosité composant la collection de M. G. ...: samedi 14, lundi 16 et mardi 17 mai 1898",https://historica.unibo.it/handle/20.500.14008/93241,https://historica.unibo.it/server/iiif/ceb824b6-d35d-4bad-9021-a3fd99d4cdb4/manifest
BO0624_83629,Catalogue de tableaux anciens et modernes de premier ordre formant l'importante collection de feu le sénateur Prosper Crabbe ... a Paris ... Le Jeudi 12 Juin 1890,https://historica.unibo.it/handle/20.500.14008/92983,https://historica.unibo.it/server/iiif/ceb9d538-231d-4c9a-a5dc-3e6020ebdcfa/manifest
BO0624_87560,"Katalog von vortrefflichen Gemälden neuerer Meister nebst einem Anhang älterer Gemälde sowie gerahmter Kupferstiche, Prachtwerke etc.: Nachlässe: Rentner TH. Koch zu Köln, dr. med. Tscheppe zu Costanz a. B., pfarrer Schumacher zu Köln: Versteigerung zu Köln den 21. December 1898 bei J. M. Heberle (H. Lempertz' Sohne)",https://historica.unibo.it/handle/20.500.14008/93815,https://historica.unibo.it/server/iiif/ced86af1-aab4-4330-9a3c-cf69e412a67c/manifest
BO0624_83753,Catalogue d'une importante collection de perles fines ... appartenant à M. le Marquis de X ...: le lundi 6 juin 1904 ...,https://historica.unibo.it/handle/20.500.14008/92831,https://historica.unibo.it/server/iiif/cf3472b3-0a62-437c-9cf8-f6fd8ffe8b4e/manifest
BO0624_90076,"Catalogo delle collezioni Tesorone, composte di quadri, majoliche e porcellane rare, bronzi, armi, vetri, oreficerie, ventagli, mobili, ecc., ecc.: le vendite avranno luogo a Napoli ...",https://historica.unibo.it/handle/20.500.14008/94730,https://historica.unibo.it/server/iiif/cfa34aec-cbed-4cca-ac50-20888a52ca87/manifest
BO0624_87959,"Verzeichnis der Gemälde, Kunstblätter, Antiquitäten u. Kunstsachen aus hiesigem und auswärtigem Privatbesitz: Versteigerung: Mittwoch und Donnerstag, den 3. und 4. Mai 1911 ... in Frankfurt a. M.",https://historica.unibo.it/handle/20.500.14008/94083,https://historica.unibo.it/server/iiif/cfe55efb-f483-4256-8a70-b4f8f0823dc2/manifest
BO0624_90079,"Bücher-Auction Bibliotek Richard Zschille Grossenhain: Kunst- und Alterthumwissenschaft, Kunstgewerbe, Architektur, Illustrationwerke für Waffen, Rüstungen etc.: Die Versteigerung erfolgt in Aufrage des Konkursverwalters, kgl. sächs. Notars Herrn W. Kretzschmar (Grossenhain) öffentlich meistbietend in Anschluss an die Kunstsammlungen ... den 27. April 1901 ...",https://historica.unibo.it/handle/20.500.14008/94731,https://historica.unibo.it/server/iiif/d062a4a4-41d8-4fde-bb28-fe7543ef28e2/manifest
BO0624_88302,"Erste Versteigerung aus den Beständen der National-Sammlung von Kunst- und Wertgegenständen zu Gunsten der unter dem Protektorat seiner Majestät des Kaisers und Königs stehenden Nationalstiftung für die Hinterbliebenen der im Kriege Gefallenen. Gemälde alter und neuerer Meister Antiquitäten und modernes Kunstgewerbe ...: Versteigerung Mittwoch, den 19. September 1917 ... Donnerstag, den 20. September 1917, Rudolph Lepke's Kunst-Auctions-Haus, Berlin",https://historica.unibo.it/handle/20.500.14008/94322,https://historica.unibo.it/server/iiif/d06e7c34-01bc-41e3-a10c-c978afa97f7a/manifest
BO0624_84269,"Catalogue des sculptures et ornements de jardin, anciens et de style en marbre, pierre, terre cuite ... composant les collections de M. Raoul Heilbronner ...: Paris, 3, rue du Vieux-Colombier ... samedi 17 mai 1924",https://historica.unibo.it/handle/20.500.14008/93640,https://historica.unibo.it/server/iiif/d07da35b-6206-45d4-8ef1-329fecf998d3/manifest
BO0624_66061,"Catalogue of important primitive pictures, the property of Edward, first earl of Ellenborough ... ancient & modern pictures, the property of Arthur Maitland Wilson ... and old pictures and pastels ...: on Friday, April 3, 1914",https://historica.unibo.it/handle/20.500.14008/93183,https://historica.unibo.it/server/iiif/d0ed71f8-5476-4981-a369-d555693c0c9a/manifest
BO0624_88219,"Katalog von sehr seltenen Büchern, Oelgemälden, Aquarelle, Zeichnungen, Radierungen und Stichen von Nürnberg ...: Versteigerung in Stuttgart ... den 25. Juni und folgende Tage ...",https://historica.unibo.it/handle/20.500.14008/94760,https://historica.unibo.it/server/iiif/d10b598a-baf8-4df1-81e5-b581bbf5d905/manifest
BO0624_81954,"Catalogo della vendita all'asta di tutta la merce antica e moderna esistente nella Galleria di Palazzo Strozzi (Via Tornabuoni) ...: La Vendita sarà eseguita dalla Casa di Vendite Galleria Ciardiello negli stessi Saloni di Palazzo Strozzi - Firenze ...: Vendita Lunedi 6, 7, 8, 9, 10, 11, 13 e 14 Maggio [1935]",https://historica.unibo.it/handle/20.500.14008/92965,https://historica.unibo.it/server/iiif/d116b65f-b02a-4308-a7c8-2cce59dc6260/manifest
BO0624_84317,"Catalogue des tableux anciens & modernes, dessins, gouaches et aquarelles anciens et modernes ...: jeudi 8 novembre 1928",https://historica.unibo.it/handle/20.500.14008/93671,https://historica.unibo.it/server/iiif/d160da5c-cf0b-4f85-bda3-1cf78210c1b3/manifest
BO0624_87879,Katalog der hervorragenden Sammlung von Gemälden alter und neuer Meister aus dem Nachlasse des Kupferstechers Jean Baptiste Michiels in Antwerpen ... Versteigerung ... den 28. April 1909 ...,https://historica.unibo.it/handle/20.500.14008/94035,https://historica.unibo.it/server/iiif/d17a1c8e-e747-41cd-bb48-3c6951d5195d/manifest
BO0624_88376,"Katalog der Kunstsammlung von Wittgenstein, Köln und von Gegenständen aus anderem Besitz ...: Versteigerung zu Köln ... den 13. bis ... den 16. Mai 1919 ...",https://historica.unibo.it/handle/20.500.14008/94372,https://historica.unibo.it/server/iiif/d1c8ac1d-ba58-4391-8436-fe303014b871/manifest
BO0624_84265,"Collection Ch. Haviland: Tableaux anciens et modernes ... dessins, gouaches, pastels ... objets d'art et d'ameublement ... dont la vente ... aura lieu à Paris ... les jeudi 14 et vendredi 15 décembre 1922 ...",https://historica.unibo.it/handle/20.500.14008/93637,https://historica.unibo.it/server/iiif/d1e5d2fc-fd76-4e61-9c00-d404bcb30a34/manifest
BO0624_81972,Catalogo della Raccolta Pisa. Vol. 1: Testo,https://historica.unibo.it/handle/20.500.14008/92980,https://historica.unibo.it/server/iiif/d1f247dd-7e95-4848-a1cd-f665c511e7ad/manifest
BO0624_88438,Gemälde alter und neuer Meister Orientteppiche Möbel Porzellan Holzplastik Bronzen Münzen u. a. aus Sammlung Prinz Wilhelm von Hessen und anderem Besitz ...: Versteigerung ... 5. Oktober 1920 ... 6. Oktober 1920,https://historica.unibo.it/handle/20.500.14008/94420,https://historica.unibo.it/server/iiif/d1f273cc-46d2-4001-827c-3ce97635a916/manifest
BO0624_87684,"Gemälde alter Meister in Tempera und Öl: Sammlung des Herrn A. Bruchmann, Magdeburg: Galerie aus dem Besitz der Familie Lürmann, Bremen: kleinere Beiträge aus anderem Besitz: Versteigerung: Dienstag, den 1., u. Mittwoch, den 2. März 1904",https://historica.unibo.it/handle/20.500.14008/93886,https://historica.unibo.it/server/iiif/d219dd48-9a32-425b-9b64-0cd4b8a63b05/manifest
BO0624_88699,"Achte Dresdner Kunst- und Antiquitäten-Versteigerung aus SchlÖ Erdsmannsdorf, ehem. Bes. Königs Friedrich Wilhelm 3., aus Adels- und anderem Besitz ...: Versteigerung ... den. 26. März 1928 ... den 27. März 1928",https://historica.unibo.it/handle/20.500.14008/94629,https://historica.unibo.it/server/iiif/d21e46d2-befc-4c4e-bd54-e4a31fd492aa/manifest
BO0624_88731,"Nachlass Sr. Hoheit Herzog Bernhard 3. von Sachsen-Meiningen und seiner Gemahlin Ihrer Königlichen Hoheit der Herzogin Charlotte von Sachsen-Meiningen, Prinzessin von Preüen: Gemälde neuer Meister ...: mit 25 Tafeln [Versteigerung ... den 15. Oktober]",https://historica.unibo.it/handle/20.500.14008/94657,https://historica.unibo.it/server/iiif/d22dabb0-399b-41bc-87df-383336d092fc/manifest
BO0624_88112,"Elna Borch, Kopenhagen: Bildwerke und Handzeichnungen: Gemälde, Skulpturen, Radierungen und Zeichnungen ...: Versteigerung, Dienstag, den 29., und Mittwoch, den 30. April 1913",https://historica.unibo.it/handle/20.500.14008/94184,https://historica.unibo.it/server/iiif/d2452032-50fb-415d-a312-a528fb4eeeb8/manifest
BO0624_81811,Catalogo degli oggetti d'arte antica e moderna e mobili artistici appartenenti a quattro nobili famiglie patrizie romane ...: La vendita al pubblico incanto avrà luogo in Roma nella Galleria Giuseppe Giacomini ... dal 31 marzo a tutto il 12 aprile,https://historica.unibo.it/handle/20.500.14008/92780,https://historica.unibo.it/server/iiif/d260d755-4be7-42fc-bb34-fcbcb011d67f/manifest
BO0624_87928,"Gemalde alter Meister des 15 bis 18 Jahrhunderts aus dem Nachlass Andreas Achen bach, Dusseldorf und aus anderem Privatbesitz: Ausstellung: Sonntag, den 13. und Montag, den 14. November 1910: Versteigerung: Donnerstag den 17 November 1910",https://historica.unibo.it/handle/20.500.14008/94064,https://historica.unibo.it/server/iiif/d278da5d-f533-40c3-a546-710400c92707/manifest
BO0624_88127,"Sammlung Sr. Durchlaucht des Prinzen Joseph Eduard Puzyna, Freiburg-Schweiz: Gemälde, Aquarelle, ...: Versteigerung: den 12., und ... den 13. Juni 1913",https://historica.unibo.it/handle/20.500.14008/94193,https://historica.unibo.it/server/iiif/d2791890-7bb5-4441-af6d-3556c629287f/manifest
BO0624_44695,Catalogue d'une collection de faience de Delft provenant d'un amateur hollandais: la vente aura lieu a Amsterdam mardi le 30 novembre 1909 ... sous la direction de Frederik Muller & Cie,https://historica.unibo.it/handle/20.500.14008/92673,https://historica.unibo.it/server/iiif/d29da061-1ec1-49b2-bf92-9d4ef05b11d3/manifest
BO0624_88705,"Sammlung Exzellenz C. G. Nano: Antiquitäten ... Gemälde Alter Meister: Versteigerung: Dienstag und Mittwoch, den 3. und 4. April 1928",https://historica.unibo.it/handle/20.500.14008/94634,https://historica.unibo.it/server/iiif/d2ca197a-0601-4630-8235-34afe3ba159a/manifest
BO0624_87766,"Katalog von Oelbildern, Studien und Handzeichnungen neuer Meister aus dem Nachlasse der Herren Kunstmaler Ernst Adolf Meissner, München, und Adolf Pichler, München etc.: Auktion in München in der Galerie Helbing ... den 20. Juni 1906",https://historica.unibo.it/handle/20.500.14008/93948,https://historica.unibo.it/server/iiif/d2ff1ee5-7b59-4d88-b15d-5451b8a81127/manifest
BO0624_88205,Gemälde des 16. bis 19. Jahrhunderts: zwei auswärtige Privatsammlungen und Einzelbeiträge ...: Versteigerung: ... den 5. Mai 1914: mit 22 Autotypien,https://historica.unibo.it/handle/20.500.14008/94247,https://historica.unibo.it/server/iiif/d305fe23-7303-4826-bdaa-3a7985712e60/manifest
BO0624_87708,"Aus Hamburger Privatbesitz Gemaelde alter und moderner Meister ersten Ranges Zeichnungen, Aquarelle, Kupferstiche und Menzel-Sammlung: Antiquitäten und moderne Kunstgegenstände ... Versteigerung ... den 13. Dezember 1904",https://historica.unibo.it/handle/20.500.14008/93902,https://historica.unibo.it/server/iiif/d3517884-09d3-4c12-a7d5-6bc390facf71/manifest
BO0624_87424,Katalog der von dem Herrn Kunsthändler Herm. Engels in Bonn nachgelassenen Kunst-Sammlungen ... Versteigerung zu Bonn am 4-6 August 1891 ... durch M. Lempertz' Antiquariat (P. Hanstein) ...,https://historica.unibo.it/handle/20.500.14008/93737,https://historica.unibo.it/server/iiif/d375dde7-2277-47d5-881b-6e31291bcf03/manifest
BO0624_88251,Antiquitäten Kunst- und Einrichtungsgegenstände Gobelins und Textilien Ölgemälde alter Meister: Auktion in München in der Galerie Helbing ... den 27. und ... den 28. Juni 1916,https://historica.unibo.it/handle/20.500.14008/94282,https://historica.unibo.it/server/iiif/d3881567-f719-480c-be5e-3fbbb69b2fc7/manifest
BO0624_66085,"Catalogue of old French furniture, objects of art and porcelain, the property of viscount D'Abernon: wednesday, june 26, 1929",https://historica.unibo.it/handle/20.500.14008/93206,https://historica.unibo.it/server/iiif/d3a61dcc-957f-45dd-b3a7-f8c93f299f5b/manifest
BO0624_87793,"Katalog der Nachgelassenen Gemäldesammlungen der Herren Gustavo de Mauer aus Bogotà (Columbia) verstorben in Reichenhall, Kunstmalers F. Hermesdorff aus München und der Frau Professor Heimsoeth geb. Mertens-Schaaffhausen in Bonn: Versteigerung zu Cöln ... den 4. und ... den 5. März 1907 unter Leitung von Peter Hanstein Inhaber der Firma: Math. Lempertz' Buchhandlung und Antiquariat in Cöln und Bonn",https://historica.unibo.it/handle/20.500.14008/93968,https://historica.unibo.it/server/iiif/d3b1e7f1-eda8-4b4f-8026-e0ceabbd82a1/manifest
BO0624_87713,"Gemälde alter Meister ersten Ranges, Pastelle, Aquarelle, Zeichnungen: dabei ein Teil der Sammlung des Fürsten Serge Roudacheff in St. Petersburg, sowie die Kollektion des Herrn Dr. H. in W. ...: oeffentliche Versteigerung: Dienstag, den 14. Februar 1905",https://historica.unibo.it/handle/20.500.14008/93906,https://historica.unibo.it/server/iiif/d3d0537e-feb7-4668-9e51-fac9b85e26bd/manifest
BO0624_83767,Catalogue des objets d art et d'ameublement des 17. et 18. siècles ... tableaux anciens ... composant la collection de M. H.-J. M: jeudi 9 février 1905,https://historica.unibo.it/handle/20.500.14008/93281,https://historica.unibo.it/server/iiif/d436e849-482a-4800-9bc5-851f5682cff9/manifest
BO0624_88742,"Ölgemälde, Aquarelle und Handzeichnungen moderner Meister, aus Ausändischem-Nord - U. Mitteldeutschem Sowie aus Münchener Besitz. Auktion: München, 27 November 1928",https://historica.unibo.it/handle/20.500.14008/94668,https://historica.unibo.it/server/iiif/d44c606e-2845-42db-a2f8-836dc62ed512/manifest
BO0624_4554,"Catalogue de la vente du marquis de La Gandara se composant de tout le mobilier de son grand palais lui provenant de l'heritage de sa mère la princesse de Sirignano, ainsi que ... argenterie de table, joyaux en perles, émeraudes, brillants, etc. vagon-salon à la gare, voitures de luxe, billard, lustres, pianos",https://historica.unibo.it/handle/20.500.14008/92686,https://historica.unibo.it/server/iiif/d4651b3e-dcd4-4dfd-b74a-340a20d99dc8/manifest
BO0624_50361,"Catalogue de la collection Eugene Broerman. Tableaux anciens de tout premiere ordre, dessins et meubles anciens, tapis précieux ...: la vente publique en aura lieu ... le lundi 21 mars 1927 ...",https://historica.unibo.it/handle/20.500.14008/92702,https://historica.unibo.it/server/iiif/d473a6ec-9de8-4848-a0fe-f83ba43ab344/manifest
BO0624_88739,Sammlung C. Waltfried aus Kl. Dissnak (Lauenburg) und Beiträge aus Sammelbesitz: Möbel des norddeutschem Barock und Empire ... Gemälde alter und neuer Meister ... mit 15 Tafeln [Versteigerung ... den 13. November],https://historica.unibo.it/handle/20.500.14008/94665,https://historica.unibo.it/server/iiif/d4a46a73-b8e5-470f-b658-2ad7621e4db7/manifest
BO0624_88653,"Ölgemälde, Aquarelle und Handzeichnungen moderner Meister aus dem besitze eines suddeutschen kunstfreundes und aus andrem besitze. Auktion: München, 11 Juni 1927",https://historica.unibo.it/handle/20.500.14008/94589,https://historica.unibo.it/server/iiif/d4c01933-adeb-4067-98f0-0cc4c31cf557/manifest
BO0624_88215,Sammlung ausgewählter Werke des Münchener Landschfters August Seidel (geb. 1820 - gest. 1914) aus Münchener Privatbesitz: ... Versteigerung: ... den 29. Mai 1914,https://historica.unibo.it/handle/20.500.14008/94252,https://historica.unibo.it/server/iiif/d4c04217-1732-485b-9e41-ac54232d7c3f/manifest
BO0624_83824,"Catalogue des tableaux anciens oeuvres de Casanova, Chardin, Charles Coypel, Van Gorp, Lagrenée, Lemoine, Lépicié, etc., etc. panneaux décoratifs, dessus de portes objets d'art et d'ameublement ... provenant de la collection d'un amateur: samedi 16 décembre 1905",https://historica.unibo.it/handle/20.500.14008/93316,https://historica.unibo.it/server/iiif/d4d7dec2-472f-4083-8681-b6f307a54894/manifest
BO0624_88065,"Sammlung Carl Roettgen, Bonn: Werke der Holzplastik des 13. bis 17. Jahrhunderts, Mobiliar der Gotik und Renaissance, Kunstgewerbe [Versteigerung zu Köln unter Leitung von Peter Hanstein ... den 11., ... den 12. und den 13. Dezember 1912]",https://historica.unibo.it/handle/20.500.14008/94147,https://historica.unibo.it/server/iiif/d4de5445-e031-4120-887a-26415470cd52/manifest
BO0624_87530,"Katalog von Oegemälden erster neurer Meister Ed. Hildebrandt ... und von Antiken und modernen Kunstgegenständen. Dabei interessante Beiträge aus den Nachlassen des Herrn Stadtrath Löwe und der Frau Marie Niemann-Seebach ... Oeffentiliche Versteigerung ... den 14, December 1897 u. folg. Tage ... Rudolph Lepke's Kunst-Auctions-Haus",https://historica.unibo.it/handle/20.500.14008/93801,https://historica.unibo.it/server/iiif/d4e24d16-2719-45c1-9f18-61f7453d0049/manifest
BO0624_88767,"Sammlung v.B. Ölgemälde moderner Meister des 19. und 20. Jahrhunderts. Auktion: München, 23 April 1929",https://historica.unibo.it/handle/20.500.14008/94686,https://historica.unibo.it/server/iiif/d5004f1b-df7f-44c1-a984-c5e8ec91b4d1/manifest
BO0624_88607,"Sammlungen B. und I., Berlin: Antike Möbel Stil- und Prunkmobiliar: Gemälde alter und moderner Mesiter: Antiquitäten aller Art...: Porzellane",https://historica.unibo.it/handle/20.500.14008/94554,https://historica.unibo.it/server/iiif/d500bb21-f1ad-47af-80b2-a196f8ac86a1/manifest
BO0624_84216,"Catalogue des tableaux modernes, aquarelles & dessins par Baryne, Bonington, Corot, Daubigny, Daumier, Decamps, Delacroix, Diaz, J. Dupré ... bronzes de Barye, tableaux anciens ... dessins anciens ... Émaux et miniatures ... composant la collection L. de M ...: dont la vente aura lieu à Paris ... les lundi 16, mardi 17, mercredi 18 et jeudi 19 juin 1919 ...",https://historica.unibo.it/handle/20.500.14008/93597,https://historica.unibo.it/server/iiif/d508fb31-06ed-4897-b9a0-e50c405eab54/manifest
BO0624_87427,Katalog der reichhaltigen Sammlung von Kunstsachen und Antiquitäten sowie Einrichtungs-Gegenständen aus dem Nachlasse der Herrn August Vorhauer in Braunschweig ...Versteigerung zu Braunschweig den 5. October 1891 und die folgende Tage ... durch der Auctionator Bremer unter Leitung von J. M. Heberle (H. Lempertz' Söhne) aus Köln,https://historica.unibo.it/handle/20.500.14008/93739,https://historica.unibo.it/server/iiif/d5097d4e-6b55-497e-b74d-61702c02bd63/manifest
BO0624_88769,"Galerie eines altÖsterreichischen Sammlers Gemälde des XV.-XVIII. Jahrhunderts fünf Gemälde aus Hamburger Privatbesitz. Versteigerung: Berlin, 30 April 1929",https://historica.unibo.it/handle/20.500.14008/94688,https://historica.unibo.it/server/iiif/d511b92c-b6b0-43a9-a56f-7925c4467863/manifest
BO0624_87654,"Oelgemälde alter Meister des 16.-18. Jahrhunderts: Portraits dabei hervorrangende Werke von ... Sammlungen: R. Monarini, Florenz: G. Wagener, Lustin, Belgien: Depauw, Gent: sowie der Nachlass der verwittweten Frau Oberstleutenant von Ribbentropp, Charlottenburg welcher im Auftrage des Testaments-Vollstrecker ... versteigert wird ... Versteigerung ... den 24. Februar 1903, und folgenden Tag",https://historica.unibo.it/handle/20.500.14008/93867,https://historica.unibo.it/server/iiif/d54591c8-c333-46b3-81a2-f129182376c0/manifest
BO0624_88655,"Gläser-Sammlung eines Württemberger Sammlers, Gemälde aus dem Nachlass von Professor Fr. v. Keller, Stuttgart, Sammlung alter Meister, Stiche und Antiquitäten von Harald von Samson, Himmelstjerna-Tübingen, Stoffe, Ostasiatica, Teppiche, Möbel usw. Versteigerung: Stuttgart, 13.-15. September 1927",https://historica.unibo.it/handle/20.500.14008/94591,https://historica.unibo.it/server/iiif/d55e019c-52c9-442c-b675-0712a1e73717/manifest
BO0624_84210,"Catalogue de tableaux anciens et modernes, dessins, aquarelles, pastels, gouaches ... objets d'art et d'ameublement ... tapisseries ...: la vente après décès de M.me la Duchesse de Trévise aura lieu à Paris ... le lundi 7 mai 1917 ...",https://historica.unibo.it/handle/20.500.14008/93591,https://historica.unibo.it/server/iiif/d57b09d1-ce56-47b7-a9b8-033de14fc9c2/manifest
BO0624_88687,"Keramik, Silber, Zinn, Möbel, Plastik, Gemälde alter Meister vorwiegend aus deutschem und ausländischem Privatbesitz. Versteigerung: München, 17-18 Jan. 1928",https://historica.unibo.it/handle/20.500.14008/94617,https://historica.unibo.it/server/iiif/d57b5d27-9eb7-4eee-b0b5-2da4fb775062/manifest
BO0624_87487,Katalog der ausgewählten und reichhaltigen Gemälde-Sammlungen der Herren Mathias Nelles zu Köln a. Rh. und Paul Henckels zu Solingen nebst kleineren Nächlassen ... Versteigerung zu Köln den 16. bis 18. December 1895 durch J. M. Heberle (H. Lempertz' Söhne),https://historica.unibo.it/handle/20.500.14008/93774,https://historica.unibo.it/server/iiif/d5bfcce3-d8cc-4a4f-abcb-4383766c6ad4/manifest
BO0624_88522,Gemälde alter Meister aus der Sammlung des Freiherrn Adolph von Holzhausen Frankfurt a. M. und Museumbesitz: die Antiquitätensammlung eines bekannten süddeutschen Sammlers ... mit 20 Tafeln Abbildungen [Versteigerung ... 24. April 1923 ... 25. April 1923],https://historica.unibo.it/handle/20.500.14008/94496,https://historica.unibo.it/server/iiif/d614bd2b-cc14-4082-aa0d-9c328fc4aab6/manifest
BO0624_84185,"Catalogue des tableaux anciens & modernes ... oeuvres de Barye, objets d'art et d'ameublement, céramique, ... tapisserie anciennes dépendant de la successione de M. Ch. Levesque ...: la vente aura lieu à Paris ... les vendredi 27 et samedi 18 mars 1914 ...",https://historica.unibo.it/handle/20.500.14008/93570,https://historica.unibo.it/server/iiif/d6334d95-d209-4cd0-b388-f08a761e8239/manifest
BO0624_84045,"Catalogue d'un important mobilier artistique ancien et moderne tableaux anciens par Danloux, P. Mignard, B. Monnoyer, Panini, L. Tocqué, Wertmuller, etc. ...: mardi 25, mercredi 26 avril ... jeudi 27 avril 1911",https://historica.unibo.it/handle/20.500.14008/93460,https://historica.unibo.it/server/iiif/d63aa4eb-9b82-423c-8d12-7380872ecc99/manifest
BO0624_84101,"Catalogue des objets d'art et d'ameublement anciens & modernes, tableaux dessins, gravures, sculptures ...: le lundi 29 avril 1912",https://historica.unibo.it/handle/20.500.14008/93506,https://historica.unibo.it/server/iiif/d643a79e-a443-479f-98c9-3ff76e2788ae/manifest
BO0624_88720,"Kunstgegenstande aus auslandischem Privatbesitz, aus Berliner und Frankfurter Privatbesitz, aus dem Nachlass des Herrn Carl von Hollitscher: Versteigerung: Mittwoch, den 23. Mai 1928",https://historica.unibo.it/handle/20.500.14008/94647,https://historica.unibo.it/server/iiif/d66c62cb-cac1-4e36-9874-11eac45c3fe9/manifest
BO0624_87672,"Catalog einer Sammlung von vertvollen Gemälden alter und moderner Meister, sowie Handzeichnungen Künstlerischer Nachlass (Kaulbach-Museum zu München) von Wilhelm von Kaulbach. Versteigerung zu München ... den 24. November unter Leitung des herrn Carl Maurer gerichtlich verpflichteter Kunstexpert in München",https://historica.unibo.it/handle/20.500.14008/93878,https://historica.unibo.it/server/iiif/d6746fef-e4d6-4851-ad33-a5f950363169/manifest
BO0624_83784,"Catalogue des tapisseries anciennes des 17. et 18. siècles, bordures en ancienne tapisserie, tapisseries au point, étoffes anciennes ... dépendant de la succession de M. Achille Leclercq ...: 2, 3 et 4 mai 1905",https://historica.unibo.it/handle/20.500.14008/93290,https://historica.unibo.it/server/iiif/d67baf92-7459-48a1-8479-9b83e34f59b5/manifest
BO0624_87659,"Gemälde alter Meister: Pastelle Aquarelle Zeichnungen: Miniaturen: Gerahmte Kupferstiche und Lithographien: am zweiten Auktionstage ... Sammlung der Frau Lucie Veryken, Amsterdam und Bilder-Nachlass des Herrn Freiherrn Leo v. Lauer-Münchhofen, Berlin ... Öffentliche Versteigerung ... den 31. März und ... den 1. April 1903",https://historica.unibo.it/handle/20.500.14008/93869,https://historica.unibo.it/server/iiif/d67d8963-8892-4a83-b224-daf23aeea1d5/manifest
BO0624_88228,Städteansichten. Historische Szenen. Schlachtenbilder. Volks- und Heerestrachten. Tassen. Berlin. Alt-Weimar (Goethe und sein Kreis). Deutsche Kunst. Deutsche Kupferstiche etc.: Versteigerung ... 27. September ... 28. September 1915,https://historica.unibo.it/handle/20.500.14008/94261,https://historica.unibo.it/server/iiif/d67ea380-94cb-4c28-92f6-436a5ea62f0c/manifest
BO0624_88165,"Verzeichnis über die Sammlung des seel. Herrn Julius Reis [gestorben] in Frankfurt a. M. bestehend aus Gemälden meist moderner Meister, Miniaturen ... in Frankfurt a. M. ... den 2. bis 4. Dezember 1913 ...",https://historica.unibo.it/handle/20.500.14008/94223,https://historica.unibo.it/server/iiif/d695ee21-2972-4f1b-9488-2e154e28a0f6/manifest
BO0624_88146,"Gemäldesammlung prof. Albert Schmidt, München: ferner Gemälde aus den Nachlässen prof. Franz Skarbina, Berlin, mitglied des Senats der Königl. Akademie der Künste, Kunstmaler F. Pernat, München, etc., etc. [Auktion in München in der Galerie Helbing ... den 18. Oktober 1913]",https://historica.unibo.it/handle/20.500.14008/94210,https://historica.unibo.it/server/iiif/d6be8d27-5b73-4ab2-8db2-6e33cfc35f88/manifest
BO0624_88726,"Ölgemälde, Aquarelle und Handzeichnungen moderner Meister aus ausländischem und mitteldeutschem Besitze, sowie dem Nachlass eines Münchener Sammlers. Auktion: München, 20 september 1928",https://historica.unibo.it/handle/20.500.14008/94653,https://historica.unibo.it/server/iiif/d6df9007-cc45-4e91-8db8-85c4d8455a09/manifest
BO0624_87685,"Versteigerung von Ölgemälden alter Meister Gobelins 16.-18. Jahrh. und Antiquitäten etc.: Kunst-Abteilung des Öffentlichen und Städtischen behörden, Berlin C.",https://historica.unibo.it/handle/20.500.14008/93887,https://historica.unibo.it/server/iiif/d6f84021-84e0-4890-8a0f-b4245025a996/manifest
BO0624_84275,"Collection Lehmann. Vol. 1: Catalogue des objets d'art et d'ameublement, faiences, porcelaines, objets variés, sculptures par Couston, Rosset, Pajou, Clodin, Marion, etc...: jeudi 4 et vendredi 5 Juin 1925",https://historica.unibo.it/handle/20.500.14008/93646,https://historica.unibo.it/server/iiif/d7023426-699a-4f72-bbee-0aa5b94138a2/manifest
BO0624_84179,"Catalogue des objets d'art et d'ameublement, porcelaines de Chine, porcelaines de Sèvres, de Saxe, etc., boites et miniatures ... tableaux anciens par Corneille de Lyon, L. Cranach, H. Goltzius ... provenant de la liquidation de l'ancienne Société Seligmann ...: à Paris ... les lundi 9, mardi 10. mercredi 11 et jeudi 12 mars 1914 ...",https://historica.unibo.it/handle/20.500.14008/93566,https://historica.unibo.it/server/iiif/d7432788-b04a-4bf2-ac74-2fdaeb8e5b7f/manifest
BO0624_83655,Collection de M. le comte Armand Doria: T. 2: Catalogue des aquarelles & pastels par Barye ...: lundi 8 et mardi 9 mai 1899,https://historica.unibo.it/handle/20.500.14008/93244,https://historica.unibo.it/server/iiif/d75bb244-fa47-4b57-b306-05b91744886d/manifest
BO0624_87482,Katalog der reichhaltigen und ausgewählten Kunst-Sammlung des Museums Christian Hammer in Stockholm. Serie 6. (Schluss der Kunst-Sammlung.) ... Das Antiken-Cabinet. Versteigerung zu Köln den 28. Oktober bis 7. November 1895 durch J. M. Heberle (H. Lempertz' Söhne),https://historica.unibo.it/handle/20.500.14008/93771,https://historica.unibo.it/server/iiif/d808669c-a258-4759-bc8a-d67cf7f5da5d/manifest
BO0624_88787,"Die Sammlung Dr. Eduard Simon, Berlin: 1. Erster Band: Gemälde und Plastik",https://historica.unibo.it/handle/20.500.14008/94706,https://historica.unibo.it/server/iiif/d823f025-d1e5-4b33-bb0f-0287840b9766/manifest
BO0624_84073,Catalogue de deux importants tableaux par François Boucher et d'une tableau par David Teniers: samedi 2 décembre 1911,https://historica.unibo.it/handle/20.500.14008/93485,https://historica.unibo.it/server/iiif/d847e6a4-ee5a-4b8a-a8fc-e3a7a6ce66ec/manifest
BO0624_87804,"Einige Gemälde alter Meister aus verschiedenem Besitz, welche im Anschlü an die Kollektion moderner Bilder: zur Versteigerung...den 26. Juni 1907",https://historica.unibo.it/handle/20.500.14008/93976,https://historica.unibo.it/server/iiif/d8b2357c-18ff-4ada-a9a2-61a42eae241e/manifest
BO0624_87868,"Katalog Gemälde älterer und neuzeitiger Meister aus verschiedenem Besitze: Versteigerung zu Köln a. Rh., Montag den 21. u. Dienstag den 22 Dezember 1908",https://historica.unibo.it/handle/20.500.14008/94031,https://historica.unibo.it/server/iiif/d900b686-4915-4951-aeab-4df3e63a35cc/manifest
BO0624_88048,Sammlung Professor Otto Seitz [gestorben] München: Antiquitäten besonders Arbeiten der Gotik und Renaissance ... [Auktion in der Galerie Helbing in München ... den 4. November 1912 und folgende Tage],https://historica.unibo.it/handle/20.500.14008/94136,https://historica.unibo.it/server/iiif/d908cd85-47cf-45ff-9d7c-65f7be2e6d87/manifest
BO0624_81836,"Catalogo n. 124: Prima parte della collezione di quadri antichi e moderni del signor A.G. Bianchi di Milano, aggiunta una raccolta di mobili, quadri ed oggetti d'arte appartenenti a un patrizio fiorentino. Vendita all'incanto dal 22 al 27 ottobre 1917",https://historica.unibo.it/handle/20.500.14008/92870,https://historica.unibo.it/server/iiif/d9187e6d-b472-4746-984f-dc56a9adac6f/manifest
BO0624_88595,Gemälde und Handzeichnungen alter Meister,https://historica.unibo.it/handle/20.500.14008/94545,https://historica.unibo.it/server/iiif/d9767321-4bcb-43c9-a63b-f9f1d256073f/manifest
BO0624_87972,"Verzeichnis der Gemälde älterer und moderner Meister Antiquitäten und Kunstsachen in Silber, Bronze, Elfenbein, Keramik, Glas, Kristall, Zinn, Möbel, Kunstblätter u. a. aus hiesigem und auswärtigem Privatbesitz: Versteigerung, Dienstag und Mittwoch, den 10. und 11. Oktober 1911 Frankfurt am Main",https://historica.unibo.it/handle/20.500.14008/94091,https://historica.unibo.it/server/iiif/d9897e5c-ea11-4d9e-aa84-439534ab867c/manifest
BO0624_83674,"Catalogue des tableaux anciens de premier ordre par F. Boucher, A. Durer ... formant la collection de M. S. ...: jeudi 14 juin 1900",https://historica.unibo.it/handle/20.500.14008/93259,https://historica.unibo.it/server/iiif/d992ea8f-6f50-4053-8f71-0a6507563b23/manifest
BO0624_88012,"Ölgemälde moderner Meister aus dem Besitze des Herrn E. Czermak, München sowie aus anderem Privatbesitze: Auktion in München in der Galerie Helbing ... den 20. März 1912",https://historica.unibo.it/handle/20.500.14008/94113,https://historica.unibo.it/server/iiif/d9d54cca-1320-4e16-a6ff-3dec0ff1b812/manifest
BO0624_83978,"Catalogue des tableaux anciens et modernes par Backhuisen, Bonaventure de Bar ... dessins, pastels: Hotel Drouot, le mercredi 2 juin 1909",https://historica.unibo.it/handle/20.500.14008/93420,https://historica.unibo.it/server/iiif/da348061-033d-499d-b13c-7410ec91e3de/manifest
BO0624_84235,"Catalogue des tableaux anciens et modernes, dessins, gravures par Bastien-Lepage, Ch. Jacque, E. Lansyer, Ch. Lapostolet ... objets d'art et d'ameublement du 18. siècle & autres ... composant la collection de M. Eug. Richtenberger ...: la première vente ... aura lieu ... les mardi 19 et mercredi 20 avril 1921 ...",https://historica.unibo.it/handle/20.500.14008/93614,https://historica.unibo.it/server/iiif/da7b6d0a-c923-4a2d-ab6d-6f0e70bc4ac1/manifest
BO0624_87505,Verzeichniss von Antiquitäten und Kunst-Gegenständen sowie Gemälden alter Meister aus verschiedenen Nachlässen und Privatbesitz: Versteigerung zu Köln ... den 8. un 9. October 1896 durch das Erste Kölner Antiquitäten- und Kunst-Auctions-Haus Carl Offermann & Co,https://historica.unibo.it/handle/20.500.14008/93789,https://historica.unibo.it/server/iiif/da7bc168-f01c-4975-99f3-b7311867e6de/manifest
BO0624_87473,"Katalog der reichhaltigen Gemälde-Sammlung aus dem Nachlasse der Frau Wwe Hofrath Dr. Ewich zu Köln, und kleinere Nachlasse. Ausgewählte Gemälde älterer und neuerer Meister. Versteigerung zu Köln am 4. un 5. März 1895 durch J. M. Heberle (H. Lempertz' Söhne)",https://historica.unibo.it/handle/20.500.14008/93766,https://historica.unibo.it/server/iiif/da87cb81-7159-4976-a81e-e5526b354789/manifest
BO0624_51201,"Valuable paintings, fabrics, antique furniture & Objets d'art ... the property of Marchese Ugo Pietro Spinola of New York & Rome [3 may 1928]",https://historica.unibo.it/handle/20.500.14008/92710,https://historica.unibo.it/server/iiif/dab6d627-a740-48db-8ff7-73128b846b8e/manifest
BO0624_88080,"Verzeichnis über Gemälde älterer und moderner Meister alte Holzskulpturen, Antiquitäten u.a. aus dem Besitz einer süddeutschen Sammlerin. Kunstgegenstände afrikanische und asiatische Waffen etc. aus hiesigem und auswärtigem Privatbesitz: Versteigerung ... den 11., 12. und 13. Februar 1913 ... in Frankfurt am Main ...",https://historica.unibo.it/handle/20.500.14008/94157,https://historica.unibo.it/server/iiif/db491e36-2460-4096-b6c8-234f751d38a5/manifest
BO0624_87400,"Katalog der Gemälde Sammlung des hern Carl Pagenstecher in Elberfeld: Gemälde niederländischer, italienischer und deutscher Meister des XV.bis XVIII. Jahrunderts. Moderne Bilder.: versteigerung zu Köln den 28. und 29. Mai 1889",https://historica.unibo.it/handle/20.500.14008/93718,https://historica.unibo.it/server/iiif/db50cc69-9f69-49a7-8f99-132ed212eebb/manifest
BO0624_88134,"Verzeichnis über Gemälde älterer und moderner Meister: Kunstblätter, Antiquitäten, Kunstgegenstände u. Teppiche welche wegen Verlegung meines ganzen Geschäftes ... im Auftrage der Besitzer verkauft werden sollen: Versteigerung in Frankfurt am Main ... den 9. und 10. September 1913 ...",https://historica.unibo.it/handle/20.500.14008/94199,https://historica.unibo.it/server/iiif/db56bb1d-c7dd-4f6e-b5ba-2e5177e6e274/manifest
BO0624_83820,"Catalogue des tableaux anciens et modernes, pastels, aquarelles, dessins, oeuvres remarquables de Chardin ... objets d'art et d'ameublement ... composant la collection de M. E. Cronier: lundi 4 et mardi 5 décembre 1905",https://historica.unibo.it/handle/20.500.14008/93314,https://historica.unibo.it/server/iiif/db5f39b3-98b8-4174-9473-0edd614ddf78/manifest
BO0624_88275,"Ölgemälde Moderner Meister: Galerie Oscar Hermes, München: auktion in München in der Galerie Helbing, Dienstag, den 27. Februar 1917",https://historica.unibo.it/handle/20.500.14008/94301,https://historica.unibo.it/server/iiif/dba163c9-033c-44f6-92c6-aa9832c6253b/manifest
BO0624_50074,"Catalogue d'importants tableaux anciens et de dessins composant la collection Grimaldi De Cadix, la collection de feu M.-C.M.C. Obreen et dépendant de quelques autres provenances ...: la vente aura lieu a Amsterdam les mercredi 4 et jeudi 5 décembre 1912 ... dans la salle de vente Doelenstraat ...",https://historica.unibo.it/handle/20.500.14008/92700,https://historica.unibo.it/server/iiif/dc56172f-b780-4e1b-9f57-223a863fade0/manifest
BO0624_84174,"Catalogue des objets d'art et d'ameublement principalement du 18. siècle, céramique ... dont la vente aux enchères publiques aura lieu ... le lundi 15 décembre 1913",https://historica.unibo.it/handle/20.500.14008/93561,https://historica.unibo.it/server/iiif/dc760602-562b-4f09-9e2e-24c084d19cfa/manifest
BO0624_83689,"Catalogue des tableaux anciens et modernes: aquarelles, dessins, pastels, oeuvres de: Boilly, Boucher, Ph. de Campaigne, Clouet, Fragonard, Greuze, Largillière, Mignard, Proud'hon, Van Dael, J. Ruysdael, Van Spaendonck, Teniers ...: objets de curiosité et d'ameublement du 18. siècle ... composant la collection de M. Eugène Féral: lundi 22 ... mercredi 24 avril 1901",https://historica.unibo.it/handle/20.500.14008/93267,https://historica.unibo.it/server/iiif/dc7ba77c-e10c-4b0b-b405-f3c7a1e27500/manifest
BO0624_87727,"Gemälde alter Meister: Pastelle Aquarelle Zeichnungen: Sammlung aus dem Nachlasse der Fürstin Argyropoulos, Athen (No. 1-55): Ferner eine aus 74 Bildern bestehende Süddeutsche Privatsammlung etc.: Mit 17 Abbildungen ... Versteigerung ... den 16. Mai 1905",https://historica.unibo.it/handle/20.500.14008/93918,https://historica.unibo.it/server/iiif/dc801d89-d138-4c28-92bd-99804a247eec/manifest
BO0624_83730,"Catalogue des objets d'art et d'ameublement des XVII et XVIII siècles, faiences et porcelaines ... gravures ... dessins ... tableaux ...: à Paris, Hotel Drouot ... le mardi 23 février 1904 ...",https://historica.unibo.it/handle/20.500.14008/92820,https://historica.unibo.it/server/iiif/dc8a498d-6c4c-42e1-9c3f-06b372abe843/manifest
BO0624_87496,"Katalog einer reichhaltigen Kunstsammlung aus dem Besitze des Herrn C. Schönlin in München, aus dem Nachlasse des 1894+ Tiermalers und Galeriedirektors in Mannheim Herrn C. Roux sowie aus anderem Nachlasse und Besitze ... Versteigerung zu München ... den 1. Juni und die volgende Tage ... unter Leitung des Kunsthändlers Hugo Helbing in München",https://historica.unibo.it/handle/20.500.14008/93781,https://historica.unibo.it/server/iiif/dc9b91f9-4aff-49f5-a8b9-fb5070930fd1/manifest
BO0624_41646,"Katalog des kunstlerischen Nachlasses des am 14. April 1894 zu Berlin verstorbenen Herrn Prof. Chr. L. Bokelmann Gemalde und Handzeichnungen, Nebst einem Anhang von Zeichnungen des Herrn Prof. Wilh. von Kaulbach, Munchen aus dessen directem Nachlasse: Versteigerung zu Berlin im Architektenhause Wilhelmstrasse 94-95 den 25. Mai 1895, Vormittags 10 Uhr durch J. M. Heberle (H. Lempertz' Sohne)",https://historica.unibo.it/handle/20.500.14008/92513,https://historica.unibo.it/server/iiif/dc9d74bf-74dd-4b87-b625-0df139c7392c/manifest
BO0624_81883,Vendita Pasini: le antichità,https://historica.unibo.it/handle/20.500.14008/92944,https://historica.unibo.it/server/iiif/dcc75010-b7c3-48fc-9fc5-033bffaf6dc5/manifest
BO0624_81768,Illustrazioni della vendita degli oggetti d'arte antica appartenuti al fu Conte Rocchi Camerata di Ancona ... Essendo i Camerata congiunti ed eredi di S.A. Imperiale la principessa Elisa Bonaparte Baciocchi ... gran parte degli oggetti ... provengono da detta eredità: La vendita avrà luogo in Roma dal 28 febbraio al 13 marzo 1907,https://historica.unibo.it/handle/20.500.14008/92745,https://historica.unibo.it/server/iiif/dcd744e6-8b1b-4bd0-8969-12abfb17bb08/manifest
BO0624_88516,Ölgemälde und handzeichnungen modern meister aus süddeutschem privatbesitze und aus anderm besitze. Auktion in München ... 21-22 Februar 1923,https://historica.unibo.it/handle/20.500.14008/94491,https://historica.unibo.it/server/iiif/dce39f9b-d4e2-4dcb-8eee-f6164d97c2c2/manifest
BO0624_88722,"Ölgemälde, Aquarelle und Handzeichnungen moderner Meister, aus rheinischem und süddeutschem Besitz. Auktion: München, 5 Juni 1928",https://historica.unibo.it/handle/20.500.14008/94649,https://historica.unibo.it/server/iiif/dd1773b6-72c0-4d60-bb26-d30661affda1/manifest
BO0624_84128,"Catalogue des objets d'art et d'ameublement anciens, faiences et porcelaines, bois sculptées et vernis, bois de placage ... le tout appartenant a M. Eugène de C. et dont la vente aura lieu Hotel Drouot, salle n. 1 les jeudi 5 et vendredi 6 décembre 1912",https://historica.unibo.it/handle/20.500.14008/93531,https://historica.unibo.it/server/iiif/dd1c3161-522b-407d-8550-e53387398736/manifest
BO0624_84200,"Catalogue des objets d'art anciens, faïences et porcelaines anciennes, tableaux, gravures, dessins, miniatures, objets de vitrine, sièges et meubles anciens: dont la vente aura lieu à Paris ... le vendredi 29 mai 1914 ...",https://historica.unibo.it/handle/20.500.14008/93582,https://historica.unibo.it/server/iiif/dd2e5a77-f13a-4aba-a57f-56fab91d3b46/manifest
BO0624_4868,Catalogo della vendita della collezione del cav. Salvatore Arbib ...: dal giorno 18 al 25 maggio 1908 nell'antico Palazzo Berlendis oggi Arbib,https://historica.unibo.it/handle/20.500.14008/92693,https://historica.unibo.it/server/iiif/dd4b3607-10b4-4382-8424-e4b144b2949c/manifest
BO0624_88749,"Sammlung Dr. Paul v. Ostermann, Darmstadt-München: Teil II ; Europäische Fayencen und Porzellane, ostasiatische Keramik, Möbel, alte Gemälde, im Anhang: alte Gemälde aus Hamburger Privatbesitz. Versteigerung: München, 18 Dezember 1928",https://historica.unibo.it/handle/20.500.14008/94671,https://historica.unibo.it/server/iiif/dd4d7010-ee95-485e-979c-3eb38ae1ff22/manifest
BO0624_88453,"Möbel Antiquitäten Gemälde älterer und neuerer Meister aus verschiedenem rheinischen Privatbesitz: mit 12 Lichtdrucktafeln ...: Versteigerung ... den 9. ..., den. 10., ... den 11., ... den 13. Dezember 1920",https://historica.unibo.it/handle/20.500.14008/94433,https://historica.unibo.it/server/iiif/dd5aae81-c137-456a-9ac1-b7b621c08176/manifest
BO0624_84259,"Liquidation des biens Simon Rosenau fils: tapisseries anciennes ... porcelaines anciennes ... bronzes ... sièges ... ameublement de salon ... dont la vente ... aura lieu à Paris ... les 15, 16 et 17 mai 1922 ...",https://historica.unibo.it/handle/20.500.14008/93633,https://historica.unibo.it/server/iiif/dd9fe06c-3e19-4a82-ba92-6e7d404ccbdf/manifest
BO0624_66074,"Catalogue of old English & French furniture, objects of art & porcelain, the property of the Rt. Hon. Lord Brownlow, and removed from Belton House, Grantham: fine Chinese porcelain and old Brussels tapestry ...: thursday, march 14, 1929",https://historica.unibo.it/handle/20.500.14008/93195,https://historica.unibo.it/server/iiif/dda2e35d-42c5-4948-a967-b7dfb54d3917/manifest
BO0624_87467,"Katalog der reichhaltigen und ausgewählten Kunst-Sammlung des Museums Christian Hammer in Stockholm, Serie 5, Töpfereien, Fayencen ... Versteigerung zu Köln den 8. bis 12. October 1894 durch J. M. Heberle (H. Lempertz' Sönhe)",https://historica.unibo.it/handle/20.500.14008/93762,https://historica.unibo.it/server/iiif/ddcf8693-3fd6-4460-ad43-61f74748bc71/manifest
BO0624_66051,"Catalogue of the collection of highly important pictures by old masters of sir William Neville Abdy ...: Friday, May 5, 1911",https://historica.unibo.it/handle/20.500.14008/93173,https://historica.unibo.it/server/iiif/ddcfbed5-b11f-4513-95ff-aa5d7e7efbfc/manifest
BO0624_87456,"Katalog der reichhaltigen und ausgewählten Kunst-Sammlung des Museums Christian Hammer in Stockholm. Serie 3. Töpfereien, Majoliken ... Versteigerung zu Köln den 19. bis 24. October 1893 durch J. M. Heberle (H. Lempertz' Sönhe)",https://historica.unibo.it/handle/20.500.14008/93754,https://historica.unibo.it/server/iiif/de10df3b-632e-400a-a31e-f86eea85ca6b/manifest
BO0624_88374,"Antiquitäten und alte Gemälde aus verschiedenem Privatbesitz ...: Versteigerung: Dienstag, den 15. April bis Donnerstag, den 17. April 1919",https://historica.unibo.it/handle/20.500.14008/94371,https://historica.unibo.it/server/iiif/de3e48c4-5d70-4f86-97d5-a5172a915569/manifest
BO0624_87827,"Ölgemälde alter Meister aus dem Besitze des Herrn W. Schmidt Jun., Düsseldorf: Auktion in München in der Galerie Helbing, Dienstag, den 10. Dezember 1907",https://historica.unibo.it/handle/20.500.14008/93996,https://historica.unibo.it/server/iiif/de4d35fa-7e5c-4ad8-9104-bf1480a585df/manifest
BO0624_87756,"Katalog der Gemälde-Sammlung (2. Teil) des Herrn J. S. Forbes, Chelsea, London: Versteigerung Mittwoch, den 21. März 1906 zu München",https://historica.unibo.it/handle/20.500.14008/93942,https://historica.unibo.it/server/iiif/de691d17-f982-4e2f-8226-0103cf1f2c0a/manifest
BO0624_84072,"Catalogue des objets d'art et d'ameublement, bijoux, porcelaines de Chine, Faïences, objets variés, dentelles, étoffes, bronzes, sièges et meubles, tapisseries...: dont la vente par suite du décès de madame la comtesse de Xaintrailles: mardi 28, mercredi 29 et jeudi 30 novembre 1911",https://historica.unibo.it/handle/20.500.14008/93484,https://historica.unibo.it/server/iiif/deb0b901-be54-45c1-a09e-697e7d0ef50f/manifest
BO0624_88678,"Galerie Fritz Zickel, München: Ölgemalde, Aquarelle und Handzeichnungen moderner Meister. Auktion: Munchen, 26 November 1927",https://historica.unibo.it/handle/20.500.14008/94608,https://historica.unibo.it/server/iiif/debccae0-4d7e-43b8-9846-9d3428732940/manifest
BO0624_87948,"Antiquitäten, Kunst- und Einrichtungsgegenstände Gemälde: Keramik, Silber, Metall, Elfenbein ... aus dem Besitze der Frau Carl Offermann, Niederdollendorf ...: Auktion in München in der Galerie Helbing, Freitag, den 17 und Samstag, den 18 März 1911 ...",https://historica.unibo.it/handle/20.500.14008/94078,https://historica.unibo.it/server/iiif/debe0788-5ea9-4679-b108-9f267a01350d/manifest
BO0624_83743,"Catalogue des objets d'art et d'ameublement, porcelaines, orfèvrerie, éventails, objets de vitrine sculptures, pendules, bronzes, meubles du XVIII siècle et de style ... tableaux anciens ... appartenant à madame N. Nieuwstraten ...: les mardi 10 et mercredi 11 mai 1904 ...",https://historica.unibo.it/handle/20.500.14008/92826,https://historica.unibo.it/server/iiif/decd18d5-fd14-4c6c-9e65-7f8b5705c86c/manifest
BO0624_87783,"Auktions-Katalog von Antiqüitaten, Kunstgegenständen, Oelgemälden alter Meister aus dem Besitze des Kunstmalers Herrn Viktor Scheuermann, München sowie aus dem Nachlasse des verewigten Kunstmalers Herrn J. M. Hahn und aus anderem Besitz: Auktion in München in der Galerie Helbing ... Mittwoch, den 12 Dezember 1906",https://historica.unibo.it/handle/20.500.14008/93960,https://historica.unibo.it/server/iiif/dedadcf0-4289-4fbf-8d4b-707667d5d417/manifest
BO0624_88509,"Gemälde aus Hamburger privat -besitz der Dusseldorf Galerie der Hamburger Kunsthalle under Gallerie E. Amsinck ... Versteigerung: Hamburg, 29-31 August 1922",https://historica.unibo.it/handle/20.500.14008/94485,https://historica.unibo.it/server/iiif/def77331-5278-469c-873f-cf56bdf96b01/manifest
BO0624_81881,Catalogo della vendita delle collezioni di arte antica e dell'arredamento del villino in Lungo Tevere Aventino ...: Esposizione ... 7 Aprile 1929 ... Vendita da lunedi 8 a giovedi 11 aprile,https://historica.unibo.it/handle/20.500.14008/92945,https://historica.unibo.it/server/iiif/df0c9782-2f2d-4ff7-8207-998146d74804/manifest
BO0624_50064,"Catalogue des antiquités, objets d'art et estampes formant la collection Douairière ... et quelques autres provenances: la vente aura lieu à Amsterdam les 25-28 avril 1911 dans l'Hôtel de vente Doelenstraat ...",https://historica.unibo.it/handle/20.500.14008/92705,https://historica.unibo.it/server/iiif/df0deaa7-2f87-4321-bc68-128d4a9c3087/manifest
BO0624_81877,"Vendita all'asta (per successione ereditaria) di tutte le collezioni d'arte del Museo Mylius: Milano, febbraio-marzo 1929",https://historica.unibo.it/handle/20.500.14008/92949,https://historica.unibo.it/server/iiif/df9559e4-c6ef-4c01-9b85-9fdd2b8d8a6c/manifest
BO0624_83633,"Catalogue d'une belle collection de tableaux anciens et modernes, aquarelles et dessins, objets d'art et d'ameublement, anciennes porcelaines de Chine, émaux cloisonnés et bronzes de la Chine et du Japon ... dont la vente aura lieu à Paris Galerie Georges Petit, les Mercredi 1., Jeudi 2 et Vendredi 3 Février 1893",https://historica.unibo.it/handle/20.500.14008/93226,https://historica.unibo.it/server/iiif/dfc14d63-a013-46ac-bf1a-85bbcdab3946/manifest
BO0624_84219,"Catalogue des sculptures en pierre, marbre, bois, ivoire, objets variés, tableaux, tapisseries principalement du Moyen Age et de la Renaissance, composant la collection de feu M. Manzi ...: la vente ... aura lieu à Paris ... les lundi 15 et mardi 16 décembre 1919 ...",https://historica.unibo.it/handle/20.500.14008/93599,https://historica.unibo.it/server/iiif/e023101c-c168-4ff2-9aa2-562f2a8df8d6/manifest
BO0624_88615,"Gemälde alter Meister Handzeichnungen des 19. Jahrhunderts aus der Sammlung A. G. in Hamburg: Versteigerung, Dienstag, 16. November 1926",https://historica.unibo.it/handle/20.500.14008/94562,https://historica.unibo.it/server/iiif/e0259df4-5051-4bed-bcf2-51f526a5c24d/manifest
BO0624_66077,"Catalogue of fine old English silver of the 17. and 18. centuries, the property of Mrs. R. H. Philipson ...: wednesday, may 1, 1929",https://historica.unibo.it/handle/20.500.14008/93198,https://historica.unibo.it/server/iiif/e0468e37-0385-4e97-a38c-7a4c7c400c30/manifest
BO0624_83731,"Catalogue des objets d'art et d'ameublement des XVII & XVIII siècles, bronzes, meubles, tapisseries flamandes, tableaux anciens ... composant la collection de M.H.-J.M ...: le jeudi 25 février 1904 ...",https://historica.unibo.it/handle/20.500.14008/92825,https://historica.unibo.it/server/iiif/e06676f4-0279-45f8-b4e6-2973b2e05244/manifest
BO0624_84333,Catalogue des tableaux anciens ... oeuvres primitives des écoles française et étrangères ... composant la collection de M. L.-A. Gaboriaud: mardi 25 juin 1929,https://historica.unibo.it/handle/20.500.14008/93683,https://historica.unibo.it/server/iiif/e0a460fb-46d4-4598-b4d0-da07b47efc6e/manifest
BO0624_83840,"Catalogue de tableaux anciens et modernes, aquarelles, dessins, pastels par N. Berghem, J. Both ... objets d'art & d'ameublement, argenterie, bijoux, miniatures ... dépendant de la succession de M. le Baron E. De Beurnonville: vendredi 11 et samedi 12 mai 1906",https://historica.unibo.it/handle/20.500.14008/93327,https://historica.unibo.it/server/iiif/e0b393f7-8cbf-44c3-a28f-ee6b2255070a/manifest
BO0624_84155,"Catalogue des tableaux modernes: oeuvres remarquables de Cazin, Corot, Diaz, J. Dupré, Fromentin, Isabey, Marilhat, Gustave Moreau, Roybet, Vollon, Ziem, etc.: tableaux anciens par J. van Goyen, W. van Mieris, P. Moreelse, A. van der Neer, R. Tournières, Ph. Wouwermans, etc. ... tapisseries de Beauvais, d'Aubusson et des Flandres, provenant de la succession de M. X***: Paris, Galerie Georges Petit, le jeudi 29 mai 1913",https://historica.unibo.it/handle/20.500.14008/93548,https://historica.unibo.it/server/iiif/e0b635f5-6412-480e-978a-bb5c6313af0b/manifest
BO0624_88641,Antiquitaten,https://historica.unibo.it/handle/20.500.14008/94579,https://historica.unibo.it/server/iiif/e0c37729-fc85-4058-b040-ce83e4a14701/manifest
BO0624_83654,"Collection de M. le comte Armand Doria: T. 1.: Catalogue de tableaux modernes: oeuvres importantes de Barye, ...: jeudi 4 et vendredi 5 mai 1899",https://historica.unibo.it/handle/20.500.14008/93243,https://historica.unibo.it/server/iiif/e0f35df6-9661-44af-beb0-d843e60d71cf/manifest
BO0624_84225,"Catalogue des tableaux modernes, pastels, aquarelles, dessins par Barye, Bellangè, Besnard ... composant la collection de M.C.V. et dont la vente aux enchères publiques aura lieu ... le jeudi 27 mai 1920 ...",https://historica.unibo.it/handle/20.500.14008/93605,https://historica.unibo.it/server/iiif/e0f820bb-f9ec-4fbf-88ce-f339c03ea3ea/manifest
BO0624_84241,"Catalogue des sculptures, objets d'art et de curiosité ... bois sculptés ... tapisseries, broderies et étoffes composant la collection de Barthélemy Rey ...: la vente ... aura lieu à Paris ... les mercredi 11, jeudi 12, vendredi 13 et samedi 14 mai 1921 ...",https://historica.unibo.it/handle/20.500.14008/93619,https://historica.unibo.it/server/iiif/e12c8fba-ac26-4c1c-9655-73f8c121b12a/manifest
BO0624_87457,Catalog der reichhaltigen Sammlungen des Architekten Herrn Fritz Hasselmann ... den 26. und ... den 27. Oktober 1893 ...öffentlich gegen Baarzahlung versteigert werden,https://historica.unibo.it/handle/20.500.14008/93755,https://historica.unibo.it/server/iiif/e133943c-1af4-4fea-a859-0b3ceec77fde/manifest
BO0624_83742,"Catalogue des objets d'art et d'ameublement du XVIII siècle, faiences françaises, porcelaines de Chine, de Saxe et de Sèvres, pâte tendre, sculptures, pendules et bronzes ... tableaux ... composant la collection de M.H. Beéche ...: le lundi 9 mai 1904 ...",https://historica.unibo.it/handle/20.500.14008/92829,https://historica.unibo.it/server/iiif/e1441a96-8917-43da-977a-240fbc599e9c/manifest
BO0624_88107,"Gemälde alter Meister, Antiquitäten und Miniaturen vornehmlich ausfranzüsischem Besitz: Versteigerung Freitag, den 18. April 1913",https://historica.unibo.it/handle/20.500.14008/94180,https://historica.unibo.it/server/iiif/e1629d4b-04b9-456b-974d-20705f74c1bf/manifest
BO0624_88401,"Sammlung De Ridder [gestorben], Frankfurt a. M.: Keramik, Glas, Edelmetall des 16. bis 18. Jahrhunderts: bearbeitet von Dr. Georg Lill, München mit Vorwort von Prof. Dr. Robert Schmidt Direktor des Kunstgewerbe-Museums, Frankfurt a. M. [Versteigerung in München in der Galerie Helbing ... den 9. Dezember 1919]",https://historica.unibo.it/handle/20.500.14008/94390,https://historica.unibo.it/server/iiif/e168b76e-7006-487f-b718-a6ea734c85b0/manifest
BO0624_84202,"Collection du marquis de Biron: première vente. Catalogue des dessins pastels peintures et sculptures principalement de l'école française du 18. siècle, objets d'art et d'ameublement du 18. siècle et du premier Empire, bronzes d'ornement cadres en bois sculpté et bronze dorés ...: la vente ... aura lieu à Paris ... les mardi 9, mercredi 10 et jeudi 11 juin 1914 ...",https://historica.unibo.it/handle/20.500.14008/93584,https://historica.unibo.it/server/iiif/e16ccbc7-d638-478d-b39c-195be671e779/manifest
BO0624_83636,"Catalogue des aquarelles et dessins par Bida, tableaux et dessins par Clairin, Delacroix ... gravures, lithographies, ouvrages illustrés par Bida, Hédouin ...: Hotel Drouot, les vendredi 26, samedi 27, lundi 29 et mardi 30 avril 1895",https://historica.unibo.it/handle/20.500.14008/93229,https://historica.unibo.it/server/iiif/e171f731-5b82-4752-8542-a3ef14becfa4/manifest
BO0624_88253,"Verzeichnis uber Gemälde Kunstblätter Handzeichnungen, Kupferstiche, Radierungen älterer und moderner Meister Briefmarkensammlungen: Antiquitäten Kunstgegenstände Ostasiatische Arbeiten ... aus hiesigem Privatbesitz: Versteigerung ... den 18.-20. Juli 1916 ... Frankfurt am Main ...",https://historica.unibo.it/handle/20.500.14008/94284,https://historica.unibo.it/server/iiif/e17ac54f-d000-4b8f-9b2f-0c0c1704b3ab/manifest
BO0624_88685,"Gëmalde neuerer Meister vorwiegend aus suddeutschem Besitz: [Versteigerung in Frankfurt A. M., Dienstag, den 13. Dezember 1927]",https://historica.unibo.it/handle/20.500.14008/94615,https://historica.unibo.it/server/iiif/e180e6e3-6848-4b9c-8699-4fe2d51754c4/manifest
BO0624_65729,Collection Dietel: *tableaux modernes de l'école de Barbizon E. A.: la vente aux enchères publiques aura lieu à Amsterdam dans la grande salle de ventes de Frederik Muller & C.ie ... le 30 novembre 1926,https://historica.unibo.it/handle/20.500.14008/93100,https://historica.unibo.it/server/iiif/e18cd5bc-9e1a-498a-8ce2-45a58f73597d/manifest
BO0624_65875,"Vendita al pubblico incanto della ricchissima collezione di Augusto Jandolo di Roma e di altro distinto collezionista: quadri moderni, pastelli, acquerelli, acqueforti, disegni, ecc. ... la vendita avrà luogo ... lunedì 19, martedì 20, mercoledì 21 maggio 1913",https://historica.unibo.it/handle/20.500.14008/93169,https://historica.unibo.it/server/iiif/e194975c-93fd-499b-acf3-975d7963511b/manifest
BO0624_84270,"Catalogue des tableaux anciens: oeuvres importantes de J. van der Cappelle, A. Cuyp, A. van Dick, ... composant la collection de feu M. A. de Ridder ...: lundi 2 juin 1924",https://historica.unibo.it/handle/20.500.14008/93641,https://historica.unibo.it/server/iiif/e1b83393-a2b8-4e0d-9f9d-77ddb6e18a33/manifest
BO0624_87452,Catalog einer reichhaltigen Sammlung von Oelgemälden alter Meister aus dem Nachlasse des Gutbesitzers E. J. Herrings Schloss Rattelsdorf b,https://historica.unibo.it/handle/20.500.14008/93751,https://historica.unibo.it/server/iiif/e1cbef71-5a03-489e-9ae1-83bb1e48ebe4/manifest
BO0624_83632,"Tableaux Anciens et Modernes par ou d'apres A. Boilly, Fr. Boucher ...: dont la vente aux enchères aura lieu Hotel des Commissaires-Priseurs ... Le Lundi 16 Janvier 1893",https://historica.unibo.it/handle/20.500.14008/92976,https://historica.unibo.it/server/iiif/e21951c2-a098-4d3d-9a0b-25430ff4aade/manifest
BO0624_88566,"Sammlung Graf J. Bouly: Gemälde und Handzeichnungen der Französischen Schule des 19. Jahrhunderts: [Versteigerung ... Dienstag, den 19. Mai 1925]",https://historica.unibo.it/handle/20.500.14008/94528,https://historica.unibo.it/server/iiif/e2259b54-21f4-4032-9f3a-cdada9251c94/manifest
BO0624_84141,"Catalogue des tableaux anciens & modernes: aquarelles, dessins, pastels, oeuvres de Boltraffio, Constable ... Importante collection d'oeuvres d'Eugène Delacroix, sculpture bronzes, plâtres, cires, biscuits par Bartholomé, Barie, Clésinger ... dépendant de la succession de M.P.-A. Cheramy: Paris ...: le lundi 14 avril 1913 ... les mardi 15 et mercredi 16 avril 1913",https://historica.unibo.it/handle/20.500.14008/93539,https://historica.unibo.it/server/iiif/e22f274a-fd53-41ee-90dc-49ebe01aa5db/manifest
BO0624_84143,"Catalogue d'un buste en marbre par Jean-Antoine Houdon, Portrait du Price Henri de Prusse ... et d'un Mobilier de Salon ... appartenant a Monsieur P.... et provenant du Chateau de Bardouville pres Rouen dont la vente aux encheres publiques aura lieu a Paris ...: le lundi 21 avril 1913",https://historica.unibo.it/handle/20.500.14008/93541,https://historica.unibo.it/server/iiif/e25387b0-4f9d-4448-b9b0-cf2dcff7abbf/manifest
BO0624_4670,"Catalogue de la vente de feu monsieur le marquis Alexandre Pallavicino des ducs Grimaldi qui aura lieu a Gènes du 29 novembre au 2 decembre 1899 au palais Pallavicino-Grimaldi se composant de tout le mobilier artistique de ses palais de Gènes, Chiavari et Pollastra ainsi que des superbes tapisseries Louis 15. ...",https://historica.unibo.it/handle/20.500.14008/92684,https://historica.unibo.it/server/iiif/e2642413-0317-4383-8883-a1963d6afd58/manifest
BO0624_88700,"Sammlung A. Salm, Köln, privatgalerie eines Berliner Sammlers Verschiedener Besitz: Hochrangice Gemälde des 19. und 20. Jahrhunderts: Versteigerung: Dienstag, 27. März 1928",https://historica.unibo.it/handle/20.500.14008/94630,https://historica.unibo.it/server/iiif/e2ac5969-78d6-4663-af7a-68d85989ce60/manifest
BO0624_87778,Sammlung Professor Egon Ritter von Oppolzer Innsbruck: Auktion in München in der Galerie Helbing ... am 3. Dezember 1906 ... unter Leitung des Kunsthändlers und gerichtlich vereideten Sachverständigen Hugo Helbing in München,https://historica.unibo.it/handle/20.500.14008/93957,https://historica.unibo.it/server/iiif/e2b43962-3fb0-4256-9a74-a1d515196c55/manifest
BO0624_84122,"Catalogue des Objets d'Art, Ivores, Emaux, Bronzes ... Composant la Collection de Feu M. Adolphe Singher (troisième vente) ... dont la vente aura lieu a Paris ... les jeudi 7 et vendredi 8 Novembre 1912",https://historica.unibo.it/handle/20.500.14008/93525,https://historica.unibo.it/server/iiif/e2bf3f71-6019-4f65-ac25-d910f89a50fd/manifest
BO0624_88424,Kunstsammlung des Herrn Eugen v. Wassermann Berlin: Gemälde Kunstgewerbe Kupferstiche Zeichnungen des 18. Jahrhunderts: ... Versteigerung ... den 8. bis ... den 10. Juni 1920,https://historica.unibo.it/handle/20.500.14008/94410,https://historica.unibo.it/server/iiif/e2c12422-ed7e-44fe-a923-aecc618b0a69/manifest
BO0624_83672,"Catalogue des tableaux anciens des écoles primitives italienne, allemande & flamande, bois sculptés, tapisserie provenant de la collection Cernuschi: vendredi 25 et samedi 26 mai 1900",https://historica.unibo.it/handle/20.500.14008/93258,https://historica.unibo.it/server/iiif/e2e30db0-5c90-461b-b25c-490943e375db/manifest
BO0624_87938,Verzeichnis der Gemälde Kunstblätter Miniaturen Antiquitaten u. Kunstgegenstände aus verschiedenem Besitz: Versteigerung Frankfurt am Main ... den 13. und 14. Dezember 1910 ...,https://historica.unibo.it/handle/20.500.14008/94070,https://historica.unibo.it/server/iiif/e2fbe1fc-2291-4d8d-8ef1-d6af4fe2e70a/manifest
BO0624_84320,"Catalogue des tableaux anciens, pastels, dessins ... objets d'art et d'ameublement ... composant la collection de M. F. de Ribes-Christofle: lundi 10 et mardi 11 décembre 1928",https://historica.unibo.it/handle/20.500.14008/93672,https://historica.unibo.it/server/iiif/e30ee9e3-7e85-49a3-9de6-26bc18d78b00/manifest
BO0624_5287,Catalogue du musée appartenant aux nobles héritiers du feu F. Marquis Ranghiasci-Brancaleoni dont la vente aura lieu a Gubbio le 12 avril 1882 et jours suivants,https://historica.unibo.it/handle/20.500.14008/93005,https://historica.unibo.it/server/iiif/e313a3bb-9329-47e1-bba7-7dd4d4ac2040/manifest
BO0624_87521,"Katalog von vortrefflichen Gemälden älterer und neuerer Meister ... aus dem Nachlässen der Herren M. Stiels, Archäologhe, zu Mastricht; Franz Joseph Wirtz, Rentmeister, zu Niederbreisig: Versteigerung zu Köln den. 24 bis 26. Mai 1897 bei J. M. Heberle (H. Lempertz' Söhne)",https://historica.unibo.it/handle/20.500.14008/93795,https://historica.unibo.it/server/iiif/e329e6cc-6008-4cb3-b555-1f4281d0869e/manifest
BO0624_88477,"Versteigerung einer grÖen Anzahl alter und neuer Gemälde namhafter Meister, ferner die Sammlung Excellenz R. von Wodianer Kgl. ungarischer Gesandter (vormals Botschafter zu Siam): siamesischer Kunstschätze: Sodann Japan- und China-Kunst-Gegenstände alte China-Porzellane ...: Versteigerung am 6., 7. und 8. September 1921",https://historica.unibo.it/handle/20.500.14008/94455,https://historica.unibo.it/server/iiif/e330e11b-e146-4df3-a265-21d5bd75720a/manifest
BO0624_87795,Gemälde älterer und neuzeitiger Meister aus verschiedenem Besitz: Versteigerung zu Köln a. Rh. ... den 10. April 1907,https://historica.unibo.it/handle/20.500.14008/93970,https://historica.unibo.it/server/iiif/e370fe98-f7e7-423f-9732-f048ae6cb398/manifest
BO0624_88496,Olgemalde und handzeichnungen modern meister aus der sammlung des hofschauspielers Alois Wohlmuth ... Auktion in Munchen ... 14-16 Marz 1922,https://historica.unibo.it/handle/20.500.14008/94473,https://historica.unibo.it/server/iiif/e402ab4b-26c9-40ac-a018-9a78e2249cbd/manifest
BO0624_88108,"Arbeiten und Sammlungen Mobel, Dekorations- und Einrichtungsstucke des Herrn Professor Gustav Eberlein, Berlin: Ausstellung Sonntag, den 20. April, Montag, den 21. April u. Dienstag, den 22. April 1913",https://historica.unibo.it/handle/20.500.14008/94181,https://historica.unibo.it/server/iiif/e418862e-5dab-46e5-b2a3-268e7c472aad/manifest
BO0624_88356,"Ölgemälde moderner Meister Nachlässe Musikdirektor Franz von Fischer [gestorben], München: Professor Hubert von Heyden [gestorben] München: Landschaftmaler Hans Kamlah [gestorben] München sowie aus anderem Privatbesitz: Auktion in München in der Galerie Helbing ... den 9. November 1918",https://historica.unibo.it/handle/20.500.14008/94358,https://historica.unibo.it/server/iiif/e47ca0d7-4b56-4836-86c5-4f8b43a9af6d/manifest
BO0624_88064,"Gemälde alterer Meister aus der Sammlung des Bischofs Dr. von Lanyi, Grosswardein, und anderem Privatbesitz, Minaturen und Antiquitäten aus dem Besitz der Frau Baronin von Elbe u. a., Antike Bronzen, Terrakotten, Gläser und Gemmen, Kollektion T.W. von Kibaltschitsch: Versteigerung: Dienstag, den 10., Mittwoch, den 11. und Donnerstag, den 12. Dezember 1912",https://historica.unibo.it/handle/20.500.14008/94146,https://historica.unibo.it/server/iiif/e48bc7f8-019f-4a3f-8d2f-466eeb540625/manifest
BO0624_81891,"Vendita all'asta nello interesse della massa creditori del fallimento Max Bondi (liquidatore: Sen. prof. Antonio Scialoja): Elenco delle opere in vendita nella seconda giornata ... 10 dicembre 1929 ... mobilio, arazzi e cassoni nuziali",https://historica.unibo.it/handle/20.500.14008/92935,https://historica.unibo.it/server/iiif/e498dc3b-fb60-4246-8f27-2d840fdb6255/manifest
BO0624_83653,"Catalogue du mobilier artistique, ancien et de style, des tableaux, dessins, pastels ...: par suite du départ de M.r P.N... en son Hôtel, 38, rue Juliette-Lamber ... lundi 20 et mardi 21 février 1899",https://historica.unibo.it/handle/20.500.14008/93242,https://historica.unibo.it/server/iiif/e4b4a840-0dfc-4ac7-8b5c-cf4793b10042/manifest
BO0624_87627,"Katalog von Antiquitäten, Kunstsachen, Möbeln und Einrichtugs-Gegenständen, Oelgemälden etc. Münchener Privat-Sammlung Nachlass C. Heim, Kronach sowie aus anderem Nachlasse und aus privatem, zum Teil adeligem Besitz: Auktion in München ... den 28. November und folgende Tage ... unter Leitung des Kunsthändlers Hugo Helbing in München",https://historica.unibo.it/handle/20.500.14008/93852,https://historica.unibo.it/server/iiif/e55f7164-33c5-4dfb-8d6d-cea360d81a3c/manifest
BO0624_83762,"Catalogue des tableaux anciens et modernes, quatre remarquables peintures de Fr. Boucher de l'ancienne collection de la Marquise de Pompadour et oeuvres de Bachelier ... objets d'art et d'ameublement ...: dont la vente, par suite du décès de M.me Ridgway aura lieu à Paris ... le samedi 3 décembre 1904 ...",https://historica.unibo.it/handle/20.500.14008/93276,https://historica.unibo.it/server/iiif/e5774e52-2564-435e-99d1-549098b3f414/manifest
BO0624_81854,Illustrations,https://historica.unibo.it/handle/20.500.14008/92888,https://historica.unibo.it/server/iiif/e5963001-9984-4b4a-821b-e8f69eab90ba/manifest
BO0624_87419,Katalog der von dem verstorbenen Musikdirektor Wilh. Neuland in Bonn nachgelassen Gemäldesammlung die nebst einer kleineren Sammlung von Kunstgegenständen namentlich hübschen Glasscheiben aus deselben Nachlasse ... den 22. und ... 23. Mai 1891 ... durch M. Lempertz' Antiquariat (P. Hanstein),https://historica.unibo.it/handle/20.500.14008/93733,https://historica.unibo.it/server/iiif/e5de457f-84db-4831-87ee-73533aa12816/manifest
BO0624_88610,"Gemälde Handzeichnungen moderner Meister aus der Sammlung Bischoff-München sowie aus Privat- und anderem Besitz: Versteigerung, Stuttgard, 19. und 20. Oktober 1926",https://historica.unibo.it/handle/20.500.14008/94557,https://historica.unibo.it/server/iiif/e5e10f4a-c140-4381-9368-54f8038bfb59/manifest
BO0624_88779,"Galerie Caldenhof, Westfalen: altdeutsche und altniederlandishe Tafelgemalde: Versteigerung Sonnabend, den 8. Juni 1929",https://historica.unibo.it/handle/20.500.14008/94698,https://historica.unibo.it/server/iiif/e5e16047-56c0-45a2-8351-d73cccbb942f/manifest
BO0624_84092,"Catalogue des objets d'art et d'ameublement, porcelain et faiences, objets variés ... appartenant à Monsieur Louis Bouwens van der Boijen ... le lundi 11 et mardi 12 mars 1912",https://historica.unibo.it/handle/20.500.14008/93498,https://historica.unibo.it/server/iiif/e5f938c1-d2c4-4e79-802e-859371ecb4ff/manifest
BO0624_87752,"Katalog, Sammlung Rudolf Gedon, München: Antiquitäten, Kunstgegenstände, Oelgemälde alter Meister, Handzeichnungen, Bücher etc.: Auktion in München in der Galerie Helbing, Montag den 19. und Dienstag den 20. Februar 1906 ... unter Leitung des Kunsthändlers und gerichtlich vereideten Sachverständigen Hugo Helbing in München",https://historica.unibo.it/handle/20.500.14008/93938,https://historica.unibo.it/server/iiif/e5fc7190-85e3-456c-8662-00d45fa34baa/manifest
BO0624_81974,Catalogo della vendita all'asta di quadri ed oggetti d'arte appartenenti all'eredità del Comm. Attilio Guastalla ... Firenze ... Esposizione ... 13 Febbraio 1938 ... Vendita da Lunedi 14 a Sabato 19 Febbraio,https://historica.unibo.it/handle/20.500.14008/92971,https://historica.unibo.it/server/iiif/e61e7d97-1d17-4b97-b33c-c82d7a0cf1cc/manifest
BO0624_87779,Sammlung Professor Egon Ritter von Oppolzer Innsbruck: Auktion in München in der Galerie Helbing ... am 3. Dezember 1906 ... unter Leitung des Kunsthändlers und geritchtlich vereideten Sachverständigen Hugo Helbing in München,https://historica.unibo.it/handle/20.500.14008/93958,https://historica.unibo.it/server/iiif/e67ad6d9-dddf-4b20-8b05-b598f5bdb296/manifest
BO0624_81779,"Catalogo n. 76: Seconda parte della collezione Ramirez di Montalvo: quadri, marmi greci, romani, medioevali, bronzi, terrecotte, mobili, stoffe, tappetti, miniature, argenterie, maioliche, porcellane, armi importanti: aggiunti quadri e oggetti d'arte d'altra proprietà: in vendita al pubblico incanto",https://historica.unibo.it/handle/20.500.14008/92755,https://historica.unibo.it/server/iiif/e67c5f7e-439e-4770-9587-5b8dea25b57a/manifest
BO0624_88148,"Sammlung von Möbeln Gemälden alter Meister Miniaturen ... aus dem Besitze Sr. Excellenz der Hochwürdigsten Herren Gaston Pöttickh, Grafen und Freiherrn von Pettenegg, Erzbischof von Damiata, Seiner K. K. Apostolischen Majestät Geheimen Rates und Kämmerers usw. usw. ...: Versteigerung ... den 21. Oktober 1913 ... den 22. Oktober 1913 ... den 23 Oktober 1913 ... den 24. Oktober 1913 ... den 25. Oktober 1913",https://historica.unibo.it/handle/20.500.14008/94212,https://historica.unibo.it/server/iiif/e6b89f47-047f-437f-8e83-f09d070fcc2b/manifest
BO0624_83668,"Catalogue de tableaux modernes, aquarelles, pastels et dessins par Eugène Boudin ...: mercredi 16 Mai 1900",https://historica.unibo.it/handle/20.500.14008/93255,https://historica.unibo.it/server/iiif/e7044040-15db-4d24-8e5d-5e2b34ddfd49/manifest
BO0624_88627,"Antikes Stil- und Prunk-Mobiliar von Gotik bis Biedmeier Gemalde alter Meister, Sehr Wertvolle, seltene Graphiken ... Alte Gobelins: Besichtung, Freitag, den 18. Februar, sonnabend, den 19. Februar, und Montag, den 21. Februar: Versteigerung Dienstag, den 22. Februar, Mittwoch, den 23. Februar, Donnerstag, den 24. Februar, Freitag, den 25. Februar: Auktionshaus Siegmund Rosenbaum, Hamburg",https://historica.unibo.it/handle/20.500.14008/94570,https://historica.unibo.it/server/iiif/e75b2a11-e543-4e70-97b5-6f45a36b2483/manifest
BO0624_88075,"Oelgemälde und Aquarelle neuerer Künstler: Mobiliar Herren- und Schlafzimmer (Fabrikat C. Prächtel, Berlin), Salon und andere Möbel ... (Antiquitäten) ... aus verschiedem Privatbesitz: ... Versteigerung: Gemälde ... den 4. Februar: Mobiliar: ... den 5. bis ... 8. Febr. 1913",https://historica.unibo.it/handle/20.500.14008/94154,https://historica.unibo.it/server/iiif/e7e2b7d0-8f49-4976-9d1d-1e35d58b951c/manifest
BO0624_88427,"Gemälde älterer u. neuzeitlicher Meister - Aquarelle, Graphik - Antiquitäten, Kunstgewerbe, Möbel: Nachlass Justizrat Jansen, Köln und anderer Besitz: ... Versteigerung ... den 16. ... den 17. ... den 18. ... den 19. Juni 1920",https://historica.unibo.it/handle/20.500.14008/94413,https://historica.unibo.it/server/iiif/e7f70cde-b3f2-420e-8d6d-deb36871c663/manifest
BO0624_81866,"Catalogo di quadri antichi, mobili e sopra mobili, oggetti d'arte ... che compongono la collezione di M.rs P.H. Palkse: La vendita avrà luogo a Napoli, Galleria Canessa ... lunedì 5, martedì 6, mercoledì 7, giovedì 8, venerdì 9, sabato 10 marzo 1928",https://historica.unibo.it/handle/20.500.14008/92919,https://historica.unibo.it/server/iiif/e80ea12c-f76a-448d-836b-9c72b4500061/manifest
BO0624_88104,"Verzeichnis über Gemälde, Kupferstiche Kunstblätter, Antiquitäten, Kunstgegenstände ...: Ausstellung Samstag, Sonntag u. Montag, den 12.-14. April 1913",https://historica.unibo.it/handle/20.500.14008/94177,https://historica.unibo.it/server/iiif/e8734b66-2e87-4964-9180-0fbcb4c8db75/manifest
BO0624_83719,"Collection Émile Pacully: Tableaux anciens et modernes des écoles allemande, espagnole, flamande, française, hollandaise, italienne, etc. ...: Galerie Georges Petit, le lundi 4 mai 1903 ...",https://historica.unibo.it/handle/20.500.14008/92822,https://historica.unibo.it/server/iiif/e8b9ac92-5e54-41c4-ac0d-ae41abbec873/manifest
BO0624_88422,Alte Gemälde und Antiquitäten aus Privat-Besitz und Beiträge aus deutschen Museen: ... Versteigerung ... den 18. bis ... den 20. Mai 1920,https://historica.unibo.it/handle/20.500.14008/94408,https://historica.unibo.it/server/iiif/e8c50aef-666e-4b38-900c-2e4ef6142ced/manifest
BO0624_88033,"Antiquitaten und Kunstgegenstände sowie Gemälde, Aquarelle württembergicas, Stiche etc. aus der Hinterlassenschaft eines bekannten stuttgarter Sammlers und aus sonstigem Privatbesitz: Versteigerung: Stuttgart 1912 ... den 5. und ... den 6. Juli",https://historica.unibo.it/handle/20.500.14008/94127,https://historica.unibo.it/server/iiif/e8d10297-64ed-44a6-a4a6-30cbd36edda3/manifest
BO0624_87704,"Gemälde alter Meister: Sammlung Max Vogrich, Weimar (No. 1-108) Nebst Beitragen aus Anderem Besitz: Ausstellung Sonntag, den 20 November und Montag, den 21. November 1904 ... Versteigerung ... 22 November 1904",https://historica.unibo.it/handle/20.500.14008/93899,https://historica.unibo.it/server/iiif/e8ec1523-98b2-4fed-95a0-db387ed16da3/manifest
BO0624_81859,Catalogo della superba collezione J. E. Weber ed altre proprietà: Vendita all'asta da lunedì 25 e seguenti,https://historica.unibo.it/handle/20.500.14008/92911,https://historica.unibo.it/server/iiif/e90c1d14-860a-4e46-b985-043cec55cfba/manifest
BO0624_83896,"Collections de M. Edouard Chappey: Tome III: Catalogue des objets d'art et d'ameublement, anciennes porcelaine des Sèvres, pate tendre de Saxe, De Chine ... dépendant des Collections de M. Edouard Chappey (troisème vente): Les Lundi 27, Mardi 28, Mercredi 29, Jeudi 30 et Vendredi 31 mai 1907",https://historica.unibo.it/handle/20.500.14008/93363,https://historica.unibo.it/server/iiif/e9277761-8c00-478f-a947-ce7f58c06f8a/manifest
BO0624_87772,"Kunstsammlung der verewigten Herrn Oberinspektor Ludw. Aug. Reuling, München: Antiquitäten und Kunstgegenstände. Oelgemälde moderner und alter Meister. Bibliothek: ferner ein zweiseitiges Original-Noten-Manusckript von Ludwig van Beethoven: Auktion in München ... den 6. November 1906",https://historica.unibo.it/handle/20.500.14008/93952,https://historica.unibo.it/server/iiif/e94cad18-589f-484e-8156-f4a558693479/manifest
BO0624_87867,"Gemälde u. Kunstblätter, Antiquitäten u. Kunstgegenstände: Möbel, Teppiche, Schmucksachen, etc. in Auftrage von hiesigen und auswärtigen Besitzern: Versteigerung in Frankfurt a. M., Mittwoch u. Donnerstag, den 16. u. 17. Dezember 1908",https://historica.unibo.it/handle/20.500.14008/94030,https://historica.unibo.it/server/iiif/e950d40e-828c-40d0-b964-6f8af69cea38/manifest
BO0624_66071,"Catalogue of the collection of old French & English furniture, objects of art and porcelain formed by Robert Nesham ...: tuesday, july 24, 1928",https://historica.unibo.it/handle/20.500.14008/93192,https://historica.unibo.it/server/iiif/e9742520-a71a-4e14-9742-ac8ae06d4164/manifest
BO0624_88209,"1. Tag Gemälde alter Meister und Antiquitäten: 2. Tag Moderne Gemälde, Möbel und Kunstgewerbe ... den 19. Mai 1914 ... den 20. Mai 1914",https://historica.unibo.it/handle/20.500.14008/94249,https://historica.unibo.it/server/iiif/e9c8a8ce-162b-4529-b08e-ad454886e577/manifest
BO0624_88180,Katalog einer ausgewählten Sammlung von Gemälden alter und neuer Meister aus verschiedenem Besitz: Versteigerung zu Köln a. Rhein den. 16. und 17. Februar 1914,https://historica.unibo.it/handle/20.500.14008/94234,https://historica.unibo.it/server/iiif/e9ce0d78-4648-4632-ba05-b598f53fe9e6/manifest
BO0624_81957,Il patrimonio artistico della villa Guaita,https://historica.unibo.it/handle/20.500.14008/92966,https://historica.unibo.it/server/iiif/e9db4d61-c10d-41ce-8da3-d5d100da9fc6/manifest
BO0624_84195,"Catalogue des objets d'art et d'ameublement, faiences françaises, porcelaines de Chine, orfèvrerie, pendules, bois sculptés, dentelles, sièges et meubles, anciens et modernes, tapisseries d'Aubusson et des Flandres, tableaux anciens et modernes, dessins, aquarelles, oeuvres de: F. Guardi ...: la vente, après décès de Madame H., aura lieu ... les jeudi 14, vendredi 15 et samedi 16 mai 1914 ...",https://historica.unibo.it/handle/20.500.14008/93577,https://historica.unibo.it/server/iiif/ea506488-63e3-4315-8be2-ac8a037ff006/manifest
BO0624_B1210,Catalogue des objets d'art et d'ameublement de la Villa Favard a Florence,https://historica.unibo.it/handle/20.500.14008/94737,https://historica.unibo.it/server/iiif/ea5ffb03-6327-47b3-b38b-fa19d222e3d8/manifest
BO0624_88019,Sammlung von Ölgemälden moderner Meister aus den Besitze des verewigten Herrn Kommerzienrat Adolph Herbst Triebes (Reuss) [Auktion in München in der Galerie Helbing ... den 30. April 1912],https://historica.unibo.it/handle/20.500.14008/94119,https://historica.unibo.it/server/iiif/ea8f2645-86b3-4b50-a4eb-30c7aa74bec2/manifest
BO0624_88804,"Sammlung Basner, Danzig-Zoppot: Gemälde, Kunstgewerbe, Möbel: Versteigerung: Dienstag, den 19. November 1929",https://historica.unibo.it/handle/20.500.14008/94720,https://historica.unibo.it/server/iiif/eab73974-b69a-4071-ba1f-c6c069eda432/manifest
BO0624_83630,"Catalogue de tableaux modernes de premier ordre composant l'importante collection de feu M. Roederer ... vente a Paris, Galerie Georges Petit, le vendredi 5 juin 1891",https://historica.unibo.it/handle/20.500.14008/92982,https://historica.unibo.it/server/iiif/eb02694e-41f1-4738-ae20-3d4c74840979/manifest
BO0624_87606,Katalog der reichhaltingen Gemälde-Sammlung aus der Villa Dahm zu Godesberg: Gemälde vorwiegend der italienische Schulen: Versteigerung zu Köln den 18. und 19. März 1901 durch J. M. Heberle (H. Lempertz Söhne),https://historica.unibo.it/handle/20.500.14008/94756,https://historica.unibo.it/server/iiif/eb393cfd-7b25-47ee-a3e5-a884cd549857/manifest
BO0624_87801,Verzeichnis der ausgewählten Gemälde erster moderner Meister welche die Collection des Herrn Professor Dr. H. Wedewer in Wiesbaden bildeten und die wegen Aufgabe der Sammlung moderner Gemälde...den 30 April 1907,https://historica.unibo.it/handle/20.500.14008/93974,https://historica.unibo.it/server/iiif/eb3b89bb-1dcc-49e1-96cd-c29d73170381/manifest
BO0624_87918,Ölgemalde alter Meister Sammlung des Herrn Gutbesitzers A.G. in B.: Auktion in München in der Galerie Helbing ... den 12. Mai 1910,https://historica.unibo.it/handle/20.500.14008/94057,https://historica.unibo.it/server/iiif/eb3d977b-3721-407e-aa77-74439c168790/manifest
BO0624_66072,"Catalogue of old French & English furniture, decorative objects and porcelain, the property of the most Hon. the Marquess of Lincolnshire ...: wednesday, december 5, 1928",https://historica.unibo.it/handle/20.500.14008/93193,https://historica.unibo.it/server/iiif/eb47e20a-871d-49f7-84b6-db86d0367bcb/manifest
BO0624_88041,"Sammlung von Ölgemalden moderner Meister aus dem Besitze des Herrn Jacob Fromm, München: [Auktion in München in der Galerie Helbing, Dienstag, den 8. Oktober 1912]",https://historica.unibo.it/handle/20.500.14008/94132,https://historica.unibo.it/server/iiif/eb4e9366-53f5-482c-9853-4623201c14db/manifest
BO0624_88561,"Gemälde neuerer Meister ..., Graphik und Handzeichnungen 15. bis 20. Jahrhundert ...: Versteigerung der Gemälde, Dienstag, den 21. April u. Mittwoch, den 22. April 1925, Versteigerung der Graphik, Donnerstag, den 23. April u. Freitag, den 24. April 1925",https://historica.unibo.it/handle/20.500.14008/94525,https://historica.unibo.it/server/iiif/eb986678-a7f4-4f86-ad83-1df292d34552/manifest
BO0624_84261,"Catalogue des tableaux anciens par M. Bounieu, M.lle Gérard, M.lle Ledoux, J. Pillement, H. Robert, J.-A. Senave, H. Taraval, J. Ward, F. Wheatley, etc. ... objets d'art et d'ameublement ... sculptures, pendules, bronzes ... provenant de la collection de M. T. P. Thorne ...: la vente aura lieu à Paris ... les lundi 22 et mardi 23 mai 1922 ...",https://historica.unibo.it/handle/20.500.14008/93634,https://historica.unibo.it/server/iiif/eb9ef006-62b6-4b1a-9d17-edf1ed6f3ac4/manifest
BO0624_83792,"Catalogue de tableaux modernes, aquarelles, pastels, dessins par Bonnat, Rosa Bonheur, Bougereau, Decamps, Domingo, Jacque, Harpignies, Paul Huet, Lambert, Leloir, Lebourg, Lépine, Meissonier, A. Stevens, Ziem: samedi 13 mai 1905",https://historica.unibo.it/handle/20.500.14008/93295,https://historica.unibo.it/server/iiif/eba0c907-8ab0-4051-a1a5-b57b251108eb/manifest
BO0624_84140,"Catalogue des tableaux, aquarelles, gouaches, dessins par Andrieux (J.), Bellangé ... objets d'art & d'ameublement, objets de vitrine ... le tout dépendant de la succession de M. Édouard Detaille ...: les jeudi 3, vendredi 4 et samedi 5 avril 1913",https://historica.unibo.it/handle/20.500.14008/93538,https://historica.unibo.it/server/iiif/ebc48de9-b6db-47eb-b229-3ea38c81eb83/manifest
BO0624_87425,"Katalog der reichhaltigen Kunst-Sammlung der Herren C. und P. N. Vincent in Konstanz am Bodensee ... Versteigerung zu Konstanz am Bodensee, den. 10. September 1891 und die folgenden Tage ... durch den Grossh. Badischen Notar Herrn A. Dietrich in Kostanz unter Leitung von J. M. Heberle (H. Lempertz' Söhne) aus Köln",https://historica.unibo.it/handle/20.500.14008/93738,https://historica.unibo.it/server/iiif/ebd2793d-3964-49e4-89c3-588fb7409dff/manifest
BO0624_88761,"Altes Kunstgewerbe, Keramiken, Gläser, Waffen, Elfenbein, Zinn, Ausgrabungen aus hochfürstlichem Besitz: im Anschluss eine Collection deutscher Porzellane aus dem Nachlass eines süddeutsch. Sammlers. Versteigerung: München, 9-10 April 1929",https://historica.unibo.it/handle/20.500.14008/94681,https://historica.unibo.it/server/iiif/ebf8a24b-f172-467c-a484-3411512f097e/manifest
BO0624_87943,"Verzeichnis uber antiquitaten, kunstgegenstande, etc. etc. dabei ein Louis 16. alon, Mahagoni und ein schlafzimmer eingelegt: Gemalde und kunstblatter u. a. auf anordnung des Grossh. Amtsgerichts in Giessen sowie im auftrage des Herrn rechtsanwalt Dr Joe Oppenheimer ..., 22 u 23 Februar 1911",https://historica.unibo.it/handle/20.500.14008/94074,https://historica.unibo.it/server/iiif/ec09e191-cc1b-4599-9c6f-4980bd966a9d/manifest
BO0624_88067,"Katalog ausgewählter Kunstgegenstände und Gemälde aus dem Besitze des verstorbenen Herrn Rat Ludwig Speier, Köln-Ehernfeld und anderer: Versteigerung zu Köln ... den 12. Dez. bis ... den 17. Dez. 1912",https://historica.unibo.it/handle/20.500.14008/94148,https://historica.unibo.it/server/iiif/ec397916-1058-487f-bb4e-a2a3ac923b5a/manifest
BO0624_66083,"Catalogue of the collection of old English silver plate formed by Sydney Morse ...: fine old English silver ...: thursday, june 13, 1929",https://historica.unibo.it/handle/20.500.14008/93204,https://historica.unibo.it/server/iiif/ec50d7bc-a0be-43df-9681-e1b254c7157e/manifest
BO0624_87944,"Verzeichnis uber eine kleine kollektion von werken moderner franzosischer meister ausschliesslich aus dem nachlass janvier De La Motte, Nanteson, ... 23 februar 1911",https://historica.unibo.it/handle/20.500.14008/94075,https://historica.unibo.it/server/iiif/ec51c408-33fb-4f75-ab9c-6d6af4b42c60/manifest
BO0624_84196,"Catalogue des objets d'art et d'ameublement, sièges couverts en tapisserie au point, meubles, bronzes ... tableaux anciens et modernes, aquarelles ... tapisserie d'Aubusson et des Flandres ...: la vente ... aura lieu à Paris ... les vendredi 15 mai 1914 ...",https://historica.unibo.it/handle/20.500.14008/93578,https://historica.unibo.it/server/iiif/ec5c66de-e94c-4fbb-9425-2dbc403f2e3a/manifest
BO0624_88106,"Sammlung Oswald Ranft Frankfurt a. M.: Steinzeug, Fayencen, Porzellan, Glas, Arbeiten in Metall, Stein und Holz, Holzfiguren, Textilien, Oelgemalde alter Meister etc.: Auktion in Munchen in der Galerie Helbing, Donnerstag, den 17. bis Samstag, den 19. April 1913",https://historica.unibo.it/handle/20.500.14008/94179,https://historica.unibo.it/server/iiif/ec602380-1a82-4ea8-9039-13cceb475828/manifest
BO0624_88054,"Schluss - Versteigerungen Künstlerischer Nachlass Reinhold Begas, Gemälde und Bildwerke aus der Sammlung des Geheimen Kommerzienrates Eschebach-Dresden und anderem privatbesitz: Versteigerung, Dienstag, den 26. November 1912",https://historica.unibo.it/handle/20.500.14008/94140,https://historica.unibo.it/server/iiif/ec6b4a27-19fe-482f-9d12-76e4db90a921/manifest
BO0624_84019,"Catalogue de ... dessins, gouache, tableaux anciens et modernes ... porcelaines anciennes ...: mercredi 22 juin 1910",https://historica.unibo.it/handle/20.500.14008/93444,https://historica.unibo.it/server/iiif/eca364be-ca07-4981-a094-2f2acba68bc5/manifest
BO0624_83882,"Catalogue des tableaux anciens, oeuvres remarquables de François Boucher, Jan van Goyen, J.-B. Greuze, Thomas de Keyser, C. Natoire, Antoine Watteau, etc., etc., tableaux & estampes modernes ... objets d'art du Japon, laques, netzuké, bronzes composant la collection de M. X...: Paris, Hotel Druot ... le vendredi 22 mars 1907",https://historica.unibo.it/handle/20.500.14008/93352,https://historica.unibo.it/server/iiif/ecbddac7-8ad5-4a35-8d38-fef11cae73a0/manifest
BO0624_83907,"Catalogue des anciennes faiences orientales, objets variés de l'orient et objets divers provenant de la collection de feu M. Devaux ... et des objets d'art & de curiosité ... appartenant à divers: Hotel Drouot, les mercredi 27 et jeudi 28 novembre 1907",https://historica.unibo.it/handle/20.500.14008/93373,https://historica.unibo.it/server/iiif/ecce16cb-d92a-4231-9d85-3c620e61b061/manifest
BO0624_90084,Collection Prinz Otto Sayn-Wittgenstein Egern-Rottach: Kunst und Kunstgewerbe des 17. und 18. Jahrunderts Ölgemälde alter Meister. Auktion in München in der Galerie Helbing ... den 28. Oktober 1907 ...,https://historica.unibo.it/handle/20.500.14008/94732,https://historica.unibo.it/server/iiif/ed505c55-1a3e-41d1-9378-50dd41e12ea9/manifest
BO0624_90088,"Catalogue des superbes fourrures, dentelles, guipures, éventails, robes ... chapeaux ... livres dépendant de la successione de M.me Wanda de Boncza ...: du 8 au 11 Décembre 1902 ...",https://historica.unibo.it/handle/20.500.14008/94734,https://historica.unibo.it/server/iiif/edac2335-7d07-4f46-955b-3ad55508c4f9/manifest
BO0624_84194,"Catalogue des tableaux, pastels, dessins, aquarelles par: Bazille, Bernard, Besnard, Bonnard, Carrière, Mary Cassat, Cazin, Chéret, Daumier, Degas, Denis, Fantin-Latour ... Toulouse-Lautrec, Vierge, Vuillard, Willette, etc. ... Sculptures par: Bartholomé, Charpentier, Daumier, Gardet, Gaugin, Constantin Meunier, Rodin, etc. faisant partie de la collection Roger Marx ...: Paris, Galerie Manzi, Joyant ... les lundi 11 et mardi 12 mai 1914 ...",https://historica.unibo.it/handle/20.500.14008/93576,https://historica.unibo.it/server/iiif/ee220a76-a250-4c06-8925-c6f6dc0368af/manifest
BO0624_81852,"Tre grandi serie di vendite all'asta dei quadri, mobili, marmi, bronzi e oggetti d'arte provenienti dalla nota raccolta del compianto Ernesto Delle Fratte: Catalogo della Seconda Serie. Vendita dal 22 al 26 aprile 1924",https://historica.unibo.it/handle/20.500.14008/92886,https://historica.unibo.it/server/iiif/ee485881-2f8c-44ae-8f64-48e7e6bd1287/manifest
BO0624_81902,"Catalogo della vendita all'asta di una importante collezione di quadri, sculture, mobili, stoffe, tappeti, ecc. provenienti in parte da nobile famiglia la vendita verrà eseguita nelle sale del primo piano in via Pontefici, 57 (Palazzo de' Augusteo)",https://historica.unibo.it/handle/20.500.14008/92938,https://historica.unibo.it/server/iiif/ee614d1d-a731-4c3d-a296-1ec7a3e47788/manifest
BO0624_23222,"Frankische Ausgrabungen: Sammlung Freiherr Geyr von Schweppenburg-Honningen: Goldschmuck, Silbertauschierte Waffen und Schmuckstücke, Keramik, Glaser",https://historica.unibo.it/handle/20.500.14008/92511,https://historica.unibo.it/server/iiif/ee9708d2-b737-4857-aa67-5aef9218bbaf/manifest
BO0624_87514,"Katalog von Antiquitäten, Kunstsachen und Ölgemälden alter Meister aus dem Nachlasse der in München verstorbenen Herren Baron W. von K. und Bildhauer Heinrich Goeschl, sowie aus dem Besitze des Herrn F. S. Rosenlehner in München ... Auction in München ... den 29. März und die folgende Tage ... unter Leitung des Kunsthändlers Hugo Helbing in München",https://historica.unibo.it/handle/20.500.14008/93794,https://historica.unibo.it/server/iiif/ef2d3881-8cc2-41be-86a1-3b23e484dfc1/manifest
BO0624_84025,"Catalogue des objets d'art et d'ameublement (principalement du 18. siècle) gravure, dessins, tableaux, sculptures oeuvres de Descourtis, A. Borel ... porcelaines et faiences des fabriques de Paris, Saxe, Sèvres, Tournay, Delft, Touen, Strasbourg, etc. ...: vendredi 2 décembre 1910",https://historica.unibo.it/handle/20.500.14008/93448,https://historica.unibo.it/server/iiif/ef412060-faeb-40ff-963d-d0984c8d6386/manifest
BO0624_84177,"Catalogue de tableaux anciens par: C. Bega, A. Calame, Ph. De Champaigne ... aquarelles, dessins, gravures, objets d'art et d'ameublement ... le tout provenant du Château de R. et dont la vente aura lieu a Paris ... les lundi 22 et 23 décembre 1913",https://historica.unibo.it/handle/20.500.14008/93564,https://historica.unibo.it/server/iiif/ef86b318-2a9f-489e-aaa6-3772817ca8f1/manifest
BO0624_88660,"Gesamt-Inventar Schloss Wackerbarths Ruhe (Herrensitz der Lösznitz): Antike Möbel, Antikes Kunstgewerbe, Französischer Gobelin des 18. Jahrhdt., Gemälde der Meister des 17. u. 18. Jahrhdt., Gebrauchsmobiliar, Beleuchtungskörper, Tafelsilber, Porzellan, Kristall: Versteigerung: Montag, den 3. Oktober 1927, Dienstag, den 4. Oktober 1927",https://historica.unibo.it/handle/20.500.14008/94594,https://historica.unibo.it/server/iiif/ef9286b5-baf8-48be-ac61-56a3a7f32b8d/manifest
BO0624_81755,"Catalogue de la vente des porcelaines provenant de la collection de M. William Charlesworth: argenterie, bibelots, meubles ... qui aura lieu à Naples du 28 janvier au 6 février 1901",https://historica.unibo.it/handle/20.500.14008/92735,https://historica.unibo.it/server/iiif/ef98412e-8eca-44f5-a51f-6c6cd3c660a4/manifest
BO0624_84046,Catalogue des objets d'art et de curiosité ...: mercredi 26 avril 1911,https://historica.unibo.it/handle/20.500.14008/93461,https://historica.unibo.it/server/iiif/f047dd5d-dc59-49e6-a668-ab176d5144bf/manifest
BO0624_88764,"Sammlung Michael Wertheimer, Mannheim, Sammlung Dr. Karl Koenig, Cronberg i.T. und anderer Privatbesitz: Steinzeug, Fayencen, Porzellan, Gläser, Schweizer Scheiben, Möbel und Lüster, Gobelins, Textilien, Teppiche. Versteigerung: Frankfurt, 16. April 1929",https://historica.unibo.it/handle/20.500.14008/94683,https://historica.unibo.it/server/iiif/f063d62c-3c0d-4be4-8b93-a844d2cf7a2c/manifest
BO0624_88351,Katalog einer gröen Sammlung aus Rheinischem Privatbesitz u.a.: Kupferstiche und Aquarelle: Schöne Sammlung Olgemälde ...: Versteigerung zu Aachen ... den 16. ... den 17. u. ... den 18. Oktober 1918 ...,https://historica.unibo.it/handle/20.500.14008/94354,https://historica.unibo.it/server/iiif/f06f07a6-ca4f-4277-9c81-63707fafa429/manifest
BO0624_88717,"Sammlung F. J. Pieper, Koln A. Rh.: deutsche Meisterwerke Hochsten Ranges aus der Blutezeit der Genremalerei: [Versteigerung, Dienstag, den 17. Mai 1927]",https://historica.unibo.it/handle/20.500.14008/94644,https://historica.unibo.it/server/iiif/f0777f35-fea6-42ba-bc24-122b0b7a2d9c/manifest
BO0624_83642,"Catalogue d'un riche mobilier, tableaux modernes ... le tout appartenant à M. Ch. L...: lundi 15 ... samedi 20 juin 1896",https://historica.unibo.it/handle/20.500.14008/93233,https://historica.unibo.it/server/iiif/f07d530d-dbb5-4eb8-99c3-a9062a2312e8/manifest
BO0624_65725,"Catalogue des collections d'antiquités au Chateau de Heeswijk, Musée ""Baron Van Den Bogaerde"": 2. Galerie de portraits et autres tableaux anciens: La vente aura lieu a Boise-le-Duc ... Mardi le 19 June et Jours Suivants 1900",https://historica.unibo.it/handle/20.500.14008/93069,https://historica.unibo.it/server/iiif/f0bc8a76-ff2c-474d-8cc1-7143ccd834d8/manifest
BO0624_84178,"Catalogue des objets d'art et d'ameublement, faiences italiennes, porcelaines de Saxe, orfèvrerie allemande, pendules, chaises à porteurs, traîneaux, meuble de salon en tapisserie du temps de Louis 16., tapisseries des 16. & 18. siécles, ancien tapis oriental, tableaux anciens & modernes, appartenant aà madame X...: Paris ... le jeudi 5 mars 1914 ...",https://historica.unibo.it/handle/20.500.14008/93565,https://historica.unibo.it/server/iiif/f0ee102c-9bab-4ecc-b98b-07ce9c68710b/manifest
BO0624_88597,"Ausgewählte Werke der Malerei u. a. die Privatgalerie Senator Max Fessler, Pforzheim, Deutsche und Franzosische Schule des 19. und 20. Jahrhunderts [Versteigerung Dienstag, den 11. Mai 1926]",https://historica.unibo.it/handle/20.500.14008/94547,https://historica.unibo.it/server/iiif/f13b2045-2b65-4003-b26d-8c5975861774/manifest
BO0624_88176,"Verzeichnis über Werke von J. H. Limpert, Frankfurt a. Main welche wegen Wegzug des Künstlers: Gemälde älterer und moderner Meister: Antiquitäten und Kunstgegenstände: Teppiche etc. aus verschiedenem Privatbesitz die im Auftrage der Besitzer verkaukt werden: Versteigerung Frankfurt a. Main ... den. 28. u. 29. Januar 1914 ...",https://historica.unibo.it/handle/20.500.14008/94231,https://historica.unibo.it/server/iiif/f1567ceb-b8b7-4ebb-a78b-446f30087bae/manifest
BO0624_87893,"Auktions-Katalog: Handzeichnungen, Aquarelle und Oelstudien hervorragender neuerer Meister: Zum grössten Teil aus dem Nachlasse des Bankdirektors F. Stein, München sowie aus anderem Besitze: Dabei Arbeiten von: A. Böcklin ... Auktion in München in der Galerie Helbing ... den 4. November 1909",https://historica.unibo.it/handle/20.500.14008/94043,https://historica.unibo.it/server/iiif/f19c5cd4-fd48-4ba9-b79d-26462e7eb127/manifest
BO0624_88111,Verzeichnis über die Gemälde-Sammlung moderner und älterer holländischer Meister Collection Willem Vos - Amsterdam 2. Teil: Versteigerung ... den 29. April 1913 ... Frankfurt am Main,https://historica.unibo.it/handle/20.500.14008/94183,https://historica.unibo.it/server/iiif/f1a38a36-6b60-4225-947d-90d65900274b/manifest
BO0624_88733,"Gemälde alter Meister aus Museum und Privatbesitz. Versteigerung: Berlin, 16 Oktober 1928",https://historica.unibo.it/handle/20.500.14008/94659,https://historica.unibo.it/server/iiif/f1c0abdd-3de6-4a25-9cd4-7d385e2c1a86/manifest
BO0624_81780,Catalogo della celebre Collezione Ricci e di altro distinto collezionista,https://historica.unibo.it/handle/20.500.14008/92727,https://historica.unibo.it/server/iiif/f1f5566a-c030-43f3-a892-6c5a689b617c/manifest
BO0624_66053,"The Mackworth-Dolben collection: Finedon Hall, Northamptonshire ... Monday, July 1st ... Friday, July 5th ...",https://historica.unibo.it/handle/20.500.14008/93175,https://historica.unibo.it/server/iiif/f2001e04-e0f7-4035-8984-53608aef548e/manifest
BO0624_88766,"Sammlung Gesandter von Berger, Berlin: [Versteigerung: Mittwoch, den 17. April 1929, Donnerstag, den 18. April 1929",https://historica.unibo.it/handle/20.500.14008/94685,https://historica.unibo.it/server/iiif/f221389a-d09a-465b-81e2-a8b0d13aacc7/manifest
BO0624_88405,"Gemälde Kunstblätter Teppiche Edelpelze Metalle Keramik Holz Elfenbein u. a. aus Besitz der Familie Göbel, Frankfurt a. M.: ... Versteigerung: 16. und 17. Dez. 1919",https://historica.unibo.it/handle/20.500.14008/94392,https://historica.unibo.it/server/iiif/f22389f4-083d-4d68-a369-175fb4eabcb6/manifest
BO0624_84131,"Catalogue des objets d'art et d'ameublement du 18. siècle, tableaux, dessins, gouaches, faiences et porcelaines variées principalement de Saxe et de Sèvres ... appartenant a divers amateurs et dont la vente ... aura lieu a Paris: Hotel Drouot, le vendredi 13 décembre 1912",https://historica.unibo.it/handle/20.500.14008/94753,https://historica.unibo.it/server/iiif/f24c2da7-afd0-48bb-9c0d-3268f64a38f5/manifest
BO0624_83823,"Catalogue des objets d'art et d'ameublement, bijoux, émeraudes et diamants, anciennes porcelaines de Chine, dentelles, fourrures, argenterie, sculptures, bronzes, pendules, meubles, tableaux anciens et modernes ...: du lundi 11 au vendredi 15 décembre 1905",https://historica.unibo.it/handle/20.500.14008/93315,https://historica.unibo.it/server/iiif/f27e6f15-e1bf-421c-b01c-767ea6e85c32/manifest
BO0624_87909,"Gemälde alter Meister des 14. bis 18. Jahrhunderts aus dem Besitz: Seymour Maynard, London, Lothar R. von Berks, Burg Ostrozac, Werke von: Agnolo Gaddi, V. Crivelli, Simone Bolognese ...: Dienstag, den 22 März 1910",https://historica.unibo.it/handle/20.500.14008/94054,https://historica.unibo.it/server/iiif/f286095d-6912-4632-b9f3-f245a37e8873/manifest
BO0624_83745,"Catalogue de tableaux anciens des écoles allemande, anglaise, flamande, française, hollandaise, italienne, oeuvres de: F. Bol, F. Boucher ... composant la collection de M. X ...: le lundi 16 mai 1904 ...",https://historica.unibo.it/handle/20.500.14008/92805,https://historica.unibo.it/server/iiif/f2a0c077-37cb-4c2c-9c16-ef70b588d83e/manifest
BO0624_81749,"Catalogo della collezione del cav. Meazza di Milano (ora di proprietà della Banca di Torino): quadri, porcellane, maioliche, mobili, oggetti diversi di cui la vendita al pubblico incanto avrà luogo a cura della impresa di vendite in Milano di A. Genolini, Milano ... lunedì 24, martedì 25 e mercoledì 26 aprile 1893",https://historica.unibo.it/handle/20.500.14008/92716,https://historica.unibo.it/server/iiif/f308f92d-09f6-423a-b78c-877e074b829c/manifest
BO0624_88116,"Katalog einer Sammlung von Gemalden alterer und neuerer Meister Miniaturen, Handzeichnungen, Stichen: Nachlasse: Fritz Te Kock, Berlin: Versteigerung zu Coln Mittwoch, den 7. Mai 1913 unter Leitung von Peter Hanstein Seniorchef der Firma Math. Lempertz' Buchhandlung und Antiquariat",https://historica.unibo.it/handle/20.500.14008/94187,https://historica.unibo.it/server/iiif/f31d0cd8-271d-4ca7-9b86-d15f59e22314/manifest
BO0624_88119,"Verzeichnis über Gemälde älterer und moderner Meister Kunstblätter dabei Francofurtensien, Münzen, Antiquitäten und Kunstgegenstände aus verschiededem Privatbesitz: Versteigerung in Frankfurt am Main ... den 20. bis 22 Mai 1913 ...",https://historica.unibo.it/handle/20.500.14008/94188,https://historica.unibo.it/server/iiif/f32c6dae-7d45-4b6f-ac15-c2707b6fccd9/manifest
BO0624_88454,Sammlung des Fürsten Sayn-Wittgenstein-Sayn von Schloss Sayn: Gemälde Antiquitäten aller Art: Möbel u. Einrichtungs-Gegenstände Silber: Versteigerung 15. und 16. Dezember 1920,https://historica.unibo.it/handle/20.500.14008/94434,https://historica.unibo.it/server/iiif/f32e1a75-0f56-49e5-a8e0-4f2069820547/manifest
BO0624_88470,"Gemälde neuerer Meister dabei Werke von F. Thaulow, C. Troyon, A. Decamps ...: Versteigerung ... den 31. Mai 1921",https://historica.unibo.it/handle/20.500.14008/94449,https://historica.unibo.it/server/iiif/f36941b0-ded7-4ddc-892d-e755d07e5a34/manifest
BO0624_84324,Catalogue des tableaux anciens: mercredi 24 avril 1929,https://historica.unibo.it/handle/20.500.14008/93676,https://historica.unibo.it/server/iiif/f38b245b-5760-4c5f-8382-f5b8076ba32e/manifest
BO0624_81814,"Catalogue de la Collection de M. le Comm. M. Guggenheim, Venise: Objets d'Art et de Haute Curiosité, Tableaux et Dessins de Maîtres anciens ...",https://historica.unibo.it/handle/20.500.14008/92789,https://historica.unibo.it/server/iiif/f3b189c3-f6e4-45e4-9e11-19a32125a52f/manifest
BO0624_88394,Nachlass Frau Guido Schoeller Düren und anderer Privatbesitz: Antikes Mobiliar und Kunstgewerbe - Gobelins - Gemälde älterer und neuerer Meister etc.: ... Versteigerung ... den 28. ... den 29. ... den 30. Oktober 1919 ... den 31. Oktober,https://historica.unibo.it/handle/20.500.14008/94383,https://historica.unibo.it/server/iiif/f3efd09a-d77e-41c1-8cea-6acb055c80a0/manifest
BO0624_88577,"Gemälde neuerer Meister: Ausstellung: Sonntag, den 15. November 1925 ... Versteigerung ... den 17. November 1925",https://historica.unibo.it/handle/20.500.14008/94532,https://historica.unibo.it/server/iiif/f401741c-fc86-492a-85bd-8644aa4e12e7/manifest
BO0624_88259,"Verzeichnis über Gemälde, Aquarelle, Originalradierungen u. A. aus dem Besitz des Hess. Landesvereins vom Roten Kreuz: Antiquitäten, Kunstgegenstände aus der Hinterlassenschaft des Frankfurter Künstler Herrn D. ... v. R.: Versteigerung ... den 24. und 25. Oktober 1916 ...",https://historica.unibo.it/handle/20.500.14008/94289,https://historica.unibo.it/server/iiif/f4249c79-7b52-4d2d-83bf-ca5d17b9bda8/manifest
BO0624_87738,"Gemälde moderner Meister: Antiquitäten, Altes Kunstmobiliar, Renaissance-Gobelin, Alt-Meissener, Alt- Berliner, Ludwigsburger etc. Porzellan, Kollektion Persischer Teppiche ...: Austellung, Sonntag, den 5. November 1905, und Montag, den 6. November 1905; Versteigerung, Dienstag, den 7. November 1905 und Mittwoch, den 8. November 1905",https://historica.unibo.it/handle/20.500.14008/93928,https://historica.unibo.it/server/iiif/f454c3f0-53ee-48db-abd2-5b38d256f793/manifest
BO0624_66092,"Catalogue of old English furniture, the property of Gerard Phelips ... removed from Montacute House, Somerset: thursday, november 28, 1929",https://historica.unibo.it/handle/20.500.14008/93213,https://historica.unibo.it/server/iiif/f480457e-c3d2-4d70-bb2c-88529e59d2be/manifest
BO0624_84274,"Catalogue des objets d'art et d'ameublement de 13. au 18. siècle et autres ... tableaux, aquarelles, dessins et pastels modernes par Bail, Cassat (Mary) ...: lundi 18 mai 1925",https://historica.unibo.it/handle/20.500.14008/93645,https://historica.unibo.it/server/iiif/f4a5070d-13ce-46ee-a10b-d50365f80b54/manifest
BO0624_88034,Katalog einer ausgewählten Sammlung von Gemälden alter und neuer Meister aus verschiedenem Besitz: Versteigerung zu Köln a. Rhein 16. Juli 1912,https://historica.unibo.it/handle/20.500.14008/94128,https://historica.unibo.it/server/iiif/f4a9897d-24e7-4971-af76-0a2bb7bfe086/manifest
BO0624_83778,"Catalogue des objets d'art et d'ameublement anciens et de style, faiences et porcelaines, boites, bijoux, orfèvrerie, dentelles, bronzes, pendules, paire de chenets du temps de Louis 15. ...: mardi 4, mercredi 5 et jeudi 6 avril 1905",https://historica.unibo.it/handle/20.500.14008/93287,https://historica.unibo.it/server/iiif/f4ae9b85-bac7-4593-a775-0c2b147dcdf4/manifest
BO0624_88415,Gemälde alter Meister: Antike Möbel und Orientteppiche Silber- und Dosensammlung Ostasiatische Kunst aus verschiedenem Privatbesitz und Sammlung aus altadeligem baltischem Majoratbesitz (Edelmetall und Geschmiede): ... Versteigerung ... den 23. ... den 24. und ... den 25. März 1920,https://historica.unibo.it/handle/20.500.14008/94402,https://historica.unibo.it/server/iiif/f548a280-e552-48ad-9dc4-b1d1de70034c/manifest
BO0624_87940,"Verzeichnis über Gemälde, Kunstblätter, Kupferstiche, Antiquitäten dabei eine Louis 16. Garnitur mit Aubuissonbezügen und Teppichen ferner Arbeiten in Porzellan, Fayence, Glas, Metallen etc., Kunstgegenstände aus hiesigem und auswärtigem Privatbesitz: Versteigerung, Frankfurt am Main, Dienstag und Mittwoch, den 24. und 25. Januar 1911",https://historica.unibo.it/handle/20.500.14008/94072,https://historica.unibo.it/server/iiif/f54b1f6d-4938-4502-b3c7-9b6396305623/manifest
BO0624_83763,Catalogue d'un tableau de l'école française du commenceement du XVIII siècle et d'un magnifique régulateur du temps de Louis XIV appartenant à M. le comte B. de C ...: dont la vente aux enchères publiques aura lieu ... le mercredi 14 décembre 1904 ...,https://historica.unibo.it/handle/20.500.14008/93277,https://historica.unibo.it/server/iiif/f5857adc-890f-487a-8776-6a6aa77602a0/manifest
BO0624_88592,"Alte und Neuere Meister der Fideikommiss-Galerie des Gesamthauses Braunschweig-Lüneburg: Versteigerung: Dienstag, den 27. April, Mittwoch, den 28. April ...",https://historica.unibo.it/handle/20.500.14008/94543,https://historica.unibo.it/server/iiif/f5bc6ac8-6024-45fb-9fdf-8db45de9cc27/manifest
BO0624_88750,Olgemälde,https://historica.unibo.it/handle/20.500.14008/94672,https://historica.unibo.it/server/iiif/f5f30da9-d3e8-432a-b191-eb1cb815981d/manifest
BO0624_83761,"Catalogue des tableaux anciens, oeuvres de: Pierre de Hooch, Béga, Brekelenkamp, Grimoux, D. de Heem, P. Janssens, G. Metzu, A. van der Neer ... objets d'art et d'ameublement, porcelaines et faiences, objets de vitrine, pendules et bronzes du XVIII siècle, meubles, ètoffes: dont la vente, après décès de madame Duval aura lieu ... le lundi 28 novembres 1904 ...",https://historica.unibo.it/handle/20.500.14008/93275,https://historica.unibo.it/server/iiif/f628ff9e-1672-410f-9d45-ccc67801f76b/manifest
BO0624_87953,"Verzeichnis der Gemälde und Kunstblätter u. a. aus dem Besitz eines norddeutschen Sammlers: Antiquitäten und Kunstsachen aus hiesigem und auswärtigem Privatbesitz, welche Donnerstag und Freitag, den 6. und 7. April ... in Frankurt a. M.",https://historica.unibo.it/handle/20.500.14008/94082,https://historica.unibo.it/server/iiif/f6336754-0a01-45c7-826c-8933b8ce0fe5/manifest
BO0624_83995,"Catalogue de tableaux anciens par Anthonieesn, Avercamp, Beerstraaten, Brauwer, Beekelenkam, Brueghel, Caresme ... pastels, gouaches par L. Moreau, J. B. Perronneau, etc. provenant de la collection de feu M. le docteur Azam (de Bordeaux): Hotel Drouot, salle n. 6, le mercredi 15 décembre 1909",https://historica.unibo.it/handle/20.500.14008/93431,https://historica.unibo.it/server/iiif/f650d619-4919-4301-9491-f9f242de67fe/manifest
BO0624_88314,"Sammlungen Direktor R. Zahn [gestorben], Plauen: Abteilung 3. Ölgemälde und Handzeichnungen neuerer Meister: Versteigerung in der Galerie Helbing in München ... den 21. November 1917",https://historica.unibo.it/handle/20.500.14008/94329,https://historica.unibo.it/server/iiif/f6b416dc-5fe0-42c7-9652-85ee0ddf0591/manifest
BO0624_88672,"Antiquitäten und Gemälde aus ausländischem Besitz. Versteigerung: Berlin, 9 November, 1927",https://historica.unibo.it/handle/20.500.14008/94603,https://historica.unibo.it/server/iiif/f6d66190-ebf1-4304-b899-5abe11adbe81/manifest
BO0624_5730,"Catalogo della Galleria Bonomi-Cereda di Milano: quadri di celebri autori italiani, spagnuoli, tedeschi, olandesi, ecc. dal secolo 15. al secolo 19.: la vendita al pubblico incanto avrà luogo a cura della impresa di vendite in Milano di A. Genolini ... nei giorni di lunedì 14, martedì 15 e mercoledì 16 dicembre 1896 ...",https://historica.unibo.it/handle/20.500.14008/93036,https://historica.unibo.it/server/iiif/f712f8ff-18f1-4ddc-8977-0943017dbe89/manifest
BO0624_87759,"Katalog einer Sammlung von Gemälden älterer und neuerer Meister sowie einer Sammlung von Antiquitäten als Miniaturen, Aquarelle ... aus dem Nachlasse des Herrn Rentner Schlosser in Coln und Anderer: Versteigerung zu Coln ... bei Math. Lempertz, Buchhandlung und Antiquariat (P. Hanstein) in Coln und Bonn",https://historica.unibo.it/handle/20.500.14008/93943,https://historica.unibo.it/server/iiif/f7173a2c-dec5-4c21-91df-a101d89d4c9f/manifest
BO0624_88194,"Katalog der nachgelassenen Gemälde- und Miniaturen-Sammlung des [gestorbenen] Herrn J. L. Menke, Grosskaufmann Antwerpen und aus anderem Besitz: Gemälde älterer und neuzeitlicher Meister Miniaturen und Dosen: Versteigerung zu Cöln ... den 3. April 1914 ...",https://historica.unibo.it/handle/20.500.14008/94243,https://historica.unibo.it/server/iiif/f726f829-fabe-4dff-8f3a-4f98800c7ca2/manifest
BO0624_84206,"Catalogue des objets d'art et d'ameublement, porcelaines de Chine ... pendules et meubles ... tableaux modernes ... composant la collection de feu M. Bourée ...: la vente aura lieu à Paris ... les mercredi 17 et jeudi 18 juin 1914 ...",https://historica.unibo.it/handle/20.500.14008/93588,https://historica.unibo.it/server/iiif/f7720988-d16a-4473-bbda-ba99184b5cbf/manifest
BO0624_88674,Olgemälde,https://historica.unibo.it/handle/20.500.14008/94605,https://historica.unibo.it/server/iiif/f7f624d2-af8f-4365-a393-2c49818c9e10/manifest
BO0624_87647,"Katalog einer Sammlung von Gemälden älterer und neuerer Meister sowie einer Sammlung von Antiquitäten als Möbel, Arbeiten in Holz, Elfenbein ... aus dem Nachlasse der Herren Marquis von Villers auf Burgesch, Museumdirektor Michels in Elberfeld und Anderer: Versteigerung zu Bonn ... den 18. bis ... den 24. November ... bei M. Lempertz' Antiquariat (P. Hanstein) ... gegen baare Zahlung",https://historica.unibo.it/handle/20.500.14008/93863,https://historica.unibo.it/server/iiif/f82f4f10-7142-4029-b766-a4fbce8d5ad8/manifest
BO0624_83962,"Catalogue des tableaux & dessins anciens principalement de l'École Française du XVIIIe siècle ... anciennes porcelaines de Chine ... objets de vitrine ...: Hotel Drouot, le vendredi 2 avril 1909",https://historica.unibo.it/handle/20.500.14008/93406,https://historica.unibo.it/server/iiif/f89963c4-cad1-4640-8ad8-70ccd651b5c5/manifest
BO0624_87705,"Ölgemälde und Antiquitäten aus dem Nachlass des Königl. und Städtischen Auktions-Kommissars für Kunstsachen und Bücher Herrn Rudolph Lepke ...: Herrvorragende Dosen-Sammlung aus Privatbesitz ...: Ausstellung: Sonntag, den 20. und Montag, den 21. November 1904; Versteigerung: Mittwoch, den 23. November 1904 und folgende Tage",https://historica.unibo.it/handle/20.500.14008/93900,https://historica.unibo.it/server/iiif/f8b00872-d761-425a-95f6-6654f0fc35f4/manifest
BO0624_84139,"Tableaux Anciens: oeuvres de B. Bellotto, F. Guardi, J. van der Hagen, E. Jeaurat, Hubert Robert, C. van Loo, A de Vois, etc., pastels du 18. siècle par John Russell, Joseph Vivien ...: sculptures, pendules, bronzes d'art et d'ameublement, meubles, armoires Louis 14.: Paris, Galerie Georges Petit ... le vendredi 14 mars 1913",https://historica.unibo.it/handle/20.500.14008/93537,https://historica.unibo.it/server/iiif/f8e259db-1ee9-4f61-bdd8-6148f7c9891a/manifest
BO0624_88812,"Gemälde: 16.-19. Jahrhundert ; Sammlung Geiger Ulm, u.a.B. ; Werke von Calvaert, ... ; antike Möbel, Perser-Teppiche ; China Kunst und Kunstgewerbe Arbeiten in Holtz, Stein, Silber, Keramik. [Versteigerung: Berlin, 9-10 Dezember 1929]",https://historica.unibo.it/handle/20.500.14008/94726,https://historica.unibo.it/server/iiif/f8e3b672-f408-439c-8f95-e17f0d89844a/manifest
BO0624_88718,"Gemalde handzeichnungen und Aquarelle neuerer Meister der Sammlung J. Berlin und anderer Privabesitze: Ausstellung: Sonnabend, den 19. Mai 1928, Sonntag, den 20. Mai 1928, Montag, den 21. Mai 1928: Versteigerung: Dienstag, den 22. Mai 1928",https://historica.unibo.it/handle/20.500.14008/94645,https://historica.unibo.it/server/iiif/f92dc261-e82c-478c-a578-798728260591/manifest
BO0624_87555,"Catalog einer Sammlung von werthvollen Gemälden alter und moderner Meister, acquarellen, handzeichnungen und kupferstichen: ausserdem kostbare dosen und miniaturen sowie juwelen und antike kunstsachen: versteigerung zu München ... donnerstag den 1. Dezember und folgende Tage unter leitung des herrn Carl Maurer",https://historica.unibo.it/handle/20.500.14008/93813,https://historica.unibo.it/server/iiif/f991acd2-350e-45f7-b6b8-0e89b2531da5/manifest
BO0624_83729,"Tableau de l'école de Rubens dépendant de la succession de M. C... et Tableaux anciens et modernes, dessin et aquarelles appartenant à divers ...: Vente du vendredi 19 février 1904 ...",https://historica.unibo.it/handle/20.500.14008/92818,https://historica.unibo.it/server/iiif/fa054e72-3b96-42be-ad55-9ef4cfc02ec8/manifest
BO0624_88635,Gemälde alter meister 15. bis 18. Jahrhundert aus englischem und österreichischem Sammlerbesitz sowie andere Beiträge nebst zwei alten Holzskulpturen: Versteigerung...den 29. Marz,https://historica.unibo.it/handle/20.500.14008/94575,https://historica.unibo.it/server/iiif/fa34407a-9db9-4563-891b-265eaae74dcb/manifest
BO0624_44578,"Notice de l'importante collection d'instruments de mathematiques anciens pour l'astronomie, la geometrie, la topographie, les poids & mesures ... Provenant de la liquidation des biens de M. Raoul Heilbronner ... Dont la quatrieme vente aux encheres publiques aura lieu a Paris Hotel Drouot, salle n. 7, le mercredi 8 mars 1922 ...",https://historica.unibo.it/handle/20.500.14008/92671,https://historica.unibo.it/server/iiif/fa3eb699-39f3-44c9-93c1-875455c0c324/manifest
BO0624_81865,"Catalogo della vendita di un'importante raccolta appartenente a due nobili famiglie napoletane, che verrà eseguita nei locali della Galleria Ciardiello, in Firenze: esposizione ... vendita da lunedì 27 febbraio a sabato 3 marzo",https://historica.unibo.it/handle/20.500.14008/92920,https://historica.unibo.it/server/iiif/fa5ea1a0-8da2-47b5-9b8f-4785b5e66233/manifest
BO0624_83794,"Catalogue des objets d'art et de haute curiosité de l'antiquité, du Moyen Age et de la Renaissance composant la collection de feu M. Boy: du lundi 15 au mardi 24 mai 1905",https://historica.unibo.it/handle/20.500.14008/93297,https://historica.unibo.it/server/iiif/fa9a9c38-3699-49e7-8e24-cbfd05e669f0/manifest
BO0624_87872,"Gemälde alter Meister des 15. bis 18. Jahrhunderts, Sammlung Nicolan, Barcelona und eine Anzahl Bilder aus dem Nachlasse des Freiherrn Grote, Wannsee ...: Versteigerung, Dienstag, 23 Februar 1909",https://historica.unibo.it/handle/20.500.14008/94032,https://historica.unibo.it/server/iiif/fab5bbbc-3834-4168-af29-fdefd23ec2b4/manifest
BO0624_83832,Catalogue de trois panneaux décoratifs par François Boucher et de quatre tableaux par J.-B. Huet appartenant à M. le Comte Walsh De Serrant: vendredi 30 mars 1906,https://historica.unibo.it/handle/20.500.14008/93323,https://historica.unibo.it/server/iiif/fac54b8a-8b6b-4f26-b3e5-3bbdfee7a5dc/manifest
BO0624_88483,"Versteigerung zweier Hamburger Gemälde-Sammlungen aüerdem eine Anzahl Gemälde aus verschiedenem Privatbesitz und aus dem früheren Bestande der Hamburger Kunsthalle: ferner die Hamburgensien-Sammlung der Herrn A. Weisflog ...: ferner die gesamte antike Wohnungs-Einrichtung eines Hamburger Sammlers ...: Versteigerung am 1., 2. u. 3. November 1921",https://historica.unibo.it/handle/20.500.14008/94461,https://historica.unibo.it/server/iiif/fad14e2e-e2fa-4f07-b7e7-c4bac365de5b/manifest
BO0624_81792,"Catalogo della collezione di oggetti d'arte antica del fu Marchese Costantino Guidi: sculture in marmo e pietra, quadri, mobili, ... la cui vendita al pubblico incanto verrà effettuata a Firenze nel Palazzo già Rinuccini, il 14 aprile 1910 ...: impresa vendite Galardelli e Mazzoni",https://historica.unibo.it/handle/20.500.14008/92771,https://historica.unibo.it/server/iiif/faf3f8df-1dfe-4c93-b659-59ecc906b8a1/manifest
BO0624_87417,Katalog der hervorragenden Sammlung von Ölgemälden moderner Meister ersten Ranges sowie Vorzüglicher Kunstgegenstände aus dem Besitz des Herrn Louis Levison in Mannhein öffentiche versteigerung ... den 24. November ... in Frankfurt a. M,https://historica.unibo.it/handle/20.500.14008/93731,https://historica.unibo.it/server/iiif/faff2c14-9186-4a04-aa92-508433ddaf8e/manifest
BO0624_87401,"Katalog ausgewählter Gemälde aus dem Freiherrlich von Fechenbach'schen Schlosse zu Laudenbach am Main und einer andern Sammlung einer Liquidationsmasse angehörend, welche in Auftrage des Herrn Rechtsanwalt von Cöllen dahier zur Auction gelangt.: Versteigerung zu Köln den 29 Mai 1889",https://historica.unibo.it/handle/20.500.14008/93719,https://historica.unibo.it/server/iiif/fb2f250b-b031-45df-95f5-57862f755fa3/manifest
BO0624_87912,"Sammlung Kommerzienrat H. G. Gutekunst, Stuttgart: Antiquitäten ...: Auktion in München in der Galerie Helbing, Mittwoch, den 6. April 1910",https://historica.unibo.it/handle/20.500.14008/94055,https://historica.unibo.it/server/iiif/fb4a1aa2-8fc7-4969-962f-a8e840441c2a/manifest
BO0624_88085,"Nachlass Hugo Bürgel, München und Nachlass Galeriedirektor Wilh. Frey, Mannheim: Auktion in München in der Galerie Helbing ... den 25. Februar 1913",https://historica.unibo.it/handle/20.500.14008/94161,https://historica.unibo.it/server/iiif/fbd37da3-2379-4bb9-bd34-2d434a25946e/manifest
BO0624_88585,Ölgemälde,https://historica.unibo.it/handle/20.500.14008/94537,https://historica.unibo.it/server/iiif/fbd6074e-d9bc-4837-81c9-85f6f156e4b5/manifest
BO0624_81876,Collezione Ferria eredi di Alberto Pasini,https://historica.unibo.it/handle/20.500.14008/92922,https://historica.unibo.it/server/iiif/fbf53b85-752c-429a-add8-5015e3968208/manifest
BO0624_88247,"Katalog hervorrangender Sammlungen von Kupferstiche, Radierungen, Aquarellen, Handzeichnungen, Jap. farb. Holzschnitten, Gemälden alter und neuerer Meister ... aus Aachener Privatbesitz u.a.: Versteigerung zu Aachen am 10., 11. und 12. Mai 1916 ...",https://historica.unibo.it/handle/20.500.14008/94278,https://historica.unibo.it/server/iiif/fc04c17a-8e39-443d-b8f2-7019e6d82113/manifest
BO0624_88186,"Verzeichnis über Gemälde meist moderner Meister: Miniaturen, Orientalische Teppiche ...: Versteigerung ... den 10 und 11. März 1914 Frankfurt a. Main ...",https://historica.unibo.it/handle/20.500.14008/94239,https://historica.unibo.it/server/iiif/fc1a1383-e484-4ac0-86b6-e540db61777d/manifest
BO0624_87717,"Katalog der Gemalde-Sammlung (deutscher Teil) des Herrn J. S. Forbes, Chelsea, London: Versteigerung am Dienstag, den 28. Marz 1905 zu Munchen",https://historica.unibo.it/handle/20.500.14008/93909,https://historica.unibo.it/server/iiif/fc3c7719-62dd-4c8a-a67a-9399deed896e/manifest
BO0624_84271,"Catalogue des sculptures et ornements de jardin, anciens et de style en marbre, pierre, terre cuite ... composant les collections de M. Raoul Heilbronner ...: Paris, 31, rue Deparcieux ... mercredi 8 octobre 1924",https://historica.unibo.it/handle/20.500.14008/93642,https://historica.unibo.it/server/iiif/fc7c1df0-b643-4a4d-91b5-aee0821cc0b0/manifest
BO0624_88144,"Napoléon 1. et son temps: catalogue des livres, autographes, suites de costumes ... composant principalement la collection H. Buhrig, Leipzig: dont la vente aura lieu lundi le 13 et mardi le 14 octobre 1913 ... par Karl. W. Hiersemann à Leipzig Librairie et antiquaire",https://historica.unibo.it/handle/20.500.14008/94208,https://historica.unibo.it/server/iiif/fd175637-e333-4b27-b4a8-c9cb6775b346/manifest
BO0624_87404,Katalog der Gemälde Sammlung des Herrn Anton Baehner in Düsseldorf ... Versteigerung zu Köln den 30. September und 1. October 1889 durch J. M. Heberle (H. Lempertz' Söhne),https://historica.unibo.it/handle/20.500.14008/93721,https://historica.unibo.it/server/iiif/fd25928b-f36c-4e5d-9078-51cc7bd15c25/manifest
BO0624_88646,"Antiquitäten aus altberliner Familienbesitz; China und Japan: Keramik, Bronzen, Lackarbeiten, Sammlung von Schnupftabaksfläschchen; Europäisches Kunstgewerbe: Gobelins, Möbel, Bronzen, Plastik, Gemälde neuer Meister. Versteigerung: Berlin, 3-4 Mai 1927",https://historica.unibo.it/handle/20.500.14008/94584,https://historica.unibo.it/server/iiif/fd7cafd6-6d43-4b57-8616-d4dd1c002fae/manifest
BO0624_83718,Objets d'art anciens de la Chine et du Japon provenant en la majeure partie de la Collection Edmond Taigny ...: les lundi 20 et mardi 21 avril 1903 à l'Hotel Drouot,https://historica.unibo.it/handle/20.500.14008/92811,https://historica.unibo.it/server/iiif/fd975357-5a2b-44a5-abcd-d8128c3fc844/manifest
BO0624_84312,"Catalogue de tableaux anciens par C. Berchem, B. Breenberg, A.-F. Callet ... anciennes porcelaines de la Chine ... tapisseries anciennes ...: lundi 21 & mardi 22 mai 1928",https://historica.unibo.it/handle/20.500.14008/93667,https://historica.unibo.it/server/iiif/fdaf0b12-75c9-496c-92d0-d793dc5fe0fa/manifest
BO0624_87976,Verzeichnis der Gemälde meist moderner und und weniger älterer Meister: Sammlung aus dem Nachlass des Herrn B. L. van Maanen-Kampen: Versteigerung in Frankfurt am Main ... unter Leitung von Rudolf Bangel,https://historica.unibo.it/handle/20.500.14008/94094,https://historica.unibo.it/server/iiif/fdf20c60-4a8e-4fe5-b486-ff029832188d/manifest
BO0624_87468,"Katalog der Gemalde-Galerie des Herrn Friedrich Krupp jr rentner zu Bonn, im Anhang: Nachlasse dr. Chargé in Koln etc.: Gemalde aller Schulen des 15.-19. Jahrhunderts: Versteigerung zu Koln, den 29. und 30. October 1894",https://historica.unibo.it/handle/20.500.14008/93763,https://historica.unibo.it/server/iiif/fe1a25cc-d90e-49de-a8f2-272f84d93956/manifest
BO0624_87834,"Sammlung von Gemälden alter Meister des 15. bis 18. Jahrhuderts: Ausschliesslich aus dem Besitze des Herrn Professor Dr. Wedewer, Wiesbaden: Mit 36 Abbildungen ... Versteigerung ... den 17. März 1908",https://historica.unibo.it/handle/20.500.14008/94002,https://historica.unibo.it/server/iiif/fe1ec4a6-3941-4eb0-a992-4f47b929596f/manifest
BO0624_88536,Ölgemälde und Handzeichnungen moderner Meister: aus den nachlassen der landschaftsmaler professor Hugo Brugel,https://historica.unibo.it/handle/20.500.14008/94509,https://historica.unibo.it/server/iiif/fe2277df-c012-4572-9097-0980c37235a4/manifest
BO0624_88406,Sammlung von Gemälden alter Meister aus Süddeutschem Schlöbesitz: ... Versteigerung ... den 28. Januar 1920,https://historica.unibo.it/handle/20.500.14008/94393,https://historica.unibo.it/server/iiif/fe2d0db8-446d-4120-bdd9-020a325533fa/manifest
BO0624_84005,"Catalogue des tableaux anciens et modernes par: Mierevelt, Jules Dupré, Meissonier, Th. Rousseau ... oeuvre importante de P.-P. Rubens, aquarelles, meubles et objets d'art ancient et modernes, faiences et porcelaines ...: vendredi 15 avril 1910 ... samedi 16 avril 1910",https://historica.unibo.it/handle/20.500.14008/93436,https://historica.unibo.it/server/iiif/fe34d90e-9baf-4992-a396-ace9e2e45570/manifest
BO0624_88083,Olgemälde alter Meister aus verschiedenem Besitz: Auktion in München in der Galerie Helbing ... den 19. Februar 1913,https://historica.unibo.it/handle/20.500.14008/94160,https://historica.unibo.it/server/iiif/fe5e8112-0830-4ab5-89e6-204820f4897a/manifest
BO0624_B15431,Catalogue des objets d'art ancien pour l'année 1913,https://historica.unibo.it/handle/20.500.14008/94739,https://historica.unibo.it/server/iiif/fedde7af-2287-4b2e-9e11-78706412ed6b/manifest
BO0624_88198,"Nachlässe und Sammlungen: [gestorben] Konsul Jacoby, Lübeck, dr. Falcione Nandor, Ungarn u.a.: Antiquitäten, Gemälde ...: Auktion: 21. und 22. April",https://historica.unibo.it/handle/20.500.14008/94245,https://historica.unibo.it/server/iiif/fefec911-11d4-4c8d-99fb-52d908bde0dc/manifest
BO0624_81772,Catalogo degli oggetti d'arte antichi e mobili artistici appartenenti all'eredità di S. A. I. il fu Marchese Alessandro Nembrini Gonzaga ed altro proveniente dalla Villa di Colleameno: La vendita ... avrà luogo in Roma nella Galleria Giuseppe Giacomini ... da lunedì 30 marzo a tutto il 13 aprile,https://historica.unibo.it/handle/20.500.14008/92725,https://historica.unibo.it/server/iiif/ff07a91a-d07f-4980-8777-0f2209c94edf/manifest
BO0624_88657,"Dr. Jacobi-Kiel, Mobiliar des 18. Jahrhunderts: Knüpfteppiche, Spitzen, Stickereien, Keramik, Bronzen, Miniaturen, China und Japan; moderne Gemälde. Versteigerung: Berlin, 20. September 1927",https://historica.unibo.it/handle/20.500.14008/94592,https://historica.unibo.it/server/iiif/ff196792-0fb0-4dbd-b78d-6e1a98fa44d4/manifest
BO0624_83866,"Catalogue des tableaux, dessins, esquisses, croquis, etudes, carnets de poches, terres-cuites, album de croquis par Eug. Delacroix provenant de l'atelier de feu J.-B. Carpeaux, sculpteur ...: vendredi 14 décembre 1906",https://historica.unibo.it/handle/20.500.14008/93341,https://historica.unibo.it/server/iiif/ff440334-e722-4d54-a981-c16fd432bfd9/manifest
BO0624_87375,"Catalog der Freiherrlich von Zwierlein'schen Kunst-Sammlungen, welche erbtheilungshalber zum öffentlichen Verkaufe kommen: Versteigerung zu Geisenheim im Freiherrlich von Zwierlein'schen Hofe den 12. bis 15. September 1887 durch J. M. Heberle (H. Lempertz Söhne) aus Köln",https://historica.unibo.it/handle/20.500.14008/93700,https://historica.unibo.it/server/iiif/ff6ae426-3e91-4936-b9c3-2f3562cc5b23/manifest
