ZERI,variants,new
,1613,True
,1683,True
,1672,True
,1610,True
,1652,True
,1568,True
,1625,True
,1575,True
,1632,True
,1564,True
,1638,True
,1605,True
,1616,True
,1670,True
,1628,True
,1719,True
,1472,True
,1553,True
,1606,True
,1669,True
,1620,True
,1622,True
,1678,True
,1633,True
,1695,True
,1517,True
,1570,True
,1542,True
,1661,True
,1618,True
,1675,True
,1594,True
,1648,True
,1733,True
,1600,True
,1666,True
,1740,True
,1619,True
,1690,True
,1641,True
,1713,True
,1677,True
,1548,True
,1567,True
,1642,True
,1679,True
,1676,True
,1520,True
,1578,True
,1647,True
,1721,True
,1621,True
,1649,True
,1673,True
,1597,True
,1637,True
,1612,True
,1576,True
,1639,True
,1746,True
,1797,True
,1811,True
,1888,True
,1655,True
,1667,True
,1595,True
,17. Jahrhundert,True
,1590,True
,1630,True
,1589,True
,1662,True
,1700,True
,1763,True
,1640,True
,1691,True
,1627,True
,1532,True
,1603,True
,1566,True
,17. Jahrhundert),True
,1773,True
,1785,True
,1775,True
,1789,True
,1747,True
,1784,True
,1754,True
,1766,True
,1795-1796,True
,1757,True
,1777,True
,1776,True
,1717,True
,1734,True
,1793,True
,1728,True
,1729,True
,1749,True
,1768,True
,1743,True
,1765-1775,True
,1762,True
,1795,True
,1792,True
,1796,True
,1793-1798,True
,1752,True
,1767-1771,True
,1741,True
,1788-1793,True
,1533,True
,1845-1859,True
,1822,True
,1838,True
,1855,True
,1826,True
,1852,True
,1834,True
,1825,True
,1827,True
,1821,True
,1839,True
,1817,True
,1844,True
,1847,True
,1863,True
,1843,True
,1841,True
,1828,True
,1845,True
,1837,True
,1847-1848,True
,1859,True
,1836,True
,1846-1848,True
,1829,True
,1842,True
,1864,True
,1856,True
,1818,True
,1823,True
,1862,True
,1851,True
,1835-1836,True
,1831,True
,1832,True
,1854,True
,1846,True
,1843-1844,True
,1814,True
,1835,True
,1898,True
,1899,True
,1896,True
,1913,True
,1911,True
,1922,True
,1918,True
,1879,True
,1921,True
,1897,True
,1858,True
,1912,True
,1903,True
,1894,True
,1892,True
,1883,True
,1873-1874,True
,1887,True
,1889,True
,1856-1858,True
,1886,True
,1914,True
,1902,True
,1914-1920,True
,1893,True
,1909,True
,1914-1915,True
,1923,True
,1917,True
,1915,True
,1865-1866,True
,1914-1918,True
,1910,True
,1884,True
,1897-1898,True
,1919,True
,1466,True
,1594-1644,True
,1452-1527,True
,1413-1471,True
,1455,True
,1487,True
,1513,True
,1430,True
,1475,True
,1470-1532,True
,1470-1516,True
,1486-1570,True
,1468-1546,True
,1495-1555,True
,1457-1466,True
,1450,True
,1504,True
,1420-1490,True
,1380,True
,1487-1508,True
,1538-1591,True
,1540,True
,1586,True
,1500-1570,True
,1500-1571,True
,1556,True
,1509-1590,True
,1588,True
,1448-1514,True
,1516-1586,True
,1508-1592,True
,1520-1590,True
,1518-1582,True
,1527,True
,1554-1574,True
,1555,True
,1550-1560,True
,1515-1589,True
,1525-1608,True
,1562,True
,1522-1523,True
,1345,True
,1318,True
,1612-1615,True
,1597-1647,True
,1606-1663,True
,1610-1654,True
,1552,True
,siecle. Le,True
,1397-1455,True
,1425-1495,True
,1480,True
,1481,True
,1430-1513,True
,1435,True
,1495,True
,1440-1450,True
,1441-1450,True
,1457,True
,1496-1553,True
,1530,True
,1450-1487,True
,1547,True
,1577,True
,1534-1559,True
,1521,True
,1537-1592,True
,1523-1572,True
,1539,True
,1591,True
,1560,True
,1519,True
,1557-1569,True
,1557,True
,1609-1621,True
,1584-1611,True
,1644,True
,1621-1670,True
,1667-1669,True
,1658-1740,True
,1686,True
,1534-1556,True
,1574,True
,1522,True
,1916,True
,1559,True
,1546-1563,True
,1505-1579,True
,1571-1588,True
,1585,True
,1226,True
,1575-1627,True
,1583,True
,1440,True
,1357,True
,1420,True
,1371,True
,1543,True
,XVI. Jahrhunderts,True
,XVI. Jahrhundert,True
,1511,True
,1536,True
,1575-1602,True
,XVI. Jahrh,True
,1643,True
,1624,True
,1630-1654,True
,1499,True
,1450-1532,True
,15. Jahrhunderts,True
,Jahrhunderts. Der,True
,16. Jahrh,True
,1482,True
,1526,True
,1452-1526,True
,1514,True
,1500,True
,16. Jahrhunderts.Der,True
,16. Jahrhunderts,True
,1005,True
,1012,True
,1041,True
,1070,True
,1072,True
,1546,True
,1113,True
,1162,True
,1214,True
,1579,True
,1486-1579,True
,1271,True
,1293,True
,16. Jahrhundert.),True
,16. Jahrhundert,True
,1529-1549,True
,1523-1546,True
,1572,True
,16. Jahrhunderts.(Nach,True
,Der zwolfjahrige,True
,1610-1618,True
,1596,True
,1614,True
,18.Jahrhundert. Der,True
,18. Jahrhundert,True
,1788-1805,True
,1815,True
,1809,True
,1907,True
,1810,True
,1816,True
,1824,True
,1535,True
,1629,True
,1525,True
,1516,True
,1573,True
,1502,True
,1800,True
,XVIIe siecle,True
,1558,True
,1561,True
,1563,True
,1523,True
,1571,True
,1904,True
,1794,True
,1803,True
,1790,True
,1808,True
,1804,True
,1799,True
,1807,True
,1715,True
,1727,True
,1758,True
,XVIIe SIECLES,True
,1537,True
,1963,True
,1601,True
,1617,True
,1645,True
,1650,True
,1651,True
,1653,True
,1657,True
,1664,True
,1674,True
,1702,True
,1249,True
,1685,True
,1379,True
,1694,True
,1696,True
,1742,True
,1778,True
,1781,True
,1782,True
,1791,True
,1806,True
,1813,True
,1820,True
,1901,True
,"XIXe siecles,en",True
,XIXe siecle.24,True
,1739,True
,XVIIe siecles.-Diverses,True
,XIXe siecle.75,True
,1826-1897,True
,1682,True
,XVIIe siecle.13,True
,XVIIe siecles.-De,True
,1654,True
,XIXe siecle,True
,1506,True
,1001,True
,1772,True
,1738,True
,1607,True
,1425,True
,1587,True
,1802,True
,1117,True
,1840,True
,1849,True
,1755,True
,1460,True
,1491,True
,1430-1514,True
,16 Jahrh,True
,1430-1498,True
,15.Jahrh. Der,True
,1476,True
,1487-1500,True
,16.Jahrh. Der,True
,1501,True
,1552-1578,True
,1753,True
,1649-1753,True
,1508,True
,1592,True
,Jahrh. Der,True
,17. Jahrh,True
,1316,True
,1054,True
,1059,True
,1060,True
,1057,True
,15. Jahrh,True
,1497,True
,1550,True
,1569,True
,1580,True
,16. Jahrh.Justitia,True
,16. Jahrh.Mars,True
,1600-1650,True
,1497-1560,True
,1493-1541,True
,17.Jahrh.  Der,True
,18. Jahrh.Mariae,True
,18. Jahrh,True
,19. Jahrh,True
,1462,True
,1908,True
,1565,True
,1604,True
,1850,True
,XVII secolo,True
,1415-1451,True
,1300,True
,secolo XV,True
,Secolo XVII,True
,Secolo XVIII,True
,XV secolo,True
,XIV secolo),True
,secolo XVI,True
,Secolo XII,True
,1716,True
,1363,True
,XIV secolo,True
,1788,True
,Secolo V,True
,1872,True
,1538,True
,1615,True
,1598,True
,1867,True
,1870,True
,1871,True
,1868,True
,1865,True
,1885,True
,1878,True
,1881,True
,1869,True
,1895,True
,1876,True
,1699,True
,1688,True
,1489,True
,1477,True
,1492,True
,1488,True
,1490,True
,1646,True
,1665,True
,1725,True
,1866,True
,1581,True
,1748,True
,1498,True
,1875,True
,1890,True
,1906-1907,True
,1873,True
,1900,True
,1891,True
,1492-1871,True
,1726,True
,1882,True
,1786,True
,1714,True
,1874,True
,1496,True
,1697,True
,1531,True
,1634,True
,1626,True
,1584,True
,1698,True
,1710,True
,1751,True
,1723,True
,1860,True
,1896-1900,True
,XVIe siecle,True
,XVII siecle,True
,XVI siecle,True
,XV siecle,True
,1702-1788,True
,1675-1757,True
,1280-1344,True
,XIX siecle),True
,1647-1736,True
,1733-1781,True
,XIVe siecle,True
,XVe siecle,True
,XVIIIe siecle,True
,XVIIe siecle.Patine,True
,1460-1520,True
,1725-1805,True
,1470,True
,1472-1553,True
,1605-1668,True
,1569-1609,True
,1488-1530,True
,1557-1621,True
,1659-1743,True
,1697-1768,True
,XVIII siecle,True
,1598-1646,True
,1597-1681,True
,1703-1770,True
,1510-1572,True
,1524,True
,1577-1640,True
,XVIe siecle:Mantegna,True
,XII siecle,True
,XVIIe siecle.Mauvais,True
,1787,True
,1684-1721,True
,1684-1745,True
,1695-1736,True
,1662-1734,True
,1728-1779,True
,1432-1488,True
,XVIe siecle.Piece,True
,XVIIe siecle.Res,True
,XVe siecle.Beau,True
,1480-1550,True
,1535-1607,True
,XVI siecle),True
,1665-1747,True
,1610-1690,True
,1683-1754,True
,1494-1533,True
,1460-1505,True
,1727-1775,True
,1528-1572,True
,1501-1572,True
,1540-1619,True
,1447-1515,True
,1662-1740,True
,1570-1615,True
,1159,True
,IIIe siecle,True
,IVe siecle,True
,1581-1647,True
,1507-1580,True
,1723-1792,True
,1524-1608,True
,siecle. 60,True
,XVIe siecle.Le,True
,1681,True
,1707,True
,1659,True
,1663,True
,1687,True
,1658,True
,1703,True
,18. Jahrh.Etwas,True
,1689,True
,1720,True
,1403,True
,16. Jahrh.Siehe,True
,14. Jahrh,True
,16. Jahrh.Lange,True
,Jahrh.Lange 30,True
,15.Jahrh.Hohe 26,True
,1623,True
,1512-1562,True
,1554,True
,1558-1614,True
,1583-1654,True
,1704,True
,1722,True
,1712-1774,True
,1471-1528,True
,1529,True
,1493-1554,True
,1599-1641,True
,1520-1570,True
,1450-1529,True
,1579-1657,True
,1581-1649,True
,1590-1626,True
,1621-1660,True
,1578-1660,True
,1591-1666,True
,1424-1514,True
,1475-1564,True
,1528-1588,True
,1560-1609,True
,1265-1366,True
,1557-1633,True
,siecle XV,True
,1398-1484,True
,1451-1495,True
,1503-1540,True
,1329-1389,True
,1683-1755,True
,1492-1546,True
,1460-1535,True
,1484-1551,True
,1496-1541,True
,1483-1520,True
,1557-1613,True
,XVII siecle.Bois,True
,1615-1673,True
,1477-1576,True
,1528,True
,1530-1606,True
,1438,True
,1605-1621,True
,1619-1690,True
,1528-1612,True
,1630-1678,True
,1758-1833,True
,"XVI siecle,le",True
,XVII siecle.(Provient,True
,siecle XVII,True
,XVII siecle.Dé,True
,XVe siecle.Pieces,True
,1426-1457,True
,1435-1488,True
,1487-1559,True
,XVe siecle.Art,True
,XVI siecle.Provenant,True
,siecle). Le,True
,XIV siecle,True
,1479-1554,True
,siecle. XV,True
,Ve siecle,True
,1481-1530,True
,XVe siecle.Marbre,True
,XV siecle.Travail,True
,1640-1704,True
,Ier siecle,True
,1485-1451,True
,1441-1521,True
,V siecle,True
,XVe siecle.Venitien,True
,1582,True
,1512-1573,True
,1692-1769,True
,1614-1683,True
,1668-1738,True
,1628-1703,True
,1648-1728,True
,1581-1644,True
,1590-1646,True
,1621-1676,True
,1695-1768,True
,1635-1678,True
,1510-1592,True
,1594-1665,True
,1673-1740,True
,1605-1685,True
,1779,True
,1693,True
,1682-1749,True
,1569-1625,True
,1668,True
,1632-1693,True
,1674-1740,True
,1510-1583,True
,1452-1519,True
,1654-1709,True
,1587-1644,True
,1568-1641,True
,1819-1877,True
,1594-1680,True
,1540-1596,True
,1729-1799,True
,1557-1629,True
,1774,True
,1616-1679,True
,1735,True
,1737,True
,1620-1628,True
,1498-1554,True
,1589-1643,True
,1656-1740,True
,1702-1786,True
,1593-1678,True
,1400-1475,True
,1756,True
,1493-1558,True
,1512-1594,True
,1534,True
,1465,True
,1760,True
,1680,True
,1660,True
,1111,True
,1759,True
,1750,True
,1631,True
,1848,True
,1590-1630,True
,1477-1536,True
,1332,True
,1502-1572,True
,1548-1625,True
,1705-1765,True
,1630-1691,True
,1682-1759,True
,1670-1722,True
,1764-1804,True
,1734-1802,True
,1579-1810,True
,1700-1777,True
,1598-1662,True
,1632-1705,True
,1610-1655,True
,1638-1709,True
,1580-1657,True
,1616-1686,True
,1577-1621,True
,1424,True
,1500-1547,True
,1551-1621,True
,1522-1582,True
,1500-1562,True
,1614-1684,True
,1621-1674,True
,1596-1666,True
,1574-1620,True
,1613-1675,True
,1732-1806,True
,1720-1780,True
,1686-1766,True
,1692-1770,True
,1532-1592,True
,1544-1628,True
,1483-1539,True
,1510-1578,True
,1558-1623,True
,1485-1547,True
,1494-1534,True
,1510,True
,1575-1642,True
,1564-1623,True
,1451-1574,True
,1536-1575,True
,1601-1634,True
,1756-1823,True
,1645-1705,True
,1758-1823,True
,1780-1867,True
,1786-1862,True
,1715-1783,True
,1775-1851,True
,1808-1877,True
,1905,True
,1435-1501,True
,1412-1480,True
,1386-1466,True
,1427,True
,1428-1464,True
,1400,True
,1435-1495,True
,1440-1528,True
,1451,True
,1430-1502,True
,1425-1491,True
,1480-1532,True
,1477-1570,True
,1548-1618,True
,1008,True
,1009,True
,1024,True
,1027,True
,1084,True
,XVIII secolo,True
,XVI secolo,True
,XVII. secolo,True
,secolo. M,True
,1625-1713,True
,1699-1779,True
,1802-1835,True
,1798,True
,1681-1772,True
,1556-1626,True
,XIIIe siecle,True
,1470-1546,True
,siecle. M,True
,1484,True
,1515-1590,True
,1568-1625,True
,1780,True
,1559-1664,True
,1549,True
,1656-1705,True
,1065,True
,1206,True
,patria.Siecle XVIIe,True
,1275,True
,siecle). M,True
,Siecle XVIII,True
,siecle. De,True
,XV siecle.Voir,True
,XVII siecle.Marque,True
,1733-1813,True
,XIX siecle.Artfrancais,True
,"XVI siecle,sur",True
,1609-1685,True
,1830,True
,"XVII siecle,dans",True
,1657-1745,True
,"XVIII siecle,le",True
,1551,True
,XVe siecle.Lege,True
,1592-1635,True
,1765,True
,1712-1793,True
,XVe siecle.De,True
,1499-1546,True
,1712-1789,True
,1676-1729,True
,1484-1559,True
,1656,True
,1134,True
,1334,True
,XV CENTURY,True
,XVI century,True
,1490-1540,True
,1593,True
,1934,True
,1671,True
,1485,True
,1515,True
,1599,True
,1234,True
,1493,True
,1494,True
,XVIII Century,True
,1406,True
,1359,True
,1467,True
,1974,True
,1437-1531,True
,1306-1348,True
,1374,True
,XIV CENTURY,True
,1512,True
,1712,True
,1460-1516,True
,1401-1428,True
,1430-1499,True
,1383-1440,True
,1397-1400,True
,1473,True
,1449,True
,1387,True
,1459,True
,1460-1530,True
,1306,True
,1348,True
,1472-1517,True
,1479,True
,1335,True
,1396,True
,1308,True
,1368,True
,1442-1493,True
,1609,True
,1704-1788,True
,1578-1630,True
,1720-1778,True
,1546-1627,True
,1617-1681,True
,1693-1770,True
,1285,True
,1344,True
,1410,True
,1410-1435,True
,1435-1494,True
,1366,True
,1392-1450,True
,1240,True
,1302,True
,1442,True
,1443-1496,True
,1518-1594,True
,1428-1516,True
,1525-1569,True
,1544,True
,1510-1551,True
,1599-1660,True
,1626-1679,True
,1628-1682,True
,1471-1541,True
,1577-1649,True
,1906,True
,1579-1667,True
,1512-1581,True
,1715-1789,True
,1597-1637,True
,1494-1556,True
,1618-1682,True
,1481-1536,True
,1520-1591,True
,1310,True
,1546-1626,True
,1181-1559,True
,1530-1588,True
,1658-1720,True
,1581-1694,True
,1611-1671,True
,1675-1752,True
,1718,True
,1681-1747,True
,1689-1760,True
,1692-1765,True
,1708-1787,True
,1665-1718,True
,1606-1675,True
,1605-1678,True
,1655-1730,True
,1611-1674,True
,1616-1670,True
,1679-1729,True
,1635-1676,True
,1652-1721,True
,1576-1636,True
,1560-1640,True
,1567-1611,True
,1701,True
,1763-1814,True
,1585-1651,True
,1586-1667,True
,1685-1749,True
,1853,True
,1833,True
,1365,True
,1394,True
,1356,True
,1392,True
,1927,True
,1924,True
,XVIe siecle.1470-1546,True
,XVe siecle-commencement,True
,XVIe siecle.Sainte,True
,1518,True
,1770,True
,1732,True
,1731,True
,1783,True
,1685-1766,True
,1684,True
,1928,True
,1385,True
,1441,True
,1622-1693,True
,1745,True
,1758-1810,True
,1762-1816,True
,1509,True
,XIII SIECLE,True
,XVe SIECLE.—La,True
,1350,True
,1520-1608,True
,1636,True
,XVe siecle.-Haut.34,True
,XVIIe siecle.—Haut.32.5,True
,XVIIe siecle.—Haut.23.5,True
,secolo XIX,True
,1850-1918,True
,1830-1909,True
,1926,True
,1835-1912,True
,1838-1905,True
,1836-1886,True
,1834-1895,True
,1846-1922,True
,1825-1884,True
,1826-1890,True
,1846-1906,True
,1834-1905,True
,1835-1901,True
,1824-1904,True
,1826-1903,True
,1830-1868,True
,1826-1895,True
,1825-1908,True
,1838-1866,True
,1925,True
,1323-1348,True
,XV secolo.Quadro,True
,1463,True
,1686-1755,True
,1797-1869,True
,1857,True
,1836-1864,True
,IV secolo,True
,VI secolo,True
,"XVI siecle,Sujet",True
,1490-1570,True
,1558-1617,True
,"XVIII siecle,Une",True
,1504-1578,True
,1615-1713,True
,1588-1649,True
,1606-1660,True
,1590-1660,True
,1548-1628,True
,1486-1542,True
,"XVI siecle,Une",True
,XVIII siecle),True
,1652-1728,True
,1615-1689,True
,1636-1695,True
,1450-1517,True
,1481-1528,True
,1471-1546,True
,1479-1542,True
,1748-1825,True
,1511-1566,True
,1570-1596,True
,1637-1701,True
,1511-1586,True
,1578-1650,True
,1491-1554,True
,1403-1477,True
,"GIAMPIETRINO,siecle XVI",True
,1806-1891,True
,1581-1641,True
,1642-1726,True
,1594-1678,True
,1669-1749,True
,1560-1616,True
,1522-1584,True
,1506-1572,True
,1672-1729,True
,1532-1577,True
,1613-1671,True
,1480-1529,True
,1510-1563,True
,1555-1619,True
,1648-1729,True
,1522-1606,True
,"XVII siecle,Figure",True
,"XVI siecle,fine",True
,"XVI siecle,riche",True
,1805,True
,XVI siècle,True
,XVI siecle;m.0.23,True
,"XVII siecle,lame",True
,"XV siecle,rare",True
,1623-1679,True
,1760-1798,True
,XVI siecle.Voir,True
,1764,True
,1371-1438,True
,1635 -1678,True
,1880,True
,1570-1622,True
,1558-1602,True
,1594-1660,True
,L. Secolo,True
,1620-1683,True
,1621-1686,True
,1667-1447,True
,1620-1668,True
,1454-1513,True
,1528-1592,True
,1691-1764,True
,1525-1613,True
,1643-1699,True
,1564-1666,True
,1532-1588,True
,1562-1638,True
,1638-1664,True
,1469-1517,True
,1478-1511,True
,1518-1574,True
,1430-1506,True
,1451-1525,True
,1610-1695,True
,1592-1630,True
,1394-1474,True
,1746-1828,True
,1620-1666,True
,1628-1719,True
,1486-1531,True
,1586-1638,True
,1634-1689,True
,1654-1719,True
,1656-1746,True
,1470-1565,True
,1554-1626,True
,1523-1581,True
,1625-1654,True
,1659-1734,True
,1447-1576,True
,1813-1865,True
,1819,True
,XVIII. Secolo,True
,1446,True
,1516-1519,True
,cassetto.Secolo XVII,True
,veneziana.Secolo XVI,True
,Incognito.Secolo XVII,True
,dorata.Secolo XVII,True
,centro.Secolo XVI,True
,patina.Secolo XV,True
,Secolo. XVII,True
,Un'ansa.Secolo XV,True
,Veneziana.Secolo XVII,True
,piastra.Secolo XVIII,True
,1582-1649,True
,1541,True
,Secolo XIV,True
,Vangelo.Secolo XIV,True
,II secolo,True
,policromato.Secolo XVI,True
,I secolo,True
,girevole.Secolo XVIII,True
,1587-1640,True
,1755-1842,True
,1512-1574,True
,III secolo,True
,1709,True
,putto.Secolo XVI,True
,1491-1559,True
,1624-1683,True
,1711,True
,1547-1681,True
,dorato.Secolo XVI,True
,1491-1531,True
,1610-1686,True
,1570-1632,True
,architettonica.Secolo XVII,True
,bronzo.Secolo XVIII,True
,tela.Secolo XVII,True
,DETTA.Secolo XVI,True
,policromata.Secolo XVI,True
,dorati.Secolo XVII,True
,"XVII siecle,peinture",True
,1724-1806,True
,1761-1845,True
,1704-1770,True
,1730-1805,True
,1602-1674,True
,1605-1691,True
,1744-1829,True
,1661-1743,True
,1752-1817,True
,1685-1775,True
,1745-1811,True
,1699-1789,True
,1740-1821,True
,1710-1803,True
,1711-1794,True
,1659-1735,True
,1778-1821,True
,1768-1832,True
,1612-1695,True
,1707-1785,True
,1600-1671,True
,1753-1817,True
,1728-1808,True
,1607-1669,True
,1634-1699,True
,1733-1808,True
,1733-1793,True
,1769-1823,True
,1740-1824,True
,1640-1719,True
,XVIII siècle,True
,siècle. Le,True
,1761,True
,1749-1821,True
,1676-1755,True
,1744-1820,True
,1617-1675,True
,1679-1752,True
,1597-1664,True
,1635-1681,True
,1597-1662,True
,1531-1603,True
,1600-1655,True
,1680-1752,True
,1559-1733,True
,1590-1678,True
,1707-1771,True
,1630-1687,True
,1551-1610,True
,1753-1815,True
,1590-1665,True
,1573-1647,True
,1701-1779,True
,1495-1562,True
,1626-1683,True
,1659-1716,True
,1708-1776,True
,1664-1750,True
,1612-1693,True
,1604-1662,True
,1330-1410,True
,1427-1499,True
,1431-1506,True
,1477-1510,True
,1427-1516,True
,1446-1524,True
,1475-1517,True
,1470-1533,True
,1476-1534,True
,1509-1586,True
,1617-1655,True
,1600-1682,True
,1690-1743,True
,1699-1749,True
,1803-1860,True
,1798-1863,True
,1820-1876,True
,1817-1878,True
,1497-1543,True
,1502-1562,True
,1578-1620,True
,1564-1638,True
,1596-1656,True
,1606-1669,True
,1603-1667,True
,1618-1679,True
,1622-1687,True
,1620-1691,True
,1665-1704,True
,1633-1707,True
,1697-1764,True
,1753-1835,True
,1750-1817,True
,1692-1768,True
,1658-1717,True
,1668-1752,True
,1767-1840,True
,1699-1799,True
,1618-1684,True
,1745-1809,True
,1680-1753,True
,1615-1660,True
,1581-1642,True
,1680-1740,True
,1684-1741,True
,1595-1669,True
,1755-1826,True
,1614-1652,True
,1677-1734,True
,1794-1835,True
,1630-1681,True
,1724-1780,True
,1590-1661,True
,1758-1829,True
,1746-1822,True
,1469-1535,True
,1610-1689,True
,1675-1721,True
,1644-1719,True
,1800-1866,True
,1805-1867,True
,1825-1891,True
,1792-1845,True
,1796-1875,True
,1830-1901,True
,1809-1876,True
,1832-1883,True
,1812-1889,True
,1814-1897,True
,1819-1880,True
,1804-1888,True
,1812-1867,True
,1795-1858,True
,1800-1874,True
,1816-1885,True
,1804-1866,True
,1791-1824,True
,1800-1890,True
,1815-1875,True
,1861,True
,1635,True
,XIX siecle,True
,1633-1702,True
,1631-1708,True
,1645-1689,True
,1611-1681,True
,1671-1768,True
,1702-1793,True
,1584-1666,True
,1601-1669,True
,1646-1773,True
,1566-1634,True
,1688-1737,True
,1625-1687,True
,1607-1663,True
,1567-1641,True
,1623-1697,True
,1817-1867,True
,1540-1580,True
,1622-1683,True
,1624-1693,True
,1601-1655,True
,1794-1840,True
,1625-1682,True
,1815-1879,True
,1813-1893,True
,1815-1869,True
,1824-1873,True
,1615-1665,True
,1426-1516,True
,1620-1685,True
,1560-1632,True
,1694-1752,True
,1769-1821,True
,1606-1667,True
,1589-1656,True
,1689-1763,True
,1633-1672,True
,1639-1684,True
,1610-1685,True
,1600-1670,True
,1620-1664,True
,1670-1699,True
,1600-1674,True
,1630-1667,True
,1639-1679,True
,1643-1703,True
,1639-1672,True
,1619-1668,True
,Sec. XVII,True
,Sec. XVIII,True
,Sec. XV,True
,XVI sec,True
,Sec. XVI,True
,Sec. XIX,True
,Sec XVII,True
,V. Sec,True
,C. Sec,True
,Sec. XIV,True
,L. Sec,True
,XV sec,True
,XVII sec,True
,Sec. XIII,True
,IV sec,True
,1728-1778,True
,1769-1774,True
,XVIII siecle.JULES-CESAR,True
,XVIII siecle.SAINT,True
,1695-1760,True
,1654-1740,True
,1655-1705,True
,1714-1789,True
,sculpte.Siecle XVII,True
,XVI siecle.Canon,True
,Siecle XVe,True
,XVI siecle.Le,True
,1611,True
,1250,True
,1100,True
,"XVII secolo)m.0,50.p.m.0,40",True
,XIII secolo,True
,1055,True
,1056,True
,1061,True
,1064,True
,1066,True
,1069,True
,1074,True
,VII Secolo),True
,XV secolo),True
,XVII secolo),True
,"XIV secolo,alt.m",True
,"XVI secolo,alt.m.1,40",True
,1042,True
,1523-1534,True
,1198-1250,True
,1475- 1504,True
,1151,True
,FIRENZE.(Secolo XIII,True
,1670-1723,True
,1396-1406,True
,1528-1797,True
,1668-1707,True
,1250-1310,True
,1496-1501,True
,1501-1504,True
,1665-1700,True
,1708,True
,1250-1355,True
,1691-1700,True
,1289-1311,True
,1362,True
,1447,True
,1464,True
,1471,True
,1328,True
,1355,True
,1478,True
,1486-1501,True
,1595-1606,True
,1752-1462,True
,1458,True
,XVII SECOLo.—Il,True
,XVII SEcoLo.—La,True
,1771,True
,XVIIIme siecle,True
,"XVIIIme siecle,portant",True
,XVIme siecle,True
,"XVIIIme siecle,appuiee",True
,XVIIme siecle,True
,"XVIIIme siecle,en",True
,fer.Siecle XVIme,True
,XVme siecle,True
,"XVIIIme siecle,dansant",True
,XVIIIme siecle.Ancienne,True
,"XVIIme siecle,repre",True
,VIIIme siecle,True
,XIIme siecle,True
,1425-1499,True
,1655-1733,True
,1481-1546,True
,1536-1591,True
,1638-1665,True
,1698-1772,True
,1596-1669,True
,1611-1661,True
,XVIe siecle:LE,True
,XVIe siecle:LA,True
,XVe siecle:LA,True
,1360-1428,True
,1596-1676,True
,1590-1666,True
,1617-1677,True
,siecle: Le,True
,XVIe siecle:VIERGE,True
,1474-1558,True
,1659-1763,True
,XVIe siecle:PoRTRAIT,True
,1682-1754,True
,1660-1730,True
,1702-1762,True
,1588-1656,True
,1657-1747,True
,1609-1686,True
,1505,True
,1483-1576,True
,1484-1540,True
,1609-1679,True
,XVe siecle:Le,True
,1828-1897,True
,1690-1740,True
,1545,True
,1724,True
,rosso.Secolo XVII,True
,1026,True
,"XVI secolo,in",True
,XVIII secolo.—Madonna,True
,XV Secolo.Sant'Agostino,True
,XVI secolo.Cinque,True
,firmato.Secolo XVIII,True
,1653-1725,True
,1730,True
,XVII secolo.(Maniera,True
,1476-1540,True
,1724-1761,True
,XVIII secolo.Oggetto,True
,XV. Sec,True
,"XVIII secolo,ricoperte",True
,XVIII sec,True
,XVII secolo.Provenienti,True
,1767,True
,"XIXme siecle,a",True
,XIXme siecle,True
,1158,True
,1175,True
,1223,True
,1255,True
,1361,True
,1228,True
,1035,True
,1130,True
,siecle. 33,True
,1270,True
,siecle.- 62,True
,1010,True
,XIXe siecle.-I3,True
,siecle.- 52,True
,1185,True
,1267,True
,1268,True
,1269,True
,1272,True
,1273,True
,1274,True
,1277,True
,1278,True
,1279,True
,1280,True
,1281,True
,1282,True
,1283,True
,1284,True
,1286,True
,1287,True
,1288,True
,1289,True
,1426,True
,1444,True
,XIVe siecle.—Le,True
,XVIe siecle.—,True
,XVe siecle.—,True
,XIVe siecle.Lion,True
,XIVe siecle.—La,True
,XVe siecle.—Buste,True
,XVe siecle.—Une,True
,XVe siecle.-Sainte,True
,XVe siecle.-La,True
,XVIe siecle.-Ange,True
,XVIe siecle.—Par,True
,XV. siecle,True
,XVIe siecle.——I73X,True
,XVIIIe siecle.295,True
,siecle.295 X,True
,XVIe siecle.—476,True
,XVIe siecle.——,True
,siecle.——425 X,True
,XVIIe siecle.——,True
,XVIe siecles.—Par,True
,XIXe siecle.——77,True
,siecle.——77 X,True
,XVIIe siecle.——Haut,True
,siecle.——Haut. 51,True
,XVIIe siecle.—Haut.54,True
,siecle.36o X,True
,XVIIe siecle.—,True
,XVIIe siecle.—2oo,True
,siecle.—2oo X,True
,"XVIe siecle.-Haut.136,larg",True
,"XVe siecle.-Haut.56,larg",True
,"XVIe siecle.—Haut.51,larg.192,prof.53",True
,siecle.Haut. 85,True
,siecle.—Diam. 16,True
,siecle.-Haut. 12,True
,siecle.—Haut. 74,True
,"XVIe siecle.Haut.28.5,larg.23.5",True
,1676-1689,True
,1757-1822,True
,siecle.Haut. 28,True
,1492-1563,True
,1468,True
,siecle.—Haut. 12,True
,siecle.-Haut. 29,True
,siecle.-Haut. 38,True
,siecle.-Haut 27,True
,XIIe siecle.—Haut.9I,True
,XIVe siecle.——Haut.75,True
,XIVe siecle.——Haut,True
,siecle.——Haut. 75,True
,XIVe siecle.—Haut,True
,siecle.—Haut. 85,True
,XIVe siecle.Haut,True
,XVe siecle.——,True
,XVe siecle.—.Haut,True
,XVe siecle.Haut,True
,siecle.Haut. 74,True
,XVIe siecle.—Haut,True
,siecle.—Haut. 65,True
,XVIIe siecle.—Haut.22,True
,XIIe siecle.--Haut.116,True
,XIVe siecle.—Haut.25,True
,XVe siecle?.---Haut,True
,XVe siecle.—Haut,True
,siecle.—Haut. 99,True
,siecle.—Haut. 34,True
,XVe siecle.Haut.25,True
,XVIe siecle.——Haut,True
,siecle.——Haut. 43,True
,XVe siecle.--Haut.82,True
,XVe siecle.——Haut.5o,True
,XVIe siecle.-Haut.76,True
,XVe siecle.—Haut.g8,True
,XVe siecle.—Haut.5o,True
,XVIe siecle.—Medaillon,True
,XIVe siecle.—Haut.45,True
,siecle.—Haut. 33,True
,XVe siecle.—Haut.III,True
,"XIVe siecle.——Haut.8.2,larg.5.2",True
,"XIVe siecle.—Haut.8.5,larg.I2.5",True
,XVe siecle.——Haut.I9,True
,XVIe siecle.—Ajoute,True
,XVIe siecle.—210X,True
,XVIIe siecle.—18o,True
,siecle.—18o X,True
,XVIe siecle.——Haut.175,True
,XVIIe siecle.—Haut,True
,XVIe siecle.—Longueur,True
,XVXVI siecle,True
,1071,True
,1078,True
,1081,True
,1118,True
,1364,True
,1422,True
,1557-1578,True
,1700-1746,True
,"XI siecle,—",True
,1384,True
,"XVI siecle,peint",True
,XVIe siecle.Style,True
,"XVe siecle,genre",True
,XVI siecle.Peinture,True
,"XVI siecle,avec",True
,"XVe siecle,piedestal",True
,1360,True
,1030,True
,1050,True
,1453,True
,XVIe siecle.Ecole,True
,Siecle XVIIe,True
,"XVIe siecle,provenant",True
,1003,True
,1075,True
,1087,True
,1088,True
,1769,True
,1116,True
,1126,True
,1127,True
,1131,True
,1132,True
,1137,True
,XVI siecle.M.2.60X0.68,True
,1174,True
,1198,True
,1195,True
,"XVe siecle,marquete",True
,1227,True
,1229,True
,1232,True
,1237,True
,1239,True
,1243,True
,1235,True
,XVe siecle.M,True
,1276,True
,1315,True
,"XVe siecle,école",True
,1319,True
,"XVe siecle,venitien,avec",True
,XVIIe siecle.M.1.60,True
,siecle.M.1.60 X,True
,XVIe siecle.M.0.53X0.18,True
,1391,True
,1413,True
,XVe siecle.Au,True
,1448,True
,1474,True
,"XVIe siecle,lanse",True
,XIVme siecle,True
,XVme siecle.(Travail,True
,1660-1741,True
,1520-1578,True
,1608-1649,True
,1692,True
,1597-1640,True
,1705,True
,1702-1785,True
,1595-1629,True
,1692-1776,True
,1530-1577,True
,1608,True
,1530-1592,True
,1826-1899,True
,1577-1650,True
,1430-1500,True
,1396-1476,True
,1437-1493,True
,1790-1795,True
,XIX Century,True
,XVII century,True
,XVIXVII century,True
,1034,True
,1731-1756,True
,1896-1897,True
,1796-1797,True
,1776-1777,True
,1771-1772,True
,1759-1760,True
,XIII Century,True
,XIIIme siecle,True
,siecle. XVI,True
,1033,True
,1037,True
,1044,True
,1046,True
,1051,True
,1058,True
,1076,True
,1086,True
,1101,True
,1102,True
,1104,True
,1121,True
,1128,True
,1161,True
,1169,True
,1244,True
,1145,True
,1247,True
,1256,True
,1257,True
,1259,True
,1265,True
,1266,True
,1290,True
,1292,True
,1294,True
,1327,True
,1331,True
,1337,True
,1338,True
,1339,True
,1340,True
,1346,True
,1349,True
,1352,True
,1353,True
,1415,True
,1431,True
,1432,True
,1433,True
,1434,True
,1436,True
,1437,True
,1439,True
,1443,True
,1445,True
,1452,True
,1454,True
,1456,True
,1461,True
,1469,True
,1507,True
,1812,True
,1654-1671,True
,XVI siecle.Travail,True
,XV siecle.Legerement,True
,XVII siecles,True
,1877,True
,XVIIme siecles,True
,Century 18,True
,Century 23,True
,Century 57,True
,1785-1837,True
,1360-1440,True
,1330,True
,1373,True
,1646-1662,True
,XVe siecle.Haut.29,True
,XVIe siecle.—Haut.137,True
,XVe siecle.—Haut.36,True
,siecle.——Haut. 22,True
,XVIe Siecle.—Haut.33,True
,XVIe siecle.-Haut.I2,True
,XVe siecle.——Haut.totale,True
,siecle.——Haut.totale 23,True
,siecle.—Haut. 38,True
,"XVe siecle.—Haut.14,larg.20.5",True
,XVe siecle.—Haut.45,True
,siecle.—Haut. 67,True
,XVe siecle?),True
,XVIe siecle?,True
,siecle? De,True
,XVe siecle.—Diam.35.5,True
,XIXe siecle.—,True
,1744,True
,1000,True
,1017,True
,1023,True
,1047,True
,1053,True
,1082,True
,1085,True
,1091,True
,1096,True
,1803-1824,True
,1736,True
,1716-1738,True
,1844- 1866,True
,1801,True
,1783-1828,True
,1865-1877,True
,1834-1838,True
,1747- 1748,True
,1230,True
,1242,True
,1312,True
,1753-1754,True
,1862-1871,True
,1856-1884,True
,1864-1880,True
,1602,True
,1886-1888,True
,1590-1632,True
,1846-1891,True
,1645-1649,True
,1100-1200,True
,1140,True
,1146,True
,1152,True
,1222,True
,1388,True
,1142,True
,1148,True
,1156,True
,1193,True
,1405,True
,1747-1774,True
,1630-1705,True
,1188,True
,1786-1803,True
,1789-1807,True
,1665-1841,True
,1873-1887,True
,1831-1845,True
,1844-1854,True
,1841-1893,True
,1860-1880,True
,1492-1503,True
,1157,True
,1186,True
,1219,True
,1342,True
,1408,True
,1200,True
,1524-1576,True
,1696-1731,True
,1304,True
,1412,True
,1929,True
,1706,True
,1321,True
,1522-1566,True
,1573-1619,True
,1628-1643,True
,1210,True
,1710-1787,True
,Century 10,True
,XIVme siecle.Haut,True
,XVIme siecle.Haut,True
,"XVIme siecle,Haut",True
,XVII siecle.Haut,True
,1006,True
,1021,True
,1031,True
,1045,True
,1052,True
,1067,True
,1068,True
,1083,True
,1094,True
,1098,True
,1129,True
,1135,True
,1197,True
,1201,True
,1203,True
,1216,True
,1217,True
,1218,True
,1241,True
,1261,True
,1262,True
,1263,True
,XVI Siecle.Haut.23,True
,XVII Siecle.Haut.6,True
,XVIII Siecle.Milan.Diam.24,True
,XVIII Siecle.Lodi.Diam.42,True
,XVIII Siecle.Lodi.Haut,True
,XVIII Siecle.Lodi.Haut.22,True
,XVIII Siecle.Lodi.Diam.48,True
,XVIII Siecle.Lodi,True
,XVIII Siecle.Lodi.Diam.11,True
,XVIII Siecle.Lodi.Diam.23,True
,XVIII Siecle.Fabrique,True
,XVIII Siecle.Lodi.Diam.4s,True
,"XVIII Siecle.Lodi,Diam.24",True
,XVII Siecle.Fabrique,True
,XVIII Siecle.Delft.Haut.18,True
,XVIII Siecle.Delft.Diam.26,True
,XVIII Siecle.Niederwiller.Haut.20,True
,XVIII Siecle.Moustiers,True
,XVIII Siecle.Haut,True
,Siecle.Haut. 30,True
,XVII Siecle.Haut.26,True
,XVIII Siecle.Long,True
,Siecle.Long. 42,True
,XVII Siecle.Diam.26,True
,XVI Siecle.Long.25,True
,1376,True
,XVI siecle.En,True
,XVIIe siecle.Compose,True
,XVIe siecle.Base,True
,XVI siecle.Tout,True
,XVI siecle.Decoration,True
,"XVI siecle,finement",True
,1800-1825,True
,"XVI siecle,cisele",True
,"XVI siecle,de",True
,XVI siecle.De,True
,VIe siecle,True
,"XVIe siecle,mort",True
,XVI siecle.Urbino,True
,1062,True
,1063,True
,1073,True
,1598-1680,True
,1264,True
,1291,True
,1341,True
,1343,True
,1706-1786,True
,XVIe siecle.Belle,True
,XVe siecle.),True
,XVI siecle;peinture,True
,XVIII siecle;deux,True
,Siecle XVI,True
,XVIII SIeCLE.Deux,True
,1320,True
,"XVIII siecle,richement",True
,Siecle XVIIIe,True
,"XVIIe siecle,lisant",True
,"XVIIe siecle,en",True
,1020,True
,XVIIIe siecle:deux,True
,"XVIII siecle,appuie",True
,1015,True
,1022,True
,1028,True
,1048,True
,1092,True
,1105,True
,XIVme siecle.M.0.64X,True
,XVIme siecle.Toile.Cadre,True
,1611-1689,True
,"XVIIme siecle,avec",True
,XVIme siecle.La,True
,dipinto.Secolo XVII,True
,"uccelli,secolo XVI",True
,"0.33,secolo XVI",True
,"M.0.29,secolo XVI",True
,"rovescio,secolo XV",True
,"C., sec",True
,"manganese,secolo XVI",True
,1016,True
,1080,True
,1120,True
,1122,True
,1124,True
,1125,True
,1138,True
,Secolo XIII,True
,1627-1703,True
,1632-1704,True
,1631-1695,True
,1580-1660,True
,LavoroVenezianoSecolo XVI,True
,"XVI Secolo,scolpito",True
,"XVI Secolo,intarsiato",True
,V secolo,True
,III sec,True
,VII Secolo,True
,1089,True
,1141,True
,1208,True
,1209,True
,1225,True
,1245,True
,1313,True
,1336,True
,1459-1537,True
,1500-1572,True
,1477-1549,True
,1467-1516,True
,1450-1535,True
,1500-1564,True
,1516-1560,True
,1653-1743,True
,1608-1651,True
,1548-1626,True
,1623-1713,True
,1577-1668,True
,1647-1689,True
,1696-1750,True
,1723-1783,True
,1796-1895,True
,27. Sec,True
,cesellato.Secolo XVII,True
,38. Sec,True
,42. Sec,True
,49. Secolo,True
,sec. XI,True
,12 fiamme.Secolo,True
,fiamme.Secolo XVII,True
,IV secoloe,True
,V SecoloA.G.C,True
,1790-1796,True
,1011,True
,1114,True
,1136,True
,1166,True
,1176,True
,1221,True
,1233,True
,1423,True
,1600-1660,True
,1555-1610,True
,1630-1695,True
,1576-1622,True
,1630-1700,True
,1629-1694,True
,1545-1595,True
,orientale.Secolo XVII,True
,"XVI secolo,di",True
,1510-1560,True
,XII secolo,True
,"XVI Secolo.—m.0,45X1,65",True
,XV Secolo.La,True
,"XIV secolo.-Alt.,centim.15",True
,"XIV secolo.-Alt.m.O,44",True
,1557-1568,True
,1741-1773,True
,1285-1309,True
,1519-1554,True
,1554-1598,True
,1455-1458,True
,1464-1471,True
,1531-1549,True
,1194,True
,1032,True
,XV secolo:berretta,True
,"XVII secolo,in",True
,XV secolo.-La,True
,XIV secolo.-La,True
,XV secolo;bel,True
,XVIII secolo:antica,True
,"XVI secolo.-M.0,50X0,90",True
,XIV secolo.-Il,True
,1133,True
,1153,True
,1160,True
,1163,True
,1164,True
,1165,True
,1168,True
,1170,True
,1187,True
,1189,True
,1190,True
,1224,True
,1252,True
,1253,True
,1254,True
,1260,True
,XVI secolo:angoli,True
,1307,True
,1314,True
,1317,True
,1323,True
,1377,True
,1389,True
,1390,True
,"XV secolo,di",True
,1483,True
,1220,True
,XV secolo;busto,True
,XV secolo;fondo,True
,1440-1494,True
,1584-1656,True
,1571-1626,True
,1643-1701,True
,1608-1640,True
,1606-1677,True
,1811-1889,True
,XV secolo.Alt,True
,XVII. Sec,True
,bleue.Secolo XVII,True
,XVII secolo.Forma,True
,Sec. X,True
,X secolo,True
,75. Sec,True
,65. Sec,True
,80. Sec,True
,1481-1559,True
,1493-1523,True
,1500-1566,True
,1618-1647,True
,1625-1613,True
,1555-1607,True
,1606-1674,True
,1640-1678,True
,1597-1594,True
,1734-1807,True
,1770-1837,True
,1730-1787,True
,1750-1793,True
,1726-1800,True
,1777-1815,True
,1950,True
,1966,True
,1468-1547,True
,1380-1446,True
,1500-1575,True
,1487-1531,True
,1613-1673,True
,1549-1641,True
,1639-1667,True
,1549-1626,True
,1610-1670,True
,1648-1749,True
,1616-1681,True
,1710-1801,True
,1687-1767,True
,1706-1770,True
,1704-1771,True
,1766-1837,True
,1750-1825,True
,1593-1635,True
,Sec XVIII,True
,battuto.Secolo XVI,True
,85. Sec,True
,1483-1561,True
,1436-1492,True
,1503-1537,True
,1512-1688,True
,1541-1602,True
,1643-1688,True
,1745-1821,True
,1751-1833,True
,XVI. Sec,True
,"Sec, XVII",True
,cesellato.Secolo XVI,True
,1470-1530,True
,1440-1492,True
,1482-1540,True
,1546-1578,True
,1559-1613,True
,1597-1666,True
,1619-1683,True
,1600-1686,True
,1660-1734,True
,1787-1837,True
,XV secolo.Interessanti,True
,"XVI secolo,decorazione",True
,"Sec, XVI",True
,Sec. XVIIL,True
,"XVI secolo,con",True
,Secolo VIII,True
,bronzi.Secolo XVIII,True
,oro.Secolo XVI,True
,XVI Secolo.(Sani,True
,1530-1580,True
,1486,True
,1426-1498,True
,1420-1496,True
,1528-1578,True
,1570-1609,True
,1568-1660,True
,1754-1817,True
,1470-1553,True
,1630-1709,True
,1601-1653,True
,1601-1650,True
,1620-1655,True
,1769-1830,True
,1485-1560,True
,1655-1740,True
,"Sec, XVIII",True
,XIV Sec,True
,XVI Secolo;rappresentante,True
,1421,True
,1470-1540,True
,1513-1583,True
,1480-1519,True
,1548-1591,True
,1606-1664,True
,1655-1747,True
,Venezia.Secolo XVIII,True
,policroma.Secolo XVI,True
,1512-1584,True
,1474-1564,True
,1676-1764,True
,1676-1774,True
,1560-1734,True
,1580-1740,True
,1579-1637,True
,78. Sec,True
,54. Sec,True
,1434-1566,True
,1791-1882,True
,1600-1683,True
,1400-1572,True
,1683-1745,True
,1648-1704,True
,1820-1868,True
,1776-1837,True
,1746-1831,True
,1613-1682,True
,1616-1682,True
,1494-1597,True
,1494-1567,True
,Sec. XII,True
,1780-1850,True
,1725-1802,True
,1790-1860,True
,XVI secolo.Ottima,True
,XVII secolo;—,True
,XVI secolo.In,True
,68. Sec,True
,67. Sec,True
,47. Sec,True
,XIV siecle.Venise,True
,XVII siecle.Urbino,True
,IV siecle,True
,XVIIe siecle.Travail,True
,Sec XIV,True
,1547-1625,True
,1590-1664,True
,1599-1664,True
,VIII. Sec,True
,XV secolo.Altezza,True
,1446-1521,True
,1466-1524,True
,1755-1783,True
,1490-1560,True
,1816-1869,True
,1801-1828,True
,I. Sec,True
,1814-1875,True
,XVIII secolo.Cornice,True
,XVI secolo.Alt.cm.70,True
,XV secolo.Alt.em.140,True
,XIV. Sec,True
,Sec. XVIL,True
,21. Sec,True
,XVI secolo.Prezioso,True
,1881-1889,True
,1866-1871,True
,1872-1873,True
,1895-1896,True
,1875-1876,True
,1900-1901,True
,1013,True
,1025,True
,"XV Secolo,terracotta",True
,"XVII secolo,base",True
,"XVII secolo,rappresentanti",True
,"XVI secolo,nel",True
,75. Secolo,True
,IV. siecle,True
,VI. siecle,True
,XVI. siecle,True
,siecle. 13,True
,XV.siecle. 96,True
,siecle. 68,True
,siecle. 28,True
,siecle. I,True
,1970,True
,1180,True
,1493-1557,True
,XV secolo.Dipinto,True
,1656-1727,True
,XVI secolo),True
,1785-1793,True
,1780-1860,True
,1476-1544,True
,1509-1569,True
,1460-1510,True
,1503,True
,1490-1500,True
,1534-1549,True
,1333,True
,1449-1499,True
,1500-1540,True
,1593-1677,True
,1470-1498,True
,1634-1637,True
,1786-1805,True
,"siecle, Le",True
,1671-1745,True
,1514-1578,True
,1578-1669,True
,XVI siecle;m.1.50X0.78,True
,XVIe siecle;m.1.40X2.30,True
,1763-1846,True
,1697-1760,True
,1788-1857,True
,XVI siecle.(95X70mill.),True
,1688-1767,True
,1632-1676,True
,"liscio,secolo XVI",True
,terracotta.Secolo XVI,True
,"italiana,secolo XVII",True
,delsecolo XVIII,True
,tavola.Secolo XV,True
,vato.Secolo XVI,True
,tomba.Secolo XIV,True
,"diverse,secolo XIV",True
,1421-1434,True
,"chiavistello,secolo XV",True
,italiano.Secolo XIV,True
,"Robbiana.Terracotta,secolo XV",True
,dorato.Secolo XIV,True
,battenti.Secolo XVII,True
,bella.Secolo XIV,True
,bracci.Secolo XIV,True
,targa.Secolo XV,True
,settentrionale.Secolo XVIII,True
,"rilievo,secolo XV",True
,traversa.Secolo XVI,True
,fratina.Secolo XV,True
,punzone.Raro.Secolo XIV,True
,araldico.Secolo XV,True
,XV SECOLO.Tavoletta,True
,XIV Secolo).Tabernacolo,True
,Amazzone》Secolo XVI,True
,"XVI secolo,attribuita",True
,nicchia.Secolo XV,True
,XVI Secolo.Fondo,True
,perfettissima.Secolo XVI,True
,mitologico》Secolo XVII,True
,"XVIe siecle.Diam.24,Haut.6,5",True
,1736-1744,True
,siecle.Haut. 54,True
,siecle. L,True
,XIXe siecle.Larg,True
,siecle.Larg. 17,True
,1428,True
,XVIe siecle.Italie,True
,1560-1584,True
,siecle.In 80,True
,siecle.Haut. 40,True
,siecle.Haut. 33,True
,1500-1504,True
,1498-1578,True
,1808-1810,True
,1093,True
,1103,True
,XVIe siecle.Sous,True
,1147,True
,1149,True
,XIXe siecles,True
,1829-1830,True
,1179,True
,1184,True
,1192,True
,1992,True
,1707-1725,True
,1825-1889,True
,1819-1882,True
,1804-1884,True
,1737-1822,True
,1835-1907,True
,1810-1861,True
,1846-1908,True
,1802-1884,True
,1433-1505,True
,1655-1737,True
,1765-1839,True
,1806-1865,True
,1777-1827,True
,1504-1573,True
,1381,True
,1825-1883,True
,1805-1872,True
,1809-1896,True
,1767-1870,True
,1818-1887,True
,1754-1828,True
,1761-1833,True
,1841-1904,True
,1788-1854,True
,1825-1881,True
,1753-1828,True
,1626-1694,True
,1823-1892,True
,1822-1906,True
,1407,True
,1802-1861,True
,1819-1890,True
,1778-1849,True
,1416,True
,1418,True
,1587-1637,True
,1833-1893,True
,1825-1893,True
,1851-1905,True
,1731-1794,True
,1822-1901,True
,1789-1863,True
,1790-1833,True
,1688-1752,True
,XVI. secolo,True
,1504-1570,True
,1666-1724,True
,M. Sec,True
,1602-1658,True
,1607-1679,True
,XIX secolo,True
,1610-1662,True
,Secolo. XVI,True
,"Gentilizio,Secolo XVII",True
,1246,True
,Sec. VXII,True
,1642-1732,True
,1857-1861,True
,42. Secolo,True
,"58, Secolo",True
,Secolo X,True
,"L., Secolo",True
,1825-1892,True
,"41, Secolo",True
,1794-1814,True
,SEC. XVIIe,True
,Secolo. XVIII,True
,"XVII secolo,rappresentante",True
,SECOLO. I,True
,1014,True
,1018,True
,1079,True
,1095,True
,1109,True
,1112,True
,1119,True
,1123,True
,1139,True
,1763-1843,True
,1625-1700,True
,1484-1542,True
,1460-1517,True
,d'avorio.Secolo XVIII,True
,1487-1522,True
,Sec XVI,True
,1751-1822,True
,1766-1828,True
,"veneziano,bellissimo,Secolo XVII",True
,"IL VERONSE,SECOLO",True
,"VERONSE,SECOLO XVI",True
,1795-1865,True
,1787-1819,True
,1714-1782,True
,1597-1691,True
,1782-1875,True
,1590-1636,True
,1538-1603,True
,1597-1630,True
,1639-1709,True
,1632-1750,True
,1442-1508,True
,1657-1743,True
,1798-1855,True
,1623-1703,True
,1780-1864,True
,1776-1815,True
,1554-1640,True
,1636-1698,True
,1619-1672,True
,1753-1839,True
,1110,True
,1212,True
,1782-1785,True
,"V., Sec",True
,1542-1594,True
,1608-1681,True
,1498-1555,True
,1620-1679,True
,1519-1572,True
,1636-1684,True
,Sec. XVIV,True
,1709-1769,True
,1515-1565,True
,1557-1663,True
,1480-1556,True
,1494-1550,True
,1597-1686,True
,1400-1482,True
,1150,True
,"XIV secolo,la",True
,sec. XVIIIL,True
,1002,True
,Sec .XVIII,True
,19. Sec,True
,Sec  XVI,True
,II. Sec,True
,"Sec. ,XVI",True
,V Sec,True
,dorato.Venezia.Secolo XVIII,True
,policroma.Celsea.Secolo XVIII,True
,1004,True
,secolo XX,True
,sec: XV,True
,siecle. 00,True
,1450-1470,True
,1450-1480,True
,1380-1461,True
,1442-1497,True
,corallo.Secolo XVIII,True
,stemmi.Urbino.Secolo XVII,True
,FRIGIDO.Faenza.Secolo XVII,True
,Secolo VI,True
,1837-1883,True
,1848-1894,True
,1836-1837,True
,1691-1747,True
,1564-1637,True
,1645-1718,True
,1525-1598,True
,1645-1704,True
,1575-1632,True
,Toscano.Secolo XVI,True
,Secolo XI,True
,bronzo-SECOLO XVI,True
,bronzo-SECOLO XV,True
,XVIII SECOLO.Modello,True
,XVII SECOLOdipinto,True
,1474-1529,True
,1615-1675,True
,1696-1736,True
,V. SECOLOa.C,True
,XVIII SECOLO-Due,True
,XVII SECOLO-dipinto,True
,21oSECOLO XVIII,True
,Frankental-SECOLO XVIII,True
,1622-1656,True
,III SECOLOa.C,True
,PRESEPE-SECOLO XVIII,True
,"mobili,secolo XV",True
,"sbalzato,secolo XVII",True
,1640-1769,True
,"martellato,secolo XVIII",True
,1657-1705,True
,"putto,secolo XVI",True
,1690-1769,True
,1603-1677,True
,"battuto,secolo XVIII",True
,"bronzo,secolo XVII",True
,"romanica,secolo XIII",True
,1817-1865,True
,1691-1763,True
,"Orvieto,secolo XV",True
,1598-1674,True
,1608-1661,True
,"tornito,secolo XVII",True
,1450-1498,True
,1720-1794,True
,1657-1700,True
,"catenelle,secolo XVII",True
,"peltro,secolo XVIII",True
,1832-1891,True
,1637-1712,True
,1665-1731,True
,1606-1668,True
,1610-1694,True
,1677-1786,True
,1764-1836,True
,1630-1676,True
,1741-1807,True
,1709-1799,True
,FERRARESE-Secolo XV,True
,1984,True
,XIX SECOLODipinto,True
,SECOLO 53,True
,1610-1687,True
,1781-1835,True
,1764-1835,True
,1626- 1679,True
,Toscana-SECOLO XVII,True
,SECOLO XVIIII,True
,1585-1656,True
,MARCOLINO.SECOLO XIX,True
,1768-1822,True
,1813-1888,True
,）-SECOLO XVIII,True
,1792-1869,True
,1762-1840,True
,1659-1742,True
,Cinghiale-SECOLO XIX,True
,）-SECOLO XIX,True
,BISQUIT-Gentiluomo-SECOLO XIX,True
,》-SECOLO XVI,True
,Boemia-SECOLO XIX,True
,1817-1863,True
,1615-1647,True
,1641-1732,True
,V secolo;altezza,True
,XVII secolo.altezza,True
,1717-1791,True
,1040,True
,1143,True
,1144,True
,1700-1782,True
,1598-1670,True
,1822-1897,True
,1823-1901,True
,1834-1907,True
,Boemia.SECOLO XIX,True
,1851-1926,True
,XX Secolo),True
,1858-1911,True
,1844-1915,True
,1862-1920,True
,(SECOLO XVIII,True
,1835-1920,True
,1657-1720,True
,1818-1880,True
,1697-1767,True
,1555-1656,True
,1711-1791,True
,1723-1769,True
,1866-1876,True
,1852-1920,True
,1818-1900,True
,1794-1872,True
,1760-1814,True
,XIX SECOLO),True
,1818-1876,True
,1605-1638,True
,1480-1525,True
,1659-1745,True
,1803-1862,True
,1656 -1746,True
,1637-1706,True
,1588-1672,True
,1561-1617,True
,1505-1584,True
,1495-1575,True
,1625-1649,True
,1475-1527,True
,1628-1744,True
,1705-1789,True
,1589-1669,True
,1571-1575,True
,1455-1519,True
,1490 -1525,True
,1544 -1628,True
,1494 -1550,True
,1520 -1578,True
,1533-1593,True
,1825 -1898,True
,1723-1736,True
,1662-1722,True
,"XX SECOLO.""SIGNORA",True
,"XIX SECOLO.""FIORI,Dipinto",True
,"XIX SECOLO)""CAN",True
,SECOLO II,True
,1600-1665,True
,"XIX SECOLO)""RITORNO",True
,"XVIII SECOLO)""SACRA",True
,1612-1679,True
,"XVIII SECOLO""RITRATTI,Due",True
,XVI SECOLO.(Maniera,True
,"XVIII SECOLO""FANCIULLA",True
,"XIV SECOLO)""CONTADINA",True
,"XIX SECOLO)""IL",True
,"XIX SECOLO)""CAMPAGNA",True
,"XVII SECOLO).""FRUTTA",True
,"XIX SECOLO""FIORI",True
,XX SECOLO,True
,1658-1747,True
,"SECOLO)""RITRATTO DI",True
,"XIX SECOLO)""PAESAGGIO,Dipinto",True
,"XVIII SECOLO""RITRATTO",True
,"SECOLO""RITRATTO DI",True
,"XIX SECOLO)-""POSITANO",True
,"SECOLO)""VICO DI",True
,XVIII SECOLO“PAESAGGIO，,True
,"XIX SECOLO)""BANCO",True
,"XIX SECOLO)""VEDUTA",True
,"SECOLO)""VEDUTA DI",True
,1591-1651,True
,1651-1704,True
,"SECOLO)""FIGURINA DI",True
,1683-1735,True
,"XVIII SECOLO""FRUTTAE",True
,"XVIII SECOLO""PASTORE",True
,"XIX SECOLO)""NATURA",True
,"XVII SECOLO.""APOSTOLI,Due",True
,"XVII SECOLO)""MADONNA",True
,"XIX SECOLO""FIORI,Dipinto",True
,1671-1747,True
,"SECOLO)""GOLFO DI",True
,"XVIII SECOLO""ARCHITETTURE",True
,"SECOLO)""TESTA DI",True
,"SECOLO)""CAMPO DI",True
,1920,True
,"ROMANA,SECOLO XVII",True
,1390-1470,True
,1709-1787,True
,1586-1666,True
,1334-1390,True
,smalto.-Secolo XVI,True
,bordo-Secolo XVII,True
,gento.Secolo XVI,True
,"oro,Secolo XVI",True
,serafini.Secolo XVII,True
,"XVI, Secolo",True
,Secolo XVIIL,True
,1775-1782,True
,Sec. XX,True
,1824-1899,True
,1837-1878,True
,1851-1929,True
,1815-1878,True
,1836-1893,True
,1844-1877,True
,1842-1917,True
,1829-1896,True
,1834-1903,True
,1845-1931,True
,1849-1887,True
,1854-1894,True
,1846-1915,True
,1841-1884,True
,1818-1899,True
,1852-1925,True
,1822-1869,True
,1841-1915,True
,1777-1858,True
,1852-1917,True
,1853-1895,True
,1839-1891,True
,1779-1846,True
,1835-1863,True
,1855-1928,True
,1815-1891,True
,1622-1654,True
,1605-1673,True
,1562-1634,True
,1639-1743,True
,1634-1695,True
,policromato.-Secolo XVII,True
,1730-1803,True
,1090,True
,1741-1847,True
,1657-1647,True
,1527-1580,True
,1654-1726,True
,1730-1764,True
,1029,True
,1077,True
,1108,True
,1154,True
,1155,True
,1181,True
,1182,True
,1183,True
,1299,True
,1301,True
,1303,True
,1305,True
,Urbino.Secolo XVII,True
,1495-1554,True
,XVII Secolo.(Vedi,True
,1848-1849,True
,1935,True
,1942,True
,1944,True
,1945,True
,1956,True
,1957,True
,1958,True
,1959,True
,1960,True
,1961,True
,1883-1925,True
,1387-1455,True
,1502-1555,True
,1632-1754,True
,1583-1618,True
,1788-1847,True
,1474-1515,True
,1646-1712,True
,1832-1905,True
,1727-1804,True
,1470-1538,True
,1621-1693,True
,1820-1906,True
,1814-1866,True
,1824-1910,True
,1824-1891,True
,1562-1637,True
,1698-1760,True
,1672-1737,True
,o.Secolo XVIII,True
,Secolo IV,True
,1624-1653,True
,1526-1612,True
,1600-1659,True
,1655-1743,True
,ENRIQUE.Secolo XIX,True
,1600-1678,True
,1589-1630,True
,1480-1541,True
,1480-1566,True
,1440-1507,True
,1798-1850,True
,"Epoca,Secolo XVI",True
,1559-1635,True
,"DONAT.Meulan,Secolo XIX",True
,1852-1929,True
,1699-1763,True
,1735-1810,True
,1698-1762,True
,1604-1649,True
,1549-1592,True
,1733-1810,True
,1487-1540,True
,1583-1636,True
,Giambologna.Secolo XVIII,True
,'epoca.Secolo XVI,True
,1485-1548,True
,1450-1460,True
,II Sec,True
,1562-1615,True
,1585-1625,True
,1358,True
,1510 -1592,True
,1560-1635,True
,XI Secolo,True
,"XVII Secolo,punto",True
,Sec. XVIIII,True
,1669-1753,True
,X. Secolo,True
,1486-1551,True
,1419-1491,True
,secolo XVIL,True
,1872-1901,True
,1792-1882,True
,1818-1868,True
,1801-1887,True
,1572-1619,True
,1622-1668,True
,MingSecolo XVII,True
,1501-1556,True
,1566-1522,True
,1793-1862,True
,1821-1870,True
,1808-1889,True
,Secolo XVL,True
,1777-1860,True
,1562-1630,True
,1612-1648,True
,1714-1785,True
,(Secolo XV,True
,1039,True
,marmo.Secolo XVII,True
,1660-1719,True
,1763-1804,True
,1674-1736,True
,1782-1857,True
,1793-1873,True
,1490-1557,True
,1800-1895,True
,1930,True
,1178,True
,1207,True
,1211,True
,1933-1935,True
,1585-1615,True
,Sec. VIII,True
,dorato.Secolo XVIII,True
,Paris.Secolo XVIII,True
,Frangonard.Secolo XVIII,True
,1616-1680,True
,(Secolo XVID,True
,bleu.Faenza.Secolo XVII,True
,De Choudeus.Secolo,True
,Choudeus.Secolo XVIII,True
,1476-1531,True
,(Secolo XVI,True
,Cina:Secolo XVIII,True
,1199,True
,1981,True
,intarsiato.Secolo XVII,True
,1486-1546,True
,"Veneziana,secolo XVI",True
,1806-1873,True
,alabarde;secolo XV,True
,Giavellotto;secolo XV,True
,XV secolo)—《Madonna,True
,1474-1548,True
,doratura.Secolo XVI,True
,1266-1313,True
,1686-1775,True
,1522-1563,True
,1485-1566,True
,1475-1532,True
,1300-1366,True
,1661-1747,True
,1650-1718,True
,1700-1773,True
,1475-1554,True
,1480-1528,True
,"DI GUBBIO,Secolo",True
,"DI URBINO,Secolo",True
,"URBINO,Secolo XVI",True
,1530-1543,True
,1727-1788,True
,1504-1540,True
,zaffiro;secolo XVI,True
,"tedesca,secolo XVI",True
,1714-1784,True
,"DI CASTELDURANTE,Secolo",True
,"GUBBIO,Secolo XVI",True
,1525-1578,True
,L Sec,True
,1550-1575,True
,1576-1632,True
,81. Sec,True
,Sec. IV,True
,1213,True
,1309,True
,1311,True
,CXCII Sec,True
,1347,True
,1800-1850,True
,1560-1625,True
,1600-1646,True
,1544-1574,True
,1548 -1590,True
,1524-1606,True
,1494-1557,True
,1483-1524,True
,1571-1644,True
,1487-1557,True
,1551-1620,True
,1550-1580,True
,1581-1648,True
,1503-1581,True
,1656-1738,True
,1499-1562,True
,1623-1691,True
,1049,True
,1177,True
,1414,True
,1395,True
,1382,True
,1038,True
,1043,True
,1417,True
,1393,True
,1324,True
,1007,True
,1397,True
,1398,True
,1401,True
,1402,True
,1404,True
,1895-1897,True
,siecle. 18,True
,1723-1730,True
,1859-1903,True
,1864-1866,True
,1883-1884,True
,1745 -1811,True
,1614-1668,True
,1649-1717,True
,1507-1575,True
,1673-1729,True
,1720-1808,True
,1598-1678,True
,scolpita.Secolo XVII,True
,1580-1615,True
,1480-1548,True
,1713-1794,True
,1815-1910,True
,1664-1747,True
,1704-1778,True
,1871-1877,True
,1751-1831,True
,1747-1818,True
,1746-1825,True
,1785-1824,True
,1762-1768,True
,1740-1817,True
,1761-1765,True
,XVI SIECLE.VASE,True
,1540-1622,True
,XIXe siecle:Societe,True
,1191,True
,1781-1867,True
,1477-1572,True
,1640-1723,True
,1685-1712,True
,siecle. Ce,True
,1755-1759,True
,XVII siecle.Portrait,True
,1778-1855,True
,1940,True
,1734-1739,True
,1740-1752,True
,1747-1810,True
,1818-1820,True
,1805-1806,True
,1814-1820,True
,1807-1834,True
,1814-1826,True
,1821-1844,True
,1662-1723,True
,1736-1796,True
,1621-1675,True
,1615-1670,True
,1597-1667,True
,1768-1774,True
,1354,True
,1370,True
,1545-1608,True
,1676-1746,True
,1784-1873,True
,1326,True
,1756-1762,True
,1696-1772,True
,1760-1829,True
,siecle:Henri IV,True
,1796-1821,True
,1612-1694,True
,siecle). De,True
,1756-1805,True
,1767-1768,True
,1855-1865,True
,1775-1793,True
,1824-1812,True
,1231,True
,1236,True
,1238,True
,1685-1759,True
,1173,True
,1205,True
,1106,True
,siecle. 44,True
,1639-1654,True
,1638-1713,True
,1698-1768,True
,1783-1784,True
,1764-1837,True
,1726-1732,True
,1824-1825,True
,1840-1848,True
,1741-1826,True
,1754-1755,True
,1765-1766,True
,1777-1778,True
,1870-1871,True
,1843-1871,True
,1714-1715,True
,1115,True
,1826-1830,True
,1851-1852,True
,1827-1833,True
,"XVIIe siecle,representant",True
,"XVIIe siecle,presentant",True
,SIECLE Le,True
,1462-1566,True
,1535-1563,True
,1728-1793,True
,1772-1773,True
,1715-1778,True
,siecle.  Ce,True
,siecle.  Le,True
,siecle.— Le,True
,siecle.- Le,True
,siecle.—— Le,True
,1655-1667,True
,"siecle,tome I",True
,siecle. 79,True
,1380-1456,True
,1462-1471,True
,1734-1753,True
,1722-1734,True
,1036,True
,1762-1763,True
,1757-1758,True
,1775-1776,True
,1782-1783,True
,1764-1765,True
,1748-1749,True
,1848-1912,True
,"18. Jahrhundert,rund",True
,12. Jahrh.),True
,1896-1905,True
,1906-1922,True
,1892-1905,True
,20. Jahrhunderts,True
,50 Jahre,True
,17. Jahrhunderts,True
,1752-1770,True
,Jahrg. 25,True
,1510-1926,True
,19. Jahrhundert.2,True
,11; Jahrg.8,True
,15. Jahr,True
,1910-1920,True
,1895-1913,True
,Jahrg. I,True
,19. Jahrhundert,True
,"14. Jahrh.—Hohe:0,30",True
,16. Jahr,True
,"XIII. Jahrhunderts,wahrscheinlich",True
,XVII. Jahrhunderts,True
,XVIII. Jahrhunderts,True
,"XII. Jahrhunderis,von",True
,XV. Jahr,True
,"XVI. Jahrh.,in",True
,XVII. Jahrh,True
,XVIII. Jahrh,True
,XVI. Jahrh.;mit,True
,XV. century,True
,12. Jahrhundert,True
,14. Jahrhundert,True
,15. Jahrhundert,True
,19. Jahrhunderts,True
,18. Jahrhunderts,True
,"15, Jahrhunderts",True
,17. Jahrhuudert,True
,XIII. Jahrh,True
,XII. Jahrh,True
,XV. Jahrh,True
,"XVI. Jahrh.,mit",True
,XVIII. Jahrh.Aus,True
,XVI. Jahrh.Prachtiges,True
,XVIII. Jahrh.Schones,True
,"XVII, Jahrh",True
,XIV. Jahrh,True
,XVI. Jahrh.Sehr,True
,XVI. Jahrh.Hahn,True
,1964,True
,XVII. Jahrhundert,True
,"XVII. Jahrh.,mit",True
,XVII. Jahrh.Marke:N.und,True
,XV. Jahrh.Vergoldet,True
,XVI. Jahrh.mit,True
,XVI. Jahrh.Gute,True
,XVII. Jahrh.Eisen,True
,VIII. Jahrh,True
,Jahrh. 75,True
,1297,True
,"XV. Jahrh.,Bran",True
,"XVIII. Jahrh.,Falkenstein",True
,"XVII. Jahrh.,auf",True
,1386,True
,"XIX. Jahrh.,Minchen",True
,XIX. Jahrh,True
,Jahrh. 12,True
,XV. Jahrh.Theils,True
,1002-1024,True
,1327-1377,True
,1797-1802,True
,1523-1538,True
,1167,True
,1351,True
,"XV. Jahrh.,mit",True
,1383,True
,1322,True
,"XVI. Jahrh,polychromirt",True
,"XVI, Jahrh",True
,1791-1847,True
,1761-1796,True
,XVIme. siecle,True
,XVIIme. siecle,True
,"63 Jahre.H.,G.-R.,h.24",True
,XVI. Jahr,True
,XV. Jahrhundert,True
,XIV. Jahrhunderts,True
,XII. Jahrhundert,True
,XIII. Jahrhundert,True
,XVIII. Jahrhundert,True
,"XVII, Jahrhundert",True
,Jahrzahl MDXXXIII,True
,1099,True
,1107,True
,1196,True
,VI. Jahrhundert,True
,XVII. Jahrhunderts.24,True
,XVI Jahrhundert,True
,"XVII. Jahrhunderts,von",True
,Jahrhundert. 76,True
,XVI. Jahrhunderts.Vorziigliche,True
,Jahrhunderts. 24,True
,D. XVII.Jahrh,True
,"XVII. Jahrhunderts,mit",True
,XV. Jahrhunderts,True
,1978,True
,XVIII Jahrh,True
,"XV. Jahrh.,von",True
,Jahrh. I,True
,1771-1799,True
,1429,True
,XVI. Jahrh.;vergoldetes,True
,Jahreszahl 15,True
,"XVI. Jahrh.,unter",True
,XVII. Jahrh.Fundstatte,True
,XVIII. Jahrh.Lange,True
,XVI. Jahrh.Hohe,True
,XVII. Jahrh.Lange,True
,XVII.Jahrh.Lange 60,True
,"XVIII. Jahrh.,theils",True
,XVI.Jahrh.Diam. 47,True
,XVIII. Jahrh.Hohe,True
,1258,True
,1367,True
,Jahrhunderten. 31,True
,XVII. Jahrh.Hohe,True
,XVI. Jahrh.Lange,True
,Jahrh.Lange 50,True
,Jahrh.Hohe 43,True
,XVI.Jahrh.Hohe 65,True
,Figur.XVI.Jahrh.Hohe 98,True
,Jahrh.Hohe 93,True
,Jahrh.Hohe 62,True
,XV. Jahrh.Hohe,True
,Jahrh.Hohe 58,True
,Jahrh.Hohe 57,True
,XVII.Jahrh.Hohe 42,True
,Jahrh.Hohe 19,True
,XVI.Jahrh.Lange 51,True
,Jahres- 18,True
,13. Jahrhundert,True
,Jahrgang XIX,True
,XIII. Jahrhunderts,True
,XI. Jahrh,True
,Jahrh. 03,True
,XVI.Jahrh. Der,True
,"XVI. Jahrhunderts,in",True
,XVII Jahrh,True
,XVII. Jahrh.Mit,True
,1598-1604,True
,XVI. Jahrh.Holz,True
,XVI. Jahrh.Holzschaft,True
,XVII. Jahrh.Holzschaft,True
,XVII: Jahrh,True
,1610-1651,True
,1624-1654,True
,1552-1602,True
,1766-1822,True
,1578-1629,True
,1743-1790,True
,16. Jahre,True
,1812-1872,True
,1874-1876,True
,1872-1875,True
,18. Jahrh.Sehr,True
,17. Jahrh.Auf,True
,18. Jahrh.Auf,True
,88 Jahren,True
,1650-1703,True
,1563-1647,True
,1718-1791,True
,25 jahrigen,True
,14. Jahrhunderts,True
,15. Jahrhunderts.oben,True
,16. Jahrhundert.Ein,True
,XVII. Jahrh.Der,True
,1752-1773,True
,1927-1928,True
,1933-1934,True
,1937,True
,1951,True
,1954,True
,1971,True
,1973,True
,1975,True
,1980,True
,1983,True
,1987,True
,1988,True
,1990,True
,1994,True
,1997,True
,1450-1500,True
,XVI. Jahrhundert.),True
,XIX. Jahrhunderts,True
,18 Jahrh,True
,1643-1715,True
,XVII. Jahrh.und,True
,1630-1650,True
,1732-1748,True
,"19. Jahrh.""",True
,VI. Jahrgang,True
,Jahrgang. 63,True
,"15. Lebensjahre,in",True
,48. Lebensjahr,True
,81. Lebensjahre,True
,XVIII. Jahrh.Huftfigur,True
,XVIII. Jahrh.und,True
,16 Jahrhunderts,True
,13. Jahrh,True
,15. Jahrh.1,True
,15. Jahrh.H,True
,Jahrh.H. 16,True
,12. Jahrhunderts,True
,14. Jahrhunderts.H,True
,13. Jahrhunderts,True
,11. Jahrhundert,True
,91 Jahr,True
,Jahrhundert. L,True
,"IV. Jahrh.L.103,B.70",True
,"V.—VII1.Jahrh.L.53,B 45",True
,Jahrh.Lange 62,True
,VI. Jahrh,True
,VI. Jahrhundert.L.63,True
,Jahrh. L,True
,"VI. Jahrhundert.L.69,B.56",True
,IV. Jahrh,True
,IV. Jahrhundert,True
,"VI Jahrh.L.191/2,B",True
,III Jahrh,True
,VI. Jahrh.L.29,True
,"V. Jahrh.L.47,B.16",True
,"VI. Jahrh.L.17,B.5",True
,"VI. Jahrh.L.73,B.16",True
,XV: Jahrh,True
,32. Lebensjahre,True
,1594-1643,True
,XVI. Jahrhundert),True
,Der Jahrmarkt.Auf,True
,XVI: Jahrhundert,True
,Jahrh.Lange 12,True
,Jahrh.Hohe 24,True
,1985,True
,1583-1612,True
,XV. Jahrh.;1451,True
,1215,True
,1666-1734,True
,1565-1658,True
,1723-1795,True
,1594-1635,True
,1557-1602,True
,1513-1590,True
,1558-1638,True
,1759-1811,True
,1799-1859,True
,1689-1740,True
,1797-1871,True
,1599-1653,True
,1741-1825,True
,1677 -1736,True
,1772-1843,True
,1739-1809,True
,1804-1877,True
,1653-1719,True
,1802-1846,True
,1759-1826,True
,1805-1874,True
,1740-1799,True
,1609-1674,True
,1760-1825,True
,1623-1694,True
,1840-1885,True
,1794-1856,True
,1764 -1837,True
,1662-1747,True
,1820-1870,True
,1717-1799,True
,1520-1592,True
,1785-1865,True
,1627-1665,True
,1723-1760,True
,1793-1869,True
,1791-1865,True
,1698-1767,True
,1804-1861,True
,1631-1685,True
,1831-1875,True
,1814-1865,True
,16. Jahrhunderts.Knabe,True
,1795-1835,True
,1774-1845,True
,1458-1524,True
,1721-1784,True
,1756-1815,True
,1726-1795,True
,1767-1845,True
,1793-1877,True
,1784-1858,True
,1706-1780,True
,1659-1722,True
,1784-1852,True
,1620-1669,True
,1733-1797,True
,1858-1862,True
,1802-1841,True
,XVII Jahrhundert,True
,29 Jahren,True
,1825-1895,True
,1564-1658,True
,1698-1746,True
,1495-1543,True
,1530-1590,True
,1679-1747,True
,1759-1841,True
,1599-1655,True
,1755-1829,True
,1677-1736,True
,1792-1871,True
,1801-1874,True
,1846-1890,True
,1826-1865,True
,1702-1757,True
,1540-1592,True
,1627-1695,True
,1813-1892,True
,1420-1499,True
,1595-1648,True
,1808-1878,True
,1810-1852,True
,1817-1886,True
,1706 -1780,True
,1812-1875,True
,1574-1638,True
,15 Jahren,True
,Jahreszeiten. L,True
,15: Jahrh,True
,1515-1586,True
,1638 -1709,True
,1670-1744,True
,XVI Jahrh,True
,XV. Jahrh.H,True
,Jahrh.H. 64,True
,Jahrh.Hohe 40,True
,54 Jahre,True
,Jahrh.Hohe 45,True
,gravirt.XVIl.Jahrh.Lange 23,True
,Jahrh.Lange 74,True
,"XVI. Jahrh.Durchm.28,5",True
,XVI.Jahrhunderts.Hohe 38,True
,1596-1607,True
,XVII. Jahrh.Augsburg,True
,XVIII. Jahrh.H,True
,Jahrh.Lg. 33,True
,"XVII. Jahrh.H.3,Durchm.16,5",True
,XVII. Jahr.Hohe,True
,Jahr.Hohe 31,True
,XVI. Jahrh.Grosse,True
,Jahrh.Grosse 27,True
,Jahrh.Lange 97,True
,XVIll.Jahrh.H. 10,True
,1409,True
,XVI. Jahrh.H,True
,XVII. Jahrhundert.Hohe,True
,1552-1615,True
,1740- 1799,True
,1636-1687,True
,1730-1800,True
,1827-1876,True
,1626 -1679,True
,VIII. Jahrhundert,True
,Vierteljahrsheft IV,True
,1696-1896,True
,X. Jahrhundert,True
,Jahresbuchstabe D,True
,"Jahrh.,mit 27",True
,1852-1863,True
,XVI. Jahrhundcrt,True
,V. Jahrhunderts,True
,1172,True
,XIX. Jahrhundert,True
,XIV. Jahrhundert,True
,Jahreszeiten. XVII,True
,1720-1782,True
,XVII. Jahr,True
,XVIII. Jahrhundert.Sehr,True
,Jahrhundert. I,True
,XVI. Jahrhunderts.Wohl,True
,XVI. Jahrhundert.Hohe,True
,Jahrhundert.Hohe 25,True
,XVI Jahrhunderts,True
,1979,True
,I. Jahrgang,True
,1590-1700,True
,XII. Jahrhunderts,True
,XIV.Jahrh.Gesammtlange 29,True
,"XV. Jahrh.,am",True
,XVIII. Jahrhundert.(Angeblich,True
,1298,True
,XV. Jahrhundert.),True
,1736-1813,True
,1751-1829,True
,18. Jahrh.Lebensgrosses,True
,1661-1722,True
,18. Jahrh.Stillleben,True
,1648-1727,True
,1835-1852,True
,1851-1854,True
,XVI. Jahrh.Kl,True
,1685-1763,True
,1622-1678,True
,1670-1715,True
,1601-1673,True
,18. Jahrh.],True
,1606-1676,True
,1642-1705,True
,1658-1724,True
,1611-1670,True
,1582-1642,True
,1621-1662,True
,1632-1690,True
,1607-1673,True
,1605-1676,True
,1566-1626,True
,1838-1880,True
,1815-1876,True
,1832-1876,True
,1296,True
,Jahren. Der,True
,42 cm.16.Jahrh,True
,Jahrh. .32,True
,Jahrh. .79,True
,1723-1725,True
,XIX. Jahrh.Oval,True
,1828-1832,True
,45 cm.16.Jahrh,True
,15 Jahrh,True
,1753-1763,True
,1434-1519,True
,16. Jahrh.mit,True
,1001-1005,True
,1006-1010,True
,1023-1025,True
,1040-1042,True
,1053-1058,True
,1068-1070,True
,17 Jahrh,True
,1181-1183,True
,17. Jahrh.Gr,True
,1202,True
,"18. Jahrh.H.21,5",True
,1241-1243,True
,1244-1246,True
,1247-1249,True
,1250-1253,True
,1281-1285,True
,1286-1293,True
,1294-1299,True
,1300-1305,True
,1306-1308,True
,"18. Jahrh.,mit",True
,1372,True
,1377-1379,True
,1380-1382,True
,1386-1389,True
,1390-1393,True
,1400-1406,True
,1409-1411,True
,1416-1421,True
,1422-1427,True
,1487-1490,True
,1491-1495,True
,1498-1500,True
,1501-1505,True
,1511-1516,True
,1517-1521,True
,1522-1527,True
,1528-1530,True
,1531-1533,True
,1552-1554,True
,1643-1646,True
,1651-1653,True
,1673-1676,True
,1693-1697,True
,1698-1700,True
,1714-1718,True
,1775-1777,True
,1778-1781,True
,1806-1808,True
,1814-1818,True
,1824-1828,True
,1849-1851,True
,1852-1856,True
,Jahrh. 30,True
,1597-1652,True
,1796-1862,True
,1570-1610,True
,1708-1769,True
,1745-1812,True
,Jahrh.). Der,True
,1819-1874,True
,XVI. Jahrhunderts.Hohe,True
,Jahrhunderts.Hohe 50,True
,1740-1806,True
,XVI. Jahrhunderts.Dr,True
,1866-1877,True
,Jahrhunderts.Quadratseite 67,True
,1725-1807,True
,15.Jahrh.H. 47,True
,1869-1872,True
,Jahr 18,True
,1836-1851,True
,1842-1845,True
,1833-1836,True
,1784-1797,True
,1660-1692,True
,XVII. Jahrh.L.46,True
,Jahrh.Durchm. 25,True
,21 cm.XVIll.Jahrh,True
,XVII. Jahrh.Gew.:455,True
,XVIII. Jahrh.Mit,True
,Jahrh.H. 25,True
,Jahreszeiten. Der,True
,"XVIII. Jahrh.H.4,7",True
,1810-1831,True
,1808-1860,True
,1599-1659,True
,1642-1665,True
,1625-1618,True
,1588-1652,True
,1377-1576,True
,1460-1500,True
,1510-1530,True
,1530-1550,True
,1440-1480,True
,1550-1600,True
,1390-1430,True
,1510-1550,True
,1570-1600,True
,1580-1600,True
,1550-1570,True
,1520-1550,True
,1550-1610,True
,1560-1610,True
,1490-1550,True
,1350-1400,True
,1500-1530,True
,1530-1570,True
,1580-1620,True
,1580-1640,True
,1600-1630,True
,1620-1650,True
,1650-1680,True
,1710-1730,True
,1540-1600,True
,1550-1620,True
,1500-1520,True
,1700-1720,True
,Jahrhundert. IV,True
,1460-1480,True
,17. Jahrbundert,True
,1500-1550,True
,1720-1750,True
,17. Jahr,True
,1600-1620,True
,1400-1450,True
,17. Jahrhurdert,True
,1490-1520,True
,1700-1750,True
,1300-1350,True
,1380-1400,True
,1400-1420,True
,1400-1500,True
,1480-1500,True
,1601-1667,True
,1680-1720,True
,1750-1790,True
,1590-1610,True
,1480-1520,True
,16. Jahrh.Italienisch,True
,16. Jahrhundert.Italienisch,True
,1760-1780,True
,16. Jahrhunderts.),True
,Jahrhunderts.) Der,True
,1619-1678,True
,1547-1641,True
,1576-1639,True
,15. Jahrhunderts.),True
,1480-1518,True
,1569-1603,True
,1758-1769,True
,1540-1610,True
,1430-1495,True
,49 Jahr,True
,Jahrh. 80,True
,1713-1715,True
,1646-1710,True
,1695-1759,True
,1611 -1689,True
,1728-1804,True
,1609-1680,True
,1693 -1770,True
,XVIII. Jahrh.Gr.9X6,True
,1783-1787,True
,1746-1761,True
,1656-1680,True
,1758-1784,True
,1876-1879,True
,Jahrgang IVII,True
,1429-1840,True
,1819-1879,True
,XIX. Jahrh.),True
,"XVIIIe siecle,Institutions",True
,1700-1789,True
,XV. Jahrhunoerts,True
,XVI. Jahrh.),True
,25 jahr.Xeg.ubil,True
,jahr.Xeg.ubil. 70,True
,50 jahr,True
,XVI. Jahrhumderts,True
,1533-1603,True
,1470-1490,True
,Jahrh. 16,True
,1640-1867,True
,1618-1864,True
,Jahrh. 60,True
,30 jahr,True
,XV. Jahrhundert.(Aus,True
,1813-1815,True
,XVIll.Jahrh.H. 17,True
,1666-1747,True
,Jahrh.H. 63,True
,17. Jahrhunderts.H.60,True
,1816-1827,True
,1758-1770,True
,16 cm.XVII.Jahrh,True
,Front.XVIIl.Jahrh.H. 60,True
,1844-1846,True
,1587-1612,True
,1813-1879,True
,Jahrh.H. 89,True
,1699-1744,True
,1251,True
,Fruhjahr. L,True
,Jahrmarkt. L,True
,16. Jahrh.als,True
,XIX. Jahrhundert;links,True
,1660-1670,True
,II. Jahrhundert,True
,IIe siecle,True
,Jahreszahl Der,True
,X VII.Jahrhunderts.(Marke,True
,XVII. Jahrhunderts.(Spater,True
,1780-1820,True
,VIII. Jahrh.L,True
,Jahrh.L. 38,True
,XVII Jahrh.mit,True
,Jahrh.mit 12,True
,XVII. Jahrh.Diam.33,True
,XIX.Jahrh.L. 24,True
,Karyatide.XVI.Jahrh. L,True
,"XVIII. Jahrh.,mit",True
,XIx.Jahrhunderts.H 10,True
,1785-1790,True
,1459-1519,True
,1594-1632,True
,"XVI. Jahrhunderts,zum",True
,"XVIII. Jahrhunderts,mit",True
,1760-1770,True
,1810-1815,True
,1780-1790,True
,1800-1810,True
,"XVe siecle,attribue",True
,1528-1617,True
,1605-1640,True
,1725-1784,True
,1790-1846,True
,1799-1863,True
,XIX.Jahrhunderts. L,True
,1830-1897,True
,1097,True
,1860-1900,True
,1198-1208,True
,XV. Jahrhuudert,True
,1886-1905,True
,18 Jahrhdts,True
,XIV. Jahrhdts,True
,XVI. Jahrhdts,True
,1878-1891,True
,1864-1888,True
,1864-1898,True
,1369,True
,30 jahr.Kr,True
,1814-1877,True
,1814-1860,True
,1819-1849,True
,1813-1839,True
,1841-1815,True
,1680-1866,True
,18. Jahrhdts,True
,1783-1819,True
,1798-1800,True
,1461-1597,True
,1867-1877,True
,1728-1743,True
,1721-1743,True
,1901-1903,True
,1895-1903,True
,1740-1860,True
,1572-1606,True
,1862-1872,True
,1776-1848,True
,Der 30jahrige,True
,X. Jahrg,True
,19. Jahrhundert.4,True
,1802-1808,True
,1799-1847,True
,18. siecle,True
,IV (7jahr,True
,1806-1821,True
,1860-1863,True
,1837-1838,True
,1874-1890,True
,1501-1850,True
,1838-1890,True
,1873-1876,True
,1899-1906,True
,1892-1898,True
,1155-1890,True
,Jahrg. IVI,True
,1519-1559,True
,20. Jahrh,True
,1631-1668,True
,IX. Jahrhundert,True
,16. Jahrhunderts.H.38,True
,1536-1600,True
,1682-1716,True
,1736-1795,True
,15. Jahrhunderts.Hohe,True
,18. Jahrh.Pastell,True
,1720-1764,True
,12 jahrige,True
,Der 12jahrige,True
,1933,True
,1737-1739,True
,17. Jahrhdts,True
,Jahre 56,True
,15. Jahrh),True
,Jahre 72,True
,Jahre 58,True
,1647-1723,True
,1596-1632,True
,1641-1704,True
,1813-1814,True
,1839-1840,True
,"18. Jahrh.H.7,3",True
,XI. Jahrhundert,True
,1618-1680,True
,XVI. 18.Jahrh.H.40,True
,19. Jahrhdts,True
,19. Jahrhrts,True
,Jahrhrts. 30,True
,1803-1830,True
,18. Jahrundert,True
,1828-1868,True
,1657-1736,True
,17. Jahrh.mit,True
,18. Jahrh.Portrats,True
,1580-1651,True
,"17. Jahrh.H.4,3",True
,17. Jahrh.H.27,True
,Jahrhunderts. 20,True
,Jahrh. 70,True
,"18. Jahrh.Gr.31,5×22",True
,15. Jahrh.H.112,True
,"16. Jahrh.Lg.27,5",True
,17.Jahrh.H. 76,True
,19. Jahrh.H.6,True
,18. Jahrh.Oval,True
,18. Jahrh.und,True
,"17. Jahrh.,altes",True
,25 jahriges,True
,"90 jahr.Geburtstag,2.Friedrich",True
,1539-1839,True
,"18. Jahrh.).Durchm.7,8",True
,19. Jahrh.H.61,True
,"18. Jahrh.,und",True
,1813-1874,True
,1616-1677,True
,1638-1695,True
,18. Jahr,True
,XVI. Jahrh.Durchmesser,True
,Jahrh.Durchmesser 33,True
,17. Jahrhds,True
,11. Jahrh,True
,"18 Jahrh.,H.4,2",True
,"18. Jahrh.Rund.Durchm.4,3",True
,19.Jahrh.H. 21,True
,1809-1869,True
,17. Jahrhdts.mit,True
,18. Jahrhdt,True
,XVI. Jahrh.und,True
,19. Jahrhunderts),True
,18. Jahrh.Vergoldet,True
,1459-1501,True
,"17. Jahrh.Bronze,vergoldet",True
,17. Jahrh.Meisterzeichen,True
,18. Jahrh.Von,True
,"Italien,16.Jahrh. Der",True
,1295,True
,"16. Jahrh.,Einfassung",True
,17. Jahrhunderts.Am,True
,16. Jahrhunderts.Landschaftliche,True
,89 jahriger,True
,"18. Jahrhunderts,in",True
,18. Jahrh.Gr,True
,"18. Jahrhunderts,mit",True
,"16. Jahrhunderts,auf",True
,Jahrhunderts. 88,True
,15. Jahrhunderts.Das,True
,"15. Jahrhunderts,auf",True
,Jahrhunderts. 54,True
,III. Jahrgang,True
,"17. Jahrh.H.11,3",True
,17.Jahrh.H. 57,True
,18. Jahrh.Durchm,True
,Jahrh.H. 72,True
,19. Jahrh.H.132,True
,Jahrh. 40,True
,18. Jahrh.Kleine,True
,Jahrh.Gr. 10,True
,1620-1688,True
,17. JahrHohe,True
,16.Jahrhundert. 18,True
,Jahrhundert. 20,True
,Jahrhundert. 18,True
,17.Jahrhundert. 14,True
,Turkisen.18.Jahrhundert. 14,True
,"Jahrh. ,86",True
,1630-1708,True
,1649-1719,True
,1698-1779,True
,1610-1680,True
,1751-1781,True
,1465-1546,True
,1521-1546,True
,XVI. Jahrhunderts.Oval,True
,1858-1883,True
,1816-1817,True
,1583-1633,True
,16. Jahrhunderts.Auf,True
,1643-1706,True
,1526-1578,True
,1718-1760,True
,1621-1688,True
,1823-1895,True
,1845-1891,True
,17. Jahrhunderts.(Siehe,True
,1690-1717,True
,12 Jahren,True
,1727-1805,True
,1792-1844,True
,1808-1865,True
,1607-1675,True
,1555-1630,True
,1878-1879,True
,19. Jahrh.Farbendruck,True
,10. Lebensjahr,True
,1644-1711,True
,1811-1857,True
,1820-1898,True
,10 Jahrhundert,True
,1753-1826,True
,1803-1881,True
,1728-1813,True
,1729-1783,True
,1725-1770,True
,1787-1865,True
,1726-1792,True
,1733-1814,True
,1790-1848,True
,1800-1830,True
,1800-1801,True
,XIX. Jahrh.Aehnlich,True
,XV.Jahrh. Der,True
,Jahreszeiten. 17,True
,25 Jahren,True
,XVIe siecles,True
,18. Jahrhunderts.),True
,1626-1678,True
,1581-1632,True
,1658-1718,True
,1723-1797,True
,1736-1810,True
,1531-1574,True
,1727-1806,True
,1658-1702,True
,1719-1804,True
,1784-1868,True
,1729-1776,True
,1743-1822,True
,1710-1762,True
,1576-1656,True
,1520-1582,True
,1558-1616,True
,1629-1699,True
,1819-1889,True
,1596-1640,True
,1607-1677,True
,1590-1652,True
,1836-1885,True
,1802-1873,True
,1808-1880,True
,1607-1674,True
,1649-1712,True
,1720-1799,True
,1740-1803,True
,1810-1882,True
,1791-1858,True
,1806-1882,True
,1627-1678,True
,1779-1842,True
,1739-1804,True
,1693-1741,True
,1698-1780,True
,1570-1634,True
,1740-1797,True
,1636-1700,True
,1623-1678,True
,1736-1766,True
,1790-1866,True
,1857-1891,True
,1520-1584,True
,1758-1814,True
,1743-1781,True
,1813-1882,True
,1498-1586,True
,1624-1700,True
,1763-1840,True
,1645-1699,True
,1490-1539,True
,1420-1488,True
,1640-1700,True
,1590-1645,True
,1523-1567,True
,1636-1691,True
,1766-1826,True
,1715-1808,True
,1748-1821,True
,16. Jahrh.),True
,1562-1629,True
,1545-1619,True
,1789-1856,True
,1826-1887,True
,1775-1852,True
,1853-1898,True
,1674-1755,True
,1803-1885,True
,1797-1824,True
,1833-1888,True
,1803-1854,True
,1766-1855,True
,1798-1876,True
,1593-1675,True
,1493-1546,True
,1756-1826,True
,1725-1809,True
,1809-1845,True
,1787-1838,True
,1820-1904,True
,1511-1574,True
,1730-1769,True
,1615-1678,True
,1756-1852,True
,1823-1890,True
,1697-1739,True
,1728-1794,True
,1640-1707,True
,1797-1892,True
,1775-1849,True
,1620-1658,True
,1739-1814,True
,1779-1857,True
,1811-1888,True
,1771-1839,True
,1788-1871,True
,1603-1758,True
,1790-1836,True
,1758-1802,True
,1796-1870,True
,Jahrz. 09,True
,1822-1891,True
,1779-1853,True
,1696-1761,True
,1755-1813,True
,1824-1903,True
,1802-1877,True
,1727-1782,True
,1804-1830,True
,1719-1768,True
,1842-1906,True
,18. Jahrhunderts),True
,17. Jahrhundert.(Schwedenzeit,True
,17. Jahrhunderts.),True
,19. Jahrhunderts.),True
,"18. Jahrhunderts,darunter",True
,18. Jahrhumderts,True
,Jahrhundert.— 17,True
,1826-1894,True
,1606-1688,True
,1800-1814,True
,1601-1628,True
,16 siecle,True
,1772-1837,True
,1820-1860,True
,1711-1890,True
,1610-1652,True
,1740-1760,True
,1850-1864,True
,1770-1855,True
,1822-1886,True
,1710-1769,True
,1829-1871,True
,1530-1571,True
,1747-1830,True
,1622-1673,True
,1768-1824,True
,1757-1840,True
,1665-1848,True
,1828-1856,True
,1828-1870,True
,1758-1873,True
,1492-1501,True
,1638-1856,True
,1582-1628,True
,1618-1648,True
,1676-1733,True
,1557-1608,True
,1740-1815,True
,1516-1850,True
,1411,True
,18. Jahrhunder,True
,Jahrhunderts. 44,True
,18. JahrHohe,True
,"16. Jahrhundert,leicht",True
,19. Jahr,True
,Jahrhunderts. 49,True
,1593-1665,True
,1546-1611,True
,1570-1580,True
,1813-1868,True
,Jahrhundert. Der,True
,69. 18.Jahrhundert,True
,18 Jahrhundert,True
,16. JahrLange,True
,JahrLange 27,True
,JahrHohe 17,True
,18. Jahr30:18cm,True
,1530-1560,True
,"17. Jahrhunderts,mit",True
,18. Jahrhundts,True
,18. Jahr-hunderts,True
,18. Jahrhunderts.—,True
,18. Jahrliundert,True
,15. Jahrhunderts.Bemalt,True
,18. Jahrhunderts.Kolbenformiges,True
,16. Jahrhundert.Kleine,True
,1325,True
,1680-1730,True
,"17. Jahrhundert,und",True
,1399,True
,18.Jahrhunderts.Diam. 14,True
,1609-1669,True
,18. Jahrhunderts.Pergament,True
,Jahreszahl 75,True
,Jahrh. 13,True
,20 Jahren,True
,17. Jahrhunderts.Prozession,True
,18.Jahrh.H. 77,True
,18. Jahrh.H.76,True
,17. Jahrh.Gr.115X70,True
,18. Jahrh.H.75,True
,18. Jahrh.（Beschadigt.),True
,18. Jahrh.H.73,True
,18. Jahrh.H,True
,17. Jahrh.Ganze,True
,17. Jahrh.H.21,True
,Jahrh.H. 96,True
,"18. Jahrh.Profilierter,viereckiger",True
,17. Jahrh.(Die,True
,17. Jahrh.Gr.10,True
,17. Jahrh.H,True
,Jahrh.H. 91,True
,17. Jahrh.H.24,True
,"18 Jahrh.H.22,5",True
,17. Jahrh.H.16,True
,"18. Jahrh.,H",True
,"17. Jahrh.H.20,5",True
,Jahrh.H. 13,True
,17. Jahrh.Marke,True
,"17. Jahrh.H.34,5",True
,"17. Jahrh.H.3,8",True
,18. Jahrh.H.71,True
,"Niederlandisch,16.Jahrh.Hohe 10",True
,18. Jahrh.H.21,True
,18.Jahrh.Gr.12.5und 13,True
,18. Jahrh.Danziger,True
,18. Jahrh.H.79,True
,18. Jahrh.H.19,True
,18. Jahrh.Lg.10,True
,1795-1800,True
,1171,True
,1196-1200,True
,18 Jahrh.Durchm.50cm,True
,18 Jahrh.Lg.28,True
,Jahresbuchstabe L,True
,1730-1789,True
,1709-1795,True
,1755-1777,True
,17. Jahrh.Ohne,True
,1712-1799,True
,1806-1807,True
,1809-1810,True
,1574-1644,True
,Danzig.Jahresbuchstabe I,True
,1617-1658,True
,1707-1775,True
,1734-1758,True
,"18. Jahrh.H.6,4",True
,1419,True
,"18. Jahrh,H.4",True
,"18. Jahrh.H.3,8",True
,1727-1737,True
,Jahresbuchstabe X,True
,"18. Jahrh.H.4,3",True
,18. Jahrh.Gr.21.5,True
,18. Jahrh.Zeptermarke,True
,18. Jahrh.Ohne,True
,"18. Jahrh.Lg.10,5",True
,"18. Jahrh.H.13,5",True
,1962,True
,1977,True
,1982,True
,18. Jahrh.Gr.7X5.5,True
,1995,True
,1999,True
,"18. Jahrh.Oval.Gr.7X5,5cm.Metallrahmen",True
,18. Jahrh.Meisterhaft,True
,1768-1823,True
,"17. Jahrh.Oval.Gr.5,3X3,6",True
,18. Jahrh.Links,True
,"18. Jahrh.Gr.7,5X5,5",True
,19. Jahrh.Durchm,True
,1787-1852,True
,1740-1828,True
,15. Jahrh.-Erworben,True
,15. Jahrh.—Erworben,True
,16. Jahrh.-Erworben,True
,16. Jahrh.—Erworben,True
,15. Jahrh.-Am,True
,16. Jahrh.-Am,True
,"16. Jahrh,—Erworben",True
,13. Jahrh.-Erworben,True
,14. Jahrh.-Erworben,True
,15. Jahrh.Erworben,True
,15. Jahrhunderts.——Erworben,True
,15. Jahrh.—,True
,17. Jahrh.-Stammt,True
,15. Jahrh.——Erworben,True
,15. Jahrh.—-Erworben,True
,16. Jahrh.—,True
,13. Jahrh.-Stammt,True
,15. Jahrh.-Clemen,True
,14. Jahrh.-Eine,True
,XIVe siecles,True
,14. Jahrh.—Erworben,True
,"16. Jahrhunderts,inmitten",True
,16 Jahrh.——Erworben,True
,"16. Jahrhunderts,in",True
,17. Jahrh.—Erworben,True
,1723-1761,True
,18. Jahrh.d,True
,1019,True
,18. Jahrh.-Ferner,True
,30 jahrigen,True
,1793-1802,True
,1807-1813,True
,1781-1850,True
,1696-1711,True
,XLV. Jahr,True
,1773-1840,True
,1756-1806,True
,1766-1831,True
,18. Jahrh.Verziert,True
,Jahrh.) 49,True
,19. Jahrh.),True
,17. Jahrh.),True
,1765-1767,True
,1762-1767,True
,1760-1762,True
,1758-1759,True
,1790-1800,True
,17. Jahrh.Hohe,True
,17. Jahrhunderts.Auf,True
,1853-1854,True
,18. Jahrhundert.Grofe,True
,"17. Jahrhundert,mit",True
,XI. Jahreszah1,True
,18. JahrSiehe,True
,18. Jahrhundert.3,True
,Jahrhundert.H. 23,True
,Jahrhundert.H. 37,True
,"16. Jahrhundert.H.6,8",True
,"Schweiz,16.Jahrhundert.H. 24",True
,"Flandern,18.Jahrhundert. L",True
,18. Jahrhundert.H.7,True
,18. Jahrhundert.H,True
,"18. Jahrhundert.L.5,I",True
,18.Jahrhundert. L,True
,"18. Jahrhundert.H.7,5",True
,"14. Flandern,15.Jahrhundert.H.40",True
,Jahrhundert.L. 23,True
,17. Jahrhundert.H.15,True
,17. Jahrhundert.H.8,True
,"Flandern,17.Jahrhundert.H. 13",True
,16.Jahrhundert. L,True
,17.Jahrhundert. L,True
,Jahrhundert.L. 86,True
,1768-1778,True
,1769-1771,True
,1544-1616,True
,1664-1739,True
,1612-1682,True
,1673-1746,True
,1607-1676,True
,78 cm.XV.Jahrh,True
,17. Jahrh.H.61,True
,Jahrh.H. 66,True
,16. Jahrh.H,True
,Jahrh.H. 81,True
,18. Jahrh.Lg.242,True
,18. Jahrh.H.4I,True
,18. Jahrh.Durchm.22,True
,17. Jahrh.Durchm.34,True
,18. Jahrh.Durchm.36,True
,16.Jahrh.H. 17,True
,"18. Jahrh.H.12,5",True
,Jahrh.H. 44,True
,17.Jahrh.H. 14,True
,1829-1835,True
,Jahrh. 18,True
,17.Jahrh.H. 52,True
,17. Jahrh.H.58,True
,17. Jahrh.Durchm,True
,"Schweiz,17.Jahrh.H. 17",True
,"18. Jahrh.H.10,5",True
,19.Jahrh.H. 19,True
,17. Jahrh.Lg.ohne,True
,17. Jahrh.Lg,True
,1752-1758,True
,1584-1669,True
,1657-1735,True
,1696-1770,True
,1475-1511,True
,1616-1655,True
,1446-1523,True
,1735-1740,True
,1730-1740,True
,1740-1750,True
,1750-1760,True
,1815-1818,True
,1720-1730,True
,1770-1779,True
,1820-1830,True
,1762-1770,True
,18. Jahrh.Deutsch,True
,1733-1763,True
,18. Jahrh.Schwarzer,True
,18. Jahrh.Kupfer,True
,18. Jahrhund,True
,18. Jahrh.Oel,True
,17. Jahrh.Oel,True
,Holzsockel.18.Jahrhundert.Hohe 17,True
,18. Jahrhundert.Groben,True
,16. Jahrhunderts.Manier,True
,17. Jahrhunderts.St,True
,18. Jahrgang,True
,1817-1891,True
,1813-1885,True
,1802-1869,True
,1815-1862,True
,1825-1877,True
,1820-1879,True
,1835-1868,True
,1798-1868,True
,1807-1873,True
,1851-1912,True
,1806-1867,True
,1838-1888,True
,1819-1875,True
,1789-1869,True
,1799-1881,True
,1803- 1880,True
,1823-1883,True
,1820-1875,True
,1669-1723,True
,1630-1673,True
,10. Jahrhtd,True
,17. Jahrh.Blaumarke,True
,1765-1820,True
,1800-1835,True
,1777-1849,True
,1716-1791,True
,12. Jahrh,True
,1204,True
,1248,True
,1938,True
,1965,True
,1324-1384,True
,1782-1861,True
,1652-1726,True
,17. Jahrh.Goldrahmen,True
,1625-1669,True
,1745-1765,True
,1826-1828,True
,1781-1794,True
,1797-1827,True
,1821-1824,True
,1819-1822,True
,1803-1810,True
,1818-1821,True
,18. Jahrh.—Unter,True
,17. Jahrh.-Ferner:Ahnliche,True
,Jahreszahl MDLXXXV,True
,18. Jahrh.als,True
,16. Jahrh.14:32,True
,18. Jahrh.Ferner,True
,18. Jahrh.Mit,True
,18. Jahrh.In,True
,1798-1799,True
,18. Jahrh.H.12,True
,Jahrh.H. 15,True
,Jahrh.H. 19,True
,17. Jahrh.Durchm.335,True
,"18. Jahrh.Durchm.25,5",True
,"18. Jahrh.H.16,5",True
,17. Jahrh.Durchm.22,True
,17. Jahrh.H.10,True
,"17. Jahrh.H.43,5",True
,Jahrh.H. 11,True
,Jahrh.H. 35,True
,18. Jahrh.H.25,True
,19. Jahrh.—,True
,Jahrh.H. 92,True
,19. Jahrh.H,True
,Jahrh.H. 46,True
,19 Jahrh,True
,Jahrh.Lg. 46,True
,19. Jahrh.In,True
,19. Jahrh.Monogramm,True
,18. Jahrh.H.14,True
,1487-1550,True
,25 jahr,True
,1807-1818,True
,19 siecle,True
,19 siecle1,True
,16. Jahrh.5,True
,16. Jahrh.Teilweise,True
,1740-1768,True
,18. Jahrh.),True
,1579-1582,True
,1803-1807,True
,1823-1833,True
,1776-1784,True
,1804-1806,True
,17. Jahrh.—Ferner,True
,1830-1835,True
,1590-1656,True
,1749-1809,True
,M. 18.Jahrhundert,True
,18. Jahrhundert.Oel,True
,Jahrhundert.Hohe 35,True
,Jahrhundert.Durchmesser 10,True
,1735-1808,True
,1633-1703,True
,1863-1758,True
,1685-1752,True
,1679-1716,True
,1716-1742,True
,1742-1799,True
,1767-1797,True
,1603-1673,True
,1745-1798,True
,1618-1643,True
,1826-1882,True
,1783-1847,True
,1565-1607,True
,1570-1652,True
,1612-1670,True
,1726-1801,True
,1808-1879,True
,1779-1864,True
,1739-1797,True
,1806-1875,True
,1623-1668,True
,1781-1834,True
,1670-1726,True
,1797-1861,True
,1793-1851,True
,1828-1899,True
,1760-1815,True
,18. Jahrh.Frankfurt,True
,1807-1877,True
,1818-1890,True
,1839-1896,True
,1840-1884,True
,1818-1903,True
,1789-1862,True
,1770-1847,True
,1823-1898,True
,1803-1882,True
,1810-1886,True
,1814-1882,True
,1829-1898,True
,1796-1868,True
,Jahrhundert.H. 19,True
,Jahrhundert.H. 18,True
,"Jahrhundert,H. 14",True
,"C. Anf.d.19.Jahrhunderts.Dm.3,5",True
,"18. Jahrhundert,L.19",True
,1808-1885,True
,1672-1746,True
,1810-1864,True
,1817-1841,True
,1638-1705,True
,19.Jahrh.).H. 15,True
,1450-1523,True
,1600-1661,True
,1607-1671,True
,1617-1660,True
,1646-1706,True
,"17. Jahrh.H.22,5",True
,16. Jahrh.aus,True
,18. Jahrhundert.In,True
,Der Trost.19.Jahrhundert,True
,Der Schiffbruch.19.Jahrhundert,True
,19. Jahr=,True
,80 Jahre,True
,Jahre. 19,True
,30. jahr,True
,1737-1808,True
,1752-1828,True
,1759-1850,True
,1786-1844,True
,1782-1834,True
,1814-1848,True
,1759-1830,True
,1791-1868,True
,1725-1768,True
,1789-1845,True
,1750-1828,True
,1543-1575,True
,1788-1855,True
,1792-1888,True
,1730-1815,True
,1761-1832,True
,1737-1824,True
,1522-1590,True
,1664-1724,True
,Jahrh.) Le,True
,1708-1782,True
,1787-1836,True
,1565-1593,True
,1828-1859,True
,1819-1887,True
,18. Jahrhundert.Lange,True
,Jahrhundert.Lange 25,True
,1735-1796,True
,1723-1735,True
,Exemplar.17.Jahrhundert.Lange 67,True
,12 Jahrhundert,True
,36. Lebensjahre,True
,16. Jahr#,True
,1780-1800,True
,1773-1828,True
,1786-1868,True
,81 Jahr,True
,80 jahrigen,True
,1792-1795,True
,16. Jahrhundert.Darunter,True
,1701-1901,True
,1702-1704,True
,1884-1898,True
,1907-1914,True
,XIX. Jahrh.in,True
,1766-1823,True
,1790-1829,True
,1743-1819,True
,1757-1828,True
,1786-1859,True
,1681-1741,True
,1768-1853,True
,1781-1841,True
,74 jahrigen,True
,1788-1866,True
,1785-1863,True
,1769-1818,True
,1746-1795,True
,1786-1842,True
,1788-1874,True
,1828-1876,True
,1792-1854,True
,1789-1866,True
,1812-1874,True
,Jahreszahl. 10,True
,19.Jahrhunderts. 82,True
,Jahrgang 14,True
,Jahrgang 10,True
,1675-1823,True
,1799-1850,True
,1750-1805,True
,1645-1715,True
,1522-1573,True
,Jahr. Der,True
,Jahrg. 10,True
,43 cm.18.Jahrh,True
,1820-1864,True
,40 jahriges,True
,25 jahrige,True
,18.Jahrhundert. 16,True
,1729-1804,True
,18. Jahrh.Langer,True
,40 jahr,True
,16. Jahrh.in,True
,1764-1834,True
,1677-1759,True
,1795-1873,True
,18.Jahrhundert.Hohe 30,True
,18. Jahrhundert.Liegender,True
,Jahrhundert.Hohe 24,True
,17. Jahrhundert.Hohe,True
,18. Jahrhundert.30/31,True
,1655-1869,True
,17. Jahrh.Versch,True
,1760-1849,True
,1822-1887,True
,1818-1893,True
,1810-1860,True
,1787-1870,True
,1810-1887,True
,1807-1882,True
,1748-1815,True
,1735-1806,True
,1730-1750,True
,18. Jahrhundetr,True
,17. Jahrhundert.Die,True
,1616-1664,True
,1694-1740,True
,1640-1680,True
,1582-1669,True
,1792-1859,True
,1714-1759,True
,1751-1824,True
,1800-1838,True
,1641-1711,True
,1629-1676,True
,1666-1742,True
,1606-1682,True
,1813-1857,True
,1595-1672,True
,1803-1880,True
,1609-1675,True
,1784-1855,True
,1695-1754,True
,1595-1640,True
,1748-1810,True
,1818-1825,True
,1812-1818,True
,1730-1792,True
,1731-1797,True
,1810-1868,True
,XV. Jahrh.Eichenholz,True
,1701-1767,True
,Jahrhundert. 13,True
,1810-1820,True
,1830-1840,True
,Jahrhundert.Hohe 84,True
,1820-1840,True
,16 Jahrhundert,True
,18. Jahrhundertss,True
,1535-1573,True
,1590-1649,True
,18. Jahrhunders,True
,1745-1777,True
,1766-1779,True
,19 Jahrhundert,True
,Jahrhunderts: Der,True
,1710-1720,True
,17 Jahrhundert,True
,1836-1904,True
,1818-1822,True
,40 Jahre,True
,18. Jahrhundert.Hohe,True
,Jahrhundert.Hohe II,True
,17. Jahrhundert.Durchm,True
,Jahrhundert.Durchm. 22,True
,Jahrhundert.Hohe 18,True
,17. Jahrhunderts),True
,Jahrhundert.Hohe 29,True
,18. Jahrhundert.Mit,True
,18. Jahrhundert.Dunkles,True
,VII. Jahrhundert,True
,1619-1640,True
,1492-1506,True
,"15. Jahrh.,zweite",True
,1812-1825,True
,1777-1785,True
,1783-1864,True
,1825-1898,True
,1818-1902,True
,1805-1885,True
,1830-1900,True
,73 Jahren,True
,1759-1814,True
,1632-1655,True
,1747-1792,True
,1683-1850,True
,1792-1840,True
,1720-1785,True
,1758-1812,True
,1797-1829,True
,1898-1910,True
,1729-1847,True
,1805-1840,True
,1805-1815,True
,18 Jahren,True
,18. Jahrh.L,True
,17. Jahrh.ProfAbbildung,True
,1522-1591,True
,XV. Jahrh.),True
,XVII. Jahrh.),True
,1587-1661,True
,1757-1791,True
,1578-1656,True
,1821-1896,True
,1742-1745,True
,1801-1867,True
,1801-1860,True
,1814-1873,True
,1846-1877,True
,1828-1904,True
,1837-1907,True
,1833-1881,True
,1578-1610,True
,1811-1867,True
,1792-1866,True
,1796-1842,True
,1770-1834,True
,1807-1862,True
,1623-1674,True
,1834-1883,True
,1721-1772,True
,1792-1875,True
,1798-1851,True
,1779-1844,True
,1758-1817,True
,1702-1755,True
,1828-1865,True
,1812-1878,True
,1698-1771,True
,1774-1852,True
,1820-1893,True
,1597-1687,True
,1818-1870,True
,1807-1863,True
,1762-1836,True
,1636-1672,True
,1774-1829,True
,1610-1675,True
,1815-1893,True
,18. Jahrh.GroBe,True
,18. Jahrh.(Verblichen.),True
,18. Jahrh.B.106,True
,Jahrh.H. 18,True
,17. Jahrh.GroBe,True
,19. Jahrh.H.72,True
,17. Jahrh.H.76,True
,Jahrh.H. 42,True
,Jahrh.H. 32,True
,18. Jahrh.Lg.34,True
,Jahrh.H. 38,True
,16. Jahrh.Durchm,True
,Jahrh.Durchm. 49,True
,17. Jahrh.Lg.30,True
,18. Jahrh.H.51,True
,18. Jahrh.H.50,True
,18. Jahrh.Schwerter,True
,1770-1800,True
,19. Jahrh.Undeutliche,True
,19. Jahrh.Zeptermarke.H.7cm,True
,18.Jahrh.H. 14,True
,Jahrh.H. 12,True
,"18. Jahrh.H.23,5",True
,18. Jahrh.H.15,True
,18. Jahrh.H.13,True
,19. Jahrh.H.40,True
,19. Jahrh.H.32,True
,"17 18.Jahrh.Durchm.27,5cm",True
,18. Jahrh.Blaue,True
,18. Jahrh.(Sprunge.),True
,18. Jahrh.(Sprung.),True
,Jahrh.H. 20,True
,17. Jahrh.Lg.3,True
,15. Jahrh.GroBe,True
,"18. Jahrh.Lg.8,5",True
,"18. Jahrh.H.3,5",True
,Jahrhundert. 28,True
,Ansbach.18.Jahrhundert. 21,True
,Jahrhundert. 32,True
,19.Jahrhundert. 14,True
,Jahrhundert. 36,True
,Japan.19.Jahrhundert. 47,True
,Jahrhundert. 23,True
,Jahrhundert. 52,True
,Jahrhundert. 86,True
,Italien.16.Jahrhundert. 80,True
,15.Jahrhunderts. 83,True
,18.Jahrhundert. 40,True
,16.Jahrhunderts. 54,True
,18.Jahrhundert. 43,True
,18.Jahrhundert. 55,True
,17.Jahrhundert.14 X,True
,17.Jahrhundert. 33,True
,talienisch.16.Jahrhundert. 67,True
,Jahrhundert. 35,True
,19.Jahrhunderts. 12,True
,Jahrhunderts. 29,True
,talien.16./17.Jahrhundert. 36,True
,Italien.17.Jahrhundert.114 X,True
,17.Jahrhundert. 60,True
,1679-1695,True
,1656-1730,True
,1658-1733,True
,1683-1753,True
,1797-1858,True
,1780-1858,True
,1800-1861,True
,1761-1816,True
,1726-1790,True
,1769-1825,True
,1753-1806,True
,1622-1665,True
,1601-1675,True
,1611-1666,True
,1827-1885,True
,1821-1894,True
,1840-1870,True
,1715-1794,True
,1805-1875,True
,1829-1887,True
,1732-1797,True
,Jahrhundert.Hohe 12,True
,Jahrhundert.Hohe 41,True
,16. Jahrh:Sud,True
,18.—19.Jahrhundert.Hohe 20,True
,Jahrhundert.Hohe 20,True
,Nordfrankreich.i7.Jahrhundert. 49,True
,19. Jahrhundert.Hohe,True
,Murano.17.Jahrhundert.Hohe 26,True
,18.Jahrhundert.Hohe 23,True
,18. Jahrhunderts.Hohe,True
,Jahrhunderts.Hohe 17,True
,Vogel.Bohmen.18.Jahrhundert.Hohe 14,True
,19.Jahrhundert.Lange 10,True
,18.19.Jahrhundert.Hohe 25,True
,19. Jahrhunderts.Hohe,True
,Jahrhunderts.Hohe 10,True
,1880-1900,True
,1515-1587,True
,1518-1583,True
,"16. Jahrhundert.Durchm.23,5",True
,18. Jahrhundert.17,True
,17. Jahrhundert.Repariert.122x82x48,True
,Jahrhundert. 38,True
,19. Jahrhunderts.Lange,True
,Jahrhunderts.Lange 90,True
,1898-1912,True
,1890-1910,True
,Jahrhundert.Hohe 13,True
,15. Jahrhunderts.18,True
,Jahrhunderts.18 X,True
,Jahrzahlen. 19,True
,"15. Jahrhundert.Lindenholz,braun",True
,Jahrhundert. 55,True
,19. Jahrhundert.Ausladung,True
,Jahrhundert.Ausladung 80,True
,18 Jahr,True
,Jahrhundert. 40,True
,Jahrhundert.Hohe 75,True
,17. Jahrhundert.Vergoldet,True
,Jahrhunderts. 28,True
,Jahrhundert. 68,True
,Wollstickerei.19.Jahrhundert. 40,True
,1730-1771,True
,1662-1757,True
,1667-1724,True
,1755-1805,True
,1704-1767,True
,1707-1783,True
,1752-1783,True
,1717-1800,True
,1686-1769,True
,1709-1782,True
,1622-1666,True
,1665-1748,True
,1803-1856,True
,1836-1908,True
,1827-1882,True
,1803-1889,True
,1803-1886,True
,1832-1797,True
,1810-1910,True
,1811-1911,True
,1368-1644,True
,18. Jahrhundert.(Rand,True
,18. Jahrhunderts.S,True
,19. Jahrhunderts.In,True
,Jahrhunderts. 93,True
,1554-1636,True
,18. Jahr44X5Icm,True
,17. Jahrhundert.Moderner,True
,Westerwald.18.-19.Jahrhundert.Hohe 16,True
,Jahrhundert.Hohe 22,True
,gekittet.Hollandisch.17.Jahrhundert.Hohe 18,True
,"18. Jahrhundert.Blaumarke:BK.Durchm.22,5",True
,1763-1770,True
,1840-1850,True
,1830-1850,True
,Jahrhundert.Hohe 16,True
,1815-1820,True
,1835-1840,True
,1770-1780,True
,1770-1790,True
,18. Jahrhundert.EingepreBt:E.h,True
,19. Jahrhunderts.a),True
,1840-1860,True
,Jahrhunderts.Hohe 12,True
,19. Jahrhunderts.Blaumarke:Zepter,True
,"19. Jahrhunderts.7,5X5",True
,Jahrhundert.Hohe 10,True
,19.Jahrhundert.Hohe 17,True
,Jahrhundert.Hohe 14,True
,Jahrhundert.Hohe 21,True
,Jahrhundert.Hohe 19,True
,18.Jahrhundert.Hohe 20,True
,18. Jahrhundert.Rand,True
,19.Jahrhundert.Hohe 25,True
,19. Jahrhundert.Am,True
,Jahrhunderts.Hohe 24,True
,19. Jahrhundert.—b),True
,Jahrhundert. 31,True
,Jahrhundert. 21,True
,Jahrhunderts. 36,True
,19. Jahrhunderts.Lederetui.Durchm,True
,1850-1860,True
,Jahrhunderts. 45,True
,"19. Jahrhunderts;tirkisch.7,6X4,5",True
,"17. Jahrhundert.Durchm.19,5",True
,19. Jahrhundert.Lange,True
,18. Jahrhundert.1,True
,17. Jahrhundert..Hohe,True
,1870-1880,True
,18. Jahrhundert.Eine,True
,"18. Jahrhundert.8X6X2,8cm.Gewicht",True
,Jahrhundert.Lange 90,True
,18.Jahrhunderts.Hohe 80,True
,18. Jahrhunderts.Kommode80X115X60cm.58X97X30cm,True
,Jahrhundert.Lange 44,True
,19. Jahrhunderts.Lange.36,True
,Jahrhundert. 53,True
,Jahrhunderts. 56,True
,Jahrhundert.43 X,True
,19. Jahrhunderts.80X,True
,Jahrhunderts.80X 20,True
,Jahrhundert. 88,True
,1732-1805,True
,19. Jahrhundert.Geschnitzte,True
,18. Jahrhundert.GesamtgroBe,True
,Jahrhundert.GesamtgroBe 39,True
,"19. Jahrhundert.7,5X6,5",True
,1688-1704,True
,18. Jahrhundert（?),True
,18. Jahrhundert(?),True
,18. Jahrhunderts.Lange,True
,Jahrhunderts.Lange 89,True
,Jahrhundert.Lange 94,True
,17. Jahrhunderts.Scheide,True
,Jahrhundert.Lange 70,True
,19. Jahrh.Lange,True
,Jahrhundert.Lange 84,True
,17. Jahrhundert.Lange,True
,Jahrhundert.Lange 88,True
,Jahrhundert.Lange 87,True
,Jahrhunderts.Lange 60,True
,Jahrhundert.Lange 50,True
,Jahrhundert.Lange 43,True
,Jahrhunderts.Lange 39,True
,/19.Jahrhundert.Lange 24,True
,17. Jahrhunderts.Lange,True
,1802-1868,True
,1763-1830,True
,1813-1870,True
,1774-1840,True
,1813-1871,True
,1774-1832,True
,1564-1604,True
,18. Jahrhundert.9ru,True
,1782-1902,True
,Jahrhundert.Lange 21,True
,deckel.18.Jahrhundert.Hohe 18,True
,Jahrhundert.Hohe 23,True
,"18. Jahrhundert.Durchm.23,5",True
,18. Jahrhundert.Zinndeckel,True
,18. Jahrhundert.Zinndeckel.Hohe,True
,Jahrhundert.Zinndeckel.Hohe 24,True
,Jahrhundert.Hohe 27,True
,18. Jahrhundert.Lindenholz.Hohe,True
,Jahrhundert.Hohe 26,True
,Jahrhundert.Hohe 38,True
,Jahrhundert.Hohe 32,True
,Jahrhunderts.Hohe 19,True
,17. Jahrhunderts.Hohe,True
,Jahrhunderts.Hohe 85,True
,"Teile,17.Jahrhundert.Hohe 79",True
,Jahrhunderts.Hohe 75,True
,17.Jahrhundert.Hohe 97,True
,Jahrhunderts.Hohe 88,True
,18. Jahrh.Stuihle,True
,Jahrhundert.Hohe 88,True
,Jahrhundert.Hohe 47,True
,Jahrhundert.Hohe 90,True
,Jahrhunderts.Hohe 41,True
,19. Jahrhunderts.Durchm.90,True
,18.Jahrhunderts.Hohe 70,True
,19. Jahrhunderts:Hohe,True
,Jahrhunderts:Hohe 35,True
,Jahrhundert.Lange 92,True
,19.Jahrhundert.Lange 95,True
,17.Jahrhunderts.Lange 47,True
,19.Jahrhundert.Lange 40,True
,18. Jahrhunderts.Breite,True
,19. Jahrhunderts.20X14,True
,Jahrhunderts. 18,True
,Jahrhundert. 22,True
,1755- 1805,True
,1603-1680,True
,1666-1728,True
,1737 -1793,True
,1753-1808,True
,17. Jahrhunderts.Beim,True
,1776-1839,True
,1756-1804,True
,1749-1791,True
,1744-1815,True
,1758-1792,True
,1759-1792,True
,1740-1786,True
,"19,Jahrhundert.Hohe 44",True
,19. Jahrhundert.Diam.9,True
,Jahrhunderts.Hohe 20,True
,19. Jahrh.im,True
,19. Jahrhunderts.Empire,True
,Jahrhundert.Hohe 55,True
,19. Jahrhundert.Diam.6,True
,"19. Jahrhundert.Diam.9,2cm",True
,1776-1857,True
,1720-1796,True
,1824-1911,True
,1800-1803,True
,1597-1648,True
,1733-1803,True
,1773-1831,True
,1846-1912,True
,1840-1915,True
,1741-1814,True
,1807-1865,True
,1761-1847,True
,40 Jahren,True
,"45., 46.Jahresbericht",True
,1863-1865,True
,1866-1881,True
,1897-1915,True
,10 Jahre,True
,18. Jahrh.120/87,True
,1543-1609,True
,1634-1670,True
,1683-1709,True
,Jahrh. 28,True
,Jahrh. 58,True
,1610-1772,True
,1530-1629,True
,1722-1798,True
,1758-1825,True
,1650-1694,True
,1786-1865,True
,1791-1862,True
,1609-1673,True
,1689-1753,True
,1717-1782,True
,17. Jahrh.H.220,True
,1480-1561,True
,1498-1565,True
,17. Jahrh.(Zerbrochen.),True
,18. Jahrhundert.H.17,True
,Jahrh.H. 26,True
,Jahrh.H. 82,True
,Jahrh.H. 48,True
,Jahrh.H. 50,True
,17. Jahrh.Gr.28X21,True
,19. Jahrh.H.55,True
,"18. Jahrh.H.17,5",True
,16. Jahrh.Durchm.39,True
,16.Jahrh. L,True
,18. Jahrh.u,True
,18. Jahrh.(AngestoBen),True
,18. Jahrh.H.28,True
,18. Jahrh.(Repariert.),True
,Chinesenfigur.17.Jahrh.H. 47,True
,18. Jahrh.(Gekittet.),True
,Jahrh.Durchm. 39,True
,18. Jahrh.Zinndeckel,True
,18. Jahrh.Marke,True
,18. Jahrh.Violette,True
,Jahrh.Durchm. 15,True
,18. Jahrh.Z,True
,17. Jahrh.H.72,True
,17. Jahrh.Fol.—80,True
,18. Jahrh.:meist,True
,50 jahrigen,True
,1898-1902,True
,Jahrgang X,True
,17. Jahrh.Allegorie,True
,1783-1786,True
,1825-1830,True
,1815-1886,True
,1858-1860,True
,1820-1826,True
,1799-1872,True
,34 Jahr.14,True
,50 Jahren,True
,1775-1840,True
,Jahrh.H. 74,True
,Jahrh.().H. 33,True
,Jahrh.H. 80,True
,18. Jahrh.H.197,True
,18. Jahrh.zusammengesetzt.Goldbortenbesatz.Gr.150x110,True
,M. 18.Jahrh,True
,17. Jahrh.(Beschadigt.),True
,Jahrh.H. 33,True
,18.Jahrh.H. 28,True
,"18. Jahrh.Gr.2,3X1,7",True
,17.Jahrh.H. 20,True
,Jahrh.H. 23,True
,19. Jahrh.Durchm.24,True
,"14. Jahrhunderts,auf",True
,19. Jahrh.renoviert,True
,XV. 18.Jahrh,True
,18. Jahrh.Hochoval,True
,Jahrhundert.Hohe 91,True
,13. Jahrhundert.Durchm.20,True
,Jahrhundert.Hohe 45,True
,Jahrhunderts. 76,True
,14. Jahrhunderts.76,True
,16. Jahrhundert.Durchm.12,True
,16. Jahrhunderts.Hohe,True
,"17. Jahrhundert.7,5:5",True
,Jahrhundert.Hohe 50,True
,Jahrhundert.Lange 35,True
,Jahrhundert. 64,True
,Jahrhunderts. 46,True
,Hochoval.17.Jahrhundert.Hohe 50,True
,17.Jahrhundert.Hohe 83,True
,18. Jahrhunderts.Stark,True
,18. Jahrhunderts.92,True
,18. JahrMaul,True
,Jahrhundert.Hohe 53,True
,16. Jahrhundarts,True
,15. Jahrhunderts.Lange,True
,Jahrhunderts.Lange 98,True
,19. Jahrhundrts,True
,Jahrhundert. 24,True
,19. Jahrhunderts.c),True
,17. Jahrhnderts,True
,Jahrhunderts.Hohe 30,True
,18. Jahrhundert.81,True
,Jahrhundert. 26,True
,19. Jahrhundert.Frankfurt,True
,1055-1060,True
,1065-1070,True
,1099-1100,True
,1108-1114,True
,1165-1172,True
,1829-1844,True
,"17. Jahrhundert.17,5",True
,Jahrhundert. 81,True
,ITALIENISCHERMEISTERdes17.Jahrhunderts. Der,True
,Jahrhundert.Hohe 98,True
,1556-1620,True
,1676-1765,True
,28 Jahren,True
,18.Jahrh.Hohe 37,True
,1739-1760,True
,1675-1727,True
,1648-1733,True
,1600-1648,True
,1611-1651,True
,1657-1721,True
,1606-1681,True
,1611-1693,True
,1587-1658,True
,1619-1679,True
,1482-1544,True
,1600-1652,True
,1750-1779,True
,1578-1636,True
,1630-1701,True
,1621-1663,True
,1594-1664,True
,1675-1760,True
,1683-1757,True
,1612-1661,True
,Jahrhundert Der,True
,1781-1855,True
,16. Jahrhunderts),True
,19. Jahrhundert),True
,Jahrhundert) Der,True
,18. Jahrhundert),True
,Jahrhndert) Der,True
,19 Jahrhundert),True
,1769-1848,True
,(18.Jahrh.) Der,True
,"18. Jahrh.,Ausfuhrung",True
,"Jahrh.,Ausfuhrung 19",True
,16. Jahrhundert),True
,18. Jahrh.Frihe,True
,67. wand.18.Jahrh.H.9cm,True
,65. 18.Jahrh.H.11,True
,Jahrh.Lange 20,True
,"Jahrh,H. 18",True
,15.Jahrh.H. 60,True
,Jahrh.H. 34,True
,"17. Jahrh.Durchm.25,5",True
,Baumen.18.Jahrh.H. 17,True
,"Spruch.Deutsch,17.Jahrh.H. 12",True
,17. Jahrh.Mannliche,True
,1618-1667,True
,1550-1597,True
,1564-1622,True
,1636-1689,True
,1735-1772,True
,Jahrh.H. 83,True
,19. Jahrh.Lg.12,True
,19. Jahrh.Bronzerahmchen,True
,18. Jahrh.Vergoldetes,True
,18. Jahrh.Bronzerahmchen,True
,"18. Jahrh.Schwarzer,prof",True
,18. Jahrh.H.26,True
,18. Jahrh.H.14cm,True
,18. Jahrh.Punktzeit,True
,18. Jahrh.Lg.12,True
,18. Jahrh.(Teilweise,True
,"HOLLANDISCH,17.Jahrhundert. Der",True
,16. Jahrh.H.22,True
,"16. Jahrh.H.20,5",True
,"16. Jahrh.H.19,5",True
,16. Jahrh.H.16,True
,16. Jahrh.H.25,True
,16. Jahrh.H.30,True
,16. Jahrh.H.18,True
,18.Jahrh.H. 21,True
,"ausgebrochen.Kreussen,17.Jahrh.H. 21",True
,18. Jahrh.H.34,True
,18. Jahrh.H.29,True
,18. Jahrh.H.17,True
,Jahrh.H. 17,True
,"18. Jahrh.H.11,5",True
,17.Jahrh.Deckelhohe 26,True
,Jahrh.H. 21,True
,18. Jahrh.H.20,True
,18. Jahrh.H.39,True
,18. Jahrh.H.38,True
,18. Jahrh.Dm.34,True
,18. Jahrh.H.30,True
,"18. Jahrh.H.235,B.170",True
,"18.Jahrh.H.175,B.126,T. 63",True
,18. Jahrh.H.215,True
,"18. Jahrh.H.170,B.120,T.65",True
,19. Jahrh.H.70,True
,16. Jahrh.H.66,True
,15.Jahrh.H. 36,True
,"18. Jahrh.H.350,B.97",True
,"13. seiten.18.Jahrh.H.325,B.110",True
,"16. Jahrh.H.21,B.17",True
,17. Jahrhunderts.Das,True
,"XVII. siecle""",True
,"17. Jahrhunderts,reich",True
,1646-1716,True
,18. Jahrh.Eingestempelt:Wedgwood,True
,18. Jahrh.Durchm.18,True
,18.Jahrh.Schwertermarke.Goldnummer 19,True
,18. Jahrh.Schwertermarke,True
,18. Jahrh.Schwertermarke.Goldnummer,True
,Jahrh.Schwertermarke.Goldnummer 88,True
,18. Jahrh.Goldnummer,True
,Jahrh.Goldnummer 78,True
,18. Jahrh.Schwerterm,True
,18 19.Jahrh,True
,19. Jahrh.Ohne,True
,19. Jahrh.Blaue,True
,22 schaft.18.Jahrh.Blaue,True
,18. Jahrh.Bayreuth,True
,18. Jahrh.Lowenmarke,True
,Jahrh.H. 37,True
,Jahrh.H. 29,True
,18.Jahrh.H. 27,True
,Jahrh.H. 27,True
,Jahrh.H. 69,True
,18. Jahrh.H.118,True
,17.Jahrh.H. 62,True
,Jahrh.H. 22,True
,18. Jahrh.Gr.40X42,True
,18.Jahrhundert.Lange 48,True
,Jahrhundert.Hohe 34,True
,18. Jahrh.Vergoldete,True
,"19. Jahrh.Lg.9,2",True
,18. Jahrh.Lg,True
,18. Jahrh.H.35,True
,15. Jahrh.H.55,True
,16. Jahrh.H.125,True
,17. Jahrh.Nurnberger,True
,17. Jahrh.H.31,True
,18. Jahrh.Gr.27X30,True
,18. Jahrh.Gr.27X35,True
,"18. Jahrh.H.9,5",True
,16. Jahrh.Gew.210,True
,18. Jahrh.Gesamtgew.100,True
,18. Jahrh.Lg.7,True
,"18. Jahrh.,Durchm.4,7",True
,"17, Jahrh",True
,17.Jahrh.Hohe 42,True
,Harfe.17.Jahrh.Hohe 15,True
,1329,True
,1967,True
,M. A.F.Jahreszahl,True
,20. Jahres,True
,1680-1731,True
,1623-1682,True
,Jahrh.H. 76,True
,1641-1707,True
,Jahrh.H. 87,True
,"17. Jahrh.H.2i5cm,Br",True
,"18. Jahrh.H.132cm,Br.50",True
,"18. Jahrh.H.18,5",True
,18. Jahrh.H.(mit,True
,17. Jahrh.H.25,True
,18.Jahrh.H. 13,True
,"I. 18.Jahrh.H.22,5",True
,Jahrh.H. 28,True
,18. Jahrh.Durchm.32,True
,18. Jahrh.H.40,True
,17. Jahrh.H.29,True
,emporsteigt.18.Jahrh.H. 15,True
,1952,True
,"17. Jahrh.Gr.15X16,5cm",True
,16. Jahrh.H.93,True
,"19. Jahrh.,im",True
,16.Jahrh.H. 15,True
,18.Jahrh.H. 11,True
,"17. Jahrh.H.0,27",True
,Jahrh.H. 24,True
,17. Jahrh:Kreuz,True
,18. Jahrh.H.ca.32,True
,18. Jahrh.H.24,True
,Jahrh.Durchm. 33,True
,"18. Jahrh.H.22,5",True
,"18. Jahrh.H.27,5",True
,18. Jahrh.Deckel,True
,18. Jahrh.Durchm.34,True
,17. Jahrh.H.22,True
,16.Jahrh.H. 46,True
,19. Jahrh.Lg.230,True
,Jahrh.H. 40,True
,19. Jahrh.H.22,True
,Jahrh.Lg. 38,True
,18. Jahrh.Lichtm.16X20,True
,19. Jahrh.Schadhaft.H,True
,Jahrh.Schadhaft.H. 16,True
,"19. Jahrh.H.16,5",True
,"19. Jahrh.H.9,5",True
,16. Jahrh.Die,True
,66. Jahrh,True
,17. Jahrh.Leinwand,True
,19. Jahrh.H.60,True
,19. Jahrh.H.37,True
,"18. Jahrh.H.14,B.20",True
,"18. Jahrh.H.4,B.3",True
,19. Jahrh.Vergoldete,True
,"18. Jahrh.H.5,B.4",True
,19. Jahrh.L.28,True
,17. Jahrh.L.36,True
,"19. Jahrh.H.80,Dm.36",True
,16. Jahrh.H.120,True
,"18.Jahrh.L.135,B. 64",True
,1646-1695,True
,1726-1763,True
,1701-1763,True
,18. Jahr=,True
,13. Jahr,True
,18. Jahrhunderts.Auf,True
,16. Jahrhundert.Hohe,True
,1813-1913,True
,1780-1821,True
,1795-1826,True
,1736-1849,True
,1676-1902,True
,1821-1906,True
,1810-1912,True
,1709-1806,True
,1843-1886,True
,1864-1909,True
,1812-1829,True
,1850-1881,True
,1831-1891,True
,1829-1861,True
,1879-1897,True
,1766-1791,True
,1853-1863,True
,1804-1851,True
,1852-1900,True
,18. Jahrh.Das,True
,"Jahreszahl:,Par Mme",True
,86 Jahre,True
,18. Jahrh.Gr.96X117,True
,18. Jahrh.Durchm.49,True
,17. Jahrh.Gesamtgew.140,True
,18. Jahrh.H.41,True
,Jahrh.Durchm. 24,True
,"17. Jahrh.H.19,5",True
,Jahrh.H. 41,True
,"Augen.Deutsch,17.Jahrh.H. 24",True
,18. Jahrh.H.(ohne,True
,"18. Jahrh.Gerahmt.H.3,8",True
,19. Jahrh.Durchm.6X7,True
,"17. Jahrh.Durchm.12,5X14,5",True
,18. Jahrh.Bronzefassung,True
,19. Jahrh.Holzrahmchen,True
,18. Jahrh.H.9,True
,"18. Jahrh.Durchm.7,5",True
,18. Jahrh.Durchm.8,True
,16. Jahrh.Hohe,True
,25. Jahrestag,True
,1912-1914,True
,1806-1812,True
,16. Jahrh.Stich,True
,23. Jahrg,True
,D. JAHR,True
,1780-1818,True
,1725-1797,True
,Jahrh. D,True
,18. Jahrh.Spatere,True
,"16, Jahrh",True
,17.Jahrh.H. 66,True
,"18. Jahrh.H.53,Dm.62",True
,18. Jahrh.Dm.29,True
,18. Jahrh.Leichter,True
,18. Jahrh.H.22,True
,18. Jahrh.Ol,True
,19.Jahrh.Gerahmt.H. 44,True
,"18. Jahrh.H.90,B.123,T.66",True
,1780-1815,True
,1763-1775,True
,1755-1780,True
,16 Jahre,True
,30 jahriger,True
,1912-1915,True
,18. Jahrh.H.78,True
,17. Jahrh.Gr.33x23,True
,Jahrh.Lg. 20,True
,Jahreszahl:1801. Der,True
,19. Jahrh.H.14,True
,"18. Jahrh.Durchm.22,5",True
,Jahrh.Lg. 24,True
,18. Jahrhunderts.Durchm,True
,18. Jahrh.Holzsockel,True
,18. Jahrh.Rand,True
,1770-1846,True
,1851-1901,True
,1736-1803,True
,"17. Jahrhundert.H.8,8",True
,1695-1752,True
,18. Jahrh.:Damenbildnis.—Lwd,True
,1443-1485,True
,Jahrhundermarke.Hohe 12,True
,1409-1450,True
,Jahrhunderts. 52,True
,Jahrhunderts. 23,True
,Jahrhunderts. 15,True
,XIX. Jahr=,True
,1810-1879,True
,1801-1866,True
,1854-1858,True
,69 Jahre,True
,Engelornament.18.Jahrh.Hohe 35,True
,1798-1809,True
,1745-1747,True
,18.Jahrh.Hohe 15,True
,1638-1854,True
,1800-1857,True
,1828-1840,True
,1842-1850,True
,1850-1859,True
,1860-1869,True
,1375,True
,19.Jahrhundert.Hohe 12,True
,19. Jahrh.(Tasse,True
,19. Jahrh.(Henkel,True
,18. Jahrh.Johannaeums-Nr.492,True
,18. Jahrh.(Metallhenkel.),True
,19. Jahrh.(Untertasse,True
,18. Jahrh.—,True
,"18. Jahrh.Gr.3x2,5",True
,17. Jahrh.Durchm.7,True
,Jahrh.H. 55,True
,18.Jahrh.4°und 80,True
,18. Jahrh.4°,True
,73 Jahre,True
,XVI. Jahrhunderts.Holzschnitte,True
,"17. Jahrhundert,17",True
,"17. Jahrhunderts,zur",True
,18. Jahrh.(Einer,True
,18. Jahrh.H.188,True
,19. Jahrh.PlattengroBe,True
,"19. Jahrh.Durchm.6,5",True
,1793-1861,True
,17. Jahrh.):Madonna,True
,1300-1550,True
,1852-1870,True
,1760-1836,True
,"18. Jahrh.),Vier",True
,1693-1754,True
,1760-1832,True
,1725 -1788,True
,1564 -1623,True
,1626-1686,True
,17. Jahrhundert.Zwei,True
,1780-1830,True
,25. Jahr.Jubilaumsausgabe,True
,20. Jahrhundert,True
,1998,True
,18. Jahrh.Dm.25,True
,18. Jahrh.Gr.40X27,True
,16. Jahrh.:Kreuzigung,True
,Jahrh.:Kreuzigung. 17,True
,17. Jahrh.Gr.11X20,True
,18. Jahrh.—Lwd,True
,Jahre 24,True
,1741-1801,True
,1800-1837,True
,1771-1813,True
,1735-1785,True
,1651-1724,True
,1670-1748,True
,1676-1760,True
,1770-1842,True
,1738-1802,True
,M. Jahrh,True
,1792-1848,True
,1738-1820,True
,18. Jahrh.Christuskopf,True
,19. Jahrhunderts.An,True
,19. Jahrhundert.Herbstlandshaft,True
,M. jahrlich,True
,Jahre MDCCXLII,True
,19. Jahrh.Rede,True
,18. Jahrhunderts.Bez.Holz,True
,1648-1718,True
,1890-1891,True
,18. Jahrh.Pfeifenraucher,True
,17. Jahrh.Grablegung,True
,19. Jahrh.Hohe,True
,Jahrh.Hohe 22,True
,Jahrh.Hohe 23,True
,19.Jahrh.Hohe 19,True
,Jahrh.Hohe 18,True
,Jahrh.Hohe 78,True
,18. Jahrh./Anf.19,True
,18. Jahrh.Hohe,True
,"18. Jahrh.Durchm.24,5",True
,19. Jahrh.Schretzheim,True
,Jahrh.Schretzheim 18,True
,1582-1634,True
,1749-1769,True
,1800-1897,True
,1633-1634,True
,Jahrhundert.Hohe 31,True
,1101-1135,True
,1592-1680,True
,1600-1640,True
,1632-1717,True
,1606-1634,True
,18.Jahrhunderts.Hohe 15,True
,60 Jahre,True
,"17. Jahrhundert""",True
,1727-1767,True
,1610-1671,True
,17. Jahrh.H.6,True
,Jahrh. 20,True
,"18. Jahrh.H.8,5",True
,17. Jahrhs,True
,"18. Jahrh.15,5X11",True
,18. Jahrhs,True
,1832-1906,True
,1870-1900,True
,1866-1898,True
,Jahrg. IV,True
,18. Jahrhundert.b),True
,1750-1822,True
,17. Jahrhundert.b),True
,30 jahr.Krieges,True
,19. Jahrh.Fol,True
,19. Jahrh.Vier,True
,1754-1839,True
,1819-1855,True
,17. Jahrh.Verschiedene,True
,1802-1865,True
,Jahrh.H. 43,True
,1745-1750,True
,18. Jahrh.:a),True
,"19. Jahrh.,verschiedene",True
,18. Jahrh.Silbervergoldeter,True
,1793-1800,True
,"18. Jahrh.Querformat,Lederband",True
,16. Jahrhund,True
,16. Jahrh.Landsknechts,True
,Jahre 27,True
,30. Kreisjahres,True
,34. Kreisjahres,True
,12. Regierungsjahr,True
,31. Kreisjahres,True
,"18. Jahrh.,der",True
,18. Jahrh.Vorzuglich,True
,"17. Jahrh.),Reiterkampf",True
,18.Jahrh.Gew.ca. 40,True
,XV. Jahrh.:Ein,True
,18. JAHRH.:Madonna,True
,XVIII. JAHRH.:6,True
,XVI. JAHRH.:Die,True
,17. JAHRH.:3,True
,16. Jahrh.:Ruderboot,True
,1817-1822,True
,1640-1690,True
,1815-1882,True
,18. Jahrh.Pl.-Gr,True
,18. Jahrh.Elektr.montiert,True
,17. Jahrh.-Desgl,True
,18. Jahrh.Rund,True
,18. Jahrh.Sockel,True
,18. Jahrh.—Kabarett,True
,18. Jahrh.（Elektr.Licht.),True
,1584-1630,True
,1804-1864,True
,1810-1889,True
,1718-1772,True
,Jahreszahl 60,True
,"17. Jahrh.,plaudernd",True
,27 Jahren,True
,15. Jahr=,True
,1476-1551,True
,1915-1916,True
,1630-1635,True
,1637-1697,True
,1650-1690,True
,1656-1743,True
,1640-1660,True
,1653-1717,True
,1660-1704,True
,1601-1671,True
,1604-1664,True
,1765-1832,True
,1572-1657,True
,1703-1768,True
,1635-1719,True
,1601-1659,True
,1723-1803,True
,1595-1654,True
,1612-1659,True
,1629-1666,True
,1814-1872,True
,18. Jahrh.H.47,True
,18. Jahrh.H.27,True
,1435-1525,True
,1427-1478,True
,L. Jahrhundert,True
,18. Jahrh..R,True
,17. Jahrh.Im,True
,18. Jahrh.Birnformige,True
,1738-1814,True
,Jahrh: Der,True
,1765-1853,True
,"18. Jahrh.Elfenbein.3,6X3,3",True
,1657-1734,True
,1690-1759,True
,18. Jahrh.Bleistift,True
,"17. Jahrh.Eiche,mit",True
,"15. Jahrhundert,H",True
,18. Jahrh.(nach,True
,1798-1839,True
,1857-1883,True
,1804-1890,True
,1847-1922,True
,1829-1908,True
,1823-1878,True
,1835-1923,True
,1863-1917,True
,1828-1916,True
,1853-1918,True
,"17. Jahrhunderts,der",True
,"16. Jahrh.,mit",True
,1798-1840,True
,1822-1875,True
,1838-1917,True
,1838-1916,True
,1840-1914,True
,1842-1911,True
,1758-1828,True
,1839-1904,True
,1824-1895,True
,1807-1885,True
,1851-1915,True
,1865-1908,True
,1851-1917,True
,1810-1867,True
,1822-1895,True
,"Jahrhundert, 34",True
,1813-1906,True
,1835-1921,True
,1840-1898,True
,1645-1727,True
,1654-1705,True
,17. Jahrhun=,True
,11. Jahrhunderts,True
,"18. JAHRHS.,zumeist",True
,1837-1890,True
,1804-1878,True
,1806-1877,True
,1851-1907,True
,1823-1872,True
,1844-1894,True
,1818-1885,True
,1839-1907,True
,1857-1900,True
,1880-1910,True
,1778-1846,True
,1826-1902,True
,1862-1914,True
,1822-1890,True
,1869-1916,True
,1812-1897,True
,1808-1894,True
,1807-1856,True
,1790-1863,True
,1850-1908,True
,1824-1905,True
,1810-1873,True
,1768-1814,True
,1836-1865,True
,1869-1909,True
,1827-1888,True
,1824-1860,True
,1810-1869,True
,1859-1895,True
,1830-1838,True
,1730-1813,True
,1755-1832,True
,1755-1804,True
,1752-1812,True
,17. Jahrh.Durchbrochen,True
,"14. Jahrh.Bronze,vergoldet",True
,17. Jahrh.Aehnlich,True
,18. Jahrh.Der,True
,19. Jahrh.Herkules,True
,19. Jahrh.Auf,True
,18. Jahrh.Die,True
,17. Jahrh.Bestehend,True
,19. Jahrhundert.Bunte,True
,17. Jahrh.Reichornamentiertes,True
,16. Jahrh.Ganze,True
,17. Jahrhundert.Reich,True
,16. Jahrhundert.Auf,True
,16. Jahrh.H.65,True
,Jahrh.H. 57,True
,15. Jahrh.H.56,True
,17. Jahrh.Durchm.35cm,True
,17. Jahrh.Durchm.39cm,True
,"12. De1ft,18.Jahrh.Durchm.30,5",True
,17. Jahrh.(Sprung.),True
,"15. Jahrh.H.31,5cm,Br.19,5",True
,1843-1918,True
,1819-1891,True
,1845-1882,True
,1853-1919,True
,1823-1873,True
,1815-1881,True
,1831-1903,True
,1834-1902,True
,1867-1924,True
,18. Jahrh.Gekittet.H.25-20,True
,18. Jahrh.Dm.16,True
,"18. Jahrh.H.15,5",True
,19. Jahrh.Dm.22-35cm.——Kleine,True
,"18. Jahrh.Dm.3,8",True
,18. Jahrh.105X55,True
,17. Jahrh.In,True
,18.Jahrh.—1/4 19,True
,1633-1679,True
,"16. Jahrh.,Verschamt",True
,"18. Jahrh.,Damenbildnis",True
,"17. Jahrh.,Landschaft",True
,"19. Jahrh,Ruhende",True
,"18. Jahrh,der",True
,"16. Jahrh.,Heiliges",True
,"18. Jahrhunderts,farb.Kupferstich",True
,"18. Jahrhunderts,singend",True
,18.Jahrh.Hohe 25,True
,18. Jahrh.Dm.35,True
,Der 12jahr,True
,Der zwoifjahrige,True
,10 Vgl.Oestr.Jahreshefte,True
,19. Jahrhdt,True
,17. JAHRHDT.:Symbolische,True
,18. JAHRH.:Portrat,True
,66 Jahren,True
,1621-1649,True
,1480-1538,True
,1849-1908,True
,1816-1859,True
,1787-1878,True
,1800-1862,True
,19. Jahrh.mit,True
,1393-1402,True
,19. Jahrh.Viereckige,True
,19. Jahrh.Runde,True
,19. Jahrh.Flache,True
,18. Jahrh.Brustbild,True
,19. Jahrh.Braun,True
,19. Jahrh.Gelb,True
,"18. Jahrh.Birnform,mit",True
,18. Jahrh.AuBen,True
,19. Jahrh.Aehnlich,True
,19. Jahrh.Schiffchenformig,True
,19. Jahrh.Rotes,True
,18. Jahrh.Kannelierte,True
,15. Jahrhundert),True
,15. Jahrh.),True
,13. Jahrh.),True
,1519-1550,True
,Jahrh.Platte 61,True
,"Jahrh.Eiche,Platte 54",True
,17.Jahrh.Platte 90,True
,18.Jahrh.Platte 84,True
,"18.Jahrhundert.Eiche,Platte 75",True
,"18. Jahrhunderts.NuBholz,gemasert",True
,17. Jahrh.Eichenholzfournierung,True
,"17. Jahrhundert,Bezug",True
,6./7.Jahrhundert.Gesamthohe 47,True
,12. Jahrh.Hochrelief,True
,"talien,15.Jahrh.Kreuz 34",True
,18.Jahrh.Gekittet.H. 22,True
,Jahrh.H. 10,True
,Jahrh.H. 14,True
,19.Jahrh.H. 12,True
,Jahrh.H. 30,True
,17.JAHRHUNDERT.Lange 15,True
,"17. JAHRHUNDERT,vielleicht",True
,18. JAHRHUNDERT.Breite,True
,JAHRHUNDERT.Breite 20,True
,"NDIEN,19.JAHRHUNDERT.Durchmesser 24",True
,JAHRHUNDERT.Lange 51,True
,"16. Jahrhunderts""",True
,"Zinnkrug,17.Jahrhundert,Hohe 18",True
,Jahreszahl 30,True
,"17. Jahrhundert,reich",True
,"18. Jahrhundert,nach",True
,Jahrh.H. 52,True
,18. Jahrh.85,True
,"18. Jahrh.,b)",True
,17. JAHRH.:Portrat,True
,18. Jahrh.—Walzenkrug,True
,19. Jahrh.H.18,True
,17.Jahrh. L,True
,Jahrzahl 86,True
,18 Jahrh.(Gravierung,True
,1749-1768,True
,XXVI. Jahrgang,True
,18.Jahrhundert.H. 13,True
,1830-1860,True
,17.Jahrh.H. 38,True
,18. Jahrh.H.57,True
,17. Jahrh.Bildnis,True
,1761-1843,True
,1752-1843,True
,1759-1801,True
,1766-1809,True
,XVII. JAHRHS,True
,JAHRHS. Der,True
,1751-1818,True
,18.Jahrh.Durchm. 33,True
,1777-1844,True
,1778-1865,True
,1773-1850,True
,18. Jahrh.:Bildnis,True
,16. Jahrhunderts.Bezeichnet:Jakobus,True
,17. Jahrhunderts.Unten,True
,"17. Jahrhunderts,Halbfigur",True
,17. Jahrh.Rheinisch.H.9,True
,"17. Jahrh.H.220,B.100,T.77",True
,18. Jahrh.Gekittet,True
,18. Jahrh.H.18,True
,Jahrh.H. 36,True
,18. Jahrh.Fragmentiert,True
,Rocaillewerk.18.Jahrh.H.je 12,True
,18. Jahrh.L.32,True
,Jahrh. De,True
,18. Jahrh.-Vier,True
,18. Jahrh.Darin,True
,18. Jahrh.H.110,True
,17. Jahrh.Holz.H,True
,"17. Jahrh.H.225,B.270",True
,"18. Jahrh.,auf",True
,18.Jahrh.H.je 60,True
,11 TALIENISCH.17.Jahrh,True
,17. Jahrh.(Kopie?),True
,1858-1861,True
,15.Jahrh.Lg. 62,True
,18. Jahrh.H.85,True
,1790-1849,True
,1779-1855,True
,1759-1832,True
,1810-1898,True
,1822-1880,True
,1803-1876,True
,1779-1852,True
,1799-1873,True
,1776-1860,True
,19. Jahrh.Gr.10X8,True
,"18. Jahrh.Rund,Durchm.8,5",True
,1654-1734,True
,18. Jahrh.H.42,True
,"18. Jahrh.Durchm.11,5:9,5",True
,18. Jahrh.H.4,True
,Jahrh.H. 31,True
,"16. Jahrh.,(ein",True
,18. Jahrh.Deckelknauf,True
,"18. Jahrhunderts,Land",True
,1829-1910,True
,1797-1855,True
,1814-1889,True
,1803-1861,True
,1805-1864,True
,1827-1904,True
,1830-1888,True
,1850-1915,True
,1803-1884,True
,1813-1861,True
,1850-1927,True
,1837-1902,True
,1564-1657,True
,1815-1889,True
,1814-1874,True
,1759-1781,True
,1710-1780,True
,1747-1801,True
,18. Jahrh.Beide,True
,18. Jahrh.Kanghe,True
,Jahrh.Kanghe. Der,True
,18. Jahrhundert.Auf,True
,18. Jahrh.Recht,True
,15. Jahrh.Heiliger,True
,15. Jahrh.Erzengel,True
,"17. Jahrh.Schmiedeeisen,verziert",True
,18. Jahrh.Um,True
,18. Jahrh.FaBform,True
,17. Jahrhundert.Oval,True
,17. Jahrhundert.In,True
,17. Jahrh.Der,True
,17. Jahrhundert.Achteckige,True
,17. Jahrh.?,True
,1411-1437,True
,18. Jahrh.Inhalt,True
,19. Jahrh.Der,True
,18. Jahrhundert.Der,True
,18.Jahrh. Der,True
,"Aachen,18.Jahrh. Der",True
,17. Jahrhundert.Arbeit,True
,17. Jahrh.Die,True
,18. Jahrhundert.Die,True
,1868-1919,True
,1646-1733,True
,1582-1647,True
,1768-1839,True
,1640-1711,True
,1656-1715,True
,1648-1721,True
,1797-1857,True
,1745-1808,True
,1757-1813,True
,1595-1674,True
,1610-1668,True
,1724-1791,True
,1620-1676,True
,1595-1656,True
,1641-1733,True
,1606-1647,True
,1577-1664,True
,1651-1747,True
,JAHRHUNDERT.Hoch 45,True
,JAHRHUNDERT.Hoch 55,True
,"Jahrhundert"" II",True
,18. Jahrh.(Defekt.),True
,"Museen,Jahrg. 42",True
,"18. Jahrh.,letztere",True
,1800-1820,True
,18. Jahrh.H.210,True
,18. Jahrhs.mit,True
,18. Jahrh.(Ein,True
,18.Jahrh.H. 20,True
,18. Jahrh.Durchm.24,True
,"18. Jahrh.H.31,5",True
,1750-1824,True
,1799-1856,True
,17. Jahrh.Gr.41X8,True
,Jahresbuchstabe:B. 18,True
,1772-1830,True
,"12. Westerwald,17.Jahrhundert",True
,"20 Westerwald,17.Jahrhundert",True
,Jahrhundert 43,True
,"10. Hamburg,17.Jahrhundert",True
,1588-1622,True
,1665-1708,True
,1750-1829,True
,19.Jahrh.H. 20,True
,19. Jahrh.H.21,True
,19. Jahrh.-Dabei,True
,19. Jahrh.Oval,True
,16. Jahrh.?,True
,D 18.Jahrh.H.13,True
,17. Jahrh.H.43,True
,16. Jahrh.—1629.),True
,1596-1636,True
,20 Jahre,True
,L. Jahrh,True
,"18. Jahrh.Dm.6,7",True
,1752-1824,True
,19.Jahrh. L,True
,17. Jahrh.H.70,True
,18. Jahrh.(Art,True
,1609-1656,True
,1595-1661,True
,1621-1664,True
,1599-1626,True
,1860-1864,True
,19. Jahrh.(Eine,True
,1741-1828,True
,1399-1482,True
,"18. Jahrh.H.4,5",True
,1652-1724,True
,1735-1790,True
,1772-1852,True
,1848-1928,True
,1707-1762,True
,"18.Jahrhundert, 16",True
,"17.Jahrhundert, 25",True
,"schwarzbunterSockel,italienisch,18Jahrhundert, 60",True
,"carrarischerMarmor,schwarzbunterockel,italienisch,18.Jahrhundert, 60",True
,"carrarischerMarmor,schwarzbunterSockel,italienisch,18Jahrhundert, 60",True
,1780-1862,True
,1640-1695,True
,"DEUTSCH,18.JAHRHUNDERT.Hohe 23",True
,JAHRHUNDERT.Hohe 67,True
,50 cm.18.Jahrh,True
,19. Jahrhundert.Leipzig,True
,"18. Jahrh.Dm.21,5",True
,18. Jahrh.Zinndeckel.H.24,True
,18. Jahrh.Zinndeckel.H.20,True
,18. Jahrh.Zinnmontierung.H.23,True
,18. Jahrh.H.5,True
,18.Jahrh.H. 19,True
,18.Jahrh.H. 25,True
,18. Jahrh.-Blumenstraub,True
,18. Jahrh.H.37.cm,True
,18. Jahrh.Zinnmontierung.H.24,True
,18. Jahrh.H.32cm,True
,18. Jahrh.Gravierter,True
,18. Jahrh.15X12cm,True
,18 Jahrh.H.19,True
,Gottes.Schweiz.18.Jahrh.Dm.35und 24,True
,18. Jahrh.Boden,True
,19. Jahrh.H.je,True
,Jahrh.H.je 33,True
,1623-1667,True
,18. Jahrh.2X2,True
,Jahreszeitenfolge C,True
,17. Jahrh.:Kleinmuster,True
,"Bindenschild.Wien,18.Jahrh.H. 18",True
,18. Jahrh.(Einige,True
,"Blattwerk.Italienisch,16.Jahrh.H. 25",True
,"18. Jahrh.,einige",True
,1650-1660,True
,JAHRMARKT IM,True
,1585-1655,True
,1701-1774,True
,1630-1677,True
,1628-1707,True
,1616-1683,True
,1624-1677,True
,1669-1729,True
,1644-1688,True
,1628-1674,True
,1634-1686,True
,1610-1664,True
,1624-1674,True
,1630-1658,True
,1560-1644,True
,1768-1818,True
,1567-1630,True
,16. Jahrh.Replik,True
,1729-1784,True
,Jahrh.H. 94,True
,17.Jahrh. Der,True
,Jahrg. 37,True
,18. Jahrh.Durchm.28,True
,18. Jahrh.(Springe.),True
,18. Jahrh.H.54,True
,18. Jahrh.(Gesprungen.),True
,18. Jahrh.(Gesprungen,True
,18. Jahrh.(Reparaturen,True
,"18. Jahrh.:a,b)",True
,"18. Jahrh.Dm.35,5",True
,Jahreszahl 64,True
,18. Jahrh.Dm.30,True
,17. Jahrh.Dm.31,True
,"FRANZOSISCH,18.JAHRHUNDERT L",True
,1829-1905,True
,1739-1792,True
,1749-1815,True
,1748-1820,True
,1685-1734,True
,1600-1653,True
,1612-1650,True
,1635-1672,True
,1642-1679,True
,18. Jahrhundet,True
,1805-1892,True
,1804-1871,True
,1839-1925,True
,1848-1921,True
,1834-1889,True
,1816-1884,True
,1849-1902,True
,1843-1915,True
,1845-1910,True
,1851-1911,True
,1849-1910,True
,1856-1913,True
,1844-1910,True
,1843-1897,True
,14.JAHRHUNDERT.Hohe 39,True
,1623-1709,True
,1674-1741,True
,1600-1657,True
,1576-1644,True
,"TALIENISCH,16.JAHRHUNDERT.Hoch 22",True
,16.JAHRHUNDERT.Hoch 70,True
,18.JAHRHUNDERT.Hoch 70,True
,1563-1609,True
,1728-1781,True
,1815-1905,True
,JAHRHUNDERT.Hoch 82,True
,18. Jahrh.Zinnmontierung,True
,18. Jahrh.Zinnmon=,True
,"18. Jahrh.Zinnmontierung.H.24,5",True
,19. Jahrh.Dazu,True
,17. Jahrh.Dm.5,True
,18. Jahrh.B.124,True
,1753-1820,True
,19. Jahrh.Dabei,True
,1781-1853,True
,1769 - 1847,True
,18. Jahrh.Rad,True
,1879-1881,True
,19. Jahrh.N,True
,19. Jahrh.(etwas,True
,18. Jahrh.Dm,True
,18. Jahrh.Dm.55,True
,Jahrh.Dm. 28,True
,16. Jahrh.Art,True
,"18. Jahrh.6,5X14X1o",True
,1833-1898,True
,Jahrh.Dm. 37,True
,19. Jahrh.Dm.8cm,True
,17. Jahrh.eifrig,True
,1635-1680,True
,1695-1780,True
,1648-1685,True
,1737-1807,True
,1643-1678,True
,1722-1789,True
,1913-1914,True
,1874-1875,True
,1894-1898,True
,1899-1904,True
,1899-1900,True
,1822-1834,True
,17. Jahrhuderts.Abbildung,True
,61. Jahrgang,True
,XVI. Jahrhs,True
,17. Jahrh.25X29,True
,18. Jahrh.Dabei,True
,19. Jahrh.H.36,True
,"18. JahrH.11,5cm",True
,18. Jahrh.Dm.5,True
,17. Jahrh.L,True
,Jahrh.L. 95,True
,17. Jahrh.-Degen,True
,18. Jahrh.—Dabei,True
,17. Jahrh.—Dabei,True
,17. Jahrh.Dabei,True
,18. Jahrh.12oX63,True
,18. Jahrh.Nach,True
,18. Jahrhundert.31,True
,18. Jahrhundert.(BestoBen.),True
,Jahrhundert. 27,True
,"17. JAHRHUNDERT:Waldlandschaft,im",True
,18. Jahrhundert:Maria,True
,10 Jahren,True
,13 Jahrgange,True
,1896-1909,True
,18. JAHRHUNDERT.Huftbild,True
,1564-1647,True
,1709-1740,True
,1801-1876,True
,1857-1920,True
,1596-1674,True
,1611-1675,True
,1534-1593,True
,1594-1674,True
,1741-1799,True
,1746-1810,True
,1596-1650,True
,1656-1717,True
,1831-1915,True
,1572-1658,True
,1564-1635,True
,1584-1635,True
,1499-1547,True
,1726-1798,True
,1756-1827,True
,02 17.-18.JAHRH,True
,1850-1911,True
,"XIX. Jahrhunderts""",True
,Jahrh.Hohe 13,True
,Jahrh.Abb.Tafel IV,True
,"13. Jahrh.,13",True
,"14. Jahrh.,14",True
,"14. Jahrh.,10",True
,"Jahrh., 14",True
,"Jahrh., 10",True
,18 Jahrh.710,True
,18. Jahrh.Lange,True
,Jahrh.Lange 55,True
,Jahrh.Lange 82,True
,19.Jahrh.Hohe 86,True
,Jahrh.Hohe 77,True
,Jahrh.Hohe 75,True
,19. Jahrh.Durchm.98,True
,18.Jahrh.Hohe 20,True
,18.Jahrh.Hohe 12,True
,Jahrh.Hohe 15,True
,Zinnmarke.18.Jahrh.Hohe 22,True
,Jahrh.Hohe 80,True
,"17. Jahrh.,auf",True
,1606-1638,True
,1639-1864,True
,"17. Jahrhundert,,Die",True
,1608-1662,True
,"15. Jahrhunderts,,Frauenbildnis""",True
,1815-1890,True
,1836-1843,True
,1802-1880,True
,15 Jahre,True
,1889-1891,True
,1794-1805,True
,16. Jahrh.Dm.45,True
,17. Jahrh.L.16u.17cm,True
,Jahrh.H.ca. 10,True
,18. Jahrh.H.46,True
,17. Jahrh.114X153X61,True
,18. Jahrh.92X122X62,True
,19. Jahrh.125X65,True
,19. Jahrh.84X52X32cm,True
,18. Jahrh.Eine,True
,1740-1772,True
,18. Jahrh.L.11,True
,18. Jahrh.Dm.20,True
,18.Jahrh. L,True
,"18. Jahrh.L.4,5cm",True
,Jahrh.H. 75,True
,"19. Jahrh.Dm.24,5cm",True
,18. Jahrh.-Dazu,True
,Jahrh. 61,True
,18. Jahrh.Dm.14,True
,18. Jahrh.H.7,True
,1907-1908,True
,1763-1786,True
,19. Jahrh.Dm,True
,Jahrh.Dm. 15,True
,19. Jahrh.H.33,True
,"19. Jahrh.H.45,5",True
,19. Jahrh.H.46,True
,19. Jahrh.H.49,True
,19. Jahrh.H.26,True
,18.Jahrh.H. 15,True
,18. Jahrh.L.15,True
,Jahrh.L. 16,True
,"18. Jahrh.Dm.10,5",True
,19. Jahrh.—Dabei,True
,19. Jahrh.H.48u.40,True
,19.Jahrh.H. 24,True
,17. Jahrh.-Dabei,True
,18. Jahrh.H.36,True
,Jahreszahl MDXXXV,True
,17. Jahrh.(Habsburger,True
,16. Jahrh.Vgl,True
,Jahrh. 27,True
,17.jahrh. 40,True
,Jahrh. 31,True
,Jahrh. 23,True
,18.Jahrh. 10,True
,13. Jahrh.Durhm,True
,Jahrh.Durhm. 19,True
,Jahrh.Durhm. 21,True
,Jahrh. 37,True
,Jahrh. 10,True
,18.Jahrh. 18,True
,18. Jahrh.Durchm.11,True
,Jahrh. 35,True
,Jahrh. 25,True
,18.Jahrh. 88,True
,18. Jahrh.44,True
,1880-1881,True
,18. Jahrh.Prachtvolles,True
,1785-1786,True
,1769-1776,True
,1840-1841,True
,1704-1760,True
,1627-1688,True
,1857-1912,True
,1828-1891,True
,1768-1840,True
,1807-1875,True
,1840-1920,True
,Westerwald.18.Jahrh.H. 27,True
,1728-1744,True
,1747-1760,True
,1690-1737,True
,1683-1746,True
,II Jahrh,True
,1799-1825,True
,"19. Jahrh.Dm.10,5",True
,18. Jahrh.35X8.5X3,True
,"19. Jahrh.,Die",True
,1750-1755,True
,1650-1715,True
,1690-1754,True
,18. Jahrh.Lepke,True
,17. Jahrh.(?),True
,18. Jahrh.？,True
,17. Jahrhundert.H,True
,Jahrhundert.H. 17,True
,"17. Jahrh.H.23,5",True
,17. Jahrh.Leichte,True
,18. Jahrh.（Beschadigungen.),True
,Jahresbuchstaben DD,True
,"18. Jahrhundert.Dm.28,7",True
,Jahrh. 98,True
,16. Jahrh.(Mit,True
,17. Jahrh.(Mit,True
,Jahrh. 66,True
,Jahrh. 53,True
,Jahrh. 87,True
,17.Jahrh. 28,True
,Jahrh. 26,True
,Jahrh. 17,True
,1715-1795,True
,18. Jahrh.&gt,True
,1619-1673,True
,1470-1541,True
,16. Jahrh.&gt,True
,Jahrh. 57,True
,Jahrh. 15,True
,17. Jahrh.Durchm.13,True
,Jahrh. 11,True
,18. Jahrh.-Damenbildnis,True
,19. Jahrh.—Damenbildnis,True
,1718-1770,True
,1742-1815,True
,1685-1764,True
,1739-1819,True
,14. Jahrh.a,True
,19. Jahrh.Gewellter,True
,18. Jahrh.?,True
,18. Jahrh.Im,True
,18. Jahrh.Profilierter,True
,18. Jahrhundert.Leder,True
,18. Jahrh.):Ostasiatisce,True
,18. Jahrh.&gt;:Sommerlandscaft.Im,True
,1688-1762,True
,1623-1680,True
,1510-1598,True
,1761-1836,True
,1500-1524,True
,18. Jahrh.b),True
,17. Jahrh.(Gravierung,True
,"19. Jahrh.,H",True
,"Jahrh.,H. 36",True
,1831-1846,True
,Jahrh.H. 78,True
,1777-1835,True
,1796-1858,True
,1840-1862,True
,1602-1660,True
,1632-1698,True
,14. Jahrh.),True
,17. Jahrh.13X13,True
,"19. Jahrh.Dm.7,5",True
,19. Jahrh.H.5.5,True
,19. Jahrh.Samtliche,True
,18. Jahrh.Gerahmt.-I,True
,Der 90jahrige,True
,Jahrbucher 67,True
,1420-1430,True
,15. Jahrhs,True
,1805-1808,True
,1758-1766,True
,1780-1784,True
,1834-1836,True
,1794-1802,True
,1777-1789,True
,1787-1789,True
,1666-1740,True
,1750-1800,True
,1516-1570,True
,1792-1878,True
,1570-1623,True
,1520-1530,True
,1527-1581,True
,18. Jahrh.H.17u.135,True
,19. Jahrh.165X10,True
,1634-1671,True
,19. Jahrh.Dm.40u.44,True
,16. Jahrh.195X330,True
,"16. Jahrh.H.228,B.180,T.60",True
,17. Jahrh.L.45,True
,"18. Jahrh.H.34,B.28",True
,17. Jahrh.(Art,True
,1606-1656,True
,16. Jahrh.H.24,True
,"19. Jahrhunderts""von",True
,"Jahrh."" II",True
,"18. Jahrh.H.28,5",True
,"18. Jahrh.Dm.31,5",True
,17. Jahrh.-Trauernde,True
,16. Jahrh.-S,True
,17. Jahrh.Roter,True
,18. Jahrh.285X167X70,True
,Jahrh.H. 98,True
,1636-1697,True
,1700-1761,True
,1444-1514,True
,1770-1815,True
,1670-1680,True
,1735-1801,True
,1788-1837,True
,1802-1886,True
,1820-1825,True
,1718-1780,True
,18. Jahrh.365gr,True
,Jahrh.Monogramm V,True
,17. Jahrh.58,True
,19. Jahrh.Zus.400,True
,16. Jahrh.L.24,True
,1819-1861,True
,16. Jahrh.-Ferner,True
,16. Jahrh.H.15,True
,Relief.18.Jahrh.H. 28,True
,"18. Jahrh.H.76,B.47",True
,18. Jahrh.H.43,True
,18. Jahrh.7X5,True
,"18. Jahrh.6X8,5",True
,"18. Jahrh.H.18,B.12",True
,18. Jahrh.B.100,True
,18. Jahrh.B.185,True
,Jahrh.H. 77,True
,"Jahrh.H.96,B.142,T. 66",True
,"18.Jahrh.H.228,B.200,T. 66",True
,18.Jahrh.H. 56,True
,18. Jahrh.102,True
,1623-1673,True
,"DEUTSCH,17.JAHRHUNDERT.Durchmesser 34",True
,17.JAHRHUNDERT.Hoch 53,True
,16.JAHRHUNDERT.Durchmesser 23,True
,JAHRHUNDERT.Hoch 40,True
,17.JAHRHUNDERT.Hoch 77,True
,18. JAHRHUNDERT.47:47cm,True
,15. JAHRHUNDERT.Die,True
,"17, JAHRHUNDERT",True
,"JAPAN,18.19.JAHRHUNDERT.Hoch 24",True
,"JAPAN,19.JAHRHUNDERT.Hoch 30",True
,1475-1500,True
,33. u.20.Jahrh,True
,"17. Jahrh.,im",True
,19. Jahrh.O1,True
,1751-1830,True
,"XV. Jahrh.H.24,B.18,5",True
,1829-1891,True
,1656-1690,True
,1821-1889,True
,1805-1854,True
,1823-1899,True
,1806-1837,True
,19. Jahrh.Kleines,True
,"18. Jahrh.H.41,B.34",True
,1732-1807,True
,1323-1345,True
,1617-1635,True
,1725-1748,True
,16.JAHRHUNDERT.Durchmesser 39,True
,1363-1422,True
,1356-1392,True
,15. Jahrhunderts),True
,1483-1549,True
,"16. Jahrhunderts,Vicenza)",True
,1510-1520,True
,1495-1542,True
,1467-1483,True
,1831-1907,True
,1765-1836,True
,1621-1669,True
,1805-1899,True
,1838-1901,True
,17. Jahr=,True
,1832-1908,True
,1807-1890,True
,1844-1921,True
,1710-1910,True
,1809-1909,True
,1859-1913,True
,1844-1920,True
,1801-1885,True
,1828-1905,True
,1850-1857,True
,1903-1904,True
,16. Jahrh.Dm.23,True
,17. Jahrh.28X22,True
,12 cm.Farbig.Deutsch.19.Jahrh,True
,Jahreszeiten.H. 15,True
,"19. Jahrh.13X10,5",True
,17. Jahrh.57X39,True
,18. Jahrh.145X62,True
,18. Jahrh.Zwei,True
,18. Jahrh.G.R,True
,"17. Jahrh.H.35,B.5o,T.32,5",True
,18. Jahrh.11oX62,True
,"18. Jahrh.H.209,B.84,T.44",True
,18. Jahrh.H.3o,True
,18. Jahrh.Dm.41,True
,1631-1681,True
,1734-1804,True
,1727-1811,True
,1735-1798,True
,1685-1754,True
,1725-1806,True
,1681-1745,True
,1517-1570,True
,1806-1884,True
,1850-1919,True
,1839-1905,True
,1857-1923,True
,1847-1926,True
,1838-1909,True
,1824-1912,True
,1863-1928,True
,1826-1916,True
,"Jahrh.,H. 18",True
,17. Jahrh.H.18,True
,17. Jahrh.Dm.40,True
,"Jahreszeitenfigur: ,Der",True
,1658-1705,True
,1763-1808,True
,"16. Jahrh.H.228,B.180",True
,1613-1699,True
,1527-1585,True
,1548-1606,True
,dama.Secolo XVII,True
,"Giappone,secolo XVIII",True
,alati.Secolo XVII,True
,nelcentro.Secolo XVII,True
,INCOGNITO-Secolo XVII,True
,INCOGNITO-Secolo XVIII,True
,nera.Secolo XVIII,True
,"Venezia,secolo XVIII",True
,VENETA-Secolo XVII,True
,antico.Secolo XVIII,True
,FIAMMINGA-Secolo XVII,True
,187.MARINANI-Secolo XIX,True
,alzabile.-Secolo XVII,True
,soprarizzo.-Secolo XVII,True
,bronzo.-Secolo XVII,True
,riccetti.Secolo XVII,True
,disegno.Secolo XVI,True
,1717-1784,True
,1672-1730,True
,disegno.Secolo XVII,True
,"Venezia,secolo XVI",True
,1575-1655,True
,"Cina,secolo XVII",True
,1654-1724,True
,astuccio.Secolo XVIII,True
,frutta.Secolo XVIII,True
,acciaio.Secolo XVII,True
,ROMANA-Secolo XVII,True
,metallici.Secolo XVII,True
,colorato.Secolo XVII,True
,I sec,True
,cuoio.Secolo XVI,True
,PISTOLE.Secolo XVII,True
,"verde.Persia,secolo XVII",True
,"dorato.Venezia,secolo XVIII",True
,BARBERINI-Secolo XVII,True
,lampadario.Secolo XVIII,True
,dorato.Secolo XVII,True
,1472-1525,True
,Astuccio.Secolo XVII,True
,intagliata.Secolo XVII,True
,"Urbino,secolo XVII",True
,mato.Secolo XVII,True
,1674-1785,True
,1689-1770,True
,1755-1839,True
,"interne.Piemonte,secolo XVII",True
,sportelli.Secolo XVII,True
,"Murano,secolo XVII",True
,elettrica.Secolo XVIII,True
,VINCENZO-Secolo XIX,True
,1535-1592,True
,bianco.Secolo XVIII,True
,J.-Secolo XVIII,True
,NCOGNITO-Secolo XIX,True
,centro.-Secolo XVIII,True
,1585-1653,True
,"Venezia,secolo XVII",True
,lati.-Secolo XVIII,True
,candele.-Secolo XVII,True
,"nero.Venezia,secolo XVIII",True
,argentata.Secolo XVII,True
,frangia.Secolo XVIII,True
,1609-1681,True
,1809-1890,True
,"dorati.Venezia,secolo XVIII",True
,BOLOGNESE-Secolo XVII,True
,NCOGNITO-Secolo XVII,True
,GNOTO-Secolo XVIII,True
,DI ARMATURA.Secolo,True
,ARMATURA.Secolo XVII,True
,D. Secolo,True
,1704-1762,True
,Jahrhundert. 12,True
,1414-1418,True
,1892-1896,True
,1703 -1705,True
,XIII. Jahrgang,True
,XV. Jahrg.(1899/i900),True
,1888-1898,True
,XI. Jahrgang,True
,XX. Jahrgang,True
,1890-1892,True
,XVIII. Jahrhunderts.(Vorbilder-Hefte,True
,V. Jahrg,True
,1897 -1900,True
,XVIII. Jahrhunders,True
,1873-1893,True
,1895-1898,True
,1873-1888,True
,21 cm.17.Jahrhundert,True
,1218-1250,True
,"15. Jahrhunderts,leicht",True
,16.Jahrhundert.Lange 85,True
,graviert.17.Jahrhundert.Lange 69,True
,62 cm.16.Jahrhundert,True
,17.Jahrhundert.Lange 60,True
,16.Jahrhunderts.Hohe 32,True
,1378,True
,18. Jahrhunderts).—,True
,45 cm.18.Jahrhundert,True
,"54.Jahre.Holz,Hohe 20",True
,1676-1730,True
,1570-1661,True
,1475-1533,True
,1699-1771,True
,XVIII siecle.Forme,True
,44. Secolo,True
,XVI siecle.Piece,True
,XVIIIe siecle.Remarquables,True
,"XVIe siecle,signe",True
,XVe siecle.Plastron,True
