index,num,title,text,catalogue_id
1,1,"Vaso a pancia, con due anse a testa di chimera, decorato con mascheroni e soggetti mitologici in azzurro sopra fondo bianco, alt. m. 0,40.   | Savona        |","| 1. Vaso a pancia, con due anse a testa di chimera, decorato con mascheroni e soggetti mitologici in azzurro sopra fondo bianco, alt. m. 0,40.   | Savona        |
|-------------------------------------------------------------------------------------------------------------------------------------------------|---------------|",documents/BO0624_4466
2,2,Piatto decorato con stemma in colori.                                                                                                        | Pesaro        |,| 2. Piatto decorato con stemma in colori.                                                                                                        | Pesaro        |,documents/BO0624_4466
3,3,Lotto di tre mattoni.                                                                                                                        | Persia        |,| 3. Lotto di tre mattoni.                                                                                                                        | Persia        |,documents/BO0624_4466
4,4,"Vaso a due manichi decorato con fregi azzurro sopra fondo bianco, alt. m. 0,25.                                                              | Moustiers     |","| 4. Vaso a due manichi decorato con fregi azzurro sopra fondo bianco, alt. m. 0,25.                                                              | Moustiers     |",documents/BO0624_4466
5,5,| 5. Piccolo boccale decorato a fogliami in colori                                                                      ,"| 5. Piccolo boccale decorato a fogliami in colori                                                                                                | Persia        |
|",documents/BO0624_4466
6,6,•6. Due vasi di forma sferica con medaglioni.                                                                           ,•6. Due vasi di forma sferica con medaglioni.                                                                                                   | Caltagirone   |,documents/BO0624_4466
7,7,"Vaso di forma sferica con medaglione ed ornati in colori su fondo bleu, alt. m. 0,31.                                                        | Casteldurante |","| 7. Vaso di forma sferica con medaglione ed ornati in colori su fondo bleu, alt. m. 0,31.                                                        | Casteldurante |",documents/BO0624_4466
8,8,"Paio vasi di forma sferica decorati con fregi in colori, e meda- glioni.                                                                     | Caltagirone   |","| 8. Paio vasi di forma sferica decorati con fregi in colori, e meda- glioni.                                                                     | Caltagirone   |",documents/BO0624_4466
9,9,"Vaso di forma cilindrica con iscrizione ed ornati in colori sopra fondo bleu, alt. m. 0,25.                                                  | Caltagirone   |","| 9. Vaso di forma cilindrica con iscrizione ed ornati in colori sopra fondo bleu, alt. m. 0,25.                                                  | Caltagirone   |",documents/BO0624_4466
10,10,"Vaso cilindrico decorato da un lato con fregi e testa di donna; dall'altro iserizione col piccolo medaglione di Castelli. alt. m. 0,20.     |               |","| 10. Vaso cilindrico decorato da un lato con fregi e testa di donna; dall'altro iserizione col piccolo medaglione di Castelli. alt. m. 0,20.     |               |
| Casteldurante                                                                                                                                   |               |",documents/BO0624_4466
11,11,"Vaso di forma sferica e collo lungo con fregi su fondo bleu e aran- cione, nel centro ritratto colla scritta - Carone. alt. m. 0,33.        | Casteldurante |","| 11. Vaso di forma sferica e collo lungo con fregi su fondo bleu e aran- cione, nel centro ritratto colla scritta - Carone. alt. m. 0,33.        | Casteldurante |",documents/BO0624_4466
12,12,Cavolo con foglia in majolica colorata di                                                                                                   | Abruzzo       |,| 12. Cavolo con foglia in majolica colorata di                                                                                                   | Abruzzo       |,documents/BO0624_4466
13,13,"Vaso di forma cilindrica, decorato con figura sacra,                                                                                        | Abruzzo       | Vaso di forma cilindrica, decorato con figura sacra,","| 13. Vaso di forma cilindrica, decorato con figura sacra,                                                                                        | Abruzzo       | 13. Vaso di forma cilindrica, decorato con figura sacra,",documents/BO0624_4466
14,14,"Vaso a due manichi e due medaglioni con figura, e stemma. alt. m. 0,00. Abruzze","14. Vaso a due manichi e due medaglioni con figura, e stemma. alt. m. 0,00. Abruzze",documents/BO0624_4466
15,15,"Vaso alndrico, decorato con igura e paesaggio firm. urue) Abruzzo","15. Vaso alndrico, decorato con igura e paesaggio firm. urue) Abruzzo",documents/BO0624_4466
16,16,"Vaso di forma cilindrica, decorato con figura e paesaggio. Abruzzo","16. Vaso di forma cilindrica, decorato con figura e paesaggio. Abruzzo",documents/BO0624_4466
17,17,"Paio vasi con coperchi e due anse a guisa di sfingi, decorati a fregi ed ornati in rilievo. Terraglia bianca fabbrica di Del vecchio. Napoli","17. Paio vasi con coperchi e due anse a guisa di sfingi, decorati a fregi ed ornati in rilievo. Terraglia bianca fabbrica di Del vecchio. Napoli",documents/BO0624_4466
18,18,"Vaso con due manichi, decorato a ori, alt. m. 0.20. Marsigua","18. Vaso con due manichi, decorato a ori, alt. m. 0.20. Marsigua",documents/BO0624_4466
19,6,1y. Otto fregi in majolica colorata di Persia,6. 1y. Otto fregi in majolica colorata di Persia,documents/BO0624_4466
20,20,"Due vasi con medaghon, majonca al","20. Due vasi con medaghon, majonca al",documents/BO0624_4466
21,21,Due vasi con fregi e medaglone.,21. Due vasi con fregi e medaglone.,documents/BO0624_4466
22,9,Siciaa,9. Siciaa,documents/BO0624_4466
23,10,Casteldamante,10. Casteldamante,documents/BO0624_4466
24,22,"Vaso cilindrico, decorato con fregi e medaglione. Caltagurone","22. Vaso cilindrico, decorato con fregi e medaglione. Caltagurone",documents/BO0624_4466
25,23,"Vaso di forma cilindrica, decorato con fregi e medaglione. Caltagurone","23. Vaso di forma cilindrica, decorato con fregi e medaglione. Caltagurone",documents/BO0624_4466
26,24,"Vaso con manico e becco, decorato da un lato con fregi e testa di donna, dall'altro iserizione col piccolo medaglione di Castelli. Casteldarante","24. Vaso con manico e becco, decorato da un lato con fregi e testa di donna, dall'altro iserizione col piccolo medaglione di Castelli. Casteldarante",documents/BO0624_4466
27,25,"Vaso di forma cilindrica, decorato con trofer darmi ed ornati in colori, alt. m. 0,02. Casteldurante","25. Vaso di forma cilindrica, decorato con trofer darmi ed ornati in colori, alt. m. 0,02. Casteldurante",documents/BO0624_4466
28,26,Due piattini con Amorini. A 0711220,26. Due piattini con Amorini. A 0711220,documents/BO0624_4466
29,27,La fuga in Egitto: mattone in cornice. Abruzzo,27. La fuga in Egitto: mattone in cornice. Abruzzo,documents/BO0624_4466
30,28,Mattone. Soggetto bibblico in cornice intagliata e dorata. Abruzzo,28. Mattone. Soggetto bibblico in cornice intagliata e dorata. Abruzzo,documents/BO0624_4466
31,29,"Piatto col bordo a fiori e putti, nel fondo soggetto mitologico. Ilmm1n2101 or0. Am11220","29. Piatto col bordo a fiori e putti, nel fondo soggetto mitologico. Ilmm1n2101 or0. Am11220",documents/BO0624_4466
32,30,Mattone circolare rappresentante il ratto di Galatea. Abruzzo,30. Mattone circolare rappresentante il ratto di Galatea. Abruzzo,documents/BO0624_4466
33,31,Piatto con medaglione. Ameno,31. Piatto con medaglione. Ameno,documents/BO0624_4466
34,32,Coppa con piede e ornati in colori.,32. Coppa con piede e ornati in colori.,documents/BO0624_4466
35,33,Vaso con manico e becco ed ornati raffaelleschi. Nel centro stemma genalino con seriod. 1aen 2d.,33. Vaso con manico e becco ed ornati raffaelleschi. Nel centro stemma genalino con seriod. 1aen 2d.,documents/BO0624_4466
36,34,Ire piatti con Iregi e ngure in bieu.,34. Ire piatti con Iregi e ngure in bieu.,documents/BO0624_4466
37,35,Vaso a pancia con iscrizion e fregi in colori. Caffagiolo,35. Vaso a pancia con iscrizion e fregi in colori. Caffagiolo,documents/BO0624_4466
38,36,"Vaso cilindrico con iscrizione e fregi sopra tondo Dieu; e piccolo medaglione, alt. m. 0,15 weboard","36. Vaso cilindrico con iscrizione e fregi sopra tondo Dieu; e piccolo medaglione, alt. m. 0,15 weboard",documents/BO0624_4466
39,37,Due vasettini con fiori. Terraglia di Del Vecchio. Nanol,37. Due vasettini con fiori. Terraglia di Del Vecchio. Nanol,documents/BO0624_4466
40,27,?e. Gran piatto a sbalzo in terragha bianca Wedarood.,27. ?e. Gran piatto a sbalzo in terragha bianca Wedarood.,documents/BO0624_4466
41,39,Vaso a forma di civetta (manca la testa). Caffagiolo,39. Vaso a forma di civetta (manca la testa). Caffagiolo,documents/BO0624_4466
42,40,"Piatto decorato con arabeschi in colori sopra fondo bianco, e me- daglione con Amorino. Pesaro                                                                             |","| 40. Piatto decorato con arabeschi in colori sopra fondo bianco, e me- daglione con Amorino. Pesaro                                                                             |
|--------------------------------------------------------------------------------------------------------------------------------------------------------------------------------|",documents/BO0624_4466
43,41,Idem. Pesaro                                                                                                                                                               |,| 41. Idem. Pesaro                                                                                                                                                               |,documents/BO0624_4466
44,42,Coppa decorata a paesaggio. Moustiers                                                                                                                                      |,| 42. Coppa decorata a paesaggio. Moustiers                                                                                                                                      |,documents/BO0624_4466
45,43,Gran piatto con ornati. Rodi                                                                                                                                               |,"| 43. Gran piatto con ornati. Rodi                                                                                                                                               |
| Due vasi con medaglioni. Caltagirone                                                                                                                                           |",documents/BO0624_4466
46,45,"45. Paio vasi di forma sferica,decorati con fregi e medaglioni. Caltagirone                                             ","45. Paio vasi di forma sferica,decorati con fregi e medaglioni. Caltagirone                                                                                                |",documents/BO0624_4466
47,46,"Paio vasi di forma sferica, decorati con fregi e medaglioni in co- lori, alt. m. 0,30 C'altagirone                                                                         |","| 46. Paio vasi di forma sferica, decorati con fregi e medaglioni in co- lori, alt. m. 0,30 C'altagirone                                                                         |",documents/BO0624_4466
48,47,Vaso di forma cilindrica con medaglione. Casteldurante                                                                                                                     |,| 47. Vaso di forma cilindrica con medaglione. Casteldurante                                                                                                                     |,documents/BO0624_4466
49,48,"Vaso con manico e becco decorato con fregi sopra fondo bleu; e medaglioni. — alt. m. 0,20. Casteldurante                                                                   |","| 48. Vaso con manico e becco decorato con fregi sopra fondo bleu; e medaglioni. — alt. m. 0,20. Casteldurante                                                                   |",documents/BO0624_4466
50,49,Piatto: nel centro S. Giovanni. Abruzzo                                                                                                                                    |,| 49. Piatto: nel centro S. Giovanni. Abruzzo                                                                                                                                    |,documents/BO0624_4466
51,50,"Vaso di forma cilindrica, decorato con paesaggio e figura di S. Eulochio — firmato P. C. P. 1757. Abruzzo                                                                  |","| 50. Vaso di forma cilindrica, decorato con paesaggio e figura di S. Eulochio — firmato P. C. P. 1757. Abruzzo                                                                  |",documents/BO0624_4466
52,51,"Mattone circolare con soggetto mitologico. Diana fra le ninfe. diam. m. 0,30. Abruzzo                                                                                      |","| 51. Mattone circolare con soggetto mitologico. Diana fra le ninfe. diam. m. 0,30. Abruzzo                                                                                      |",documents/BO0624_4466
53,52,"Vaso di forma sferica, con due medaglioni, decorati a paesaggio ed ornati in colori su fondo bleu, alt. m. 0,37. Urbino                                                    |","| 52. Vaso di forma sferica, con due medaglioni, decorati a paesaggio ed ornati in colori su fondo bleu, alt. m. 0,37. Urbino                                                    |",documents/BO0624_4466
54,53,Due vasi con manici - Eruzione del Vesuvio terraglia del Giusti- niani. Napoli                                                                                             |,| 53. Due vasi con manici - Eruzione del Vesuvio terraglia del Giusti- niani. Napoli                                                                                             |,documents/BO0624_4466
55,54,Piatto decorato con fiori e foglie su fondo bianco. Persia                                                                                                                 |,| 54. Piatto decorato con fiori e foglie su fondo bianco. Persia                                                                                                                 |,documents/BO0624_4466
56,55,| 55. Piatto arcaico con fregi e putti. Nel mezzo Venere ed Amore. diam. 0.21.                                          ,"| 55. Piatto arcaico con fregi e putti. Nel mezzo Venere ed Amore. diam. 0.21.                                                                                                   |
| Abruzzo",documents/BO0624_4466
57,56,"56. Vaso di forma sferica, decorato con fregi e medaglioni. Casteldurante                                               ","56. Vaso di forma sferica, decorato con fregi e medaglioni. Casteldurante                                                                                              |",documents/BO0624_4466
58,57,"Paio vasi di forma sferica, decorati con fregi e medaglioni. Caltagirone                                                                                                   |","| 57. Paio vasi di forma sferica, decorati con fregi e medaglioni. Caltagirone                                                                                                   |",documents/BO0624_4466
59,58,"Vaso cilindrico, decorato con fregi e piccolo medaglione. alt. m. 0.25. Caltagirone                                                                                        |","| 58. Vaso cilindrico, decorato con fregi e piccolo medaglione. alt. m. 0.25. Caltagirone                                                                                        |",documents/BO0624_4466
60,59,"| 59. Vaso a pancia con manichi e collo lungo, decorato a riflesso me- tallico su fondo bianco, alt. m. 0.30. Ispano-Ara","| 59. Vaso a pancia con manichi e collo lungo, decorato a riflesso me- tallico su fondo bianco, alt. m. 0.30. Ispano-Arabo",documents/BO0624_4466
61,60,60. Due vasi con manichi e fiori in colori. Marsiglia |,"60. Due vasi con manichi e fiori in colori. Marsiglia |
| Pesaro",documents/BO0624_4466
62,61,"Piccolo vaso con piede, decorato con ornati in colori sopra fondo bianco.                                                                                                  |","| 61. Piccolo vaso con piede, decorato con ornati in colori sopra fondo bianco.                                                                                                  |",documents/BO0624_4466
63,63,Due canestrini in terraglia di Napoli                                                                                                                                      |,| 63. Due canestrini in terraglia di Napoli                                                                                                                                      |,documents/BO0624_4466
64,64,Due piatti con ornati in colori: terraglia di Del Vecchio. Napoli                                                                                                          |,| 64. Due piatti con ornati in colori: terraglia di Del Vecchio. Napoli                                                                                                          |,documents/BO0624_4466
65,65,"Vaso, di forma cilindrica, con fregi e stemma.                                                                        | Caffagiolo    |","| 65. Vaso, di forma cilindrica, con fregi e stemma.                                                                        | Caffagiolo    |
|---------------------------------------------------------------------------------------------------------------------------|---------------|",documents/BO0624_4466
66,66,"aso alnarico, con tregi in colori.                                                                                    | Caffagiolo    |","| 66. aso alnarico, con tregi in colori.                                                                                    | Caffagiolo    |",documents/BO0624_4466
67,67,"Mattone rappresentante soggetto della bibbia, in cornice nera, alt. m. 0.24 per 0.34                                  | Abruzzo       |","| 67. Mattone rappresentante soggetto della bibbia, in cornice nera, alt. m. 0.24 per 0.34                                  | Abruzzo       |",documents/BO0624_4466
68,68,Paio vasettimi di forma cilindrica. decorati con medaglion. Aoruzzo                                                   |               |,| 68. Paio vasettimi di forma cilindrica. decorati con medaglion. Aoruzzo                                                   |               |,documents/BO0624_4466
69,80,"Paio vasi di forma sferica. decorati con medaglioni. fiori e fogl in colori sopra fondo bleu, alt. m. 0,27            | Casteldurante |","| 80. Paio vasi di forma sferica. decorati con medaglioni. fiori e fogl in colori sopra fondo bleu, alt. m. 0,27            | Casteldurante |",documents/BO0624_4466
70,70,"Vaso di forma sierica, con due medagnon e ornau in color.                                                             | aetenarante   |","| 70. Vaso di forma sierica, con due medagnon e ornau in color.                                                             | aetenarante   |",documents/BO0624_4466
71,71,"Paio vasi di forma a pancia e due manichi, decorati con fregi in azzurro sopra fondo azzurro chiaro (Fabb. del Fuina) | 40011220      |","| 71. Paio vasi di forma a pancia e due manichi, decorati con fregi in azzurro sopra fondo azzurro chiaro (Fabb. del Fuina) | 40011220      |",documents/BO0624_4466
72,72,Piatto arenico con fregi. Nel centro s. Bonaventura                                                                   | AbrUZzo       |,| 72. Piatto arenico con fregi. Nel centro s. Bonaventura                                                                   | AbrUZzo       |,documents/BO0624_4466
73,13,Tazza decorata con Amorini.                                                                                           | Abruzzo       |,| 13. Tazza decorata con Amorini.                                                                                           | Abruzzo       |,documents/BO0624_4466
74,74,Due piatti (Fabb. di Cappelletti).                                                                                    | 40011.220     |,| 74. Due piatti (Fabb. di Cappelletti).                                                                                    | 40011.220     |,documents/BO0624_4466
75,75,Tre piatti (Fabb. di Cappelletti).                                                                                    | Abruzzo       |,"| 75. Tre piatti (Fabb. di Cappelletti).                                                                                    | Abruzzo       |
| %o. Vaso con tregi e neura di s. Antonio                                                                                  | Casteldarante |
| #. Vaso con manico e becco e fregi in colori                                                                              | note noirant  |",documents/BO0624_4466
76,78,Vaso a becco con manico e due medaglioni.                                                                             | Caltagirone   |,| 78. Vaso a becco con manico e due medaglioni.                                                                             | Caltagirone   |,documents/BO0624_4466
77,19,Due vasi con medaghom                                                                                                 | Caltagiron    |,| 19. Due vasi con medaghom                                                                                                 | Caltagiron    |,documents/BO0624_4466
78,80,Mattone in colori.                                                                                                    | Lersia        |,| 80. Mattone in colori.                                                                                                    | Lersia        |,documents/BO0624_4466
79,81,Gran piatto con ornati raffaelleschi e stemma                                                                         | Pesaro        |,"| 81. Gran piatto con ornati raffaelleschi e stemma                                                                         | Pesaro        |
| o2. riatto con piede, decorato in bleu                                                                                    |               |",documents/BO0624_4466
80,83,"Mattoni per pavimento, con ornati raffaelleschi sopra fondo di vari                                                   |               |","| 83. Mattoni per pavimento, con ornati raffaelleschi sopra fondo di vari                                                   |               |
| colori - buadrato di dieci pezzi                                                                                          | Caffagiol     |",documents/BO0624_4466
81,85,Piccolo piatto — Il Battesimo di S. Giovanni.                                                                         | A bruzzo      |,| 85. Piccolo piatto — Il Battesimo di S. Giovanni.                                                                         | A bruzzo      |,documents/BO0624_4466
82,86,"Mattone rappresentante soggetto della Bibbia alt. m. 0,24 p. 0,34.                                                    | Abruzzo       |","| 86. Mattone rappresentante soggetto della Bibbia alt. m. 0,24 p. 0,34.                                                    | Abruzzo       |",documents/BO0624_4466
83,87,"Vaso di forma cilindrica, decorato con medaglione, stemma e fregi Caffagiolo                                          |               |","| 87. Vaso di forma cilindrica, decorato con medaglione, stemma e fregi Caffagiolo                                          |               |
| Datato 1526, altezza m. 0.20. 88. Due mattoni. Paesagg                                                                    | Ahua2d        |
| oo. Matone. Cristo croensso                                                                                               | Abruzzo       |
| J. Onera decorata con gure (rado. de Cappelletti,                                                                         | 40r4220       |",documents/BO0624_4466
84,92,"Vaso di forma sferica decorata con iscrizione; foglie e frutta al                                                     |               | ingiro, alt. m. 0,00.                                                                                                   | castelnamant  |","| 92. Vaso di forma sferica decorata con iscrizione; foglie e frutta al                                                     |               | | 1 ingiro, alt. m. 0,00.                                                                                                   | castelnamant  |",documents/BO0624_4466
85,93,"Vaso di forma sferica, decorato con fregi e grossi foghami in                                                                                                                             | Caltaarone                                                                                                                                                                                    |                                                                                                                                                                                               |","| 93. Vaso di forma sferica, decorato con fregi e grossi foghami in                                                                                                                             | Caltaarone                                                                                                                                                                                    |                                                                                                                                                                                               |
|-----------------------------------------------------------------------------------------------------------------------------------------------------------------------------------------------|-----------------------------------------------------------------------------------------------------------------------------------------------------------------------------------------------|-----------------------------------------------------------------------------------------------------------------------------------------------------------------------------------------------|",documents/BO0624_4466
86,94,"Idem.                                                                                                                                                                                     | Caltagirone                                                                                                                                                                                   |                                                                                                                                                                                               | bis. - Idem. ,                                                                                                                                                                             | Caltagurone                                                                                                                                                                                   |                                                                                                                                                                                               |","| 94. Idem.                                                                                                                                                                                     | Caltagirone                                                                                                                                                                                   |                                                                                                                                                                                               | | 94 bis. - Idem. ,                                                                                                                                                                             | Caltagurone                                                                                                                                                                                   |                                                                                                                                                                                               |",documents/BO0624_4466
87,95,"Due piccoli vasi di forma cilindrica, decorati con ornati e meda- glioni.                                                                                                                 | sicura                                                                                                                                                                                        |                                                                                                                                                                                               |","| 95. Due piccoli vasi di forma cilindrica, decorati con ornati e meda- glioni.                                                                                                                 | sicura                                                                                                                                                                                        |                                                                                                                                                                                               |",documents/BO0624_4466
88,96,Piatto decorato in bleu.                                                                                                                                                                  | Rod;                                                                                                                                                                                          |                                                                                                                                                                                               |,| 96. Piatto decorato in bleu.                                                                                                                                                                  | Rod;                                                                                                                                                                                          |                                                                                                                                                                                               |,documents/BO0624_4466
89,97,"Vaso con due mascheroni, decorato in bleu.                                                                                                                                                | Moustrers                                                                                                                                                                                     |                                                                                                                                                                                               |","| 97. Vaso con due mascheroni, decorato in bleu.                                                                                                                                                | Moustrers                                                                                                                                                                                     |                                                                                                                                                                                               |",documents/BO0624_4466
90,98,Due vasi a pancia con fregi in colore. Datati 1652.                                                                                                                                       | Marche                                                                                                                                                                                        |                                                                                                                                                                                               |,| 98. Due vasi a pancia con fregi in colore. Datati 1652.                                                                                                                                       | Marche                                                                                                                                                                                        |                                                                                                                                                                                               |,documents/BO0624_4466
91,99,Gruppo. Nettuno con tritoni (Del Vecchio).                                                                                                                                                | Napoli                                                                                                                                                                                        |                                                                                                                                                                                               |,| 99. Gruppo. Nettuno con tritoni (Del Vecchio).                                                                                                                                                | Napoli                                                                                                                                                                                        |                                                                                                                                                                                               |,documents/BO0624_4466
92,100,"Vaso di forma sferica, decorato a piccoli fregi con medaglione. Datato 1575, alt. m. 0,10.                                                                                               | Trebino                                                                                                                                                                                       |                                                                                                                                                                                               |","| 100. Vaso di forma sferica, decorato a piccoli fregi con medaglione. Datato 1575, alt. m. 0,10.                                                                                               | Trebino                                                                                                                                                                                       |                                                                                                                                                                                               |",documents/BO0624_4466
93,101,Lotto di quattro piato.                                                                                                                                                                  |                                                                                                                                                                                               |                                                                                                                                                                                               |,| 101. Lotto di quattro piato.                                                                                                                                                                  |                                                                                                                                                                                               |                                                                                                                                                                                               |,documents/BO0624_4466
94,102,"| 102. Vaso di forma sferica, decorato con medaglione e trofeo d' armi in colori su fondo bleu. alt. 0.32 Casteldurante","| 102. Vaso di forma sferica, decorato con medaglione e trofeo d' armi in colori su fondo bleu. alt. 0.32 Casteldurante",documents/BO0624_4466
95,103,"103. Vaso di forma cilindrica, decorato con fregi a riflesso metallico,","103. Vaso di forma cilindrica, decorato con fregi a riflesso metallico,",documents/BO0624_4466
96,102,"| 102. Vaso di forma sferica, decorato con medaglione e trofeo d' armi in colori su fondo bleu. alt. 0.32 Casteldurante","| 102. Vaso di forma sferica, decorato con medaglione e trofeo d' armi in colori su fondo bleu. alt. 0.32 Casteldurante",documents/BO0624_4466
97,103,"103. Vaso di forma cilindrica, decorato con fregi a riflesso metallico,","103. Vaso di forma cilindrica, decorato con fregi a riflesso metallico,",documents/BO0624_4466
98,102,"| 102. Vaso di forma sferica, decorato con medaglione e trofeo d' armi in colori su fondo bleu. alt. 0.32 Casteldurante","| 102. Vaso di forma sferica, decorato con medaglione e trofeo d' armi in colori su fondo bleu. alt. 0.32 Casteldurante",documents/BO0624_4466
99,103,"103. Vaso di forma cilindrica, decorato con fregi a riflesso metallico, |","103. Vaso di forma cilindrica, decorato con fregi a riflesso metallico, |",documents/BO0624_4466
100,104,"Due mattoni, decorati a paesaggi e figure.                                                                                                                                               | AbrUZzO                                                                                                                                                                                       |                                                                                                                                                                                               |","| 104. Due mattoni, decorati a paesaggi e figure.                                                                                                                                               | AbrUZzO                                                                                                                                                                                       |                                                                                                                                                                                               |",documents/BO0624_4466
101,105,"Tazza, decorata con paesaggio.                                                                                                                                                           | Abruzzo                                                                                                                                                                                       |                                                                                                                                                                                               |","| 105. Tazza, decorata con paesaggio.                                                                                                                                                           | Abruzzo                                                                                                                                                                                       |                                                                                                                                                                                               |
|                                                                                                                                                                                               | Abruazo                                                                                                                                                                                       |                                                                                                                                                                                               |",documents/BO0624_4466
102,106,Due piatti (Fabb. del Cappelletti).                                                                                                                                                      |                                                                                                                                                                                               |                                                                                                                                                                                               |,| 106. Due piatti (Fabb. del Cappelletti).                                                                                                                                                      |                                                                                                                                                                                               |                                                                                                                                                                                               |,documents/BO0624_4466
103,107,"Vaso di forma cilindrica, decorato con soggetto sacro. S. Domenico. alt. m. 0,27.                                                                                                        | A0711220                                                                                                                                                                                      |                                                                                                                                                                                               |","| 107. Vaso di forma cilindrica, decorato con soggetto sacro. S. Domenico. alt. m. 0,27.                                                                                                        | A0711220                                                                                                                                                                                      |                                                                                                                                                                                               |",documents/BO0624_4466
104,108,Cinque mattoni.                                                                                                                                                                          | Caffagiolo                                                                                                                                                                                    |                                                                                                                                                                                               |,"| 108. Cinque mattoni.                                                                                                                                                                          | Caffagiolo                                                                                                                                                                                    |                                                                                                                                                                                               |
|                                                                                                                                                                                               | Persia                                                                                                                                                                                        |                                                                                                                                                                                               |",documents/BO0624_4466
105,110,| 110. Mattone con fregi su fondo verde.,| 110. Mattone con fregi su fondo verde.,documents/BO0624_4466
106,111,111. Idem con fregi su fondo grigio.                                                                                    ,111. Idem con fregi su fondo grigio.                                                                                                                   | Lersia                                                                                                                                                                                        |                                                                                                                                                                                               |,documents/BO0624_4466
107,112,Idem.                                                                                                                                                                                    | Lersza                                                                                                                                                                                        |                                                                                                                                                                                               |,| 112. Idem.                                                                                                                                                                                    | Lersza                                                                                                                                                                                        |                                                                                                                                                                                               |,documents/BO0624_4466
108,113,Vasettino con iscrizione su fondo bleu                                                                                                                                                   |                                                                                                                                                                                               |                                                                                                                                                                                               |,"| 113. Vasettino con iscrizione su fondo bleu                                                                                                                                                   |                                                                                                                                                                                               |                                                                                                                                                                                               |
|                                                                                                                                                                                               | Pesaro                                                                                                                                                                                        |                                                                                                                                                                                               |",documents/BO0624_4466
109,114,"Vaso con manico e becco, decorato con due medaolioni in colori                                                                                                                           |                                                                                                                                                                                               |                                                                                                                                                                                               |","| 114. Vaso con manico e becco, decorato con due medaolioni in colori                                                                                                                           |                                                                                                                                                                                               |                                                                                                                                                                                               |",documents/BO0624_4466
110,115,"Vaso con manico e becco, decorato con due medaglioni in colori.                                                                                                                          | Caltaarrone                                                                                                                                                                                   |                                                                                                                                                                                               |","| 115. Vaso con manico e becco, decorato con due medaglioni in colori.                                                                                                                          | Caltaarrone                                                                                                                                                                                   |                                                                                                                                                                                               |
| di forma allindrica: iscrizione e frutti allingiro. 117. Vaso con foglie e frutta.                                                                                                            | Casteldurante Casteldamante                                                                                                                                                                   |                                                                                                                                                                                               |",documents/BO0624_4466
111,118,"Vaso a due manichi con mascheroni a rilievo: decorato con bellis- simi ornati in colori su fondo bleu, e grandi medaglioni con soggetti allegorici, alt. m. 0.45. Uromo                  | 118. Vaso a due manichi con mascheroni a rilievo: decorato con bellis- simi ornati in colori su fondo bleu, e grandi medaglioni con soggetti allegorici, alt. m. 0.45. Uromo                  | 118. Vaso a due manichi con mascheroni a rilievo: decorato con bellis- simi ornati in colori su fondo bleu, e grandi medaglioni con soggetti allegorici, alt. m. 0.45. Uromo                  |","| 118. Vaso a due manichi con mascheroni a rilievo: decorato con bellis- simi ornati in colori su fondo bleu, e grandi medaglioni con soggetti allegorici, alt. m. 0.45. Uromo                  | 118. Vaso a due manichi con mascheroni a rilievo: decorato con bellis- simi ornati in colori su fondo bleu, e grandi medaglioni con soggetti allegorici, alt. m. 0.45. Uromo                  | 118. Vaso a due manichi con mascheroni a rilievo: decorato con bellis- simi ornati in colori su fondo bleu, e grandi medaglioni con soggetti allegorici, alt. m. 0.45. Uromo                  |",documents/BO0624_4466
112,119,"Mattonella rappresentante Calai e Zete, che scacciano le Arpie n9la mensa (1 kineo.                              | Abruzzo                                                                      |","| 119. Mattonella rappresentante Calai e Zete, che scacciano le Arpie n9la mensa (1 kineo.                              | Abruzzo                                                                      |
|-----------------------------------------------------------------------------------------------------------------------|------------------------------------------------------------------------------|",documents/BO0624_4466
113,120,"Tazza, decorata con paesaggio e houra di donna                                                                   | AbrUZZO                                                                      |","| 120. Tazza, decorata con paesaggio e houra di donna                                                                   | AbrUZZO                                                                      |",documents/BO0624_4466
114,121,Grande medaglione busto di uomo: all' ingiro fiori e frutta a ri lievo ed in colori (Della Robbra) diam. m. 0.95 |                                                                              |,| 121. Grande medaglione busto di uomo: all' ingiro fiori e frutta a ri lievo ed in colori (Della Robbra) diam. m. 0.95 |                                                                              |,documents/BO0624_4466
115,122,"vaso con manico e becco, con troter darmi, e serizione. caagolo                                                  |                                                                              |","| 122. vaso con manico e becco, con troter darmi, e serizione. caagolo                                                  |                                                                              |",documents/BO0624_4466
116,123,Nove mattoni formanti un quadrato.                                                                               | Caffagiolo                                                                   |,"| 123. Nove mattoni formanti un quadrato.                                                                               | Caffagiolo                                                                   |
| Lotto di tre piatti                                                                                                   | Parma                                                                        |",documents/BO0624_4466
117,125,"Vaso di forma cilindrica, alt. m. 0.18                                                                           | Laenza                                                                       |","| 125. Vaso di forma cilindrica, alt. m. 0.18                                                                           | Laenza                                                                       |",documents/BO0624_4466
118,126,"salera, decorata con cariatide a rilevo e freel in colori. Pesaro                                                |                                                                              |","| 126. salera, decorata con cariatide a rilevo e freel in colori. Pesaro                                                |                                                                              |",documents/BO0624_4466
119,127,Rinfrescatojo con fregi e manichi in terraglia bianca di Wedgwood                                                |                                                                              |,| 127. Rinfrescatojo con fregi e manichi in terraglia bianca di Wedgwood                                                |                                                                              |,documents/BO0624_4466
120,12,o. liecolo piatto in colori.                                                                                        | Lersia                                                                       |,| 12o. liecolo piatto in colori.                                                                                        | Lersia                                                                       |,documents/BO0624_4466
121,129,Due vasi con medaghoni.                                                                                          | Sicilia                                                                      |,| 129. Due vasi con medaghoni.                                                                                          | Sicilia                                                                      |,documents/BO0624_4466
122,130,Vaso a paneia; nel centro medaglione e figurine all'ingiro. Caltagirone                                          | 130. Vaso a paneia; nel centro medaglione e figurine all'ingiro. Caltagirone |,| 130. Vaso a paneia; nel centro medaglione e figurine all'ingiro. Caltagirone                                          | 130. Vaso a paneia; nel centro medaglione e figurine all'ingiro. Caltagirone |,documents/BO0624_4466
123,131,Due vasi di forma cilindrica.                                                                                    | Casteldurant                                                                 |,| 131. Due vasi di forma cilindrica.                                                                                    | Casteldurant                                                                 |,documents/BO0624_4466
124,132,"Vaso, con due grandi medaglioni e fregi in varii colori. Casteldurante                                           |                                                                              |","| 132. Vaso, con due grandi medaglioni e fregi in varii colori. Casteldurante                                           |                                                                              |",documents/BO0624_4466
125,133,"Palo vasi, con coperchi, decorati a piccoli fregi in colori. Abruzzo                                             |                                                                              |","| 133. Palo vasi, con coperchi, decorati a piccoli fregi in colori. Abruzzo                                             |                                                                              |",documents/BO0624_4466
126,134,"Vaso a due manichi e mascheroni, decorato con paesaggio e figu- re in colore azzurro.                            |                                                                              |","| 134. Vaso a due manichi e mascheroni, decorato con paesaggio e figu- re in colore azzurro.                            |                                                                              |",documents/BO0624_4466
127,135,Piatto arcaico in colori.                                                                                        | Abruzzo                                                                      |,| 135. Piatto arcaico in colori.                                                                                        | Abruzzo                                                                      |,documents/BO0624_4466
128,136,"Vaso a forma cilindrica, decorato in bleu su fondo bianco. Persia                                                | Abruzzo                                                                      |","| 136. Vaso a forma cilindrica, decorato in bleu su fondo bianco. Persia                                                | Abruzzo                                                                      |
| lor. vaso al torma sierica, decorato con paesaggio in colori. alt. m. 0.25.                                           |                                                                              |",documents/BO0624_4466
129,138,Vaso con ornati sopra fondo arancione. alt. m. 0.25                                                              | Caffagiolo                                                                   |,| 138. Vaso con ornati sopra fondo arancione. alt. m. 0.25                                                              | Caffagiolo                                                                   |,documents/BO0624_4466
130,139,"Vaso di forma cilindrica, con piccoli fregi in colori                                                            | Caffagiolo                                                                   |","| 139. Vaso di forma cilindrica, con piccoli fregi in colori                                                            | Caffagiolo                                                                   |",documents/BO0624_4466
131,140,Grosso piatto con fregi e Amorino.                                                                               | Marche                                                                       |,| 140. Grosso piatto con fregi e Amorino.                                                                               | Marche                                                                       |,documents/BO0624_4466
132,141,"Vaso (sterode), decorato con freo in colori                                                                      | Savo                                                                         |","| 141. Vaso (sterode), decorato con freo in colori                                                                      | Savo                                                                         |",documents/BO0624_4466
133,142,"Due vasi con manichi e coperchi, decorazione con figure in bleu                                                  |                                                                              |","| 142. Due vasi con manichi e coperchi, decorazione con figure in bleu                                                  |                                                                              |",documents/BO0624_4466
134,143,"Piletta, decorata a fogliami in rilievo e medaglione, rappresentante la Vergine col Bambino.                     | Abruazo                                                                      |","| 143. Piletta, decorata a fogliami in rilievo e medaglione, rappresentante la Vergine col Bambino.                     | Abruazo                                                                      |
|                                                                                                                       | Pesare                                                                       |",documents/BO0624_4466
135,144,Due statuette colorate                                                                                           |                                                                              |,| 144. Due statuette colorate                                                                                           |                                                                              |,documents/BO0624_4466
136,146,Quattro mattoni di differenti disegni.                                                                           |                                                                              |,| 146. Quattro mattoni di differenti disegni.                                                                           |                                                                              |,documents/BO0624_4466
137,147,Due vasi con medaglioni                                                                                          | Caltagirone                                                                  |,"| 147. Due vasi con medaglioni                                                                                          | Caltagirone                                                                  |
|                                                                                                                       | Caltagirone                                                                  |",documents/BO0624_4466
138,148,Due piccoli vasi idem.                                                                                           |                                                                              |,| 148. Due piccoli vasi idem.                                                                                           |                                                                              |,documents/BO0624_4466
139,149,Idem                                                                                                             | Casteldamant                                                                 |,| 149. Idem                                                                                                             | Casteldamant                                                                 |,documents/BO0624_4466
140,150,"Vaso cilindrico, con iscrizione ed ornati in colori.                                                                              | Casteldurante   |","| 150. Vaso cilindrico, con iscrizione ed ornati in colori.                                                                              | Casteldurante   |
|----------------------------------------------------------------------------------------------------------------------------------------|-----------------|",documents/BO0624_4466
141,151,"Piatto con figura e fregi in colore. 152. Mattone, rappresentante la caccia al cervo. alt. m. 0.22 per 0.32                       | Abruzzo         |","| 151. Piatto con figura e fregi in colore. 152. Mattone, rappresentante la caccia al cervo. alt. m. 0.22 per 0.32                       | Abruzzo         |",documents/BO0624_4466
142,106,"Piletta formante architettura, con fregi e figure di angioletti in Thevo; nel mezzo la Vergine Immacolata. alt. m. 0.41 per 0.31. | 4071220 Abruzzo |","| 106. Piletta formante architettura, con fregi e figure di angioletti in Thevo; nel mezzo la Vergine Immacolata. alt. m. 0.41 per 0.31. | 4071220 Abruzzo |",documents/BO0624_4466
143,154,"Vaso di forma sferica, decorato a fregi con due medaglioni.                                                                       | Castelcurante   |","| 154. Vaso di forma sferica, decorato a fregi con due medaglioni.                                                                       | Castelcurante   |",documents/BO0624_4466
144,155,"Vaso a forma cilindrica, decorato con medaglione ed ornati in colori sopra fondo bleu, alt. m. 0,21.                              | casteldurante   |","| 155. Vaso a forma cilindrica, decorato con medaglione ed ornati in colori sopra fondo bleu, alt. m. 0,21.                              | casteldurante   |",documents/BO0624_4466
145,100,"Mattonella - La Vergine. 157. Mattone, rappresentante costumi Errico IV.                                                          | Abruzzo         |","| 100. Mattonella - La Vergine. 157. Mattone, rappresentante costumi Errico IV.                                                          | Abruzzo         |",documents/BO0624_4466
146,158,"Scodella, con soggetto sacro e con iscrizione all'ingiro - S. Casa di Loreto.                                                     | Abruzzo         |","| 158. Scodella, con soggetto sacro e con iscrizione all'ingiro - S. Casa di Loreto.                                                     | Abruzzo         |",documents/BO0624_4466
147,10,"g. Vaso con manico e becco, decorato con fregi e stemma nel centro.                                                                  | Casteldurante   |","| 10g. Vaso con manico e becco, decorato con fregi e stemma nel centro.                                                                  | Casteldurante   |",documents/BO0624_4466
148,160,"Vaso, decorato con frutta e iscrizione.                                                                                           | Casteldurante   |","| 160. Vaso, decorato con frutta e iscrizione.                                                                                           | Casteldurante   |",documents/BO0624_4466
149,161,"Vaso di forma cilindrica, con fregi in colori.                                                                                    | Caltaarone      |","| 161. Vaso di forma cilindrica, con fregi in colori.                                                                                    | Caltaarone      |",documents/BO0624_4466
150,162,"Vaso di forma sferica, decorato con medaglioni e trofei d' armi in                                                                | Caltagirone     |","| 162. Vaso di forma sferica, decorato con medaglioni e trofei d' armi in                                                                | Caltagirone     |",documents/BO0624_4466
151,100,Due vasi con medaglioni                                                                                                           | Caltagirone     |,| 100. Due vasi con medaglioni                                                                                                           | Caltagirone     |,documents/BO0624_4466
152,164,"Vaso a pancia con manichi e collo lungo, decorato con arabeschi a riflesso metallico sopra fondo bianco. alt.m. 0.20              | Ispano-Moresco  |","| 164. Vaso a pancia con manichi e collo lungo, decorato con arabeschi a riflesso metallico sopra fondo bianco. alt.m. 0.20              | Ispano-Moresco  |",documents/BO0624_4466
153,160,Due cestie con piatti in terraglia bianca di 166. Un fauno. Majolica in colori di                                                 | Wedgwood        |,| 160. Due cestie con piatti in terraglia bianca di 166. Un fauno. Majolica in colori di                                                 | Wedgwood        |,documents/BO0624_4466
154,167,Salera con cariatidi: fondo bleu e fregi giall.                                                                                   | Pavia           |,| 167. Salera con cariatidi: fondo bleu e fregi giall.                                                                                   | Pavia           |,documents/BO0624_4466
155,168,Paio vasi con ornati in rilievo. Maiolica bianca. 163. lastore con armenti: marolea in colori                                     | Uromo           |,| 168. Paio vasi con ornati in rilievo. Maiolica bianca. 163. lastore con armenti: marolea in colori                                     | Uromo           |,documents/BO0624_4466
156,170,"Mattonelle per pavimento, con ornati alla rafiaellesca sopra fondo di varii colori. Quadrato di dieci pezzi.                      | Caffagiolo      |","| 170. Mattonelle per pavimento, con ornati alla rafiaellesca sopra fondo di varii colori. Quadrato di dieci pezzi.                      | Caffagiolo      |",documents/BO0624_4466
157,171,"Mattone circolare con soggetto mitologico. In cornice nera. diam. m. 0,30.                                                        | AbrUZZO         |","| 171. Mattone circolare con soggetto mitologico. In cornice nera. diam. m. 0,30.                                                        | AbrUZZO         |",documents/BO0624_4466
158,172,Due grandi vasi con fiori e frutta di                                                                                             | Casteldurante   |,| 172. Due grandi vasi con fiori e frutta di                                                                                             | Casteldurante   |,documents/BO0624_4466
159,173,salvadenaro in maiolica di                                                                                                        | Pesaro          |,| 173. salvadenaro in maiolica di                                                                                                        | Pesaro          |,documents/BO0624_4466
160,174,"Vaso di forma sferica e collo lungo, con trofei d'armi in colori su fondo bleu. Casteldurante                 |","| 174. Vaso di forma sferica e collo lungo, con trofei d'armi in colori su fondo bleu. Casteldurante                 |
|--------------------------------------------------------------------------------------------------------------------|",documents/BO0624_4466
161,175,"Piatto centinato, con fregi in colori su fondo giallo e bleu; nel Casteldurante mezzo un amormo.              |","| 175. Piatto centinato, con fregi in colori su fondo giallo e bleu; nel Casteldurante mezzo un amormo.              |",documents/BO0624_4466
162,176,Piccolo vasettino in majolica di Venezia                                                                      |,| 176. Piccolo vasettino in majolica di Venezia                                                                      |,documents/BO0624_4466
163,177,Mattone con foglie e rosami in colori sopra fondo bianco. Persia                                              |,| 177. Mattone con foglie e rosami in colori sopra fondo bianco. Persia                                              |,documents/BO0624_4466
164,178,Mattone a rosami in color rosso sopra fondo bleu. Persia                                                      |,| 178. Mattone a rosami in color rosso sopra fondo bleu. Persia                                                      |,documents/BO0624_4466
165,179,Vaso con trofei e figura nel centro. Casteldurante                                                            |,| 179. Vaso con trofei e figura nel centro. Casteldurante                                                            |,documents/BO0624_4466
166,180,"Vaso di forma sferica, decorato con foglie e frutta all' ingiro. Casteldurante                                |","| 180. Vaso di forma sferica, decorato con foglie e frutta all' ingiro. Casteldurante                                |",documents/BO0624_4466
167,181,Ventuno mattone in majolica con fregi in colori. Caffagiolo                                                   |,| 181. Ventuno mattone in majolica con fregi in colori. Caffagiolo                                                   |,documents/BO0624_4466
168,182,Due vasi in maiolica di Caltagirone                                                                           |,| 182. Due vasi in maiolica di Caltagirone                                                                           |,documents/BO0624_4466
169,183,Vaso a fiasco con medaglioni in colori. Caltagirone                                                           |,| 183. Vaso a fiasco con medaglioni in colori. Caltagirone                                                           |,documents/BO0624_4466
170,184,Due piatti (Fabb. di Cappelletti). Abruzzo                                                                    |,| 184. Due piatti (Fabb. di Cappelletti). Abruzzo                                                                    |,documents/BO0624_4466
171,185,"Vaso di forma cilindrica, con figura di S. Monaca. Abruzzo                                                    |","| 185. Vaso di forma cilindrica, con figura di S. Monaca. Abruzzo                                                    |
| la scritta D. Nicola de Cesalis = (del Fuina). Abruzzo                                                             |",documents/BO0624_4466
172,187,Vaso di forma cilindrica (l' Amicizia). Abruzzo                                                               |,| 187. Vaso di forma cilindrica (l' Amicizia). Abruzzo                                                               |,documents/BO0624_4466
173,188,Grande vaso in colori decorato con cinque medaglioni e fregi. Casteldurante                                   |,| 188. Grande vaso in colori decorato con cinque medaglioni e fregi. Casteldurante                                   |,documents/BO0624_4466
174,189,Due piatti in maiolica dipinta (Fabb. di Cappelletti). Abruzzo                                                |,| 189. Due piatti in maiolica dipinta (Fabb. di Cappelletti). Abruzzo                                                |,documents/BO0624_4466
175,191,"Vaso di forma sferica con due medaglioni. Amorini ed ornati in: colori sopra fondo bleu, alt. m. 0,28. Urbino |","| 191. Vaso di forma sferica con due medaglioni. Amorini ed ornati in: colori sopra fondo bleu, alt. m. 0,28. Urbino |",documents/BO0624_4466
176,192,"Mattone, rappresentante il ritorno di Jefte (del Gentile). Abruzzo                                            |","| 192. Mattone, rappresentante il ritorno di Jefte (del Gentile). Abruzzo                                            |",documents/BO0624_4466
177,193,"Vaso di forma cilindrica, decorato con fogliame in colori sopra fondo bianco, alt. m. 0,20. Caffagiolo        |","| 193. Vaso di forma cilindrica, decorato con fogliame in colori sopra fondo bianco, alt. m. 0,20. Caffagiolo        |",documents/BO0624_4466
178,194,Piccola coppa a due manichi (smalto nero). Pavia                                                              |,| 194. Piccola coppa a due manichi (smalto nero). Pavia                                                              |,documents/BO0624_4466
179,195,| 195. Piatto ovale con ornati alla raffaellesca. Pesaro,| 195. Piatto ovale con ornati alla raffaellesca. Pesaro,documents/BO0624_4466
180,196,196. Lotto di sei mattoni in colori. Persia                 |,196. Lotto di sei mattoni in colori. Persia                 |,documents/BO0624_4466
181,197,| 197. Due vasi con medaglioni. Caltagirone,| 197. Due vasi con medaglioni. Caltagirone,documents/BO0624_4466
182,198,"198. Paio vasi di forma a pancia, majolica in colori. Caltagirone        |","198. Paio vasi di forma a pancia, majolica in colori. Caltagirone        |",documents/BO0624_4466
183,199,Vaso con medaglione in colori. Casteldurante                                                                  |,| 199. Vaso con medaglione in colori. Casteldurante                                                                  |,documents/BO0624_4466
184,200,Piattino decorato con paesaggio e figura (Fabb. del Cappelletti). Abruzzo                                     |,"| 200. Piattino decorato con paesaggio e figura (Fabb. del Cappelletti). Abruzzo                                     |
<!-- image -->",documents/BO0624_4466
185,202,"Cristo alla colonna, mattone degli                                                                                                 | Abruzzi       |","| 202. Cristo alla colonna, mattone degli                                                                                                 | Abruzzi       |
|-----------------------------------------------------------------------------------------------------------------------------------------|---------------|",documents/BO0624_4466
186,203,"Vaso di forma sferica, decorato con due medaglioni ed ornati in colori.                                                            | Casteldurante |","| 203. Vaso di forma sferica, decorato con due medaglioni ed ornati in colori.                                                            | Casteldurante |",documents/BO0624_4466
187,204,La flagellazione. Mattone degli                                                                                                    | Abruzzi       |,| 204. La flagellazione. Mattone degli                                                                                                    | Abruzzi       |,documents/BO0624_4466
188,205,"Vaso di forma cilindrica, con figura di S.ª Teresa.                                                                                | Abruzzo       |","| 205. Vaso di forma cilindrica, con figura di S.ª Teresa.                                                                                | Abruzzo       |",documents/BO0624_4466
189,206,"Vaso di forma sferica, con bellissima decorazione a fiori, frutta, ed animali all' ingiro su fondo bleu, alt. m. 0,31.             | Urbino        |","| 206. Vaso di forma sferica, con bellissima decorazione a fiori, frutta, ed animali all' ingiro su fondo bleu, alt. m. 0,31.             | Urbino        |",documents/BO0624_4466
190,207,Vaso cilindrico con fregi in colori.                                                                                               | Caffagiolo    |,| 207. Vaso cilindrico con fregi in colori.                                                                                               | Caffagiolo    |,documents/BO0624_4466
191,208,"Piatto centinato, con ornati in colori.                                                                                            | Milano        |","| 208. Piatto centinato, con ornati in colori.                                                                                            | Milano        |",documents/BO0624_4466
192,209,"Vaso a forma cilindrica, decorato, con medaglione a testa di moro ed ornati in colori su fondo giallo e bleu, alt. 0,22.           | Faenza        |","| 209. Vaso a forma cilindrica, decorato, con medaglione a testa di moro ed ornati in colori su fondo giallo e bleu, alt. 0,22.           | Faenza        |",documents/BO0624_4466
193,210,Boccale con manico e becco.                                                                                                        | Pesaro        |,| 210. Boccale con manico e becco.                                                                                                        | Pesaro        |,documents/BO0624_4466
194,211,Piatto con decorazioni di fiori e foglie in bleu su fondo bianco.                                                                  | Delft         |,| 211. Piatto con decorazioni di fiori e foglie in bleu su fondo bianco.                                                                  | Delft         |,documents/BO0624_4466
195,212,"Tazza con manico, decorata con fregi in colori su fondo bianco.                                                                    | Rodi          |","| 212. Tazza con manico, decorata con fregi in colori su fondo bianco.                                                                    | Rodi          |",documents/BO0624_4466
196,213,Due vasi con medaglioni.                                                                                                           | Caltagirone   |,| 213. Due vasi con medaglioni.                                                                                                           | Caltagirone   |,documents/BO0624_4466
197,214,"Paio vasi con manico e becco, decorati con medaglioni e fregi in colori.                                                           | Caltagirone   |","| 214. Paio vasi con manico e becco, decorati con medaglioni e fregi in colori.                                                           | Caltagirone   |",documents/BO0624_4466
198,215,"Paio vasi di forma sferica, decorati con fregi foglie e frutta alt. m. 0,20.                                                       | Casteldurante |","| 215. Paio vasi di forma sferica, decorati con fregi foglie e frutta alt. m. 0,20.                                                       | Casteldurante |",documents/BO0624_4466
199,216,Due vasi con fregi e medaglioni.                                                                                                   | Casteldurante |,| 216. Due vasi con fregi e medaglioni.                                                                                                   | Casteldurante |,documents/BO0624_4466
200,217,Mattone circolare con figura di S. Gennaro.                                                                                        | Abruzzo       |,| 217. Mattone circolare con figura di S. Gennaro.                                                                                        | Abruzzo       |,documents/BO0624_4466
201,218,"Due mattoni circolari, rappresentanti paesaggi con piccole figure, diam. m. 0,24.                                                  | Abruzzo       |","| 218. Due mattoni circolari, rappresentanti paesaggi con piccole figure, diam. m. 0,24.                                                  | Abruzzo       |",documents/BO0624_4466
202,219,"Vaso di forma cilindrica, decorato con paesaggio e figura. Abruzzo                                                                 |               |","| 219. Vaso di forma cilindrica, decorato con paesaggio e figura. Abruzzo                                                                 |               |",documents/BO0624_4466
203,220,"Vaso di forma cilindrica, con fregi in colori sopra fondo bleu.                                                                    | Caffagiolo    |","| 220. Vaso di forma cilindrica, con fregi in colori sopra fondo bleu.                                                                    | Caffagiolo    |",documents/BO0624_4466
204,221,"Piatto arcaico rappresentante una battaglia, con arabeschi nella bordura, alt. m. 0,40.                                            | Abruzzo       |","| 221. Piatto arcaico rappresentante una battaglia, con arabeschi nella bordura, alt. m. 0,40.                                            | Abruzzo       |",documents/BO0624_4466
205,222,"Coppa con piede alto, di bellissima forma Renaissance, decorata con mascherone e rettili a rilievo sopra fondo di svariati colori, |               |","| 222. Coppa con piede alto, di bellissima forma Renaissance, decorata con mascherone e rettili a rilievo sopra fondo di svariati colori, |               |
| alt. m. 0,30.                                                                                                                           | Palissy       |",documents/BO0624_4466
206,223,Fiasca per acqua (chibuc) fondo bianco e bleu con fregi ed uccelli.                                                                |               |,| 223. Fiasca per acqua (chibuc) fondo bianco e bleu con fregi ed uccelli.                                                                |               |,documents/BO0624_4466
207,224,"Calamariera in colore, con fregi.                                                                                                  |               |","| 224. Calamariera in colore, con fregi.                                                                                                  |               |",documents/BO0624_4466
208,225,"Paio vasi di forma cilindrica, decorati con mezzibusti a medaglioni in colori. Abruzzo                                | 225. Paio vasi di forma cilindrica, decorati con mezzibusti a medaglioni in colori. Abruzzo   |","| 225. Paio vasi di forma cilindrica, decorati con mezzibusti a medaglioni in colori. Abruzzo                                | 225. Paio vasi di forma cilindrica, decorati con mezzibusti a medaglioni in colori. Abruzzo   |
|----------------------------------------------------------------------------------------------------------------------------|-----------------------------------------------------------------------------------------------|",documents/BO0624_4466
209,226,"Vaso cilindrico, con ornati e figura su fondo bleu.                                                                   | Casteldurante                                                                                 |","| 226. Vaso cilindrico, con ornati e figura su fondo bleu.                                                                   | Casteldurante                                                                                 |",documents/BO0624_4466
210,227,Due piatti in majolica colorata.                                                                                      |                                                                                               |,| 227. Due piatti in majolica colorata.                                                                                      |                                                                                               |,documents/BO0624_4466
211,228,"Mattone circolare, rappresentante soggetto della Bibbia: in cornice (del Gentile), diam. m. 0,20.                     | Abruzzo                                                                                       |","| 228. Mattone circolare, rappresentante soggetto della Bibbia: in cornice (del Gentile), diam. m. 0,20.                     | Abruzzo                                                                                       |",documents/BO0624_4466
212,229,"Vaso di forma cilindrica, decorato con trofeo d'armi e medaglione in colori, alt. m. 0,15.                            | Urbino                                                                                        |","| 229. Vaso di forma cilindrica, decorato con trofeo d'armi e medaglione in colori, alt. m. 0,15.                            | Urbino                                                                                        |",documents/BO0624_4466
213,230,"Piatto arcaico: bordo a fregi, nel centro Giunone col carro.                                                          | Abruzzo                                                                                       |","| 230. Piatto arcaico: bordo a fregi, nel centro Giunone col carro.                                                          | Abruzzo                                                                                       |",documents/BO0624_4466
214,231,"Due vasi con manichi e coverchi, decorati con ornati in oro e colori.                                                 |                                                                                               |","| 231. Due vasi con manichi e coverchi, decorati con ornati in oro e colori.                                                 |                                                                                               |",documents/BO0624_4466
215,232,Mattone listato in bleu sopra fondo bianco.                                                                           | Vedgwood Persia                                                                               |,| 232. Mattone listato in bleu sopra fondo bianco.                                                                           | Vedgwood Persia                                                                               |,documents/BO0624_4466
216,233,"Vaso di forma sferica, decorato con fregi e figure varie.                                                             | C'altagirone                                                                                  |","| 233. Vaso di forma sferica, decorato con fregi e figure varie.                                                             | C'altagirone                                                                                  |",documents/BO0624_4466
217,234,Soggetto bibblico. Mattone degli                                                                                      | Abruzzi                                                                                       |,| 234. Soggetto bibblico. Mattone degli                                                                                      | Abruzzi                                                                                       |,documents/BO0624_4466
218,235,"Paio vasi di forma sferica, decorati con medaglioni in colori.                                                        | Caltagirone                                                                                   |","| 235. Paio vasi di forma sferica, decorati con medaglioni in colori.                                                        | Caltagirone                                                                                   |",documents/BO0624_4466
219,236,Vaso di forma cilindrica. Figura di Amorino.                                                                          | Abruzzo                                                                                       |,| 236. Vaso di forma cilindrica. Figura di Amorino.                                                                          | Abruzzo                                                                                       |,documents/BO0624_4466
220,237,"Grande vaso di forma sferica, decorato con paesaggio e figure a varii colori, alt. m. 0,36.                           | Urbino                                                                                        |","| 237. Grande vaso di forma sferica, decorato con paesaggio e figure a varii colori, alt. m. 0,36.                           | Urbino                                                                                        |",documents/BO0624_4466
221,238,"Piatto illuminato in oro, nel bordo Amorini, nel centro Venere attorniata dai Tritoni (Scuola F. A. Grue).            | Abruzzo                                                                                       |","| 238. Piatto illuminato in oro, nel bordo Amorini, nel centro Venere attorniata dai Tritoni (Scuola F. A. Grue).            | Abruzzo                                                                                       |",documents/BO0624_4466
222,239,Vaso di forma cilindrica. Soggetto baccanale ( Fabbrica di Cap- pelletti).                                            | A 0r1220                                                                                      |,| 239. Vaso di forma cilindrica. Soggetto baccanale ( Fabbrica di Cap- pelletti).                                            | A 0r1220                                                                                      |,documents/BO0624_4466
223,240,Vaso cilindrico montato in bronzo.                                                                                    | Casteldurante                                                                                 |,| 240. Vaso cilindrico montato in bronzo.                                                                                    | Casteldurante                                                                                 |,documents/BO0624_4466
224,241,"Vaso di forma sferica, decorato con fregi, foglie e frutta, alt. m. 0,30.                                             | Casteldurante                                                                                 |","| 241. Vaso di forma sferica, decorato con fregi, foglie e frutta, alt. m. 0,30.                                             | Casteldurante                                                                                 |",documents/BO0624_4466
225,242,"Paio vasi di forma sferica e collo lungo, decorati con trofeo d' armi.                                                | Umbria                                                                                        |","| 242. Paio vasi di forma sferica e collo lungo, decorati con trofeo d' armi.                                                | Umbria                                                                                        |",documents/BO0624_4466
226,243,"Paio vasi di forma sferica, decorati con medaglioni. Caltagirone                                                      |                                                                                               |","| 243. Paio vasi di forma sferica, decorati con medaglioni. Caltagirone                                                      |                                                                                               |",documents/BO0624_4466
227,214,"Vaso cilindrico, con ornati in colori, e iscrizione                                                                   | Casteldurante                                                                                 |","| 214. Vaso cilindrico, con ornati in colori, e iscrizione                                                                   | Casteldurante                                                                                 |",documents/BO0624_4466
228,245,Vaso con medaglione.                                                                                                  | Caltagirone                                                                                   |,| 245. Vaso con medaglione.                                                                                                  | Caltagirone                                                                                   |,documents/BO0624_4466
229,246,"| 246. Piatto, decorato con arabeschi a riflesso metallico listati bleu, diam. m. 0,37.","| 246. Piatto, decorato con arabeschi a riflesso metallico listati bleu, diam. m. 0,37.",documents/BO0624_4466
230,247,247. Scaldino in terraglia colorata. | Ispano-Arabo Wedgwood                                                            ,"247. Scaldino in terraglia colorata. | Ispano-Arabo Wedgwood                                                                         |
|                                                                                                                            | Marche                                                                                        |",documents/BO0624_4466
231,248,Vaso decorato con medaglione.                                                                                         |                                                                                               |,| 248. Vaso decorato con medaglione.                                                                                         |                                                                                               |,documents/BO0624_4466
232,200,"Vaso di forma cilindrica, decorato a piccoli fregi bleu e gialli su fondo bianco.                     | Caffamolo     |","| 200. Vaso di forma cilindrica, decorato a piccoli fregi bleu e gialli su fondo bianco.                     | Caffamolo     |
|------------------------------------------------------------------------------------------------------------|---------------|",documents/BO0624_4466
233,251,Piatto con foglie e fiori.                                                                            |               |,| 251. Piatto con foglie e fiori.                                                                            |               |,documents/BO0624_4466
234,252,"Paio vasi con coperchi e base, decorati con festoni a basso-rilievi. Terraglia bianca di del Vecchio. | Napoli        |","| 252. Paio vasi con coperchi e base, decorati con festoni a basso-rilievi. Terraglia bianca di del Vecchio. | Napoli        |",documents/BO0624_4466
235,253,Piccolo vaso cilindrico con medaglioni.                                                               | Sicilia       |,| 253. Piccolo vaso cilindrico con medaglioni.                                                               | Sicilia       |,documents/BO0624_4466
236,254,Mattone rappresentante la Regina Saba.                                                                | Abruzzo       |,| 254. Mattone rappresentante la Regina Saba.                                                                | Abruzzo       |,documents/BO0624_4466
237,255,"Vaso a forma di pentola con quattro anse. decorato ad arabeschi a riflesso metallico, alt. m. 0,23.   | Ispano-Arabo  |","| 255. Vaso a forma di pentola con quattro anse. decorato ad arabeschi a riflesso metallico, alt. m. 0,23.   | Ispano-Arabo  |",documents/BO0624_4466
238,256,"Vaso di forma cilindrica, decorato all'ingiro da frutta e foglie, alt. m. 0,34.                       | Caltagrone    |","| 256. Vaso di forma cilindrica, decorato all'ingiro da frutta e foglie, alt. m. 0,34.                       | Caltagrone    |",documents/BO0624_4466
239,257,Due vasi con medaglioni                                                                               | Caltaarone    |,| 257. Due vasi con medaglioni                                                                               | Caltaarone    |,documents/BO0624_4466
240,258,Due vasi. Idem.                                                                                       | Caltagirone   |,| 258. Due vasi. Idem.                                                                                       | Caltagirone   |,documents/BO0624_4466
241,209,"Piccola coppa, decorata in verde e giallo.                                                            | Rodi          |","| 209. Piccola coppa, decorata in verde e giallo.                                                            | Rodi          |",documents/BO0624_4466
242,260,Busto in majolica.                                                                                    |               |,| 260. Busto in majolica.                                                                                    |               |,documents/BO0624_4466
243,261,"Boccale con mascheroni in rilievo, alt. m. 0.20.                                                      | Pesaro        |","| 261. Boccale con mascheroni in rilievo, alt. m. 0.20.                                                      | Pesaro        |",documents/BO0624_4466
244,202,"Piatto a sbalzo, decorato con figure di Amorini in colori, su fon- do grigio.                         | Milano        |","| 202. Piatto a sbalzo, decorato con figure di Amorini in colori, su fon- do grigio.                         | Milano        |",documents/BO0624_4466
245,263,"Piatto centinato di forma ovale, maiolica in colore.                                                  | Malano        |","| 263. Piatto centinato di forma ovale, maiolica in colore.                                                  | Malano        |",documents/BO0624_4466
246,264,"Vaso di forma cilindrica, con piccoli fregi sopra fondo bleu. Caffagiolo                              |               |","| 264. Vaso di forma cilindrica, con piccoli fregi sopra fondo bleu. Caffagiolo                              |               |",documents/BO0624_4466
247,265,"Vaso di forma cilindrica, con fregi in colori.                                                        | Caffagiolo    |","| 265. Vaso di forma cilindrica, con fregi in colori.                                                        | Caffagiolo    |",documents/BO0624_4466
248,206,"Due vasi con iserizioni, majolea di                                                                   | Casteldurante |","| 206. Due vasi con iserizioni, majolea di                                                                   | Casteldurante |",documents/BO0624_4466
249,267,Due vasi con fregi e medaglioni.                                                                      | Casteldurante |,| 267. Due vasi con fregi e medaglioni.                                                                      | Casteldurante |,documents/BO0624_4466
250,268,"Lotto di quattro tazze, dipinte con figure e fregi, illuminate in oro (Fabb. del Cappelletti).        | Abruzzo       |","| 268. Lotto di quattro tazze, dipinte con figure e fregi, illuminate in oro (Fabb. del Cappelletti).        | Abruzzo       |",documents/BO0624_4466
251,269,Piccola base decorata con ornati ed Amorini.                                                          | Abruzzo       |,| 269. Piccola base decorata con ornati ed Amorini.                                                          | Abruzzo       |,documents/BO0624_4466
252,270,"Piatto, nel bordo Amorini, nel centro figura mitologica. Abruzzo                                      |               |","| 270. Piatto, nel bordo Amorini, nel centro figura mitologica. Abruzzo                                      |               |",documents/BO0624_4466
253,211,Cristo allOrto - Mattone degli                                                                        |               |,| 211. Cristo allOrto - Mattone degli                                                                        |               |,documents/BO0624_4466
254,272,"Vaso di forma clndrica, decorato con fiorami bleu. e fregi a r1- flesso metallico, alt. m. 0,30.      | Ispano-Arabo  |","| 272. Vaso di forma clndrica, decorato con fiorami bleu. e fregi a r1- flesso metallico, alt. m. 0,30.      | Ispano-Arabo  |",documents/BO0624_4466
255,273,"Mattone, rappresentante paesaggio con animali. m. 0.30 per 0,30.                                      | Abruzzo       |","| 273. Mattone, rappresentante paesaggio con animali. m. 0.30 per 0,30.                                      | Abruzzo       |",documents/BO0624_4466
256,274,Quattro mattoni decorati a paesaggio.                                                                 | Abruzzo       |,| 274. Quattro mattoni decorati a paesaggio.                                                                 | Abruzzo       |,documents/BO0624_4466
257,21,o. Vaso allndrico con ngura e tregi il colore.                                                           | Casteldurante |,| 21o. Vaso allndrico con ngura e tregi il colore.                                                           | Casteldurante |,documents/BO0624_4466
258,276,"Vaso con manico e becco, decorato con fregi in colori e due me- daglioni.                             | Casteldamante |","| 276. Vaso con manico e becco, decorato con fregi in colori e due me- daglioni.                             | Casteldamante |",documents/BO0624_4466
259,277,"Vaso di forma sferica, decorato con iscrizione, foglie e frutta all' ingiro, alt. m. 0,26. Caltagirone","277. Vaso di forma sferica, decorato con iscrizione, foglie e frutta all' ingiro, alt. m. 0,26. Caltagirone",documents/BO0624_4466
260,278,Due piatti in maiolica di Persia,278. Due piatti in maiolica di Persia,documents/BO0624_4466
261,279,Due vasi con fregi e medaglioni. Caltagirone,279. Due vasi con fregi e medaglioni. Caltagirone,documents/BO0624_4466
262,280,Piatto decorato in fregi gialli su fondo bleu.,280. Piatto decorato in fregi gialli su fondo bleu.,documents/BO0624_4466
263,281,"Vaso di forma ovoide a guisa di boccale, con manico arcato e becco con mascherone; ornato con fregi alla raffaellesca in colori, sopra fondo bianco, alt. m. 0,22. Pesaro","281. Vaso di forma ovoide a guisa di boccale, con manico arcato e becco con mascherone; ornato con fregi alla raffaellesca in colori, sopra fondo bianco, alt. m. 0,22. Pesaro",documents/BO0624_4466
264,282,"Paio vasi di forma ovoide, decorati con figura in azzurro sopra fondo bianco. Savona","282. Paio vasi di forma ovoide, decorati con figura in azzurro sopra fondo bianco. Savona",documents/BO0624_4466
265,283,"Vaso di forma sferica, decorato con foglie e frutta all' ingiro, alt. m. 0,26. Caltagirone","283. Vaso di forma sferica, decorato con foglie e frutta all' ingiro, alt. m. 0,26. Caltagirone",documents/BO0624_4466
266,284,"Gran vaso, decorato con gruppi di fauni in rilievo. Terraglia bianca (firmato Volpato). Roma","284. Gran vaso, decorato con gruppi di fauni in rilievo. Terraglia bianca (firmato Volpato). Roma",documents/BO0624_4466
267,285,"Vaso con coperchio e base, decorato con figure e festoni a bassorilievo. Terraglia bianca di del Vecchio. Napoli","285. Vaso con coperchio e base, decorato con figure e festoni a bassorilievo. Terraglia bianca di del Vecchio. Napoli",documents/BO0624_4466
268,286,"Vaso di forma cilindrica, con iscrizione sormontata da forellino (sesame), entro medaglione a guisa di corona civica, ed all'ingiro altri ornati e fregi in colori, alt. m. 0,20. Caffagiolo","286. Vaso di forma cilindrica, con iscrizione sormontata da forellino (sesame), entro medaglione a guisa di corona civica, ed all'ingiro altri ornati e fregi in colori, alt. m. 0,20. Caffagiolo",documents/BO0624_4466
269,287,Piattello in colore. Una caccia all' Elefante. Abruzzo,287. Piattello in colore. Una caccia all' Elefante. Abruzzo,documents/BO0624_4466
270,288,"Paio vasi di forma cilindrica, decorati con fiori (campanoli) in colori sopra fondo bleu, diam. m. 0,15. Urbino","288. Paio vasi di forma cilindrica, decorati con fiori (campanoli) in colori sopra fondo bleu, diam. m. 0,15. Urbino",documents/BO0624_4466
271,289,"Mattone circolare, con soggetto mitologico, diam. m. 0,30. Abruzzo","289. Mattone circolare, con soggetto mitologico, diam. m. 0,30. Abruzzo",documents/BO0624_4466
272,290,"Vaso con tre medaglioni, rappresentanti teste di guerrieri e paesaggi, alt. m. 0,37. Urbino","290. Vaso con tre medaglioni, rappresentanti teste di guerrieri e paesaggi, alt. m. 0,37. Urbino",documents/BO0624_4466
273,291,Piatto concavo con paesaggio. Abruzzo,291. Piatto concavo con paesaggio. Abruzzo,documents/BO0624_4466
274,292,"Paio vasi di forma sferica, decorati all'ingiro da frutta e foglie, diam. m. 0,32. Casteldurante","292. Paio vasi di forma sferica, decorati all'ingiro da frutta e foglie, diam. m. 0,32. Casteldurante",documents/BO0624_4466
275,2,2a. Tre piatti in colore di majoliche diverse.,2. 2a. Tre piatti in colore di majoliche diverse.,documents/BO0624_4466
276,294,"Vaso cilindrico, decorato con ornati bleu ed arancio sopra fondo bianco, alt. m. 0,25. Caffagiolo","294. Vaso cilindrico, decorato con ornati bleu ed arancio sopra fondo bianco, alt. m. 0,25. Caffagiolo",documents/BO0624_4466
277,295,"Vaso di forma cilindrica, decorato con paesaggio in colori, diam. m. 0,20. lemmo","295. Vaso di forma cilindrica, decorato con paesaggio in colori, diam. m. 0,20. lemmo",documents/BO0624_4466
278,296,"Statuetta, S. Francesco di Paola, in terraglia bianca di Napoli","296. Statuetta, S. Francesco di Paola, in terraglia bianca di Napoli",documents/BO0624_4466
279,297,Due mustardiere. Terraglia in colore.,297. Due mustardiere. Terraglia in colore.,documents/BO0624_4466
280,298,"Boccale con manico e becco, mascheroni e figure in colori. Pesaro","298. Boccale con manico e becco, mascheroni e figure in colori. Pesaro",documents/BO0624_4466
281,299,Piatto con fregi bianchi sopra fondo bleu.                                                                                                                | Pavia         |,"| 299. Piatto con fregi bianchi sopra fondo bleu.                                                                                                                | Pavia         |
|----------------------------------------------------------------------------------------------------------------------------------------------------------------|---------------|",documents/BO0624_4466
282,300,Scaldino in terraglia colorata di                                                                                                                         | Wedgwood      |,| 300. Scaldino in terraglia colorata di                                                                                                                         | Wedgwood      |,documents/BO0624_4466
283,301,Mattone in colori.                                                                                                                                        | Persia        |,| 301. Mattone in colori.                                                                                                                                        | Persia        |,documents/BO0624_4466
284,302,"Vaso di forma cilindrica, decorato con fregi e medaglione, alt. m. 0,37.                                                                                  | Caltagirone   |","| 302. Vaso di forma cilindrica, decorato con fregi e medaglione, alt. m. 0,37.                                                                                  | Caltagirone   |",documents/BO0624_4466
285,303,"Vaso a forma cilindrica, decorato con medaglione e fregi in colori. All'opposto iscrizione sormontata dal piccolo medaglione di Ca- stelli, alt. m. 0,16. | Casteldurante |","| 303. Vaso a forma cilindrica, decorato con medaglione e fregi in colori. All'opposto iscrizione sormontata dal piccolo medaglione di Ca- stelli, alt. m. 0,16. | Casteldurante |",documents/BO0624_4466
286,304,"Paio vasi di forma sferica, decorati con medaglioni.                                                                                                      | Caltagirone   |","| 304. Paio vasi di forma sferica, decorati con medaglioni.                                                                                                      | Caltagirone   |",documents/BO0624_4466
287,305,Due vasi in colori.                                                                                                                                       | Caltagirone   |,| 305. Due vasi in colori.                                                                                                                                       | Caltagirone   |,documents/BO0624_4466
288,306,Piatto decorato con rosami in colori; in fondo piccolo medaglione.                                                                                        |               |,"| 306. Piatto decorato con rosami in colori; in fondo piccolo medaglione.                                                                                        |               |
|                                                                                                                                                                | Persia        |",documents/BO0624_4466
289,307,"Mattone circolare, rappresentante Allegoria a Papa Innocenzo XII, diam. m. 0.                                                                             | Abruzzo       |","| 307. Mattone circolare, rappresentante Allegoria a Papa Innocenzo XII, diam. m. 0.                                                                             | Abruzzo       |",documents/BO0624_4466
290,308,"Vaso di forma sferica, con fiori e frutta all'ingiro.                                                                                                     | Casteldurante |","| 308. Vaso di forma sferica, con fiori e frutta all'ingiro.                                                                                                     | Casteldurante |",documents/BO0624_4466
291,309,"Tazza, decorata con paesaggio.                                                                                                                            | Abruzzo       |","| 309. Tazza, decorata con paesaggio.                                                                                                                            | Abruzzo       |",documents/BO0624_4466
292,310,"Paio vasi centinati, decorati con fregi in colori.                                                                                                        | Abruzzo       |","| 310. Paio vasi centinati, decorati con fregi in colori.                                                                                                        | Abruzzo       |",documents/BO0624_4466
293,311,"Paio vasi di forma sferica, decorati all'ingiro da frutta e foglie, diam. m. 0,30.                                                                        | Casteldurante |","| 311. Paio vasi di forma sferica, decorati all'ingiro da frutta e foglie, diam. m. 0,30.                                                                        | Casteldurante |",documents/BO0624_4466
294,312,"Vaso con becco e manico, e due medaglioni.                                                                                                                | Casteldurante |","| 312. Vaso con becco e manico, e due medaglioni.                                                                                                                | Casteldurante |",documents/BO0624_4466
295,313,Idem                                                                                                                                                      | Casteldurante |,| 313. Idem                                                                                                                                                      | Casteldurante |,documents/BO0624_4466
296,314,Paio vasi di forma sferica decorati con medaglioni.                                                                                                       | Caltagirone   |,| 314. Paio vasi di forma sferica decorati con medaglioni.                                                                                                       | Caltagirone   |,documents/BO0624_4466
297,315,Sotto-coppa in majolica.                                                                                                                                  | Ispano-Sicula |,| 315. Sotto-coppa in majolica.                                                                                                                                  | Ispano-Sicula |,documents/BO0624_4466
298,316,Vaso decorato con fregi in colori.                                                                                                                        | Moustiers     |,| 316. Vaso decorato con fregi in colori.                                                                                                                        | Moustiers     |,documents/BO0624_4466
299,317,Due vasi con medaglioni.                                                                                                                                  | Caltagirone   |,| 317. Due vasi con medaglioni.                                                                                                                                  | Caltagirone   |,documents/BO0624_4466
300,318,Piatto decorato con figure in colore.                                                                                                                     | Pesaro        |,| 318. Piatto decorato con figure in colore.                                                                                                                     | Pesaro        |,documents/BO0624_4466
301,319,Due piatti decorati con figure in colori.                                                                                                                 | Savona        |,| 319. Due piatti decorati con figure in colori.                                                                                                                 | Savona        |,documents/BO0624_4466
302,320,"Due piccoli canestrini traforati, in terraglia del Giustiniani. Napoli                                                                                    |               |","| 320. Due piccoli canestrini traforati, in terraglia del Giustiniani. Napoli                                                                                    |               |
| Grande medaglione con mezzo busto; all'ingiro fiori e frutta a ri- lievo in colori (Della Robbia), diam. m. 0,85.                                              |               |",documents/BO0624_4466
303,322,"Vaso cilindrico, con iscrizione e fregi in colori.                                                                                                        | Caffagiolo    |","| 322. Vaso cilindrico, con iscrizione e fregi in colori.                                                                                                        | Caffagiolo    |",documents/BO0624_4466
304,323,Due piatti in maiolica.                                                                                                                                   |               |,| 323. Due piatti in maiolica.                                                                                                                                   |               |,documents/BO0624_4466
305,324,"Paio vasi, con coperchi, decorati da ornati varii in colori: all'ingiro istoriati con soggetti bibblici. Bellissimo lavoro di Giacomo Gen-                |               |","| 324. Paio vasi, con coperchi, decorati da ornati varii in colori: all'ingiro istoriati con soggetti bibblici. Bellissimo lavoro di Giacomo Gen-                |               |
| tite, alt. m. 0,60.                                                                                                                                            | Abruzzo       |",documents/BO0624_4466
306,325,Mattone raffigurante Gesù Cristo: all'ingiro fregi ed ornati in                                                                                           |               |,| 325. Mattone raffigurante Gesù Cristo: all'ingiro fregi ed ornati in                                                                                           |               |,documents/BO0624_4466
307,306,"Mattone circolare. con soggetto sacro, diam. m. 0,30.                                                                                                                                         | Abruzzo                                                                                   |","| 306. Mattone circolare. con soggetto sacro, diam. m. 0,30.                                                                                                                                         | Abruzzo                                                                                   |
|----------------------------------------------------------------------------------------------------------------------------------------------------------------------------------------------------|-------------------------------------------------------------------------------------------|
| 027. Paesaggio con figura - Mattonella degli                                                                                                                                                       | Abruzzi                                                                                   |",documents/BO0624_4466
308,328,Piletta con figura di santo.                                                                                                                                                                  | Abruzzo                                                                                   |,| 328. Piletta con figura di santo.                                                                                                                                                                  | Abruzzo                                                                                   |,documents/BO0624_4466
309,329,"Boccale con coperchio, decorato con paesaggi                                                                                                                                                  | AOruzzO                                                                                   |","| 329. Boccale con coperchio, decorato con paesaggi                                                                                                                                                  | AOruzzO                                                                                   |",documents/BO0624_4466
310,330,"Vaso di forma cilindrica, decorato con medaglione ed all'ingir fregi, e ornati in colori, alt. m. 0,30.                                                                                       | Caste datante                                                                             |","| 330. Vaso di forma cilindrica, decorato con medaglione ed all'ingir fregi, e ornati in colori, alt. m. 0,30.                                                                                       | Caste datante                                                                             |",documents/BO0624_4466
311,331,Vaso con fregi in colore                                                                                                                                                                      | Casteldurante                                                                             |,| 331. Vaso con fregi in colore                                                                                                                                                                      | Casteldurante                                                                             |,documents/BO0624_4466
312,332,"Vaso di forma sferica, decorato con fregi e medaglione in colori                                                                                                                              | Caltaguon                                                                                 |","| 332. Vaso di forma sferica, decorato con fregi e medaglione in colori                                                                                                                              | Caltaguon                                                                                 |",documents/BO0624_4466
313,333,dem.                                                                                                                                                                                          | Caltagirone                                                                               |,| 333. dem.                                                                                                                                                                                          | Caltagirone                                                                               |,documents/BO0624_4466
314,334,"Idem più piccolo. ,                                                                                                                                                                           | Caltagirone                                                                               |","| 334. Idem più piccolo. ,                                                                                                                                                                           | Caltagirone                                                                               |",documents/BO0624_4466
315,330,Idem.                                                                                                                                                                                         | Caltaguron                                                                                |,"| 330. Idem.                                                                                                                                                                                         | Caltaguron                                                                                |
| d'armi in colori 337. Saliera in terraglia (Fabb. del Giustiniami)                                                                                                                                 | 336. Vaso di forma sferica. con medaglione figura di Martire e trofei nete noinant Napoli |",documents/BO0624_4466
316,338,"Vaso di forma sferica, decorato con trofei e due grandi medaglioni su fondo bleu, alt. m. 0,31.                                                                                               |                                                                                           |","| 338. Vaso di forma sferica, decorato con trofei e due grandi medaglioni su fondo bleu, alt. m. 0,31.                                                                                               |                                                                                           |",documents/BO0624_4466
317,339,Due vasi con medaghon                                                                                                                                                                         | Caltagirone                                                                               |,| 339. Due vasi con medaghon                                                                                                                                                                         | Caltagirone                                                                               |,documents/BO0624_4466
318,341,Mattone decorato con vari fogliami in colori.                                                                                                                                                 | Lersia                                                                                    |,| 341. Mattone decorato con vari fogliami in colori.                                                                                                                                                 | Lersia                                                                                    |,documents/BO0624_4466
319,342,Piatto con soggetto mitologico in bleu.                                                                                                                                                       | Rouen                                                                                     |,| 342. Piatto con soggetto mitologico in bleu.                                                                                                                                                       | Rouen                                                                                     |,documents/BO0624_4466
320,343,"Bassorilievo - La Vergine che adora Gesu Bambino — a smalt bianco sopra fondo bleu. Genere dei Della Robbia - alt. m. 0,69 p. m. 0,42                                                         |                                                                                           |","| 343. Bassorilievo - La Vergine che adora Gesu Bambino — a smalt bianco sopra fondo bleu. Genere dei Della Robbia - alt. m. 0,69 p. m. 0,42                                                         |                                                                                           |",documents/BO0624_4466
321,344,"Vaso, a forma di bottiglia, con iscrizione circondata da fregi e troter a armi in colori, alt. m. U,zo.                                                                                       | Uroma                                                                                     |","| 344. Vaso, a forma di bottiglia, con iscrizione circondata da fregi e troter a armi in colori, alt. m. U,zo.                                                                                       | Uroma                                                                                     |",documents/BO0624_4466
322,345,"| 345. Zuppiera con coperchio, in majolca.","| 345. Zuppiera con coperchio, in majolca.",documents/BO0624_4466
323,346,"346. Bellissimo vaso con manichi a serpe, decorato con ornati alla raf faellesca, e due medaglioni rappresentanti la Van","346. Bellissimo vaso con manichi a serpe, decorato con ornati alla raf faellesca, e due medaglioni rappresentanti la Vanità e la Giusti za, alt. m. 0.50. | Uroun                                                                                     |",documents/BO0624_4466
324,347,"Piatto con bordo concavo-convesso ornato di arabeschi a riflesse metalleo, su fondo bianco, diam. 0.00.                                                                                       | Ispano-Arab                                                                               |","| 347. Piatto con bordo concavo-convesso ornato di arabeschi a riflesse metalleo, su fondo bianco, diam. 0.00.                                                                                       | Ispano-Arab                                                                               |",documents/BO0624_4466
325,348,"Vaso con coperchio e manichi, decorato con paesaggi in colori bleu e giallo.                                                                                                                  | A0711226                                                                                  |","| 348. Vaso con coperchio e manichi, decorato con paesaggi in colori bleu e giallo.                                                                                                                  | A0711226                                                                                  |",documents/BO0624_4466
326,349,"Vaso cilindrico, in maiolica colorata d                                                                                                                                                       | Casteldurante                                                                             |","| 349. Vaso cilindrico, in maiolica colorata d                                                                                                                                                       | Casteldurante                                                                             |",documents/BO0624_4466
327,350,"Vaso con becco e manico, decorato con medaglioni. Casteldurante                                                                                                                               |                                                                                           |","| 350. Vaso con becco e manico, decorato con medaglioni. Casteldurante                                                                                                                               |                                                                                           |
|                                                                                                                                                                                                    | AL0UZZO                                                                                   |",documents/BO0624_4466
328,3,o1. Piatto con iscrizione e stemma                                                                                                                                                                |                                                                                           |,| 3o1. Piatto con iscrizione e stemma                                                                                                                                                                |                                                                                           |,documents/BO0624_4466
329,352,Il presepe. Mattone degli Abruzzi,352. Il presepe. Mattone degli Abruzzi,documents/BO0624_4466
330,353,"| 353. Vaso cilindrico, con medaglione e fregi in colori.                                                               ","| 353. Vaso cilindrico, con medaglione e fregi in colori.                                                                                                                                 | Caltagirone",documents/BO0624_4466
331,354,"354. Vaso cilindrico, con fregi. Caltagirone                       |","354. Vaso cilindrico, con fregi. Caltagirone                       |
|-----------------------------------------------------------------------------------------------------------------------------------------------------------------------------------------|--------------------------------------------------------------------------------|",documents/BO0624_4466
332,355,Due vasi con medaglioni.                                                                                                                                                           | Caltagirone                                                                    |,| 355. Due vasi con medaglioni.                                                                                                                                                           | Caltagirone                                                                    |,documents/BO0624_4466
333,356,"Piccolo vaso di forma ottagonale, decorato con fregi bleu sopra fondo bianco.                                                                                                      | Persia                                                                         |","| 356. Piccolo vaso di forma ottagonale, decorato con fregi bleu sopra fondo bianco.                                                                                                      | Persia                                                                         |",documents/BO0624_4466
334,357,"Piatto decorato con fiori, nel centro putto con stemma.                                                                                                                            | Sanency                                                                        |","| 357. Piatto decorato con fiori, nel centro putto con stemma.                                                                                                                            | Sanency                                                                        |",documents/BO0624_4466
335,358,"Vaso di forma sferica, decorato con fregi su fondo bleu; nel cen- tro testa di Guerriero e ritratto di donna                                                                       | Venezia                                                                        |","| 358. Vaso di forma sferica, decorato con fregi su fondo bleu; nel cen- tro testa di Guerriero e ritratto di donna                                                                       | Venezia                                                                        |",documents/BO0624_4466
336,359,"| 359. Base in terraglia, di Del Vecchio.                                                                               ","| 359. Base in terraglia, di Del Vecchio.                                                                                                                                                 | Napoli",documents/BO0624_4466
337,360,360. Mattone decorato con fregi e figure (Fabb. di del Vecchio).        |,360. Mattone decorato con fregi e figure (Fabb. di del Vecchio).        |,documents/BO0624_4466
338,361,"Vaso di forma cilindrica, decorato a grossi fogliami in colori su fondo bianco.                                                                                                    | Caffagiolo                                                                     |","| 361. Vaso di forma cilindrica, decorato a grossi fogliami in colori su fondo bianco.                                                                                                    | Caffagiolo                                                                     |",documents/BO0624_4466
339,362,"Vaso di forma cilindrica, decorato con fiori (campanoli) in colori sopra fondo arancione, diam. m. 0.16.                                                                           | Urbino                                                                         |","| 362. Vaso di forma cilindrica, decorato con fiori (campanoli) in colori sopra fondo arancione, diam. m. 0.16.                                                                           | Urbino                                                                         |",documents/BO0624_4466
340,363,"| 363. Mattone rappresentante Saulle e Davide: in cornice nera,                                                         ","| 363. Mattone rappresentante Saulle e Davide: in cornice nera,                                                                                                                           |                                                                                |
| alt. m. 0.24 per 0.34.",documents/BO0624_4466
341,364,"| 364. Vaso con decorazione di foglie e frutta in colori, ed iscrizioni. Abruzzo |","| 364. Vaso con decorazione di foglie e frutta in colori, ed iscrizioni. Abruzzo |",documents/BO0624_4466
342,365,Idem.                                                                                                                                                                              |                                                                                |,| 365. Idem.                                                                                                                                                                              |                                                                                |,documents/BO0624_4466
343,366,"Gran vaso con manichi a serpe. Da una parte il giudizio di Sa- lomone, dall' altra stemma sostenuto da due figure allegoriche. Coverchio e piede decorato con medaglioni, m. 0.54. | Pesaro                                                                         |","| 366. Gran vaso con manichi a serpe. Da una parte il giudizio di Sa- lomone, dall' altra stemma sostenuto da due figure allegoriche. Coverchio e piede decorato con medaglioni, m. 0.54. | Pesaro                                                                         |",documents/BO0624_4466
344,367,| 367. Piatto arcaico con fregi: nel centro Caccia al lupo.                                                             ,"| 367. Piatto arcaico con fregi: nel centro Caccia al lupo.                                                                                                                               | Abruzzo                                                                        |
|",documents/BO0624_4466
345,368,| 368. Mattone. Soggetto bibblico in cornice intagliata e dorata. Abruzzo        |,| 368. Mattone. Soggetto bibblico in cornice intagliata e dorata. Abruzzo        |,documents/BO0624_4466
346,369,| 369. Gran piatto decorato a fregi in colori.,| 369. Gran piatto decorato a fregi in colori.,documents/BO0624_4466
347,370,370. Vaso di forma cilindrica. Nel centro medaglione con la scritta                                                     ,"370. Vaso di forma cilindrica. Nel centro medaglione con la scritta                                                                        | Abruzzo                                                                        |
| Niceno. All' ingiro ornati in colori, alt. m. 0.31.",documents/BO0624_4466
348,371,"371. Vaso con manico e becco, medaglioni e fregi su fondo bleu.                                                         ","371. Vaso con manico e becco, medaglioni e fregi su fondo bleu.                                                                     | Casteldurante                                                                  |",documents/BO0624_4466
349,372,"Vaso di forma sferica, decorato con fregi e medaglione in colori.                                                                                                                  | Casteldurante                                                                  |","| 372. Vaso di forma sferica, decorato con fregi e medaglione in colori.                                                                                                                  | Casteldurante                                                                  |
|                                                                                                                                                                                         | Caltagirone                                                                    |",documents/BO0624_4466
350,373,Idem.                                                                                                                                                                              | caltagirone                                                                    |,| 373. Idem.                                                                                                                                                                              | caltagirone                                                                    |,documents/BO0624_4466
351,374,"Vaso di forma sferica, decorato con fregi e due medaglioni.                                                                                                                        | Caltagirone                                                                    |","| 374. Vaso di forma sferica, decorato con fregi e due medaglioni.                                                                                                                        | Caltagirone                                                                    |",documents/BO0624_4466
352,375,"Vaso di forma cilindrica, decorato a due medaglioni con teste d donne, ed ornati in colori sopra fondo bleu Casteldurante   |","| 375. Vaso di forma cilindrica, decorato a due medaglioni con teste d donne, ed ornati in colori sopra fondo bleu Casteldurante   |
|----------------------------------------------------------------------------------------------------------------------------------|",documents/BO0624_4466
353,376,Due vasi con fregi e medaglioni. Sicilia                                                                                    |,| 376. Due vasi con fregi e medaglioni. Sicilia                                                                                    |,documents/BO0624_4466
354,377,Vaso (chibuc) decorato con fregi bleu. Rodi                                                                                 |,| 377. Vaso (chibuc) decorato con fregi bleu. Rodi                                                                                 |,documents/BO0624_4466
355,378,"Bottiglia, decorata con fregi bleu. Delft                                                                                   |","| 378. Bottiglia, decorata con fregi bleu. Delft                                                                                   |",documents/BO0624_4466
356,379,"Piatto concavo-convesso. Putto nel centro, bordo a fiori. Milano                                                            |","| 379. Piatto concavo-convesso. Putto nel centro, bordo a fiori. Milano                                                            |",documents/BO0624_4466
357,380,"Paio vasi a due manichi, decorati con fregi in bleu sopra fondo bianco (Fabb. di Del Vecchio). Napoli                       |","| 380. Paio vasi a due manichi, decorati con fregi in bleu sopra fondo bianco (Fabb. di Del Vecchio). Napoli                       |",documents/BO0624_4466
358,381,"Calamariera con putto, in terraglia colorata di Giustiniani. Napoli                                                         |","| 381. Calamariera con putto, in terraglia colorata di Giustiniani. Napoli                                                         |",documents/BO0624_4466
359,382,"Vaso cilindrico, con ornati e medaglione nel centro. Caffagiolo                                                             |","| 382. Vaso cilindrico, con ornati e medaglione nel centro. Caffagiolo                                                             |",documents/BO0624_4466
360,383,"Piatto arcaico, con ornati e piccole figure di putti. Nel mezzo : Venere e Amorini, diam. 0,24. Abruzzo                     |","| 383. Piatto arcaico, con ornati e piccole figure di putti. Nel mezzo : Venere e Amorini, diam. 0,24. Abruzzo                     |",documents/BO0624_4466
361,384,"Vaso di forma sferica, decorato con fregi e medaglioni. Casteldarante                                                       |","| 384. Vaso di forma sferica, decorato con fregi e medaglioni. Casteldarante                                                       |",documents/BO0624_4466
362,385,"Vaso di forma cilindrica, decorato con paesaggio e figura. Abruzzo                                                          |","| 385. Vaso di forma cilindrica, decorato con paesaggio e figura. Abruzzo                                                          |",documents/BO0624_4466
363,386,"Paio vasi di forma sferica, decorati con foglie e frutta all'ingiro. Casteldurante                                          |","| 386. Paio vasi di forma sferica, decorati con foglie e frutta all'ingiro. Casteldurante                                          |",documents/BO0624_4466
364,387,Due piccoli medaglioni con figure in bleu. Abruzzo                                                                          |,| 387. Due piccoli medaglioni con figure in bleu. Abruzzo                                                                          |,documents/BO0624_4466
365,388,"Vaso di forma cilindrica, decorato con fregi e medaglioni.                                                                  |","| 388. Vaso di forma cilindrica, decorato con fregi e medaglioni.                                                                  |",documents/BO0624_4466
366,389,"Vaso con manico e becco, decorato con medaglione. Caltagirone                                                               |","| 389. Vaso con manico e becco, decorato con medaglione. Caltagirone                                                               |",documents/BO0624_4466
367,390,Idem. Caltagirone                                                                                                           |,| 390. Idem. Caltagirone                                                                                                           |,documents/BO0624_4466
368,391,Due piatti con fiori in colore. Persia                                                                                      |,"| 391. Due piatti con fiori in colore. Persia                                                                                      |
| Due vasi con medaglioni Caltagirone                                                                                              |",documents/BO0624_4466
369,393,"Boccale con decorazioni, imitando la China. Delft                                                                           |","| 393. Boccale con decorazioni, imitando la China. Delft                                                                           |",documents/BO0624_4466
370,394,"Fontanina, decorata con fregi ed animali in rilievo a varii colori.                                                         |","| 394. Fontanina, decorata con fregi ed animali in rilievo a varii colori.                                                         |",documents/BO0624_4466
371,395,"Vaso di forma sferica, decorato con fregi su fondo nielt e ole medaglioni. Venezia                                          |","| 395. Vaso di forma sferica, decorato con fregi su fondo nielt e ole medaglioni. Venezia                                          |",documents/BO0624_4466
372,396,| 396. Due piatti in majolica.,| 396. Due piatti in majolica.,documents/BO0624_4466
373,397,397. Due gruppi in majolica degli Abruzzi                                                           |,397. Due gruppi in majolica degli Abruzzi                                                           |,documents/BO0624_4466
374,398,"Vaso di forma cilindrica, con fregi in colori. Caffagiolo                                                                   |","| 398. Vaso di forma cilindrica, con fregi in colori. Caffagiolo                                                                   |",documents/BO0624_4466
375,399,"Vaso di forma cilindrica, decorato con stemma, medaglione e fregi in colori su fondo bleu, alt. m. 0,32. - Cuffagiolo       | bis. - Piatto a riflesso, nel bordo ornati vari in colori, nel cen- tro paesaggio con figura. Deruta                        |","| 399. Vaso di forma cilindrica, decorato con stemma, medaglione e fregi in colori su fondo bleu, alt. m. 0,32. - Cuffagiolo       | | 399. bis. - Piatto a riflesso, nel bordo ornati vari in colori, nel cen- tro paesaggio con figura. Deruta                        |
<!-- image -->

## Porcellane",documents/BO0624_4466
376,400,"Gruppo di tre figure - Contadini e contadinella - Porcellana in colori, alt. m. 0,25. Carlo Teodoro","400. Gruppo di tre figure - Contadini e contadinella - Porcellana in colori, alt. m. 0,25. Carlo Teodoro",documents/BO0624_4466
377,401,Statuetta - Sirena porcellana mncolort Napoli,401. Statuetta - Sirena porcellana mncolort Napoli,documents/BO0624_4466
378,402,"Mustardiera, in colori, marcata Clignancourt","402. Mustardiera, in colori, marcata Clignancourt",documents/BO0624_4466
379,403,"Oliera in colore, porcellana di Sèvres","403. Oliera in colore, porcellana di Sèvres",documents/BO0624_4466
380,404,Piatto di porcellana con fiori in colori Sèvres,404. Piatto di porcellana con fiori in colori Sèvres,documents/BO0624_4466
381,405,Piatto di porcellana con fiori in colori Sèures,405. Piatto di porcellana con fiori in colori Sèures,documents/BO0624_4466
382,406,"Statuetta, - Vestale - biscuit di Buen Retiro","406. Statuetta, - Vestale - biscuit di Buen Retiro",documents/BO0624_4466
383,407,"Bustino Maria Antonietta - in biscuit, sopra base di porcellana, alt. m. 0,28. Sassonia","407. Bustino Maria Antonietta - in biscuit, sopra base di porcellana, alt. m. 0,28. Sassonia",documents/BO0624_4466
384,408,Sei piatti di porcellana del Giappone,408. Sei piatti di porcellana del Giappone,documents/BO0624_4466
385,409,"Vaso in colori (cornet) porcellana,","409. Vaso in colori (cornet) porcellana,

alt. m. 0,35. Ginori",documents/BO0624_4466
386,410,"Statuetta in colori - Contadinella con paniere di frutta, alt. m. 0,13","410. Statuetta in colori - Contadinella con paniere di frutta, alt. m. 0,13

Sassonia",documents/BO0624_4466
387,411,"Vasettino con manichi a delfini, porcellana in colori, alt. m. 0,05. Sassonia","411. Vasettino con manichi a delfini, porcellana in colori, alt. m. 0,05. Sassonia",documents/BO0624_4466
388,412,Due canestrini in porcellana colorata Ginori,412. Due canestrini in porcellana colorata Ginori,documents/BO0624_4466
389,413,Profumiera in porcellana di Vienna,413. Profumiera in porcellana di Vienna,documents/BO0624_4466
390,414,"Vaso a due manichi, decorato con figure etrusche in color rosso e fondo nero (Real Fabb. ) Napoli","414. Vaso a due manichi, decorato con figure etrusche in color rosso e fondo nero (Real Fabb. ) Napoli",documents/BO0624_4466
391,415,"Gruppetto di due leoni, in porcellana colorata Napoli","415. Gruppetto di due leoni, in porcellana colorata Napoli",documents/BO0624_4466
392,416,"Gruppo di tre puttini in colori - I piccoli mercanti, alt. m. 0,30.                                                  | Sassonia   |","| 416. Gruppo di tre puttini in colori - I piccoli mercanti, alt. m. 0,30.                                                  | Sassonia   |
|---------------------------------------------------------------------------------------------------------------------------|------------|",documents/BO0624_4466
393,417,"Gruppo di due figure, soggetto mitologico, in biscuit, alt. m. 0,25 per 0,20.                                        | Napoli     |","| 417. Gruppo di due figure, soggetto mitologico, in biscuit, alt. m. 0,25 per 0,20.                                        | Napoli     |",documents/BO0624_4466
394,418,"Busto - Leopoldo d'Austria — in biseuit, su base di porcellana dorata.                                               | Vienna     |","| 418. Busto - Leopoldo d'Austria — in biseuit, su base di porcellana dorata.                                               | Vienna     |",documents/BO0624_4466
395,419,"Un cane, in porcellana colorata.                                                                                     |            |","| 419. Un cane, in porcellana colorata.                                                                                     |            |",documents/BO0624_4466
396,420,Duabueld rappresentalite - L'Africa - Porcellana in colori.                                                          |            |,| 420. Duabueld rappresentalite - L'Africa - Porcellana in colori.                                                          |            |,documents/BO0624_4466
397,421,Un' anforetta a testa di donna in porcellana di                                                                      | Napoli     |,| 421. Un' anforetta a testa di donna in porcellana di                                                                      | Napoli     |,documents/BO0624_4466
398,4221,"Piccola anitra in colori, porcellana di                                                                             | Vienna     |","| 4221. Piccola anitra in colori, porcellana di                                                                             | Vienna     |",documents/BO0624_4466
399,423,"Vaso con coperchio sormontato da chimera, decorato con fregi a rosame, e due medaglioni con figure, alt. m. 0,64.    | Giappone   |","| 423. Vaso con coperchio sormontato da chimera, decorato con fregi a rosame, e due medaglioni con figure, alt. m. 0,64.    | Giappone   |",documents/BO0624_4466
400,424,"Statuetta in colori. - Contadinella con cestino di fiori, alt. m. 0,13.                                              | Sassonia   |","| 424. Statuetta in colori. - Contadinella con cestino di fiori, alt. m. 0,13.                                              | Sassonia   |",documents/BO0624_4466
401,425,Statuetta di biscuit in colore.- Giovanetta con barile in testa. Napoli                                              |            |,| 425. Statuetta di biscuit in colore.- Giovanetta con barile in testa. Napoli                                              |            |,documents/BO0624_4466
402,426,Statuetta - L'Abbondanza - biscuit. Fab. del                                                                         | Volpato    |,| 426. Statuetta - L'Abbondanza - biscuit. Fab. del                                                                         | Volpato    |,documents/BO0624_4466
403,427,Due ampolline in porcellana bianca (Fabb. inglese).                                                                  | Worcester  |,| 427. Due ampolline in porcellana bianca (Fabb. inglese).                                                                  | Worcester  |,documents/BO0624_4466
404,428,Candeliere decorato a piccole figure in bianco sopra fondo bleu. Biscuit di                                          | Wedgwood   |,| 428. Candeliere decorato a piccole figure in bianco sopra fondo bleu. Biscuit di                                          | Wedgwood   |,documents/BO0624_4466
405,429,"Statuetta in colori, contadino poggiato su di una botte. Porcellana di Carlo III, alt. m.0,20.                       | Napoli     |","| 429. Statuetta in colori, contadino poggiato su di una botte. Porcellana di Carlo III, alt. m.0,20.                       | Napoli     |",documents/BO0624_4466
406,430,"Gruppo di quattro statuette in costumi diversi (Marcolini) alt. m. 0,30.                                             | Sassonia   |","| 430. Gruppo di quattro statuette in costumi diversi (Marcolini) alt. m. 0,30.                                             | Sassonia   |",documents/BO0624_4466
407,431,"Gruppo - Ulisse e Telemaco - in biscuit, alt. m. 0,32 per 0,20                                                       |            |","| 431. Gruppo - Ulisse e Telemaco - in biscuit, alt. m. 0,32 per 0,20                                                       |            |",documents/BO0624_4466
408,432,"Gruppo di due figure in biscuit (R. F.), alt. m. 0,30.                                                               | 111        |","| 432. Gruppo di due figure in biscuit (R. F.), alt. m. 0,30.                                                               | 111        |",documents/BO0624_4466
409,433,Thèiera decorata con figure a rilievo ed in colori.                                                                  |            |,| 433. Thèiera decorata con figure a rilievo ed in colori.                                                                  |            |,documents/BO0624_4466
410,434,Tazza decorata con figure pompejane in colori sopra fondo bianco (Ferdinando IV).                                    | Napoli     |,| 434. Tazza decorata con figure pompejane in colori sopra fondo bianco (Ferdinando IV).                                    | Napoli     |,documents/BO0624_4466
411,435,"Gruppo di tre Amorini in colori. - Porcellana, alt.                                                                  | vapnmd     |","| 435. Gruppo di tre Amorini in colori. - Porcellana, alt.                                                                  | vapnmd     |
| m. 0,20.                                                                                                                  | Amsterdam  |",documents/BO0624_4466
412,436,"| 436. Statuetta in colori - Mercurio - alt. m. 0,22.","| 436. Statuetta in colori - Mercurio - alt. m. 0,22.",documents/BO0624_4466
413,437,"437. Vaso con due anse, e ricca decorazione di ornati in oro e colori |            |","437. Vaso con due anse, e ricca decorazione di ornati in oro e colori |            |
| sopra fondo bianco, con piccoli medaglioni dipinti a colore grigio (grisaille). Porcellana di Madrid, alt. m. 0,35.       | Spagna     |",documents/BO0624_4466
414,438,"Idem - (pendant) - alt. m. 0,35.                                                                                     | Spagna     |","| 438. Idem - (pendant) - alt. m. 0,35.                                                                                     | Spagna     |",documents/BO0624_4466
415,439,"Fornello, decorato con fregi in colori. Porcellana di Nassau","439. Fornello, decorato con fregi in colori. Porcellana di Nassau",documents/BO0624_4466
416,440,"Vasettino per fiori, in colori. Capodimonte","440. Vasettino per fiori, in colori. Capodimonte",documents/BO0624_4466
417,441,"Thèiera, decorata con fiori e foglie a rilievo ed in colori sopra fondo bianco. Capodimonte","441. Thèiera, decorata con fiori e foglie a rilievo ed in colori sopra fondo bianco. Capodimonte",documents/BO0624_4466
418,442,"Statuetta in colori, alt. m. 0,20. Sassonia","442. Statuetta in colori, alt. m. 0,20. Sassonia",documents/BO0624_4466
419,443,Quattro diversi piatti in porcellana del Giappone,443. Quattro diversi piatti in porcellana del Giappone,documents/BO0624_4466
420,444,Caffettiera con frutta in colori. Porcellana spagnuola. Madrid,444. Caffettiera con frutta in colori. Porcellana spagnuola. Madrid,documents/BO0624_4466
421,415,"Fiasca decorata in nero con fregi in oro. Porcellana della 446. Due statuette in porcellana colorata, alt. m. 0,35. chăm","415. Fiasca decorata in nero con fregi in oro. Porcellana della 446. Due statuette in porcellana colorata, alt. m. 0,35. chăm",documents/BO0624_4466
422,447,"Gruppo - Oreste e Pilade - in porcellana (Fabbrica Reale), alt. m. 0,30. Napoli","447. Gruppo - Oreste e Pilade - in porcellana (Fabbrica Reale), alt. m. 0,30. Napoli",documents/BO0624_4466
423,118,"Gruppo - Ercole ed Onfale - in porcellana (Fabbrica Reale), alt. m. 0,30. Napoli","118. Gruppo - Ercole ed Onfale - in porcellana (Fabbrica Reale), alt. m. 0,30. Napoli",documents/BO0624_4466
424,449,"Statuetta in colori - Amorino presso di un'urna adorna di fiori, alt. m. 0,25. Nassau","449. Statuetta in colori - Amorino presso di un'urna adorna di fiori, alt. m. 0,25. Nassau",documents/BO0624_4466
425,450,"Gruppo di tre figure - Giovani contadini - porcellana in colori, alt. m. 0,30 p.0, 25. Carlo Teodoro","450. Gruppo di tre figure - Giovani contadini - porcellana in colori, alt. m. 0,30 p.0, 25. Carlo Teodoro",documents/BO0624_4466
426,451,Vaso con tre piedi e due manichi decorato con costumi. Epoca di Ferdinando IV. Napoli,451. Vaso con tre piedi e due manichi decorato con costumi. Epoca di Ferdinando IV. Napoli,documents/BO0624_4466
427,452,Piatto decorato con fiori (Fabbrica Reale).,452. Piatto decorato con fiori (Fabbrica Reale).,documents/BO0624_4466
428,153,Tazza e piatto per thè in biscuit ( Impero).,153. Tazza e piatto per thè in biscuit ( Impero).,documents/BO0624_4466
429,451,"Statuetta figura di donna in biscuit, alt. m. 0,20.","451. Statuetta figura di donna in biscuit, alt. m. 0,20.",documents/BO0624_4466
430,455,"L'Incroyable, biscuit, alt. m. 0,20.","455. L'Incroyable, biscuit, alt. m. 0,20.",documents/BO0624_4466
431,456,"Vaso (corbeille) a piccoli fiori in colori, alt. m. 0,15 p. 0,20.","456. Vaso (corbeille) a piccoli fiori in colori, alt. m. 0,15 p. 0,20.",documents/BO0624_4466
432,457,Cinque piatti in porcellana colorata del,457. Cinque piatti in porcellana colorata del,documents/BO0624_4466
433,458,Tazza in porcellana bianca (Carlo III).,458. Tazza in porcellana bianca (Carlo III).,documents/BO0624_4466
434,459,Idem (Carlo III).,459. Idem (Carlo III).,documents/BO0624_4466
435,460,Idem con piattino (Carlo III). Napoli,"460. Idem con piattino (Carlo III). Napoli

Caffettiers decorata con medaglione in colori, Carità romana, alt. m. 0,20. Capodimonte",documents/BO0624_4466
436,462,"Piatto in colore e bordo traforato, porcellana di Sassonia","462. Piatto in colore e bordo traforato, porcellana di Sassonia",documents/BO0624_4466
437,463,Statuetta in porcellana bianca della China,463. Statuetta in porcellana bianca della China,documents/BO0624_4466
438,464,Paio vasi di porcellana di Sèvres montati a candelabri con guarnitura di bronzo dorato. Stile Luigi XV.,464. Paio vasi di porcellana di Sèvres montati a candelabri con guarnitura di bronzo dorato. Stile Luigi XV.,documents/BO0624_4466
439,465,Grande candelabro a sette lumi con gruppo di putti e fauno alla base. Porcellana di Sassonia,465. Grande candelabro a sette lumi con gruppo di putti e fauno alla base. Porcellana di Sassonia,documents/BO0624_4466
440,466,Una chimera in porcellana bianca della                                                                                           | China                    |,"| 466. Una chimera in porcellana bianca della                                                                                           | China                    |
|---------------------------------------------------------------------------------------------------------------------------------------|--------------------------|",documents/BO0624_4466
441,467,"Il Presepe, gruppo di più figure in colori, alt. m. 0,40 p. 0,30.                                                                |                          |","| 467. Il Presepe, gruppo di più figure in colori, alt. m. 0,40 p. 0,30.                                                                |                          |",documents/BO0624_4466
442,468,"| 468. Vaso con ricca decorazione in colori, alt. m. 0,40.","| 468. Vaso con ricca decorazione in colori, alt. m. 0,40.",documents/BO0624_4466
443,469,469. Gruppo —Apollo e Dafne - porcellana in colori (Fabb. Reale) alT 16 09). | Napoli                   |,469. Gruppo —Apollo e Dafne - porcellana in colori (Fabb. Reale) alT 16 09). | Napoli                   |,documents/BO0624_4466
444,470,"Statuetta in colori, costume cinese. Porcellana alt. m. 0,20.                                                                    |                          |","| 470. Statuetta in colori, costume cinese. Porcellana alt. m. 0,20.                                                                    |                          |",documents/BO0624_4466
445,471,"Idem, figura di donna cinese, alt. m. 0,20.                                                                                      |                          |","| 471. Idem, figura di donna cinese, alt. m. 0,20.                                                                                      |                          |",documents/BO0624_4466
446,472,"| 472. Due candelieri di porcellana in colori, alt. m. 0,30.","| 472. Due candelieri di porcellana in colori, alt. m. 0,30.",documents/BO0624_4466
447,473,473. Due placchette di porcellana in colore con cornici simili.            |                          |,473. Due placchette di porcellana in colore con cornici simili.            |                          |,documents/BO0624_4466
448,474,Gruppo di tre figure in porcellana colorata del                                                                                  | Ginori                   |,| 474. Gruppo di tre figure in porcellana colorata del                                                                                  | Ginori                   |,documents/BO0624_4466
449,475,| 475. Due vasettini. Porcellana francese.,| 475. Due vasettini. Porcellana francese.,documents/BO0624_4466
450,476,"476. Figurina di donna con uccello, in porcellana della                                      |                          ","476. Figurina di donna con uccello, in porcellana della                                      |                          |",documents/BO0624_4466
451,477,Tazza in colori e fregi in oro ( Meissen).                                                                                       |                          |,| 477. Tazza in colori e fregi in oro ( Meissen).                                                                                       |                          |,documents/BO0624_4466
452,478,"Piatto in colori, imitazione degli Abruzzi. (Fabbrica del Giustiniani). Diam. m. 0,20.                                           |                          |","| 478. Piatto in colori, imitazione degli Abruzzi. (Fabbrica del Giustiniani). Diam. m. 0,20.                                           |                          |
| alt. m. 0,20. Baccanale - in porcellana bianca,                                                                                       | Napoli                   |",documents/BO0624_4466
453,479,"Statuetta in colori, rappresentante una venditrice di frutta                                                                     | Sassonia                 |","| 479. Statuetta in colori, rappresentante una venditrice di frutta                                                                     | Sassonia                 |",documents/BO0624_4466
454,480,"| 480. Gruppo alt. m. 0,20 per 0,25.","| 480. Gruppo alt. m. 0,20 per 0,25.",documents/BO0624_4466
455,481,481. Otto piatti in porcellana del                                                                 | Ginor Giappone •   ,481. Otto piatti in porcellana del                                                                 | Ginor Giappone •         |,documents/BO0624_4466
456,482,"Una pernice di porcellana in colori, alt. m. 0,15.                                                                               | Vienna •                 |","| 482. Una pernice di porcellana in colori, alt. m. 0,15.                                                                               | Vienna •                 |",documents/BO0624_4466
457,483,"Statuetta - Amorino con delfino - in biscuit, alt. m. 0,15. Napoli-                                                              |                          |","| 483. Statuetta - Amorino con delfino - in biscuit, alt. m. 0,15. Napoli-                                                              |                          |",documents/BO0624_4466
458,484,"Statuetta in colori - Giardiniera -, alt. m. 0,10. Carlo Teodoro                                                                 |                          |","| 484. Statuetta in colori - Giardiniera -, alt. m. 0,10. Carlo Teodoro                                                                 |                          |",documents/BO0624_4466
459,485,"| 485. Grande zuppiera, decorata a paesaggi e figure mitologiche in co-                                                 ","| 485. Grande zuppiera, decorata a paesaggi e figure mitologiche in co-                                                                 | Ginori -                 |
| lori, alt. m. 0,37.",documents/BO0624_4466
460,486,486. Due bassorilievi circolari in biscuit. - Centauri - sopra fondo in.                                          |     ,"486. Due bassorilievi circolari in biscuit. - Centauri - sopra fondo in.                                          |                          |
| colore (bleu-roi), dia. n. 0,30..                                                                                                     | Napoli.                  |",documents/BO0624_4466
461,487,"Gruppo di sette figure -La tarantella — (epoca Ferdinando IV.) alt. m. 0,38 per 0,24.                                            | Napoli                   |","| 487. Gruppo di sette figure -La tarantella — (epoca Ferdinando IV.) alt. m. 0,38 per 0,24.                                            | Napoli                   |",documents/BO0624_4466
462,488,| 488. Gruppo di sette figure in colore.                                                                                ,"| 488. Gruppo di sette figure in colore.                                                                                                |                          |
| alt. m. 0,30.",documents/BO0624_4466
463,489,489. Vaso (corbeille) in porcellana bianca.                                                                             ,489. Vaso (corbeille) in porcellana bianca.                                                                             |                          |,documents/BO0624_4466
464,490,| 490. Idem - Idem.,| 490. Idem - Idem.,documents/BO0624_4466
465,491,"491. Statuetta in colori - Giardiniera — alt. m. 0,10.                                                              | Ch","491. Statuetta in colori - Giardiniera — alt. m. 0,10.                                                              | Chantilly Carlo Teodoro. |",documents/BO0624_4466
466,492,"Statuetta - Figura di donna in biscuit, alt. m. 0,20.                                                                            | Vienna                   |","| 492. Statuetta - Figura di donna in biscuit, alt. m. 0,20.                                                                            | Vienna                   |
N. 705. 678. 537, 722, 775, 469, 720, 571, 686, 535, 506, 634 e 652 di Catalogo.

Tavola III.

<!-- image -->",documents/BO0624_4466
467,493,"Gruppetto a due figure. — Costumi napolitani, in biscuit.                                           |             |","| 493. Gruppetto a due figure. — Costumi napolitani, in biscuit.                                           |             |
|----------------------------------------------------------------------------------------------------------|-------------|",documents/BO0624_4466
468,894,Due piatti in porcellana della                                                                      |             |,| 894. Due piatti in porcellana della                                                                      |             |,documents/BO0624_4466
469,495,"Due piccoli cavalli con cavalieri, in porcellana colorata, alt. m. 09.                              |             |","| 495. Due piccoli cavalli con cavalieri, in porcellana colorata, alt. m. 09.                              |             |",documents/BO0624_4466
470,496,"Un Cigno di porcellana in colore, alt. m. 0,20.                                                     |             |","| 496. Un Cigno di porcellana in colore, alt. m. 0,20.                                                     |             |",documents/BO0624_4466
471,497,Gruppo di due contadini con botte. Porcellana colorata                                              |             |,| 497. Gruppo di due contadini con botte. Porcellana colorata                                              |             |,documents/BO0624_4466
472,498,Bustino di donna su base in porcellana                                                              |             |,| 498. Bustino di donna su base in porcellana                                                              |             |,documents/BO0624_4466
473,499,Due statuette in colori. Porcellana della                                                           |             |,| 499. Due statuette in colori. Porcellana della                                                           |             |,documents/BO0624_4466
474,500,"Due figurine, uomo e donna. Porcellana della                                                        |             |","| 500. Due figurine, uomo e donna. Porcellana della                                                        |             |",documents/BO0624_4466
475,501,"Gruppo di cinque puttini — La Vendemmia. _ Porcallan lori, alt. m. 0.25.                            |             |","| 501. Gruppo di cinque puttini — La Vendemmia. _ Porcallan lori, alt. m. 0.25.                            |             |",documents/BO0624_4466
476,502,Un uccello sopra tronco d' albero con ciliege. Porcellana in co-                                    |             |,| 502. Un uccello sopra tronco d' albero con ciliege. Porcellana in co-                                    |             |,documents/BO0624_4466
477,503,"Zuppierina con coperchio, decorata con figure a rilievo, in colori alt. m. 0.10 per 0.20.           | Ginori      |","| 503. Zuppierina con coperchio, decorata con figure a rilievo, in colori alt. m. 0.10 per 0.20.           | Ginori      |",documents/BO0624_4466
478,504,"Piatto in colori e fregi in oro, nel mezzo soggetto mitologico. Por- cellana di                     | Vienna      |","| 504. Piatto in colori e fregi in oro, nel mezzo soggetto mitologico. Por- cellana di                     | Vienna      |",documents/BO0624_4466
479,505,Idem - Idem.                                                                                        | Vienna      |,| 505. Idem - Idem.                                                                                        | Vienna      |,documents/BO0624_4466
480,506,Gruppo —L' Autunno e l'Inverno-Porcellana in colori alt. m. 0.15.                                   | Capodimonte |,| 506. Gruppo —L' Autunno e l'Inverno-Porcellana in colori alt. m. 0.15.                                   | Capodimonte |,documents/BO0624_4466
481,507,Tazza decorata con due medaglioni in colori: figure di Baccanti sopra fondo bianco.                 | Napoli      |,| 507. Tazza decorata con due medaglioni in colori: figure di Baccanti sopra fondo bianco.                 | Napoli      |,documents/BO0624_4466
482,508,"Vaso (rinfrescatoio), decorato con fregi e mascheroni a rilievo. Porcellana bianca (Ferdinando IV). | Napoli      |","| 508. Vaso (rinfrescatoio), decorato con fregi e mascheroni a rilievo. Porcellana bianca (Ferdinando IV). | Napoli      |",documents/BO0624_4466
483,509,"Vasetto in terraglia bianca inglese, alt. m. 0.20.                                                  | Wedgwood    |","| 509. Vasetto in terraglia bianca inglese, alt. m. 0.20.                                                  | Wedgwood    |",documents/BO0624_4466
484,510,Piatto in colori con fregi in oro; nel mezzo soggetto mitologico.                                   | Vienna      |,| 510. Piatto in colori con fregi in oro; nel mezzo soggetto mitologico.                                   | Vienna      |,documents/BO0624_4466
485,511,"Bassorilievo, a soggetto mitologico, di più figure. Porcellana bianca del                           | Ginori      |","| 511. Bassorilievo, a soggetto mitologico, di più figure. Porcellana bianca del                           | Ginori      |",documents/BO0624_4466
486,512,Zuppierina decorata a fiori in colori alt. m. 0.10 per 0.15                                         | Capodimonte |,| 512. Zuppierina decorata a fiori in colori alt. m. 0.10 per 0.15                                         | Capodimonte |,documents/BO0624_4466
487,513,"Gruppo di animali, in biscuit, alt. m. 0.30 per 0.40                                                |             |","| 513. Gruppo di animali, in biscuit, alt. m. 0.30 per 0.40                                                |             |",documents/BO0624_4466
488,514,"Piatto con fiori, in colori.                                                                        |             |","| 514. Piatto con fiori, in colori.                                                                        |             |",documents/BO0624_4466
489,515,Due statuette in porcellana del                                                                     |             |,| 515. Due statuette in porcellana del                                                                     |             |,documents/BO0624_4466
490,517,"Due tazze, decorate con figure pompejane, in colori. Napoli","517. Due tazze, decorate con figure pompejane, in colori. Napoli",documents/BO0624_4466
491,518,"Gruppo di due figure - Pellegrini - Porcellana in colori, alt. m. 0.25.                                                                                                                                                                                                  | Buen Retiro   |","| 518. Gruppo di due figure - Pellegrini - Porcellana in colori, alt. m. 0.25.                                                                                                                                                                                                  | Buen Retiro   |
|-------------------------------------------------------------------------------------------------------------------------------------------------------------------------------------------------------------------------------------------------------------------------------|---------------|",documents/BO0624_4466
492,519,"Piatto in colori e fregi in oro, nel mezzo - Apollo fra le Muse - Porcellana di                                                                                                                                                                                          | Vienna        |","| 519. Piatto in colori e fregi in oro, nel mezzo - Apollo fra le Muse - Porcellana di                                                                                                                                                                                          | Vienna        |",documents/BO0624_4466
493,520,Statuetta - La Guerra - fabbrica di Buen Retiro                                                                                                                                                                                                                          | Spagna        |,| 520. Statuetta - La Guerra - fabbrica di Buen Retiro                                                                                                                                                                                                                          | Spagna        |,documents/BO0624_4466
494,521,Gruppo di tre figure in biscuit - Mercurio porge ad Ino Bacco fanciullo - alt. m. 0.34 per 0.28.                                                                                                                                                                         | Napoli        |,| 521. Gruppo di tre figure in biscuit - Mercurio porge ad Ino Bacco fanciullo - alt. m. 0.34 per 0.28.                                                                                                                                                                         | Napoli        |,documents/BO0624_4466
495,522,"Gruppo - Ercole e Bacco — in biscuit, alt. m. 0.30.                                                                                                                                                                                                                      | Napoli        |","| 522. Gruppo - Ercole e Bacco — in biscuit, alt. m. 0.30.                                                                                                                                                                                                                      | Napoli        |",documents/BO0624_4466
496,523,"Vaso ( corbeille) decorato con teste d'ariete in oro e festoni in colori sopra fondo bianco, alt. m. 0.30 per 0.35.                                                                                                                                                      | 3a980m10      |","| 523. Vaso ( corbeille) decorato con teste d'ariete in oro e festoni in colori sopra fondo bianco, alt. m. 0.30 per 0.35.                                                                                                                                                      | 3a980m10      |",documents/BO0624_4466
497,524,"Vaso (corbeille) in colori e fregi in oro, alt. m. 0.20 per 0.15.                                                                                                                                                                                                        | Napoli        |","| 524. Vaso (corbeille) in colori e fregi in oro, alt. m. 0.20 per 0.15.                                                                                                                                                                                                        | Napoli        |",documents/BO0624_4466
498,525,"Statuetta con corni d' abbondanza, porcellana in colori, alt. m. 0.20.                                                                                                                                                                                                   | Vinovo        |","| 525. Statuetta con corni d' abbondanza, porcellana in colori, alt. m. 0.20.                                                                                                                                                                                                   | Vinovo        |",documents/BO0624_4466
499,526,"Piatto con fregi in oro; nel mezzo soggetto mitologico, in por- cellana di                                                                                                                                                                                               | Vienna        |","| 526. Piatto con fregi in oro; nel mezzo soggetto mitologico, in por- cellana di                                                                                                                                                                                               | Vienna        |",documents/BO0624_4466
500,527,"Paio vasi con due manichi, decorati con ornati e figure a rilievo. Porcellana bianca, alt. m. 0.25                                                                                                                                                                       | Ginori        |","| 527. Paio vasi con due manichi, decorati con ornati e figure a rilievo. Porcellana bianca, alt. m. 0.25                                                                                                                                                                       | Ginori        |",documents/BO0624_4466
501,528,"Coperchio di zuppiera, decorato con fiorellini imitando la China.                                                                                                                                                                                                        | Capodimonte   |","| 528. Coperchio di zuppiera, decorato con fiorellini imitando la China.                                                                                                                                                                                                        | Capodimonte   |",documents/BO0624_4466
502,529,"Otto piatti con decorazioni diverse, del                                                                                                                                                                                                                                 | Giappone      |","| 529. Otto piatti con decorazioni diverse, del                                                                                                                                                                                                                                 | Giappone      |",documents/BO0624_4466
503,530,"Piatto con paesaggio in colore, porcellana di                                                                                                                                                                                                                            | Berlino       |","| 530. Piatto con paesaggio in colore, porcellana di                                                                                                                                                                                                                            | Berlino       |",documents/BO0624_4466
504,531,Statuetta - L'Europa - - Porcellana in colori.                                                                                                                                                                                                                           | Sassonia      |,| 531. Statuetta - L'Europa - - Porcellana in colori.                                                                                                                                                                                                                           | Sassonia      |,documents/BO0624_4466
505,532,Coppa con piatto decorata con fregi rosso e oro. Porcellana della                                                                                                                                                                                                        |               |,| 532. Coppa con piatto decorata con fregi rosso e oro. Porcellana della                                                                                                                                                                                                        |               |,documents/BO0624_4466
506,533,Statuetta in colori - Maschera veneziana - alt. m. 0.5.                                                                                                                                                                                                                  | Napoli        |,| 533. Statuetta in colori - Maschera veneziana - alt. m. 0.5.                                                                                                                                                                                                                  | Napoli        |,documents/BO0624_4466
507,534,"Statuetta allegorica, porcellana in colori, alt. m. 0.20.                                                                                                                                                                                                                | Vinovo        |","| 534. Statuetta allegorica, porcellana in colori, alt. m. 0.20.                                                                                                                                                                                                                | Vinovo        |",documents/BO0624_4466
508,535,"Gruppo - L'Inverno e la Primavera - Porcellana in colori, alt. m. 0,35.                                                                                                                                                                                                  | Sassonia      |","| 535. Gruppo - L'Inverno e la Primavera - Porcellana in colori, alt. m. 0,35.                                                                                                                                                                                                  | Sassonia      |",documents/BO0624_4466
509,536,Gruppo di tre figure - L'infanzia di Bacco - in biscuit del                                                                                                                                                                                                              | Valpato       |,| 536. Gruppo di tre figure - L'infanzia di Bacco - in biscuit del                                                                                                                                                                                                              | Valpato       |,documents/BO0624_4466
510,537,"Gruppo di porcellana di grande dimensione rappresentante un'al- legoria -Sopra base a guisa di trono (genere rococo) siede l'Im- peratore della China, avendo nella sinistra lo scettro, circondato da tre figure: il Genio, la Storia e la Poesia; alla base accessor i |               |","| 537. Gruppo di porcellana di grande dimensione rappresentante un'al- legoria -Sopra base a guisa di trono (genere rococo) siede l'Im- peratore della China, avendo nella sinistra lo scettro, circondato da tre figure: il Genio, la Storia e la Poesia; alla base accessor i |               |
| simo esemplare di porcellana, alt. m. 0,40 p. 0,30.                                 |             |
|-------------------------------------------------------------------------------------|-------------|",documents/BO0624_4466
511,538,Piatto con fregi ed uccelli in colori. Porcellana di                           |             |,| 538. Piatto con fregi ed uccelli in colori. Porcellana di                           |             |,documents/BO0624_4466
512,539,Tazza con medaglione sopra fondo bleu-Roi                                      |             |,| 539. Tazza con medaglione sopra fondo bleu-Roi                                      |             |,documents/BO0624_4466
513,540,Gruppo di due figure in colori.                                                |             |,| 540. Gruppo di due figure in colori.                                                |             |,documents/BO0624_4466
514,541,"Vasettino a due manichi, porcellana di                                         |             |","| 541. Vasettino a due manichi, porcellana di                                         |             |",documents/BO0624_4466
515,542,"Gruppo di quattro figure — La Vendemmia - in biscuit, alt. m. 0,28 p. 0,20.    |             |","| 542. Gruppo di quattro figure — La Vendemmia - in biscuit, alt. m. 0,28 p. 0,20.    |             |",documents/BO0624_4466
516,543,"Gruppo allegorico di più figure in biscuit. Fabbrica del alt. m. 0,40 p. 0,30. |             |","| 543. Gruppo allegorico di più figure in biscuit. Fabbrica del alt. m. 0,40 p. 0,30. |             |",documents/BO0624_4466
517,544,"Tazza e piattino, con medaglini a fiori in colori.                             |             |","| 544. Tazza e piattino, con medaglini a fiori in colori.                             |             |",documents/BO0624_4466
518,545,"Due statuette allegoriche, in porcellana bianca del alt. m. 0,30.              |             |","| 545. Due statuette allegoriche, in porcellana bianca del alt. m. 0,30.              |             |",documents/BO0624_4466
519,546,"Statuetta in colori - Un Fiume - porcellana di alt. m. 0,18.                   |             |","| 546. Statuetta in colori - Un Fiume - porcellana di alt. m. 0,18.                   |             |",documents/BO0624_4466
520,547,"Statuetta in colore - Figura di Giano — alt. m. 0,15                           |             |","| 547. Statuetta in colore - Figura di Giano — alt. m. 0,15                           |             |",documents/BO0624_4466
521,548,Piatto in colore di porcellana del                                             |             |,| 548. Piatto in colore di porcellana del                                             |             |,documents/BO0624_4466
522,549,Statuetta in porcellana (R. F.)                                                |             |,| 549. Statuetta in porcellana (R. F.)                                                |             |,documents/BO0624_4466
523,550,Tazza con piattino in porcellana colorata                                      |             |,| 550. Tazza con piattino in porcellana colorata                                      |             |,documents/BO0624_4466
524,551,"Due piccoli vasi a pancia, decorati con figure                                 |             |","| 551. Due piccoli vasi a pancia, decorati con figure                                 |             |",documents/BO0624_4466
525,552,"Vaso, decorato a paesaggio con figure in colori, alt. m. 0,20                  | Capodimonte |","| 552. Vaso, decorato a paesaggio con figure in colori, alt. m. 0,20                  | Capodimonte |",documents/BO0624_4466
526,553,"Statuetta in colore - Puttino con colombo. *alt. m. 0,15.                      | Sassonia    |","| 553. Statuetta in colore - Puttino con colombo. *alt. m. 0,15.                      | Sassonia    |",documents/BO0624_4466
527,554,"Statuetta in colori. - Puttino in abito di cacciatore, alt. m. 0,15 di         | Frankenthal |","| 554. Statuetta in colori. - Puttino in abito di cacciatore, alt. m. 0,15 di         | Frankenthal |",documents/BO0624_4466
528,555,Statuetta in colore — Diana d' Efeso - (Porcellana Real Fabb).                 |             |,| 555. Statuetta in colore — Diana d' Efeso - (Porcellana Real Fabb).                 |             |,documents/BO0624_4466
529,556,"Statuetta in colore, figura di Vestale, alt. m. 0,12                           | Napoli      |","| 556. Statuetta in colore, figura di Vestale, alt. m. 0,12                           | Napoli      |
| Porcellana bianca, alt. m. 0,25.                                                    | Chantilly   |",documents/BO0624_4466
530,558,"Vaso con fregi bianchi sopra fondo azzurro. Biscuit, alt. m. 0,15.             | Wedgwood    |","| 558. Vaso con fregi bianchi sopra fondo azzurro. Biscuit, alt. m. 0,15.             | Wedgwood    |",documents/BO0624_4466
531,559,"Statuetta - Cerere - biscuit, alt. m. 0,20.                                    | Napoli      |","| 559. Statuetta - Cerere - biscuit, alt. m. 0,20.                                    | Napoli      |
| ahocem. - Vestale — biscuit, alt. m. 0,20.                                          | Napoli      |",documents/BO0624_4466
532,561,"Idem - Suonatrice di tibie - biscuit, alt. m. 0,20 di                          | Napoli      |","| 561. Idem - Suonatrice di tibie - biscuit, alt. m. 0,20 di                          | Napoli      |",documents/BO0624_4466
533,562,Gruppo di porcellana in colori - Nettuno nel cocchio tirato da cavalli         |             |,"| 562. Gruppo di porcellana in colori - Nettuno nel cocchio tirato da cavalli         |             |
| marini, e circondato da Tritoni alt. m. 0,25 p. 0,40.                                                                                                                | renna       |
|----------------------------------------------------------------------------------------------------------------------------------------------------------------------|-------------|",documents/BO0624_4466
534,563,"Piatto di porcellana, (genere séladon) in grigio, diam. m. 0,41.                                                                                                | China       |","| 563. Piatto di porcellana, (genere séladon) in grigio, diam. m. 0,41.                                                                                                | China       |",documents/BO0624_4466
535,564,"Vaso con fiorellini a rilievo in colori, alt. m. 0,15                                                                                                           | Capodimonte |","| 564. Vaso con fiorellini a rilievo in colori, alt. m. 0,15                                                                                                           | Capodimonte |",documents/BO0624_4466
536,565,"Gruppo di due figure - Maschere napolitane - in porcellana bianca alt. m. 0,15.                                                                                 | Capodimonte |","| 565. Gruppo di due figure - Maschere napolitane - in porcellana bianca alt. m. 0,15.                                                                                 | Capodimonte |",documents/BO0624_4466
537,566,Salsiera con fiori in colori.                                                                                                                                   | Sassonia    |,| 566. Salsiera con fiori in colori.                                                                                                                                   | Sassonia    |,documents/BO0624_4466
538,567,Figura di donna in porcellana bianca.                                                                                                                           | China       |,| 567. Figura di donna in porcellana bianca.                                                                                                                           | China       |,documents/BO0624_4466
539,568,"| 568. Paio candelieri di porcellana, segnati J. P.","| 568. Paio candelieri di porcellana, segnati J. P.",documents/BO0624_4466
540,569,"569. Caffettiera con fiori in colori, porcellana di                                                                | Cap","569. Caffettiera con fiori in colori, porcellana di                                                                | Capodimonte |",documents/BO0624_4466
541,570,Una Chimera in porcellana bianca della                                                                                                                          | China       |,| 570. Una Chimera in porcellana bianca della                                                                                                                          | China       |,documents/BO0624_4466
542,571,"Gruppo di tre figure - Adone e Venere ed Amorino alato, alt. m. 0,20.                                                                                           | Sassonia    |","| 571. Gruppo di tre figure - Adone e Venere ed Amorino alato, alt. m. 0,20.                                                                                           | Sassonia    |",documents/BO0624_4466
543,572,"Candelabro, di stile egiziano, a tre braccia e cariatide in colori listata di oro, e base imitando il porfido - Ferdinando IV 0,60.                             | Napoli      |","| 572. Candelabro, di stile egiziano, a tre braccia e cariatide in colori listata di oro, e base imitando il porfido - Ferdinando IV 0,60.                             | Napoli      |",documents/BO0624_4466
544,573,"Vaso in colore con due anse di forma oblungo e base scannellata, decorato a soggetto baccanale all'ingiro; festoni con ricca deco- razione in oro alt. m. 0,40. | St. Cloud   |","| 573. Vaso in colore con due anse di forma oblungo e base scannellata, decorato a soggetto baccanale all'ingiro; festoni con ricca deco- razione in oro alt. m. 0,40. | St. Cloud   |",documents/BO0624_4466
545,574,"Gruppo di due figure - L'Està e L'Autunno - Porcellana in co- lori alt. m. 0,35.                                                                                | Sassonia    |","| 574. Gruppo di due figure - L'Està e L'Autunno - Porcellana in co- lori alt. m. 0,35.                                                                                | Sassonia    |",documents/BO0624_4466
546,575,Gruppo di tre figure rappresentanti contadini ( Biscuit del Giu-                                                                                                | Napoli      |,| 575. Gruppo di tre figure rappresentanti contadini ( Biscuit del Giu-                                                                                                | Napoli      |,documents/BO0624_4466
547,576,Piatto con fregi ed uccelli in colori. Porcellana (Fabb. Reale). Napoli                                                                                         |             |,| 576. Piatto con fregi ed uccelli in colori. Porcellana (Fabb. Reale). Napoli                                                                                         |             |,documents/BO0624_4466
548,577,"Piatto in colori: orlo in oro e piccoli fiori, m. 0,25.                                                                                                         | Sèvres      |","| 577. Piatto in colori: orlo in oro e piccoli fiori, m. 0,25.                                                                                                         | Sèvres      |",documents/BO0624_4466
549,578,"Statuetta - Vestale - in biscuit, alt. m. 0,20.                                                                                                                 | Napoli      |","| 578. Statuetta - Vestale - in biscuit, alt. m. 0,20.                                                                                                                 | Napoli      |",documents/BO0624_4466
550,579,Sei piatti in porcellana colorata del                                                                                                                           | Giappone    |,| 579. Sei piatti in porcellana colorata del                                                                                                                           | Giappone    |,documents/BO0624_4466
551,580,Vaso (corbeille) con piatto in colori.                                                                                                                          | Ginori      |,| 580. Vaso (corbeille) con piatto in colori.                                                                                                                          | Ginori      |,documents/BO0624_4466
552,581,Idem (corbeille) con piatto.                                                                                                                                    | a?n07       |,| 581. Idem (corbeille) con piatto.                                                                                                                                    | a?n07       |,documents/BO0624_4466
553,582,"Statuetta in colori - Dansatrice - alt. m. 0,12.                                                                                                                | Sassonia    |","| 582. Statuetta in colori - Dansatrice - alt. m. 0,12.                                                                                                                | Sassonia    |",documents/BO0624_4466
554,583,Due piatti in porcellana colorata.                                                                                                                              | Napol       |,| 583. Due piatti in porcellana colorata.                                                                                                                              | Napol       |,documents/BO0624_4466
555,584,Statuetta - Contadina - in bescuit di                                                                                                                           |             |,| 584. Statuetta - Contadina - in bescuit di                                                                                                                           |             |,documents/BO0624_4466
556,585,Zupperina con coperchio e piatto in porcellaua colorata. (Epoca Luigi Filippo).                                                                                 | Sèvres      |,| 585. Zupperina con coperchio e piatto in porcellaua colorata. (Epoca Luigi Filippo).                                                                                 | Sèvres      |,documents/BO0624_4466
557,586,Vaso di porcellana bianca con ornati a rilievo.                                                                                                                 | Wedgwood    |,| 586. Vaso di porcellana bianca con ornati a rilievo.                                                                                                                 | Wedgwood    |,documents/BO0624_4466
558,587,"Piccola vacca di porcellana in colore, alt. m. 0,15                                                                                        | Sassonia                                                                 |","| 587. Piccola vacca di porcellana in colore, alt. m. 0,15                                                                                        | Sassonia                                                                 |
|-------------------------------------------------------------------------------------------------------------------------------------------------|--------------------------------------------------------------------------|",documents/BO0624_4466
559,588,"Scatolo con diciassette pezzi, per servizio da Caffè, in porcellana dipinta con farfalle. Capodimonte                                      |                                                                          |","| 588. Scatolo con diciassette pezzi, per servizio da Caffè, in porcellana dipinta con farfalle. Capodimonte                                      |                                                                          |",documents/BO0624_4466
560,589,"Statuetta in colori. - Contadinello venditore di frutta - alt. m. 0,13.                                                                    | Sassomia                                                                 |","| 589. Statuetta in colori. - Contadinello venditore di frutta - alt. m. 0,13.                                                                    | Sassomia                                                                 |",documents/BO0624_4466
561,590,Due piatti orlati in oro e vedutine in carminio - Porcellana del                                                                           | Ginori                                                                   |,| 590. Due piatti orlati in oro e vedutine in carminio - Porcellana del                                                                           | Ginori                                                                   |,documents/BO0624_4466
562,591,"Zuppiera raffigurante una chioccia con pulcini marcata J. P. Diam. m. 0,30.                                                                |                                                                          |","| 591. Zuppiera raffigurante una chioccia con pulcini marcata J. P. Diam. m. 0,30.                                                                |                                                                          |",documents/BO0624_4466
563,592,Statuetta in colori - Maschera veneziana - Porcellana. 210. 30.020                                                                         | Napoli                                                                   |,| 592. Statuetta in colori - Maschera veneziana - Porcellana. 210. 30.020                                                                         | Napoli                                                                   |,documents/BO0624_4466
564,593,"Calamariera composta di sei pezzi, decorati con fregi in oro e me- daglioni in colori, raffiguranti uomini illustri (Dipinto del Giovine). | Napoli                                                                   |","| 593. Calamariera composta di sei pezzi, decorati con fregi in oro e me- daglioni in colori, raffiguranti uomini illustri (Dipinto del Giovine). | Napoli                                                                   |",documents/BO0624_4466
565,594,Piatto di porcellana in colori con medaglioni (Luigi Filippo). Sèvres                                                                      |                                                                          |,| 594. Piatto di porcellana in colori con medaglioni (Luigi Filippo). Sèvres                                                                      |                                                                          |,documents/BO0624_4466
566,595,"Statuetta Sileno-in biscuit, alt. m. 0,30. del Vecchio.                                                                                    |                                                                          |","| 595. Statuetta Sileno-in biscuit, alt. m. 0,30. del Vecchio.                                                                                    |                                                                          |",documents/BO0624_4466
567,596,| 596. Piccola statuetta in biscuit colorata.,| 596. Piccola statuetta in biscuit colorata.,documents/BO0624_4466
568,597,| 597. Grande coppa decorata con fogliami in colori e fregi in oro. Napoli |,| 597. Grande coppa decorata con fogliami in colori e fregi in oro. Napoli |,documents/BO0624_4466
569,598,"Piccola pecora di porcellana in colori, alt. m. 0,06.                                                                                      | Sassonia                                                                 |","| 598. Piccola pecora di porcellana in colori, alt. m. 0,06.                                                                                      | Sassonia                                                                 |",documents/BO0624_4466
570,599,"Statuetta in porcellana, figura di contadina.                                                                                              | Ginori                                                                   |","| 599. Statuetta in porcellana, figura di contadina.                                                                                              | Ginori                                                                   |",documents/BO0624_4466
571,600,Un piccolo cane in porcellana colorata.                                                                                                    |                                                                          |,| 600. Un piccolo cane in porcellana colorata.                                                                                                    |                                                                          |,documents/BO0624_4466
572,601,Statuetta - Diana cacciatrice con cane — di porcellana in colore.                                                                          | Frakenthal                                                               |,| 601. Statuetta - Diana cacciatrice con cane — di porcellana in colore.                                                                          | Frakenthal                                                               |,documents/BO0624_4466
573,602,"Paio vasi di porcellana, decorati con figure a rilievo in colori.                                                                          | Napoli                                                                   |","| 602. Paio vasi di porcellana, decorati con figure a rilievo in colori.                                                                          | Napoli                                                                   |",documents/BO0624_4466
574,603,"Piatto in colori e fregi in oro, nel mezzo - Il Trionfo di Bacco - Porcellana di                                                           | Vienna                                                                   |","| 603. Piatto in colori e fregi in oro, nel mezzo - Il Trionfo di Bacco - Porcellana di                                                           | Vienna                                                                   |",documents/BO0624_4466
575,604,"Piatto in colori e fregi in oro, nel mezzo soggetto allegorico, Por- cellana di                                                            | Vienna                                                                   |","| 604. Piatto in colori e fregi in oro, nel mezzo soggetto allegorico, Por- cellana di                                                            | Vienna                                                                   |",documents/BO0624_4466
576,605,"Zuppierina a due anse, decorata con quattro medaglioni in colori, rappresentante amorini, alt. m. 0,12 per m. 0,15.                        | Capodimonte                                                              |","| 605. Zuppierina a due anse, decorata con quattro medaglioni in colori, rappresentante amorini, alt. m. 0,12 per m. 0,15.                        | Capodimonte                                                              |",documents/BO0624_4466
577,606,"Secchia con due anse a guisa di tronchi, e grappoli di uve in co- lori sopra fondo bianco, alt. m. 0,30.                                   | Capodimonte                                                              |","| 606. Secchia con due anse a guisa di tronchi, e grappoli di uve in co- lori sopra fondo bianco, alt. m. 0,30.                                   | Capodimonte                                                              |",documents/BO0624_4466
578,607,"Fruttiera con piatto decorata con fiorellini in colori, Porcellana di                                                                      | Napoli                                                                   |","| 607. Fruttiera con piatto decorata con fiorellini in colori, Porcellana di                                                                      | Napoli                                                                   |",documents/BO0624_4466
579,608,"Grande gruppo a tre figure - L'accomiato di Paride dalla Bella Elena — Grazioso modello di biscuit (Epoca Luigi XVI), alt. m. 0,40.   | Sèvres                                                                               |","| 608. Grande gruppo a tre figure - L'accomiato di Paride dalla Bella Elena — Grazioso modello di biscuit (Epoca Luigi XVI), alt. m. 0,40.   | Sèvres                                                                               |
|--------------------------------------------------------------------------------------------------------------------------------------------|--------------------------------------------------------------------------------------|",documents/BO0624_4466
580,609,"Statuetta in colori, porcellana di alt. m. 0,16.                                                                                      | Chelsea                                                                              |","| 609. Statuetta in colori, porcellana di alt. m. 0,16.                                                                                      | Chelsea                                                                              |",documents/BO0624_4466
581,610,"Vasettino a tre piedi, decorato con ornati in oro ed in colori sopra fondo bianco, porcellana, alt. m. 0,20.                          | Vienna                                                                               |","| 610. Vasettino a tre piedi, decorato con ornati in oro ed in colori sopra fondo bianco, porcellana, alt. m. 0,20.                          | Vienna                                                                               |",documents/BO0624_4466
582,611,"Statuetta in colori, rappresentante una giovane donna in costume spagnuolo, alt. m. 0,12.                                             | Buen Retiro                                                                          |","| 611. Statuetta in colori, rappresentante una giovane donna in costume spagnuolo, alt. m. 0,12.                                             | Buen Retiro                                                                          |",documents/BO0624_4466
583,612,"Vaso con fiorellini a rilievo in colori, porcellana alt. m. 0,16.                                                                     | Capodimonte                                                                          |","| 612. Vaso con fiorellini a rilievo in colori, porcellana alt. m. 0,16.                                                                     | Capodimonte                                                                          |",documents/BO0624_4466
584,613,"Boccale decorato con fiori in colori — alt. m. 0,28.                                                                                  | Capodimonte                                                                          |","| 613. Boccale decorato con fiori in colori — alt. m. 0,28.                                                                                  | Capodimonte                                                                          |",documents/BO0624_4466
585,614,"Statuetta in colori - Suonatrice di sistro - porcellana, alt. m. 0,25.                                                                | Sassonia                                                                             |","| 614. Statuetta in colori - Suonatrice di sistro - porcellana, alt. m. 0,25.                                                                | Sassonia                                                                             |",documents/BO0624_4466
586,615,"Un piatto con paesaggio, in porcellana di                                                                                             | Napoli                                                                               |","| 615. Un piatto con paesaggio, in porcellana di                                                                                             | Napoli                                                                               |",documents/BO0624_4466
587,616,Statuetta - Contadina con paniere — in porcellana di                                                                                  | Sassonia                                                                             |,| 616. Statuetta - Contadina con paniere — in porcellana di                                                                                  | Sassonia                                                                             |,documents/BO0624_4466
588,617,"Una caffettiera, fondo marron, con rose                                                                                               | China                                                                                |","| 617. Una caffettiera, fondo marron, con rose                                                                                               | China                                                                                |",documents/BO0624_4466
589,618,"Statuetta di porcellana in colori, alt. m. 0,35.                                                                                      | China                                                                                |","| 618. Statuetta di porcellana in colori, alt. m. 0,35.                                                                                      | China                                                                                |",documents/BO0624_4466
590,619,"Zuppiera raffigurante un' anitra accovacciata sopra foglie di ver- dura — porcellana in colori — dia. m. 0,40                         | Capodimonte                                                                          |","| 619. Zuppiera raffigurante un' anitra accovacciata sopra foglie di ver- dura — porcellana in colori — dia. m. 0,40                         | Capodimonte                                                                          |",documents/BO0624_4466
591,620,"Gruppo — L' Arcangelo e Tobia - (Real Fabb.) alt. m. 0,60.                                                                            | Napoli                                                                               |","| 620. Gruppo — L' Arcangelo e Tobia - (Real Fabb.) alt. m. 0,60.                                                                            | Napoli                                                                               |",documents/BO0624_4466
592,621,"Vaso, decorato con mascheroni e festoni di fiori e frutta in rilievo, porcellana bianca, alt. m. 0,20.                                | Capodimonte                                                                          |","| 621. Vaso, decorato con mascheroni e festoni di fiori e frutta in rilievo, porcellana bianca, alt. m. 0,20.                                | Capodimonte                                                                          |",documents/BO0624_4466
593,622,"| 622. Vaso, per fiori, in porcellana colorata, fabbrica di","| 622. Vaso, per fiori, in porcellana colorata, fabbrica di",documents/BO0624_4466
594,623,623. Gruppo di cinque figurine in colori — porcellana di                         | Napoli                               ,"623. Gruppo di cinque figurine in colori — porcellana di                         | Napoli                                                                               |
| alt. m. 0,35 per 0,30. (Giovine).",documents/BO0624_4466
595,624,"| 624. Boccale e bacino in porcellana colorata a fiori, e fregi in oro Sassonia Napoli |","| 624. Boccale e bacino in porcellana colorata a fiori, e fregi in oro Sassonia Napoli |",documents/BO0624_4466
596,625,"Paio vasi in biscuit, decorati con figurine sopra fondo bleu chiaro.                                                                  | Wedgwood                                                                             |","| 625. Paio vasi in biscuit, decorati con figurine sopra fondo bleu chiaro.                                                                  | Wedgwood                                                                             |
|                                                                                                                                            | 627. Piatto in colori e fregi in oro, nel mezzo - Il ratto di Europa — Vienna        |",documents/BO0624_4466
597,626,Gruppo - Bacco sulla botte e putto — in porcell. bianca di Berlino                                                                    |                                                                                      |,"| 626. Gruppo - Bacco sulla botte e putto — in porcell. bianca di Berlino                                                                    |                                                                                      |
| porcellana di 628. Tazza per the, decorata con figura a rilievo in colori.                                                                 |                                                                                      |",documents/BO0624_4466
598,629,"| 629. Vasettino con grappoli di uva a rilievo, porcellana in colori, | 629. Vasettino con grappoli di uva a rilievo, porcellana in colori,   |","| 629. Vasettino con grappoli di uva a rilievo, porcellana in colori, | 629. Vasettino con grappoli di uva a rilievo, porcellana in colori,   |
|-------------------------------------------------------------------------------------------------------------------------------------|-----------------------------------------------------------------------|
| alt. m. 0,15.",documents/BO0624_4466
599,630,630. Due piatti con fiori in colori.                                                                                  | ,630. Due piatti con fiori in colori.                                                                                  | Capodimonte Indo-China                                                |,documents/BO0624_4466
600,631,Due candelieri in porcellana di                                                                                                | Napoli                                                                |,| 631. Due candelieri in porcellana di                                                                                                | Napoli                                                                |,documents/BO0624_4466
601,632,"Una tazza per brodo, con coperchio e piatto a fregi dorati, por- cenara mancese                                                |                                                                       |","| 632. Una tazza per brodo, con coperchio e piatto a fregi dorati, por- cenara mancese                                                |                                                                       |",documents/BO0624_4466
602,633,Placchetta ovale in porcellana                                                                                                 | Wedgwood                                                              |,| 633. Placchetta ovale in porcellana                                                                                                 | Wedgwood                                                              |,documents/BO0624_4466
603,634,"Vaso da profumo: tre puttini ne formano la base. Porcellana in colori, alt. m. 0,35 di                                         | Sassonia                                                              |","| 634. Vaso da profumo: tre puttini ne formano la base. Porcellana in colori, alt. m. 0,35 di                                         | Sassonia                                                              |",documents/BO0624_4466
604,634,bis - Idem.                                                                                                                    | paesanan                                                              |,"| 634. bis - Idem.                                                                                                                    | paesanan                                                              |
| OOO. Gruppo di otto figure, situate sopra sasso, in atteggiamenti diversi. Porcellana bianca (epoca Ferdinando IV ), alt. m. 0,40   |                                                                       |",documents/BO0624_4466
605,636,"Gruppo a tre figure in colori - Il ratto di Europa alt. m. 0,30.                                                               | Napoli                                                                |","| 636. Gruppo a tre figure in colori - Il ratto di Europa alt. m. 0,30.                                                               | Napoli                                                                |",documents/BO0624_4466
606,637,Tazza in colori rappresentante costumi di contadini.                                                                           | 1111                                                                  |,| 637. Tazza in colori rappresentante costumi di contadini.                                                                           | 1111                                                                  |,documents/BO0624_4466
607,638,Idem                                                                                                                           |                                                                       |,| 638. Idem                                                                                                                           |                                                                       |,documents/BO0624_4466
608,639,Idem                                                                                                                           |                                                                       |,| 639. Idem                                                                                                                           |                                                                       |,documents/BO0624_4466
609,640,"Vaso decorato con fregi e medaglioni in colore (grisaille) alt. m. 0,40.                                                       |                                                                       |","| 640. Vaso decorato con fregi e medaglioni in colore (grisaille) alt. m. 0,40.                                                       |                                                                       |",documents/BO0624_4466
610,641,"Statuetta in colori, figura di giardiniera, alt. m. 0,10                                                                       |                                                                       |","| 641. Statuetta in colori, figura di giardiniera, alt. m. 0,10                                                                       |                                                                       |",documents/BO0624_4466
611,642,"Statuetta di porcellana in colori, alt. m. 0,15.                                                                               |                                                                       |","| 642. Statuetta di porcellana in colori, alt. m. 0,15.                                                                               |                                                                       |",documents/BO0624_4466
612,643,Tazza decorata con oro e medaglioni con fiori in colori.                                                                       | Vienna                                                                |,| 643. Tazza decorata con oro e medaglioni con fiori in colori.                                                                       | Vienna                                                                |,documents/BO0624_4466
613,641,"Gruppo di due figure — Venditore di pesci in costume spagnuolo- alt. m. 0,25.                                                  | Buen Retiro                                                           |","| 641. Gruppo di due figure — Venditore di pesci in costume spagnuolo- alt. m. 0,25.                                                  | Buen Retiro                                                           |",documents/BO0624_4466
614,645,"Due vasettini decorati con fiorellini in colori, alt. m. 0,05. Capodimonte                                                     |                                                                       |","| 645. Due vasettini decorati con fiorellini in colori, alt. m. 0,05. Capodimonte                                                     |                                                                       |",documents/BO0624_4466
615,646,"Piatto centinato, con orlo in oro e fiori in colori imitando la China. 647 Statuetta — Contadinella in biscuit — alt. m. 0,13. | Capodimonte Sassonia                                                  |","| 646. Piatto centinato, con orlo in oro e fiori in colori imitando la China. 647 Statuetta — Contadinella in biscuit — alt. m. 0,13. | Capodimonte Sassonia                                                  |",documents/BO0624_4466
616,648,Due piatti ottagonali in porcellana della                                                                                      |                                                                       |,"| 648. Due piatti ottagonali in porcellana della                                                                                      |                                                                       |
|                                                                                                                                     | China                                                                 |",documents/BO0624_4466
617,649,Un cagnolino in colori porcellana francese.                                                                                    | Napoli                                                                |,| 649. Un cagnolino in colori porcellana francese.                                                                                    | Napoli                                                                |,documents/BO0624_4466
618,650,| 650. Due vasettini con costumi napoletani in colori,| 650. Due vasettini con costumi napoletani in colori,documents/BO0624_4466
619,651,"651. Figura, magot, in porcellana colorata, alt. m. 0,38.                       | China China                           ","651. Figura, magot, in porcellana colorata, alt. m. 0,38.                       | China China                                                           |",documents/BO0624_4466
620,652,"Statuetta in colori - Giovane giardiniera — alt. m. 0,25. Sassonia                                                             |                                                                       |","| 652. Statuetta in colori - Giovane giardiniera — alt. m. 0,25. Sassonia                                                             |                                                                       |",documents/BO0624_4466
621,653,"Gruppo — L'Europa e l'America — porcellana in colori,                                                                          | Sassoni                                                               |","| 653. Gruppo — L'Europa e l'America — porcellana in colori,                                                                          | Sassoni                                                               |
| alt. m. 0,30.                                                                                                                       |                                                                       |
Gruppo tre Amorini in porcellana colorata,",documents/BO0624_4466
622,654,"alt.id m. 0,18                                                                                             | Sassonia      |","| 654. alt.id m. 0,18                                                                                             | Sassonia      |
|-----------------------------------------------------------------------------------------------------------------|---------------|",documents/BO0624_4466
623,655,"Gruppo — Ulisse e Calipso - mezza porcellana (Fabbrica Reale) alt. m. 0,30.                                | Napoli        |","| 655. Gruppo — Ulisse e Calipso - mezza porcellana (Fabbrica Reale) alt. m. 0,30.                                | Napoli        |",documents/BO0624_4466
624,656,"Lotto - Caffettiera, zuccariera e lattiera: decorazioni in oro e medaglioni in colori (Dipinto di Giovine) | Napoli        |","| 656. Lotto - Caffettiera, zuccariera e lattiera: decorazioni in oro e medaglioni in colori (Dipinto di Giovine) | Napoli        |",documents/BO0624_4466
625,657,"Statuetta in colori, alt. m. 0,10.                                                                         | Carlo Teodoro |","| 657. Statuetta in colori, alt. m. 0,10.                                                                         | Carlo Teodoro |",documents/BO0624_4466
626,658,"Gruppo di contadinelli in biscuit, alt. m. 0,20 per 0,15.                                                  | Napoli        |","| 658. Gruppo di contadinelli in biscuit, alt. m. 0,20 per 0,15.                                                  | Napoli        |",documents/BO0624_4466
627,659,"Una pernice di porcellana in colori, alt. m. 0,10.                                                         | Vienna        |","| 659. Una pernice di porcellana in colori, alt. m. 0,10.                                                         | Vienna        |",documents/BO0624_4466
628,660,Due piatti ottagonali in colori del                                                                        | Giappone      |,| 660. Due piatti ottagonali in colori del                                                                        | Giappone      |,documents/BO0624_4466
629,661,"Statuetta di contadinella in porcellana bianca, alt. m. 0,15.                                              | Ginor         |","| 661. Statuetta di contadinella in porcellana bianca, alt. m. 0,15.                                              | Ginor         |",documents/BO0624_4466
630,662,"Gruppo — Due Amorini — di porcellana colorata, alt. m. 0,12.                                               |               |","| 662. Gruppo — Due Amorini — di porcellana colorata, alt. m. 0,12.                                               |               |",documents/BO0624_4466
631,663,"Statuetta in colori figura di donna, alt. 0,12.                                                            |               |","| 663. Statuetta in colori figura di donna, alt. 0,12.                                                            |               |",documents/BO0624_4466
632,664,Placca di porcellana dipinta con figure e paesaggio.                                                       |               |,| 664. Placca di porcellana dipinta con figure e paesaggio.                                                       |               |,documents/BO0624_4466
633,665,Orologio di porcellana in colore: segnato J. P.                                                            |               |,| 665. Orologio di porcellana in colore: segnato J. P.                                                            |               |,documents/BO0624_4466
634,666,"Zuppierina con coperchio dipinta a paesaggi, porcellana di                                                 |               |","| 666. Zuppierina con coperchio dipinta a paesaggi, porcellana di                                                 |               |",documents/BO0624_4466
635,668,"Gruppo — L' Asia e L' Africa - porcellana in colore, alt. m. 035                                           | Sassonia      |","| 668. Gruppo — L' Asia e L' Africa - porcellana in colore, alt. m. 035                                           | Sassonia      |",documents/BO0624_4466
636,669,"Vaso rinfrescatoio a due manichi, decorato con fiori in colori sopra Iondo bianco, alt. m. 0,20.           | Clignancourt  |","| 669. Vaso rinfrescatoio a due manichi, decorato con fiori in colori sopra Iondo bianco, alt. m. 0,20.           | Clignancourt  |",documents/BO0624_4466
637,670,"Tazza, in colori e medaglioni a soggetti mitologici, in porcellana                                         | Napoli        |","| 670. Tazza, in colori e medaglioni a soggetti mitologici, in porcellana                                         | Napoli        |",documents/BO0624_4466
638,671,Lotto - Caffettiera e cinque tazze-decorate con ornati in oro so- pra fondo bianco.                        | Venezia       |,| 671. Lotto - Caffettiera e cinque tazze-decorate con ornati in oro so- pra fondo bianco.                        | Venezia       |,documents/BO0624_4466
639,672,"Vaso con figure etrusche, su fondo nero.                                                                   | Vienna        |","| 672. Vaso con figure etrusche, su fondo nero.                                                                   | Vienna        |",documents/BO0624_4466
640,673,Tazza per thè decorata con figure a rilievo in colori.                                                     | Ginori        |,| 673. Tazza per thè decorata con figure a rilievo in colori.                                                     | Ginori        |,documents/BO0624_4466
641,674,Vaso decorato con fiori in colori. Porcellana di                                                           | Capodimonte   |,| 674. Vaso decorato con fiori in colori. Porcellana di                                                           | Capodimonte   |,documents/BO0624_4466
642,675,Vaso decorato con fiorellini in rilievo. Porcellana di                                                     | Capodimonte   |,| 675. Vaso decorato con fiorellini in rilievo. Porcellana di                                                     | Capodimonte   |,documents/BO0624_4466
643,676,Sei piatti con differenti decorazioni in porcellana del                                                    | Giappone      |,| 676. Sei piatti con differenti decorazioni in porcellana del                                                    | Giappone      |,documents/BO0624_4466
644,677,"Due piatti con vedute, in porcellana dorata.                                                               |               |","| 677. Due piatti con vedute, in porcellana dorata.                                                               |               |",documents/BO0624_4466
645,678,Statuetta in porcellana di                                                                                 | Kroenenbourg  |,| 678. Statuetta in porcellana di                                                                                 | Kroenenbourg  |,documents/BO0624_4466
646,679,Caffettiera di porcellana con dipinto di caccia in colori. Napoli                                          |               |,| 679. Caffettiera di porcellana con dipinto di caccia in colori. Napoli                                          |               |,documents/BO0624_4466
647,680,"Calamariera con coperchio, rappresentante la Capra amaltea e Gio- ve. Porcellana colorata (Jacques Petit)                  | 680. Calamariera con coperchio, rappresentante la Capra amaltea e Gio- ve. Porcellana colorata (Jacques Petit)   |","| 680. Calamariera con coperchio, rappresentante la Capra amaltea e Gio- ve. Porcellana colorata (Jacques Petit)                  | 680. Calamariera con coperchio, rappresentante la Capra amaltea e Gio- ve. Porcellana colorata (Jacques Petit)   |
|---------------------------------------------------------------------------------------------------------------------------------|------------------------------------------------------------------------------------------------------------------|",documents/BO0624_4466
648,681,"Gruppo di quattro figure, rappresentante contadinelli e contadinelle in atteggiamenti diversi ( Marcolini ), alt. m. 0,30. | Sassonia                                                                                                         |","| 681. Gruppo di quattro figure, rappresentante contadinelli e contadinelle in atteggiamenti diversi ( Marcolini ), alt. m. 0,30. | Sassonia                                                                                                         |",documents/BO0624_4466
649,682,"Gruppo di tre figure in colori - Giovane donna seduta con due bambini — alt. 0,25.                                         | Sassonia                                                                                                         |","| 682. Gruppo di tre figure in colori - Giovane donna seduta con due bambini — alt. 0,25.                                         | Sassonia                                                                                                         |",documents/BO0624_4466
650,683,Tazza decorata con figurine in colori.                                                                                     | Sassonia                                                                                                         |,| 683. Tazza decorata con figurine in colori.                                                                                     | Sassonia                                                                                                         |,documents/BO0624_4466
651,684,"Vaso di bellissima decorazione di fiori a rilievo. Porcellana in co- lore, alt. m. 0,35.                                   | Clignancourt                                                                                                     |","| 684. Vaso di bellissima decorazione di fiori a rilievo. Porcellana in co- lore, alt. m. 0,35.                                   | Clignancourt                                                                                                     |",documents/BO0624_4466
652,685,"Statuetta in colori, alt. m. 0,30.                                                                                         | Giappone                                                                                                         |","| 685. Statuetta in colori, alt. m. 0,30.                                                                                         | Giappone                                                                                                         |",documents/BO0624_4466
653,686,"Statuetta in colori; figura giapponese, alt. m. 0,30.                                                                      |                                                                                                                  |","| 686. Statuetta in colori; figura giapponese, alt. m. 0,30.                                                                      |                                                                                                                  |",documents/BO0624_4466
654,687,Tazza in porcellana bianca con figurine in colori                                                                          |                                                                                                                  |,| 687. Tazza in porcellana bianca con figurine in colori                                                                          |                                                                                                                  |,documents/BO0624_4466
655,688,Tazza in porcellana bianca con figurine in colori                                                                          |                                                                                                                  |,| 688. Tazza in porcellana bianca con figurine in colori                                                                          |                                                                                                                  |,documents/BO0624_4466
656,689,Tazza senza piatto ( Ferdinando IV ).                                                                                      |                                                                                                                  |,| 689. Tazza senza piatto ( Ferdinando IV ).                                                                                      |                                                                                                                  |,documents/BO0624_4466
657,690,"Profumiera con coperchio, alt. m. 0,20.                                                                                    | Sassonia                                                                                                         |","| 690. Profumiera con coperchio, alt. m. 0,20.                                                                                    | Sassonia                                                                                                         |",documents/BO0624_4466
658,691,"Due cornets, decorati con figure, in porcellana del                                                                        | Giappone                                                                                                         |","| 691. Due cornets, decorati con figure, in porcellana del                                                                        | Giappone                                                                                                         |",documents/BO0624_4466
659,692,Tre vasetti a pancia in porcellana della                                                                                   | China                                                                                                            |,| 692. Tre vasetti a pancia in porcellana della                                                                                   | China                                                                                                            |,documents/BO0624_4466
660,693,Vaso decorato con fregi in colori                                                                                          | Napoli                                                                                                           |,| 693. Vaso decorato con fregi in colori                                                                                          | Napoli                                                                                                           |,documents/BO0624_4466
661,694,"Una contadina, porcellana di                                                                                               | Zurigo                                                                                                           |","| 694. Una contadina, porcellana di                                                                                               | Zurigo                                                                                                           |",documents/BO0624_4466
662,695,"Due vasi con manichi, decorati con ritratti di donne. Porcellana francese                                                  |                                                                                                                  |","| 695. Due vasi con manichi, decorati con ritratti di donne. Porcellana francese                                                  |                                                                                                                  |",documents/BO0624_4466
663,696,"Statuetta - - Minerva - porcellana in colore, alt. m. 0,35. Sassonia                                                       |                                                                                                                  |","| 696. Statuetta - - Minerva - porcellana in colore, alt. m. 0,35. Sassonia                                                       |                                                                                                                  |",documents/BO0624_4466
664,697,"Statuetta, Alessandro (pendant) porcellana in colore, alt. m. 0,35.                                                        | Sassonia                                                                                                         |","| 697. Statuetta, Alessandro (pendant) porcellana in colore, alt. m. 0,35.                                                        | Sassonia                                                                                                         |",documents/BO0624_4466
665,698,"Piatto di bella decorazione in colori e oro, in porcellana, diam. m. 0,40                                                  | China                                                                                                            |","| 698. Piatto di bella decorazione in colori e oro, in porcellana, diam. m. 0,40                                                  | China                                                                                                            |",documents/BO0624_4466
666,699,Quattro vasettini di biscuit con manichi e base                                                                            | Capodimonte                                                                                                      |,| 699. Quattro vasettini di biscuit con manichi e base                                                                            | Capodimonte                                                                                                      |,documents/BO0624_4466
667,700,"Statuetta in colori - Contadina con capre - porcellana, alt. m. 0,22.                                                      |                                                                                                                  |","| 700. Statuetta in colori - Contadina con capre - porcellana, alt. m. 0,22.                                                      |                                                                                                                  |",documents/BO0624_4466
668,701,"Statuetta in colori - Contadino - porcellana, alt. m. 0,20.                                                                | Frankenthal                                                                                                      |","| 701. Statuetta in colori - Contadino - porcellana, alt. m. 0,20.                                                                | Frankenthal                                                                                                      |",documents/BO0624_4466
669,702,Bustino di porcellana in colori (Fabbrica Reale).                                                                          |                                                                                                                  |,| 702. Bustino di porcellana in colori (Fabbrica Reale).                                                                          |                                                                                                                  |,documents/BO0624_4466
670,703,"| 703. Vaso con tre piedi e due manichi, decorato con vedute di Na-                                                     ","| 703. Vaso con tre piedi e due manichi, decorato con vedute di Na-                                                               |                                                                                                                  |
| poli (Epoca Ferdinando IV), alt. m. 0.37.",documents/BO0624_4466
671,704,704. Bustino di porcellana in colori (Fabbrica Reale).                                |                                 ,704. Bustino di porcellana in colori (Fabbrica Reale).                                |                                                                                                                  |,documents/BO0624_4466
672,705,"Orologio con base. Bel modello Luigi XV di decorazione e di for- * ma, alt. m. 0.45 per 0.30. Sassoma                                               |","| 705. Orologio con base. Bel modello Luigi XV di decorazione e di for- * ma, alt. m. 0.45 per 0.30. Sassoma                                               |
|----------------------------------------------------------------------------------------------------------------------------------------------------------|",documents/BO0624_4466
673,706,"Vaso a profumo in biscuit, decorato con figure e fregi sopra fon- do bieu. Wedgwood                                                                 |","| 706. Vaso a profumo in biscuit, decorato con figure e fregi sopra fon- do bieu. Wedgwood                                                                 |",documents/BO0624_4466
674,707,"Figurina di porcellana bianca con la marca della fabbrica di Wal- lendorf, alt. m. 0.20. Saxe- Coburgo                                              |","| 707. Figurina di porcellana bianca con la marca della fabbrica di Wal- lendorf, alt. m. 0.20. Saxe- Coburgo                                              |",documents/BO0624_4466
675,708,"Piatto in colori con figura di Amorino, bordo fregiato in oro, por- cellana di . Napoli                                                             |","| 708. Piatto in colori con figura di Amorino, bordo fregiato in oro, por- cellana di . Napoli                                                             |",documents/BO0624_4466
676,709,"| 709. Statuetta - Mercurio - in biscuit, alt. m. 0.20. Napoli","| 709. Statuetta - Mercurio - in biscuit, alt. m. 0.20. Napoli",documents/BO0624_4466
677,710,"710. Antinoo, biscuit, alt. m. 0.20. Napoli","710. Antinoo, biscuit, alt. m. 0.20. Napoli",documents/BO0624_4466
678,711,"711. Achille, biscuit, alt. m. 0.20. Napoli     |","711. Achille, biscuit, alt. m. 0.20. Napoli     |",documents/BO0624_4466
679,712,"Odorino di porcellana in colori, con medaglione e fregi in oro, alt. m. 0.20.                                                                       |","| 712. Odorino di porcellana in colori, con medaglione e fregi in oro, alt. m. 0.20.                                                                       |",documents/BO0624_4466
680,713,"Figurina di porcellana bianca, alt. m. 0,15 della Fabbrica di                                                                                       |","| 713. Figurina di porcellana bianca, alt. m. 0,15 della Fabbrica di                                                                                       |
| Vienna Buen Retiro                                                                                                                                       |
| Capodimonte                                                                                                                                              |
| alt. m. 0.20.                                                                                                                                            |",documents/BO0624_4466
681,714,"Cestino con fiori e frutta in rilievo. Porcellana in colori, 715. Statuetta in colore - Giunone - Porcellana,                                       |","| 714. Cestino con fiori e frutta in rilievo. Porcellana in colori, 715. Statuetta in colore - Giunone - Porcellana,                                       |
| alt. m. 0.20. Sassonia 716. Due rinfrescatoi in biscuit.                                                                                                 |
| Wedgwood 717. Dipinto sopra porcellana - Interno con figure - in cornice dorata                                                                          |
| (Epoca Impero). 718. Due figure di uomo in porcellana colorata, alt. m. 0.31 China                                                                       |",documents/BO0624_4466
682,720,| 720. Statuetta in colori rappresentante lo Stipettajo. Bellissimo modello della Fabbrica di                           ,"| 720. Statuetta in colori rappresentante lo Stipettajo. Bellissimo modello della Fabbrica di                                                              |
| Sassonia",documents/BO0624_4466
683,721,721. Piccolo vaso a tre piedi in porcellana colorata.                                                                   ,"721. Piccolo vaso a tre piedi in porcellana colorata.                                                                                           |
| Giappone",documents/BO0624_4466
684,722,722. Vaso in colori con due anse e coperchio sormontato da Amorino : all'ingiro episodio di battaglia.                  ,"722. Vaso in colori con due anse e coperchio sormontato da Amorino : all'ingiro episodio di battaglia.                                          |
| Rouen                                                                                                                                                    |",documents/BO0624_4466
685,723,"Grande orologio di legno rosa (stile Luigi XV) con base, ed ornati                                                                                  |","| 723. Grande orologio di legno rosa (stile Luigi XV) con base, ed ornati                                                                                  |
| in porcellana, bianco ed oro. Nel centro medaglione e cinque sta- tuette di porcellana in colori. Bellissimo lavoro della Real Fab- brica, alt. m. 1,05. |
| Napoli                                                                                                                                                   |",documents/BO0624_4466
686,724,Due vasettini con manichi e medaglioni con paesaggi ( Giovine).                                                                                     |,"| 724. Due vasettini con manichi e medaglioni con paesaggi ( Giovine).                                                                                     |
| Napoli                                                                                                                                                   |",documents/BO0624_4466
687,725,"Piatto con bordura fregiata in oro, nel fondo paesaggio. Napoli                                                                                     |","| 725. Piatto con bordura fregiata in oro, nel fondo paesaggio. Napoli                                                                                     |
Tavola IV.

<!-- image -->",documents/BO0624_4466
688,726,"Vaso di forma oblunga con due anse, decorato con fiori in colori sopra fondo bianco, alt. m. 0,20 p. 0,35 di     | Clignancourt                                                           |","| 726. Vaso di forma oblunga con due anse, decorato con fiori in colori sopra fondo bianco, alt. m. 0,20 p. 0,35 di     | Clignancourt                                                           |
|-----------------------------------------------------------------------------------------------------------------------|------------------------------------------------------------------------|",documents/BO0624_4466
689,727,"Thèiera con coperchio, decorata con figura a rilievo sopra fondo bleu.                                           |                                                                        |","| 727. Thèiera con coperchio, decorata con figura a rilievo sopra fondo bleu.                                           |                                                                        |",documents/BO0624_4466
690,728,"Bustino - Antinco - biscuit, alt. m. 0,13 di                                                                     | Napoli                                                                 |","| 728. Bustino - Antinco - biscuit, alt. m. 0,13 di                                                                     | Napoli                                                                 |",documents/BO0624_4466
691,729,"Idem di - Adriano - alt. m. 0,13 di                                                                              | Napoli                                                                 |","| 729. Idem di - Adriano - alt. m. 0,13 di                                                                              | Napoli                                                                 |",documents/BO0624_4466
692,730,"Idem di - Cesare - alt. m. 0,13 di                                                                               | Napoli                                                                 |","| 730. Idem di - Cesare - alt. m. 0,13 di                                                                               | Napoli                                                                 |",documents/BO0624_4466
693,731,"Idem di — Senatore romano - - alt. m. 0,13 di                                                                    | Napoli                                                                 |","| 731. Idem di — Senatore romano - - alt. m. 0,13 di                                                                    | Napoli                                                                 |",documents/BO0624_4466
694,732,"Idem di - Ferdinando IV - alt. m. 0,16 di                                                                        | Napoli                                                                 |","| 732. Idem di - Ferdinando IV - alt. m. 0,16 di                                                                        | Napoli                                                                 |",documents/BO0624_4466
695,733,"Statuetta in colori. Puttino suonatore di tamburello, alt. m. 0,12.                                              | Vienna                                                                 |","| 733. Statuetta in colori. Puttino suonatore di tamburello, alt. m. 0,12.                                              | Vienna                                                                 |",documents/BO0624_4466
696,734,"Statuetta in colori, costume spagnuolo — alt. m. 0,15. Buen Retiro                                               |                                                                        |","| 734. Statuetta in colori, costume spagnuolo — alt. m. 0,15. Buen Retiro                                               |                                                                        |",documents/BO0624_4466
697,735,Musa su di un delfino. Lampada da notte in porcellana colorata                                                   |                                                                        |,| 735. Musa su di un delfino. Lampada da notte in porcellana colorata                                                   |                                                                        |,documents/BO0624_4466
698,736,"Vaso da profumo: alla base cane e lepre in colori, alt. m. 0,20.                                                 | (Jacques Petit) Capodimonte                                            |","| 736. Vaso da profumo: alla base cane e lepre in colori, alt. m. 0,20.                                                 | (Jacques Petit) Capodimonte                                            |",documents/BO0624_4466
699,737,"Vaso (corbeille) di forma bislunga con manichi a tronchi d'albero e foglie in colori, alt. m. 0,13 p. 0,30 di    | Sassonia                                                               |","| 737. Vaso (corbeille) di forma bislunga con manichi a tronchi d'albero e foglie in colori, alt. m. 0,13 p. 0,30 di    | Sassonia                                                               |",documents/BO0624_4466
700,738,"Gruppo - Un avaro — in porcellana bianca, alt. m. 0,15 di                                                        | Capodimonte                                                            |","| 738. Gruppo - Un avaro — in porcellana bianca, alt. m. 0,15 di                                                        | Capodimonte                                                            |",documents/BO0624_4466
701,739,"Dipinto sopra porcellana - Interno con figure in cornice dorata, alt. m. 0,24 p. 0,24.                           | Sassonia                                                               |","| 739. Dipinto sopra porcellana - Interno con figure in cornice dorata, alt. m. 0,24 p. 0,24.                           | Sassonia                                                               |",documents/BO0624_4466
702,740,"Paio vasi di bellissima forma, decorati con soggetti mitologici, Fab- bricu di                                   |                                                                        |","| 740. Paio vasi di bellissima forma, decorati con soggetti mitologici, Fab- bricu di                                   |                                                                        |",documents/BO0624_4466
703,741,| 741. Idem.,| 741. Idem.,documents/BO0624_4466
704,742,"| 742. Scatolo con sedici pezzi, per un servizio da caffè, in porcellana |","| 742. Scatolo con sedici pezzi, per un servizio da caffè, in porcellana |
| dipinta a paesaggi e figure.",documents/BO0624_4466
705,743,"743. Pajo vasi a due anse, decorati con festoni e medaglioni in rilie- vo, alt. m. 0,34. | Ginori Ginori                ","743. Pajo vasi a due anse, decorati con festoni e medaglioni in rilie- vo, alt. m. 0,34. | Ginori Ginori                                                          |",documents/BO0624_4466
706,744,Gruppo - Arlecchini - di porcellana in colori.                                                                   | Napoli                                                                 |,| 744. Gruppo - Arlecchini - di porcellana in colori.                                                                   | Napoli                                                                 |,documents/BO0624_4466
707,745,| 745. Due piatti con ritratti (dipinti del Giovine),| 745. Due piatti con ritratti (dipinti del Giovine),documents/BO0624_4466
708,746,746. Due piatti con fiori in colori porcellana di                  |                                                    ,746. Due piatti con fiori in colori porcellana di                  |                                                                        |,documents/BO0624_4466
709,747,Vaso in porcellana colorata (Epoca Luigi Filippo).                                                               |                                                                        |,| 747. Vaso in porcellana colorata (Epoca Luigi Filippo).                                                               |                                                                        |,documents/BO0624_4466
710,748,"Piccolo tigre — in colori. - alt. m. 0,10.                                                                       |                                                                        |","| 748. Piccolo tigre — in colori. - alt. m. 0,10.                                                                       |                                                                        |",documents/BO0624_4466
711,749,"Statuetta in colori - Suonatrice di sampogna,                                                                    |                                                                        |","| 749. Statuetta in colori - Suonatrice di sampogna,                                                                    |                                                                        |
| alt. m. 0,12.                                                                                                         | 18                                                                     |",documents/BO0624_4466
712,750,Tre piatti in porcellana colorata del                                                                            |                                                                        |,| 750. Tre piatti in porcellana colorata del                                                                            |                                                                        |,documents/BO0624_4466
713,751,"Statuetta Cacciatore con cane — in biscuit, alt. m. 0,20.                                                                                                                      | Buen Retiro     |","| 751. Statuetta Cacciatore con cane — in biscuit, alt. m. 0,20.                                                                                                                      | Buen Retiro     |
|-------------------------------------------------------------------------------------------------------------------------------------------------------------------------------------|-----------------|",documents/BO0624_4466
714,752,"Vasettino con ornati in rilievo, alt. m. 0,10.                                                                                                                                 | St. Cloud       |","| 752. Vasettino con ornati in rilievo, alt. m. 0,10.                                                                                                                                 | St. Cloud       |",documents/BO0624_4466
715,753,"Vasettino di porcellana, alt. m. 0,8.                                                                                                                                          | St. Cloud       |","| 753. Vasettino di porcellana, alt. m. 0,8.                                                                                                                                          | St. Cloud       |",documents/BO0624_4466
716,754,Statuetta in porcellana bianca.                                                                                                                                                | China           |,| 754. Statuetta in porcellana bianca.                                                                                                                                                | China           |,documents/BO0624_4466
717,755,"Vasettino con fiori in rilievo, porcellana bianca.                                                                                                                             | Chantilly       |","| 755. Vasettino con fiori in rilievo, porcellana bianca.                                                                                                                             | Chantilly       |",documents/BO0624_4466
718,756,Vasettino con fiori in colori.                                                                                                                                                 | Chantilly       |,| 756. Vasettino con fiori in colori.                                                                                                                                                 | Chantilly       |,documents/BO0624_4466
719,757,Vasettino in colori.                                                                                                                                                           | Chantilly       |,| 757. Vasettino in colori.                                                                                                                                                           | Chantilly       |,documents/BO0624_4466
720,758,"Paio candelieri - Delfini attortigliati e poggiati colle loro estremità sopra base di conchiglie, e tronchi di coralli - Porcellana in co- lori, alt. m. 0,27. ( Reale fabb.). | Napoli          |","| 758. Paio candelieri - Delfini attortigliati e poggiati colle loro estremità sopra base di conchiglie, e tronchi di coralli - Porcellana in co- lori, alt. m. 0,27. ( Reale fabb.). | Napoli          |",documents/BO0624_4466
721,759,"Tazza in colori, soggetto- Baccanale a rilievo-(Reale fabb.) Napoli                                                                                                            |                 |","| 759. Tazza in colori, soggetto- Baccanale a rilievo-(Reale fabb.) Napoli                                                                                                            |                 |",documents/BO0624_4466
722,760,Bustino di porcellana in colori (Reale fabb.)                                                                                                                                  | Napoli          |,| 760. Bustino di porcellana in colori (Reale fabb.)                                                                                                                                  | Napoli          |,documents/BO0624_4466
723,761,Bustino di porcellana in colori (Reale fabb.)                                                                                                                                  | Napoli          |,| 761. Bustino di porcellana in colori (Reale fabb.)                                                                                                                                  | Napoli          |,documents/BO0624_4466
724,762,Gruppo a più figure - Soggetto Baccanale.                                                                                                                                      | Sassonia        |,"| 762. Gruppo a più figure - Soggetto Baccanale.                                                                                                                                      | Sassonia        |
|                                                                                                                                                                                     | Sèvres          |",documents/BO0624_4466
725,766,"Statuetta in colori, raffigurante L'Abbondanza. alt. m. 0,23.                                                                                                                  | Sassouia        |","| 766. Statuetta in colori, raffigurante L'Abbondanza. alt. m. 0,23.                                                                                                                  | Sassouia        |",documents/BO0624_4466
726,767,"Statuetta in colore - Giovane cacciatrice, alt. m. 0,10.                                                                                                                       | Sassonia        |","| 767. Statuetta in colore - Giovane cacciatrice, alt. m. 0,10.                                                                                                                       | Sassonia        |",documents/BO0624_4466
727,768,"Tazza e piattino con figura a rilievo, porcellana bianca del                                                                                                                   | Ginori          |","| 768. Tazza e piattino con figura a rilievo, porcellana bianca del                                                                                                                   | Ginori          |",documents/BO0624_4466
728,769,"Busto di un Filosofo, in biscuit, alt. m. 0,20 di                                                                                                                              | Napoli          |","| 769. Busto di un Filosofo, in biscuit, alt. m. 0,20 di                                                                                                                              | Napoli          |",documents/BO0624_4466
729,770,"Busto di un Senatore, in biscuit, alt. m. 0,20 di                                                                                                                              | Napoli          |","| 770. Busto di un Senatore, in biscuit, alt. m. 0,20 di                                                                                                                              | Napoli          |",documents/BO0624_4466
730,771,"Statuetta figura di - Contadino - in porcellana bianca, alt. m. 0,15,                                                                                                          | Napoli          |","| 771. Statuetta figura di - Contadino - in porcellana bianca, alt. m. 0,15,                                                                                                          | Napoli          |",documents/BO0624_4466
731,772,"Zuppiera a forma di anitra, terraglia in colori.                                                                                                                               | Wedgwood Ginori |","| 772. Zuppiera a forma di anitra, terraglia in colori.                                                                                                                               | Wedgwood Ginori |",documents/BO0624_4466
732,773,Paio candelieri di porcellana in colori.                                                                                                                                       |                 |,| 773. Paio candelieri di porcellana in colori.                                                                                                                                       |                 |,documents/BO0624_4466
733,774,Statuetta in colori - Figura di donna.                                                                                                                                         | Napoli          |,| 774. Statuetta in colori - Figura di donna.                                                                                                                                         | Napoli          |,documents/BO0624_4466
734,775,"Candelabro a tre lumi, rappresentato da tronchi, rami, fiori e foglie: con statuetta di Diana cacciatrice, alt. m. 0, 35.                                                      | 00SS0090        |","| 775. Candelabro a tre lumi, rappresentato da tronchi, rami, fiori e foglie: con statuetta di Diana cacciatrice, alt. m. 0, 35.                                                      | 00SS0090        |",documents/BO0624_4466
735,776,Gruppo a due figure - Contadina e cacciatore - in porcellana di                                                                                                                | Capodimonte     |,| 776. Gruppo a due figure - Contadina e cacciatore - in porcellana di                                                                                                                | Capodimonte     |,documents/BO0624_4466
736,777,"Gruppo di due puttini in colori. Porcellana, ált. m. 0,30.                                                                                                                     | Ginori          |","| 777. Gruppo di due puttini in colori. Porcellana, ált. m. 0,30.                                                                                                                     | Ginori          |
|                                                                                                                                                                                     | Sèvres          |",documents/BO0624_4466
737,778,Tazza e piattino in colori (Impero).                                                                                                                                           |                 |,| 778. Tazza e piattino in colori (Impero).                                                                                                                                           |                 |,documents/BO0624_4466
738,779,Tazza in colori con figure (del Vecchio).,779. Tazza in colori con figure (del Vecchio).,documents/BO0624_4466
739,780,Tazza in colori con uccelli (del Vecchio).,780. Tazza in colori con uccelli (del Vecchio).,documents/BO0624_4466
740,781,Tazza in colori con fregi ed uccelli (del Vecchio).,781. Tazza in colori con fregi ed uccelli (del Vecchio).,documents/BO0624_4466
741,782,Tazza in colori a paesaggio (del Vecchio).,782. Tazza in colori a paesaggio (del Vecchio).,documents/BO0624_4466
742,783,Tazza in colori a fregi (del Vecchio).,783. Tazza in colori a fregi (del Vecchio).,documents/BO0624_4466
743,784,Tazza in colori a paesaggio (del Vecchio).,784. Tazza in colori a paesaggio (del Vecchio).,documents/BO0624_4466
744,785,Tazza e piattino decorata con medaglioni a figure mitologiche in colori. Porcellana di Sassonia,785. Tazza e piattino decorata con medaglioni a figure mitologiche in colori. Porcellana di Sassonia,documents/BO0624_4466
745,786,"Botte a liquore con contadinello a cavalcione fingendo di premere le uve. Porcellana bianca - alt. m. 0,25. Capodimonte","786. Botte a liquore con contadinello a cavalcione fingendo di premere le uve. Porcellana bianca - alt. m. 0,25. Capodimonte",documents/BO0624_4466
746,787,"Vaso di porcellana bianca, orlato in oro — Carlo III, alt. m. 0,15. Capodimonte","787. Vaso di porcellana bianca, orlato in oro — Carlo III, alt. m. 0,15. Capodimonte",documents/BO0624_4466
747,788,"Vaso di porcellana bianca, orlato in oro — Carlo III, alt. m. 0,15. Capodimonte","788. Vaso di porcellana bianca, orlato in oro — Carlo III, alt. m. 0,15. Capodimonte",documents/BO0624_4466
748,789,"Statuetta in colori: costume di donna spagnuola, alt. m. 0,15. Buen Retiro","789. Statuetta in colori: costume di donna spagnuola, alt. m. 0,15. Buen Retiro",documents/BO0624_4466
749,790,"Statuetta in colori: suonatore di violoncello - Porcellana di alt. m. 0,22. Vienna","790. Statuetta in colori: suonatore di violoncello - Porcellana di alt. m. 0,22. Vienna",documents/BO0624_4466
750,791,Otto piatti in porcellana del Giappone,791. Otto piatti in porcellana del Giappone,documents/BO0624_4466
751,792,Vaso decorato con fregi in colori sopra fondo bianco: guarnito di bronzo.,792. Vaso decorato con fregi in colori sopra fondo bianco: guarnito di bronzo.,documents/BO0624_4466
752,793,"Piletta di porcellana in colori, alt. m. 0,20. Napoli","793. Piletta di porcellana in colori, alt. m. 0,20. Napoli",documents/BO0624_4466
753,794,"Due figure di uomo in porcellana, alt. m. 0,38. China","794. Due figure di uomo in porcellana, alt. m. 0,38. China

<!-- image -->
<!-- image -->

## Quadri",documents/BO0624_4466
754,795,Dipinto su tela - Natura morta - Scuola fiamminga.,795. Dipinto su tela - Natura morta - Scuola fiamminga.,documents/BO0624_4466
755,796,Dipinto su tela - Natura morta - Scuola fiamminga.,796. Dipinto su tela - Natura morta - Scuola fiamminga.,documents/BO0624_4466
756,79,T. Dipinto su rame - Paesaggio voluto — di Paolo Brill.,79T. Dipinto su rame - Paesaggio voluto — di Paolo Brill.,documents/BO0624_4466
757,798,Dipinto sopra tela - Battaglia - Scuola napoletana.,798. Dipinto sopra tela - Battaglia - Scuola napoletana.,documents/BO0624_4466
758,799,Dipinto su tela - Ritratto d'uomo - (Epoca Luigi XIV).,799. Dipinto su tela - Ritratto d'uomo - (Epoca Luigi XIV).,documents/BO0624_4466
759,800,Dipinto sopra rame - Il Calvario - in cornice.,800. Dipinto sopra rame - Il Calvario - in cornice.,documents/BO0624_4466
760,801,Dipinto Paesaggio - in cornice dorata.,801. Dipinto Paesaggio - in cornice dorata.,documents/BO0624_4466
761,802,Dipinto su tela - Un putto - in cornice.,802. Dipinto su tela - Un putto - in cornice.,documents/BO0624_4466
762,803,"Dipinto su tavola - La Vergine col Bambino e S. Giovanni Bellissimo lavoro fiammingo, creduto di Jean Mabuse - alt. m. 0,65 p. 0,60.","803. Dipinto su tavola - La Vergine col Bambino e S. Giovanni Bellissimo lavoro fiammingo, creduto di Jean Mabuse - alt. m. 0,65 p. 0,60.",documents/BO0624_4466
763,804,"Dipinto sopra tela - La Vergine col Bambino - con cornice legno dorata, attribuito al Caracei alt. m. 1,00 per 0,90.","804. Dipinto sopra tela - La Vergine col Bambino - con cornice legno dorata, attribuito al Caracei alt. m. 1,00 per 0,90.",documents/BO0624_4466
764,805,Dipinto sopra tavola - La Vergine col Bambino - con cornice di tartaruga.,805. Dipinto sopra tavola - La Vergine col Bambino - con cornice di tartaruga.,documents/BO0624_4466
765,806,"Dipinto sopra tela - L' Immacolata - con cornice dorata, voluto del de Mura.","806. Dipinto sopra tela - L' Immacolata - con cornice dorata, voluto del de Mura.",documents/BO0624_4466
766,807,Due dipinti sopra tela - Frutta - in cornice.,807. Due dipinti sopra tela - Frutta - in cornice.,documents/BO0624_4466
767,808,Dipinto su rame - Un interno - con cornice.,808. Dipinto su rame - Un interno - con cornice.,documents/BO0624_4466
768,809,Dipinto sopra rame - Ercole ed Onfale - con cornice.,809. Dipinto sopra rame - Ercole ed Onfale - con cornice.,documents/BO0624_4466
769,810,"Quattro piccoli paesaggi, dipinti su tavola.","810. Quattro piccoli paesaggi, dipinti su tavola.",documents/BO0624_4466
770,811,Due dipinti sopra tela - Marine - con cornici dorate.,"811. Due dipinti sopra tela - Marine - con cornici dorate.
<!-- image -->

<!-- image -->",documents/BO0624_4466
771,812,"Dipinto sopra tela - Paesaggio con figure allegoriche - in cornice dorata. Firmato, Vander Cabel -- alt. m. 0,60 p. 0,72 bis - Idem (pendant).","812. Dipinto sopra tela - Paesaggio con figure allegoriche - in cornice dorata. Firmato, Vander Cabel -- alt. m. 0,60 p. 0,72 812. bis - Idem (pendant).",documents/BO0624_4466
772,813,Dipinto sopra tavola - La Vergine -- in cornice dorata.,813. Dipinto sopra tavola - La Vergine -- in cornice dorata.,documents/BO0624_4466
773,814,"Dipinto alt. m. 0,90, p. 1,00. sopra tela - Frutta e uccelli - attribuito al de Caro.","814. Dipinto alt. m. 0,90, p. 1,00. 5. sopra tela - Frutta e uccelli - attribuito al de Caro.",documents/BO0624_4466
774,815,"Due dipinti sopra tela - Natura morta - con cornici: attriburn a Baldassarro de Caro. — alt. m. 0,90 p. m. 1,00.","815. Due dipinti sopra tela - Natura morta - con cornici: attriburn a Baldassarro de Caro. — alt. m. 0,90 p. m. 1,00.",documents/BO0624_4466
775,816,Dipinto su tela - Paesaggio - in cornice dorata.,816. Dipinto su tela - Paesaggio - in cornice dorata.,documents/BO0624_4466
776,817,Due dipinti ovali su tela - Paesaggio e figure — in cornici.,817. Due dipinti ovali su tela - Paesaggio e figure — in cornici.,documents/BO0624_4466
777,818,"Dipinto sopra tela - L' Assunzione -- in cornice dorata, - Scuola napolevana.","818. Dipinto sopra tela - L' Assunzione -- in cornice dorata, - Scuola 10. napolevana.",documents/BO0624_4466
778,819,"Dipinto su rame. - Diana che condanna la ninfa Calisto - (Scuola fiamminga del XVII secolo) -- m. 0,50. p. m. 0,40","819. Dipinto su rame. - Diana che condanna la ninfa Calisto - (Scuola 12. fiamminga del XVII secolo) -- m. 0,50. p. m. 0,40",documents/BO0624_4466
779,820,"Dittico in legno dipinto su due facce. Da una parte L'Annunziazione. dall' altra - La Nascita e la Presentazione al tempio con la figura della donatrice recante un cero (Exe voto). Bellissimo dipinto del XV secolo attribuito a Luca di Leyda - alt. m. 1,20 larg. m. 0,98.","820. Dittico in legno dipinto su due facce. Da una parte L'Annunziazione. dall' altra - La Nascita e la Presentazione al tempio con la figura della donatrice recante un cero (Exe voto). Bellissimo dipinto del XV secolo attribuito a Luca di Leyda - alt. m. 1,20 larg. m. 0,98.",documents/BO0624_4466
780,821,Dipinto sopra tela - Pesci - creduti del Recco. Cinque dipinti sopra tela senza cornici -- Soggetti vari - Scuola,821. Dipinto sopra tela - Pesci - creduti del Recco. 823. Cinque dipinti sopra tela senza cornici -- Soggetti vari - Scuola,documents/BO0624_4466
781,822,Dipinto su tavolo — Le Arti e le Scienze - Scuola dell' Albano.,822. Dipinto su tavolo — Le Arti e le Scienze - Scuola dell' Albano.,documents/BO0624_4466
782,17,napoletana.,17. napoletana.,documents/BO0624_4466
783,824,Dipinto su tela - Ritratto di donna -- in costume spagnuolo.,824. Dipinto su tela - Ritratto di donna -- in costume spagnuolo.,documents/BO0624_4466
784,825,Piccolo dipinto su rame Una battaglia — voluta del Coppola,825. Piccolo dipinto su rame Una battaglia — voluta del Coppola,documents/BO0624_4466
785,826,Due dipinti su tela con cornice dorata - Paesaggi e animali del Masson.,826. Due dipinti su tela con cornice dorata - Paesaggi e animali 21. del Masson.,documents/BO0624_4466
786,827,Sei dipinti di fiori sopra tavola in cornici dorate Seuola napoletana.,827. Sei dipinti di fiori sopra tavola in cornici dorate Seuola napoletana.,documents/BO0624_4466
787,828,"Dipinto sopra tela - Ercole ed Onfale -- in cornice dorata, voluto dell Albano.","828. Dipinto sopra tela - Ercole ed Onfale -- in cornice dorata, voluto dell Albano.",documents/BO0624_4466
788,829,Dipinto su tavola a forma di lunetta - L'Eterno Padre tra gli an- g10l - Scuola fiorentina,829. Dipinto su tavola a forma di lunetta - L'Eterno Padre tra gli an- 25. g10l - Scuola fiorentina,documents/BO0624_4466
789,830,"Dipinto sopra tela de Caro — alt. m. 0,90 p. m. 1,00.","830. Dipinto sopra tela de Caro — alt. m. 0,90 p. m. 1,00.
- Caccia al cignale — con cornice. Attribuito al",documents/BO0624_4466
790,831,"Dipinto sopra tela Caccia alle quaglie - con cornice. Attribuito al de Caro - alt. m. 0,90 p. m. 1,00.","831. Dipinto sopra tela 29. Caccia alle quaglie - con cornice. Attribuito al de Caro - alt. m. 0,90 p. m. 1,00.",documents/BO0624_4466
791,832,"Dipinto sopra tela - Figura e paese — in cornice dorata, souole napolitana — alt. m. 1,20 per m. 1,00.","832. Dipinto sopra tela - Figura e paese — in cornice dorata, souole 2. napolitana — alt. m. 1,20 per m. 1,00.",documents/BO0624_4466
792,833,Dipinto su tela con cornice — Una battagha - voluta del coppola,833. Dipinto su tela con cornice — Una battagha - voluta del coppola,documents/BO0624_4466
793,834,Cinque dipinti su tela - Soggetti mitologici - Scuola francese.,834. Cinque dipinti su tela - Soggetti mitologici - Scuola francese.,documents/BO0624_4466
794,835,Dipinto sopra tela. Soggetto campestre — scuola napoletana,835. Dipinto sopra tela. Soggetto campestre — scuola napoletana,documents/BO0624_4466
795,836,"Dipinto su tela - Puttini, frutta e fiori. — Scuola fiamminga alt. m. 2,50 p. 2,50.","836. Dipinto su tela - Puttini, frutta e fiori. — Scuola fiamminga alt. m. 2,50 p. 2,50.",documents/BO0624_4466
796,837,Idem,837. Idem,documents/BO0624_4466
797,838,Tre dipinti sotto lastra soggetti diversi,838. Tre dipinti sotto lastra soggetti diversi,documents/BO0624_4466
798,839,Dipinti su tela - Venere e Amore in cornice dorata - Scuola napoletana,839. Dipinti su tela - Venere e Amore in cornice dorata - Scuola napoletana,documents/BO0624_4466
799,340,Dipinto su lavagna - S. Agata - Scuola napoletana,340. Dipinto su lavagna - S. Agata - Scuola napoletana,documents/BO0624_4466
800,841,Due dipinti ovali su rame - Soggetti Bibblici - in cornici dorate - Scuola bolognese.,841. Due dipinti ovali su rame - Soggetti Bibblici - in cornici dorate - Scuola bolognese.,documents/BO0624_4466
801,842,Dipinto su tela - Ritratto - (Epoca Carlo IlI) in cornice dorata,"842. Dipinto su tela - Ritratto - (Epoca Carlo IlI) in cornice dorata
040. Dipinto sopra tela - Mitratto a conna — con ricca cornice di le.",documents/BO0624_4466
802,14,"gno intaghato e dorato, attribuito al bonito.","14. gno intaghato e dorato, attribuito al bonito.",documents/BO0624_4466
803,844,"Dipinto sopra tele - Ritratto di donna — alt. m. 0,90 per 0,6 Attribuito al bonito","844. Dipinto sopra tele - Ritratto di donna — alt. m. 0,90 per 0,6 Attribuito al bonito",documents/BO0624_4466
804,845,"Due grandi tele dipinte - Soggetti allegorici - volute del Fischetti alt. m.3,50 per m. 2,00.","845. Due grandi tele dipinte - Soggetti allegorici - volute del Fischetti alt. m.3,50 per m. 2,00.",documents/BO0624_4466
805,846,"Dipinto su tela di forma rettangolare - Fiori e frutti - Scuola napoletana -- alt. m. 0,90 lar. 0,30","846. Dipinto su tela di forma rettangolare - Fiori e frutti - Scuola 18. napoletana -- alt. m. 0,90 lar. 0,30",documents/BO0624_4466
806,847,Idem Idem Idem,847. Idem Idem Idem,documents/BO0624_4466
807,I,dem,"Idem

049. Dipinto su tela con cornice intaglata",documents/BO0624_4466
808,2,kitratto — Epoca Cario 111),2. kitratto — Epoca Cario 111),documents/BO0624_4466
809,850,Dipinto su tela con cornice intaglata e dorata - Ritratto - (Epoca di Carlo III).,850. Dipinto su tela con cornice intaglata e dorata - Ritratto - (Epoca di Carlo III).,documents/BO0624_4466
810,851,Due dipinti oval su rame in cormel dorate - Soggetti della Bibbia · Scuola bolognese,851. Due dipinti oval su rame in cormel dorate - Soggetti della Bibbia · Scuola bolognese,documents/BO0624_4466
811,802,"Dipinto su tavola rappresentante 18 etteraulla - in cornice nera ed oro — Scuola famminga - alt. m. 0,52 larg. m. 042","802. Dipinto su tavola rappresentante 18 etteraulla - in cornice nera ed oro — Scuola famminga - alt. m. 0,52 larg. m. 042",documents/BO0624_4466
812,853,Dipinto su tela - La Deposizione,853. Dipinto su tela - La Deposizione,documents/BO0624_4466
813,854,Dipinto sopra rame - Una Martire con cornice nera.,854. Dipinto sopra rame - Una Martire 8. con cornice nera.,documents/BO0624_4466
814,855,Dipinto su tela. - Una Santa - Scuola romana,855. Dipinto su tela. - Una Santa - Scuola romana,documents/BO0624_4466
815,10,8a0. Dipinto sopra tela - Vaso con fiori — in cornice — Scuola napo-,10. 8a0. Dipinto sopra tela - Vaso con fiori — in cornice — Scuola napo-,documents/BO0624_4466
816,11,letana,11. letana,documents/BO0624_4466
817,857,"Dipinto sopra tela - Marina - in cornice dorata, altezza m. 0,30 per m. 0,40.","857. Dipinto sopra tela - Marina - in cornice dorata, altezza m. 0,30 per m. 0,40.",documents/BO0624_4466
818,858,Due dipinti sopra tela - Fiori e frutta — Scuola napolitana.,858. Due dipinti sopra tela - Fiori e frutta — Scuola napolitana.,documents/BO0624_4466
819,859,Dipinto su rame - I Sponsali di S. Caterina - in cornice di legno pero.,859. Dipinto su rame - I Sponsali di S. Caterina - in cornice di legno pero.,documents/BO0624_4466
820,860,Dipinto su rame - Ritratto - con cornice intagliata - Scuola francese. - 60 p. 51.,860. Dipinto su rame - Ritratto - con cornice intagliata - Scuola francese. - 60 p. 51.,documents/BO0624_4466
821,861,Dipinto su tela — Ritratto - con cornice intagliata ( Epoca di Carlo III).,861. Dipinto su tela — Ritratto - con cornice intagliata ( Epoca di Carlo III).,documents/BO0624_4466
822,862,Dipinto su tela - Figura di donna - senza cornice.,862. Dipinto su tela - Figura di donna - senza cornice.,documents/BO0624_4466
823,863,Dipinto su tela — Un Baccanale - voluto di Luca Giordano alt. m. 3 larg. m. 350.,863. Dipinto su tela — Un Baccanale - voluto di Luca Giordano alt. m. 3 larg. m. 350.,documents/BO0624_4466
824,864,"Dipinto su tela in cornice dorata - Frutta con fiori — voluto del Belvedere — alt. m. 1,10 larg. m. 0,60.","864. Dipinto su tela in cornice dorata - Frutta con fiori — voluto del Belvedere — alt. m. 1,10 larg. m. 0,60.",documents/BO0624_4466
825,865,Dipinto su tela - Natura morta - in cornice ovale.,865. Dipinto su tela - Natura morta - in cornice ovale.,documents/BO0624_4466
826,866,Due dipinti su tela - Paesaggio e architetture - Scuola romana.,866. Due dipinti su tela - Paesaggio e architetture - Scuola romana.,documents/BO0624_4466
827,867,Dipinto su tavola - Un paesaggio - senza cornice,867. Dipinto su tavola - Un paesaggio - senza cornice,documents/BO0624_4466
828,868,"Dipinto su tela con cornice dorata-Cristo ed il lebbroso—-attribuito ad annibale Caracci - alt. m. 3,2.","868. Dipinto su tela con cornice dorata-Cristo ed il lebbroso—-attribuito ad annibale Caracci - alt. m. 3,2.",documents/BO0624_4466
829,869,"Due dipinti sopra tela - Caccia al Cervo - in cornice, attribuiti al de Caro - alt. m. 90 per m. 1,00.","869. Due dipinti sopra tela - Caccia al Cervo - in cornice, attribuiti al de Caro - alt. m. 90 per m. 1,00.",documents/BO0624_4466
830,870,"Due dipinti sopra tela - Caccia all'Anitra - in cornice, attribuiti al de Caro — alt. m. 0.90 per m. 1,00.","870. Due dipinti sopra tela - Caccia all'Anitra - in cornice, attribuiti al de Caro — alt. m. 0.90 per m. 1,00.",documents/BO0624_4466
831,871,Dipinto sopra tavola - Paesaggio con piccole figure - Scuola fiamminga.,871. Dipinto sopra tavola - Paesaggio con piccole figure - Scuola fiamminga.,documents/BO0624_4466
832,872,Dipinto su rame — Il Giudizio di Diana - senza la cornice.,872. Dipinto su rame — Il Giudizio di Diana - senza la cornice.,documents/BO0624_4466
833,873,Due dipinti su rame - Soggetti sacri.,873. Due dipinti su rame - Soggetti sacri.,documents/BO0624_4466
834,874,Due dipinti su rame-La Vergine ed il Salvatore.,874. Due dipinti su rame-La Vergine ed il Salvatore.,documents/BO0624_4466
835,875,La Vergine del Cardellino. Dipinto su tavola di Bartolomeo del Garofalo.,875. La Vergine del Cardellino. Dipinto su tavola di Bartolomeo del Garofalo.,documents/BO0624_4466
836,876,"Dipinto sopra tela - Bozzetto - in ricca cornice di legno intagliata e dorata, attribuito a Francesco de Muro — alt. m. 0.35 per m. 0.26.","876. Dipinto sopra tela - Bozzetto - in ricca cornice di legno intagliata e dorata, attribuito a Francesco de Muro — alt. m. 0.35 per m. 0.26.",documents/BO0624_4466
837,877,Due dipinti su tela - Paesaggi e figure.,877. Due dipinti su tela - Paesaggi e figure.,documents/BO0624_4466
838,878,Dipinto sopra tela. - Bevitori - con cornice dorata; attribuito al Teniers alt. m. 0.40 per m. 0.30.,878. Dipinto sopra tela. - Bevitori - con cornice dorata; attribuito al Teniers alt. m. 0.40 per m. 0.30.,documents/BO0624_4466
839,879,Dipinto su tela. - La Sibilla cumana - Scuola napoletana.,879. Dipinto su tela. - La Sibilla cumana - Scuola napoletana.,documents/BO0624_4466
840,880,"Dipinto sopra tela, rappresentante soggetti mitologici, voluto dell'Albano - alt. m. 0.40 per 0.60.","880. Dipinto sopra tela, rappresentante soggetti mitologici, voluto dell'Albano - alt. m. 0.40 per 0.60.",documents/BO0624_4466
841,881,Idem Idem. Idem.,881. Idem Idem. Idem.,documents/BO0624_4466
842,882,"Dipinto su tela in cornice dorata - Frutti e fiori con uccelli del Belvedere - alt. m. 1.10, larg. m. 0.60","882. Dipinto su tela in cornice dorata - Frutti e fiori con uccelli del Belvedere - alt. m. 1.10, larg. m. 0.60",documents/BO0624_4466
843,883,Dipinto su tavola - Paesaggio e figure.,883. Dipinto su tavola - Paesaggio e figure.,documents/BO0624_4466
844,884,"Grande dipinto su tela con cornice dorata - Giosuè che ferma il sole - attribuito a Luca Giordano - alt. m. 4, larg. m. 3.","884. Grande dipinto su tela con cornice dorata - Giosuè che ferma il sole - attribuito a Luca Giordano - alt. m. 4, larg. m. 3.",documents/BO0624_4466
845,885,"Dipinto su tela in cornice dorata - Giovane guerriero - (epoca Errico II) - alt. m. 1.05, larg. m. 0.80.","885. Dipinto su tela in cornice dorata - Giovane guerriero - (epoca Errico II) - alt. m. 1.05, larg. m. 0.80.",documents/BO0624_4466
846,886,Dipinto sopra tela. - Soggetto Bibblico - con cornice dorata. Scuola del Cammoccini. - alt. m. 0.70 per m. 0.90.,886. Dipinto sopra tela. - Soggetto Bibblico - con cornice dorata. Scuola del Cammoccini. - alt. m. 0.70 per m. 0.90.,documents/BO0624_4466
847,887,Dipinto su rame - Il bagno di Venere - Scuola fiamminga del XVII Secolo.,887. Dipinto su rame - Il bagno di Venere - Scuola fiamminga del XVII Secolo.,documents/BO0624_4466
848,888,"Dipinto su tela con cornice - Bombacciata - Scuola dell'Albano, alt. m. 2 larg. m. 2.50.","888. Dipinto su tela con cornice - Bombacciata - Scuola dell'Albano, alt. m. 2 larg. m. 2.50.",documents/BO0624_4466
849,889,"Dipinto sopra tela - Paesaggio - con figure, in cornice dorata· Scuola napoletana.","889. Dipinto sopra tela - Paesaggio - con figure, in cornice dorata· Scuola napoletana.",documents/BO0624_4466
850,890,Dipinto su tela - Fiori e frutta - senza cornice — alt. m. 0.68 per 0.85.,890. Dipinto su tela - Fiori e frutta - senza cornice — alt. m. 0.68 per 0.85.,documents/BO0624_4466
851,891,Dipinto sopra tela - Fiori - Scuola napoletana.,891. Dipinto sopra tela - Fiori - Scuola napoletana.,documents/BO0624_4466
852,892,Quattro dipinti su tavole - Contadini e contadine - senza cornici.,892. Quattro dipinti su tavole - Contadini e contadine - senza cornici.,documents/BO0624_4466
853,893,"Dipinto su tela con cornice dorata - Il martirio di S. Cecilia attribuito ad Annibale Caracci - alt. m. 1,70, larg. m. 1,20.","893. Dipinto su tela con cornice dorata - Il martirio di S. Cecilia attribuito ad Annibale Caracci - alt. m. 1,70, larg. m. 1,20.",documents/BO0624_4466
854,894,Due dipinti sopra tela - Fiori — creduti del Gasparrini.,894. Due dipinti sopra tela - Fiori — creduti del Gasparrini.,documents/BO0624_4466
855,895,"Dipinto sopra tela - Fiori - in cornice dorata, voluto del Belvedere, alt. m. 1,10 p. 0,90.","895. Dipinto sopra tela - Fiori - in cornice dorata, voluto del Belvedere, alt. m. 1,10 p. 0,90.",documents/BO0624_4466
856,896,Due dipinti sopra legno - Paesaggi - in cornici dorate.,896. Due dipinti sopra legno - Paesaggi - in cornici dorate.,documents/BO0624_4466
857,897,Dipinto di paesaggio in cornice dorata.,897. Dipinto di paesaggio in cornice dorata.,documents/BO0624_4466
858,898,Dipinto sopra tela,"898. Dipinto sopra tela
- Battaglia - con cornice dorata, attribuito a Carlo Coppola - alt. m. 0,60 p. 0,90.",documents/BO0624_4466
859,899,"Dipinto sopra tela - Ritratto — in costume Luigi XIV, con cor- nice dorata - alt. m. 0,70 p. 0,60.","899. Dipinto sopra tela - Ritratto — in costume Luigi XIV, con cor- 22. nice dorata - alt. m. 0,70 p. 0,60.",documents/BO0624_4466
860,900,"Altro simile — alt. m. 0,70 p. 0,60.","900. Altro simile — alt. m. 0,70 p. 0,60.",documents/BO0624_4466
861,901,"Dipinto sopra rame rappresentante - Orfeo ed Euridice — in ricca cornice di legno intagliata e dorata - alt. m. 0,54 p. 0,41.","901. Dipinto sopra rame rappresentante - Orfeo ed Euridice — in ricca 25. cornice di legno intagliata e dorata - alt. m. 0,54 p. 0,41.",documents/BO0624_4466
862,902,"Dipinto su tela - La conversione di S. Paolo — attribuita a Salvator Rosa — alt. m. 1,60 p. 1,50.","902. Dipinto su tela - La conversione di S. Paolo — attribuita a Salvator Rosa — alt. m. 1,60 p. 1,50.",documents/BO0624_4466
863,903,Dipinto su vetro - Gesù Bambino - con cornice nera e oro. Scuola del Giordano.,903. Dipinto su vetro - Gesù Bambino - con cornice nera e oro. Scuola 3. del Giordano.,documents/BO0624_4466
864,904,Dipinto su tavola - Ritratto di J. Jacques Rousseau -Scuola franc.,904. Dipinto su tavola - Ritratto di J. Jacques Rousseau -Scuola franc.,documents/BO0624_4466
865,905,Dipinto sopra tela,"905. Dipinto sopra tela
- Battaglia - in cornice dorata, voluto del Borgognone — alt. m. 0,90 p. 1,20.",documents/BO0624_4466
866,906,Piccolo dipinto - Paesaggio - sopra tavola.,906. Piccolo dipinto - Paesaggio - sopra tavola.,documents/BO0624_4466
867,907,Dipinto sopra tela - Paesaggio e figure — seuza cornice.,907. Dipinto sopra tela - Paesaggio e figure — seuza cornice.,documents/BO0624_4466
868,908,Due dipinti sopra tela - Fiori - Scuola napolitana.,908. Due dipinti sopra tela - Fiori - Scuola napolitana.,documents/BO0624_4466
869,909,"Dipinto sopra tela - Fiori e frutta - con cornice dorata voluto del Gasparrini — alt. m. 1,90 p. 1,40.","909. Dipinto sopra tela - Fiori e frutta - con cornice dorata voluto del Gasparrini — alt. m. 1,90 p. 1,40.",documents/BO0624_4466
870,910,Dipinto su tela - Un concerto di Angioli - Scuola romana - alt.,"910. Dipinto su tela - Un concerto di Angioli - Scuola romana - alt.
- m. 1,20 p. 9,90.",documents/BO0624_4466
871,911,"Dipinto su tela con cornice nera ed oro - Ritratto - Scuola spagnuola - alt. m. 1,20 larg. m. 0,85.","911. Dipinto su tela con cornice nera ed oro - Ritratto - Scuola spagnuola - alt. m. 1,20 larg. m. 0,85.",documents/BO0624_4466
872,912,Dipinto sopra tavola Minerva - con cornice intagliata e dorata.,912. Dipinto sopra tavola Minerva - con cornice intagliata e dorata.,documents/BO0624_4466
873,913,"Dipinto sopra tela - Marina con figure - in cornice nera e oro, voluto del Masturzi.","913. Dipinto sopra tela - Marina con figure - in cornice nera e oro, 16. voluto del Masturzi.",documents/BO0624_4466
874,914,Dipinto sopra tela - Fiori - senza cornice.,914. Dipinto sopra tela - Fiori - senza cornice.,documents/BO0624_4466
875,915,Due dipinti sopra tela - Fiori e frutta - con cornici dorate.,915. Due dipinti sopra tela - Fiori e frutta - con cornici dorate.,documents/BO0624_4466
876,916,"Due dipinti sopra tela con cornice dorata, rappresentanti - Soggetto mitologico — voluto dell'Albano — alt. m. 0,46 p. 0,60.","916. Due dipinti sopra tela con cornice dorata, rappresentanti - Soggetto mitologico — voluto dell'Albano — alt. m. 0,46 p. 0,60.",documents/BO0624_4466
877,917,"Bozzetto dipinto su tela, Scuola napoletana.","917. Bozzetto dipinto su tela, Scuola napoletana.",documents/BO0624_4466
878,918,"Dipinto su tavola - la Vergine tra i Santi - Scuola fiorentina— alt. m. 1,40, larg. m. 1,15.","918. Dipinto su tavola - la Vergine tra i Santi - Scuola fiorentina— 22. alt. m. 1,40, larg. m. 1,15.",documents/BO0624_4466
879,919,"Dipinto su tavola--La Musica - con cornice nera ed oro. - Scuola fiamminga - alt. m. 0,52, larg. m. 0,42.","919. Dipinto su tavola--La Musica - con cornice nera ed oro. - Scuola fiamminga - alt. m. 0,52, larg. m. 0,42.",documents/BO0624_4466
880,920,Dipinto su tavola - Mater Dolorosa - Scuola romana.,920. Dipinto su tavola - Mater Dolorosa - Scuola romana.,documents/BO0624_4466
881,921,Dipinto su tela con cornice nera ed oro - La fuga in Egitto — Scuola bolognese.,921. Dipinto su tela con cornice nera ed oro - La fuga in Egitto — 26. Scuola bolognese.,documents/BO0624_4466
882,922,Piccolo dipinto sopra tavola Paesaggio.,922. Piccolo dipinto sopra tavola Paesaggio.,documents/BO0624_4466
883,923,Dipinto sopra tela - Architettura - Senza cornice. Scuola romana.,923. Dipinto sopra tela - Architettura - Senza cornice. Scuola romana.,documents/BO0624_4466
884,924,"Dipinto sopra tela - Pesci - In cornice dorata, attribuito al Recco, alt. m. 0,30 p. m. 0,90.","924. Dipinto sopra tela - Pesci - In cornice dorata, attribuito al Recco, 30. alt. m. 0,30 p. m. 0,90.",documents/BO0624_4466
885,925,"Due dipinti sopra tela - Natura morta - In cornici nere, attribuiti al de Caro - alt. m. 0,35 p. m. 0,45.","925. Due dipinti sopra tela - Natura morta - In cornici nere, attribuiti al de Caro - alt. m. 0,35 p. m. 0,45.",documents/BO0624_4466
886,926,Dipinto sn tavola - La Vergine tra' Dottori.,926. Dipinto sn tavola - La Vergine tra' Dottori.,documents/BO0624_4466
887,927,"Dipinto sopra tela - Una rissa - Scuola alemanna — alt. m. 2,00 p. m. 1,50.","927. Dipinto sopra tela - Una rissa - Scuola alemanna — alt. m. 2,00 p. m. 1,50.",documents/BO0624_4466
888,928,"Dipinto su tavola - Un martirio - con cornice intagliata-Scuola veneziana - alt. m. 0,50, larg. m. 0,40.","928. Dipinto su tavola - Un martirio - con cornice intagliata-Scuola veneziana - alt. m. 0,50, larg. m. 0,40.",documents/BO0624_4466
889,929,Dipinto su rame - La Sacra Famiglia - con cornice nera.,929. Dipinto su rame - La Sacra Famiglia - con cornice nera.,documents/BO0624_4466
890,930,Tavola ovale - L'Adorazione - in cornice dorata.,930. Tavola ovale - L'Adorazione - in cornice dorata.,documents/BO0624_4466
891,931,Dipinto sopra tela - S. Gaetano - in cornice nera.,931. Dipinto sopra tela - S. Gaetano - in cornice nera.,documents/BO0624_4466
892,932,Due dipinti sopra tela - Battaglia - Scuola napolitana.,932. Due dipinti sopra tela - Battaglia - Scuola napolitana.,documents/BO0624_4466
893,933,Dipinto su tela - Ritratto di donna - su tela con cornice dorata. Scuola veneziana.,933. Dipinto su tela - Ritratto di donna - su tela con cornice dorata. Scuola veneziana.,documents/BO0624_4466
894,934,Dipinto su tela con cornice - Frutta e fiori.,934. Dipinto su tela con cornice - Frutta e fiori.,documents/BO0624_4466
895,935,"Dipinto su tela con cornice dorata — Paese con armenti e figure di donna — Creduto del Tassoni — alt. m. 2,09, larg. m. 2,90.","935. Dipinto su tela con cornice dorata — Paese con armenti e figure 11. di donna — Creduto del Tassoni — alt. m. 2,09, larg. m. 2,90.",documents/BO0624_4466
896,936,Dipinto su tela - Architettura - Scuola romana.,936. Dipinto su tela - Architettura - Scuola romana.,documents/BO0624_4466
897,937,"Due dipinti di fiori in cornici dorate - Attribuiti al Gasparrini, alt. m. 0,50 per 0,34.","937. Due dipinti di fiori in cornici dorate - Attribuiti al Gasparrini, alt. m. 0,50 per 0,34.",documents/BO0624_4466
898,938,"Dipinto sopra tela - Paesaggio - con figura in cornice dorata: autore vivente. V. Scala — alt. m. 0,50 per 0,40.","938. Dipinto sopra tela - Paesaggio - con figura in cornice dorata: 15. autore vivente. V. Scala — alt. m. 0,50 per 0,40.",documents/BO0624_4466
899,939,Dipinto su tela - Una battaglia — creduta del Cappella.,939. Dipinto su tela - Una battaglia — creduta del Cappella.,documents/BO0624_4466
900,940,"Dipinto su tela, cornice dorata - Costume spagnuolo — alt. m. 1,10, larg. m. 0,80.","940. Dipinto su tela, cornice dorata - Costume spagnuolo — alt. m. 1,10, 18. larg. m. 0,80.",documents/BO0624_4466
901,941,"Dipinto sopra tela - Frutti e fiori - con cornice dorata —Scuola Na- politana — alt. m. 0,36 per 0,66.","941. Dipinto sopra tela - Frutti e fiori - con cornice dorata —Scuola Na- 20. politana — alt. m. 0,36 per 0,66.",documents/BO0624_4466
902,942,"Idem. simile — alt. m. 0,36, per 0,66.","942. Idem. simile — alt. m. 0,36, per 0,66.",documents/BO0624_4466
903,943,Dipinto su tavola - Una Sibilla - Scuola romana.,943. Dipinto su tavola - Una Sibilla - Scuola romana.,documents/BO0624_4466
904,944,"Dipinto sopra tela - La Maddalena penitente - Scuola veneziana, con cornice dorata - alt. m. 1,15, per 0,70.","944. Dipinto sopra tela - La Maddalena penitente - Scuola veneziana, 24. con cornice dorata - alt. m. 1,15, per 0,70.",documents/BO0624_4466
905,945,"Dipinto sopra tela - Paesaggio con figure ed armenti — in cornice di legno intagliato e dorato. Firmato Milano 1700 Cimaglio. Pietro Tempesta fece — alt. m. 0,70 per m. 0,90.","945. Dipinto sopra tela - Paesaggio con figure ed armenti — in cornice di legno intagliato e dorato. Firmato Milano 1700 Cimaglio. 26. Pietro Tempesta fece — alt. m. 0,70 per m. 0,90.",documents/BO0624_4466
906,946,Dipinto su tavola a fondo d'oro - L'Annunziazione - in cornice.,946. Dipinto su tavola a fondo d'oro - L'Annunziazione - in cornice.,documents/BO0624_4466
907,947,Dipinto sopra tela - S. Girolamo - in cornice.,947. Dipinto sopra tela - S. Girolamo - in cornice.,documents/BO0624_4466
908,948,Dipinto sopra rame - Soggetto sacro - in cornice.,948. Dipinto sopra rame - Soggetto sacro - in cornice.,documents/BO0624_4466
909,949,"Dipinto sopra tela rappresentante il Ratto di Galatea - in cornice dorata. Voluto dell' Albano — alt. m. 0,46 per 0,66.","949. Dipinto sopra tela rappresentante il Ratto di Galatea - in cornice dorata. Voluto dell' Albano — alt. m. 0,46 per 0,66.",documents/BO0624_4466
910,950,Due dipinti sopra tela - Pesci - creduti del Recco.,950. Due dipinti sopra tela - Pesci - creduti del Recco.,documents/BO0624_4466
911,951,Dipinto sopra tela - Frutta - senza cornice.,951. Dipinto sopra tela - Frutta - senza cornice.,documents/BO0624_4466
912,952,"Dipinto su tavola - La Vergine col Bambino - alt. m. 0,72, larg. 0,70 - Scuola di Antonello da Messina.","952. Dipinto su tavola - La Vergine col Bambino - alt. m. 0,72, larg. 0,70 - Scuola di Antonello da Messina.",documents/BO0624_4466
913,953,"Dipinto sopra tela - Battaglia - con cornice dorata, attribuito al Coppola — alt. m. 0,40 per 60.","953. Dipinto sopra tela - Battaglia - con cornice dorata, attribuito al Coppola — alt. m. 0,40 per 60.",documents/BO0624_4466
914,954,"Altro simile - Soggetto diverso — alt. m. 0,40 per 0,60.","954. Altro simile - Soggetto diverso — alt. m. 0,40 per 0,60.",documents/BO0624_4466
915,955,Due dipinti su tavola - Soggetti allegorici - Scuola napoletana.,955. Due dipinti su tavola - Soggetti allegorici - Scuola napoletana.,documents/BO0624_4466
916,956,Dipinto su tela - Una pittrice - Scuola romana.,956. Dipinto su tela - Una pittrice - Scuola romana.,documents/BO0624_4466
917,957,"Dipinto sopra tela - Battaglia - con cornice dorata, voluto del Borgognone - alt. m. 0,60 per 0,80.","957. Dipinto sopra tela - Battaglia - con cornice dorata, voluto del Borgognone - alt. m. 0,60 per 0,80.",documents/BO0624_4466
918,958,"Due dipinti su tela con ricche cornici - Armenti — Scuola di Rosa da Tivoli - alt. m. 2, larg. 1,50.","958. Due dipinti su tela con ricche cornici - Armenti — Scuola di Rosa da Tivoli - alt. m. 2, larg. 1,50.",documents/BO0624_4466
919,959,Dipinto su tela - Frutta e fiori -- del Ruoppolo.,959. Dipinto su tela - Frutta e fiori -- del Ruoppolo.,documents/BO0624_4466
920,960,"Dipinto su tela - Frutta e fiori - voluto del Ruoppolo - alt. m. 1,30, larg. 1,00.","960. Dipinto su tela - Frutta e fiori - voluto del Ruoppolo - alt. m. 1,30, larg. 1,00.",documents/BO0624_4466
921,961,Dipinto sopra tavola di forma ovale - Mosè salvato dalle acque in cornice intagliata e dorata.,961. Dipinto sopra tavola di forma ovale - Mosè salvato dalle acque in cornice intagliata e dorata.,documents/BO0624_4466
922,962,"Dipinto su tavola - La Vergine col Bambino - in cornice, attribuito a Pietro Novelli.","962. Dipinto su tavola - La Vergine col Bambino - in cornice, attribuito a Pietro Novelli.",documents/BO0624_4466
923,963,"Dipinto sopra tavola-Ritratto di uomo - con cornice intagliata e dorata, Scuola Veneziana (Epoca Errico Il)-alt. m. 0,60 per 0,50.","963. Dipinto sopra tavola-Ritratto di uomo - con cornice intagliata e dorata, Scuola Veneziana (Epoca Errico Il)-alt. m. 0,60 per 0,50.",documents/BO0624_4466
924,964,"Dipinto sopra tela. - La Carità romana - con cornice dorata. Scuola napolitana - alt. m. 1,00 per 0,95.","964. Dipinto sopra tela. - La Carità romana - con cornice dorata. Scuola napolitana - alt. m. 1,00 per 0,95.",documents/BO0624_4466
925,965,Dipinto sopra tela - Una martire - con cornice dorata. Scuola romana.,965. Dipinto sopra tela - Una martire - con cornice dorata. Scuola romana.,documents/BO0624_4466
926,966,"Dipinto sopra tela - Soggetto Bibblico - con cornice dorata. Scuola del Cammoecini — alt. m. 0,80 per 1,00.","966. Dipinto sopra tela - Soggetto Bibblico - con cornice dorata. Scuola del Cammoecini — alt. m. 0,80 per 1,00.",documents/BO0624_4466
927,967,"Dipinto sopra tavola, rappresentante - Latone che cambia in rane i pastori - in cornice dorata - Scuola bolognese - alt. m. 0,68 per 0,37.","967. Dipinto sopra tavola, rappresentante - Latone che cambia in rane i pastori - in cornice dorata - Scuola bolognese - alt. m. 0,68 per 0,37.",documents/BO0624_4466
928,968,"Dipinto sopra tela - Pallade che cambia Aracne in ragno - Scuola bolognese - alt. m. 0,60 p. 0,37.","968. Dipinto sopra tela - Pallade che cambia Aracne in ragno - Scuola bolognese - alt. m. 0,60 p. 0,37.",documents/BO0624_4466
929,969,"Dipinto su tela di forma rettangolare — Fiori e frutta — alt. 0,90 per 0,35.","969. Dipinto su tela di forma rettangolare — Fiori e frutta — alt. 0,90 per 0,35.",documents/BO0624_4466
930,970,"Dipinto su tela - Fiori e frutta del Gasparrini - alt. m. 0,32, larg. 0,73,","970. Dipinto su tela - Fiori e frutta del Gasparrini - alt. m. 0,32, larg. 0,73,",documents/BO0624_4466
931,971,Dipinto - Cristo in Croce — in cornice intagliata.,971. Dipinto - Cristo in Croce — in cornice intagliata.,documents/BO0624_4466
932,972,"Dipinto sopra tela ovale con cornice dorata, rappresentante - Adamo ed Eva - voluto dell'Albano — alt. m. 2,00 per m. 1,50.","972. Dipinto sopra tela ovale con cornice dorata, rappresentante - Adamo ed Eva - voluto dell'Albano — alt. m. 2,00 per m. 1,50.",documents/BO0624_4466
933,973,Dipinto sopra tela - Utensili diversi - Scuola alemanna.,973. Dipinto sopra tela - Utensili diversi - Scuola alemanna.,documents/BO0624_4466
934,974,"Due dipinti sopra tela, raffigurante - Amorini con cestelle di fiori - Scuola napolitana—m. 1,50 per 0,90.","974. Due dipinti sopra tela, raffigurante - Amorini con cestelle di fiori - Scuola napolitana—m. 1,50 per 0,90.",documents/BO0624_4466
935,975,"Dipinto su tela con cornice dorata - Ritratto di donna - Scuola fiamminga del Secolo XV — alt. m. 1 a 2, larg. m. 70.","975. Dipinto su tela con cornice dorata - Ritratto di donna - Scuola fiamminga del Secolo XV — alt. m. 1 a 2, larg. m. 70.",documents/BO0624_4466
936,976,"Dipinto sopra tela - Battaglia - in cornice dorata. Attribuito ad Aniello Falcone — alt. m. 1,00 per m. 1,30.","976. Dipinto sopra tela - Battaglia - in cornice dorata. Attribuito ad Aniello Falcone — alt. m. 1,00 per m. 1,30.",documents/BO0624_4466
937,977,Dipinto su tela - Architettura - Scuola romana.,977. Dipinto su tela - Architettura - Scuola romana.,documents/BO0624_4466
938,978,Dipinto su tela - Architettura - Scuola romana.,978. Dipinto su tela - Architettura - Scuola romana.,documents/BO0624_4466
939,979,Dipinto sopra tavola di forma ovale. - Eliezer e Rebecca - in cornice di legno intagliata e dorata.,979. Dipinto sopra tavola di forma ovale. - Eliezer e Rebecca - in cornice di legno intagliata e dorata.,documents/BO0624_4466
940,980,Dipinto sopra tavola di forma ovale - Il sacrifizio di Abramoin cornice di legno intagliato e dorata.,980. Dipinto sopra tavola di forma ovale - Il sacrifizio di Abramoin cornice di legno intagliato e dorata.,documents/BO0624_4466
941,981,"Dipinto sopra tela-Pesci - senza cornice, voluto del Recco.","981. Dipinto sopra tela-Pesci - senza cornice, voluto del Recco.",documents/BO0624_4466
942,982,Dipinto sopra tela - Fiori e frutta - con cornice.,982. Dipinto sopra tela - Fiori e frutta - con cornice.,documents/BO0624_4466
943,983,"Dipinto sopra tela, con cornice dorata - Caccia morta — con ani- mali e pastori, creduto di de Caro — alt. 2,30 p. 3,20.","983. Dipinto sopra tela, con cornice dorata - Caccia morta — con ani- 2. mali e pastori, creduto di de Caro — alt. 2,30 p. 3,20.",documents/BO0624_4466
944,984,"Idem. Idem. alt. m. 2,30 p. 3,20.","984. Idem. Idem. alt. m. 2,30 p. 3,20.",documents/BO0624_4466
945,985,"Due porte di dittico, dipinto sopra legno. Da una parte - S. Giovanni; dall'altra un santo - Scuola fiorentina. XV secolo.","985. Due porte di dittico, dipinto sopra legno. Da una parte - S. Giovanni; dall'altra un santo - Scuola fiorentina. XV secolo.",documents/BO0624_4466
946,986,Dipinto sopra tavola con fondo in oro —La Vergine col Bambino — in cornice di legno pero. Scuola fiorentina.,986. Dipinto sopra tavola con fondo in oro —La Vergine col Bambino — in cornice di legno pero. Scuola fiorentina.,documents/BO0624_4466
947,987,Dipinto su tavola - Una martire - Scuola bolognese.,987. Dipinto su tavola - Una martire - Scuola bolognese.,documents/BO0624_4466
948,988,Dipinto su tela -- L' adorazione de' Magi.,988. Dipinto su tela -- L' adorazione de' Magi.,documents/BO0624_4466
949,999,Due dipinti sopra tavole - Mezza figura di santo - senza cornice.,999. Due dipinti sopra tavole - Mezza figura di santo - senza cornice.,documents/BO0624_4466
950,1000,"Dipinto sopra tela - Gruppo di animali - con cornice dorata, attribuito a Rosa da Tivoli.","1000. Dipinto sopra tela - Gruppo di animali - con cornice dorata, attribuito a Rosa da Tivoli.",documents/BO0624_4466
951,1001,Idem. Idem. Idem. Idem.,1001. Idem. Idem. Idem. Idem.,documents/BO0624_4466
952,1002,"Due dipinti sopra tela - Fiori e frutta - Scuola napolitana alt. m. 1,00 p. 0,70.","1002. Due dipinti sopra tela - Fiori e frutta - Scuola napolitana alt. m. 1,00 p. 0,70.",documents/BO0624_4466
953,1003,"Dipinto sopra tela - Frutta - in cornice dorata. Scuola napolitana — alt. m. 0,90 p. 170.","1003. Dipinto sopra tela - Frutta - in cornice dorata. Scuola napolitana — alt. m. 0,90 p. 170.",documents/BO0624_4466
954,1004,"Idem Idem Alt. m. 0,90 p. 1,70.","1004. Idem Idem Alt. m. 0,90 p. 1,70.
<!-- image -->

## Avori - Smalti - Bronzi ec.",documents/BO0624_4466
955,1005,Due puttini di bronzo dorato (Epoca [nigi XV).,1005. Due puttini di bronzo dorato (Epoca [nigi XV).,documents/BO0624_4466
956,1006,Croce di legno col Cristo di avorio.,1006. Croce di legno col Cristo di avorio.,documents/BO0624_4466
957,1007,Bassorilievo di bronzo dorato — La Vergine col Bambino - infisso sopra lastra di lapislazzuli. Cornice veneziana.,1007. Bassorilievo di bronzo dorato — La Vergine col Bambino - infisso sopra lastra di lapislazzuli. Cornice veneziana.,documents/BO0624_4466
958,1008,Scatola di osso inciso a fregi.,1008. Scatola di osso inciso a fregi.,documents/BO0624_4466
959,1009,"Anfora di bronzo, cesellata.","1009. Anfora di bronzo, cesellata.",documents/BO0624_4466
960,1010,Campanello con bassorilievo in bronzo.,1010. Campanello con bassorilievo in bronzo.,documents/BO0624_4466
961,1011,"Piccolo orologio a forma di Lira, in bronzo cesellato e dorato. (Impero).","1011. Piccolo orologio a forma di Lira, in bronzo cesellato e dorato. (Impero).",documents/BO0624_4466
962,1012,Tre Amorini di bronzo dorato.,1012. Tre Amorini di bronzo dorato.,documents/BO0624_4466
963,1013,"Statuetta in bosso — Figura di guerriero in ginocchio — XVII secolo - alt. m. 0,26.","1013. Statuetta in bosso — Figura di guerriero in ginocchio — XVII secolo - alt. m. 0,26.",documents/BO0624_4466
964,1014,Pacchetta - Ecce Homo - bassorievo in bronzo dorato.,1014. Pacchetta - Ecce Homo - bassorievo in bronzo dorato.,documents/BO0624_4466
965,1015,"Pomo di bastone in avorio, con stemma e bassorilievo all'ingiro (Epoca Carlo III).","1015. Pomo di bastone in avorio, con stemma e bassorilievo all'ingiro (Epoca Carlo III).",documents/BO0624_4466
966,1016,"Mortaio con pestello, di un sol pezzo di avorio.","1016. Mortaio con pestello, di un sol pezzo di avorio.",documents/BO0624_4466
967,1017,Il Calvario - lavoro in avorio.,1017. Il Calvario - lavoro in avorio.,documents/BO0624_4466
968,1018,Bastone con pomo di avorio scolpito a figure.,1018. Bastone con pomo di avorio scolpito a figure.,documents/BO0624_4466
969,1019,"Cassetta in legno ricoverta di placchette di avorio, formanti varii scomparti di figure a bassorilievo. In giro al coperchio piecoli medaglioni XIII secolo.","1019. Cassetta in legno ricoverta di placchette di avorio, formanti varii scomparti di figure a bassorilievo. In giro al coperchio piecoli medaglioni XIII secolo.",documents/BO0624_4466
970,1020,Cervo in bronzo su base di marmo nero.,1020. Cervo in bronzo su base di marmo nero.,documents/BO0624_4466
971,1021,"Statuetta, Mercurio, bronzo con base di marmo.","1021. Statuetta, Mercurio, bronzo con base di marmo.",documents/BO0624_4466
972,1022,Piletta in bronzo cesellata e dorata.,1022. Piletta in bronzo cesellata e dorata.,documents/BO0624_4466
973,1023,"Orologio di bronzo, con figure, cesellato e dorato; firmato Robert Courvoisier (Direttorio).","1023. Orologio di bronzo, con figure, cesellato e dorato; firmato Robert Courvoisier (Direttorio).",documents/BO0624_4466
974,1024,Cristo in croce. Bronzo su base in pietre dure.,1024. Cristo in croce. Bronzo su base in pietre dure.,documents/BO0624_4466
975,1025,"Statuetta in bronzo, Antinoo, copia dall'antico XVIII secolo.","1025. Statuetta in bronzo, Antinoo, copia dall'antico XVIII secolo.",documents/BO0624_4466
976,1026,"Bassorilievo in avorio, soggetto rilevato dal Romanzo della Rosa (Riccardo II d'Inghilterra) XV secolo, diam. m. 0.10.","1026. Bassorilievo in avorio, soggetto rilevato dal Romanzo della Rosa (Riccardo II d'Inghilterra) XV secolo, diam. m. 0.10.",documents/BO0624_4466
977,1027,"Due smaltini, la Vergine ed il Salvatore (Limoges).","1027. Due smaltini, la Vergine ed il Salvatore (Limoges).",documents/BO0624_4466
978,1028,"Paio candelabri, a cinque lumi, di bronzo cesellato e dorato (Impero).","1028. Paio candelabri, a cinque lumi, di bronzo cesellato e dorato (Impero).",documents/BO0624_4466
979,1029,"Cristo, avorio di un sol pezzo, scolpito.","1029. Cristo, avorio di un sol pezzo, scolpito.",documents/BO0624_4466
980,1030,Orologio di legno intarsiato con guarnitura di bronzo (stile Luigi XV).,1030. Orologio di legno intarsiato con guarnitura di bronzo (stile Luigi XV).,documents/BO0624_4466
981,1031,"Grande orologio, in marmo, decorato con ricchi ornati e bassorilievi di bronzo dorato (Epoca Luigi X VI).","1031. Grande orologio, in marmo, decorato con ricchi ornati e bassorilievi di bronzo dorato (Epoca Luigi X VI).",documents/BO0624_4466
982,1032,"Cassetta con bassorilievi in osso, scolpito a fregi e figure (Lavoro certosino).","1032. Cassetta con bassorilievi in osso, scolpito a fregi e figure (Lavoro certosino).",documents/BO0624_4466
983,1033,"Due pomi per bastone, di avorio scolpito.","1033. Due pomi per bastone, di avorio scolpito.",documents/BO0624_4466
984,1034,Testina di Cherubino in avorio.,1034. Testina di Cherubino in avorio.,documents/BO0624_4466
985,1035,"Statuetta di avorio, figura di S. Andrea.","1035. Statuetta di avorio, figura di S. Andrea.",documents/BO0624_4466
986,1036,Fregio in bronzo cesellato e dorato.,1036. Fregio in bronzo cesellato e dorato.,documents/BO0624_4466
987,1037,Paio vasi di bronzo con fregi dorati (Impero).,1037. Paio vasi di bronzo con fregi dorati (Impero).,documents/BO0624_4466
988,1038,"Ricca guarnitura di bronzo dorato - Un orologio con figura di Cerere, e bassorilievo alla base dinotante l'Abbondanza - Due candelabri a cinque lumi, con figurine, Geni con cornucopia, sopra base di bronzo dorato (Impero).","1038. Ricca guarnitura di bronzo dorato - Un orologio con figura di Cerere, e bassorilievo alla base dinotante l'Abbondanza - Due candelabri a cinque lumi, con figurine, Geni con cornucopia, sopra base di bronzo dorato (Impero).",documents/BO0624_4466
989,1039,Placchetta di bronzo con soggetto mitologico.,1039. Placchetta di bronzo con soggetto mitologico.,documents/BO0624_4466
990,1040,Due angioli di avorio.,1040. Due angioli di avorio.,documents/BO0624_4466
991,1041,Cassetto di osso (Lavoro certosino).,1041. Cassetto di osso (Lavoro certosino).,documents/BO0624_4466
992,1042,Orologio di legno intagliato e dorato (Epoca Luigi XVI).,1042. Orologio di legno intagliato e dorato (Epoca Luigi XVI).,documents/BO0624_4466
993,1043,"Divin Pastore in avorio, su base di legno nero (XVII secolo).","1043. Divin Pastore in avorio, su base di legno nero (XVII secolo).",documents/BO0624_4466
994,1044,Bassorilievo in avorio con quattro medaglioni (soggetti sacri). Lavoro francese del XVI secolo.,1044. Bassorilievo in avorio con quattro medaglioni (soggetti sacri). Lavoro francese del XVI secolo.,documents/BO0624_4466
995,1015,"Cassetta di bellissima forma, guarnita con placchette di avorio a bassorilievo, rappresentante soggetti sacri.","1015. Cassetta di bellissima forma, guarnita con placchette di avorio a bassorilievo, rappresentante soggetti sacri.",documents/BO0624_4466
996,1046,Cassetto in legno e osso in colore (Lavoro certosino).,"1046. Cassetto in legno e osso in colore (Lavoro certosino).
<!-- image -->",documents/BO0624_4466
997,1047,Piede di calice in bronzo dorato (XVI secolo).,1047. Piede di calice in bronzo dorato (XVI secolo).,documents/BO0624_4466
998,1048,Statuetta di bronzo dorato - S. Pietro - sopra base di marmo.,1048. Statuetta di bronzo dorato - S. Pietro - sopra base di marmo.,documents/BO0624_4466
999,1049,"Uffizio, in pergamena, miniato.","1049. Uffizio, in pergamena, miniato.",documents/BO0624_4466
1000,1050,"Orologio in legno con incrostazioni d'argento su tartaruga (Boule) con bronzi e fregi dorati, alt. m. 0,70 (Epoca Luigi XIV).","1050. Orologio in legno con incrostazioni d'argento su tartaruga (Boule) con bronzi e fregi dorati, alt. m. 0,70 (Epoca Luigi XIV).",documents/BO0624_4466
1001,1051,"Chiave in bronzo dorato (Lavoro francese). Due branches a sei lumi, di bronzo cesellato e dorato (Impero). Statuetta in bronzo, Mercurio, sopra base di marmo nero.","1051. Chiave in bronzo dorato (Lavoro francese). 1053. Due branches a sei lumi, di bronzo cesellato e dorato (Impero). 1052. Statuetta in bronzo, Mercurio, sopra base di marmo nero.",documents/BO0624_4466
1002,1054,Amore e Venere. Bassorilievo di avorio.,1054. Amore e Venere. Bassorilievo di avorio.,documents/BO0624_4466
1003,1055,"Paio candelabri a quattro lumi e due Amorini di bronzo cesellato, con base e lumi dorati (Impero).","1055. Paio candelabri a quattro lumi e due Amorini di bronzo cesellato, con base e lumi dorati (Impero).",documents/BO0624_4466
1004,1056,Vaso di bronzo cesellato e dorato. Lavoro inglese (Thomas London).,1056. Vaso di bronzo cesellato e dorato. Lavoro inglese (Thomas London).,documents/BO0624_4466
1005,1057,"Placchetta di smalto, S. Andrea (Limoges). Un candelabro a tre lumi di bronzo cesellato e dorato (Impero). Orologio di marmo bianco con fregi in bronzo dorato (Epoca Luigi XVI.","1057. Placchetta di smalto, S. Andrea (Limoges). 1059. Un candelabro a tre lumi di bronzo cesellato e dorato (Impero). 1058. Orologio di marmo bianco con fregi in bronzo dorato (Epoca Luigi XVI.",documents/BO0624_4466
1006,1060,"Statuetta di bronzo, Pallade, sopra base di marmo in colori. Coppa in ismalto senza piede. All' ingiro il Convito degli Dei in color grigio su fondo bleu (Limoges). Due profumiere di bronzo cesellato (Impero).","1060. Statuetta di bronzo, Pallade, sopra base di marmo in colori. 1062. Coppa in ismalto senza piede. All' ingiro il Convito degli Dei in color grigio su fondo bleu (Limoges). 1061. Due profumiere di bronzo cesellato (Impero).",documents/BO0624_4466
1007,1063,Bussola in avorio graffito.,1063. Bussola in avorio graffito.,documents/BO0624_4466
1008,1064,Due denti di avorio.,1064. Due denti di avorio.,documents/BO0624_4466
1009,1065,Campanello di bronzo con bassorilievi a figure e fregi.,- 1065 Campanello di bronzo con bassorilievi a figure e fregi.,documents/BO0624_4466
1010,1066,"Bussola di avorio. Statuetta di bronzo cesellato e dorato - Una Santa seduta in sedia di legno noce intagliata con fregi e testine di angioletti in bronzo — Bellissimo lavoro del XVI secolo, alt. m. 0,35 per 0,22 Croce in ebano ed avorio graffito-La Via Crucis (Secolo XVII).","1066. Bussola di avorio. 1068. Statuetta di bronzo cesellato e dorato - Una Santa seduta in sedia di legno noce intagliata con fregi e testine di angioletti in bronzo — Bellissimo lavoro del XVI secolo, alt. m. 0,35 per 0,22 1067. Croce in ebano ed avorio graffito-La Via Crucis (Secolo XVII).",documents/BO0624_4466
1011,1069,Lampadina di bronzo césellato (Impero). Piccolo trittico in legno con figure scolpite e dipinte a più colori. Figura d' un Evangelista - Statuetta in bosso.,1069. Lampadina di bronzo césellato (Impero). 1071. Piccolo trittico in legno con figure scolpite e dipinte a più colori. 1070. Figura d' un Evangelista - Statuetta in bosso.,documents/BO0624_4466
1012,1072,Mezzo-busto in legno scolpito e dipinto (Secolo XV). Lotto di cinque pezzi per scrittojo in malachite e bronzo dorato con smalti nel centro — Bellissimo lavoro russo (Epoca Impero). Orologio con figura - Il Tempo - di bronzo con base di marmo in colori (Impero).,1072. Mezzo-busto in legno scolpito e dipinto (Secolo XV). 1074. Lotto di cinque pezzi per scrittojo in malachite e bronzo dorato con smalti nel centro — Bellissimo lavoro russo (Epoca Impero). 1073. Orologio con figura - Il Tempo - di bronzo con base di marmo in colori (Impero).,documents/BO0624_4466
1013,1075,Cristo di avorio (senza le braccia) lavoro siciliano antico.,1075. Cristo di avorio (senza le braccia) lavoro siciliano antico.,documents/BO0624_4466
1014,1076,"Tre placchette, in cristallo di rocca, incise.","1076. Tre placchette, in cristallo di rocca, incise.",documents/BO0624_4466
1015,1077,Grande mortaio di bronzo ornato con fregi (XVII Secolo).,1077. Grande mortaio di bronzo ornato con fregi (XVII Secolo).,documents/BO0624_4466
1016,1078,Statuetta in bronzo - Bacco — sopra base di marmo (Impero).,1078. Statuetta in bronzo - Bacco — sopra base di marmo (Impero).,documents/BO0624_4466
1017,1079,"Placchetta di bronzo, soggetto mitologico.","1079. Placchetta di bronzo, soggetto mitologico.",documents/BO0624_4466
1018,1080,"Scatola di legno bosso, forma rettangolare, decorato con fregi e figure intagliate a bassorilievo. Grazioso lavoro di stile antico.","1080. Scatola di legno bosso, forma rettangolare, decorato con fregi e figure intagliate a bassorilievo. Grazioso lavoro di stile antico.",documents/BO0624_4466
1019,1081,Orologio di bronzo cesellato e dorato (Epoca Impero).,1081. Orologio di bronzo cesellato e dorato (Epoca Impero).,documents/BO0624_4466
1020,1082,"Cristo Crocifisso - Bellissimo lavoro in avorio del XVII secolo, alt. m. 0,52.","1082. Cristo Crocifisso - Bellissimo lavoro in avorio del XVII secolo, alt. m. 0,52.",documents/BO0624_4466
1021,1083,Medaglione ottagonale in cristallo di rocca.,1083. Medaglione ottagonale in cristallo di rocca.,documents/BO0624_4466
1022,1084,Bustino in bronzo dorato.,1084. Bustino in bronzo dorato.,documents/BO0624_4466
1023,1085,"La Vergine, S. Giuseppe, il Bambino e tre figure di pastori Statuette in bosso (XVII Secolo).","1085. La Vergine, S. Giuseppe, il Bambino e tre figure di pastori Statuette in bosso (XVII Secolo).",documents/BO0624_4466
1024,1086,Altorilievo in avorio con bella patina. Idolo indiano con altre figure e fregi del XIV secolo.,1086. Altorilievo in avorio con bella patina. Idolo indiano con altre figure e fregi del XIV secolo.,documents/BO0624_4466
1025,1087,Due profumiere in bronzo cesellato dorato (Impero).,1087. Due profumiere in bronzo cesellato dorato (Impero).,documents/BO0624_4466
1026,1088,Bassorilievo in bronzo dorato: La Vergine col Bambino (XVII Secolo).,1088. Bassorilievo in bronzo dorato: La Vergine col Bambino (XVII Secolo).,documents/BO0624_4466
1027,1089,"Gruppo in avorio-Santa Teresa fra due Angioli, lavoro del secolo XVI.","1089. Gruppo in avorio-Santa Teresa fra due Angioli, lavoro del secolo XVI.",documents/BO0624_4466
1028,1090,Placchetta di bronzo. Due figure di Ninfe (Epoca Luigi XVI).,1090. Placchetta di bronzo. Due figure di Ninfe (Epoca Luigi XVI).,documents/BO0624_4466
1029,1091,Medaglione in rame dorato del XVII secolo.,1091. Medaglione in rame dorato del XVII secolo.,documents/BO0624_4466
1030,1092,"Boccale con manico e coperchio, decorato con bellissimi fregi e bassorilievo all'ingiro, lavoro tedesco (Epoca Luigi XIV).","1092. Boccale con manico e coperchio, decorato con bellissimi fregi e bassorilievo all'ingiro, lavoro tedesco (Epoca Luigi XIV).",documents/BO0624_4466
1031,1093,Placchetta in bronzo. La Sacra Famiglia (Secolo XVIII).,1093. Placchetta in bronzo. La Sacra Famiglia (Secolo XVIII).,documents/BO0624_4466
1032,1094,"Bassorilievo in bosso. Il sogno di S. Giuseppe, del XVII secolo.","1094. Bassorilievo in bosso. Il sogno di S. Giuseppe, del XVII secolo.",documents/BO0624_4466
1033,1095,"Bastone di avorio, in più pezzi, graffito con figure rappresentanti varii soggetti sacri del XVII secolo.","1095. Bastone di avorio, in più pezzi, graffito con figure rappresentanti varii soggetti sacri del XVII secolo.",documents/BO0624_4466
1034,1096,"Frammento di avório, puttini scolpiti sopra fondo dorato, del XVI secolo.","1096. Frammento di avório, puttini scolpiti sopra fondo dorato, del XVI secolo.",documents/BO0624_4466
1035,1097,Due putti in bronzo (XVII Secolo).,1097. Due putti in bronzo (XVII Secolo).,documents/BO0624_4466
1036,1098,"Paio candelabri a nove lumi sorretti da due statuette Mercurio e Calipso, con base di malachite. Bellissimo lavoro in bronzo cesellato e dorato, alt. m. 1.10 (Epoca Impero).","1098. Paio candelabri a nove lumi sorretti da due statuette Mercurio e Calipso, con base di malachite. Bellissimo lavoro in bronzo cesellato e dorato, alt. m. 1.10 (Epoca Impero).",documents/BO0624_4466
1037,1099,"Piccolo orologio, con Amorino, di bronzo cesellato e dorato. (Impero).","1099. Piccolo orologio, con Amorino, di bronzo cesellato e dorato. 25. (Impero).",documents/BO0624_4466
1038,1100,Due candelabri a muro in bronzo cesellato e dorato (Impero).,"1100. Due candelabri a muro in bronzo cesellato e dorato (Impero).
<!-- image -->",documents/BO0624_4466
1039,1101,Statuetta di bronzo (Impero).,1101. Statuetta di bronzo (Impero).,documents/BO0624_4466
1040,1102,"Bastone di avorio, in più pezzi, graffito con soggetti bibblici Della creazione a Noè (XVII Secolo).","1102. Bastone di avorio, in più pezzi, graffito con soggetti bibblici Della creazione a Noè (XVII Secolo).",documents/BO0624_4466
1041,1103,"Paio vasi, bellissimo lavoro in ornati e figure di bronzo dorato e base di malachite (Impero).","1103. Paio vasi, bellissimo lavoro in ornati e figure di bronzo dorato e base di malachite (Impero).",documents/BO0624_4466
1042,1104,Orologio in bronzo cesellato e dorato - Apollo col carro (Impero).,1104. Orologio in bronzo cesellato e dorato - Apollo col carro (Impero).,documents/BO0624_4466
1043,1105,"Due nicchie in ebano con incastrazione di pietre dure. Nel centro Cristo e la Vergine, in argento (XVIII Secolo).","1105. Due nicchie in ebano con incastrazione di pietre dure. Nel centro Cristo e la Vergine, in argento (XVIII Secolo).",documents/BO0624_4466
1044,1106,Amorino di avorio.,1106. Amorino di avorio.,documents/BO0624_4466
1045,1107,Placchetta di bronzo con fregi cesellati e dorati.,1107. Placchetta di bronzo con fregi cesellati e dorati.,documents/BO0624_4466
1046,1108,"Cassetta ottagonale decorata con figure, a bassorilievo, in osso (Lavoro certosino).","1108. Cassetta ottagonale decorata con figure, a bassorilievo, in osso (Lavoro certosino).",documents/BO0624_4466
1047,1109,Statuetta di avorio del XVII secolo.,1109. Statuetta di avorio del XVII secolo.,documents/BO0624_4466
1048,1110,"Pace a forma di cuspide rappresentante La Pietà in bassorilievo, con fregi intagliati ed illuminati in oro; nella base vi sono apposte le armi dei Borghesi. Lavoro in savaccio del XIV secolo.","1110. Pace a forma di cuspide rappresentante La Pietà in bassorilievo, con fregi intagliati ed illuminati in oro; nella base vi sono apposte le armi dei Borghesi. Lavoro in savaccio del XIV secolo.",documents/BO0624_4466
1049,1111,"Bacco e Cerere, gruppo in bronzo su base di marmo (XVII Secolo).","1111. Bacco e Cerere, gruppo in bronzo su base di marmo (XVII Secolo).",documents/BO0624_4466
1050,1112,Smaltino — La Fuga in Egitto (Limoges).,1112. Smaltino — La Fuga in Egitto (Limoges).,documents/BO0624_4466
1051,1113,", Officium Beatae Mariae Virginis (Anversa, 1573).","1113, Officium Beatae Mariae Virginis (Anversa, 1573).",documents/BO0624_4466
1052,1114,Due placche bassorilievo d'avorio. Ritratti di Papi.,1114. Due placche bassorilievo d'avorio. Ritratti di Papi.,documents/BO0624_4466
1053,1115,Scatolo in legno guarnito di avorio in colori (Lavoro certosino).,1115. Scatolo in legno guarnito di avorio in colori (Lavoro certosino).,documents/BO0624_4466
1054,1116,Orologio con figure — Amore e Psiche — di bronzo dorato (Impero).,1116. Orologio con figure — Amore e Psiche — di bronzo dorato (Impero).,documents/BO0624_4466
1055,1117,Cassetto in legno intarsiato (Lavoro certosino).,1117. Cassetto in legno intarsiato (Lavoro certosino).,documents/BO0624_4466
1056,1118,"Pomo per bastone di avorio, scolpito con chimera.","1118. Pomo per bastone di avorio, scolpito con chimera.",documents/BO0624_4466
1057,1119,Placchetta - Amore e Venere - di bronzo.,1119. Placchetta - Amore e Venere - di bronzo.,documents/BO0624_4466
1058,1120,Bastone di un sol pezzo di avorio.,1120. Bastone di un sol pezzo di avorio.,documents/BO0624_4466
1059,1121,"Il Presepe. Altorilievo in osso, lavoro siciliano.","1121. Il Presepe. Altorilievo in osso, lavoro siciliano.",documents/BO0624_4466
1060,1122,"Figura di un Papa con la tiara in atto di benedire - Statuetta in bosso — Lavoro siciliano del Secolo XVII, alt. m. 0,36.","1122. Figura di un Papa con la tiara in atto di benedire - Statuetta in bosso — Lavoro siciliano del Secolo XVII, alt. m. 0,36.",documents/BO0624_4466
1061,1123,Placca in avorio - Luigi XIV coronato di alloro.,1123. Placca in avorio - Luigi XIV coronato di alloro.,documents/BO0624_4466
1062,1124,Statuetta in avorio. Figura di donna (Luigi XIV).,1124. Statuetta in avorio. Figura di donna (Luigi XIV).,documents/BO0624_4466
1063,1125,Teschietto in avorio.,1125. Teschietto in avorio.,documents/BO0624_4466
1064,1126,"Orologio, a grande soneria, di legno guarnito con bronzi. (Epoca","1126. Orologio, a grande soneria, di legno guarnito con bronzi. (Epoca

Luigi XV).",documents/BO0624_4466
1065,1127,Cassetto in legno intarsiato (Lavoro certosino).,1127. Cassetto in legno intarsiato (Lavoro certosino).,documents/BO0624_4466
1066,1128,Un libro —Storia degli uomini illustri — edizione di Nürinberg 1668.,1128. Un libro —Storia degli uomini illustri — edizione di Nürinberg 1668.,documents/BO0624_4466
1067,1129,Piccolo bustino in bronzo.,1129. Piccolo bustino in bronzo.,documents/BO0624_4466
1068,1130,"Piccola coppa di forma ellittica, lavorata in un sol pezzo d'ambra, nel centro piccolo medaglione scolpito - Gesù risorto - Bellissimo lavoro del XVI secolo, dia. m. 0,75.","1130. Piccola coppa di forma ellittica, lavorata in un sol pezzo d'ambra, nel centro piccolo medaglione scolpito - Gesù risorto - Bellissimo lavoro del XVI secolo, dia. m. 0,75.",documents/BO0624_4466
1069,1131,"Placchetta di bronzo, soggetto sacro.","1131. Placchetta di bronzo, soggetto sacro.",documents/BO0624_4466
1070,1132,Quattro pezzi di avorio scolpiti.,1132. Quattro pezzi di avorio scolpiti.,documents/BO0624_4466
1071,1133,Bassorilievo d'avorio - Ritratto di Luigi XV.,1133. Bassorilievo d'avorio - Ritratto di Luigi XV.,documents/BO0624_4466
1072,1134,Placchetta di cristallo di rocca con figura di S. Sebastiano ineisa: del XVI secolo.,1134. Placchetta di cristallo di rocca con figura di S. Sebastiano ineisa: del XVI secolo.,documents/BO0624_4466
1073,1135,Placchetta a sbalzo - Gesù risorto - di rame dorato.,1135. Placchetta a sbalzo - Gesù risorto - di rame dorato.,documents/BO0624_4466
1074,1136,Statuetta - Giunone — di bronzo dorato del XVII secolo.,1136. Statuetta - Giunone — di bronzo dorato del XVII secolo.,documents/BO0624_4466
1075,1137,"Cristo, in bronzo dorato su croce di ebano con finimenti in bronzo, cesellato e dorato, del XVII secolo.","1137. Cristo, in bronzo dorato su croce di ebano con finimenti in bronzo, cesellato e dorato, del XVII secolo.",documents/BO0624_4466
1076,1138,Bastone con pomo di avorio inciso a soggetto - Caccia al cervo.,1138. Bastone con pomo di avorio inciso a soggetto - Caccia al cervo.,documents/BO0624_4466
1077,1139,Una galera con alberi e accessori in avorio. Lavoro veneziano del XVIII secolo.,1139. Una galera con alberi e accessori in avorio. Lavoro veneziano del XVIII secolo.,documents/BO0624_4466
1078,1140,"Piletta in cristallo di rocca con fregi incisi: altezza m. 0,16.","1140. Piletta in cristallo di rocca con fregi incisi: altezza m. 0,16.",documents/BO0624_4466
1079,1141,"Cristo in avorio su croce di legno nero, alt. m. 0,22.","1141. Cristo in avorio su croce di legno nero, alt. m. 0,22.",documents/BO0624_4466
1080,1142,Bassorilievo in avorio - Ritratto di Luigi XV.,1142. Bassorilievo in avorio - Ritratto di Luigi XV.,documents/BO0624_4466
1081,1143,Guarnitura di bronzo composta di quattro candelabri a cinque lumi e tre corbeilles; decorata con statuette - Baccanti - e fregi cesellati e dorati (Epoca Impero).,1143. Guarnitura di bronzo composta di quattro candelabri a cinque lumi e tre corbeilles; decorata con statuette - Baccanti - e fregi cesellati e dorati (Epoca Impero).,documents/BO0624_4466
1082,1144,Paio vasi di bronzo cesellato e dorato sopra base di marmo in colori (Impero).,1144. Paio vasi di bronzo cesellato e dorato sopra base di marmo in colori (Impero).,documents/BO0624_4466
1083,1145,Gruppo di avorio - Venere e Amore — del XVII Secolo.,1145. Gruppo di avorio - Venere e Amore — del XVII Secolo.,documents/BO0624_4466
1084,1146,Quattro candelieri di bronzo dorato (Epoca Impero).,1146. Quattro candelieri di bronzo dorato (Epoca Impero).,documents/BO0624_4466
1085,1147,Statuetta di avorio -S. Filippo - posta in cornice di bronzo dorato.,"1147. Statuetta di avorio -S. Filippo - posta in cornice di bronzo dorato.

<!-- image -->
Tavola VIII.

<!-- image -->
<!-- image -->

## Miniature ed oggetti di vetrina",documents/BO0624_4466
1086,1148,Scatola in lapislazzuli montato in oro (Epoca Luigi XVI).,1148. Scatola in lapislazzuli montato in oro (Epoca Luigi XVI).,documents/BO0624_4466
1087,1149,Miniatura - Ritratto con cornice in oro (Impero).,1149. Miniatura - Ritratto con cornice in oro (Impero).,documents/BO0624_4466
1088,1150,Ritratto di donna (Epoca Impero).,1150. Ritratto di donna (Epoca Impero).,documents/BO0624_4466
1089,1151,Scatola di avorio con ritratto di donna (Direttorio).,1151. Scatola di avorio con ritratto di donna (Direttorio).,documents/BO0624_4466
1090,1152,Miniatura sopra avorio - Francesco 1º Borbone.,1152. Miniatura sopra avorio - Francesco 1º Borbone.,documents/BO0624_4466
1091,1153,"Astuccio da lavoro, in rame dorato.","1153. Astuccio da lavoro, in rame dorato.",documents/BO0624_4466
1092,1154,Fibbia in stras montati in argento dorato.,1154. Fibbia in stras montati in argento dorato.,documents/BO0624_4466
1093,1155,Odorino di porcellana montato in argento (Napoli).,1155. Odorino di porcellana montato in argento (Napoli).,documents/BO0624_4466
1094,1156,Paio orecchini in stras montati in argento.,1156. Paio orecchini in stras montati in argento.,documents/BO0624_4466
1095,1157,Spillo di stras montati in argento.,1157. Spillo di stras montati in argento.,documents/BO0624_4466
1096,1158,Orecchini in argento e pietre in colori.,1158. Orecchini in argento e pietre in colori.,documents/BO0624_4466
1097,1159,Porta odori di bosso scolpito.,1159. Porta odori di bosso scolpito.,documents/BO0624_4466
1098,1160,Smalto - Ritratto di donna (Epoca Luigi XV).,1160. Smalto - Ritratto di donna (Epoca Luigi XV).,documents/BO0624_4466
1099,1161,"Miniatura, sopra avorio, di più figure (Lavoro fiammingo) XVIII secolo.","1161. Miniatura, sopra avorio, di più figure (Lavoro fiammingo) XVIII secolo.",documents/BO0624_4466
1100,1162,Miniatura sopra avorio - Ritratto di donna - (Direttorio).,1162. Miniatura sopra avorio - Ritratto di donna - (Direttorio).,documents/BO0624_4466
1101,1163,Miniatura sopra avorio - Ritratto di uomo - (Impero).,1163. Miniatura sopra avorio - Ritratto di uomo - (Impero).,documents/BO0624_4466
1102,1164,"Astuccio, per oggetti da lavoro, in venturina montata in argento.","1164. Astuccio, per oggetti da lavoro, in venturina montata in argento.",documents/BO0624_4466
1103,1165,Pomo di bastone. Porcellana colorata Bleu voi (Sèvres).,1165. Pomo di bastone. Porcellana colorata Bleu voi (Sèvres).,documents/BO0624_4466
1104,1166,"Pajo orecchini, stras montati in oro.","1166. Pajo orecchini, stras montati in oro.",documents/BO0624_4466
1105,1167,Due fibbie di stras montati in argento.,1167. Due fibbie di stras montati in argento.,documents/BO0624_4466
1106,1168,Due placchette in biscuit (Epoca Luigi XVI).,1168. Due placchette in biscuit (Epoca Luigi XVI).,documents/BO0624_4466
1107,1169,Mezza luna in stras e smalto bleu.,1169. Mezza luna in stras e smalto bleu.,documents/BO0624_4466
1108,1170,Lotto di otto pezzi in stras montati in argento.,1170. Lotto di otto pezzi in stras montati in argento.,documents/BO0624_4466
1109,1171,Tabacchiera senza coverchio smalto bleu (Venezia).,1171. Tabacchiera senza coverchio smalto bleu (Venezia).,documents/BO0624_4466
1110,1172,Smaltino su rame - Ritratto di donna - (Luigi XVI).,1172. Smaltino su rame - Ritratto di donna - (Luigi XVI).,documents/BO0624_4466
1111,1173,"Scatola, senza coperchio, di rame smaltato - (Epoca Luigi XV).","1173. Scatola, senza coperchio, di rame smaltato - (Epoca Luigi XV).",documents/BO0624_4466
1112,1174,Scatola rettangolare in avorio - Nel coperchio Venere e Satiri.,"1174. Scatola rettangolare in avorio - Nel coperchio Venere e Satiri.

(Epoca Luigi XV).",documents/BO0624_4466
1113,1175,Ventaglio dipinto sopra seta bianca.,1175. Ventaglio dipinto sopra seta bianca.,documents/BO0624_4466
1114,1176,Smalto sopra rame - Ritratto di donna (Epoca Luigi XV).,1176. Smalto sopra rame - Ritratto di donna (Epoca Luigi XV).,documents/BO0624_4466
1115,1177,Anello smaltato bleu.,1177. Anello smaltato bleu.,documents/BO0624_4466
1116,1178,Un bracciale con stras montati in argento.,1178. Un bracciale con stras montati in argento.,documents/BO0624_4466
1117,1179,Châtelaine con fregi e stras.,1179. Châtelaine con fregi e stras.,documents/BO0624_4466
1118,1180,Figurina smaltata sopra rame montata a spillo (Luigi XVI).,1180. Figurina smaltata sopra rame montata a spillo (Luigi XVI).,documents/BO0624_4466
1119,1181,Catenina da orologio in rame smaltata.,1181. Catenina da orologio in rame smaltata.,documents/BO0624_4466
1120,1182,Miniatura sopra avorio - Ritratto di Ferdinando I Borbone.,1182. Miniatura sopra avorio - Ritratto di Ferdinando I Borbone.,documents/BO0624_4466
1121,1183,Miniatura sopra avorio - Amorini (Epoca Luigi XVI).,1183. Miniatura sopra avorio - Amorini (Epoca Luigi XVI).,documents/BO0624_4466
1122,1184,Scatola di avorio montata in argento.,1184. Scatola di avorio montata in argento.,documents/BO0624_4466
1123,1185,Scatola di osso nero con figure cinesi.,1185. Scatola di osso nero con figure cinesi.,documents/BO0624_4466
1124,1186,Piccolo odorino in porcellana colorata e dorata.,1186. Piccolo odorino in porcellana colorata e dorata.,documents/BO0624_4466
1125,1187,Scatola con ventiquattro bottoni grandi e sedici piccoli di stras.,1187. Scatola con ventiquattro bottoni grandi e sedici piccoli di stras.,documents/BO0624_4466
1126,1188,Spillo in stras montati in oro.,1188. Spillo in stras montati in oro.,documents/BO0624_4466
1127,1189,Grande spillo di stras montati in argento.,1189. Grande spillo di stras montati in argento.,documents/BO0624_4466
1128,1190,La Venere di Torvaldsen - Fondo di scatola in Vernis-Martin.,1190. La Venere di Torvaldsen - Fondo di scatola in Vernis-Martin.,documents/BO0624_4466
1129,1191,Ciondolo con miniatura in cornice di stras.,1191. Ciondolo con miniatura in cornice di stras.,documents/BO0624_4466
1130,1192,Miniatura sopra avorio con cornicetta in gergoni - Maria Carolina Borbone.,1192. Miniatura sopra avorio con cornicetta in gergoni - Maria Carolina Borbone.,documents/BO0624_4466
1131,1193,Odorini in porcellana colorata.,1193. Odorini in porcellana colorata.,documents/BO0624_4466
1132,1194,Spillo per uomo in stras montati in argento.,1194. Spillo per uomo in stras montati in argento.,documents/BO0624_4466
1133,1195,Crocetta in cristallo di rocca del XVI secolo.,1195. Crocetta in cristallo di rocca del XVI secolo.,documents/BO0624_4466
1134,1196,"Orologio di argento con soneria a ripetizione e doppia cassa, con ornati incisi é traforati, diam. m. 0.10 (Epoca Luigi XIV).","1196. Orologio di argento con soneria a ripetizione e doppia cassa, con ornati incisi é traforati, diam. m. 0.10 (Epoca Luigi XIV).",documents/BO0624_4466
1135,1197,Paio di orecchini in stras montati in argento.,1197. Paio di orecchini in stras montati in argento.,documents/BO0624_4466
1136,1198,Due piccole fibbie di stras montati in argento.,1198. Due piccole fibbie di stras montati in argento.,documents/BO0624_4466
1137,1199,Piccole fibbie ovali con stras montati in argento.,1199. Piccole fibbie ovali con stras montati in argento.,documents/BO0624_4466
1138,1200,Numero sei smaltini su rame - Figurine diverse.,1200. Numero sei smaltini su rame - Figurine diverse.,documents/BO0624_4466
1139,1201,Smaltino su rame - Ritratto di donna.,1201. Smaltino su rame - Ritratto di donna.,documents/BO0624_4466
1140,1202,Spillo con fregi in stras montati in argento dorato.,1202. Spillo con fregi in stras montati in argento dorato.,documents/BO0624_4466
1141,1203,Due paia orecchini in corallo e oro.,1203. Due paia orecchini in corallo e oro.,documents/BO0624_4466
1142,1204,unoue pezzeru al amora montati in oro.,1204. unoue pezzeru al amora montati in oro.,documents/BO0624_4466
1143,1205,Paio orecchini stras montati in oro.,1205. Paio orecchini stras montati in oro.,documents/BO0624_4466
1144,1206,Amuleto in argento.,1206. Amuleto in argento.,documents/BO0624_4466
1145,1207,Due manici per coltello di porcellana in colore (Sassonia).,1207. Due manici per coltello di porcellana in colore (Sassonia).,documents/BO0624_4466
1146,1208,Smaltino su rame - Soggetto campestre - (Epoca Luigi XVI).,1208. Smaltino su rame - Soggetto campestre - (Epoca Luigi XVI).,documents/BO0624_4466
1147,1209,Port' aghi in Vernis Martin.,1209. Port' aghi in Vernis Martin.,documents/BO0624_4466
1148,1210,Miniatura sopra avorio - Ritratto di uomo - in cornice di oro.,1210. Miniatura sopra avorio - Ritratto di uomo - in cornice di oro.,documents/BO0624_4466
1149,1211,"Sette miniature sopra avorio rappresentanti l'Arco di trionfo di Benevento e accessorii, con cornici in oro — firmato F. Buonadonna per il marchese Pedicini.","1211. Sette miniature sopra avorio rappresentanti l'Arco di trionfo di Benevento e accessorii, con cornici in oro — firmato F. Buonadonna per il marchese Pedicini.",documents/BO0624_4466
1150,1212,Miniatura sull'avorio - Ritratto di donna (Direttorio).,1212. Miniatura sull'avorio - Ritratto di donna (Direttorio).,documents/BO0624_4466
1151,1213,Porta sigari in ambra orientale montata in argento.,1213. Porta sigari in ambra orientale montata in argento.,documents/BO0624_4466
1152,1214,Scatola per ostie con soggetti religiosi in Vernis-Martin.,1214. Scatola per ostie con soggetti religiosi in Vernis-Martin.,documents/BO0624_4466
1153,1215,Miniatura sopra avorio - Ritratto di Maria Antonietta di Francia — con cornice di tartaruga.,1215. Miniatura sopra avorio - Ritratto di Maria Antonietta di Francia — con cornice di tartaruga.,documents/BO0624_4466
1154,1216,Miniatura sopra avorio - Figura di donna (Impero).,1216. Miniatura sopra avorio - Figura di donna (Impero).,documents/BO0624_4466
1155,1217,Miniatura sopra avorio - Figura di Baccante (Impero).,1217. Miniatura sopra avorio - Figura di Baccante (Impero).,documents/BO0624_4466
1156,1218,Astuccio di avorio montato in argento.,1218. Astuccio di avorio montato in argento.,documents/BO0624_4466
1157,1219,Smaltino - Ritratto di donna - con cornice in tartaruga (Epoca Luigi XV).,1219. Smaltino - Ritratto di donna - con cornice in tartaruga (Epoca Luigi XV).,documents/BO0624_4466
1158,1220,Tre manichi di coltello di vetro in colori.,1220. Tre manichi di coltello di vetro in colori.,documents/BO0624_4466
1159,1221,Due paia di piccoli orecchini in stras.,1221. Due paia di piccoli orecchini in stras.,documents/BO0624_4466
1160,1222,Due fibbie di stras montati in argento.,1222. Due fibbie di stras montati in argento.,documents/BO0624_4466
1161,1223,Cubo di lapislazzuli.,1223. Cubo di lapislazzuli.,documents/BO0624_4466
1162,1224,Diadema con stras montati in argento.,1224. Diadema con stras montati in argento.,documents/BO0624_4466
1163,1225,"Tabacchiera a forma di uccello, smalto veneziano.","1225. Tabacchiera a forma di uccello, smalto veneziano.",documents/BO0624_4466
1164,1226,Scatola di tartaruga intarsiata in argento e madreperla.,1226. Scatola di tartaruga intarsiata in argento e madreperla.,documents/BO0624_4466
1165,1227,Due bottoni di venturina e stras.,1227. Due bottoni di venturina e stras.,documents/BO0624_4466
1166,1228,Scatola con doppia apertura in porcellana decorata a paesaggi.,"1228. Scatola con doppia apertura in porcellana decorata a paesaggi.

(Sassonia).",documents/BO0624_4466
1167,1229,Miniatura sopra avorio - Ritratto di donna.,1229. Miniatura sopra avorio - Ritratto di donna.,documents/BO0624_4466
1168,1230,Piccola miniatura sopra avorio - Ritratto di donna.,1230. Piccola miniatura sopra avorio - Ritratto di donna.,documents/BO0624_4466
1169,1231,Due piccole miniature sopra avorio - Figure di Amorini.,1231. Due piccole miniature sopra avorio - Figure di Amorini.,documents/BO0624_4466
1170,1232,Pergamena miniata rappresentante l'Aurora (Epoca Luigi XVI).,1232. Pergamena miniata rappresentante l'Aurora (Epoca Luigi XVI).,documents/BO0624_4466
1171,1233,Miniatura sopra avorio Amorini con gabbia.,1233. Miniatura sopra avorio Amorini con gabbia.,documents/BO0624_4466
1172,1234,Spillo in stras montati in argento.,1234. Spillo in stras montati in argento.,documents/BO0624_4466
1173,1235,Spillo in oro con miniatura e cornice di stras.,1235. Spillo in oro con miniatura e cornice di stras.,documents/BO0624_4466
1174,1236,Cammeo montato in oro.,1236. Cammeo montato in oro.,documents/BO0624_4466
1175,1237,Croce in metallo inciso e dorato.,1237. Croce in metallo inciso e dorato.,documents/BO0624_4466
1176,1238,Cassa da orologio di rame dorato con smalto.,1238. Cassa da orologio di rame dorato con smalto.,documents/BO0624_4466
1177,1239,Paio di orecchini di stras montati in argento.,1239. Paio di orecchini di stras montati in argento.,documents/BO0624_4466
1178,1240,Due fibbie con opale e stras montati in argento dorato.,1240. Due fibbie con opale e stras montati in argento dorato.,documents/BO0624_4466
1179,1241,Pomo di bastone in porcellana colorata (Chantilly).,1241. Pomo di bastone in porcellana colorata (Chantilly).,documents/BO0624_4466
1180,1242,Sette piccoli smalti sopra rame (Epoca Luigi XV).,1242. Sette piccoli smalti sopra rame (Epoca Luigi XV).,documents/BO0624_4466
1181,1243,Montatura di ventaglio in argento dorato e smaltato (Lavoro ve- neziano).,1243. Montatura di ventaglio in argento dorato e smaltato (Lavoro ve- neziano).,documents/BO0624_4466
1182,1244,Ventaglio in pergamena miniata.,1244. Ventaglio in pergamena miniata.,documents/BO0624_4466
1183,1245,Miniatura sopra avorio - Ritratto di uomo e donna.,1245. Miniatura sopra avorio - Ritratto di uomo e donna.,documents/BO0624_4466
1184,1246,Scatola con dieci bottoni e due fibbie di stras in color bianco e bleu (Epoca Luigi XVI).,1246. Scatola con dieci bottoni e due fibbie di stras in color bianco e bleu (Epoca Luigi XVI).,documents/BO0624_4466
1185,1247,Scatola con ordegni da ingegnere in squama di serpe (galuchat) montata in argento.,1247. Scatola con ordegni da ingegnere in squama di serpe (galuchat) montata in argento.,documents/BO0624_4466
1186,1248,Cofanetto di agata montato in rame dorato.,1248. Cofanetto di agata montato in rame dorato.,documents/BO0624_4466
1187,1249,Spillo ovale con cornice di stras.,1249. Spillo ovale con cornice di stras.,documents/BO0624_4466
1188,1250,Spillo per donna di stras montati in oro..,1250. Spillo per donna di stras montati in oro..,documents/BO0624_4466
1189,1251,Laccio per occhiali in rame smaltato.,1251. Laccio per occhiali in rame smaltato.,documents/BO0624_4466
1190,1252,Orologetto di rame con smalto (Epoca Luigi XV).,1252. Orologetto di rame con smalto (Epoca Luigi XV).,documents/BO0624_4466
1191,1253,Una fibbia di stras montata in argento.,1253. Una fibbia di stras montata in argento.,documents/BO0624_4466
1192,1254,Miniatura sopra avorio - Ritratto.,1254. Miniatura sopra avorio - Ritratto.,documents/BO0624_4466
1193,1255,Miniatura sopra avorio rappresentante i figli di Carlo I d' Inghilterra.,1255. Miniatura sopra avorio rappresentante i figli di Carlo I d' Inghilterra.,documents/BO0624_4466
1194,1256,Due miniature sopra avorio - Principi di casa Borbone - in cornice d'argento dorato.,1256. Due miniature sopra avorio - Principi di casa Borbone - in cornice d'argento dorato.,documents/BO0624_4466
1195,1257,Miniatura sopra avorio - Venere e Amorini (Epoca Luigi XVI).,1257. Miniatura sopra avorio - Venere e Amorini (Epoca Luigi XVI).,documents/BO0624_4466
1196,1258,Ventaglio di pergamena miniata con manico dorato.,1258. Ventaglio di pergamena miniata con manico dorato.,documents/BO0624_4466
1197,1259,Tre pomi di bastoni di diverse epoche.,1259. Tre pomi di bastoni di diverse epoche.,documents/BO0624_4466
1198,1260,Anello in oro con stras montati in argento.,1260. Anello in oro con stras montati in argento.,documents/BO0624_4466
1199,1261,Occhiali con laccio in rame smaltato.,1261. Occhiali con laccio in rame smaltato.,documents/BO0624_4466
1200,1262,Due pezzi (montatura di pettine) in stras.,1262. Due pezzi (montatura di pettine) in stras.,documents/BO0624_4466
1201,1263,Miniatura a spillo in cornice di stras.,1263. Miniatura a spillo in cornice di stras.,documents/BO0624_4466
1202,1264,Scatola in osso dipinto - Imitazione Vernis-Martin.,1264. Scatola in osso dipinto - Imitazione Vernis-Martin.,documents/BO0624_4466
1203,1265,Scatola da tabacco in bosso scolpito - Giove e Leda.,1265. Scatola da tabacco in bosso scolpito - Giove e Leda.,documents/BO0624_4466
1204,1266,Miniatura sopra avorio in cornice - Ritratto di donna (Epoca Luigi XVI).,1266. Miniatura sopra avorio in cornice - Ritratto di donna (Epoca Luigi XVI).,documents/BO0624_4466
1205,1267,Lotto di tre cornicette di stras.,1267. Lotto di tre cornicette di stras.,documents/BO0624_4466
1206,1268,Ventaglio di avorio colorato.,1268. Ventaglio di avorio colorato.,documents/BO0624_4466
1207,1269,Manico di ventaglio avorio colorato.,1269. Manico di ventaglio avorio colorato.,documents/BO0624_4466
1208,1270,"Otto miniature sopra avorio raffiguranti ritratti, posti in cornice di rame sbalzato e dorato (Epoca Luigi XV).","1270. Otto miniature sopra avorio raffiguranti ritratti, posti in cornice di rame sbalzato e dorato (Epoca Luigi XV).",documents/BO0624_4466
1209,1271,"Pergamena miniata con soggetto riprodotto dal Bonito, firmata Guglielmi.","1271. Pergamena miniata con soggetto riprodotto dal Bonito, firmata 1. Guglielmi.",documents/BO0624_4466
1210,1272,Piccola miniatura - Ritratto di uomo.,1272. Piccola miniatura - Ritratto di uomo.,documents/BO0624_4466
1211,1273,Anello in oro con stras.,1273. Anello in oro con stras.,documents/BO0624_4466
1212,1274,Ritratto di donna in Vernis-Martin (Epoca Luigi XV).,1274. Ritratto di donna in Vernis-Martin (Epoca Luigi XV).,documents/BO0624_4466
1213,1275,Spillo con smaltino e cornice di granate.,1275. Spillo con smaltino e cornice di granate.,documents/BO0624_4466
1214,1276,Piccola scatola di ferro geminato.,1276. Piccola scatola di ferro geminato.,documents/BO0624_4466
1215,1277,Scatola ovale in tartaruga ed avorio filettata in oro.,1277. Scatola ovale in tartaruga ed avorio filettata in oro.,documents/BO0624_4466
1216,1278,Due bottoni di stras montati in argento.,1278. Due bottoni di stras montati in argento.,documents/BO0624_4466
1217,1279,Ciondolo per suggello in rame dorato e stras.,1279. Ciondolo per suggello in rame dorato e stras.,documents/BO0624_4466
1218,1280,Coltello e forchetta con manichi in vetro di Murano.,1280. Coltello e forchetta con manichi in vetro di Murano.,documents/BO0624_4466
1219,1281,"Miniatura sopra avorio-Ritratto di donna con cornice di bron- zo dorato, firmata Albanese.","1281. Miniatura sopra avorio-Ritratto di donna con cornice di bron- zo dorato, firmata Albanese.",documents/BO0624_4466
1220,1282,Miniatura sopra avorio - Ritratto di uomo in costume (Direttorio).,1282. Miniatura sopra avorio - Ritratto di uomo in costume (Direttorio).,documents/BO0624_4466
1221,1283,Ventaglio con manico di madreperla.,1283. Ventaglio con manico di madreperla.,documents/BO0624_4466
1222,1284,Miniatura su l'avorio - Figura di donna (Epoca Luigi XVI).,1284. Miniatura su l'avorio - Figura di donna (Epoca Luigi XVI).,documents/BO0624_4466
1223,1285,"Astuccio, per signora, in squama di serpe (galuchat) con montatu- ra d'argento.","1285. Astuccio, per signora, in squama di serpe (galuchat) con montatu- ra d'argento.",documents/BO0624_4466
1224,1286,Scatola ovale in bosso con bellissimi intagli a rilievi.,1286. Scatola ovale in bosso con bellissimi intagli a rilievi.,documents/BO0624_4466
1225,1287,Scatola ovale in ferro traforato del XVII secolo.,1287. Scatola ovale in ferro traforato del XVII secolo.,documents/BO0624_4466
1226,1288,Croce in argento e stras.,1288. Croce in argento e stras.,documents/BO0624_4466
1227,1289,Due bottoni in opale e stras.,1289. Due bottoni in opale e stras.,documents/BO0624_4466
1228,1290,Tre ciondoli di rame dorato.,1290. Tre ciondoli di rame dorato.,documents/BO0624_4466
1229,1291,Châtelaine di rame dorato a diversi colori (Epoca Luigi XVI).,1291. Châtelaine di rame dorato a diversi colori (Epoca Luigi XVI).,documents/BO0624_4466
1230,1292,Anello in oro con stras montati in argento.,1292. Anello in oro con stras montati in argento.,documents/BO0624_4466
1231,1293,Anello a spoletta con cristallo e stras.,1293. Anello a spoletta con cristallo e stras.,documents/BO0624_4466
1232,1294,Due ritrattini in miniatura sopra avorio.,1294. Due ritrattini in miniatura sopra avorio.,documents/BO0624_4466
1233,1295,Tabacchiera ovale con figure e paesaggi; smalto veneziano (Epo- ca Luigi XVI).,1295. Tabacchiera ovale con figure e paesaggi; smalto veneziano (Epo- ca Luigi XVI).,documents/BO0624_4466
1234,1296,"Tabacchiera con smalto in colori, lavoro veneziano (Epoca Inugi XV).","1296. Tabacchiera con smalto in colori, lavoro veneziano (Epoca Inugi XV).",documents/BO0624_4466
1235,1297,Lotto di cinque fibbie di argento con stras.,1297. Lotto di cinque fibbie di argento con stras.,documents/BO0624_4466
1236,1298,Un' ancora di metallo con stras,1298. Un' ancora di metallo con stras,documents/BO0624_4466
1237,1299,"Braccialetto in rame dorato ooo, Anelo in oro con stas","1299. Braccialetto in rame dorato ooo, Anelo in oro con stas",documents/BO0624_4466
1238,1301,Piccolo ventaglio.,1301. Piccolo ventaglio.,documents/BO0624_4466
1239,1302,Ventaglio con manico di avorio e pergamena miniata,1302. Ventaglio con manico di avorio e pergamena miniata,documents/BO0624_4466
1240,1303,Mimatura su lavorio - Ritratto di donna poca Lug A v1),1303. Mimatura su lavorio - Ritratto di donna poca Lug A v1),documents/BO0624_4466
1241,1304,Miniatura sopra avorio - Figura di Venere,1304. Miniatura sopra avorio - Figura di Venere,documents/BO0624_4466
1242,130,"a. Miniatura sopra avorio raigurante venere, e Giove mutato u Cigno.","130a. Miniatura sopra avorio raigurante venere, e Giove mutato u Cigno.",documents/BO0624_4466
1243,1306,"Mimatura sull avorio in cornice di ebano e pietre dure, rappre- sentante La Sacra Famiglia, dello Schidone, alt. m. 0.13 per 0.10","1306. Mimatura sull avorio in cornice di ebano e pietre dure, rappre- sentante La Sacra Famiglia, dello Schidone, alt. m. 0.13 per 0.10",documents/BO0624_4466
1244,1001,"Miniatura sopra avorio, rappresentante La Madonna del cor reggro, alt. m. 0.12 per 0.10.","1001. Miniatura sopra avorio, rappresentante La Madonna del cor reggro, alt. m. 0.12 per 0.10.

lovo. Ritratto al donna, minatura sopra avorio in astuccio poca L- gr A VI)",documents/BO0624_4466
1245,1309,"Miniatura sopra avorio, rappresentante la Sacra Famiglia","1309. Miniatura sopra avorio, rappresentante la Sacra Famiglia",documents/BO0624_4466
1246,1310,"Pergamena miniata, rappresentante Adamo ed Eva.","1310. Pergamena miniata, rappresentante Adamo ed Eva.",documents/BO0624_4466
1247,1311,Agoraio montato in oro con astuccio in squame di serpe (galuchat),1311. Agoraio montato in oro con astuccio in squame di serpe (galuchat),documents/BO0624_4466
1248,1312,Ventaglio con manico in osso.,1312. Ventaglio con manico in osso.,documents/BO0624_4466
1249,1313,Spillo per uomo in oro con smaltino sopra rame.,1313. Spillo per uomo in oro con smaltino sopra rame.,documents/BO0624_4466
1250,1314,Anello in oro con stras montati in argento,1314. Anello in oro con stras montati in argento,documents/BO0624_4466
1251,1,olo. Anello in oro con stras montati in argento,1olo. Anello in oro con stras montati in argento,documents/BO0624_4466
1252,1316,Châtelaine in rame sbalzato e dorato. con ciondoli a suggello e porta-odori (Epoca Luigi A VI).,1316. Châtelaine in rame sbalzato e dorato. con ciondoli a suggello e porta-odori (Epoca Luigi A VI).,documents/BO0624_4466
1253,1317,Bracciale con turchesi.,1317. Bracciale con turchesi.,documents/BO0624_4466
1254,1318,Pettine con cinque rosette in stras montati in argento tolo. botto di quattro bottoni di stras montati in argento,1318. Pettine con cinque rosette in stras montati in argento tolo. botto di quattro bottoni di stras montati in argento,documents/BO0624_4466
1255,1020,Tabacchiera ovale. smaltata con frutta.,1020. Tabacchiera ovale. smaltata con frutta.,documents/BO0624_4466
1256,1321,Ventaglio dipinto sopra carta,1321. Ventaglio dipinto sopra carta,documents/BO0624_4466
1257,1022,Manco di ventagio in avorio.,1022. Manco di ventagio in avorio.,documents/BO0624_4466
1258,1323,Scatola ovale in porcellana decorata con soggetti mitologici (Sas sonia).,1323. Scatola ovale in porcellana decorata con soggetti mitologici (Sas sonia).,documents/BO0624_4466
1259,1324,Spillo ovale in acciaio e cornice in stras,1324. Spillo ovale in acciaio e cornice in stras,documents/BO0624_4466
1260,1,ozo. solllone di stras montati in argento,1ozo. solllone di stras montati in argento,documents/BO0624_4466
1261,1826,Braccialetto in tartaruga con figurine in oro e argento.,1826. Braccialetto in tartaruga con figurine in oro e argento.,documents/BO0624_4466
1262,1521,Un bracciale con stras e pietre bleu.,1521. Un bracciale con stras e pietre bleu.,documents/BO0624_4466
1263,1328,Orologio di rame dorato con cassa in squame di pesce (galuchat) (Epoca Luigi XV).,1328. Orologio di rame dorato con cassa in squame di pesce (galuchat) (Epoca Luigi XV).,documents/BO0624_4466
1264,102,g. smalto su rame - Kitratto - firmato Mussard,102g. smalto su rame - Kitratto - firmato Mussard,documents/BO0624_4466
1265,1330,Ventaglio di pergamena e manico di osso.,1330. Ventaglio di pergamena e manico di osso.,documents/BO0624_4466
1266,1331,Miniatura sopra avorio - Ritratto di Ferdinando I Borbone,1331. Miniatura sopra avorio - Ritratto di Ferdinando I Borbone,documents/BO0624_4466
1267,1332,Ventagho di avorio miniato.,1332. Ventagho di avorio miniato.,documents/BO0624_4466
1268,1000,"seatola in porcellana (chanti a due aperture, montata m argento - Decorazione a fori","1000. seatola in porcellana (chanti a due aperture, montata m argento - Decorazione a fori",documents/BO0624_4466
1269,1334,Miniatura sopra avorio in astuccio - Venere che esce dalle onde (firmato Escomara).,1334. Miniatura sopra avorio in astuccio - Venere che esce dalle onde (firmato Escomara).,documents/BO0624_4466
1270,1335,Miniatura sopra avorio - Ritratto di donna,1335. Miniatura sopra avorio - Ritratto di donna,documents/BO0624_4466
1271,1336,Tabacchiera con miniatura - Kitratto di Ferdinando IV borbone,1336. Tabacchiera con miniatura - Kitratto di Ferdinando IV borbone,documents/BO0624_4466
1272,1337,Ventaglio di pergamena e manica di avorio.,1337. Ventaglio di pergamena e manica di avorio.,documents/BO0624_4466
1273,1338,Anello in argento con stras e pietra verde,1338. Anello in argento con stras e pietra verde,documents/BO0624_4466
1274,1329,Châte aine in rame corato con smalti,1329. Châte aine in rame corato con smalti,documents/BO0624_4466
1275,1340,Ire chiavi di metallo dorato.,1340. Ire chiavi di metallo dorato.,documents/BO0624_4466
1276,1341,"Piccola croce in argento, stras e pietre in colore.","1341. Piccola croce in argento, stras e pietre in colore.",documents/BO0624_4466
1277,1342,Lotto di quattro bottoni di stras.,1342. Lotto di quattro bottoni di stras.,documents/BO0624_4466
1278,1343,labacchiera smaltata con paesaggi,1343. labacchiera smaltata con paesaggi,documents/BO0624_4466
1279,1044,labacchiera quadrata con nori a smalto.,1044. labacchiera quadrata con nori a smalto.,documents/BO0624_4466
1280,1345,Piccola tabacchiera con soggetto di marma. smalto veneziano.,1345. Piccola tabacchiera con soggetto di marma. smalto veneziano.,documents/BO0624_4466
1281,1346,Pettine di tartaruga montato in argento e stras,1346. Pettine di tartaruga montato in argento e stras,documents/BO0624_4466
1282,1041,labacchera di porcellana con stemma pagale.,1041. labacchera di porcellana con stemma pagale.,documents/BO0624_4466
1283,1348,"Tabacchiera di smalto. forma centinata, montata in argento","1348. Tabacchiera di smalto. forma centinata, montata in argento",documents/BO0624_4466
1284,1349,Motto di due tibbie in stras e smalto,1349. Motto di due tibbie in stras e smalto,documents/BO0624_4466
1285,1250,Cornicetta ovale in acciaio con figurme scolpite sopra avorio.,1250. Cornicetta ovale in acciaio con figurme scolpite sopra avorio.,documents/BO0624_4466
1286,1351,Châtelaine di rame dorato con turchese Epoca Direttorio),1351. Châtelaine di rame dorato con turchese Epoca Direttorio),documents/BO0624_4466
1287,1352,Anello in oro con stras montau in argento.,1352. Anello in oro con stras montau in argento.,documents/BO0624_4466
1288,1353,"Anello a spoletta in argento, con diamantini e smalto nel centro","1353. Anello a spoletta in argento, con diamantini e smalto nel centro",documents/BO0624_4466
1289,1354,Piccolo smalto sopra rame - Ritratto di donna,1354. Piccolo smalto sopra rame - Ritratto di donna,documents/BO0624_4466
1290,1355,Piccolo ventaglio in osso traforato.,1355. Piccolo ventaglio in osso traforato.,documents/BO0624_4466
1291,1356,"Piccola anfora in diaspro sanguigno, con montatura in argento","1356. Piccola anfora in diaspro sanguigno, con montatura in argento",documents/BO0624_4466
1292,100,% Pergamena (per ventaglio) miniata con fiori ed uccelli,100% Pergamena (per ventaglio) miniata con fiori ed uccelli,documents/BO0624_4466
1293,1358,Miniatura sopra avorio - Ritratto di uomo (Direttorio).,1358. Miniatura sopra avorio - Ritratto di uomo (Direttorio).,documents/BO0624_4466
1294,1309,Miniatura sopra avorio - Maria Teresa Borbone,1309. Miniatura sopra avorio - Maria Teresa Borbone,documents/BO0624_4466
1295,1360,Scatolo con cinque pezzi in rame dorato - Servizio per tavola.,1360. Scatolo con cinque pezzi in rame dorato - Servizio per tavola.,documents/BO0624_4466
1296,1361,Ventotto bottoni grandi e sedici piccoli con stras (Luigi XVI).,1361. Ventotto bottoni grandi e sedici piccoli con stras (Luigi XVI).,documents/BO0624_4466
1297,1362,Paio di fibbie in argento con stras.,1362. Paio di fibbie in argento con stras.,documents/BO0624_4466
1298,1363,Uno smaltino - Figura di donna.,1363. Uno smaltino - Figura di donna.,documents/BO0624_4466
1299,1364,Astuccio in Boul.,1364. Astuccio in Boul.,documents/BO0624_4466
1300,1365,Pergamena miniata (per ventaglio) Piazza di S. Pietro.,1365. Pergamena miniata (per ventaglio) Piazza di S. Pietro.,documents/BO0624_4466
1301,1366,Scatola con paesaggi in porcellana (Sassonia).,1366. Scatola con paesaggi in porcellana (Sassonia).,documents/BO0624_4466
1302,1367,Lotto di quattro cornicette in argento e stras.,1367. Lotto di quattro cornicette in argento e stras.,documents/BO0624_4466
1303,1368,Ciondolo in argento e stras.,1368. Ciondolo in argento e stras.,documents/BO0624_4466
1304,1369,Un putto in corallo.,1369. Un putto in corallo.,documents/BO0624_4466
1305,1370,Occhialetto in rame dorato per ciondolo.,1370. Occhialetto in rame dorato per ciondolo.,documents/BO0624_4466
1306,1371,Châtelaine a tre smaltini figura di donna con cornicetta in gergoni ( Epoca Luigi XV).,1371. Châtelaine a tre smaltini figura di donna con cornicetta in gergoni ( Epoca Luigi XV).,documents/BO0624_4466
1307,1372,"Miniatura su l' avorio - Venere carezzata da un Amorino mentre un altro le offre delle rose — Lavoro francese ( Epoca Ingi XVI), diam. 0.10.","1372. Miniatura su l' avorio - Venere carezzata da un Amorino mentre un altro le offre delle rose — Lavoro francese ( Epoca Ingi XVI), diam. 0.10.",documents/BO0624_4466
1308,1373,"Pomo di bastone, putto con ornati, in porcellana bianca (Capodimonte).","1373. Pomo di bastone, putto con ornati, in porcellana bianca (Capodimonte).",documents/BO0624_4466
1309,1374,Pergamena in cornice nera rappresentante allegoria - Ferdinando IV Borbone sotto spoglie di S. Michele Arcangelo abbatte la repubblica francese - firmata Sac. Litterio Battaglia.,1374. Pergamena in cornice nera rappresentante allegoria - Ferdinando IV Borbone sotto spoglie di S. Michele Arcangelo abbatte la repubblica francese - firmata Sac. Litterio Battaglia.,documents/BO0624_4466
1310,1375,Scatola in agata gialla montata di argento.,1375. Scatola in agata gialla montata di argento.,documents/BO0624_4466
1311,1376,Scatola ottagonale in agata seura.,1376. Scatola ottagonale in agata seura.,documents/BO0624_4466
1312,1377,Scatola in agata di Sicilia montata in rame dorato.,1377. Scatola in agata di Sicilia montata in rame dorato.,documents/BO0624_4466
1313,1378,Due piccoli bottoni di stras montati in argento.,1378. Due piccoli bottoni di stras montati in argento.,documents/BO0624_4466
1314,1379,Collana di stras montati in argento.,1379. Collana di stras montati in argento.,documents/BO0624_4466
1315,1380,Suggello in avorio montato in argento.,1380. Suggello in avorio montato in argento.,documents/BO0624_4466
1316,1381,"Collana, spillo e due orecchini in ambra ghiacciata.","1381. Collana, spillo e due orecchini in ambra ghiacciata.",documents/BO0624_4466
1317,1382,Due fibbie di stras montati in argento.,1382. Due fibbie di stras montati in argento.,documents/BO0624_4466
1318,1383,Châtelaine con tre smaltini e gergoni (Epoca Luigi XV).,1383. Châtelaine con tre smaltini e gergoni (Epoca Luigi XV).,documents/BO0624_4466
1319,1384,Porta odori di porcellana colorata montata in argento.,1384. Porta odori di porcellana colorata montata in argento.,documents/BO0624_4466
1320,1385,Miniatura sopra avorio - Ritratto di Ferdinando IV Borbone.,1385. Miniatura sopra avorio - Ritratto di Ferdinando IV Borbone.,documents/BO0624_4466
1321,1386,Scatola con ventitre bottoni grandi e venti piccoli di stras.,1386. Scatola con ventitre bottoni grandi e venti piccoli di stras.,documents/BO0624_4466
1322,1387,"Tabacchiera rotonda, smaltata con paesaggi.","1387. Tabacchiera rotonda, smaltata con paesaggi.",documents/BO0624_4466
1323,1388,Miniatura sull'avorio - Ninfa condotta all'Imene da giovine guerriero ed Amorini-Lavoro francese (Epoca Luigi XVI).,1388. Miniatura sull'avorio - Ninfa condotta all'Imene da giovine guerriero ed Amorini-Lavoro francese (Epoca Luigi XVI).,documents/BO0624_4466
1324,1389,"Tabacchiera rotonda, smaltata con paesaggi.","1389. Tabacchiera rotonda, smaltata con paesaggi.",documents/BO0624_4466
1325,1390,Quattro bottoni stras e vetro bleu.,1390. Quattro bottoni stras e vetro bleu.,documents/BO0624_4466
1326,1391,Collana a piccoli fregi in argento e stras.,1391. Collana a piccoli fregi in argento e stras.,documents/BO0624_4466
1327,1392,Spillo da donna in argento e pietre.,1392. Spillo da donna in argento e pietre.,documents/BO0624_4466
1328,1393,Puttino scolpito in corallo.,1393. Puttino scolpito in corallo.,documents/BO0624_4466
1329,1394,Due fibbie in argento con stras.,1394. Due fibbie in argento con stras.,documents/BO0624_4466
1330,1395,Châtelaine con stras montati in argento (Epoca Luigi XVI).,1395. Châtelaine con stras montati in argento (Epoca Luigi XVI).,documents/BO0624_4466
1331,1396,Astuccio da lavoro. Tartaruga con intarsiatura in argento.,1396. Astuccio da lavoro. Tartaruga con intarsiatura in argento.,documents/BO0624_4466
1332,1397,Miniatura sopra avorio - Il tempio della Concordia.,1397. Miniatura sopra avorio - Il tempio della Concordia.,documents/BO0624_4466
1333,1398,Miniatura sopra pergamena - La Natività - posta in cornice.,1398. Miniatura sopra pergamena - La Natività - posta in cornice.,documents/BO0624_4466
1334,1399,Miniatura sopra avorio - Ritratto di uomo-in cornice di rame dorato.,1399. Miniatura sopra avorio - Ritratto di uomo-in cornice di rame dorato.,documents/BO0624_4466
1335,1400,"Due manichi di coltello, porcellana colorata (Real Fabbrica).","1400. Due manichi di coltello, porcellana colorata (Real Fabbrica).",documents/BO0624_4466
1336,1401,Due fibbie in stras montati in argento.,1401. Due fibbie in stras montati in argento.,documents/BO0624_4466
1337,1402,Paio orecchini montati in oro con stras a mandorle.,1402. Paio orecchini montati in oro con stras a mandorle.,documents/BO0624_4466
1338,1403,Cinque pezzi di biscuit (Wodgwood).,1403. Cinque pezzi di biscuit (Wodgwood).,documents/BO0624_4466
1339,1404,Cinque piccoli bottoni in stras.,1404. Cinque piccoli bottoni in stras.,documents/BO0624_4466
1340,1405,Due piccoli pettini di argento con stras.,1405. Due piccoli pettini di argento con stras.,documents/BO0624_4466
1341,1406,"Scatola, di forma rettangolare, in rame cesellato.","1406. Scatola, di forma rettangolare, in rame cesellato.",documents/BO0624_4466
1342,1407,Piccolo smalto sopra rame (Epoca Luigi XV).,1407. Piccolo smalto sopra rame (Epoca Luigi XV).,documents/BO0624_4466
1343,1408,Miniatura sopra avorio rappresentante Minerva.,1408. Miniatura sopra avorio rappresentante Minerva.,documents/BO0624_4466
1344,1409,"Ventaglio in pergamena miniata, con bel manico di avorio intagliato a figure - Nel mezzo soggetto mitologico e due medaglioni in costume (Epoca Luigi XVI).","1409. Ventaglio in pergamena miniata, con bel manico di avorio intagliato a figure - Nel mezzo soggetto mitologico e due medaglioni in costume (Epoca Luigi XVI).",documents/BO0624_4466
1345,1410,Scatola in legno ebano e madreperla.,1410. Scatola in legno ebano e madreperla.,documents/BO0624_4466
1346,1411,Bellissima miniatura sopra avorio - Giovine donna coronata di lauro da un Amorino — Lavoro francese (Epoca Luigi XV).,1411. Bellissima miniatura sopra avorio - Giovine donna coronata di lauro da un Amorino — Lavoro francese (Epoca Luigi XV).,documents/BO0624_4466
1347,1412,Miniatura sopra avorio rappresentante l'Amore materno.,1412. Miniatura sopra avorio rappresentante l'Amore materno.,documents/BO0624_4466
1348,1413,Miniatura su avorio - Ritratto di donna (Impero).,1413. Miniatura su avorio - Ritratto di donna (Impero).,documents/BO0624_4466
1349,1414,Miniatura sopra avorio - Ritratto di donna (Epoca Direttorio).,1414. Miniatura sopra avorio - Ritratto di donna (Epoca Direttorio).,documents/BO0624_4466
1350,1415,Miniatura sopra avorio - Ritratto di uomo in cornice.,1415. Miniatura sopra avorio - Ritratto di uomo in cornice.,documents/BO0624_4466
1351,1416,Ventaglio di pergamena con manico di avorio in colori.,1416. Ventaglio di pergamena con manico di avorio in colori.,documents/BO0624_4466
1352,1417,Anello a spoletta in argento con stras.,1417. Anello a spoletta in argento con stras.,documents/BO0624_4466
1353,1418,"Medaglione a forma di cuore con due smalti in colori, soggetti sacri.","1418. Medaglione a forma di cuore con due smalti in colori, soggetti sacri.",documents/BO0624_4466
1354,1419,Due spilloni di stras montati in argento.,1419. Due spilloni di stras montati in argento.,documents/BO0624_4466
1355,1420,Scatola ovale in ferro inciso.,1420. Scatola ovale in ferro inciso.,documents/BO0624_4466
1356,1421,Scatola in porfido con musaico.,1421. Scatola in porfido con musaico.,documents/BO0624_4466
1357,1422,Miniatura sopra avorio rappresentante una donna orientale.,1422. Miniatura sopra avorio rappresentante una donna orientale.,documents/BO0624_4466
1358,1423,Astuccio per aghi in Vernis-Martin con figure.,1423. Astuccio per aghi in Vernis-Martin con figure.,documents/BO0624_4466
1359,1424,Miniatura sopra avorio rappresentante una Baccante.,1424. Miniatura sopra avorio rappresentante una Baccante.,documents/BO0624_4466
1360,1425,Miniatura sopra avorio - Ritratto di donna.,1425. Miniatura sopra avorio - Ritratto di donna.,documents/BO0624_4466
1361,1426,"Miniatura su l'avorio - Ritratto di Maria Cristina di Savoia firmata F. Sergardi 1840, alt. m. 0.15, larg. m. 0.12.","1426. Miniatura su l'avorio - Ritratto di Maria Cristina di Savoia firmata F. Sergardi 1840, alt. m. 0.15, larg. m. 0.12.",documents/BO0624_4466
1362,1427,Smalto su rame - Figura allegorica.,1427. Smalto su rame - Figura allegorica.,documents/BO0624_4466
1363,1428,Due coltelli con manichi di porcellana.,1428. Due coltelli con manichi di porcellana.,documents/BO0624_4466
1364,1429,Due fibbie in argento dorato e stras.,1429. Due fibbie in argento dorato e stras.,documents/BO0624_4466
1365,1430,Paio orecchini di oro con stras.,1430. Paio orecchini di oro con stras.,documents/BO0624_4466
1366,1431,Monocolo in avorio.,1431. Monocolo in avorio.,documents/BO0624_4466
1367,1432,Diadema in stras montati di argento.,1432. Diadema in stras montati di argento.,documents/BO0624_4466
1368,1433,Lotto di cinque pezzi in stras e argento.,1433. Lotto di cinque pezzi in stras e argento.,documents/BO0624_4466
1369,1434,Scatola a forma ottagonale di vetro di Murano in colori.,1434. Scatola a forma ottagonale di vetro di Murano in colori.,documents/BO0624_4466
1370,1435,Coverchio di tabacchiera smaltato.,1435. Coverchio di tabacchiera smaltato.,documents/BO0624_4466
1371,1436,Piccolo ciondolo in cristallo di rocca.,1436. Piccolo ciondolo in cristallo di rocca.,documents/BO0624_4466
1372,1437,"Orologio a doppia cassa di argento traforato, e grande soneria. (Epoca Luigi XIV).","1437. Orologio a doppia cassa di argento traforato, e grande soneria. (Epoca Luigi XIV).",documents/BO0624_4466
1373,1438,Paio di orecchini a tre pendenti di stras.,1438. Paio di orecchini a tre pendenti di stras.,documents/BO0624_4466
1374,1439,Piccole fibbie di stras montati in argento.,1439. Piccole fibbie di stras montati in argento.,documents/BO0624_4466
1375,1440,Due smaltini figure di donna (Epoca Luigi XV).,1440. Due smaltini figure di donna (Epoca Luigi XV).,documents/BO0624_4466
1376,1441,Astuccio rettangolare in osso con intarsio di madreperla.,1441. Astuccio rettangolare in osso con intarsio di madreperla.,documents/BO0624_4466
1377,1442,Miniatura sopra avorio in cornice - Ritratto di donna (Impero).,1442. Miniatura sopra avorio in cornice - Ritratto di donna (Impero).,documents/BO0624_4466
1378,1443,Miniatura sopra avorio in cornice - Ritratto di donna. (Epoca,"1443. Miniatura sopra avorio in cornice - Ritratto di donna. (Epoca

Luigi XVI).",documents/BO0624_4466
1379,1444,Suggello in pietra dura montata in argento.,1444. Suggello in pietra dura montata in argento.,documents/BO0624_4466
1380,1445,Diadema in metallo dorato con amatiste e stras (Epoca Impero).,1445. Diadema in metallo dorato con amatiste e stras (Epoca Impero).,documents/BO0624_4466
1381,1446,Lotto di sette piccoli pezzi in stras e argento.,1446. Lotto di sette piccoli pezzi in stras e argento.,documents/BO0624_4466
1382,1447,Scatola in porcellana colorata e dorata.,1447. Scatola in porcellana colorata e dorata.,documents/BO0624_4466
1383,1448,Scatola in tartaruga con intarsi in metallo; imitazione Boule.,1448. Scatola in tartaruga con intarsi in metallo; imitazione Boule.,documents/BO0624_4466
1384,1449,Miniatura sopra avorio in cornice di oro - Ritratto del Principe D. Sebastiano Borbone.,"1449. Miniatura sopra avorio in cornice di oro - Ritratto del Principe D. Sebastiano Borbone.

<!-- image -->
<!-- image -->

## Vetri",documents/BO0624_4466
1385,1450,"Coppa con piede alto, decorata con fregi in rilievo bianchi e bleu e piccolo orlo in color verde (Murano).","1450. Coppa con piede alto, decorata con fregi in rilievo bianchi e bleu e piccolo orlo in color verde (Murano).",documents/BO0624_4466
1386,1451,"Vaso senza piede, forma di pina, in vetro a colori (Murano).","1451. Vaso senza piede, forma di pina, in vetro a colori (Murano).",documents/BO0624_4466
1387,1452,Bicchiere di color venturina (Murano).,1452. Bicchiere di color venturina (Murano).,documents/BO0624_4466
1388,1453,Piccolo vaso in vetro di Murano.,1453. Piccolo vaso in vetro di Murano.,documents/BO0624_4466
1389,1454,Oliera con fregi in color bleu (Murano).,1454. Oliera con fregi in color bleu (Murano).,documents/BO0624_4466
1390,1455,Grossa coppa con manichi (Murano).,1455. Grossa coppa con manichi (Murano).,documents/BO0624_4466
1391,1456,Bicchiere con stemma e fregi smaltati in colori gialli e rossi con oro (Boemia).,1456. Bicchiere con stemma e fregi smaltati in colori gialli e rossi con oro (Boemia).,documents/BO0624_4466
1392,1457,Vaso con coperchio sormontato da uccellino smaltato e mascheroni in oro alla base (Murano).,1457. Vaso con coperchio sormontato da uccellino smaltato e mascheroni in oro alla base (Murano).,documents/BO0624_4466
1393,1458,Un piatto in vetro veneziano.,1458. Un piatto in vetro veneziano.,documents/BO0624_4466
1394,1459,Tazza con piattino. Vetro bianco con fregi in oro (Murano).,1459. Tazza con piattino. Vetro bianco con fregi in oro (Murano).,documents/BO0624_4466
1395,1460,Bicchiere con piede (Murano).,1460. Bicchiere con piede (Murano).,documents/BO0624_4466
1396,1461,Coppa scanellata a due manichi e pomo in color bleu (Murano).,1461. Coppa scanellata a due manichi e pomo in color bleu (Murano).,documents/BO0624_4466
1397,1462,Piccolo vaso di vetro ghiacciato (Murano).,1462. Piccolo vaso di vetro ghiacciato (Murano).,documents/BO0624_4466
1398,1463,Coppa con piede a due manichi orlata in bleu (Murano).,1463. Coppa con piede a due manichi orlata in bleu (Murano).,documents/BO0624_4466
1399,1464,Vaso a due becchi di bella forma ( Vetro spagnolo).,1464. Vaso a due becchi di bella forma ( Vetro spagnolo).,documents/BO0624_4466
1400,1465,Piccola coppa a due manichi di forma centinata (Murano).,1465. Piccola coppa a due manichi di forma centinata (Murano).,documents/BO0624_4466
1401,1466,Vetro a forma di bicchiere (Murano).,1466. Vetro a forma di bicchiere (Murano).,documents/BO0624_4466
1402,1467,"Piccolo boccale con manico, di forma scanellata, e orlo in colore bleu (Murano).","1467. Piccolo boccale con manico, di forma scanellata, e orlo in colore bleu (Murano).",documents/BO0624_4466
1403,1468,Bicchiere in vetro a colori (Murano).,1468. Bicchiere in vetro a colori (Murano).,documents/BO0624_4466
1404,1469,Bicchiere con ornati listati in oro (Boemia).,1469. Bicchiere con ornati listati in oro (Boemia).,documents/BO0624_4466
1405,1470,Secchia (vetro detto ghiacciato) listata in color bleu (Murano).,1470. Secchia (vetro detto ghiacciato) listata in color bleu (Murano).,documents/BO0624_4466
1406,1471,Biechiere con coperchio in vetro smaltato (Boemia).,1471. Biechiere con coperchio in vetro smaltato (Boemia).,documents/BO0624_4466
1407,1472,Frutta (Un arancio) con fiori e fogli in colori (Murano).,1472. Frutta (Un arancio) con fiori e fogli in colori (Murano).,documents/BO0624_4466
1408,1473,Cinque bicchieri a calice in vetro veneziano.,1473. Cinque bicchieri a calice in vetro veneziano.,documents/BO0624_4466
1409,1474,Piccola coppa color feccia di vino (Murano).,1474. Piccola coppa color feccia di vino (Murano).,documents/BO0624_4466
1410,1475,Bottiglia con fregi e stemma in oro (Boemia).,1475. Bottiglia con fregi e stemma in oro (Boemia).,documents/BO0624_4466
1411,1476,Tempietto con colonne e fiori in vetro colorato (Murano).,1476. Tempietto con colonne e fiori in vetro colorato (Murano).,documents/BO0624_4466
1412,1477,Anforetta in vetro (Boemia).,1477. Anforetta in vetro (Boemia).,documents/BO0624_4466
1413,1478,Ampollina di vetro in colori (Murano).,1478. Ampollina di vetro in colori (Murano).,documents/BO0624_4466
1414,1479,"Una coppa, con coperchio, listata in color bianco e rosso.","1479. Una coppa, con coperchio, listata in color bianco e rosso.",documents/BO0624_4466
1415,1480,Vaso di colore latteo (Murano).,1480. Vaso di colore latteo (Murano).,documents/BO0624_4466
1416,1481,Bicchiere in color feccia di vino (Murano).,1481. Bicchiere in color feccia di vino (Murano).,documents/BO0624_4466
1417,1482,"Piccolo vetro graffito, color feccia di vino (Murano). bis. Ampollina con fregi a rilievo bianchi e bleu (Murano).","1482. Piccolo vetro graffito, color feccia di vino (Murano). 1482bis. Ampollina con fregi a rilievo bianchi e bleu (Murano).",documents/BO0624_4466
1418,1483,Vaso con coperchio sormontato da crocetta di color bleu e ma- scheroni in oro alla base (Murano).,1483. Vaso con coperchio sormontato da crocetta di color bleu e ma- scheroni in oro alla base (Murano).,documents/BO0624_4466
1419,1484,Uccellino smaltato in colori (Murano).,1484. Uccellino smaltato in colori (Murano).,documents/BO0624_4466
1420,1485,Bicchiere a calice con piede decorato a fregi bianchi e bleu (Murano).,1485. Bicchiere a calice con piede decorato a fregi bianchi e bleu (Murano).,documents/BO0624_4466
1421,1486,Secchietta filettata in bleu (Murano).,1486. Secchietta filettata in bleu (Murano).,documents/BO0624_4466
1422,1487,"Boccale, a tre bocche, filettato in bianco e manico con piccolo mascherone (Murano).","1487. Boccale, a tre bocche, filettato in bianco e manico con piccolo mascherone (Murano).",documents/BO0624_4466
1423,1488,Vaso graffito con piede di metallo dorato (Murano).,1488. Vaso graffito con piede di metallo dorato (Murano).,documents/BO0624_4466
1424,1489,Frutta (Un limone) con foglie e fiori in colori (Murano).,1489. Frutta (Un limone) con foglie e fiori in colori (Murano).,documents/BO0624_4466
1425,1490,Coppa con piede (Murano).,1490. Coppa con piede (Murano).,documents/BO0624_4466
1426,1491,Coppa in vetro bianco (Murano).,1491. Coppa in vetro bianco (Murano).,documents/BO0624_4466
1427,1492,"Paio Vasi, di forma ad anfora scannellata, in colore azzurro con ricca montatura in bronzo cesellato e dorato (Secolo XVII), alt. m. 0.25 (Murano).","1492. Paio Vasi, di forma ad anfora scannellata, in colore azzurro con ricca montatura in bronzo cesellato e dorato (Secolo XVII), alt. m. 0.25 (Murano).",documents/BO0624_4466
1428,1493,Bicchiere di colore latteo (Murano).,1493. Bicchiere di colore latteo (Murano).,documents/BO0624_4466
1429,1494,Piccola coppa a due manichi in color bleu orlato di bianco (Mu- rano).,1494. Piccola coppa a due manichi in color bleu orlato di bianco (Mu- rano).,documents/BO0624_4466
1430,1495,Piatto tondo con ornati a smalto di più colori (Murano).,1495. Piatto tondo con ornati a smalto di più colori (Murano).,documents/BO0624_4466
1431,1496,Piccolo cervo in vetro (Murano).,1496. Piccolo cervo in vetro (Murano).,documents/BO0624_4466
1432,1497,Vaso con coperchio decorato con stemma e fregi smaltati in colori giallo e rosso (Boemia).,1497. Vaso con coperchio decorato con stemma e fregi smaltati in colori giallo e rosso (Boemia).,documents/BO0624_4466
1433,1498,Bicchiere a calice ornato con fregi bianchi e bleu (Murano).,1498. Bicchiere a calice ornato con fregi bianchi e bleu (Murano).,documents/BO0624_4466
1434,1499,Bicchiere con beccuccio in vetro (Murano).,1499. Bicchiere con beccuccio in vetro (Murano).,documents/BO0624_4466
1435,1500,"Bicchiere a calice, di forma irregolare con fregi in rilievo, bleu e bianco (Murano).","1500. Bicchiere a calice, di forma irregolare con fregi in rilievo, bleu e bianco (Murano).",documents/BO0624_4466
1436,1501,"Due ampolle a due becchi, ornate di fregi bleu e bianchi a ri- lievo e manico arcato (Vetro spagnuoto).","1501. Due ampolle a due becchi, ornate di fregi bleu e bianchi a ri- 6. lievo e manico arcato (Vetro spagnuoto).

<!-- image -->
<!-- image -->

## Stoffe e Perleffi",documents/BO0624_4466
1437,1502,Tappetino in broccato sopra fondo verde (Luigi XV).,1502. Tappetino in broccato sopra fondo verde (Luigi XV).,documents/BO0624_4466
1438,1503,Tappetino in broccato sopra fondo rosa (Luigi XIV).,1503. Tappetino in broccato sopra fondo rosa (Luigi XIV).,documents/BO0624_4466
1439,1504,Colletto e due maniche in merletto (cartiglia).,1504. Colletto e due maniche in merletto (cartiglia).,documents/BO0624_4466
1440,1505,Merletto (Lecce) m. 2.00.,1505. Merletto (Lecce) m. 2.00.,documents/BO0624_4466
1441,1506,Tappetino in broccato sopra fondo verde (Epoca Luigi XV).,1506. Tappetino in broccato sopra fondo verde (Epoca Luigi XV).,documents/BO0624_4466
1442,1507,Merletto (Lecce).,1507. Merletto (Lecce).,documents/BO0624_4466
1443,1508,Paio pianelli in ricamo orientale.,1508. Paio pianelli in ricamo orientale.,documents/BO0624_4466
1444,1509,"Merletto (cartiglia), m. 3.15.","1509. Merletto (cartiglia), m. 3.15.",documents/BO0624_4466
1445,1510,"Ricco broccato sopra fondo celeste (Luigi XIV) m. 6,05.","1510. Ricco broccato sopra fondo celeste (Luigi XIV) m. 6,05.",documents/BO0624_4466
1446,1511,Pezzo di stoffa (Portanova).,1511. Pezzo di stoffa (Portanova).,documents/BO0624_4466
1447,1512,Idem idem idem,1512. Idem idem idem,documents/BO0624_4466
1448,1513,Tovaglia in seta guarnita di merletto (cartiglia).,1513. Tovaglia in seta guarnita di merletto (cartiglia).,documents/BO0624_4466
1449,1514,Velo ricamato in seta.,1514. Velo ricamato in seta.,documents/BO0624_4466
1450,1515,"Ricco broccato sopra fondo rosa con gallone all'ingiro di argento dorato (Luigi XV), m. 9.35.","1515. Ricco broccato sopra fondo rosa con gallone all'ingiro di argento dorato (Luigi XV), m. 9.35.",documents/BO0624_4466
1451,1516,Sei pezzi di stoffa (broccatello) con stemmi.,1516. Sei pezzi di stoffa (broccatello) con stemmi.,documents/BO0624_4466
1452,1517,Tovaglia con tramezzi di merletto (cartiglia).,1517. Tovaglia con tramezzi di merletto (cartiglia).,documents/BO0624_4466
1453,1518,Quattro cuffie in ricamo orientale.,1518. Quattro cuffie in ricamo orientale.,documents/BO0624_4466
1454,1519,Tappetino di seta verde con ricami (Luigi XIV).,1519. Tappetino di seta verde con ricami (Luigi XIV).,documents/BO0624_4466
1455,1520,Ricamo sopra tela in seta rossa e gialla.,1520. Ricamo sopra tela in seta rossa e gialla.,documents/BO0624_4466
1456,1521,Merletto (cartiglia) a pizzo.,1521. Merletto (cartiglia) a pizzo.,documents/BO0624_4466
1457,1522,Merletto (Lecce) m. 1.30.,1522. Merletto (Lecce) m. 1.30.,documents/BO0624_4466
1458,1523,Due pezzi di ricami (punto ungaro) in ornati e fiori (XVII secoto).,1523. Due pezzi di ricami (punto ungaro) in ornati e fiori (XVII secoto).,documents/BO0624_4466
1459,1524,Due pezzi di ricami (punto ungaro) in ornati e fiori (XVII secolo).,1524. Due pezzi di ricami (punto ungaro) in ornati e fiori (XVII secolo).,documents/BO0624_4466
1460,1525,Abito da uomo ricamato in seta (Direttorio).,1525. Abito da uomo ricamato in seta (Direttorio).,documents/BO0624_4466
1461,1526,Lotto di varii pezzi di stoffa.,1526. Lotto di varii pezzi di stoffa.,documents/BO0624_4466
1462,1527,Broccato a fiori di diversi colori sopra fondo rosa (Luigi XV),"1527. Broccato a fiori di diversi colori sopra fondo rosa (Luigi XV)

m. 6.00.",documents/BO0624_4466
1463,1528,Tappetino orientale.,1528. Tappetino orientale.,documents/BO0624_4466
1464,1529,Tramezzo di merletto (ligatoio).,1529. Tramezzo di merletto (ligatoio).,documents/BO0624_4466
1465,1530,Due pezzi di ricamo.,1530. Due pezzi di ricamo.,documents/BO0624_4466
1466,1531,"Stoffa in broccato su fondo bianco, con ricco gallone di argento dorato (Luigi XIV) m. 6.30.","1531. Stoffa in broccato su fondo bianco, con ricco gallone di argento dorato (Luigi XIV) m. 6.30.",documents/BO0624_4466
1467,1532,Piccolo ricamo in argento.,1532. Piccolo ricamo in argento.,documents/BO0624_4466
1468,1533,Due maniche di merletto (punto di Spagna).,1533. Due maniche di merletto (punto di Spagna).,documents/BO0624_4466
1469,1534,"Trina a pizzo (punto di Milano), m. 4.00.","1534. Trina a pizzo (punto di Milano), m. 4.00.",documents/BO0624_4466
1470,1535,Broccato sopra fondo rosa (Luigi XIV) m. 8.00.,1535. Broccato sopra fondo rosa (Luigi XIV) m. 8.00.,documents/BO0624_4466
1471,1536,Berretto veneziano in stoffa verde e ricami in oro.,1536. Berretto veneziano in stoffa verde e ricami in oro.,documents/BO0624_4466
1472,1537,"Bordura di rete in seta, metri 2.75, alt. 0.17.","1537. Bordura di rete in seta, metri 2.75, alt. 0.17.",documents/BO0624_4466
1473,1538,Tovaglia con merletto e rete.,1538. Tovaglia con merletto e rete.,documents/BO0624_4466
1474,1539,"Bellissimo merletto (punto di Venezia), m. 3.75, alt. m. 0.42.","1539. Bellissimo merletto (punto di Venezia), m. 3.75, alt. m. 0.42.",documents/BO0624_4466
1475,1540,Tappetino in broccato (Luigi XVI).,1540. Tappetino in broccato (Luigi XVI).,documents/BO0624_4466
1476,1541,Lotto di diversi tramezzi e rete.,1541. Lotto di diversi tramezzi e rete.,documents/BO0624_4466
1477,1542,Lotto di varii pezzi di stoffa.,1542. Lotto di varii pezzi di stoffa.,documents/BO0624_4466
1478,1543,Abito da uomo in ricamo sopra seta verde (Luigi XV).,1543. Abito da uomo in ricamo sopra seta verde (Luigi XV).,documents/BO0624_4466
1479,1544,"Gallone in argento dorato, met. 3.35, alt. m. 0.06.","1544. Gallone in argento dorato, met. 3.35, alt. m. 0.06.",documents/BO0624_4466
1480,1545,"Trina in cartiglia, metri 1.60.","1545. Trina in cartiglia, metri 1.60.",documents/BO0624_4466
1481,1546,Merletto (punto di Milano) m. 1.50.,1546. Merletto (punto di Milano) m. 1.50.,documents/BO0624_4466
1482,1547,Due pezzi di ricami (punto ungaro) in ornati e fiori XVII secolo.,1547. Due pezzi di ricami (punto ungaro) in ornati e fiori XVII secolo.,documents/BO0624_4466
1483,1548,"Coverta con fiorellini su fondo rasato in color lilas (Luigi XVI), metri 8.00.","1548. Coverta con fiorellini su fondo rasato in color lilas (Luigi XVI), metri 8.00.",documents/BO0624_4466
1484,1549,Merletto (cartiglia) con pizzo m. 1.45.,1549. Merletto (cartiglia) con pizzo m. 1.45.,documents/BO0624_4466
1485,1550,Cuscino in seta rossa con ricamo (animali e figure).,1550. Cuscino in seta rossa con ricamo (animali e figure).,documents/BO0624_4466
1486,1551,Costume da uomo in velluto ricamato in argento dorato (Luigi XV).,1551. Costume da uomo in velluto ricamato in argento dorato (Luigi XV).,documents/BO0624_4466
1487,1552,Tappetino in broccato sopra foudo celeste (Luigi XV).,1552. Tappetino in broccato sopra foudo celeste (Luigi XV).,documents/BO0624_4466
1488,1553,"Merletto, tramezzo, in cartiglia, m. 2.80.","1553. Merletto, tramezzo, in cartiglia, m. 2.80.",documents/BO0624_4466
1489,1554,"Merletto (punto di Malines), m. 1.30.","1554. Merletto (punto di Malines), m. 1.30.",documents/BO0624_4466
1490,1555,"Merletto (punto di Bruxelles), m. 4.50.","1555. Merletto (punto di Bruxelles), m. 4.50.",documents/BO0624_4466
1491,1556,Tappetino in broccato sopra fondo celeste.,1556. Tappetino in broccato sopra fondo celeste.,documents/BO0624_4466
1492,1557,Lotto di cinque pezzi di merletti.,1557. Lotto di cinque pezzi di merletti.,documents/BO0624_4466
1493,1558,"Broccato sopra fondo rosso a piccoli fiori in varii colori, con gallone all'ingiro di argento dorato (Luigi XV), m. 7.00.","1558. Broccato sopra fondo rosso a piccoli fiori in varii colori, con gallone all'ingiro di argento dorato (Luigi XV), m. 7.00.",documents/BO0624_4466
1494,1559,Stoffa in broccato (Luigi XVI).,1559. Stoffa in broccato (Luigi XVI).,documents/BO0624_4466
1495,1560,Lotto di tre pezzi di merletti.,1560. Lotto di tre pezzi di merletti.,documents/BO0624_4466
1496,1561,"Merletto (punto d'Inghilterra) m. 5.00, alt. 0.07.","1561. Merletto (punto d'Inghilterra) m. 5.00, alt. 0.07.",documents/BO0624_4466
1497,1562,Un pezzo di ricamo.,1562. Un pezzo di ricamo.,documents/BO0624_4466
1498,1563,"Merletto (punto d'Inghilterra) m. 6.50, alt. 0.04","1563. Merletto (punto d'Inghilterra) m. 6.50, alt. 0.04",documents/BO0624_4466
1499,1564,Idem noem.,1564. Idem noem.,documents/BO0624_4466
1500,1565,Avanti camino in ricamo (punto ungaro) m. 1.70.,1565. Avanti camino in ricamo (punto ungaro) m. 1.70.,documents/BO0624_4466
1501,1566,"Stoffa fondo rosso, con ricamo all'ingiro.","1566. Stoffa fondo rosso, con ricamo all'ingiro.",documents/BO0624_4466
1502,1567,Merletto (punto di Fiandra).,1567. Merletto (punto di Fiandra).,documents/BO0624_4466
1503,1568,"Vestito, amoerro, celeste con belli ricami in argento (Luigi XV).","1568. Vestito, amoerro, celeste con belli ricami in argento (Luigi XV).",documents/BO0624_4466
1504,1569,Tappetino orientale.,1569. Tappetino orientale.,documents/BO0624_4466
1505,1570,Merletto a pizzo e tramezzo (cartiglia) m. 3.80.,1570. Merletto a pizzo e tramezzo (cartiglia) m. 3.80.,documents/BO0624_4466
1506,1571,"Merletto moderno, m. 5.35.","1571. Merletto moderno, m. 5.35.",documents/BO0624_4466
1507,1572,"Merletto (punto d'Inghilterra), m. 0.95, alt. 0.79.","1572. Merletto (punto d'Inghilterra), m. 0.95, alt. 0.79.",documents/BO0624_4466
1508,1573,"Portiere di broccatello giallo, m. 15.00.","1573. Portiere di broccatello giallo, m. 15.00.",documents/BO0624_4466
1509,1574,Merletto (punto di Fiandra).,1574. Merletto (punto di Fiandra).,documents/BO0624_4466
1510,1575,Ricamo (punto francese).,1575. Ricamo (punto francese).,documents/BO0624_4466
1511,1576,Ricamo con stemma (Luigi XIV).,1576. Ricamo con stemma (Luigi XIV).,documents/BO0624_4466
1512,1577,Due maniche ed un colletto (punto di Spagna).,1577. Due maniche ed un colletto (punto di Spagna).,documents/BO0624_4466
1513,1578,Merletto (Lecce) m. 2.00.,1578. Merletto (Lecce) m. 2.00.,documents/BO0624_4466
1514,1579,Merletto (punto di Fiandra) a pizzo.,1579. Merletto (punto di Fiandra) a pizzo.,documents/BO0624_4466
1515,1580,Tappetino con merletto (Luigi XVI).,1580. Tappetino con merletto (Luigi XVI).,documents/BO0624_4466
1516,1581,Gesù portante la croce. Ricamo con gallone d'argento.,1581. Gesù portante la croce. Ricamo con gallone d'argento.,documents/BO0624_4466
1517,1582,Ricamo in seta con figure (Luigi XVI).,1582. Ricamo in seta con figure (Luigi XVI).,documents/BO0624_4466
1518,1583,Merletto (punto di Fiandra).,1583. Merletto (punto di Fiandra).,documents/BO0624_4466
1519,1584,Tappetino celeste ricamato in argento.,1584. Tappetino celeste ricamato in argento.,documents/BO0624_4466
1520,1585,Tappetino rosso e fiori in oro (Luigi XV).,1585. Tappetino rosso e fiori in oro (Luigi XV).,documents/BO0624_4466
1521,1586,Ricamo in lana.,1586. Ricamo in lana.,documents/BO0624_4466
1522,1587,Tovagliolo in merletto siciliano.,1587. Tovagliolo in merletto siciliano.,documents/BO0624_4466
1523,1588,"Merletto in argento, alt. m. 0.40 per 0.50.","1588. Merletto in argento, alt. m. 0.40 per 0.50.",documents/BO0624_4466
1524,1589,Lotto di tre pezzi di merletto (rete).,"1589. Lotto di tre pezzi di merletto (rete).

<!-- image -->
<!-- image -->

## Oggetti Oro ed Argento",documents/BO0624_4466
1525,1590,"Spillo in argento e diamanti (marquesites), lavoro francese.","1590 Spillo in argento e diamanti (marquesites), lavoro francese.",documents/BO0624_4466
1526,1591,"Orologio di forma ottagonale, in cristallo di rocca, con montatura e quadrante di argento smaltato (Stile Luigi XIII).","1591. Orologio di forma ottagonale, in cristallo di rocca, con montatura e quadrante di argento smaltato (Stile Luigi XIII).",documents/BO0624_4466
1527,1592,"Cestino in oro a sbalzo, con due manichi a forma di serpe.","1592. Cestino in oro a sbalzo, con due manichi a forma di serpe.",documents/BO0624_4466
1528,1593,Anello argento e diamantini.,1593. Anello argento e diamantini.,documents/BO0624_4466
1529,1594,Fregio in argento dorato e pietre.,1594. Fregio in argento dorato e pietre.,documents/BO0624_4466
1530,1595,Ciondolo in argento con pietra incisa.,1595. Ciondolo in argento con pietra incisa.,documents/BO0624_4466
1531,1596,"Ciondolo, ad anfora, in argento dorato.","1596. Ciondolo, ad anfora, in argento dorato.",documents/BO0624_4466
1532,1597,Medaglia in argento dorato.,1597. Medaglia in argento dorato.,documents/BO0624_4466
1533,1598,Quattro cornicette di argento.,1598. Quattro cornicette di argento.,documents/BO0624_4466
1534,1599,Orecchini in oro e corallo lavorato.,1599. Orecchini in oro e corallo lavorato.,documents/BO0624_4466
1535,1600,Porta odori in argento dorato.,1600. Porta odori in argento dorato.,documents/BO0624_4466
1536,1601,Orologio in oro con miniatura montata in gergoni (Epoca Luigi XV)•,1601. Orologio in oro con miniatura montata in gergoni (Epoca Luigi XV)•,documents/BO0624_4466
1537,1602,"Anello a spoletta, smalto e cammeo nel mezzo.","1602. Anello a spoletta, smalto e cammeo nel mezzo.",documents/BO0624_4466
1538,1603,Ciondolo da orologio in oro con grosso topazio (Epoca Impero).,1603. Ciondolo da orologio in oro con grosso topazio (Epoca Impero).,documents/BO0624_4466
1539,1604,"Spillo con pietra (labrador) lavorata a testa di beduino, monta- ta in oro, con incastratura di pietre fine.","1604. Spillo con pietra (labrador) lavorata a testa di beduino, monta- ta in oro, con incastratura di pietre fine.",documents/BO0624_4466
1540,1605,Fermaglio in argento dorato e turchine.,1605. Fermaglio in argento dorato e turchine.,documents/BO0624_4466
1541,1606,"Una fibbia, e due pezzi di argento.","1606. Una fibbia, e due pezzi di argento.",documents/BO0624_4466
1542,1607,Croce in cristallo di rocca e fregi simbolici in oro (XVII secolo)•,1607. Croce in cristallo di rocca e fregi simbolici in oro (XVII secolo)•,documents/BO0624_4466
1543,1608,Due cucchiarini in argento (Stile XV secolo).,1608. Due cucchiarini in argento (Stile XV secolo).,documents/BO0624_4466
1544,1609,Piccola collana con perline (Epoca Impero).,1609. Piccola collana con perline (Epoca Impero).,documents/BO0624_4466
1545,1610,Châtelaine con tre smaltini e gergoni (Epoca Luigi XV).,1610. Châtelaine con tre smaltini e gergoni (Epoca Luigi XV).,documents/BO0624_4466
1546,1611,Ciondolo in oro smaltato.,1611. Ciondolo in oro smaltato.,documents/BO0624_4466
1547,1612,Anello in oro con smalto.,1612. Anello in oro con smalto.,documents/BO0624_4466
1548,1613,Smaltino sopra oro- Cristo risorto.,1613. Smaltino sopra oro- Cristo risorto.,documents/BO0624_4466
1549,1614,Scatola ovale in argento dorato (Epoca Luigi XVI).,1614. Scatola ovale in argento dorato (Epoca Luigi XVI).,documents/BO0624_4466
1550,1615,"Orecchini in oro smaltato, a forma di panierino, con perle.","1615. Orecchini in oro smaltato, a forma di panierino, con perle.

Lavoro veneziano (Secolo XVII).",documents/BO0624_4466
1551,1616,"Due cucchiarini, con puttini, in argento dorato.","1616. Due cucchiarini, con puttini, in argento dorato.",documents/BO0624_4466
1552,1617,Calamariera in argento.,1617. Calamariera in argento.,documents/BO0624_4466
1553,1618,Porta odori in argento dorato.,1618. Porta odori in argento dorato.,documents/BO0624_4466
1554,1619,Bugia con spegnitojo in argento (Epoca Impero).,1619. Bugia con spegnitojo in argento (Epoca Impero).,documents/BO0624_4466
1555,1020,labacchera a torma al leone in argento.,1020. labacchera a torma al leone in argento.,documents/BO0624_4466
1556,1621,Cornice ovale in argento (Epoca Impero).,1621. Cornice ovale in argento (Epoca Impero).,documents/BO0624_4466
1557,1622,"Coppa in argento a bassorilievo sostenuta da figura di donna, sul piede, decorazione con grifi e mascheroni.","1622. Coppa in argento a bassorilievo sostenuta da figura di donna, sul piede, decorazione con grifi e mascheroni.",documents/BO0624_4466
1558,1623,Forchetta e coltello con manichi di argento.,1623. Forchetta e coltello con manichi di argento.,documents/BO0624_4466
1559,1624,Orecchini a mandorle di oro con granate.,1624. Orecchini a mandorle di oro con granate.,documents/BO0624_4466
1560,1625,"Quattro fermagli con pietre in colori e perle, e piccola cornicetta in argento.","1625. Quattro fermagli con pietre in colori e perle, e piccola cornicetta in argento.",documents/BO0624_4466
1561,1626,Orecchini in oro con piccole perle.,1626. Orecchini in oro con piccole perle.,documents/BO0624_4466
1562,1627,Fischietto (giocattolo ) in argento.,1627. Fischietto (giocattolo ) in argento.,documents/BO0624_4466
1563,1628,Anello a spoletta di argento smaltato.,1628. Anello a spoletta di argento smaltato.,documents/BO0624_4466
1564,1629,"Ciondolo a porta ritratto in cristallo di rocca, montato in oro con perle.","1629. Ciondolo a porta ritratto in cristallo di rocca, montato in oro con perle.",documents/BO0624_4466
1565,1630,Spillo con smaltino e cornicetta di oro.,1630. Spillo con smaltino e cornicetta di oro.,documents/BO0624_4466
1566,1631,Saliera in argento sormontata da un aquilotto.,1631. Saliera in argento sormontata da un aquilotto.,documents/BO0624_4466
1567,1632,Lampada di argento su piede di bronzo dorato.,1632. Lampada di argento su piede di bronzo dorato.,documents/BO0624_4466
1568,1633,"Anello di argento, a spoletta.","1633. Anello di argento, a spoletta.",documents/BO0624_4466
1569,1634,Ciondolo - Grosso topazio - con cornice di argento dorato.,"1634.

Ciondolo - Grosso topazio - con cornice di argento dorato.",documents/BO0624_4466
1570,1635,Astuccio da lavoro in argento sbalzato e dorato (Epoca Luigi XV).,1635. Astuccio da lavoro in argento sbalzato e dorato (Epoca Luigi XV).,documents/BO0624_4466
1571,1636,"Paio d' orecchini in smeraldi( a mandorle), montati in oro con uc- cellini smaltati (Lavoro del XVII secolo).","1636. Paio d' orecchini in smeraldi( a mandorle), montati in oro con uc- cellini smaltati (Lavoro del XVII secolo).",documents/BO0624_4466
1572,1637,Miniatura sopra oró (due santi) del XVII secolo.,1637. Miniatura sopra oró (due santi) del XVII secolo.,documents/BO0624_4466
1573,1638,"Due fermagli per libro in argento cesellato, con puttini e fregi (Lavoro del XVII secolo).","1638. Due fermagli per libro in argento cesellato, con puttini e fregi (Lavoro del XVII secolo).",documents/BO0624_4466
1574,1639,Un cucchiarino in argento cesellato (Stile Luigi XIV).,1639. Un cucchiarino in argento cesellato (Stile Luigi XIV).,documents/BO0624_4466
1575,1640,"Statuetta di argento, rappresentante Mercurio.","1640. Statuetta di argento, rappresentante Mercurio.
N. 1871, 1689, 1730, 1795, 1686, 1667, 1673, 1646, 1779, 1783, 1754, 1794, 1604, 1720, 1695, 1610 e 1702 di Catalogo.

Tavola IX

<!-- image -->",documents/BO0624_4466
1576,1641,Due cornicette d'argento sormontate da puttini.,1641. Due cornicette d'argento sormontate da puttini.,documents/BO0624_4466
1577,1642,Cornicette in argento con gergoni.,1642. Cornicette in argento con gergoni.,documents/BO0624_4466
1578,1643,Un cucchiarino di argento cesellato.,1643. Un cucchiarino di argento cesellato.,documents/BO0624_4466
1579,1644,Tagliacarta con manico di argento sbalzato.,1644. Tagliacarta con manico di argento sbalzato.,documents/BO0624_4466
1580,1645,"Anello in oro e pietre fine in colori, con montatura di argento.","1645. Anello in oro e pietre fine in colori, con montatura di argento.",documents/BO0624_4466
1581,1646,Ciondolo di oro e smalto a colori. Nel centro Cristo Crocifisso in oro (XVI secolo).,1646. Ciondolo di oro e smalto a colori. Nel centro Cristo Crocifisso in oro (XVI secolo).,documents/BO0624_4466
1582,1647,Ciondolo di oro con perline.,1647. Ciondolo di oro con perline.,documents/BO0624_4466
1583,1618,"Spillo, smaltino con cornicetta di gergoni.","1618. Spillo, smaltino con cornicetta di gergoni.",documents/BO0624_4466
1584,1649,Porta aghi in argento dorato.,1649. Porta aghi in argento dorato.,documents/BO0624_4466
1585,1650,Odorino in argento con catenina.,1650. Odorino in argento con catenina.,documents/BO0624_4466
1586,1651,Spillo (con pietre) in argento smaltato.,1651. Spillo (con pietre) in argento smaltato.,documents/BO0624_4466
1587,1652,"Due vasettini con coperchi e applicazione di ornati e fregi cesellati, lavoro in argento (Epoca Impero).","1652. Due vasettini con coperchi e applicazione di ornati e fregi cesellati, lavoro in argento (Epoca Impero).",documents/BO0624_4466
1588,1653,"Tabacchiera ovale in argento dorato, lavorato a sbalzo (Epoca Luigi XV).","1653. Tabacchiera ovale in argento dorato, lavorato a sbalzo (Epoca Luigi XV).",documents/BO0624_4466
1589,1654,Spillo con smaltino in oro e cornicetta di perle.,1654. Spillo con smaltino in oro e cornicetta di perle.,documents/BO0624_4466
1590,1655,Châtelaine in argento e pietre in colore.,1655. Châtelaine in argento e pietre in colore.,documents/BO0624_4466
1591,1656,Anellino in oro e diamantini.,1656. Anellino in oro e diamantini.,documents/BO0624_4466
1592,1657,"Smalto ovale sopra oro, figura di donna.","1657. Smalto ovale sopra oro, figura di donna.",documents/BO0624_4466
1593,1658,Orologio con doppia cassa in argento sbalzato e traforato (Epoca Luigi XV).,1658. Orologio con doppia cassa in argento sbalzato e traforato (Epoca Luigi XV).,documents/BO0624_4466
1594,1659,"Forbici da lume in argento, lavoro francese (Luigi XVI).","1659. Forbici da lume in argento, lavoro francese (Luigi XVI).",documents/BO0624_4466
1595,1660,Due cucchiarini in argento cesellato e dorato (Stile Luigi XIV).,1660. Due cucchiarini in argento cesellato e dorato (Stile Luigi XIV).,documents/BO0624_4466
1596,1661,Orecchino in oro con piccole granate.,1661. Orecchino in oro con piccole granate.,documents/BO0624_4466
1597,1662,Smalto sopra oro. Figura di donna (Epoca Luigi XV).,1662. Smalto sopra oro. Figura di donna (Epoca Luigi XV).,documents/BO0624_4466
1598,1663,Tre astucci da forbici in argento.,1663. Tre astucci da forbici in argento.,documents/BO0624_4466
1599,1664,"Piatto tondo in argento, inciso con piccoli fregi.","1664. Piatto tondo in argento, inciso con piccoli fregi.",documents/BO0624_4466
1600,1665,Astuccio per forbici in argento smaltato.,1665. Astuccio per forbici in argento smaltato.,documents/BO0624_4466
1601,1666,Due candelieri in argento (Epoca Luigi XIV).,1666. Due candelieri in argento (Epoca Luigi XIV).,documents/BO0624_4466
1602,1667,"Collana in oro smaltato, lavoro del XVI secolo.","1667. Collana in oro smaltato, lavoro del XVI secolo.",documents/BO0624_4466
1603,1668,Due fermagli per libro in argento cesellato a fregi e puttini,"1668. Due fermagli per libro in argento cesellato a fregi e puttini

(XVII secolo).",documents/BO0624_4466
1604,1669,Tre cucchiarini in argento cesellato con stemma (Stile Luigi XIII).,1669. Tre cucchiarini in argento cesellato con stemma (Stile Luigi XIII).,documents/BO0624_4466
1605,1670,Croce in cristallo di rocca con fregi oro smaltato (XVI secolo).,1670. Croce in cristallo di rocca con fregi oro smaltato (XVI secolo).,documents/BO0624_4466
1606,1671,Madonnina di oro smaltato (XVI secolo).,1671. Madonnina di oro smaltato (XVI secolo).,documents/BO0624_4466
1607,1672,Ciondolo in oro con smaltino e fregi di gergoni.,1672. Ciondolo in oro con smaltino e fregi di gergoni.,documents/BO0624_4466
1608,1673,"Scatola in oro di forma rotonda, smaltata con fregi e figure a varii colori (Epoca Luigi XVI).","1673. Scatola in oro di forma rotonda, smaltata con fregi e figure a varii colori (Epoca Luigi XVI).",documents/BO0624_4466
1609,1674,"Crocette di cristallo di rocca, con ornati in oro smaltato e piccole perle (XVI secolo).","1674. Crocette di cristallo di rocca, con ornati in oro smaltato e piccole perle (XVI secolo).",documents/BO0624_4466
1610,1675,Fischietto (giocattolo) in argento sbalzato.,1675. Fischietto (giocattolo) in argento sbalzato.,documents/BO0624_4466
1611,16,/6. Guanterina in argenbo.,16/6. Guanterina in argenbo.,documents/BO0624_4466
1612,1677,Orecchini in argento con suas,1677. Orecchini in argento con suas,documents/BO0624_4466
1613,1678,Anello in argento dorato.,1678. Anello in argento dorato.,documents/BO0624_4466
1614,1679,Figurina in argento (Tritone).,1679. Figurina in argento (Tritone).,documents/BO0624_4466
1615,1680,Smaltino sopra oro con cornice di diamantini.,1680. Smaltino sopra oro con cornice di diamantini.,documents/BO0624_4466
1616,1681,Cinque cucchiarini con figurine in argento dorato.,1681. Cinque cucchiarini con figurine in argento dorato.,documents/BO0624_4466
1617,1682,Quattro cucchiai e due forchette in argento (secolo XV).,1682. Quattro cucchiai e due forchette in argento (secolo XV).,documents/BO0624_4466
1618,1683,Incensiere di argento.,1683. Incensiere di argento.,documents/BO0624_4466
1619,1684,Placchetta rettangolare in argento. soggetto romano: un sacrmero.,1684. Placchetta rettangolare in argento. soggetto romano: un sacrmero.,documents/BO0624_4466
1620,1685,Adorno in argento spalzato.,1685. Adorno in argento spalzato.,documents/BO0624_4466
1621,1686,Fermaglio di libro in argento a sbalzo (Epoca Luigi ALV).,1686 Fermaglio di libro in argento a sbalzo (Epoca Luigi ALV).,documents/BO0624_4466
1622,1687,Fi0rl in hlorana d argento.,1687. Fi0rl in hlorana d argento.,documents/BO0624_4466
1623,1688,Anello con piccolo smalto montato di granate.,1688. Anello con piccolo smalto montato di granate.,documents/BO0624_4466
1624,1689,Orologio in oro con ritratto di donna a miniatura e gergoni: fir- mato Gaspare Sorai (Epoca Luigi XV).,1689. Orologio in oro con ritratto di donna a miniatura e gergoni: fir- mato Gaspare Sorai (Epoca Luigi XV).,documents/BO0624_4466
1625,1690,Piccolo Medaglione di argento (nello XV secolo).,1690. Piccolo Medaglione di argento (nello XV secolo).,documents/BO0624_4466
1626,1691,Spillo - Una Baccante -- altorilievo in malachite e cornice di gergon.,1691. Spillo - Una Baccante -- altorilievo in malachite e cornice di gergon.,documents/BO0624_4466
1627,1692,"Spillo in oro, con ritratto di Maria Carolma, montato con gergoni.","1692. Spillo in oro, con ritratto di Maria Carolma, montato con gergoni.",documents/BO0624_4466
1628,1693,Cassetto con dodici cucchiarini in argento dorato.,1693. Cassetto con dodici cucchiarini in argento dorato.,documents/BO0624_4466
1629,1694,Fermaglio: Due Amorini-di argento.,1694. Fermaglio: Due Amorini-di argento.,documents/BO0624_4466
1630,1695,", Orecchini in oro smaltato con perle","1695, Orecchini in oro smaltato con perle",documents/BO0624_4466
1631,1696,"Frammento, cavallo marmo, in argento.","1696. Frammento, cavallo marmo, in argento.",documents/BO0624_4466
1632,1697,Collana in oro con piccole granate e perie.,1697. Collana in oro con piccole granate e perie.,documents/BO0624_4466
1633,1698,Anello (a spoletta di argento smaltato.,1698. Anello (a spoletta di argento smaltato.,documents/BO0624_4466
1634,1699,Cornicetta ovale in flgrana a argento.,1699. Cornicetta ovale in flgrana a argento.,documents/BO0624_4466
1635,1700,Orologio in oro col quadrante (Impero).,1700. Orologio in oro col quadrante (Impero).,documents/BO0624_4466
1636,1701,Ciondolo in oro smaltato a guisa d' orologio.,1701. Ciondolo in oro smaltato a guisa d' orologio.,documents/BO0624_4466
1637,1702,"Orologio in oro miniatura: ritratto di donna, in cornice al gergoni (Epoca Luigi XV).","1702. Orologio in oro miniatura: ritratto di donna, in cornice al gergoni (Epoca Luigi XV).",documents/BO0624_4466
1638,1703,Anello di argento smaltato con smeraldi.,1703. Anello di argento smaltato con smeraldi.,documents/BO0624_4466
1639,1704,Spillo con smaltino e cornicetta gergoni.,1704. Spillo con smaltino e cornicetta gergoni.,documents/BO0624_4466
1640,1705,Reliquiario in argento.,1705. Reliquiario in argento.,documents/BO0624_4466
1641,1706,Guarnitura di libro in cinque piccoli pezzi di argento sbalzato.,1706. Guarnitura di libro in cinque piccoli pezzi di argento sbalzato.,documents/BO0624_4466
1642,1707,"Due châtelaines, con Amorini in argento.","1707. Due châtelaines, con Amorini in argento.",documents/BO0624_4466
1643,1708,Ciondolo (Delfino con Amorino) di argento.,1708. Ciondolo (Delfino con Amorino) di argento.,documents/BO0624_4466
1644,1709,"Anello in oro, e pietre fine montate in argento.","1709. Anello in oro, e pietre fine montate in argento.",documents/BO0624_4466
1645,1710,Fibbia placcata in oro con stras.,1710. Fibbia placcata in oro con stras.,documents/BO0624_4466
1646,1711,Spillo di acciajo e diamantini con placchette di Wedgwood.,1711. Spillo di acciajo e diamantini con placchette di Wedgwood.,documents/BO0624_4466
1647,1712,"Orologio in oro, con figurine sonanti le ore a ripetizione (Epoca","1712. Orologio in oro, con figurine sonanti le ore a ripetizione (Epoca

Luigi XVI).",documents/BO0624_4466
1648,1713,Placca a bassorilievo in argento: dall' originale di Benvenuto · Cellini.,1713. Placca a bassorilievo in argento: dall' originale di Benvenuto · Cellini.,documents/BO0624_4466
1649,1714,"Ciondolo in argento dorato, a forma di vaso, e smaltato nel centro.","1714. Ciondolo in argento dorato, a forma di vaso, e smaltato nel centro.",documents/BO0624_4466
1650,1715,Medaglino in filigrana d'argento.,1715. Medaglino in filigrana d'argento.,documents/BO0624_4466
1651,1716,Laccio per occhiali in oro smaltato.,1716. Laccio per occhiali in oro smaltato.,documents/BO0624_4466
1652,1717,Due fermagli in oro con perline.,1717. Due fermagli in oro con perline.,documents/BO0624_4466
1653,1718,Anello con cammeo e stras.,1718. Anello con cammeo e stras.,documents/BO0624_4466
1654,1719,Spillo a forma di serpe in corallo e oro.,1719. Spillo a forma di serpe in corallo e oro.,documents/BO0624_4466
1655,1720,"Orologio a forma di Lira con châtelaine oro, e smalto.","1720. Orologio a forma di Lira con châtelaine oro, e smalto.",documents/BO0624_4466
1656,1721,Astuccio con ordigni da lavoro in argento cesellato e dorato (Epoca Luigi XV).,1721. Astuccio con ordigni da lavoro in argento cesellato e dorato (Epoca Luigi XV).,documents/BO0624_4466
1657,1722,Porta giojelli in argento a sbalzo.,1722. Porta giojelli in argento a sbalzo.,documents/BO0624_4466
1658,1723,Reliquiario in argento a sbalzo.,1723. Reliquiario in argento a sbalzo.,documents/BO0624_4466
1659,1724,Agorajo con ditale in argento.,1724. Agorajo con ditale in argento.,documents/BO0624_4466
1660,1725,Spillo in amatiste montate in argento.,1725. Spillo in amatiste montate in argento.,documents/BO0624_4466
1661,1726,Châtelaine in oro smaltato ( Epoca Luigi XVI).,1726. Châtelaine in oro smaltato ( Epoca Luigi XVI).,documents/BO0624_4466
1662,1727,"Cornicetta, ovale, di argento.","1727. Cornicetta, ovale, di argento.",documents/BO0624_4466
1663,1728,Orologio in oro con movimento scoverto (Epoca Direttorio).,1728. Orologio in oro con movimento scoverto (Epoca Direttorio).,documents/BO0624_4466
1664,1729,"Spillo in corallo, e gergoni all' ingiro.","1729. Spillo in corallo, e gergoni all' ingiro.",documents/BO0624_4466
1665,1730,Châtelaine in argento e pietre in colore.,1730. Châtelaine in argento e pietre in colore.,documents/BO0624_4466
1666,1731,"Due astucci per aghi, di argento.","1731. Due astucci per aghi, di argento.",documents/BO0624_4466
1667,1732,"Anello in oro con pietra incisa, e diamantini all' ingiro.","1732. Anello in oro con pietra incisa, e diamantini all' ingiro.",documents/BO0624_4466
1668,1733,Tre cucchiarini in argento cesellato.,1733. Tre cucchiarini in argento cesellato.,documents/BO0624_4466
1669,1734,Medaglione in filigrana di argento.,1734. Medaglione in filigrana di argento.,documents/BO0624_4466
1670,1735,"Tre cucchiarini in argento, cesellato e dorato.","1735. Tre cucchiarini in argento, cesellato e dorato.",documents/BO0624_4466
1671,1736,"Spegnitojo, con cicogna, in argento cesellato.","1736. Spegnitojo, con cicogna, in argento cesellato.",documents/BO0624_4466
1672,1737,"Orecchini in argento, con pietre e diamantini.","1737. Orecchini in argento, con pietre e diamantini.",documents/BO0624_4466
1673,1738,Orologio di argento con cassa in cuojo e piccoli chiodetti (Epoca,"1738. Orologio di argento con cassa in cuojo e piccoli chiodetti (Epoca

[nigi XIII).

e Anelo olo con suas",documents/BO0624_4466
1674,1740,Ciondolo in oro con rubini; nel centro ritratto di donna sopra saraito.,1740. Ciondolo in oro con rubini; nel centro ritratto di donna sopra saraito.,documents/BO0624_4466
1675,1741,Smaltino sopra oro con cornice. Ritratto di giovanetto.,1741. Smaltino sopra oro con cornice. Ritratto di giovanetto.,documents/BO0624_4466
1676,1742,Piccolo incensiere in argento dorato.,1742. Piccolo incensiere in argento dorato.,documents/BO0624_4466
1677,1743,"Cassettino in argento, sbalzato a fregi, con puttino sul coperchio.","1743. Cassettino in argento, sbalzato a fregi, con puttino sul coperchio.",documents/BO0624_4466
1678,1744,Astuccio ed odorino in argento (Epoca Luigi XV).,1744. Astuccio ed odorino in argento (Epoca Luigi XV).,documents/BO0624_4466
1679,1745,Due cuechiarini di argento cesellato.,1745. Due cuechiarini di argento cesellato.,documents/BO0624_4466
1680,1746,"Piatto ovale, con quattro pezzi ad uso di calamariera, in argento cesellato.","1746. Piatto ovale, con quattro pezzi ad uso di calamariera, in argento cesellato.",documents/BO0624_4466
1681,1747,Due grandi candelabri a quattro lumi in argento cesellato.,1747. Due grandi candelabri a quattro lumi in argento cesellato.,documents/BO0624_4466
1682,1748,Due orecchini in argento dorato con perle.,1748. Due orecchini in argento dorato con perle.,documents/BO0624_4466
1683,1749,Anello in oro con rubino nel mezzo.,1749. Anello in oro con rubino nel mezzo.,documents/BO0624_4466
1684,1750,Chatelaine in argento e pietre in colore.,1750. Chatelaine in argento e pietre in colore.,documents/BO0624_4466
1685,1751,Scatola ovale di argento inciso.,1751. Scatola ovale di argento inciso.,documents/BO0624_4466
1686,1752,"Cornicetta, ovale, di argento.","1752. Cornicetta, ovale, di argento.",documents/BO0624_4466
1687,1753,Ciondolo di argento con turchesi.,1753. Ciondolo di argento con turchesi.,documents/BO0624_4466
1688,1754,Spillo in oro con smalto (testa di moro).,1754. Spillo in oro con smalto (testa di moro).,documents/BO0624_4466
1689,1755,Statuetta di argento (guerriero a cavallo).,1755. Statuetta di argento (guerriero a cavallo).,documents/BO0624_4466
1690,1756,Ciondolo d'argento (a forma di cuore) con pietre fine,1756. Ciondolo d'argento (a forma di cuore) con pietre fine,documents/BO0624_4466
1691,1757,Collana con tre ciondoli; argento e smalto celeste.,1757. Collana con tre ciondoli; argento e smalto celeste.,documents/BO0624_4466
1692,1758,Manico di spadino in argento dorato (Epoca Carlo III).,1758. Manico di spadino in argento dorato (Epoca Carlo III).,documents/BO0624_4466
1693,1759,Anello con pietre fine.,1759. Anello con pietre fine.,documents/BO0624_4466
1694,1760,Braccialetto in corallo montato in oro (modello pompeiano).,1760. Braccialetto in corallo montato in oro (modello pompeiano).,documents/BO0624_4466
1695,1761,"Farfalla di oro, con pietre fine.","1761. Farfalla di oro, con pietre fine.",documents/BO0624_4466
1696,1762,Crocetta di argento con turchese.,1762. Crocetta di argento con turchese.,documents/BO0624_4466
1697,1763,"Spillo, da uomo, in pietra nera e oro.","1763. Spillo, da uomo, in pietra nera e oro.",documents/BO0624_4466
1698,1764,Orologio in argento dorato con miniatura-La Sacra Famiglia— (Epoca Luigi XIV).,1764. Orologio in argento dorato con miniatura-La Sacra Famiglia— (Epoca Luigi XIV).,documents/BO0624_4466
1699,1765,Porta-aghi in argento.,1765. Porta-aghi in argento.,documents/BO0624_4466
1700,1766,Ritratto di donna con cornice di smalto bleu.,1766. Ritratto di donna con cornice di smalto bleu.,documents/BO0624_4466
1701,1767,Crocetta in oro e diamantini.,1767. Crocetta in oro e diamantini.,documents/BO0624_4466
1702,1768,Ritratto d'uomo con cornice in oro e corona di smeraldi.,1768. Ritratto d'uomo con cornice in oro e corona di smeraldi.,documents/BO0624_4466
1703,1769,Anello con piccola miniatura e rubini all'ingiro.,1769. Anello con piccola miniatura e rubini all'ingiro.,documents/BO0624_4466
1704,1770,"Cassa di orologio in argento con fregio in oro a colori, e pietre (Epoca Luigi XVI).","1770. Cassa di orologio in argento con fregio in oro a colori, e pietre (Epoca Luigi XVI).",documents/BO0624_4466
1705,1771,Cinque fiorellini di argento.,1771. Cinque fiorellini di argento.,documents/BO0624_4466
1706,1772,Lampada con piede in argento.,1772. Lampada con piede in argento.,documents/BO0624_4466
1707,1773,Collana ed orecchini in oro smaltato con uccelli (Epoca Luigi XVI).,1773. Collana ed orecchini in oro smaltato con uccelli (Epoca Luigi XVI).,documents/BO0624_4466
1708,1774,"Piletta in argento a sbalzo-La Vergine ed il Bambino— di bronzo dorato, alt. m. 0,20.","1774. Piletta in argento a sbalzo-La Vergine ed il Bambino— di bronzo dorato, alt. m. 0,20.",documents/BO0624_4466
1709,1775,Cinque cucchiarini in argento dorato.,1775. Cinque cucchiarini in argento dorato.,documents/BO0624_4466
1710,1776,"Astuccio, per aghi, in argento.","1776. Astuccio, per aghi, in argento.",documents/BO0624_4466
1711,1777,Orologio in argento dorato lavorato a sbalzo con ornati traforati (Epoca Luigi XV).,1777. Orologio in argento dorato lavorato a sbalzo con ornati traforati (Epoca Luigi XV).,documents/BO0624_4466
1712,1778,"Piccoli orecchini in rame smaltato, figurante teste di moro.","1778. Piccoli orecchini in rame smaltato, figurante teste di moro.",documents/BO0624_4466
1713,1779,"Medaglione in oro con pietre, nel centro il Calvario con figurine di avorio (del XVII secolo).","1779. Medaglione in oro con pietre, nel centro il Calvario con figurine di avorio (del XVII secolo).",documents/BO0624_4466
1714,1780,Anello in oro con stras.,1780. Anello in oro con stras.,documents/BO0624_4466
1715,1781,Tabacchiera di argento dorato con smaltino nel centro (Epoca Luigi XVI ).,1781. Tabacchiera di argento dorato con smaltino nel centro (Epoca Luigi XVI ).,documents/BO0624_4466
1716,1782,Astuccio per donna di forma ottagonale in cristallo di rocca montato in argento (Epoca Luigi XIII).,1782. Astuccio per donna di forma ottagonale in cristallo di rocca montato in argento (Epoca Luigi XIII).,documents/BO0624_4466
1717,1783,"Ciondolo di oro smaltato, nel centro soggetti sacri (Lavoro del secolo XVI).","1783. Ciondolo di oro smaltato, nel centro soggetti sacri (Lavoro del secolo XVI).",documents/BO0624_4466
1718,1784,Due cucchiarini in argento cesellato.,1784. Due cucchiarini in argento cesellato.,documents/BO0624_4466
1719,1785,"Statuetta in argento su base dello stesso metallo, cesellata con festoni rappresentante la Vittoria. (Epoca Luigi XVI), alt. m. 0,33, gr. 830.","1785. Statuetta in argento su base dello stesso metallo, cesellata con festoni rappresentante la Vittoria. (Epoca Luigi XVI), alt. m. 0,33, gr. 830.",documents/BO0624_4466
1720,1786,"Campanello, con puttino, in argento cesellato.","1786. Campanello, con puttino, in argento cesellato.",documents/BO0624_4466
1721,1787,Placchetta di argento con fregi ed Amorini a sbalzo ( XVI secolo).,1787. Placchetta di argento con fregi ed Amorini a sbalzo ( XVI secolo).,documents/BO0624_4466
1722,1788,Cinque pezzi di argento cesellato.,1788. Cinque pezzi di argento cesellato.,documents/BO0624_4466
1723,1789,Châteleine oro e topazi (Epoca Luigi XVI).,1789. Châteleine oro e topazi (Epoca Luigi XVI).,documents/BO0624_4466
1724,1790,"Diadema in oro, e smalto a colori con pietre fine a forma di foglie (Epoca Impero).","1790. Diadema in oro, e smalto a colori con pietre fine a forma di foglie (Epoca Impero).",documents/BO0624_4466
1725,1791,"Placchetta di Wedgwood, con cornice di diamantini.","1791. Placchetta di Wedgwood, con cornice di diamantini.",documents/BO0624_4466
1726,1792,Croce di argento dorato e pietre in colore (Epoca Luigi XVI).,1792. Croce di argento dorato e pietre in colore (Epoca Luigi XVI).,documents/BO0624_4466
1727,1893,Spillo in argento con pietre.,1893. Spillo in argento con pietre.,documents/BO0624_4466
1728,1794,Pettine di oro smaltato (Epoca Impero).,1794. Pettine di oro smaltato (Epoca Impero).,documents/BO0624_4466
1729,1795,Orologio in oro con miniatura a ritratto di donna e gergoni al- l'ingiro (Epoca Luigi XVI).,1795. Orologio in oro con miniatura a ritratto di donna e gergoni al- l'ingiro (Epoca Luigi XVI).,documents/BO0624_4466
1730,1796,Piccola collana in filigrana d'argento.,1796. Piccola collana in filigrana d'argento.,documents/BO0624_4466
1731,1797,Spillo con placchetta di Wedgwood e gergoni all' ingiro.,1797. Spillo con placchetta di Wedgwood e gergoni all' ingiro.,documents/BO0624_4466
1732,1798,Châtelaine in argento e pietre.,1798. Châtelaine in argento e pietre.,documents/BO0624_4466
1733,1799,Ciondolo di smalto a varii colori e pietre (XVI secolo).,1799. Ciondolo di smalto a varii colori e pietre (XVI secolo).,documents/BO0624_4466
1734,1800,Anello in oro e pietre fine montate in argento.,1800. Anello in oro e pietre fine montate in argento.,documents/BO0624_4466
1735,1801,Collanina in oro con crocetta in pietre e perle (Epoca Impero).,1801. Collanina in oro con crocetta in pietre e perle (Epoca Impero).,documents/BO0624_4466
1736,1802,Incensiere in argento.,1802. Incensiere in argento.,documents/BO0624_4466
1737,1803,Spillo da contadina con fregi.,1803. Spillo da contadina con fregi.,documents/BO0624_4466
1738,1804,Odorino di argento.,1804. Odorino di argento.,documents/BO0624_4466
1739,1805,"Orologio in oro con due figurine, fabbrica Vauchez, ore e quart a ripetizione (Epoca Luigi XVI).","1805. Orologio in oro con due figurine, fabbrica Vauchez, ore e quart a ripetizione (Epoca Luigi XVI).",documents/BO0624_4466
1740,1806,Tre cucchiarini in argento (Stile Luigi XV).,1806. Tre cucchiarini in argento (Stile Luigi XV).,documents/BO0624_4466
1741,1807,Medaglione in argento. La Vergine del Rosario.,1807. Medaglione in argento. La Vergine del Rosario.,documents/BO0624_4466
1742,1808,Piccola collana di argento e smeraldi (XVII secolo).,"1808. Piccola collana di argento e smeraldi (XVII secolo).

di oro smaltato con cammei (Epoca",documents/BO0624_4466
1743,1809,"Bracciale, ed orecchini Luigi XVI ).","1809. Bracciale, ed orecchini Luigi XVI ).",documents/BO0624_4466
1744,1810,Anello in oro argento e pietre fine.,1810. Anello in oro argento e pietre fine.,documents/BO0624_4466
1745,1811,Medaglione in oro smaltato con croce e motto.,1811. Medaglione in oro smaltato con croce e motto.,documents/BO0624_4466
1746,1812,Crocetta con granate e diamantini.,1812. Crocetta con granate e diamantini.,documents/BO0624_4466
1747,1813,"Spillo, grossa mezza perla, con giro di gergoni.","1813. Spillo, grossa mezza perla, con giro di gergoni.",documents/BO0624_4466
1748,1814,"Chiave in argento dorato, con stemma dei Borboni.","1814. Chiave in argento dorato, con stemma dei Borboni.",documents/BO0624_4466
1749,1815,"Orologio in oro con miniatura, ritratto di donna, con cornice in gergoni (Epoca Luigi XV).","1815. Orologio in oro con miniatura, ritratto di donna, con cornice in gergoni (Epoca Luigi XV).",documents/BO0624_4466
1750,1816,"Spillo con moneta antica in oro, montata in argento.","1816. Spillo con moneta antica in oro, montata in argento.",documents/BO0624_4466
1751,1817,Piccolo orologio in oro con miniatura e gergoni all'ingiro (Epoca,"1817. Piccolo orologio in oro con miniatura e gergoni all'ingiro (Epoca

Luigi XV).",documents/BO0624_4466
1752,1818,Anello in oro con stras e pietra in colore.,1818. Anello in oro con stras e pietra in colore.,documents/BO0624_4466
1753,1819,Odorino con puttini in argento cesellato.,1819. Odorino con puttini in argento cesellato.,documents/BO0624_4466
1754,1820,"Ciondolo, a bauletto, per porta odori, in oro.","1820. Ciondolo, a bauletto, per porta odori, in oro.",documents/BO0624_4466
1755,1821,"Chiave di orologio in oro smaltato, con movimento per musica.","1821. Chiave di orologio in oro smaltato, con movimento per musica.

(Epoca Direttorio).",documents/BO0624_4466
1756,1822,Spillone da contadina in argento.,1822. Spillone da contadina in argento.,documents/BO0624_4466
1757,1823,Placchetta di argento con figure cesellate.,1823. Placchetta di argento con figure cesellate.,documents/BO0624_4466
1758,1824,Incensiere in argento.,1824. Incensiere in argento.,documents/BO0624_4466
1759,1825,Due forchette con manichi d'argento.,"1825. Due forchette con manichi d'argento.
<!-- image -->

## Mobili ed Oggetti di Mobilia",documents/BO0624_4466
1760,1826,"Mobile (forziere) di legno intagliato con fregi e cariatidi, alla parte superiore stemma con puttini; nell'interno tiratoi formanti scompartimenti diversi. Lavoro del XVII secolo.","1826. Mobile (forziere) di legno intagliato con fregi e cariatidi, alla parte superiore stemma con puttini; nell'interno tiratoi formanti scompartimenti diversi. Lavoro del XVII secolo.",documents/BO0624_4466
1761,1827,"Tondo di lacca giapponese, decorato con fregi e figure, dia: 0.90.","1827. Tondo di lacca giapponese, decorato con fregi e figure, dia: 0.90.",documents/BO0624_4466
1762,1828,Stipino di legno pero e tartaruga filettato in avorio.,1828. Stipino di legno pero e tartaruga filettato in avorio.,documents/BO0624_4466
1763,1829,Quattro basi di legno (forma di tripode) intagliato (Epoca Luigi XVI).,1829. Quattro basi di legno (forma di tripode) intagliato (Epoca Luigi XVI).,documents/BO0624_4466
1764,1830,"Due sedie intagliate e dorate, tapezzate con velluto XVII secolo.","1830. Due sedie intagliate e dorate, tapezzate con velluto XVII secolo.",documents/BO0624_4466
1765,1831,"Grande cornice, con lastra a specchio, di bellissimi intagli in legno dorato (Epoca Luigi XIV), alt: m. 1.70 per 1.20.","1831. Grande cornice, con lastra a specchio, di bellissimi intagli in legno dorato (Epoca Luigi XIV), alt: m. 1.70 per 1.20.",documents/BO0624_4466
1766,1832,Lampadario a sei lumi in vetro alt. m. 1.00 per 0.80 ( Antico Venezia).,1832. Lampadario a sei lumi in vetro alt. m. 1.00 per 0.80 ( Antico Venezia).,documents/BO0624_4466
1767,1833,"Un' applique di legno, con piccole mensole, intagliato e dorato* (Epoca Luigi XIV), alt. m. 1.50 per 1.00.","1833. Un' applique di legno, con piccole mensole, intagliato e dorato* (Epoca Luigi XIV), alt. m. 1.50 per 1.00.",documents/BO0624_4466
1768,1834,Inginocchiatojo di legno intarsiato.,1834. Inginocchiatojo di legno intarsiato.,documents/BO0624_4466
1769,1835,Lampadario di vetro a sedici lumi con fiori e foglie (Antico Venezia).,1835. Lampadario di vetro a sedici lumi con fiori e foglie (Antico Venezia).,documents/BO0624_4466
1770,1836,"Sedia di legno dorato, tapezzata in velluto rosso.","1836. Sedia di legno dorato, tapezzata in velluto rosso.",documents/BO0624_4466
1771,1837,"Due cornici di legno intagliato e dorato (Epoca Inigi XV), alt· m. 0.90 per 0.77.","1837. Due cornici di legno intagliato e dorato (Epoca Inigi XV), alt· m. 0.90 per 0.77.",documents/BO0624_4466
1772,1838,Tavolo in noce intarsiato a fiori (Epoca Luigi XV).,1838. Tavolo in noce intarsiato a fiori (Epoca Luigi XV).,documents/BO0624_4466
1773,1839,"Mobile serittorio, in due pezzi, di radice di noce con ricca scor- niciatura, alt. m. 2.10 per 1.00.","1839. Mobile serittorio, in due pezzi, di radice di noce con ricca scor- niciatura, alt. m. 2.10 per 1.00.",documents/BO0624_4466
1774,1840,"Base di legno intagliata e dorata, alt. m. 1.10","1840. Base di legno intagliata e dorata, alt. m. 1.10",documents/BO0624_4466
1775,1841,Grande sedia a braccioli con ricco intaglio in legno dorato.,1841. Grande sedia a braccioli con ricco intaglio in legno dorato.,documents/BO0624_4466
1776,1842,"Lampadario di vetro a diciotto lumi con fiori e foglie in colori ( Antico Venezia), alt. m. 1.50 per 1.20.","1842. Lampadario di vetro a diciotto lumi con fiori e foglie in colori ( Antico Venezia), alt. m. 1.50 per 1.20.",documents/BO0624_4466
1777,1843,Piccolo cassettino a tre tiratoi.,1843. Piccolo cassettino a tre tiratoi.,documents/BO0624_4466
1778,1844,"Due consoles di legno intagliato e dorato con marmi in colori, (Stile Luigi XV), alt. 0.83 per 1.40.","1844. Due consoles di legno intagliato e dorato con marmi in colori, (Stile Luigi XV), alt. 0.83 per 1.40.",documents/BO0624_4466
1779,1845,Piccola scrivania di legno intarsiato.,1845. Piccola scrivania di legno intarsiato.,documents/BO0624_4466
1780,1846,Due comodini in radice di noce.,1846. Due comodini in radice di noce.,documents/BO0624_4466
1781,1847,"Arazzo a succo d' erba - Adamo ed Eva - alt. m. 2,90 larg.","1847. Arazzo a succo d' erba - Adamo ed Eva - alt. m. 2,90 larg.

m. 1,52.",documents/BO0624_4466
1782,1848,"Lampadario di vetro a diciotto lumi con fiori e foglie in colori. diam. m. 1,00 per 1,50 (Antico Venezia).","1848. Lampadario di vetro a diciotto lumi con fiori e foglie in colori. diam. m. 1,00 per 1,50 (Antico Venezia).",documents/BO0624_4466
1783,1819,"Culla di legno intagliato, genere rococo (Luigi XV).","1819. Culla di legno intagliato, genere rococo (Luigi XV).",documents/BO0624_4466
1784,1850,Cornice di legno pero con fregio in oro.,1850. Cornice di legno pero con fregio in oro.,documents/BO0624_4466
1785,1851,Tavolo da gioco intarsiato di legno rosa.,1851. Tavolo da gioco intarsiato di legno rosa.,documents/BO0624_4466
1786,1852,Bellissimo orologio a forma di gabbia in bronzo dorato: all'in- giro festoni con piccoli medaglioni smaltati. Nell' interno nove differenti sonate (Epoca Luigi XVI).,1852. Bellissimo orologio a forma di gabbia in bronzo dorato: all'in- giro festoni con piccoli medaglioni smaltati. Nell' interno nove differenti sonate (Epoca Luigi XVI).,documents/BO0624_4466
1787,1853,"Stipino (cabinet) con tiratoi, e portella in ebano e incastrazioni di avorio (XVIII secolo).","1853. Stipino (cabinet) con tiratoi, e portella in ebano e incastrazioni di avorio (XVIII secolo).",documents/BO0624_4466
1788,1854,"Due mensole di legno, intagliate e dorate.","1854. Due mensole di legno, intagliate e dorate.",documents/BO0624_4466
1789,1855,"Quattro cornici ovali, in legno intagliato e dorato.","1855. Quattro cornici ovali, in legno intagliato e dorato.",documents/BO0624_4466
1790,1856,Tavola con intarsio in legno e medaglioni in colori (Lavoro olandese).,1856. Tavola con intarsio in legno e medaglioni in colori (Lavoro olandese).,documents/BO0624_4466
1791,1857,Quattro sgabelli di legno intagliato e dorato (Epoca Luigi XVI).,"1857. Quattro sgabelli di legno intagliato e dorato (Epoca Luigi XVI).

· 1858. Due statue di legno (Moretti) sostenenti vasi di majolica antica, montati in bronzo a uso lampade. (Lavoro veneziano), alt. m. 1,30.",documents/BO0624_4466
1792,1859,"Due statue di legno (Indiani) sostenenti vasi di maiolica antica, montati in bronzo a uso lampade (Lavoro veneziano), alt. m. 1,30.","1859. Due statue di legno (Indiani) sostenenti vasi di maiolica antica, montati in bronzo a uso lampade (Lavoro veneziano), alt. m. 1,30.",documents/BO0624_4466
1793,1860,Scrittojo in mogano e legno rosa. (Epoca Lurgi XV).,1860. Scrittojo in mogano e legno rosa. (Epoca Lurgi XV).,documents/BO0624_4466
1794,1861,Mensola in legno intagliato e dorato (Epoca Luigi XV).,1861. Mensola in legno intagliato e dorato (Epoca Luigi XV).,documents/BO0624_4466
1795,1862,"Due mobili (cantoniere) in due pezzi, intarsiati con legno rosa.","1862. Due mobili (cantoniere) in due pezzi, intarsiati con legno rosa.

La parte superiore con lastre.",documents/BO0624_4466
1796,1863,Cornice in legno intagliato e dorato.,"1863. Cornice in legno intagliato e dorato.
Tavola X.

<!-- image -->",documents/BO0624_4466
1797,1764,Cassa per corredo di legno noce intagliata.,1764. Cassa per corredo di legno noce intagliata.,documents/BO0624_4466
1798,1865,"Tondo di legno ebano decorato con placche di porcellana rap™ presentante ritratti di uomini e donne illustri: alla base ricca guarnitura di bronzi (Lavoro francese), alt. m. 0,80 p. m. 0,90-","1865. Tondo di legno ebano decorato con placche di porcellana rap™ presentante ritratti di uomini e donne illustri: alla base ricca guarnitura di bronzi (Lavoro francese), alt. m. 0,80 p. m. 0,90-",documents/BO0624_4466
1799,1866,"Cassettone, con calatoia e tre tiratoi, di legno intarsiato.","1866. Cassettone, con calatoia e tre tiratoi, di legno intarsiato.",documents/BO0624_4466
1800,1867,Piccola mensola in legno intagliato e dorato (Epoca Luigi XV).,1867. Piccola mensola in legno intagliato e dorato (Epoca Luigi XV).,documents/BO0624_4466
1801,1868,Piecola vetrina in legno nero con cariatidi e putto dorato.,1868. Piecola vetrina in legno nero con cariatidi e putto dorato.,documents/BO0624_4466
1802,1869,Tre cornici in legno dorato.,1869. Tre cornici in legno dorato.,documents/BO0624_4466
1803,1870,"Paio vasi della China decorati con figure, alt. m. 1,40.","1870. Paio vasi della China decorati con figure, alt. m. 1,40.",documents/BO0624_4466
1804,1871,Un' applique con piccola mensola di legno intagliato e dorato.,1871. Un' applique con piccola mensola di legno intagliato e dorato.,documents/BO0624_4466
1805,1872,Bauletto con madreperla e bronzi (Vieux laque) della China.,1872. Bauletto con madreperla e bronzi (Vieux laque) della China.,documents/BO0624_4466
1806,1873,Tavolo in noce intarsiato a fiori (Epoca Luigi XV).,1873. Tavolo in noce intarsiato a fiori (Epoca Luigi XV).,documents/BO0624_4466
1807,1874,"Due cornici, con lastre, di legno intagliato e dorato (Epoca Luigi XIV).","1874. Due cornici, con lastre, di legno intagliato e dorato (Epoca Luigi XIV).",documents/BO0624_4466
1808,1875,Mensoletta di legno intagliata e dorata.,1875. Mensoletta di legno intagliata e dorata.,documents/BO0624_4466
1809,1876,Due divani e dodici sedie a braccioli di legno intagliato e dorato,"1876. Due divani e dodici sedie a braccioli di legno intagliato e dorato

( Direttorio).",documents/BO0624_4466
1810,1877,Soprapporta con dipinti di Amorini sopra tela. (Epoca Inigi XVI),1877. Soprapporta con dipinti di Amorini sopra tela. (Epoca Inigi XVI),documents/BO0624_4466
1811,1878,"Cassa con coperchio, vecchia lacca della China.","1878. Cassa con coperchio, vecchia lacca della China.",documents/BO0624_4466
1812,1879,Lotto di dieci branches di legno bianco e oro.,1879. Lotto di dieci branches di legno bianco e oro.,documents/BO0624_4466
1813,1880,Due cornici di legno intagliate e dorate (XVII secolo).,1880. Due cornici di legno intagliate e dorate (XVII secolo).,documents/BO0624_4466
1814,1881,"Due consoles con marmi (verde di Calabria) e due specchiere di finissimo intaglio in bianco e oro (Epoca Impero), alt. m. 3,30 per m. 1,80.","1881. Due consoles con marmi (verde di Calabria) e due specchiere di finissimo intaglio in bianco e oro (Epoca Impero), alt. m. 3,30 per m. 1,80.",documents/BO0624_4466
1815,1882,Idem due divani e otto sedie.,1882. Idem due divani e otto sedie.,documents/BO0624_4466
1816,1883,Due comodini e due tiratoi intarsiati di legno rosa.,1883. Due comodini e due tiratoi intarsiati di legno rosa.,documents/BO0624_4466
1817,1884,Due specchi con cornici di legno intagliate e dorate (Luigi XVI).,1884. Due specchi con cornici di legno intagliate e dorate (Luigi XVI).,documents/BO0624_4466
1818,1885,Cornicetta di legno pero.,1885. Cornicetta di legno pero.,documents/BO0624_4466
1819,1886,Cornice di legno intagliato e dorato.,1886. Cornice di legno intagliato e dorato.,documents/BO0624_4466
1820,1887,Due zinefre di legno noce scorniciate e intagliate.,1887. Due zinefre di legno noce scorniciate e intagliate.,documents/BO0624_4466
1821,1888,"Due mensole di legno, intagliate e dorate.","1888. Due mensole di legno, intagliate e dorate.",documents/BO0624_4466
1822,1889,Tavolino intarsiato in legno a calore (Lavoro olandese).,1889. Tavolino intarsiato in legno a calore (Lavoro olandese).,documents/BO0624_4466
1823,1890,"Due sedie, a braccioli, di legno intagliato e dorato (Impero).","1890. Due sedie, a braccioli, di legno intagliato e dorato (Impero).",documents/BO0624_4466
1824,1891,"Mobile, a guisa di scaffale, di legno intagliato e dorato, avendo per base due grandi figure scolpite, e per cimasa un gruppo di cinque Amorini, alt. m. 3,40 per m. 1,20.","1891. Mobile, a guisa di scaffale, di legno intagliato e dorato, avendo per base due grandi figure scolpite, e per cimasa un gruppo di cinque Amorini, alt. m. 3,40 per m. 1,20.",documents/BO0624_4466
1825,1892,"Una console, a mezzo tondo, intagliata e dorata con marmo in colore (Epoca Luigi XVI), alt. m. 0,95 per 1,20.","1892. Una console, a mezzo tondo, intagliata e dorata con marmo in colore (Epoca Luigi XVI), alt. m. 0,95 per 1,20.",documents/BO0624_4466
1826,1893,Comodino in noce senza marmo.,1893. Comodino in noce senza marmo.,documents/BO0624_4466
1827,1894,"Mobile (credenziera) di legno noce intagliato, m. 1,78.","1894. Mobile (credenziera) di legno noce intagliato, m. 1,78.",documents/BO0624_4466
1828,1895,"Due cornici, con specchi, di legno intagliato e dorato.","1895. Due cornici, con specchi, di legno intagliato e dorato.",documents/BO0624_4466
1829,1896,"Camino di legno, intagliato con fregi e ornati finissimi; nel fregio superiore tre bassorilievi rappresentanti Bacco fra Baccanti. Lavoro pregevole (Epoca Luigi XVI).","1896. Camino di legno, intagliato con fregi e ornati finissimi; nel fregio superiore tre bassorilievi rappresentanti Bacco fra Baccanti. Lavoro pregevole (Epoca Luigi XVI).",documents/BO0624_4466
1830,1897,Tavolo in noce con intarsio in avorio (Epoca Luigi XIV).,1897. Tavolo in noce con intarsio in avorio (Epoca Luigi XIV).,documents/BO0624_4466
1831,1898,Piccola mensola di legno intagliato e dorato con marmo giallo,"1898. Piccola mensola di legno intagliato e dorato con marmo giallo

(Epoca Luigi XV).",documents/BO0624_4466
1832,1899,Mobile di legno intagliato e dato di nero.,1899. Mobile di legno intagliato e dato di nero.,documents/BO0624_4466
1833,1900,Cornicetta in legno ebano con cimasa.,1900. Cornicetta in legno ebano con cimasa.,documents/BO0624_4466
1834,1901,Comodino in noce senza marmo.,1901. Comodino in noce senza marmo.,documents/BO0624_4466
1835,1902,"Due mensole di legno, intagliate e dorate.","1902. Due mensole di legno, intagliate e dorate.",documents/BO0624_4466
1836,1903,"Mobile con tiretti, in ciliegio, e cariatidi in bronzo dorato","1903. Mobile con tiretti, in ciliegio, e cariatidi in bronzo dorato

(Epoca Impero).",documents/BO0624_4466
1837,1904,"Cassapanca di legno noce intagliato a stile antico, m. 1,50.","1904. Cassapanca di legno noce intagliato a stile antico, m. 1,50.",documents/BO0624_4466
1838,1905,Idem,1905. Idem,documents/BO0624_4466
1839,1906,"Grande lampadario in vetro di bella forma rococo a ventiquattro lumi disposti in due ordini diversi, con foglie e fiori in colori. alt. m. 2,30 (Antico Venezia).","1906. Grande lampadario in vetro di bella forma rococo a ventiquattro lumi disposti in due ordini diversi, con foglie e fiori in colori. alt. m. 2,30 (Antico Venezia).",documents/BO0624_4466
1840,1907,Mensola di legno intagliata e dorata.,1907. Mensola di legno intagliata e dorata.,documents/BO0624_4466
1841,1908,Due comodini in legno noce con tiratoi.,1908. Due comodini in legno noce con tiratoi.,documents/BO0624_4466
1842,1909,Cornice di legno intagliato e dorato.,1909. Cornice di legno intagliato e dorato.,documents/BO0624_4466
1843,1910,"Mobile in due pezzi, ricco di statuette e cariatidi intagliate, con cornice sorretta da putti, ed arme gentilizia nel centro. Bel lavoro del secolo XVII, alt. m. 2,20 larg. 1,20.","1910. Mobile in due pezzi, ricco di statuette e cariatidi intagliate, con cornice sorretta da putti, ed arme gentilizia nel centro. Bel lavoro del secolo XVII, alt. m. 2,20 larg. 1,20.",documents/BO0624_4466
1844,1911,"Tre sedie di legno intagliato e dorato, tappezzate con stoffa in ricamo (XVII secolo).","1911. Tre sedie di legno intagliato e dorato, tappezzate con stoffa in ricamo (XVII secolo).",documents/BO0624_4466
1845,1912,"Due mensole di legno, intagliate e dorate (Epoca Luigi XIV).","1912. Due mensole di legno, intagliate e dorate (Epoca Luigi XIV).",documents/BO0624_4466
1846,1913,Piccolo scrigno di legno noce intagliato a fregi e figure.,1913. Piccolo scrigno di legno noce intagliato a fregi e figure.,documents/BO0624_4466
1847,1914,Grossa cornice di legno pero.,1914. Grossa cornice di legno pero.,documents/BO0624_4466
1848,1915,Tre cornicette di legno dorato.,1915. Tre cornicette di legno dorato.,documents/BO0624_4466
1849,1916,"Mobile di legno ebano con dodici piccoli tiratoi, arricchiti con scorniciature di diverse modulature formanti un insieme a guisa","1916. Mobile di legno ebano con dodici piccoli tiratoi, arricchiti con scorniciature di diverse modulature formanti un insieme a guisa
di tempietto; decorati con dipinti sotto lastre a figure diverse in colori e fregi in oro (del XVII secolo).",documents/BO0624_4466
1850,1917,Due mensole di legno intagliato e dorato.,1917. Due mensole di legno intagliato e dorato.,documents/BO0624_4466
1851,1918,Piccolo canterano a quattro tiratoi in radice di noce.,1918. Piccolo canterano a quattro tiratoi in radice di noce.,documents/BO0624_4466
1852,1919,Cassa da corredo in noce intagliata.,1919. Cassa da corredo in noce intagliata.,documents/BO0624_4466
1853,1920,Mobile (forziere) di legno noce intagliato con fregi e cariatidi; nel mezzo tiratoi di diverse grandezze formanti decorazioni a scompartimenti vari (del XVII secolo).,1920. Mobile (forziere) di legno noce intagliato con fregi e cariatidi; nel mezzo tiratoi di diverse grandezze formanti decorazioni a scompartimenti vari (del XVII secolo).,documents/BO0624_4466
1854,1921,Due placche a spechio; con cornici di legno intagliato e dorato.,1921. Due placche a spechio; con cornici di legno intagliato e dorato.,documents/BO0624_4466
1855,1922,Paio comodini con marmi in colori e a due tiratoi.,1922. Paio comodini con marmi in colori e a due tiratoi.,documents/BO0624_4466
1856,1923,"Cornice di legno pero m. 0,61 p. 0,56.","1923. Cornice di legno pero m. 0,61 p. 0,56.",documents/BO0624_4466
1857,1924,"Due consoles (semicircolari) di legno intagliato e dorato con marmi in colori (Impero), lung. m. 1,40.","1924. Due consoles (semicircolari) di legno intagliato e dorato con marmi in colori (Impero), lung. m. 1,40.",documents/BO0624_4466
1858,1925,"Sedia, con stemma, a braccioli di legno intagliato (Epoca Luigi XV).","1925. Sedia, con stemma, a braccioli di legno intagliato (Epoca Luigi XV).",documents/BO0624_4466
1859,1926,Cassettone a due tiratoi guarnito di bronzi.,1926. Cassettone a due tiratoi guarnito di bronzi.,documents/BO0624_4466
1860,1927,Piccolo tondo di legno intarsiato e fregi di bronzo dorato.,1927. Piccolo tondo di legno intarsiato e fregi di bronzo dorato.,documents/BO0624_4466
1861,1928,Due mensole in legno intagliato.,1928. Due mensole in legno intagliato.,documents/BO0624_4466
1862,1929,Due cornicette di legno intagliato e dorato.,1929. Due cornicette di legno intagliato e dorato.,documents/BO0624_4466
1863,1930,"Mobile a due pezzi intarsiato di radice e legno rosa, e quattro tiratoi con maniglie di bronzo (XVII secolo), alt. m. 2,10 p. 0,67.","1930. Mobile a due pezzi intarsiato di radice e legno rosa, e quattro tiratoi con maniglie di bronzo (XVII secolo), alt. m. 2,10 p. 0,67.",documents/BO0624_4466
1864,1931,Vetrina in due pezzi di legno dato a cera.,1931. Vetrina in due pezzi di legno dato a cera.,documents/BO0624_4466
1865,1932,Divano in legno dorato (Epoca Impero).,1932. Divano in legno dorato (Epoca Impero).,documents/BO0624_4466
1866,1933,Cornice in legno intagliato e dorato.,1933. Cornice in legno intagliato e dorato.,documents/BO0624_4466
1867,1934,Grande vetrina su piede in radice di noce con fregi in legno scolpito e dorato (XVIII secolo).,1934. Grande vetrina su piede in radice di noce con fregi in legno scolpito e dorato (XVIII secolo).,documents/BO0624_4466
1868,5935,"Due mensole ad angolo, in legno intagliato e dorato (Epoca Luigi XV).","5935. Due mensole ad angolo, in legno intagliato e dorato (Epoca Luigi XV).",documents/BO0624_4466
1869,1936,"Lampadario, genere rococo, a diciotto lumi disposti in due ordin con foglie e fiori in colori, alt. m. 1,10 per 0,80 (Antico Venezia).","1936. Lampadario, genere rococo, a diciotto lumi disposti in due ordin 2. con foglie e fiori in colori, alt. m. 1,10 per 0,80 (Antico Venezia).",documents/BO0624_4466
1870,1937,Scrivania con calatoia intarsiata in legno di più colori (Epoca Luigi XVI).,1937. Scrivania con calatoia intarsiata in legno di più colori (Epoca Luigi XVI).,documents/BO0624_4466
1871,1938,Pannello di mobile in ebano scolpito nel centro Baccante (Epoca,"1938. Pannello di mobile in ebano scolpito nel centro Baccante (Epoca

- Luigi XIV).",documents/BO0624_4466
1872,1939,Stipo in palassandro con filettatura d'avorio e incastrazione di pietre (Lavoro fiorentino).,1939. Stipo in palassandro con filettatura d'avorio e incastrazione di pietre (Lavoro fiorentino).,documents/BO0624_4466
1873,1940,"Statuetta di bronzo. Il ritorno dal villaggio. Lavoro dello scultore G. Battista Amendola, alt. m. 0,80.","1940. Statuetta di bronzo. Il ritorno dal villaggio. Lavoro dello scultore G. Battista Amendola, alt. m. 0,80.
d941. Comodino a tre tiratoi, intarsiato di legno rosa:",documents/BO0624_4466
1874,1942,Due mensole di legno intagliato e dorato (Epoça Inigi XIV).,1942. Due mensole di legno intagliato e dorato (Epoça Inigi XIV).,documents/BO0624_4466
1875,1943,Due cornici di legno intagliato e dorato.:,1943. Due cornici di legno intagliato e dorato.:,documents/BO0624_4466
1876,1944,"Due grandi statue con corni d'abbondanza e accessori alla base. Bel lavoro di legno scolpitó e dorato del XVIII secolo, alt. m. 2,25:","1944. Due grandi statue con corni d'abbondanza e accessori alla base. Bel lavoro di legno scolpitó e dorato del XVIII secolo, alt. m. 2,25:

<!-- image -->
<!-- image -->
<!-- image -->

## larmi",documents/BO0624_4466
1877,1945,Piccolo bassorilievo in marmo. La Vergine circondata da An- gioli. Lavoro del XVII secolo.                |,"| 1945. Piccolo bassorilievo in marmo. La Vergine circondata da An- gioli. Lavoro del XVII secolo.                |
|-----------------------------------------------------------------------------------------------------------------|",documents/BO0624_4466
1878,1946,"Base di marmo in colori, e figure scolpite.                                                               |","| 1946. Base di marmo in colori, e figure scolpite.                                                               |",documents/BO0624_4466
1879,1947,"Statua di marmo. Figura simbolica, XVII secolo, alt. m. 1.10.                                             |","| 1947. Statua di marmo. Figura simbolica, XVII secolo, alt. m. 1.10.                                             |",documents/BO0624_4466
1880,1948,Idem alt. m. 1.10.                                                                                        |,| 1948. Idem alt. m. 1.10.                                                                                        |,documents/BO0624_4466
1881,1949,Busto di marmo del XVII secolo.                                                                           |,| 1949. Busto di marmo del XVII secolo.                                                                           |,documents/BO0624_4466
1882,1950,Bassorilievo in marmo - Vergine col Bambino — secolo XVII.                                                |,| 1950. Bassorilievo in marmo - Vergine col Bambino — secolo XVII.                                                |,documents/BO0624_4466
1883,1951,"Busto di marmo grande al vero, lavoro del XVII secolo.                                                    |","| 1951. Busto di marmo grande al vero, lavoro del XVII secolo.                                                    |",documents/BO0624_4466
1884,1952,"Bassorilievo in marmo - Amorini - frammento di epoca romana, alt. m. 0,30 per 0.35.                       |","| 1952. Bassorilievo in marmo - Amorini - frammento di epoca romana, alt. m. 0,30 per 0.35.                       |",documents/BO0624_4466
1885,1953,"Statua di marmo. Figura simbolica. XVII secolo, alt. m. 1,10.                                             |","| 1953. Statua di marmo. Figura simbolica. XVII secolo, alt. m. 1,10.                                             |",documents/BO0624_4466
1886,1954,"Idem. alt. m. 1,10.                                                                                       |","| 1954. Idem. alt. m. 1,10.                                                                                       |",documents/BO0624_4466
1887,1955,Busto in marmo grande al vero - Ritratto di donna - firmato Eques Franciscus Queirolo scul. Romae 1750.   |,| 1955. Busto in marmo grande al vero - Ritratto di donna - firmato Eques Franciscus Queirolo scul. Romae 1750.   |,documents/BO0624_4466
1888,1956,"Statua di marmo. Figura simbolica. XVII secolo, alt. m. 1,10.                                             |","| 1956. Statua di marmo. Figura simbolica. XVII secolo, alt. m. 1,10.                                             |",documents/BO0624_4466
1889,1957,"Idem. alt. m. 1,10.                                                                                       |","| 1957. Idem. alt. m. 1,10.                                                                                       |",documents/BO0624_4466
1890,1958,Busto - Minerva — di marmo. XVII secolo.                                                                  |,| 1958. Busto - Minerva — di marmo. XVII secolo.                                                                  |,documents/BO0624_4466
1891,1959,"Colonna in marmo (salomonica), frammento del XIV secolo.                                                  |","| 1959. Colonna in marmo (salomonica), frammento del XIV secolo.                                                  |",documents/BO0624_4466
1892,1960,Busto al vero - Lavoro in marmo del XVII secolo.                                                          |,| 1960. Busto al vero - Lavoro in marmo del XVII secolo.                                                          |,documents/BO0624_4466
1893,1961,Lastra di granito orientale.                                                                              |,| 1961. Lastra di granito orientale.                                                                              |,documents/BO0624_4466
1894,1962,"Bassorilievo in marmo — Mosè che disseta il popolo Ebreo — lavoro del XVII sesolo, alt. m. 0,60 per 0,80. |","| 1962. Bassorilievo in marmo — Mosè che disseta il popolo Ebreo — lavoro del XVII sesolo, alt. m. 0,60 per 0,80. |",documents/BO0624_4466
1895,1968,"Psiche di marmo, copia grande al vero (Museo di Napoli).","1968. Psiche di marmo, copia grande al vero (Museo di Napoli).",documents/BO0624_4466
1896,1964,Bassorilievo in marmo - La Vergine col Bambino — lavoro del XVII secolo.,1964. Bassorilievo in marmo - La Vergine col Bambino — lavoro del XVII secolo.,documents/BO0624_4466
1897,1965,Piletta di marmo in colori.,1965. Piletta di marmo in colori.,documents/BO0624_4466
1898,1966,"Statua di marmo — La Venere dei Medici - grande al vero. Copia eseguita con arte, del XVIII secolo.","1966. Statua di marmo — La Venere dei Medici - grande al vero. Copia eseguita con arte, del XVIII secolo.",documents/BO0624_4466
1899,1967,"Bassorilievo - Profilo di uomo (guerriero) - composto con marmi di più colori, del XVII secolo.","1967. Bassorilievo - Profilo di uomo (guerriero) - composto con marmi di più colori, del XVII secolo.",documents/BO0624_4466
1900,1968,"Statuetta in marmo - La Vergine col Bambino — lavoro del XIV secolo, alt. m. 0,65.","1968. Statuetta in marmo - La Vergine col Bambino — lavoro del XIV secolo, alt. m. 0,65.",documents/BO0624_4466
1901,1969,"Due colonne di marmo scolpito con ornati, base e capitelli, del XVI secolo, alt. m. 1,40.","1969. Due colonne di marmo scolpito con ornati, base e capitelli, del XVI secolo, alt. m. 1,40.",documents/BO0624_4466
1902,1970,"Statuetta di marmo - Figurina con capre - lavoro dello scultore Irdi, alt. m. 0,65.","1970. Statuetta di marmo - Figurina con capre - lavoro dello scultore Irdi, alt. m. 0,65.",documents/BO0624_4466
1903,1971,"Colonna con base di marmo in colori, alt. m. 1,50, dia. m. 0,26.","1971. Colonna con base di marmo in colori, alt. m. 1,50, dia. m. 0,26.",documents/BO0624_4466
1904,1972,"Busto di donna, in marmo.","1972. Busto di donna, in marmo.",documents/BO0624_4466
1905,1973,Statua in marmo - Fauno seduto.,1973. Statua in marmo - Fauno seduto.,documents/BO0624_4466
1906,1974,Urna di marmo scanellata.,1974. Urna di marmo scanellata.,documents/BO0624_4466
1907,1975,"Bassorilievo in marmo - Gesù risorto appare ai discepoli - lavoro del XVI secolo, alt. m. 1,10 per m. 1,00.","1975. Bassorilievo in marmo - Gesù risorto appare ai discepoli - lavoro del XVI secolo, alt. m. 1,10 per m. 1,00.",documents/BO0624_4466
1908,1976,"Tondo di granito orientale. Dia. m. 1,87.","1976. Tondo di granito orientale. Dia. m. 1,87.",documents/BO0624_4466
1909,1977,Quattro medaglioni - Teste in bassorilievo - su marmo in colore.,1977. Quattro medaglioni - Teste in bassorilievo - su marmo in colore.,documents/BO0624_4466
1910,1978,"Statua di marmo - Giona Profeta — lavoro del XVII secolo, alt. m. 1,10.","1978. Statua di marmo - Giona Profeta — lavoro del XVII secolo, alt. m. 1,10.",documents/BO0624_4466
1911,1979,"Idem. — Davide Re - alt. m. 1,10.","1979. Idem. — Davide Re - alt. m. 1,10.",documents/BO0624_4466
1912,1980,"Busto di marmo senza pieduecio, XVII secolo.","1980. Busto di marmo senza pieduecio, XVII secolo.",documents/BO0624_4466
1913,1981,"Colonna con base, di alabastro orientale, alt. m. 1,20, diam.0,32.","1981. Colonna con base, di alabastro orientale, alt. m. 1,20, diam.0,32.",documents/BO0624_4466
1914,1982,Due puttini in marmo del XVII secolo.,1982. Due puttini in marmo del XVII secolo.,documents/BO0624_4466
1915,1983,Busto grande al vero. Lavoro in marmo del XVII secolo.,1983. Busto grande al vero. Lavoro in marmo del XVII secolo.,documents/BO0624_4466
1916,1984,Bassorilievo in marmo - Un Evangelista - frammento del XIV,"1984. Bassorilievo in marmo - Un Evangelista - frammento del XIV

secolo.
Tavola XII.

<!-- image -->
<!-- image -->

## Oggetti diversi",documents/BO0624_4466
1917,1985,Due statuette di legno in nero. Figure simboliche.,1985. Due statuette di legno in nero. Figure simboliche.,documents/BO0624_4466
1918,1986,Ovale in legno scolpito. Amorini Epoca Luigi XVI.,1986. Ovale in legno scolpito. Amorini Epoca Luigi XVI.,documents/BO0624_4466
1919,1987,Due fixés. Soggetti campestri.,1987. Due fixés. Soggetti campestri.,documents/BO0624_4466
1920,1988,Dipinto sotto vetro - La Vergine ed un santo con cornice di le- gno pero.,1988. Dipinto sotto vetro - La Vergine ed un santo con cornice di le- gno pero.,documents/BO0624_4466
1921,1989,Lotto di sette pezzi con stras e corallo.,1989. Lotto di sette pezzi con stras e corallo.,documents/BO0624_4466
1922,1990,"Quattro pezzi di cuoio, impresso con ornati a fiori e figure in colori.","1990. Quattro pezzi di cuoio, impresso con ornati a fiori e figure in colori.",documents/BO0624_4466
1923,1991,Elmo di ferro con incisioni.,1991. Elmo di ferro con incisioni.,documents/BO0624_4466
1924,1992,Due vasettini con manichi e smalto verde della China.,1992. Due vasettini con manichi e smalto verde della China.,documents/BO0624_4466
1925,1993,Pistola a silice.,1993. Pistola a silice.,documents/BO0624_4466
1926,1994,Fregio in legno intagliato. Due colombe.,1994. Fregio in legno intagliato. Due colombe.,documents/BO0624_4466
1927,1995,Tre dipinti sotto vetro. Lavoro veneziano.,1995. Tre dipinti sotto vetro. Lavoro veneziano.,documents/BO0624_4466
1928,1996,Fucile con montatura in ferro geminato. Epoca Carlo III.,1996. Fucile con montatura in ferro geminato. Epoca Carlo III.,documents/BO0624_4466
1929,1997,"Secchia in rame inciso, lavoro orientale.","1997. Secchia in rame inciso, lavoro orientale.",documents/BO0624_4466
1930,1998,Lotto di due bustini in savaccio e statuetta in legno.,1998. Lotto di due bustini in savaccio e statuetta in legno.,documents/BO0624_4466
1931,1999,Tempietto di legno intagliato e dorato.,1999. Tempietto di legno intagliato e dorato.,documents/BO0624_4466
1932,2000,"Bassorilievo di terra cotta, soggetto mitologico.","2000. Bassorilievo di terra cotta, soggetto mitologico.",documents/BO0624_4466
1933,2001,Un angelo in ricamo.,2001. Un angelo in ricamo.,documents/BO0624_4466
1934,2002,Porta uova con quattro cucchiarini in metallo placcato di argento.,2002. Porta uova con quattro cucchiarini in metallo placcato di argento.,documents/BO0624_4466
1935,2003,Rametto dipinto - Ritratto di Paganini.,2003. Rametto dipinto - Ritratto di Paganini.,documents/BO0624_4466
1936,2004,Cassetta ricoperta da pergamena miniata con ricami in argento.,"2004. Cassetta ricoperta da pergamena miniata con ricami in argento.

Epoca Luigi XIV.",documents/BO0624_4466
1937,2005,Cofanetto in rame inciso. Lavoro orientale.,2005. Cofanetto in rame inciso. Lavoro orientale.,documents/BO0624_4466
1938,2006,Collana e due bracciali in ambra.,2006. Collana e due bracciali in ambra.,documents/BO0624_4466
1939,2007,Cervetta di bronzo sopra base di marmo.,2007. Cervetta di bronzo sopra base di marmo.,documents/BO0624_4466
1940,2008,Bussola in metallo con scatola.,2008. Bussola in metallo con scatola.,documents/BO0624_4466
1941,2009,Piatto in rame a sbalzo.,2009. Piatto in rame a sbalzo.,documents/BO0624_4466
1942,2010,Cristo in corallo su croce di rame dorato.,2010. Cristo in corallo su croce di rame dorato.,documents/BO0624_4466
1943,2011,Tre testine modellate in cera a colori. Lavoro siciliano.,2011. Tre testine modellate in cera a colori. Lavoro siciliano.,documents/BO0624_4466
1944,2012,Dipinto su rame in cornice nera.,2012. Dipinto su rame in cornice nera.,documents/BO0624_4466
1945,2013,Portapolvere in ferro.,2013. Portapolvere in ferro.,documents/BO0624_4466
1946,2014,Statuetta - S. Gennaro - terra cotta dorata.,2014 Statuetta - S. Gennaro - terra cotta dorata.,documents/BO0624_4466
1947,2015,Cinque pergamene miniate — Il Paradiso terrestre - in cornice nera ottagonale.,2015. Cinque pergamene miniate — Il Paradiso terrestre - in cornice nera ottagonale.,documents/BO0624_4466
1948,2016,Sei bottoni in metallo smaltato a colori.,2016. Sei bottoni in metallo smaltato a colori.,documents/BO0624_4466
1949,2017,"Cassetto con intarsio di avorio in colori: foglie, frutta ed animali. Lavoro olandese.","2017. Cassetto con intarsio di avorio in colori: foglie, frutta ed animali. Lavoro olandese.",documents/BO0624_4466
1950,2018,Paio vasi (cloisonnés) smaltati della China.,2018. Paio vasi (cloisonnés) smaltati della China.,documents/BO0624_4466
1951,2019,"Tre pezzi - Cucchiaio, forchetta e coltello in bronzo cesellato e dorato. Epoca Luigi XIII.","2019. Tre pezzi - Cucchiaio, forchetta e coltello in bronzo cesellato e dorato. Epoca Luigi XIII.",documents/BO0624_4466
1952,2020,Pistola a silice.,2020. Pistola a silice.,documents/BO0624_4466
1953,2021,Tre pezzi di bronzo smaltati in bleu.,2021. Tre pezzi di bronzo smaltati in bleu.,documents/BO0624_4466
1954,2022,Cassettino in osso a colori. Lavoro orientale.,2022. Cassettino in osso a colori. Lavoro orientale.,documents/BO0624_4466
1955,2023,Vaso a cilindro in terra cotta colorata.,2023. Vaso a cilindro in terra cotta colorata.,documents/BO0624_4466
1956,2024,Spegnitoio in rame argentato.,2024. Spegnitoio in rame argentato.,documents/BO0624_4466
1957,2025,Due bassorilievi in pastiglia; soggetti sacri.,2025. Due bassorilievi in pastiglia; soggetti sacri.,documents/BO0624_4466
1958,2026,Piccolo Cristo in argento con Croce e base di legno sandalo.,2026. Piccolo Cristo in argento con Croce e base di legno sandalo.,documents/BO0624_4466
1959,2027,Bastone (canna) con fregi e medaglioni graffiti rappresentanti soggetti sacri. Dalla Natività all'Assunzione della Vergine. Del,"2027. Bastone (canna) con fregi e medaglioni graffiti rappresentanti soggetti sacri. Dalla Natività all'Assunzione della Vergine. Del

XVII secolo.",documents/BO0624_4466
1960,2028,Due oggetti — Un uovo di smalto bianco e odorino di bosso.,2028. Due oggetti — Un uovo di smalto bianco e odorino di bosso.,documents/BO0624_4466
1961,2029,Piccolo braciere in rame sbalzato e traforato. Secolo XVII.,2029. Piccolo braciere in rame sbalzato e traforato. Secolo XVII.,documents/BO0624_4466
1962,2030,Fixé su seta.,"2030. Fixé su seta.

Scena campestre.",documents/BO0624_4466
1963,2031,Cassetta di ferro con fregi geminati in argento.,2031. Cassetta di ferro con fregi geminati in argento.,documents/BO0624_4466
1964,2032,Lotto di ventisette bottoni di argento. Lavoro orientale.,2032. Lotto di ventisette bottoni di argento. Lavoro orientale.,documents/BO0624_4466
1965,2033,Due cornicette di bronzo.,2033. Due cornicette di bronzo.,documents/BO0624_4466
1966,2034,Leggio in lacca della China.,2034. Leggio in lacca della China.,documents/BO0624_4466
1967,2035,Due bassorilievi ovali di bosso con cornice.,2035. Due bassorilievi ovali di bosso con cornice.,documents/BO0624_4466
1968,2036,Piatto con fregi e mascheroni in rame sbalzato.,"2036. Piatto con fregi e mascheroni in rame sbalzato.

dorato.",documents/BO0624_4466
1969,2037,"Sei lastre dorate con ritratti in nero, e cornici in rame","2037. Sei lastre dorate con ritratti in nero, e cornici in rame",documents/BO0624_4466
1970,2038,Dipinto su rame - Tobia con l'Angelo Raffaele.,2038. Dipinto su rame - Tobia con l'Angelo Raffaele.,documents/BO0624_4466
1971,2039,Pugnale con fodero in ferro.,2039. Pugnale con fodero in ferro.,documents/BO0624_4466
1972,2040,Cassetto di tartaruga ed ebano. Epoca Luigi XVI.,2040. Cassetto di tartaruga ed ebano. Epoca Luigi XVI.,documents/BO0624_4466
1973,2041,Lotto di quarantasette stampe di differente grandezza.,2041. Lotto di quarantasette stampe di differente grandezza.,documents/BO0624_4466
1974,2042,Una conchiglia in madreperla montata in argento.,2042. Una conchiglia in madreperla montata in argento.,documents/BO0624_4466
1975,2043,"Tavolo di forma ottagonale, con lavoro imitante il musaico, di margheritine (Datato 1761), dia. m. 0,50.","2043. Tavolo di forma ottagonale, con lavoro imitante il musaico, di margheritine (Datato 1761), dia. m. 0,50.",documents/BO0624_4466
1976,2044,Due fixés in seta con cornici.,2044. Due fixés in seta con cornici.,documents/BO0624_4466
1977,2045,Tempietto con figurine di avorio.,2045. Tempietto con figurine di avorio.,documents/BO0624_4466
1978,2046,Cornice di rame sbalzato e dorato con fiori in argento; due rametti nel centro.,2046. Cornice di rame sbalzato e dorato con fiori in argento; due rametti nel centro.,documents/BO0624_4466
1979,2047,Manico di coltello in ambra scolpita.,2047. Manico di coltello in ambra scolpita.,documents/BO0624_4466
1980,2048,Piccolo coltello a ventiquattro lame montato in avorio.,2048. Piccolo coltello a ventiquattro lame montato in avorio.,documents/BO0624_4466
1981,2049,Rametto dipinto - Vulcano.,2049. Rametto dipinto - Vulcano.,documents/BO0624_4466
1982,2050,Salvadenaro in legno scolpito e dorato (Impero).,2050. Salvadenaro in legno scolpito e dorato (Impero).,documents/BO0624_4466
1983,2051,Calendario della Corte dei Borboni.,2051. Calendario della Corte dei Borboni.,documents/BO0624_4466
1984,2052,Cristo in bosso su croce di tartaruga.,2052. Cristo in bosso su croce di tartaruga.,documents/BO0624_4466
1985,2053,Pezzo d'ambra scolpita.,2053. Pezzo d'ambra scolpita.,documents/BO0624_4466
1986,2054,Un fucile con montatura in acciaio. Epoca Carlo III.,2054. Un fucile con montatura in acciaio. Epoca Carlo III.,documents/BO0624_4466
1987,2055,"Portabiglietti, lavoro orientale.","2055. Portabiglietti, lavoro orientale.",documents/BO0624_4466
1988,2056,Teschietto in savaccio.,2056. Teschietto in savaccio.,documents/BO0624_4466
1989,2057,Spegnitoio in rame argentato.,2057. Spegnitoio in rame argentato.,documents/BO0624_4466
1990,2058,Cassetto di ferro inciso (Secolo XV).,2058. Cassetto di ferro inciso (Secolo XV).,documents/BO0624_4466
1991,2059,Lotto di cinque suggelli di metallo.,2059. Lotto di cinque suggelli di metallo.,documents/BO0624_4466
1992,2060,Quattro teste con fregi di legno intagliato e dorato.,2060. Quattro teste con fregi di legno intagliato e dorato.,documents/BO0624_4466
1993,2061,"Fiaschetta, zucca, incisa con figure e fregi.","2061. Fiaschetta, zucca, incisa con figure e fregi.",documents/BO0624_4466
1994,2062,Quattro modiglioni di legno intagliato e dorato (XVII secolo).,2062. Quattro modiglioni di legno intagliato e dorato (XVII secolo).,documents/BO0624_4466
1995,2063,Tre suggelli in pietra dura.,2063. Tre suggelli in pietra dura.,documents/BO0624_4466
1996,2064,La Vergine col Bambino in legno dorato (XVIII secolo).,2064. La Vergine col Bambino in legno dorato (XVIII secolo).,documents/BO0624_4466
1997,2065,Tre placche di vetro veneziano.,2065. Tre placche di vetro veneziano.,documents/BO0624_4466
1998,2066,Quattro pezzi di ricamo con paesaggi e figure a punto lungo.,2066. Quattro pezzi di ricamo con paesaggi e figure a punto lungo.,documents/BO0624_4466
1999,2067,Dipinto su pergamena — Un Santo - con fregi in colori.,2067. Dipinto su pergamena — Un Santo - con fregi in colori.,documents/BO0624_4466
2000,2068,Bassorilievo in terracotta colorata - La Vergine del Donatello.,2068. Bassorilievo in terracotta colorata - La Vergine del Donatello.,documents/BO0624_4466
2001,2069,Lotto di venticinque stampe di diverse grandezze.,2069. Lotto di venticinque stampe di diverse grandezze.,documents/BO0624_4466
2002,2070,Placca di madreperla a bassorilievo - Soggetto sacro.,2070. Placca di madreperla a bassorilievo - Soggetto sacro.,documents/BO0624_4466
2003,2071,Lotto di dieciotto stampe di diverse grandezze.,2071. Lotto di dieciotto stampe di diverse grandezze.,documents/BO0624_4466
2004,2072,Due vasettini in bronzo placcato d'argento.,2072. Due vasettini in bronzo placcato d'argento.,documents/BO0624_4466
2005,2073,Toppa in ferro (XVIII secolo).,2073. Toppa in ferro (XVIII secolo).,documents/BO0624_4466
2006,2074,Statua di legno intagliato - Figura di donna.,2074. Statua di legno intagliato - Figura di donna.,documents/BO0624_4466
2007,2075,"Secchia in rame inciso, lavoro orientale.","2075. Secchia in rame inciso, lavoro orientale.",documents/BO0624_4466
2008,2076,Dipinto sotto vetro - L'Adorazione dei Magi.,2076. Dipinto sotto vetro - L'Adorazione dei Magi.,documents/BO0624_4466
2009,2077,Lotto di sei piccoli rametti - Figure di santi.,2077. Lotto di sei piccoli rametti - Figure di santi.,documents/BO0624_4466
2010,2078,Pugnale con piccola guardia e manico di filigrana.,2078. Pugnale con piccola guardia e manico di filigrana.,documents/BO0624_4466
2011,2079,Cassetta in ferro incisa con fregi.,2079. Cassetta in ferro incisa con fregi.,documents/BO0624_4466
2012,2080,"Due stampe del Morghen, in cornici dorate.","2080. Due stampe del Morghen, in cornici dorate.",documents/BO0624_4466
2013,2081,Due speroni di parata in ferro dorato.,2081. Due speroni di parata in ferro dorato.,documents/BO0624_4466
2014,2082,Quattro grandi modiglioni di legno intagliato e dorato (XVII secolo).,2082. Quattro grandi modiglioni di legno intagliato e dorato (XVII secolo).,documents/BO0624_4466
2015,2083,Lotto di quattro vasettini di bronzo placcati in argento.,2083. Lotto di quattro vasettini di bronzo placcati in argento.,documents/BO0624_4466
2016,2084,Presepe - Tempietto e base di madreperla guarnita con corallo e figurine in avorio.,2084. Presepe - Tempietto e base di madreperla guarnita con corallo e figurine in avorio.,documents/BO0624_4466
2017,2085,Quattro pezzi di legno intagliato e dorato. Epoca Luigi XV.,2085. Quattro pezzi di legno intagliato e dorato. Epoca Luigi XV.,documents/BO0624_4466
2018,2086,Due piccoli graffiti su vetro - Paesaggi.,2086. Due piccoli graffiti su vetro - Paesaggi.,documents/BO0624_4466
2019,2087,Presepe - Ricamo in seta.,2087. Presepe - Ricamo in seta.,documents/BO0624_4466
2020,2088,L'Annunziazione - Pergamena dipinta in cornice di rame dorato.,2088. L'Annunziazione - Pergamena dipinta in cornice di rame dorato.,documents/BO0624_4466
2021,2089,Idolo giapponese di terracotta in colori.,2089. Idolo giapponese di terracotta in colori.,documents/BO0624_4466
2022,2090,Contadino a cavallo in legno bosso.,2090. Contadino a cavallo in legno bosso.,documents/BO0624_4466
2023,2091,Cornice a sbalzo in rame dorato con cimasa e fiori di argento,2091. Cornice a sbalzo in rame dorato con cimasa e fiori di argento,documents/BO0624_4466
2024,2092,Due dipinti sotto vetro con cornici dorate.,2092. Due dipinti sotto vetro con cornici dorate.,documents/BO0624_4466
2025,2093,Cera in cornice - Ritratto di Carlo III.,2093. Cera in cornice - Ritratto di Carlo III.,documents/BO0624_4466
2026,2094,Cinque pezzi di porcellana smaltati.,2094. Cinque pezzi di porcellana smaltati.,documents/BO0624_4466
2027,2095,Lotto di quattro chiavi in ferro lavorato.,2095. Lotto di quattro chiavi in ferro lavorato.,documents/BO0624_4466
2028,2096,Mazza d'arme in ferro.,2096. Mazza d'arme in ferro.,documents/BO0624_4466
2029,2097,Vetro dipinto - Il Presepe.,2097. Vetro dipinto - Il Presepe.,documents/BO0624_4466
2030,2098,Trittico in bronzo con smalto.,2098. Trittico in bronzo con smalto.,documents/BO0624_4466
2031,2099,Il Divin Pastore - Cera colorata con cornice di tartaruga.,2099. Il Divin Pastore - Cera colorata con cornice di tartaruga.,documents/BO0624_4466
2032,2100,Lotto di quattro chiavi in bronzo.,2100. Lotto di quattro chiavi in bronzo.,documents/BO0624_4466
2033,2101,"Pipa di schiuma, montata in argento.","2101. Pipa di schiuma, montata in argento.",documents/BO0624_4466
2034,2102,Sedici cucchiarini in metallo dorato.,2102. Sedici cucchiarini in metallo dorato.,documents/BO0624_4466
2035,2103,"Orologio a calendario, in madreperla e bronzo.","2103. Orologio a calendario, in madreperla e bronzo.",documents/BO0624_4466
2036,2104,Un reliquiario di legno intagliato e dorato.,2104. Un reliquiario di legno intagliato e dorato.,documents/BO0624_4466
2037,2105,Bassorilievo in cera con cornice dorata.,2105. Bassorilievo in cera con cornice dorata.,documents/BO0624_4466
2038,2106,Quattro rametti dipinti - Ritratti,2106. Quattro rametti dipinti - Ritratti,documents/BO0624_4466
2039,210,%. Una balestra con montatura in argento e iniziali G. S. B,210%. Una balestra con montatura in argento e iniziali G. S. B,documents/BO0624_4466
2040,2108,Scatola di avorio traforato.,2108. Scatola di avorio traforato.,documents/BO0624_4466
2041,2100,1aem,2100. 1aem,documents/BO0624_4466
2042,2110,Lancia in ferro geminato del XVII secolo.,2110. Lancia in ferro geminato del XVII secolo.,documents/BO0624_4466
2043,2111,Lotto di tre lastre di vetro (Murano) graffito,2111. Lotto di tre lastre di vetro (Murano) graffito,documents/BO0624_4466
2044,2,-112. scotola di legno con fregi in metallo,2. -112. scotola di legno con fregi in metallo,documents/BO0624_4466
2045,2115,"Bassorilievo in cera, Gesù e la Maddalena, sopra lavagna (XVIII secolo).","2115. Bassorilievo in cera, Gesù e la Maddalena, sopra lavagna (XVIII secolo).",documents/BO0624_4466
2046,2114,"Piccola culla di forma rettangolare, in legno intagliato e dorato","2114. Piccola culla di forma rettangolare, in legno intagliato e dorato",documents/BO0624_4466
2047,2110,"Porta-reliquie ia argento a sbalzo - Da una parte figura di S Giovanni, dall'altra smaltino in colore.","2110. Porta-reliquie ia argento a sbalzo - Da una parte figura di S Giovanni, dall'altra smaltino in colore.",documents/BO0624_4466
2048,2116,Cinque suggelli con pietre,2116. Cinque suggelli con pietre,documents/BO0624_4466
2049,2117,"Lotto di sette forchette, otto cucchiai e sei coltelli in metallo dorato Sua x","2117. Lotto di sette forchette, otto cucchiai e sei coltelli in metallo dorato Sua x",documents/BO0624_4466
2050,2118,Pezzo di corallo lavorato,2118. Pezzo di corallo lavorato,documents/BO0624_4466
2051,2119,Lortamoneta in madreverla incisa.,2119. Lortamoneta in madreverla incisa.,documents/BO0624_4466
2052,2120,Base in legno con fregi d'argento a sbalzo.,2120. Base in legno con fregi d'argento a sbalzo.,documents/BO0624_4466
2053,2121,Ire suggelli in terro lavorato,2121. Ire suggelli in terro lavorato,documents/BO0624_4466
2054,2122,Orologio solare in cassetta di metallo - Lavoro dedicato al Mi-,2122. Orologio solare in cassetta di metallo - Lavoro dedicato al Mi-,documents/BO0624_4466
2055,2,mistro Lanuce nellanno 1770 dallautore Giuseppe Cavalero,2. mistro Lanuce nellanno 1770 dallautore Giuseppe Cavalero,documents/BO0624_4466
2056,2126,"Pezzo di legno, rettangolare, intagliato e dorato con mensolette per apporvi oggetu.","2126. Pezzo di legno, rettangolare, intagliato e dorato con mensolette per apporvi oggetu.",documents/BO0624_4466
2057,2124,Lavoro in cera (S. Luigi) in cornice.,2124. Lavoro in cera (S. Luigi) in cornice.,documents/BO0624_4466
2058,2125,Rametto - La Vergine — in cornice di bronzo,2125. Rametto - La Vergine — in cornice di bronzo,documents/BO0624_4466
2059,2126,"Una spada, con piccola guardia (XVIl secolo).","2126. Una spada, con piccola guardia (XVIl secolo).",documents/BO0624_4466
2060,2127,Cassetto da gioco in radice di ulivo con decorazione di acciaio,"2127. Cassetto da gioco in radice di ulivo con decorazione di acciaio

Lotto al dieciotto stampe al differente grandezza",documents/BO0624_4466
2061,2129,Fregio in corallo con putto.,2129. Fregio in corallo con putto.,documents/BO0624_4466
2062,2130,Due giuochi di carte.,2130. Due giuochi di carte.,documents/BO0624_4466
2063,2131,Due braccialetti in granate martellate),2131. Due braccialetti in granate martellate),documents/BO0624_4466
2064,2132,Cornicetta a sbalzo di rame dorato.,2132. Cornicetta a sbalzo di rame dorato.,documents/BO0624_4466
2065,2133,"Due medaglioni dorati, uno con smalto nel centro.","2133. Due medaglioni dorati, uno con smalto nel centro.",documents/BO0624_4466
2066,2134,"Il battesimo di S. Giovanni, di legno in colori e base aorata.","2134. Il battesimo di S. Giovanni, di legno in colori e base aorata.",documents/BO0624_4466
2067,2135,Vaso in rame traforato.,2135. Vaso in rame traforato.,documents/BO0624_4466
2068,2100,Dipinto sotto lastra - soggetto sacro.,2100. Dipinto sotto lastra - soggetto sacro.,documents/BO0624_4466
2069,2137,Piccolo dipinto su tela - tratto di donna,2137. Piccolo dipinto su tela - tratto di donna,documents/BO0624_4466
2070,2138,"Guardia di spada, in ferro traforato, con ornati (XVI secolo).","2138. Guardia di spada, in ferro traforato, con ornati (XVI secolo).",documents/BO0624_4466
2071,2139,Tre pezzi di madreperla scolpiti.,2139. Tre pezzi di madreperla scolpiti.,documents/BO0624_4466
2072,2140,Quattro pezzi di metallo con smalto (cloisonnes).,2140. Quattro pezzi di metallo con smalto (cloisonnes).,documents/BO0624_4466
2073,2141,Cornicetta di bronzo dorato.,2141. Cornicetta di bronzo dorato.,documents/BO0624_4466
2074,2142,Un piatto in rame dorato.,2142. Un piatto in rame dorato.,documents/BO0624_4466
2075,2143,Croce con Cristo ed ornati in legno sandolo.,2143. Croce con Cristo ed ornati in legno sandolo.,documents/BO0624_4466
2076,2144,Tre piatti in rame smaltato - Lavoro orientale.,2144. Tre piatti in rame smaltato - Lavoro orientale.,documents/BO0624_4466
2077,2145,Dipinto sotto vetro - Il Presepe in cornice nera.,2145. Dipinto sotto vetro - Il Presepe in cornice nera.,documents/BO0624_4466
2078,2146,Due fixés - Una tempesta ed una scena campestre.,2146. Due fixés - Una tempesta ed una scena campestre.,documents/BO0624_4466
2079,2147,"Un Pugnale, lavoro orientale.","2147. Un Pugnale, lavoro orientale.",documents/BO0624_4466
2080,2148,Bauletto in legno con figure di paglia in colore.,2148. Bauletto in legno con figure di paglia in colore.,documents/BO0624_4466
2081,2149,Lotto di trentadue stampe di differente grandezza.,2149. Lotto di trentadue stampe di differente grandezza.,documents/BO0624_4466
2082,2150,Forbici in ferro geminato.,2150. Forbici in ferro geminato.,documents/BO0624_4466
2083,2151,Due coverture di libri in cuoio con impressione in oro.,2151. Due coverture di libri in cuoio con impressione in oro.,documents/BO0624_4466
2084,2152,Cucchiaio e forchetta in metallo dorato Luigi XIV.,2152. Cucchiaio e forchetta in metallo dorato Luigi XIV.,documents/BO0624_4466
2085,2153,Cassa da orologio in tartaruga.,2153. Cassa da orologio in tartaruga.,documents/BO0624_4466
2086,2154,Piccola culla di legno intagliato e dorato.,2154. Piccola culla di legno intagliato e dorato.,documents/BO0624_4466
2087,2155,Bassorilievo in cera su lavagna - Soggetto sacro.,2155. Bassorilievo in cera su lavagna - Soggetto sacro.,documents/BO0624_4466
2088,2156,Cinque rametti dipinti - Ritratti diversi.,2156. Cinque rametti dipinti - Ritratti diversi.,documents/BO0624_4466
2089,2157,Portapolvere in ferro del XVII secolo.,2157. Portapolvere in ferro del XVII secolo.,documents/BO0624_4466
2090,2158,Bauletto di ferro battuto.,2158. Bauletto di ferro battuto.,documents/BO0624_4466
2091,2159,Due paja di nacchere in bosso ed avorio.,2159. Due paja di nacchere in bosso ed avorio.,documents/BO0624_4466
2092,2160,Piccolo mortaio di porfido.,2160. Piccolo mortaio di porfido.,documents/BO0624_4466
2093,2161,"Tazza con coperchio, smalto sopra metallo in colori.","2161. Tazza con coperchio, smalto sopra metallo in colori.",documents/BO0624_4466
2094,I,dem. più piccola,Idem. più piccola,documents/BO0624_4466
2095,I,dem.,Idem.,documents/BO0624_4466
2096,2162,Due medaglioni in cuojo a sbalzo - S. Pietro e S. Paolo.,2162. Due medaglioni in cuojo a sbalzo - S. Pietro e S. Paolo.,documents/BO0624_4466
2097,2163,Due guardie di spade (orientale) gemmate in oro.,2163. Due guardie di spade (orientale) gemmate in oro.,documents/BO0624_4466
2098,2164,La Sacra Famiglia - Dipinto sopra lapislazzuli.,2164. La Sacra Famiglia - Dipinto sopra lapislazzuli.,documents/BO0624_4466
2099,2165,Quattro ricami su seta a colori - Soggetti della Bibbia (Impero).,2165. Quattro ricami su seta a colori - Soggetti della Bibbia (Impero).,documents/BO0624_4466
2100,2166,"Cristo in bosso, senza la Croce.","2166. Cristo in bosso, senza la Croce.",documents/BO0624_4466
2101,2167,Due pezzi di legno intagliato e dorato. Epoca Luigi XV.,2167. Due pezzi di legno intagliato e dorato. Epoca Luigi XV.,documents/BO0624_4466
2102,2168,"Lotto, collana, pajo orecchini, bracciale e pettine, di metallo smaltato.","2168. Lotto, collana, pajo orecchini, bracciale e pettine, di metallo smaltato.",documents/BO0624_4466
2103,2169,Annuario in carta con copertura di cuoio impresso.,2169. Annuario in carta con copertura di cuoio impresso.,documents/BO0624_4466
2104,2170,"Vaso in bronzo, lavoro cinese.","2170. Vaso in bronzo, lavoro cinese.",documents/BO0624_4466
2105,2171,Statuá di legno intagliata. Figura di uomo.,2171. Statuá di legno intagliata. Figura di uomo.,documents/BO0624_4466
2106,2172,"Piatto in rame smaltato, lavoro orientale.","2172. Piatto in rame smaltato, lavoro orientale.",documents/BO0624_4466
2107,2173,Dipinto sopra vetro - Il Calvario.,2173. Dipinto sopra vetro - Il Calvario.,documents/BO0624_4466
2108,2174,Lotto di cinque rametti - Dipinti vari.,2174. Lotto di cinque rametti - Dipinti vari.,documents/BO0624_4466
2109,2275,Pugnale con manico di avorio.,2275. Pugnale con manico di avorio.,documents/BO0624_4466
2110,2176,Cassetto guarnito con fregi di bronzo dorato. Epoca Luigi XIII.,2176. Cassetto guarnito con fregi di bronzo dorato. Epoca Luigi XIII.,documents/BO0624_4466
2111,2177,Due decorazioni; una in argento.,2177. Due decorazioni; una in argento.,documents/BO0624_4466
2112,2178,Due volumi di gran formato - Il Duomo di Monreale.,2178. Due volumi di gran formato - Il Duomo di Monreale.,documents/BO0624_4466
2113,2179,"Candeliere di marmo in colori, con bocciolo di bronzo dorato.","2179. Candeliere di marmo in colori, con bocciolo di bronzo dorato.",documents/BO0624_4466
2114,2180,Fregio di legno; nel centro - Vergine col Bambino - Epoca XVI secolo.,2180. Fregio di legno; nel centro - Vergine col Bambino - Epoca XVI secolo.,documents/BO0624_4466
2115,2181,Cornice di rame sbalzata e dorata.,2181. Cornice di rame sbalzata e dorata.,documents/BO0624_4466
2116,2182,Due graffiti su vetro con cornice nera - Paesaggi.,2182. Due graffiti su vetro con cornice nera - Paesaggi.,documents/BO0624_4466
2117,2183,Due quadretti in seta con cornice dorata - Soggetto saero.,2183. Due quadretti in seta con cornice dorata - Soggetto saero.,documents/BO0624_4466
2118,2184,"Lotto di nove pezzi di armi, in ferro e acciaio.","2184. Lotto di nove pezzi di armi, in ferro e acciaio.",documents/BO0624_4466
2119,2185,"Testa (Guaglione) in terra cotta, autore vivente.","2185. Testa (Guaglione) in terra cotta, autore vivente.",documents/BO0624_4466
2120,2186,Lotto di ventidue disegni di diverse epoche.,2186. Lotto di ventidue disegni di diverse epoche.,documents/BO0624_4466
2121,2187,Due piccole bilance in bronzo con fregi incisi.,2187. Due piccole bilance in bronzo con fregi incisi.,documents/BO0624_4466
2122,2188,Pipa turca in metallo smaltato.,2188. Pipa turca in metallo smaltato.,documents/BO0624_4466
2123,2189,Rame — Figura di donna - incisione a bulino.,"2189. Rame — Figura di donna - incisione a bulino.

lo 2190. Mortajo in bronzo, lavoro orientale.",documents/BO0624_4466
2124,2191,"Dodici bracciuoli, in legno noce intagliato XVI secolo.","2191. Dodici bracciuoli, in legno noce intagliato XVI secolo.

S 2192. Bassorilievo in cera. Soggetti sacri.

Le 2193. Tavolo dipinto su fondo in oro. Lavoro russo.",documents/BO0624_4466
2125,2194,Piccola daga con guardia a vela (main gauche) cesellata e dorata.,2194. Piccola daga con guardia a vela (main gauche) cesellata e dorata.,documents/BO0624_4466
2126,2195,Scatola orientale.,2195. Scatola orientale.,documents/BO0624_4466
2127,2196,Lotto di cinque stampe di diverse grandezze.,2196. Lotto di cinque stampe di diverse grandezze.,documents/BO0624_4466
2128,2197,Cassettino di cuojo con fregi dorati.,2197. Cassettino di cuojo con fregi dorati.,documents/BO0624_4466
2129,2198,Portapolvere di cuoio a sbalzo.,2198. Portapolvere di cuoio a sbalzo.,documents/BO0624_4466
2130,2199,Due placchette in rame dipinto - Soggetti mitologici.,2199. Due placchette in rame dipinto - Soggetti mitologici.,documents/BO0624_4466
2131,2200,Bassorilievo in cera - S. Girolamo — con cornice intagliata. dem S. Antonio abate.,2200. Bassorilievo in cera - S. Girolamo — con cornice intagliata. Idem S. Antonio abate.,documents/BO0624_4466
2132,2201,"Cristo senza Croce. Lavoro in bosso del XVII secolo, alt. m. 0,23.","2201. Cristo senza Croce. Lavoro in bosso del XVII secolo, alt. m. 0,23.",documents/BO0624_4466
2133,2202,Coppa di bronzo con ornati e bassorilievi cesellati.,2202. Coppa di bronzo con ornati e bassorilievi cesellati.,documents/BO0624_4466
2134,2203,Piccolo trittico in rame smaltato. Lavoro russo.,2203. Piccolo trittico in rame smaltato. Lavoro russo.,documents/BO0624_4466
2135,2204,Piccolo orologio per tavolo. Imitazione di Boule.,2204. Piccolo orologio per tavolo. Imitazione di Boule.,documents/BO0624_4466
2136,2205,Bilancia di bronzo con piccoli fregi incisi.,"2205. Bilancia di bronzo con piccoli fregi incisi.
<!-- image -->

## Strumenti",documents/BO0624_4466
2137,2206,Mandolino con incastrazione in madreperla.,2206. Mandolino con incastrazione in madreperla.,documents/BO0624_4466
2138,2207,Violino di fabbrica Tedesca (Hopf),2207. Violino di fabbrica Tedesca (Hopf),documents/BO0624_4466
2139,2208,Flauto e clarino di ebano in tre pezzi.,2208. Flauto e clarino di ebano in tre pezzi.,documents/BO0624_4466
2140,2209,"Strumento a chitarra con dodici corde, firmato Man &amp; B. London.","2209. Strumento a chitarra con dodici corde, firmato Man &amp; B. London.",documents/BO0624_4466
2141,2210,Mandolino con intarsio di avorio e madreperla.,2210. Mandolino con intarsio di avorio e madreperla.,documents/BO0624_4466
2142,2211,Un violino antico.,2211. Un violino antico.,documents/BO0624_4466
2143,2212,Un violino antico.,2212. Un violino antico.,documents/BO0624_4466
2144,2213,Chitarra francese in legno e intarsio di tartaruga.,2213. Chitarra francese in legno e intarsio di tartaruga.,documents/BO0624_4466
2145,2214,Oboè a chiavi.,2214. Oboè a chiavi.,documents/BO0624_4466
2146,2215,"Mandolino con manico, decorato a fregi incisi sopra avorio. Lavoro spagnuolo (antico).","2215. Mandolino con manico, decorato a fregi incisi sopra avorio. Lavoro spagnuolo (antico).",documents/BO0624_4466
2147,2216,"Un violino (antico) fabbrica di Cremona, con cassetto.","2216. Un violino (antico) fabbrica di Cremona, con cassetto.",documents/BO0624_4466
2148,2217,Mandolino napoletano firmato A. Vinaccia.,2217. Mandolino napoletano firmato A. Vinaccia.,documents/BO0624_4466
2149,2218,Mandolino napoletano firmato A. Fabbricatore 1865.,2218. Mandolino napoletano firmato A. Fabbricatore 1865.,documents/BO0624_4466
2150,2219,Chitarra a pancia (Chitarra battente) con intarsio.,2219. Chitarra a pancia (Chitarra battente) con intarsio.,documents/BO0624_4466
2151,2220,"Scatola con due violini, ottima conservazione, firmati Nicolaus Amatus Cremon: ecc. ecc. 1668.","2220. Scatola con due violini, ottima conservazione, firmati Nicolaus Amatus Cremon: ecc. ecc. 1668.",documents/BO0624_4466
2152,2221,"Istrumento a forma di mandola; firmato Levien ( Epoca di Car-"" lo III).","2221. Istrumento a forma di mandola; firmato Levien ( Epoca di Car-"" lo III).",documents/BO0624_4466
2153,2222,Mandolino napoletano Fir. Donatus Filano 1783.,2222. Mandolino napoletano Fir. Donatus Filano 1783.,documents/BO0624_4466
2154,2223,Salterio in legno dorato (XVI secolo).,2223. Salterio in legno dorato (XVI secolo).,documents/BO0624_4466
2155,2224,Mandolino napoletano Fir. Donatus Filano 1786,2224. Mandolino napoletano Fir. Donatus Filano 1786,documents/BO0624_4466
2156,2225,Mandolino napoletano con incastrazione di avorio e madreperla. kir. A. maccro 1785.,2225. Mandolino napoletano con incastrazione di avorio e madreperla. kir. A. maccro 1785.,documents/BO0624_4466
2157,2226,Ghironda decorata con manico a fregi e testina di legno intagliato. Epoca Luigi XIV.,2226. Ghironda decorata con manico a fregi e testina di legno intagliato. Epoca Luigi XIV.,documents/BO0624_4466
2158,2227,Arpa con intagli e dipinti a fiori Fir. Simon à Paris (Epoca Luigi XIV.,2227. Arpa con intagli e dipinti a fiori Fir. Simon à Paris (Epoca Luigi XIV.,documents/BO0624_4466
2159,2220,Mandolno napoletano.,2220. Mandolno napoletano.,documents/BO0624_4466
2160,2229,Mandolino in legno con incastrazione di madreperla e tartaruga. Lavoro napoletano (antico).,2229. Mandolino in legno con incastrazione di madreperla e tartaruga. Lavoro napoletano (antico).,documents/BO0624_4466
2161,2250,Piccolo Salterio a quindici corde.,2250. Piccolo Salterio a quindici corde.,documents/BO0624_4466
2162,2231,Violino (antico) con archetto.,2231. Violino (antico) con archetto.,documents/BO0624_4466
2163,2232,Mandolino Spagnuolo con intarsio di ebano e avorio.,2232. Mandolino Spagnuolo con intarsio di ebano e avorio.,documents/BO0624_4466
2164,2200,lrova-corde - Istrumento per fabbricante di piano-forte.,2200. lrova-corde - Istrumento per fabbricante di piano-forte.,documents/BO0624_4466
2165,2234,Mandola con ornati in avorio e madreperla.,"2234. Mandola con ornati in avorio e madreperla.

<!-- image -->
<!-- image -->

## Pastori ed Oggetti da Presepe",documents/BO0624_4466
2166,2235,Angelo di legno scolpito del De Vivo.,2235. Angelo di legno scolpito del De Vivo.,documents/BO0624_4466
2167,2236,Donna con bambino. Terra cotta colorata del Mosca.,2236. Donna con bambino. Terra cotta colorata del Mosca.,documents/BO0624_4466
2168,2237,Angiolo in legno scolpito e colorato del Gori.,2237. Angiolo in legno scolpito e colorato del Gori.,documents/BO0624_4466
2169,2238,Un contadino. Pastore vestito.,2238. Un contadino. Pastore vestito.,documents/BO0624_4466
2170,2239,Chitarra francese di tartaruga incastrata di madreperla.,2239. Chitarra francese di tartaruga incastrata di madreperla.,documents/BO0624_4466
2171,2240,Piccolo pescatore del Bagnasco.,2240. Piccolo pescatore del Bagnasco.,documents/BO0624_4466
2172,2241,Suonatore di sampogna del Matera.,2241. Suonatore di sampogna del Matera.,documents/BO0624_4466
2173,2242,Un Moro del Bagnasco.,2242. Un Moro del Bagnasco.,documents/BO0624_4466
2174,2243,Piccola testa di Cherubino.,2243. Piccola testa di Cherubino.,documents/BO0624_4466
2175,2244,Pastore dormente del Matera.,2244. Pastore dormente del Matera.,documents/BO0624_4466
2176,2245,Cinque piccoli pastori in terra cotta.,2245. Cinque piccoli pastori in terra cotta.,documents/BO0624_4466
2177,2246,"Gruppo di Cherubini, terra cotta colorata.","2246. Gruppo di Cherubini, terra cotta colorata.",documents/BO0624_4466
2178,2347,Puttino in legno scolpito e dipinto del Mosca.,2347. Puttino in legno scolpito e dipinto del Mosca.,documents/BO0624_4466
2179,2248,Angelo in legno scolpito del Mosca.,2248. Angelo in legno scolpito del Mosca.,documents/BO0624_4466
2180,2249,Pastore vestito su base. Un contadino.,2249. Pastore vestito su base. Un contadino.,documents/BO0624_4466
2181,2250,Piccolo violino in legno.,2250. Piccolo violino in legno.,documents/BO0624_4466
2182,2251,Donna con bambino. Terracotta in colore del Gori.,2251. Donna con bambino. Terracotta in colore del Gori.,documents/BO0624_4466
2183,2252,"La Strage degl'Innocenti, del Matera.","2252. La Strage degl'Innocenti, del Matera.",documents/BO0624_4466
2184,2253,Una pecora in terra cotta colorata.,2253. Una pecora in terra cotta colorata.,documents/BO0624_4466
2185,2254,Pastore in terra cotta colorata del Mosca.,2254. Pastore in terra cotta colorata del Mosca.,documents/BO0624_4466
2186,2255,Donna con anfora del Matera.,2255. Donna con anfora del Matera.,documents/BO0624_4466
2187,2256,"Contadino con mantello, terra cotta colorata","2256. Contadino con mantello, terra cotta colorata",documents/BO0624_4466
2188,2257,Testa di Cherubino in terra cotta colorata del Mosca,2257. Testa di Cherubino in terra cotta colorata del Mosca,documents/BO0624_4466
2189,2258,Puttino in legno scolpito e dipinto del Bottigliero.,2258. Puttino in legno scolpito e dipinto del Bottigliero.,documents/BO0624_4466
2190,2209,vecchio seduto. Grande figura in terra cotta.,2209. vecchio seduto. Grande figura in terra cotta.,documents/BO0624_4466
2191,2260,Bambino in terra cotta.,2260. Bambino in terra cotta.,documents/BO0624_4466
2192,2261,"Angelo in legno, scolpito dal Mosca","2261. Angelo in legno, scolpito dal Mosca",documents/BO0624_4466
2193,2262,Un contadino.,2262. Un contadino.,documents/BO0624_4466
2194,2263,Piccola chitarra,2263. Piccola chitarra,documents/BO0624_4466
2195,2204,Donna con bambino. del Bagnasco,2204. Donna con bambino. del Bagnasco,documents/BO0624_4466
2196,2265,"Venditrice di formaggi, del Matera","2265. Venditrice di formaggi, del Matera",documents/BO0624_4466
2197,2200,"rastore seduto, in terra cotta colorata. del Mosca","2200. rastore seduto, in terra cotta colorata. del Mosca",documents/BO0624_4466
2198,2267,Due teste di Cherubini in terra cotta colorata.,2267. Due teste di Cherubini in terra cotta colorata.,documents/BO0624_4466
2199,22,bo. lastore seduto. del Matera.,22bo. lastore seduto. del Matera.,documents/BO0624_4466
2200,2269,"Povero, figura intera, terra cotta in colore.","2269. Povero, figura intera, terra cotta in colore.",documents/BO0624_4466
2201,2210,Testa di Cherubino in terra cotta. del Mosca,2210. Testa di Cherubino in terra cotta. del Mosca,documents/BO0624_4466
2202,2211,Pastore in legno scolpito e dipinto.,2211. Pastore in legno scolpito e dipinto.,documents/BO0624_4466
2203,2272,Pastore vestito. Una giorgiana.,2272. Pastore vestito. Una giorgiana.,documents/BO0624_4466
2204,221,o. bambino in legno scolpito,221o. bambino in legno scolpito,documents/BO0624_4466
2205,2274,Un Angiolo in legno scolpito.,2274. Un Angiolo in legno scolpito.,documents/BO0624_4466
2206,2275,"Figura di Donna con paniere, terra cotta.","2275. Figura di Donna con paniere, terra cotta.",documents/BO0624_4466
2207,2276,Piccolo mandolno in tartaruga.,2276. Piccolo mandolno in tartaruga.,documents/BO0624_4466
2208,2277,Un ussero del Bagnasco.,2277. Un ussero del Bagnasco.,documents/BO0624_4466
2209,2278,"Povero con ragazzo, del Matera.","2278. Povero con ragazzo, del Matera.",documents/BO0624_4466
2210,2279,"Una pecora rampante, terra cotta, dell'Ingaldi","2279. Una pecora rampante, terra cotta, dell'Ingaldi",documents/BO0624_4466
2211,2280,Figura nuda terracotta colorata.,2280. Figura nuda terracotta colorata.,documents/BO0624_4466
2212,2281,"Gruppetto di due donne, del Matera.","2281. Gruppetto di due donne, del Matera.",documents/BO0624_4466
2213,2282,"Contadino in terra cotta colorata, del Gori","2282. Contadino in terra cotta colorata, del Gori",documents/BO0624_4466
2214,2283,Cinque teste di Cherubini in terra cotta colorata del Bottigliero,2283. Cinque teste di Cherubini in terra cotta colorata del Bottigliero,documents/BO0624_4466
2215,2204,Luttino in legno scolpito,2204. Luttino in legno scolpito,documents/BO0624_4466
2216,2285,Gruppo due puttini in terracotta.,"2285.

Gruppo due puttini in terracotta.",documents/BO0624_4466
2217,2286,Una contadina. Pastore vestito.,2286. Una contadina. Pastore vestito.,documents/BO0624_4466
2218,2201,"Angiolo in legno, del Mosca.","2201. Angiolo in legno, del Mosca.",documents/BO0624_4466
2219,2288,Pastore vestito. Una contadina,2288. Pastore vestito. Una contadina,documents/BO0624_4466
2220,2209,Liceola chitarra.,2209. Liceola chitarra.,documents/BO0624_4466
2221,2290,Statuetta di donna in terracotta colorata del sammaruno.,2290. Statuetta di donna in terracotta colorata del sammaruno.,documents/BO0624_4466
2222,2291,Vergine col Bambino del Matera.,2291. Vergine col Bambino del Matera.,documents/BO0624_4466
2223,2292,Contadino del Bagnasco,2292. Contadino del Bagnasco,documents/BO0624_4466
2224,2293,"Figurina in terra cotta colorata, un venditore, del Sammartino.","2293. Figurina in terra cotta colorata, un venditore, del Sammartino.",documents/BO0624_4466
2225,2294,"Una donna con polli, del Matera.","2294. Una donna con polli, del Matera.",documents/BO0624_4466
2226,2295,"Un contadino con cesta, terra cotta colorata.","2295. Un contadino con cesta, terra cotta colorata.",documents/BO0624_4466
2227,2296,Gruppo di quattro Cherubini in terra cotta colorata del Mosca.,2296. Gruppo di quattro Cherubini in terra cotta colorata del Mosca.,documents/BO0624_4466
2228,2297,Puttino in legno scolpito e colorato del Gori.,2297. Puttino in legno scolpito e colorato del Gori.,documents/BO0624_4466
2229,2298,Gruppo di Amorini in terracotta colorata.,2298. Gruppo di Amorini in terracotta colorata.,documents/BO0624_4466
2230,2299,Pastore vestito. Una contadina.,2299. Pastore vestito. Una contadina.,documents/BO0624_4466
2231,2300,Gruppo di due Angioli.,2300. Gruppo di due Angioli.,documents/BO0624_4466
2232,2301,Un contadino. Pastore vestito.,2301. Un contadino. Pastore vestito.,documents/BO0624_4466
2233,2302,Piccolo violino.,2302. Piccolo violino.,documents/BO0624_4466
2234,2303,"Gruppo in terracotta colorata - Donna con bambino su di uno scoglio, del Sammartino.","2303. Gruppo in terracotta colorata - Donna con bambino su di uno scoglio, del Sammartino.",documents/BO0624_4466
2235,2304,Gruppo di Magi del Matera.,2304. Gruppo di Magi del Matera.,documents/BO0624_4466
2236,2305,Gruppo di quattro pecore in terracotta colorata dell' Ingaldi.,2305. Gruppo di quattro pecore in terracotta colorata dell' Ingaldi.,documents/BO0624_4466
2237,2306,Contadino con manto. Terracotta colorata.,2306. Contadino con manto. Terracotta colorata.,documents/BO0624_4466
2238,2307,La Strage degl' Innocenti del Matera.,2307. La Strage degl' Innocenti del Matera.,documents/BO0624_4466
2239,2308,Uuomo avvolto nel mantello - Statuetta in terra cotta del Sam-,"2308. Uuomo avvolto nel mantello - Statuetta in terra cotta del Sam-

Marano.",documents/BO0624_4466
2240,2309,Gruppo di tre Cherubini in terra cotta colorata.,2309. Gruppo di tre Cherubini in terra cotta colorata.,documents/BO0624_4466
2241,2310,Putto di legno scolpito dal Gori,2310. Putto di legno scolpito dal Gori,documents/BO0624_4466
2242,2311,Puttino in terra cotta colorata.,2311. Puttino in terra cotta colorata.,documents/BO0624_4466
2243,2312,Pastore vestito - Figura di donna.,2312. Pastore vestito - Figura di donna.,documents/BO0624_4466
2244,2313,Pastore in terracotta.,2313. Pastore in terracotta.,documents/BO0624_4466
2245,2314,"Angiolo di Presepe, dipinto dal Mosca.","2314. Angiolo di Presepe, dipinto dal Mosca.",documents/BO0624_4466
2246,2315,Idem,2315. Idem,documents/BO0624_4466
2247,2316,Idem,2316. Idem,documents/BO0624_4466
2248,2317,Gruppo di due figure con pecora del Matera.,2317. Gruppo di due figure con pecora del Matera.,documents/BO0624_4466
2249,2318,Due legumi — Terracotta colorata.,2318. Due legumi — Terracotta colorata.,documents/BO0624_4466
2250,2319,Figura di uomo seduto - Terra cotta in colori del Celebrano.,2319. Figura di uomo seduto - Terra cotta in colori del Celebrano.,documents/BO0624_4466
2251,2320,La Vergine col Bambino del Matera.,2320. La Vergine col Bambino del Matera.,documents/BO0624_4466
2252,2321,Contadino - modello in terra cotta.,2321. Contadino - modello in terra cotta.,documents/BO0624_4466
2253,2322,Due teste Cherubini in terra cotta.,2322. Due teste Cherubini in terra cotta.,documents/BO0624_4466
2254,2323,"Puttino in legno, scolpito dal Gori.","2323. Puttino in legno, scolpito dal Gori.",documents/BO0624_4466
2255,2324,Pastore vestito - Figure di uomo.,2324. Pastore vestito - Figure di uomo.,documents/BO0624_4466
2256,2325,Talabalacco per presepe di avorio.,2325. Talabalacco per presepe di avorio.,documents/BO0624_4466
2257,2326,Cavallo bardato del Bagnasco.,2326. Cavallo bardato del Bagnasco.,documents/BO0624_4466
2258,2327,Putto in terra cotta colorata del Mosca.,2327. Putto in terra cotta colorata del Mosca.,documents/BO0624_4466
2259,2328,Pastore vestito - Una giorgiana del sammartino,2328. Pastore vestito - Una giorgiana del sammartino,documents/BO0624_4466
2260,2329,Due angioli in legno scolpito.,2329. Due angioli in legno scolpito.,documents/BO0624_4466
2261,2330,"Un sampognaro — Pastore vestito, del Gori.","2330. Un sampognaro — Pastore vestito, del Gori.",documents/BO0624_4466
2262,2501,"Talabalacco per presepe, di legno.","2501. Talabalacco per presepe, di legno.",documents/BO0624_4466
2263,2332,"Pastore in ginocchio, del Bagnasco.","2332. Pastore in ginocchio, del Bagnasco.",documents/BO0624_4466
2264,2333,Gruppo con sei figure - La Strage degli Innocenti del Matera,2333. Gruppo con sei figure - La Strage degli Innocenti del Matera,documents/BO0624_4466
2265,2004,Gruppo di due capre in terra cotta.,2004. Gruppo di due capre in terra cotta.,documents/BO0624_4466
2266,2335,"Figura di giovanetto coricato, terra cotta del sammartino","2335. Figura di giovanetto coricato, terra cotta del sammartino",documents/BO0624_4466
2267,2500,"Un povero in ginocchio, del Matera.","2500. Un povero in ginocchio, del Matera.",documents/BO0624_4466
2268,2337,Pastore in terra cotta colorata.,2337. Pastore in terra cotta colorata.,documents/BO0624_4466
2269,200,"o. Gruppo di due testine, Cherubini, in terra cotta","200o. Gruppo di due testine, Cherubini, in terra cotta",documents/BO0624_4466
2270,2339,Un putto in legno scolpito.,2339. Un putto in legno scolpito.,documents/BO0624_4466
2271,2040,Gruppo di Angioletti e Cherubini di legno dipinto sopra base do,2040. Gruppo di Angioletti e Cherubini di legno dipinto sopra base do,documents/BO0624_4466
2272,1912,- Lavoro del Gori.,1912 - Lavoro del Gori.,documents/BO0624_4466
2273,2341,Gruppo di due puttini terra cotta colorata.,2341. Gruppo di due puttini terra cotta colorata.,documents/BO0624_4466
2274,2342,Un contadino-Pastore vestito del Gori.,2342. Un contadino-Pastore vestito del Gori.,documents/BO0624_4466
2275,2343,Lotto di quattro piecoli mandolini.,2343. Lotto di quattro piecoli mandolini.,documents/BO0624_4466
2276,2544,"D. Gluseppe, del Matera.","2544. D. Gluseppe, del Matera.",documents/BO0624_4466
2277,2315,Gruppo di sedici pecore in terracotta colorata dell'Ingaldi.,2315. Gruppo di sedici pecore in terracotta colorata dell'Ingaldi.,documents/BO0624_4466
2278,2346,Uno de' Re Magi del Bagnasco.,2346. Uno de' Re Magi del Bagnasco.,documents/BO0624_4466
2279,2347,"Vecchio vestito, in terra cotta del Gori.","2347. Vecchio vestito, in terra cotta del Gori.",documents/BO0624_4466
2280,2040,Un contadino. del Matera.,2040. Un contadino. del Matera.,documents/BO0624_4466
2281,2349,Pastore in terra cotta colorata con base nera,2349. Pastore in terra cotta colorata con base nera,documents/BO0624_4466
2282,2350,"Una giorgiana - Pastore vestito, in terra cotta. del Gori","2350. Una giorgiana - Pastore vestito, in terra cotta. del Gori",documents/BO0624_4466
2283,2301,Due testine riunite di Cherubini in terra cotta.,2301. Due testine riunite di Cherubini in terra cotta.,documents/BO0624_4466
2284,200,z. un putto in legno scolpito.,200z. un putto in legno scolpito.,documents/BO0624_4466
2285,2353,Putto in terra cotta colorata.,2353. Putto in terra cotta colorata.,documents/BO0624_4466
2286,2354,"Una giorgiana con vestito verde, del Sammartino","2354. Una giorgiana con vestito verde, del Sammartino",documents/BO0624_4466
2287,2350,Due Angioli in legno scolpito.,2350. Due Angioli in legno scolpito.,documents/BO0624_4466
2288,2000,"rastore vestito in terra cotta colorata, del or1.","2000. rastore vestito in terra cotta colorata, del or1.",documents/BO0624_4466
2289,2357,Lotto di otto strumenti per presepe,2357. Lotto di otto strumenti per presepe,documents/BO0624_4466
2290,2358,"Statua in terra cotta del Sammartino - Abbondanza - alt. m. 0,50","2358. Statua in terra cotta del Sammartino - Abbondanza - alt. m. 0,50",documents/BO0624_4466
2291,2,"o0y. un pescatore, del Matera.","2o0y. un pescatore, del Matera.",documents/BO0624_4466
2292,2360,Panierino con fichi in cera.,2360. Panierino con fichi in cera.,documents/BO0624_4466
2293,2361,"Povero in terra cotta colorata, del Mosca.","2361. Povero in terra cotta colorata, del Mosca.",documents/BO0624_4466
2294,2362,"Figura di uomo, del Matera","2362. Figura di uomo, del Matera",documents/BO0624_4466
2295,2363,Pastore in terra cotta colorata su base nera.,2363. Pastore in terra cotta colorata su base nera.,documents/BO0624_4466
2296,2364,Due testine di Cherubin in terra cotta,2364 Due testine di Cherubin in terra cotta,documents/BO0624_4466
2297,2365,"Puttino in legno scolpito, del Mosca.","2365. Puttino in legno scolpito, del Mosca.",documents/BO0624_4466
2298,2366,Bambino in terracotta.,2366. Bambino in terracotta.,documents/BO0624_4466
2299,2367,Un Bambino in legno scolpito e dipinto.,2367. Un Bambino in legno scolpito e dipinto.,documents/BO0624_4466
2300,2368,"Angiolo in legno scolpito, del Mosca.","2368. Angiolo in legno scolpito, del Mosca.",documents/BO0624_4466
2301,2369,Un contadino - Pastore vestito.,2369. Un contadino - Pastore vestito.,documents/BO0624_4466
2302,2370,Chitarra in tartaruga,2370. Chitarra in tartaruga,documents/BO0624_4466
2303,2371,"Cavallo bardato, del Bagnasco.","2371. Cavallo bardato, del Bagnasco.",documents/BO0624_4466
2304,2372,"Figurina di donna, del Matera.","2372. Figurina di donna, del Matera.",documents/BO0624_4466
2305,2373,"Donna con gallina, del Bagnasco.","2373. Donna con gallina, del Bagnasco.",documents/BO0624_4466
2306,2374,Suonatore di sampogna. Terra cotta del Celebrano.,2374. Suonatore di sampogna. Terra cotta del Celebrano.,documents/BO0624_4466
2307,2375,"Figura di paggetto, del Bagnasco.","2375. Figura di paggetto, del Bagnasco.",documents/BO0624_4466
2308,2376,Un mendicante. Teracotta colorata.,2376. Un mendicante. Teracotta colorata.,documents/BO0624_4466
2309,2377,Testa di Cherubino in terra cotta colorata del Mosca.,2377. Testa di Cherubino in terra cotta colorata del Mosca.,documents/BO0624_4466
2310,2378,"Puttino in legno scolpito e dipinto, del Bottigliero.","2378. Puttino in legno scolpito e dipinto, del Bottigliero.",documents/BO0624_4466
2311,2379,Una contadina - Pastore vestito — del Mosca.,2379. Una contadina - Pastore vestito — del Mosca.,documents/BO0624_4466
2312,2380,Piccolo Bambino in legno scolpito.,2380. Piccolo Bambino in legno scolpito.,documents/BO0624_4466
2313,2381,Angiolo di legno scolpito.,2381. Angiolo di legno scolpito.,documents/BO0624_4466
2314,2382,"Pastore vestito, un contadino, del Gori.","2382. Pastore vestito, un contadino, del Gori.",documents/BO0624_4466
2315,2383,Chitarra di tartaruga.,2383. Chitarra di tartaruga.,documents/BO0624_4466
2316,2284,"Piccola figura di guerriero, del Bagnasco.","2284. Piccola figura di guerriero, del Bagnasco.",documents/BO0624_4466
2317,2385,"Figura di donna, del Matera.","2385. Figura di donna, del Matera.",documents/BO0624_4466
2318,2386,Un piccolo gatto in legno scolpito.,2386. Un piccolo gatto in legno scolpito.,documents/BO0624_4466
2319,2387,Due teste di Cherubino in terra cotta.,2387. Due teste di Cherubino in terra cotta.,documents/BO0624_4466
2320,2388,"Donna con mantello, del Matera.","2388. Donna con mantello, del Matera.",documents/BO0624_4466
2321,2389,Un contadino dormente. Terracotta colorata del Mosca.,2389. Un contadino dormente. Terracotta colorata del Mosca.,documents/BO0624_4466
2322,2390,"Cherubino in terra cotta colorata, del Mosca.","2390. Cherubino in terra cotta colorata, del Mosca.",documents/BO0624_4466
2323,2391,Puttino in legno scolpito e dipinto del Mosca.,2391. Puttino in legno scolpito e dipinto del Mosca.,documents/BO0624_4466
2324,2392,"Una giorgiana. Pastore vestito, del Gori.","2392. Una giorgiana. Pastore vestito, del Gori.",documents/BO0624_4466
2325,2393,"Donna in terra cotta su base di legno, del Gori.","2393. Donna in terra cotta su base di legno, del Gori.",documents/BO0624_4466
2326,2394,Angelo di legno scolpito,2394. Angelo di legno scolpito,documents/BO0624_4466
2327,2395,Contadino vestito su base.,2395. Contadino vestito su base.,documents/BO0624_4466
2328,2396,"Arpa, per presepe, in legno.","2396. Arpa, per presepe, in legno.",documents/BO0624_4466
2329,2397,"Gruppo, guerriero e donna del Bagnasco.","2397. Gruppo, guerriero e donna del Bagnasco.",documents/BO0624_4466
2330,2398,Pastore su di un sasso del Matera.,2398. Pastore su di un sasso del Matera.,documents/BO0624_4466
2331,2399,Pecora sdrajata - Terra cotta dell'Ingaldi.,2399. Pecora sdrajata - Terra cotta dell'Ingaldi.,documents/BO0624_4466
2332,2400,"Due teste di Cherubini in terra cotta, del Bottigliero.","2400. Due teste di Cherubini in terra cotta, del Bottigliero.",documents/BO0624_4466
2333,2401,Gruppo — La strage degl' Innocenti — del Matera.,2401. Gruppo — La strage degl' Innocenti — del Matera.,documents/BO0624_4466
2334,2402,Un contadino - Terra cotta colorata.,2402. Un contadino - Terra cotta colorata.,documents/BO0624_4466
2335,2403,Gruppo di tre testine di Angioli in terra cotta colorata.,2403. Gruppo di tre testine di Angioli in terra cotta colorata.,documents/BO0624_4466
2336,2404,"Puttino in legno scolpito e dipinto, del Mosca.","2404. Puttino in legno scolpito e dipinto, del Mosca.",documents/BO0624_4466
2337,2405,"Donna vestita in terra cotta, del Mosca.","2405.

Donna vestita in terra cotta, del Mosca.",documents/BO0624_4466
2338,2406,Due Angioli in legno scolpito.,2406. Due Angioli in legno scolpito.,documents/BO0624_4466
2339,2407,"Un pezzente. Pastore vestito, del Mosca.","2407. Un pezzente. Pastore vestito, del Mosca.",documents/BO0624_4466
2340,2408,Piccola chitarra per presepe.,2408. Piccola chitarra per presepe.,documents/BO0624_4466
2341,2409,Piccolo mandolino,2409. Piccolo mandolino,documents/BO0624_4466
2342,2410,"Donna con cesta, del Bagnasco.","2410. Donna con cesta, del Bagnasco.",documents/BO0624_4466
2343,2411,"Piccolo pastore dormente, del Matera.","2411. Piccolo pastore dormente, del Matera.",documents/BO0624_4466
2344,2412,Uomo in ginocchio. Statuetta in terra cotta colorata del Gori.,2412. Uomo in ginocchio. Statuetta in terra cotta colorata del Gori.,documents/BO0624_4466
2345,2413,Contadino - Terra cotta colorata del Gori.,2413. Contadino - Terra cotta colorata del Gori.,documents/BO0624_4466
2346,2414,Gruppo. Figure di donne del Matera.,2414. Gruppo. Figure di donne del Matera.,documents/BO0624_4466
2347,2415,Idem.,2415. Idem.,documents/BO0624_4466
2348,2416,Gruppo di due figure. Terra cotta in colore.,2416. Gruppo di due figure. Terra cotta in colore.,documents/BO0624_4466
2349,2417,Due testine di Angioli in terra cotta colorata.,2417. Due testine di Angioli in terra cotta colorata.,documents/BO0624_4466
2350,2418,"Puttino in legno scolpito e dipinto, del Mosca.","2418. Puttino in legno scolpito e dipinto, del Mosca.",documents/BO0624_4466
2351,2419,"S. Giuseppe, del Matera.","2419. S. Giuseppe, del Matera.",documents/BO0624_4466
2352,2420,"Donna vestita in terra cotta su base, del Gori.","2420. Donna vestita in terra cotta su base, del Gori.",documents/BO0624_4466
2353,2421,"Angelo in legno, di De Vivo.","2421. Angelo in legno, di De Vivo.",documents/BO0624_4466
2354,2422,Un vecchio con gozzo. Pastore del Gori.,2422. Un vecchio con gozzo. Pastore del Gori.,documents/BO0624_4466
2355,2423,Mandolino per presepe.,2423. Mandolino per presepe.,documents/BO0624_4466
2356,2424,Idem,2424. Idem,documents/BO0624_4466
2357,2425,"Statua in terra cotta. Donna del popolo, del Sammartino.","2425. Statua in terra cotta. Donna del popolo, del Sammartino.",documents/BO0624_4466
2358,2426,"Gruppo di quattro figure, del Matera. bis Cane levriero in terra cotta colorata.","2426. Gruppo di quattro figure, del Matera. 2426. bis Cane levriero in terra cotta colorata.",documents/BO0624_4466
2359,2427,Angiolo in terra cotta colorata del Mosca.,2427. Angiolo in terra cotta colorata del Mosca.,documents/BO0624_4466
2360,2428,Suonatore di sampogna del Matera.,2428. Suonatore di sampogna del Matera.,documents/BO0624_4466
2361,2429,Gruppo di mendicanti in terra cotta colorata.,2429. Gruppo di mendicanti in terra cotta colorata.,documents/BO0624_4466
2362,2430,"Gruppo di Cherubini, terracotta colorata.","2430. Gruppo di Cherubini, terracotta colorata.",documents/BO0624_4466
2363,2431,Putto in legno scolpito e dipinto del Bottigliero.,2431. Putto in legno scolpito e dipinto del Bottigliero.,documents/BO0624_4466
2364,2432,Due cestini con frutta di cera.,2432. Due cestini con frutta di cera.,documents/BO0624_4466
2365,2433,"Donna in piedi, terracotta colorata del Gori.","2433. Donna in piedi, terracotta colorata del Gori.",documents/BO0624_4466
2366,2434,"Angiolo in legno scolpito e colorato, del Sammartino.","2434. Angiolo in legno scolpito e colorato, del Sammartino.",documents/BO0624_4466
2367,2435,Pastore vestito - Un contadino.,2435. Pastore vestito - Un contadino.,documents/BO0624_4466
2368,2406,Mandonno al legno e tartaruga,2406. Mandonno al legno e tartaruga,documents/BO0624_4466
2369,2437,Due Angioli in legno scolpito e dipinto. Bellissimo lavoro del,"2437. Due Angioli in legno scolpito e dipinto. Bellissimo lavoro del

De Vivo, alt. m. 0,44",documents/BO0624_4466
2370,2438,Vecchio con pecora del Matera,2438. Vecchio con pecora del Matera,documents/BO0624_4466
2371,2439,Galinaccio in terracotta su base di legno,2439. Galinaccio in terracotta su base di legno,documents/BO0624_4466
2372,2440,Pastore con panierino in terracotta colorato dal Mosca,2440. Pastore con panierino in terracotta colorato dal Mosca,documents/BO0624_4466
2373,2441,Suonatore di sampogna del Matera,2441. Suonatore di sampogna del Matera,documents/BO0624_4466
2374,2442,Pastore vestito in terracotta colorata del tor.,2442. Pastore vestito in terracotta colorata del tor.,documents/BO0624_4466
2375,2443,Gruppo di Cherubini in terracotta colorata.,2443. Gruppo di Cherubini in terracotta colorata.,documents/BO0624_4466
2376,2444,Luttino in legno scolpito e dipinto.,2444. Luttino in legno scolpito e dipinto.,documents/BO0624_4466
2377,2445,Un contadino. Pastore vestito del Mosca,2445. Un contadino. Pastore vestito del Mosca,documents/BO0624_4466
2378,2440,Una vecchia. Terracotta colorata.,2440. Una vecchia. Terracotta colorata.,documents/BO0624_4466
2379,2447,"Angiolo vestito di bianco in legno scolpito, del Mosca.","2447. Angiolo vestito di bianco in legno scolpito, del Mosca.",documents/BO0624_4466
2380,2448,Un vecchio. Pastore vestito.,2448. Un vecchio. Pastore vestito.,documents/BO0624_4466
2381,2449,Chitarra di tartaruga e madreperia,2449. Chitarra di tartaruga e madreperia,documents/BO0624_4466
2382,2450,Gruppetto di ragazzi con galline. Terracotta del Sammartino,2450. Gruppetto di ragazzi con galline. Terracotta del Sammartino,documents/BO0624_4466
2383,2451,Donna e bambino del Matera.,2451. Donna e bambino del Matera.,documents/BO0624_4466
2384,2452,Donna con capretta del Bagnasco,2452. Donna con capretta del Bagnasco,documents/BO0624_4466
2385,2453,Testa di Cherubino in terra cotta colorata,2453. Testa di Cherubino in terra cotta colorata,documents/BO0624_4466
2386,2454,Donna con bambino del Matera,2454. Donna con bambino del Matera,documents/BO0624_4466
2387,2455,Figurina. Un contadino di terracotta colorata,2455. Figurina. Un contadino di terracotta colorata,documents/BO0624_4466
2388,2456,"Puttino in legno scolpito e colorato, del Mosca","2456. Puttino in legno scolpito e colorato, del Mosca",documents/BO0624_4466
2389,2457,Gruppo di due teste di Cherubini in legno.,2457. Gruppo di due teste di Cherubini in legno.,documents/BO0624_4466
2390,2400,lastore in ginoechio del Matera,2400. lastore in ginoechio del Matera,documents/BO0624_4466
2391,2459,Donna con canestro. terracotta colorata,2459. Donna con canestro. terracotta colorata,documents/BO0624_4466
2392,2400,"Angiolo in legno scolpito e dipinto, del Mosca","2400. Angiolo in legno scolpito e dipinto, del Mosca",documents/BO0624_4466
2393,2401,Pastore vestito - Un moro.,2401. Pastore vestito - Un moro.,documents/BO0624_4466
2394,2462,Mandolino di tartaruga con incastro di madreperla.,2462. Mandolino di tartaruga con incastro di madreperla.,documents/BO0624_4466
2395,I,dem,Idem,documents/BO0624_4466
2396,I,dem più grande,Idem più grande,documents/BO0624_4466
2397,2403,"Gruppo di ragazzi, del Bagnasco","2403. Gruppo di ragazzi, del Bagnasco",documents/BO0624_4466
2398,2464,Gruppo di Magi del Matera.,2464. Gruppo di Magi del Matera.,documents/BO0624_4466
2399,2465,Statua in terracotta figura di donna con manto bleu. del Sammartino.,2465. Statua in terracotta figura di donna con manto bleu. del Sammartino.,documents/BO0624_4466
2400,2466,"Li Immacolata con base di legno intarsiata, Lavoro napoletano.","2466. Li Immacolata con base di legno intarsiata, Lavoro napoletano.",documents/BO0624_4466
2401,2401,Figura di uomo del Matera,2401. Figura di uomo del Matera,documents/BO0624_4466
2402,2468,Contadino in terracotta colorata,2468. Contadino in terracotta colorata,documents/BO0624_4466
2403,2469,Angiolo in terracotta colorata del Mosca.,2469. Angiolo in terracotta colorata del Mosca.,documents/BO0624_4466
2404,2470,Gruppo di due puttini in legno scolpito del Gori.,2470. Gruppo di due puttini in legno scolpito del Gori.,documents/BO0624_4466
2405,2471,Donna con bambino. Figura in terra cotta colorata del Mosca.,2471. Donna con bambino. Figura in terra cotta colorata del Mosca.,documents/BO0624_4466
2406,2472,Povero con bisaccia del Matera.,2472. Povero con bisaccia del Matera.,documents/BO0624_4466
2407,2473,"Mandola, di tartaruga incastrata di madreperla.","2473. Mandola, di tartaruga incastrata di madreperla.",documents/BO0624_4466
2408,2474,Pastore vestito. Un vecchio del Mosca.,2474. Pastore vestito. Un vecchio del Mosca.,documents/BO0624_4466
2409,2475,Donna con fascine. Terra cotta colorata del Celebrano.,2475. Donna con fascine. Terra cotta colorata del Celebrano.,documents/BO0624_4466
2410,2476,La Vergine col Bambino del Matera.,2476. La Vergine col Bambino del Matera.,documents/BO0624_4466
2411,2477,Gallina in terra cotta colorata.,2477. Gallina in terra cotta colorata.,documents/BO0624_4466
2412,2478,S. Giuseppe - Pastore in legno vestito.,2478. S. Giuseppe - Pastore in legno vestito.,documents/BO0624_4466
2413,2479,Puttino in legno scolpito e dipinto del Mosca.,2479. Puttino in legno scolpito e dipinto del Mosca.,documents/BO0624_4466
2414,2480,Piccola vacca con ragazzo del Matera.,2480. Piccola vacca con ragazzo del Matera.,documents/BO0624_4466
2415,2481,Suonatore di ciaramella. Terra cotta colorata.,2481. Suonatore di ciaramella. Terra cotta colorata.,documents/BO0624_4466
2416,2482,Angiolo vestito in legno scolpito del Mosca.,2482. Angiolo vestito in legno scolpito del Mosca.,documents/BO0624_4466
2417,2483,Testa di cherubino di legno scolpito.,2483. Testa di cherubino di legno scolpito.,documents/BO0624_4466
2418,2484,Bel gruppo - Una contadina a cavallo e bambini. - Terracotta colorata dell' Ingaldi.,2484. Bel gruppo - Una contadina a cavallo e bambini. - Terracotta colorata dell' Ingaldi.,documents/BO0624_4466
2419,2485,Lotto di quattro angeli di legno.,2485. Lotto di quattro angeli di legno.,documents/BO0624_4466
2420,2486,Un contadino. Pastore vestito.,2486. Un contadino. Pastore vestito.,documents/BO0624_4466
2421,2487,Mandola in tartaruga incastrata di madreperla.,2487. Mandola in tartaruga incastrata di madreperla.,documents/BO0624_4466
2422,2488,Idem.,2488. Idem.,documents/BO0624_4466
2423,2489,Idem.,2489. Idem.,documents/BO0624_4466
2424,2490,Una popolana del Bagnasco.,2490. Una popolana del Bagnasco.,documents/BO0624_4466
2425,2491,La Vergine - Pastore vestito.,2491. La Vergine - Pastore vestito.,documents/BO0624_4466
2426,2492,Un cavallo del Bagnasco.,2492. Un cavallo del Bagnasco.,documents/BO0624_4466
2427,2493,"Piccolo contadino seduto, del Matera.","2493. Piccolo contadino seduto, del Matera.",documents/BO0624_4466
2428,2494,"Contadino con legna, del Matera.","2494. Contadino con legna, del Matera.",documents/BO0624_4466
2429,2495,Povero seduto su sasso. Terracotta colorata.,2495. Povero seduto su sasso. Terracotta colorata.,documents/BO0624_4466
2430,2496,Testa di Cherubino. Terracotta colorata.,2496. Testa di Cherubino. Terracotta colorata.,documents/BO0624_4466
2431,2497,Puttino in legno scolpito e dipinto del Mosca.,2497. Puttino in legno scolpito e dipinto del Mosca.,documents/BO0624_4466
2432,2498,Piccolo mendicante. Terracotta colorata.,2498. Piccolo mendicante. Terracotta colorata.,documents/BO0624_4466
2433,2499,Una contadina. Pastore in terra cotta colorata.,2499. Una contadina. Pastore in terra cotta colorata.,documents/BO0624_4466
2434,2500,Angelo in legno scolpito.,2500. Angelo in legno scolpito.,documents/BO0624_4466
2435,2501,"Un contadino - Pastore vestito, del Gori.","2501. Un contadino - Pastore vestito, del Gori.",documents/BO0624_4466
2436,2502,Mandolino per presepe di tartaruga incastrato di madreperla.,2502. Mandolino per presepe di tartaruga incastrato di madreperla.,documents/BO0624_4466
2437,2503,Terracotta in colore del Mosca - Donna seduta con due bambini.,2503. Terracotta in colore del Mosca - Donna seduta con due bambini.,documents/BO0624_4466
2438,2504,Figura di uomo del Matera.,"2504. Figura di uomo del Matera.
0505. Gallo in terra cotta colorata.",documents/BO0624_4466
2439,2506,Testa di Cherubino in legno.,2506. Testa di Cherubino in legno.,documents/BO0624_4466
2440,2507,"Povero con scodella, del Matera.","2507. Povero con scodella, del Matera.",documents/BO0624_4466
2441,2508,Un vecchio in terracotta colorata.,2508. Un vecchio in terracotta colorata.,documents/BO0624_4466
2442,2509,Gruppo di due Cherubini in terracotta colorata del Mosca.,2509. Gruppo di due Cherubini in terracotta colorata del Mosca.,documents/BO0624_4466
2443,2510,Puttino in legno scolpito del Mosca.,2510. Puttino in legno scolpito del Mosca.,documents/BO0624_4466
2444,2511,"Gruppo, due figure e bambino, del Matera.","2511. Gruppo, due figure e bambino, del Matera.",documents/BO0624_4466
2445,2512,"Gruppo, una donna e due bambini. Terracotta in colore del Mosca.","2512. Gruppo, una donna e due bambini. Terracotta in colore del Mosca.",documents/BO0624_4466
2446,2513,Angiolo in legno scolpito e dipinto del Mosca.,2513. Angiolo in legno scolpito e dipinto del Mosca.,documents/BO0624_4466
2447,2514,Due pastori (vestiti) contadini.,2514. Due pastori (vestiti) contadini.,documents/BO0624_4466
2448,2515,Mandolino di tartaruga e madreperla.,2515. Mandolino di tartaruga e madreperla.,documents/BO0624_4466
2449,2516,Idem.,2516. Idem.,documents/BO0624_4466
2450,2517,Imem. in legno.,2517. Imem. in legno.,documents/BO0624_4466
2451,2518,Donna con fardello. Lavoro del Bagnasco.,2518. Donna con fardello. Lavoro del Bagnasco.,documents/BO0624_4466
2452,2519,Figura di pezzente del Matera.,2519. Figura di pezzente del Matera.,documents/BO0624_4466
2453,2520,"Un Re Moro, del Bagnasco.","2520. Un Re Moro, del Bagnasco.",documents/BO0624_4466
2454,2521,La Vergine seduta. Terracotta.,2521. La Vergine seduta. Terracotta.,documents/BO0624_4466
2455,2522,Gruppo di donne del Matera.,2522. Gruppo di donne del Matera.,documents/BO0624_4466
2456,2523,Gruppo di Cherubini in terracotta colorata del Mosca.,2523. Gruppo di Cherubini in terracotta colorata del Mosca.,documents/BO0624_4466
2457,2524,Tre puttini in legno scolpito e dipinto del Bottigliere.,2524. Tre puttini in legno scolpito e dipinto del Bottigliere.,documents/BO0624_4466
2458,2525,Angiolo in legno del Mosca.,2525. Angiolo in legno del Mosca.,documents/BO0624_4466
2459,2526,Donna con fardello. Terracotta colorata.,2526. Donna con fardello. Terracotta colorata.,documents/BO0624_4466
2460,2527,Angiolo scolpito in legno con manto bleu del Gori.,2527. Angiolo scolpito in legno con manto bleu del Gori.,documents/BO0624_4466
2461,2528,"Un Moro. Pastore in legno vestito, del Mosca.","2528. Un Moro. Pastore in legno vestito, del Mosca.",documents/BO0624_4466
2462,2529,Mandolino di tartaruga incastrato di madreperla.,2529. Mandolino di tartaruga incastrato di madreperla.,documents/BO0624_4466
2463,2530,Idem.,2530. Idem.,documents/BO0624_4466
2464,2531,Idem.,2531. Idem.,documents/BO0624_4466
2465,2532,Un Pellegrino del Bagnasco.,2532. Un Pellegrino del Bagnasco.,documents/BO0624_4466
2466,2533,Un cieco del Matera.,2533. Un cieco del Matera.,documents/BO0624_4466
2467,2534,Cavallo in legno scolpito.,2534. Cavallo in legno scolpito.,documents/BO0624_4466
2468,2535,Quattro teste di Cherubini in terracotta colorata.,2535. Quattro teste di Cherubini in terracotta colorata.,documents/BO0624_4466
2469,2536,Una contadina del Matera.,2536. Una contadina del Matera.,documents/BO0624_4466
2470,2537,Pastore in terracotta colorata.,2537. Pastore in terracotta colorata.,documents/BO0624_4466
2471,2538,"Testa di Cherubino, terracotta colorata.","2538. Testa di Cherubino, terracotta colorata.",documents/BO0624_4466
2472,2539,Putto in legno scolpito del Battigliero. n ciascun lotto ho messo insieme sempre monete diverse.,"2539. Putto in legno scolpito del Battigliero.
<!-- image -->

- Vasi dipinti -

- Bronzi -

- Terrecotte -

- Oggetti diversi -

- Oggetti preziosi -

Monete e Medaglie
Nel compilare l' elenco delle monete e degli oggetti di scavo del Museo Varelli, ho voluto essere assai conciso, considerando inutili e noiose le lunghe descrizioni e le annotazioni spesso poco scrupolose sui pregi degli oggetti. Tuttavia spero essere riuscito a dare un concetto esatto di questa parte della raccolta.

Fio unito le monete in parecchi lotti non perchè sieno di poco pregio, ma per non allungare un catalogo già

molto voluminoso. In ciascun lotto ho messo insieme sempre monete diverse.

Cesare Canessa
<!-- image -->

## OGGETTI DI SCAVO

## Vasi dipinti",documents/BO0624_4466
2473,2540,"Cratere con soggetto Dionisiaco, alt. m. 0,46 Puglia","2540. Cratere con soggetto Dionisiaco, alt. m. 0,46 Puglia",documents/BO0624_4466
2474,2541,Vaso scanellato con manico a nodo. Nola,2541. Vaso scanellato con manico a nodo. Nola,documents/BO0624_4466
2475,2542,Anfora con figure. Nola,2542. Anfora con figure. Nola,documents/BO0624_4466
2476,2543,"Vasettino di marmo nero a due manichi, alt. m. 0,10. Epoca romana.","2543. Vasettino di marmo nero a due manichi, alt. m. 0,10. Epoca romana.",documents/BO0624_4466
2477,2514,Patera a vernice nera con testa di Aretusa a rilievo nel centro.,"2514. Patera a vernice nera con testa di Aretusa a rilievo nel centro.

Fabbrica Campana",documents/BO0624_4466
2478,2545,Seyphus con civetta su ramo d'olivo. Nola,2545. Seyphus con civetta su ramo d'olivo. Nola,documents/BO0624_4466
2479,2546,"Vaso scanellato con manico, alt. m.0,58 Puglia","2546. Vaso scanellato con manico, alt. m.0,58 Puglia",documents/BO0624_4466
2480,2547,"Oliera con manico, decorato con fregi ed animali, alt. m. 0,10 Nola","2547. Oliera con manico, decorato con fregi ed animali, alt. m. 0,10 Nola",documents/BO0624_4466
2481,2548,Cratere con soggetto Dionisiaco e fregi di pampini ed edera.,"2548. Cratere con soggetto Dionisiaco e fregi di pampini ed edera.

Puglia",documents/BO0624_4466
2482,2549,"Idria, satiro e bacchante, alt. m. 0,30 Puglia","2549. Idria, satiro e bacchante, alt. m. 0,30 Puglia",documents/BO0624_4466
2483,2550,Patera a vernice nera di Nola,2550. Patera a vernice nera di Nola,documents/BO0624_4466
2484,2551,Anfora arcaica con figure nere a risalti bianchi e violacei su fondo rosso. Pallade e guerrieri. Greco - Siculo,2551. Anfora arcaica con figure nere a risalti bianchi e violacei su fondo rosso. Pallade e guerrieri. Greco - Siculo,documents/BO0624_4466
2485,2552,"Oliera decorata con fregi ed animali, alt. m. 0,09","2552. Oliera decorata con fregi ed animali, alt. m. 0,09

Capua",documents/BO0624_4466
2486,2553,Anfora arcaica con figure nere a risalti bianchi e violacei su fondo rosso. Vincitore di giuochi olimpici in biga e guerrieri che combattono. Greco-Siculo,2553. Anfora arcaica con figure nere a risalti bianchi e violacei su fondo rosso. Vincitore di giuochi olimpici in biga e guerrieri che combattono. Greco-Siculo,documents/BO0624_4466
2487,2554,"Vaso a due manichi decorato con fregi e figure, alt. m. 0,15                         | Puglia                      |","| 2554. Vaso a due manichi decorato con fregi e figure, alt. m. 0,15                         | Puglia                      |
|--------------------------------------------------------------------------------------------|-----------------------------|",documents/BO0624_4466
2488,2555,"Patera arcaica con figure nere su fondo rosso. Danza di satiri alt m. 0,12 per 0,25. | Greco - Siculo              |","| 2555. Patera arcaica con figure nere su fondo rosso. Danza di satiri alt m. 0,12 per 0,25. | Greco - Siculo              |",documents/BO0624_4466
2489,2556,"Cratere decorato a più figure, alt. m. 0,30 per 0,25                                 | Puglia                      |","| 2556. Cratere decorato a più figure, alt. m. 0,30 per 0,25                                 | Puglia                      |",documents/BO0624_4466
2490,2557,Un vaso con figure all' ingiro                                                       | Greco - Siculo              |,| 2557. Un vaso con figure all' ingiro                                                       | Greco - Siculo              |,documents/BO0624_4466
2491,2558,"Oliera con manico, decorata con animali e fregi, alt. m. 0,11 Nola                   |                             |","| 2558. Oliera con manico, decorata con animali e fregi, alt. m. 0,11 Nola                   |                             |",documents/BO0624_4466
2492,2559,"Cratere decorato a più figure, alt. m. 0,28 per 0,23                                 | Puglia                      |","| 2559. Cratere decorato a più figure, alt. m. 0,28 per 0,23                                 | Puglia                      |",documents/BO0624_4466
2493,2560,"Situla con satiri e ornati a palmette, alt 0,25.                                     | Capua                       |","| 2560. Situla con satiri e ornati a palmette, alt 0,25.                                     | Capua                       |",documents/BO0624_4466
2494,2561,"Oliera decorata con fregi ed animali, alt. m. 0,10,                                  | Nola                        |","| 2561. Oliera decorata con fregi ed animali, alt. m. 0,10,                                  | Nola                        |",documents/BO0624_4466
2495,2562,"Vaso con bocca trilobata (vernice nera ), alt. m. 0,15                               | Puglia                      |","| 2562. Vaso con bocca trilobata (vernice nera ), alt. m. 0,15                               | Puglia                      |",documents/BO0624_4466
2496,2563,"Ryton a testa di cervo a vernice nera con risalti bianchi, sul- l'orlo genio alato.  | Capua                       |","| 2563. Ryton a testa di cervo a vernice nera con risalti bianchi, sul- l'orlo genio alato.  | Capua                       |",documents/BO0624_4466
2497,2564,"Coppa arcaica a due manichi decorata con sfingi, per 0,20                            | alt. m. 0,10 Greco - Siculo |","| 2564. Coppa arcaica a due manichi decorata con sfingi, per 0,20                            | alt. m. 0,10 Greco - Siculo |",documents/BO0624_4466
2498,2565,Unguentario decorato con fregi e figure.                                             | Puglia                      |,| 2565. Unguentario decorato con fregi e figure.                                             | Puglia                      |,documents/BO0624_4466
2499,2566,Anfora arcaica con figure nere su fondo rosso. Rappresent. Dio- nisiaca.             | Greco - Siculo              |,| 2566. Anfora arcaica con figure nere su fondo rosso. Rappresent. Dio- nisiaca.             | Greco - Siculo              |,documents/BO0624_4466
2500,2567,"Unguentario a forma d' otre decorato con testa muliebre, alt. m. 0,10.               | Puglia                      |","| 2567. Unguentario a forma d' otre decorato con testa muliebre, alt. m. 0,10.               | Puglia                      |",documents/BO0624_4466
2501,2568,"Presentatoio decorato con fregi e figura alata, alt. m. 0,15. Puglia                 |                             |","| 2568. Presentatoio decorato con fregi e figura alata, alt. m. 0,15. Puglia                 |                             |",documents/BO0624_4466
2502,2569,Pátera decorata a più figure.                                                        | Nola                        |,| 2569. Pátera decorata a più figure.                                                        | Nola                        |,documents/BO0624_4466
2503,2570,"Presentatoio a due manichi decorato con fregi e testa muliebre, alt. 0,40.           | Puglia                      |","| 2570. Presentatoio a due manichi decorato con fregi e testa muliebre, alt. 0,40.           | Puglia                      |",documents/BO0624_4466
2504,2571,"Cratere decorato a più figure alt. m. 34 per 0,28.                                   |                             |","| 2571. Cratere decorato a più figure alt. m. 34 per 0,28.                                   |                             |",documents/BO0624_4466
2505,2572,"Ryton - Testa muliebre, alt. m. 0,15.                                                |                             |","| 2572. Ryton - Testa muliebre, alt. m. 0,15.                                                |                             |",documents/BO0624_4466
2506,2573,Seyphus con teste muliebri e palmette.                                               |                             |,| 2573. Seyphus con teste muliebri e palmette.                                               |                             |,documents/BO0624_4466
2507,2574,"Unguentario — Testa galeata di Pallade alt. m. 0,20.                                 |                             |","| 2574. Unguentario — Testa galeata di Pallade alt. m. 0,20.                                 |                             |",documents/BO0624_4466
2508,2575,Unguentario decorato con fregi e figurina.                                           | Nola                        |,"| 2575. Unguentario decorato con fregi e figurina.                                           | Nola                        |

## Bronzi",documents/BO0624_4466
2509,2576,"Frammento di statuetta, ( con occhi di argento) raffigurante Minerva. bronzo romano, alt. m. 0,10.","2576. Frammento di statuetta, ( con occhi di argento) raffigurante Minerva. bronzo romano, alt. m. 0,10.",documents/BO0624_4466
2510,2577,Braccio (frammento). Bronzo di epoca romana.,2577. Braccio (frammento). Bronzo di epoca romana.,documents/BO0624_4466
2511,2578,"Bustino in bronzo Giove Serapide alt. m. 0,10.","2578. Bustino in bronzo Giove Serapide alt. m. 0,10.",documents/BO0624_4466
2512,2579,"Statuina in bronzo Vestale che sagrifica alt. m. 0,09.","2579. Statuina in bronzo Vestale che sagrifica alt. m. 0,09.",documents/BO0624_4466
2513,2580,"Statuetta di bronzo figura di guerriero. Epoca romana, alt. m. 0,13.","2580. Statuetta di bronzo figura di guerriero. Epoca romana, alt. m. 0,13.",documents/BO0624_4466
2514,2581,Lotto di tre statuette di bronzo.,2581. Lotto di tre statuette di bronzo.,documents/BO0624_4466
2515,2582,Scure di bronzo.,2582. Scure di bronzo.,documents/BO0624_4466
2516,2583,Idem,2583. Idem,documents/BO0624_4466
2517,2584,Idem,2584. Idem,documents/BO0624_4466
2518,2585,Idem,2585. Idem,documents/BO0624_4466
2519,2586,Idem,2586. Idem,documents/BO0624_4466
2520,200,"%. statuina di bronzo rathourante Mercumo. bavoro Borano con bella patina, alt. m. 0,08.","200%. statuina di bronzo rathourante Mercumo. bavoro Borano con bella patina, alt. m. 0,08.",documents/BO0624_4466
2521,2588,"Statuina di bronzo raffigurante Ercole, alt. m. 0,15.","2588. Statuina di bronzo raffigurante Ercole, alt. m. 0,15.",documents/BO0624_4466
2522,2589,"Manico di bronzo, frammento di vaso romano, con ornati e figumne a basso rilevo, m. 0,o0.","2589. Manico di bronzo, frammento di vaso romano, con ornati e figumne a basso rilevo, m. 0,o0.",documents/BO0624_4466
2523,2590,"Vaso di bronzo con manico (misura romana ), alt. m. 0,15.","2590. Vaso di bronzo con manico (misura romana ), alt. m. 0,15.",documents/BO0624_4466
2524,2591,"Unguentario di bronzo con manico arcato a forma d' otre, alt. m. 0,15.","2591. Unguentario di bronzo con manico arcato a forma d' otre, alt. m. 0,15.",documents/BO0624_4466
2525,2592,"Disco in bronzo cesellato, testa di tigre ad altorilievo, alt. m. 0,24.","2592. Disco in bronzo cesellato, testa di tigre ad altorilievo, alt. m. 0,24.",documents/BO0624_4466
2526,2593,"Statuina di bronzo raffigurante Ercole, alt. m. 0,14.","2593. Statuina di bronzo raffigurante Ercole, alt. m. 0,14.",documents/BO0624_4466
2527,2044,"0em alt. m. 0,15.","2044. 0em alt. m. 0,15.

alt. m. 0,12. 2595. Idem",documents/BO0624_4466
2528,2596,Lotto di due statuette di bronzo.,2596. Lotto di due statuette di bronzo.,documents/BO0624_4466
2529,2597,"Manico di bronzo, frammento di vaso romano, con fregi incisi m. 0,30.","2597. Manico di bronzo, frammento di vaso romano, con fregi incisi m. 0,30.",documents/BO0624_4466
2530,2598,Due lucerne di bronzo. Epoca romana.,2598. Due lucerne di bronzo. Epoca romana.,documents/BO0624_4466
2531,2599,Anello di bronzo.,2599. Anello di bronzo.,documents/BO0624_4466
2532,2600,Numero cinque pietre preistoriche.,2600. Numero cinque pietre preistoriche.,documents/BO0624_4466
2533,2601,Simpulo di bronzo con manico lungo.,2601. Simpulo di bronzo con manico lungo.,documents/BO0624_4466
2534,2602,Lotto - idoletto e fregio di bronzo.,2602. Lotto - idoletto e fregio di bronzo.,documents/BO0624_4466
2535,2603,Lotto di varii frammenti di bronzo.,2603. Lotto di varii frammenti di bronzo.,documents/BO0624_4466
2536,2604,Idem,2604. Idem,documents/BO0624_4466
2537,2605,Numero sei frammenti di bronzo.,2605. Numero sei frammenti di bronzo.,documents/BO0624_4466
2538,2606,Lotto di varii frammenti.,2606. Lotto di varii frammenti.,documents/BO0624_4466
2539,2607,Due frammenti in bronzo.,2607. Due frammenti in bronzo.,documents/BO0624_4466
2540,2608,Bracciale.,2608. Bracciale.,documents/BO0624_4466
2541,2609,Due chiavi di bronzo.,2609. Due chiavi di bronzo.,documents/BO0624_4466
2542,2610,"Numero undici pezzi di strumenti chirurgici in bronzo e avorio,","2610. Numero undici pezzi di strumenti chirurgici in bronzo e avorio,",documents/BO0624_4466
2543,2611,"Statuina bronzo, alt. m. 0,11.","2611. Statuina bronzo, alt. m. 0,11.",documents/BO0624_4466
2544,2612,"Idem alt. m. 0,12.","2612. Idem alt. m. 0,12.",documents/BO0624_4466
2545,2613,"Idem alt. m. 0,11.","2613. Idem alt. m. 0,11.",documents/BO0624_4466
2546,2614,"Manico di bronzo, frammento di vaso etrusco, alt. m. 0,20.","2614. Manico di bronzo, frammento di vaso etrusco, alt. m. 0,20.",documents/BO0624_4466
2547,2615,"Candelabro di bronzo, m. 1,05.","2615. Candelabro di bronzo, m. 1,05.",documents/BO0624_4466
2548,2616,Fibula.,2616. Fibula.,documents/BO0624_4466
2549,2617,Idem più piccola.,2617. Idem più piccola.,documents/BO0624_4466
2550,2618,Due fibule di argento.,2618. Due fibule di argento.,documents/BO0624_4466
2551,2619,Numero cinque fibule.,2619. Numero cinque fibule.,documents/BO0624_4466
2552,2620,Lancia di bronzo.,2620. Lancia di bronzo.,documents/BO0624_4466
2553,2621,Lotto di tre statuette di bronzo.,2621. Lotto di tre statuette di bronzo.,documents/BO0624_4466
2554,2622,Fregio di bronzo.,2622. Fregio di bronzo.,documents/BO0624_4466
2555,2623,Lama di daga (epoca romana).,2623. Lama di daga (epoca romana).,documents/BO0624_4466
2556,2624,Lotto di tre statuette di bronzo.,2624. Lotto di tre statuette di bronzo.,documents/BO0624_4466
2557,2625,Amorino di bronzo (epoca romana).,"2625. Amorino di bronzo (epoca romana).

## Cernecofte",documents/BO0624_4466
2558,2626,"Statuetta in terracotta, figura muliebre, alt. m. 0,22.   | Pozzuoli   |","| 2626. Statuetta in terracotta, figura muliebre, alt. m. 0,22.   | Pozzuoli   |
|-----------------------------------------------------------------|------------|",documents/BO0624_4466
2559,2627,"Statuetta in terracotta, figura muliebre, alt. m. 0,23.   | Сариа      |","| 2627. Statuetta in terracotta, figura muliebre, alt. m. 0,23.   | Сариа      |",documents/BO0624_4466
2560,2628,Fregio in terracotta.                                     |            |,| 2628. Fregio in terracotta.                                     |            |,documents/BO0624_4466
2561,2629,"Lotto di sei statuette, in terracotta (figure diverse).   | Pozzuoli   |","| 2629. Lotto di sei statuette, in terracotta (figure diverse).   | Pozzuoli   |",documents/BO0624_4466
2562,2630,Numero quindici vasettini di terracotta (forme diverse).  | Pozzuoli   |,| 2630. Numero quindici vasettini di terracotta (forme diverse).  | Pozzuoli   |,documents/BO0624_4466
2563,2631,Bustino figura muliebre.                                  | Pozzuoli   |,| 2631. Bustino figura muliebre.                                  | Pozzuoli   |,documents/BO0624_4466
2564,2632,"Statuetta figura di Sileno, alt. m. 0,20.                 | Pozzuoli   |","| 2632. Statuetta figura di Sileno, alt. m. 0,20.                 | Pozzuoli   |",documents/BO0624_4466
2565,2633,"Patera in terracotta, con manico lungo, alt. m. 0,30.     | Pozzuoli   |","| 2633. Patera in terracotta, con manico lungo, alt. m. 0,30.     | Pozzuoli   |",documents/BO0624_4466
2566,2634,"Dieci lucerne, in terracotta, di forme diverse.           | Puglia     |","| 2634. Dieci lucerne, in terracotta, di forme diverse.           | Puglia     |

## Oggetti diversi",documents/BO0624_4466
2567,2635,Tre ghiandi missili; una delle quali con iscrizione greca 11K0%FONOL (Trovate in Sicilia).,2635. Tre ghiandi missili; una delle quali con iscrizione greca 11K0%FONOL (Trovate in Sicilia).,documents/BO0624_4466
2568,2636,Numero ventuno strumenti di chirurgia in bronzo e avorio.,2636. Numero ventuno strumenti di chirurgia in bronzo e avorio.,documents/BO0624_4466
2569,2637,Lotto quattro Idoli egiziani di pasta vitrea.,2637. Lotto quattro Idoli egiziani di pasta vitrea.,documents/BO0624_4466
2570,2638,Testa di Dionisio ( erma) in giallo antico. alt. 0.15.,2638. Testa di Dionisio ( erma) in giallo antico. alt. 0.15.,documents/BO0624_4466
2571,2009,Due mascheroni etruschi in avorio.,2009 Due mascheroni etruschi in avorio.,documents/BO0624_4466
2572,2640,"Testa di guerriero ( erma) in pietra bianca, alt. m. 0,25","2640. Testa di guerriero ( erma) in pietra bianca, alt. m. 0,25",documents/BO0624_4466
2573,2641,"Vetro greco a forma di anfora, alt. m. 0.10","2641. Vetro greco a forma di anfora, alt. m. 0.10",documents/BO0624_4466
2574,2012,"Idem a due manichi di forma sferica, alt. m. 0,08","2012. Idem a due manichi di forma sferica, alt. m. 0,08",documents/BO0624_4466
2575,2643,"Idem di forma ad anfora alt. m. 0,05","2643. Idem di forma ad anfora alt. m. 0,05",documents/BO0624_4466
2576,2644,Idem alt.,"2644. Idem alt.

m. 0.05.",documents/BO0624_4466
2577,2640,"Idem lagrimatorio di epoca romana, alt. m. 0,10.","2640. Idem lagrimatorio di epoca romana, alt. m. 0,10.",documents/BO0624_4466
2578,2646,Collana di amuleti Egiziani a vari colori,2646. Collana di amuleti Egiziani a vari colori,documents/BO0624_4466
2579,2647,Idem,2647. Idem,documents/BO0624_4466
2580,2040,1dem di vetro romano.,2040. 1dem di vetro romano.,documents/BO0624_4466
2581,2649,Piccola urna di vetro romano ( senza coverchio).,2649. Piccola urna di vetro romano ( senza coverchio).,documents/BO0624_4466
2582,2650,Collana di vetri a varii colori.,2650. Collana di vetri a varii colori.,documents/BO0624_4466
2583,2651,Lotto di frammenti in vetri.,2651. Lotto di frammenti in vetri.,documents/BO0624_4466
2584,2652,Collana di amuleti egiziani a vari colori,2652. Collana di amuleti egiziani a vari colori,documents/BO0624_4466
2585,2653,Vetro bianco (epoca romana).,2653. Vetro bianco (epoca romana).,documents/BO0624_4466
2586,2654,Collana di amuleti egiziani di pasta vitrea.,2654. Collana di amuleti egiziani di pasta vitrea.,documents/BO0624_4466
2587,2693,Numero undici vetri romani di diverse forme,2693. Numero undici vetri romani di diverse forme,documents/BO0624_4466
2588,2000,Collana di amuleti egizi verniciati a vari colori,2000. Collana di amuleti egizi verniciati a vari colori,documents/BO0624_4466
2589,2657,Vetro romano a forma di bottiglia con manico.,2657. Vetro romano a forma di bottiglia con manico.,documents/BO0624_4466
2590,2658,Collana di vetri a vari colori.,"2658. Collana di vetri a vari colori.

## Oggetti preziosi",documents/BO0624_4466
2591,2659,Anforetta in oro.,2659. Anforetta in oro.,documents/BO0624_4466
2592,2660,Orecchini in oro con corniole incise (Amorimi).,2660. Orecchini in oro con corniole incise (Amorimi).,documents/BO0624_4466
2593,2661,Bellissima sardonica (Venere ed Amore.,2661. Bellissima sardonica (Venere ed Amore.,documents/BO0624_4466
2594,2662,Bracciale con otto monete greche.,2662. Bracciale con otto monete greche.,documents/BO0624_4466
2595,2663,Due anellini in oro con pietre inese,2663. Due anellini in oro con pietre inese,documents/BO0624_4466
2596,2664,Piccola pietra incisa (Pallade) di rosso antico.,2664. Piccola pietra incisa (Pallade) di rosso antico.,documents/BO0624_4466
2597,2665,Piccoli orecchini a cerchio.,2665. Piccoli orecchini a cerchio.,documents/BO0624_4466
2598,2666,Lotto di dicennove pietre incise di epoche diverse.,2666. Lotto di dicennove pietre incise di epoche diverse.,documents/BO0624_4466
2599,2667,Due cammel leste amperatore),2667. Due cammel leste amperatore),documents/BO0624_4466
2600,2668,Lotto di sei pietre incise.,2668. Lotto di sei pietre incise.,documents/BO0624_4466
2601,2669,Anello in oro con pietra incisa.,2669. Anello in oro con pietra incisa.,documents/BO0624_4466
2602,2670,Spillo con moneta oro ed argento.,2670. Spillo con moneta oro ed argento.,documents/BO0624_4466
2603,2671,Medaglione (bizantino in oro.,2671. Medaglione (bizantino in oro.,documents/BO0624_4466
2604,20,/2. Lotto di sel pierre mnase.,20/2. Lotto di sel pierre mnase.,documents/BO0624_4466
2605,2673,Condolo con moneta romana montata in oro.,2673. Condolo con moneta romana montata in oro.,documents/BO0624_4466
2606,2674,Lotto di sei pietre ineise.,2674. Lotto di sei pietre ineise.,documents/BO0624_4466
2607,20,%o. Tre niccoll incisi.,20%o. Tre niccoll incisi.,documents/BO0624_4466
2608,2676,Otto monetine greche con montatura in oro e argento.,2676. Otto monetine greche con montatura in oro e argento.,documents/BO0624_4466
2609,2677,Testa di Pallade (pasta).,2677. Testa di Pallade (pasta).,documents/BO0624_4466
2610,26,%0. Anello in oro con pietra inesa.,26%0. Anello in oro con pietra inesa.,documents/BO0624_4466
2611,2679,Bracciale ed orecchini di monete romane montate in oro.,2679. Bracciale ed orecchini di monete romane montate in oro.,documents/BO0624_4466
2612,2680,Lotto di sei pietre incise.,2680. Lotto di sei pietre incise.,documents/BO0624_4466
2613,2001,Due orecchini in oro.,2001. Due orecchini in oro.,documents/BO0624_4466
2614,2682,Spillo con moneta romana.,"2682

Spillo con moneta romana.",documents/BO0624_4466
2615,2683,Tre cammer,2683. Tre cammer,documents/BO0624_4466
2616,2684,Lotto di sel corniole incise.,2684. Lotto di sel corniole incise.,documents/BO0624_4466
2617,2685,Anello in oro con pietra incisa.,2685. Anello in oro con pietra incisa.,documents/BO0624_4466
2618,2686,Lotto di sei pietre incise.,2686. Lotto di sei pietre incise.,documents/BO0624_4466
2619,2687,Tre cammel incisi (moro e testa di donna).,2687. Tre cammel incisi (moro e testa di donna).,documents/BO0624_4466
2620,2688,Spillo con moneta montata in argento,2688. Spillo con moneta montata in argento,documents/BO0624_4466
2621,2689,Otto piccoli scarabei incisi.,2689. Otto piccoli scarabei incisi.,documents/BO0624_4466
2622,2690,Spillo con moneta romana in argento dorato.,2690. Spillo con moneta romana in argento dorato.,documents/BO0624_4466
2623,2691,Lotto di cinque cammei (epoche diverse).,2691. Lotto di cinque cammei (epoche diverse).,documents/BO0624_4466
2624,2692,Un orecchino in oro.,2692. Un orecchino in oro.,documents/BO0624_4466
2625,2693,Motto di sel corniole incise.,2693. Motto di sel corniole incise.,documents/BO0624_4466
2626,2694,Spilla in ambra montata in oro.,2694. Spilla in ambra montata in oro.,documents/BO0624_4466
2627,2080,Lotto di sel pietre incise,2080. Lotto di sel pietre incise,documents/BO0624_4466
2628,2696,Anello in oro con pietra incisa.,2696. Anello in oro con pietra incisa.,documents/BO0624_4466
2629,2697,Tre cammei montati in oro.,2697. Tre cammei montati in oro.,documents/BO0624_4466
2630,2698,Anello di argento con corniola stemma inciso).,2698. Anello di argento con corniola stemma inciso).,documents/BO0624_4466
2631,2699,Sardonica incisa (Ercole).,2699. Sardonica incisa (Ercole).,documents/BO0624_4466
2632,2700,Condolo in oro con scarabeo.,2700. Condolo in oro con scarabeo.,documents/BO0624_4466
2633,2,/01. Anello in argento con pietra incisa.,2/01. Anello in argento con pietra incisa.,documents/BO0624_4466
2634,2702,Lotto di otto pietre incise.,2702. Lotto di otto pietre incise.,documents/BO0624_4466
2635,2703,Ciondolo in oro con scarabeo.,2703. Ciondolo in oro con scarabeo.,documents/BO0624_4466
2636,2704,Lotto di quattro anelli (oro e argento).,2704. Lotto di quattro anelli (oro e argento).,documents/BO0624_4466
2637,2,/05. Tre anelli di argento incisi (figure ed animali).,2/05. Tre anelli di argento incisi (figure ed animali).,documents/BO0624_4466
2638,2706,Cammeo a due facce.,2706. Cammeo a due facce.,documents/BO0624_4466
2639,2707,Due scarabei.,2707. Due scarabei.,documents/BO0624_4466
2640,2708,Lotto di sei pietre incise (radice di smeraldo). 2709. Spillo di oro con sardonica incisa. 2710. Un cammeo (guerriero seduto su di un trofeo). 2711. Lotto di sei pietre incise. 2712. Anello in oro con pietra incisa. 2713. Lotto di sette cammei di epoche diverse. 2714. Quattro pezzi di ambra incisi. 2715. Due anelli in oro con cammei. 2716. Spillo con moneta (oro ed argento).,2708. Lotto di sei pietre incise (radice di smeraldo). 2709. Spillo di oro con sardonica incisa. 2710. Un cammeo (guerriero seduto su di un trofeo). 2711. Lotto di sei pietre incise. 2712. Anello in oro con pietra incisa. 2713. Lotto di sette cammei di epoche diverse. 2714. Quattro pezzi di ambra incisi. 2715. Due anelli in oro con cammei. 2716. Spillo con moneta (oro ed argento).,documents/BO0624_4466
2641,2717,Lotto di sei pietre incise.,"2717. Lotto di sei pietre incise.

<!-- image -->
<!-- image -->

## Ponete Greche",documents/BO0624_4466
2642,2718,"Syria. ANTIOCHUs VIII Tetrad (3 es.), PHILIPPUS PHITADELPHOS Tetrad. Egyptus PoLEMIUS Tetrad Macedonia Tetrad T. di Artemide in scudo N MAKEAONON IPQTEE Clava ALEXANDER MAGNUs Tetrad (8 es vari), Thasos Tetrad Athena Tetrad T. di Pallade a d. 4ị A0E. EENOKAHZ. APMO EENO2 Civetta su anfora. Lotto di 16 es. Ar. Cle:","2718. Syria. ANTIOCHUs VIII Tetrad (3 es.), PHILIPPUS PHITADELPHOS Tetrad. Egyptus PoLEMIUS Tetrad Macedonia Tetrad T. di Artemide in scudo N MAKEAONON IPQTEE Clava ALEXANDER MAGNUs Tetrad (8 es vari), Thasos Tetrad Athena Tetrad T. di Pallade a d. 4ị A0E. EENOKAHZ. APMO EENO2 Civetta su anfora. Lotto di 16 es. Ar. Cle:",documents/BO0624_4466
2643,2719,"Lotto di 33 Didr e dram di Corinto, Dirrachio, Ambracia, Argo, Tebe, Atene, Larissa, Istiea ecc. Ar Cl e 2","2719. Lotto di 33 Didr e dram di Corinto, Dirrachio, Ambracia, Argo, Tebe, Atene, Larissa, Istiea ecc. Ar Cl e 2",documents/BO0624_4466
2644,2720,"Alessandria. CLAUDIO E ADRIANO, Coreira. CARACALIA, Minoa ALESSANDRO SEVERO, Egitto ToLoMEI INCERTI. Lotto di 10 es. vari Br. C' e 2","2720. Alessandria. CLAUDIO E ADRIANO, Coreira. CARACALIA, Minoa ALESSANDRO SEVERO, Egitto ToLoMEI INCERTI. Lotto di 10 es. vari Br. C' e 2

## Monete dell'Italia antica",documents/BO0624_4466
2645,2721,"ES GRAVE. LAZIO (incerte) Asse con bifronte e testa di Mercurio, Triente con fulmine al D ed al R)., Quadrante Mano aperta e clava R) Id. Quadrante Mano aperta e due fusi, Sestante Conchiglia e Oncia Astragolo. Br. C' e z","2721. ES GRAVE. LAZIO (incerte) Asse con bifronte e testa di 2. Mercurio, Triente con fulmine al D ed al R)., Quadrante Mano aperta e clava R) Id. Quadrante Mano aperta e due fusi, Sestante Conchiglia e Oncia Astragolo. Br. C' e z",documents/BO0624_4466
2646,2722,"LUCERA. Quadrante Ruota, Sestante Delfino e Astro. Br. C 1-2","2722. LUCERA. Quadrante Ruota, Sestante Delfino e Astro. Br. C 1-2",documents/BO0624_4466
2647,2723,ROMA - Triente (18 esemp.) e Quadrante (11 esemp.) Br. C',2723. ROMA - Triente (18 esemp.) e Quadrante (11 esemp.) Br. C',documents/BO0624_4466
2648,2724,CAMPANIA. (INCERTE) Didr Bifronte e quadriga (2 es. vari). — T. di Marte e Cavallo — T. di Ercole e lupa con gemelli - T. di Marte e Busto cavallo - HYBINA Didr - CuMA Didr - NEAPoLIs 8 Didr dell'epoca di transizione e di bello stile ed 1 Dram NoLA Didi — AtTIBA e FISTELTA Diobolo (6 es.) Lotto di 24 es. tutti vari. Ar. C1 e 2,2724. CAMPANIA. (INCERTE) Didr Bifronte e quadriga (2 es. vari). — T. di Marte e Cavallo — T. di Ercole e lupa con gemelli - T. di Marte e Busto cavallo - HYBINA Didr - CuMA Didr - NEAPoLIs 8 Didr dell'epoca di transizione e di bello stile ed 1 Dram NoLA Didi — AtTIBA e FISTELTA Diobolo (6 es.) Lotto di 24 es. tutti vari. Ar. C1 e 2,documents/BO0624_4466
2649,2725,"- Didr T. di Marte e Busto cavallo e Bifronte e Quadriga (4 es.) HYBINA Didr - NEAPOLIS Didr (2 es), CALEs Didr - NoLA Didr. Lotto di 10 es. C1 e 2","2725. - Didr T. di Marte e Busto cavallo e Bifronte e Quadriga (4 es.) HYBINA Didr - NEAPOLIS Didr (2 es), CALEs Didr - NoLA Didr. Lotto di 10 es. C1 e 2",documents/BO0624_4466
2650,2726,- Didr Bifronte e Quadriga (6 es. vari) - HyRINA Didr (3 es.) NEAPOLIs Didr (8 es. vari). Lotto di 17 es. Ar. CI e 2,2726. - Didr Bifronte e Quadriga (6 es. vari) - HyRINA Didr (3 es.) NEAPOLIs Didr (8 es. vari). Lotto di 17 es. Ar. CI e 2,documents/BO0624_4466
2651,2727,LUCANIA. HERACLEA Didr — MeTAPONIUM Didr (4 es.) - PosEIDONIA Didr — (2 es.) VELIA Didr (6 es.) Dram (5 es.) - THURIM Didr. - HeRACIDA e POSEIDONTA Diobolo (10 es.)Lotto di 29 esempAr. CLe 2,2727. LUCANIA. HERACLEA Didr — MeTAPONIUM Didr (4 es.) - PosEIDONIA Didr — (2 es.) VELIA Didr (6 es.) Dram (5 es.) - THURIM Didr. - HeRACIDA e POSEIDONTA Diobolo (10 es.)Lotto di 29 esempAr. CLe 2,documents/BO0624_4466
2652,2728,Metapontum Didr arcaico (2 es.) Didr T. di Leucippo AEVKT. di Apollo e Spiga (2 es.) —THUrIM Didr (3 es. vari) - VeLIA Didr. T. Pallade e) Leone i Leone divorando un cervo (4 es. vari) — SYBARIS Tetrobolo arcaico -- HeRACLEA Didr T. di Pallade f Ercole di faceia - LAUs Didr (R') - THURIUM - HERACLEA - META- PONTUM. Diobolo (4 es.) Lotto di 18 es. Ar. C' e 2,2728. Metapontum Didr arcaico (2 es.) Didr T. di Leucippo AEVKT. di Apollo e Spiga (2 es.) —THUrIM Didr (3 es. vari) - VeLIA Didr. T. Pallade e) Leone i Leone divorando un cervo (4 es. vari) — SYBARIS Tetrobolo arcaico -- HeRACLEA Didr T. di Pallade f Ercole di faceia - LAUs Didr (R') - THURIUM - HERACLEA - META- 6. PONTUM. Diobolo (4 es.) Lotto di 18 es. Ar. C' e 2,documents/BO0624_4466
2653,2729,"Sybaris Didr arcaico - VeLIa Didr (9 es. di cui due foderati) METAPONTUM Drid arcaico (1 es.) Drid (5 es.) - THURIUM, META- PONTUM Diobolo (8 es.) Lotto di 24 es. Ar. C' e 2","2729. Sybaris Didr arcaico - VeLIa Didr (9 es. di cui due foderati) METAPONTUM Drid arcaico (1 es.) Drid (5 es.) - THURIUM, META- 8. PONTUM Diobolo (8 es.) Lotto di 24 es. Ar. C' e 2",documents/BO0624_4466
2654,2730,Velia Didr T. di Pallade R) Leone r; Leone divorando Cervo (5 es) e Diobolo-THURIUM Didr a) Toro cozzante a d. sotto pesce (2 es.) METAPONTUM Didr e Diobolo - PosEIDONIA Didr - HERACLEA Didr e Diobolo. Lotto di 13 es. Ar. C',2730. Velia Didr T. di Pallade R) Leone r; Leone divorando Cervo (5 es) 10. e Diobolo-THURIUM Didr a) Toro cozzante a d. sotto pesce (2 es.) METAPONTUM Didr e Diobolo - PosEIDONIA Didr - HERACLEA Didr e Diobolo. Lotto di 13 es. Ar. C',documents/BO0624_4466
2655,2731,"CALABRIA. TARENTUM Didr i Due cavalieri a s. R, Cavaliere coronato dalla Vittoria R Cavaliere che corona il suo cavallo R Ippocampo. D: T. arcaica di donna R) figura che corona il suo cavallo, sotto leone ri cavaliere in tutta corsa a s. con casco e scudo macedonico Lotto di 10 es. vari. Ar. C'","2731. CALABRIA. TARENTUM Didr i Due cavalieri a s. R, Cavaliere coronato dalla Vittoria R Cavaliere che corona il suo cavallo R Ippocampo. D: T. arcaica di donna R) figura che corona il suo cavallo, sotto leone ri cavaliere in tutta corsa a s. con casco e scudo macedonico Lotto di 10 es. vari. Ar. C'",documents/BO0624_4466
2656,2732,\_ Tarentum Didr (23 es.) e Diobolo (2 es.). Lotto di 25 esem- plari vari. Ar. CI e 2,2732. \_ Tarentum Didr (23 es.) e Diobolo (2 es.). Lotto di 25 esem- 13. plari vari. Ar. CI e 2,documents/BO0624_4466
2657,2733,BRUTTIUM. BRUTTI. Didr. Busto della Vittoria R) Pane che s'incorona - CRoToN Didr. Tripode e Vittoria con corona 1) Aquila,"2733. BRUTTIUM. BRUTTI. Didr. Busto della Vittoria R) Pane che s'incorona - CRoToN Didr. Tripode e Vittoria con corona 1) Aquila
- D. Tripode R Id, ovvero Aquila ad incavo (8 es.) - CAULONTA Didr 1) Cervo (2 es.) - Terina Didr - REBGIUM Diobolo T. leone Lepre (2 es.). Lotto di 15 es. Ar. Cl e z",documents/BO0624_4466
2658,2734,"Cales, CAPUA, NAPOLIS, METAPONTUM, BRUTTI. RHeGIuM ecc. Lotto di 96 esemplari vari; alcuni rari.","2734. Cales, CAPUA, NAPOLIS, METAPONTUM, BRUTTI. RHeGIuM ecc. Lotto di 96 esemplari vari; alcuni rari.

## Sicilia",documents/BO0624_4466
2659,2735,"Agrigentum (Epoca 472-415 a. C.) Tetr e Didr (3 es.vari) GELA (Epoca 466 a. C.) Tetr I Biga lenta e colonna Didr e Cavaliere (3 es.) - HIMERA (Dominazione Agrigentina) Dram-LeoNTINI Tetr e Didr — MEssANA (Anassilao) Tetr — PANoRMus (DomiBusto di cavallo (F. D. C.) Dram T. di Persefone R Cavallo. - nazione Cartaginese) Statere Elettro (1), Tetr. T. di Ercole R SEGESTA Didr — SeLINUs Didi arcaico - STRACUSA: ½ statere e 14 di statere. aureo. Tetradrammi del periodo arcaico e dell' epoca di transizione 4 es. vari e 5 Pegasi di diverso tipo — CAMERINA, GELA e STRACUsA Litra (6 es. vari) e diverse monete di bronzo di MESSANA, PANORMUS, STRACUSA eCC. (18 es.). Lotto di 50 es. Oro, Ar. e Br. Cle 2","2735. Agrigentum (Epoca 472-415 a. C.) Tetr e Didr (3 es.vari) GELA (Epoca 466 a. C.) Tetr I Biga lenta e colonna Didr e Cavaliere (3 es.) - HIMERA (Dominazione Agrigentina) Dram-LeoNTINI Tetr e Didr — MEssANA (Anassilao) Tetr — PANoRMus (DomiBusto di cavallo (F. D. C.) Dram T. di Persefone R Cavallo. - 2. nazione Cartaginese) Statere Elettro (1), Tetr. T. di Ercole R SEGESTA Didr — SeLINUs Didi arcaico - STRACUSA: ½ statere e 14 di statere. aureo. Tetradrammi del periodo arcaico e dell' epoca di transizione 4 es. vari e 5 Pegasi di diverso tipo — CAMERINA, GELA e STRACUsA Litra (6 es. vari) e diverse monete di bronzo di MESSANA, PANORMUS, STRACUSA eCC. (18 es.). Lotto di 50 es. Oro, Ar. e Br. Cle 2",documents/BO0624_4466
2660,2736,"Camarina Litra - AGRiGENTUM Didr (3 es.) dramma e 2 litre T. di Giove R) Aquila - CATANIA Hexas —GEDA Didr k Cavaliere LEONTINI Tetr — LIPARI 2 es. di bronzo - MESSANA Tetr (Anassilao) - PANORMus Statere di Elettro. Tetr e piccolo bronzo — SEGESTA Dramma — SELINUNTO Dramma T. di faccia R Quadriga - STRACUsA Tetr (2 es.) Didr (12 es.) litra e diversi bronzi. Lotto di 41 esemplari. Oro, Ar. e Br. Cl e 2","2736. Camarina Litra - AGRiGENTUM Didr (3 es.) dramma e 2 litre T. di Giove R) Aquila - CATANIA Hexas —GEDA Didr k Cavaliere LEONTINI Tetr — LIPARI 2 es. di bronzo - MESSANA Tetr (Anassilao) - PANORMus Statere di Elettro. Tetr e piccolo bronzo — SEGESTA Dramma — SELINUNTO Dramma T. di faccia R Quadriga - STRACUsA Tetr (2 es.) Didr (12 es.) litra e diversi bronzi. Lotto di 41 esemplari. Oro, Ar. e Br. Cl e 2",documents/BO0624_4466
2661,2737,Panormus (Dominazione Cartaginese) Statere.,2737. Panormus (Dominazione Cartaginese) Statere.,documents/BO0624_4466
2662,2738,- Tetrad T. di Ercole.,2738. - Tetrad T. di Ercole.,documents/BO0624_4466
2663,6,Oro C',6. Oro C',documents/BO0624_4466
2664,7,Ar. F. D. C.,7. Ar. F. D. C.,documents/BO0624_4466
2665,2739,Syracusa Tetradramma Arcaico (Head T. II. N.° 7) R3 Ar. F. D. C. Br. F. D. C e C' e 2,"2739. Syracusa Tetradramma Arcaico (Head T. II. N.° 7) R3 Ar. F. D. C. 9. Br. F. D. C e C' e 2
## Monete Romane

## Repubblica",documents/BO0624_4466
2666,2740,"Incerte. Asse, semisse, triente, quadrante, sestante e semoncia della serie Romana e oncia e semoncia della serie Campana. Lotto di 17 esemplari. Br. C'   |","| 2740. Incerte. Asse, semisse, triente, quadrante, sestante e semoncia della serie Romana e oncia e semoncia della serie Campana. Lotto di 17 esemplari. Br. C'   |
|------------------------------------------------------------------------------------------------------------------------------------------------------------------|",documents/BO0624_4466
2667,2741,Incerte. Lotto di 3 denari vari. Ar. C1 - 2                                                                                                                |,| 2741. Incerte. Lotto di 3 denari vari. Ar. C1 - 2                                                                                                                |,documents/BO0624_4466
2668,2742,"Accolleia - Acilia - Aelia Coh. T. - I - 1 T. I - 3. , T. 1 - 1. Lotto di 4 denari. Ar. F. D. C. e C1                                                      |","| 2742. Accolleia - Acilia - Aelia Coh. T. - I - 1 T. I - 3. , T. 1 - 1. Lotto di 4 denari. Ar. F. D. C. e C1                                                      |",documents/BO0624_4466
2669,2743,Aemilia - Afrania - Antestia Coh. 1 - 3 - II - 1 (3 es.) Cle 2                                                                                             |,| 2743. Aemilia - Afrania - Antestia Coh. 1 - 3 - II - 1 (3 es.) Cle 2                                                                                             |,documents/BO0624_4466
2670,2744,Autronia. Denaro. T. galeata della dea Roma n) I Dioscuri AVTR. in mgr. (Bell' esemplare con monogr. chiarissimo).                                         |,| 2744. Autronia. Denaro. T. galeata della dea Roma n) I Dioscuri AVTR. in mgr. (Bell' esemplare con monogr. chiarissimo).                                         |,documents/BO0624_4466
2671,2745,Baebia. Denaro Coh. vin 6. Ar. C1-2                                                                                                                        |,| 2745. Baebia. Denaro Coh. vin 6. Ar. C1-2                                                                                                                        |,documents/BO0624_4466
2672,2746,Caecilia. Denaro. Coh. vII - 5 - 6 - 8. (3 esemplari) Ar. C1n2                                                                                             |,| 2746. Caecilia. Denaro. Coh. vII - 5 - 6 - 8. (3 esemplari) Ar. C1n2                                                                                             |,documents/BO0624_4466
2673,2747,Carisia. Denaro. Coh. x - 1 - 8. (2 es.) Ar. F. D. C. e Ci                                                                                                 |,| 2747. Carisia. Denaro. Coh. x - 1 - 8. (2 es.) Ar. F. D. C. e Ci                                                                                                 |,documents/BO0624_4466
2674,2748,Carvilia. Denaro. Coh. xI - 3. (3 esemplari). Ar. Ci                                                                                                       |,| 2748. Carvilia. Denaro. Coh. xI - 3. (3 esemplari). Ar. Ci                                                                                                       |,documents/BO0624_4466
2675,2749,Claudia. Denaro. Coh. XII - 2 - 6. (4 es.) Ar. F. D. C e C1 e 2                                                                                            |,| 2749. Claudia. Denaro. Coh. XII - 2 - 6. (4 es.) Ar. F. D. C e C1 e 2                                                                                            |,documents/BO0624_4466
2676,2750,Cloulia - Coelia. Denaro e Quinario Coh. XIII Ar. F. D. C. e Cl                                                                                            |,| 2750. Cloulia - Coelia. Denaro e Quinario Coh. XIII Ar. F. D. C. e Cl                                                                                            |,documents/BO0624_4466
2677,2751,Cornelia. Denaro. R) Trinaeria Ar. F. D. C.                                                                                                                |,| 2751. Cornelia. Denaro. R) Trinaeria Ar. F. D. C.                                                                                                                |,documents/BO0624_4466
2678,2752,- Denaro. Coh. xv - 16 - 24. (2 es.) Ar. F. D. C. e C1-2                                                                                                   |,| 2752. - Denaro. Coh. xv - 16 - 24. (2 es.) Ar. F. D. C. e C1-2                                                                                                   |,documents/BO0624_4466
2679,2753,Coponia. Denaro. Coh. XIV - 1 Ar. F. D. C.                                                                                                                 |,| 2753. Coponia. Denaro. Coh. XIV - 1 Ar. F. D. C.                                                                                                                 |,documents/BO0624_4466
2680,2754,Cordia. Denaro. Coh. xIv 1. Ar. C1-2                                                                                                                       |,| 2754. Cordia. Denaro. Coh. xIv 1. Ar. C1-2                                                                                                                       |,documents/BO0624_4466
2681,2755,Domitia. Denaro. Coh. xvI 1. Ar. C1 - 2                                                                                                                    |,"| 2755. Domitia. Denaro. Coh. xvI 1. Ar. C1 - 2                                                                                                                    |
| XVIII - 1 (5 esemplari) Ar. C1 e2                                                                                                                                |",documents/BO0624_4466
2682,2757,Herennia. Denaro. Ar. Cle2                                                                                                                                 |,| 2757. Herennia. Denaro. Ar. Cle2                                                                                                                                 |,documents/BO0624_4466
2683,2758,Hosidia - Hostilia. Denaro Coh. xIx - 2-xix 3. Ar. F. D. C e C.1                                                                                           |,| 2758. Hosidia - Hostilia. Denaro Coh. xIx - 2-xix 3. Ar. F. D. C e C.1                                                                                           |,documents/BO0624_4466
2684,2759,Julia - Junia - Licinia. 3 Denari ed 1 M. B. Coh. xx - 10- IVI - 3 - xxIv- 2. (4 esemplari). Ar. e Br. CI -2                                               |,| 2759. Julia - Junia - Licinia. 3 Denari ed 1 M. B. Coh. xx - 10- IVI - 3 - xxIv- 2. (4 esemplari). Ar. e Br. CI -2                                               |,documents/BO0624_4466
2685,2760,Maenia. Denaro. Coh. xxv - 2. Ar. C12                                                                                                                      |,| 2760. Maenia. Denaro. Coh. xxv - 2. Ar. C12                                                                                                                      |,documents/BO0624_4466
2686,2761,Mamilia. Denaro. Ar. C1                                                                                                                                    |,| 2761. Mamilia. Denaro. Ar. C1                                                                                                                                    |,documents/BO0624_4466
2687,2762,"Manlia - Marcia - Memmia, Denaro. Coh. xxv - 2 xxvI 8 -                                   | 2762. Manlia - Marcia - Memmia, Denaro. Coh. xxv - 2 xxvI 8 -   |","| 2762. Manlia - Marcia - Memmia, Denaro. Coh. xxv - 2 xxvI 8 -                                   | 2762. Manlia - Marcia - Memmia, Denaro. Coh. xxv - 2 xxvI 8 -   |
|-------------------------------------------------------------------------------------------------|-----------------------------------------------------------------|
| XXVII - 4 - xxVII 5. Lotto di 6 es. 2763. Minucia. Denaro. Coh. xxvIn - 2 - 5. (2 es.)          | Ar. F. D. C. Crez Ar. C1 - 2                                    |",documents/BO0624_4466
2688,2764,Mussidia. Denaro. Coh. xxix 5.                                                            | Ar. F. D. C.                                                    |,| 2764. Mussidia. Denaro. Coh. xxix 5.                                                            | Ar. F. D. C.                                                    |,documents/BO0624_4466
2689,2765,Naevia. Denaro.                                                                           | Ar. Cl                                                          |,| 2765. Naevia. Denaro.                                                                           | Ar. Cl                                                          |,documents/BO0624_4466
2690,2766,Norbana. Denaro. Coh. xxx 3.                                                              | Ar. C1 - 2                                                      |,| 2766. Norbana. Denaro. Coh. xxx 3.                                                              | Ar. C1 - 2                                                      |,documents/BO0624_4466
2691,2767,Opeimia. Denaro. Coh. xxx 2.                                                              | Ar. C1. 2                                                       |,| 2767. Opeimia. Denaro. Coh. xxx 2.                                                              | Ar. C1. 2                                                       |,documents/BO0624_4466
2692,2768,Papia. Denaro. Coh. xxx 1.                                                                | Ar. C'                                                          |,| 2768. Papia. Denaro. Coh. xxx 1.                                                                | Ar. C'                                                          |,documents/BO0624_4466
2693,2769,Pedania. Denaro.                                                                          | Ar. F. D. C                                                     |,| 2769. Pedania. Denaro.                                                                          | Ar. F. D. C                                                     |,documents/BO0624_4466
2694,2770,Petillia. Denaro. Coh. xxx - 1 - 2. (2 es).                                               | Ar. F. D. C. e C'                                               |,| 2770. Petillia. Denaro. Coh. xxx - 1 - 2. (2 es).                                               | Ar. F. D. C. e C'                                               |,documents/BO0624_4466
2695,2771,Pinaria Plaetoria. Denaro. Coh. xxxI - 1 xxxII - 3.                                        | (2 es.) Ar. Cl                                                  |,| 2771 Pinaria Plaetoria. Denaro. Coh. xxxI - 1 xxxII - 3.                                        | (2 es.) Ar. Cl                                                  |,documents/BO0624_4466
2696,2772,Planeia. Denaro.                                                                          | Ar. C                                                           |,| 2772. Planeia. Denaro.                                                                          | Ar. C                                                           |,documents/BO0624_4466
2697,2773,Plautia. Denaro. Coh. xxxI 7.                                                             | Ar. C'                                                          |,| 2773. Plautia. Denaro. Coh. xxxI 7.                                                             | Ar. C'                                                          |,documents/BO0624_4466
2698,2774,"Pompeja, Denaro. Coh. xxxit 1.                                                            | Ar. Cle 2                                                       |","| 2774. Pompeja, Denaro. Coh. xxxit 1.                                                            | Ar. Cle 2                                                       |
| Denaro. xxxII 8.                                                                                | R Ar. F. D.C.                                                   |",documents/BO0624_4466
2699,2776,Pomponia. Denaro. Coh. xxxIv 8.                                                           | Ar. C1                                                          |,| 2776. Pomponia. Denaro. Coh. xxxIv 8.                                                           | Ar. C1                                                          |,documents/BO0624_4466
2700,2777,Porcia. Denaro. Coh. xxxiv - 1 - 2 - xxxv - 4. (3 es.)                                    |                                                                 |,| 2777. Porcia. Denaro. Coh. xxxiv - 1 - 2 - xxxv - 4. (3 es.)                                    |                                                                 |,documents/BO0624_4466
2701,2778,Postumia. Denaro. Coh. xxxv 1 - 2 - 8 - 10. (5 es.) Ar. Cle 2                             |                                                                 |,| 2778. Postumia. Denaro. Coh. xxxv 1 - 2 - 8 - 10. (5 es.) Ar. Cle 2                             |                                                                 |,documents/BO0624_4466
2702,2779,Renia e Rubria. Denaro e Quinario. (2 es.)                                                | Ar. CL-3                                                        |,| 2779. Renia e Rubria. Denaro e Quinario. (2 es.)                                                | Ar. CL-3                                                        |,documents/BO0624_4466
2703,2780,Seribonia - Sempronia - Sergia. 5 Denari ed 1 G. B Coh. xxxVI - 2 - Ixv 1. Lotto di 6 es. | Ar. e Br. Cle?                                                  |,| 2780. Seribonia - Sempronia - Sergia. 5 Denari ed 1 G. B Coh. xxxVI - 2 - Ixv 1. Lotto di 6 es. | Ar. e Br. Cle?                                                  |,documents/BO0624_4466
2704,2781,Servilia - Silia. Denaro e P. B. Coh. (Numero 3 es).                                      | YrvI - 3-5- LxVI - 4 Ar. e Br. F. D. C. e C'                    |,| 2781. Servilia - Silia. Denaro e P. B. Coh. (Numero 3 es).                                      | YrvI - 3-5- LxVI - 4 Ar. e Br. F. D. C. e C'                    |,documents/BO0624_4466
2705,2782,Titia - Tituria - Tullia. Denaro. Coh. xxxIX - 2 - 25. (N. 4 esemplari).                  | Ar. Cl e 2                                                      |,| 2782. Titia - Tituria - Tullia. Denaro. Coh. xxxIX - 2 - 25. (N. 4 esemplari).                  | Ar. Cl e 2                                                      |,documents/BO0624_4466
2706,2783,Urbinia. Denaro. Coh. XI - 2.                                                             | Ar. CL-2                                                        |,"| 2783. Urbinia. Denaro. Coh. XI - 2.                                                             | Ar. CL-2                                                        |
| Valeria - Vargunteia Coh. IXVII - 1 - LXIX - I - XLI - II. (N. 3 es.)                           | - Vibia. Denaro, G. B. e CL-3 Ar. e Br. M.                      |

<!-- image -->
## 1mpero",documents/BO0624_4466
2707,2785,Augusto. Denaro. Coh. 246.                                | R. Ar. C             |,"| 2785. Augusto. Denaro. Coh. 246.                                | R. Ar. C             |
|-----------------------------------------------------------------|----------------------|",documents/BO0624_4466
2708,2786,- G. B. e M. B. Lotto di 10 es. vari.                     | Br. F. D. C. e C'e 2 |,| 2786. - G. B. e M. B. Lotto di 10 es. vari.                     | Br. F. D. C. e C'e 2 |,documents/BO0624_4466
2709,2787,Livia. G. B. Coh. 6.                                      | Br. C' - 2           |,| 2787. Livia. G. B. Coh. 6.                                      | Br. C' - 2           |,documents/BO0624_4466
2710,2788,Agrippa. M. B. Coh. 3.                                    | Br. C'               |,| 2788. Agrippa. M. B. Coh. 3.                                    | Br. C'               |,documents/BO0624_4466
2711,2789,Tiberio. Aureo. Coh. 15.                                  | Oro F. D. C          |,| 2789. Tiberio. Aureo. Coh. 15.                                  | Oro F. D. C          |,documents/BO0624_4466
2712,2790,- Idem                                                    | Oro Cl               |,| 2790. - Idem                                                    | Oro Cl               |,documents/BO0624_4466
2713,2791,Druso. M. B. (3 es.)                                      | Br. C1 e 2           |,| 2791. Druso. M. B. (3 es.)                                      | Br. C1 e 2           |,documents/BO0624_4466
2714,2792,Agrippina madre. G. B. Coh. 3.                            | Br. C' -2            |,| 2792. Agrippina madre. G. B. Coh. 3.                            | Br. C' -2            |,documents/BO0624_4466
2715,2793,Caligola. G. B. ADLOCVT. COH e M. B. Coh. 27.             | Br. C' -2            |,| 2793. Caligola. G. B. ADLOCVT. COH e M. B. Coh. 27.             | Br. C' -2            |,documents/BO0624_4466
2716,2794,Claudio I. G. B. Cch. 38. (2 es.)                         | Br. C'ez             |,| 2794. Claudio I. G. B. Cch. 38. (2 es.)                         | Br. C'ez             |,documents/BO0624_4466
2717,2795,- M. B. Lotto di 5 esemplari varii.                       | Br. Cle2             |,| 2795. - M. B. Lotto di 5 esemplari varii.                       | Br. Cle2             |,documents/BO0624_4466
2718,2796,"Nerone. Aureo,. Coh. 313.                                 | Oro CI               |","| 2796. Nerone. Aureo,. Coh. 313.                                 | Oro CI               |",documents/BO0624_4466
2719,2797,- Denaro. Coh. 123.                                       | Ar. C'               |,| 2797. - Denaro. Coh. 123.                                       | Ar. C'               |,documents/BO0624_4466
2720,2798,— G. B. R) DECVRSIO Coh. 91.                              |                      |,| 2798. — G. B. R) DECVRSIO Coh. 91.                              |                      |,documents/BO0624_4466
2721,2799,- G. B. Coh. 264. (2 es.)                                 | Br. . CLe 2          |,| 2799. - G. B. Coh. 264. (2 es.)                                 | Br. . CLe 2          |,documents/BO0624_4466
2722,2800,- M. B. Lotto di 4 esemplari diversi.                     | ot. C'le 2           |,| 2800. - M. B. Lotto di 4 esemplari diversi.                     | ot. C'le 2           |,documents/BO0624_4466
2723,2801,Galba. G. B. (2 es. diversi)                              | Br. Cle2             |,| 2801. Galba. G. B. (2 es. diversi)                              | Br. Cle2             |,documents/BO0624_4466
2724,2802,Vespasiano. Denaro. Coh. N. 30 - 369 (2. es.)             | Ar. C                |,| 2802. Vespasiano. Denaro. Coh. N. 30 - 369 (2. es.)             | Ar. C                |,documents/BO0624_4466
2725,2803,- G. B. e M. B. Lotto di 9 es. varii.                     | Br. Cle2             |,| 2803. - G. B. e M. B. Lotto di 9 es. varii.                     | Br. Cle2             |,documents/BO0624_4466
2726,2804,"Vespasiano, Tito e Domiziano. Denaro. Coh. 5. Rª Ar. C1-2 |                      |","| 2804. Vespasiano, Tito e Domiziano. Denaro. Coh. 5. Rª Ar. C1-2 |                      |",documents/BO0624_4466
2727,2805,Domiziano. Denaro. Coh. 282 - 386. (N. 2 es).             | Ar. Cle 2            |,| 2805. Domiziano. Denaro. Coh. 282 - 386. (N. 2 es).             | Ar. Cle 2            |,documents/BO0624_4466
2728,2806,G. B. e M. B. Lotto di 10 es. diversi.                    | Br. C1e2             |,| 2806. G. B. e M. B. Lotto di 10 es. diversi.                    | Br. C1e2             |,documents/BO0624_4466
2729,2807,Nerva. M. B. Coh. 108                                     | Br. C1-2             |,| 2807. Nerva. M. B. Coh. 108                                     | Br. C1-2             |,documents/BO0624_4466
2730,2808,Trajano. Denaro. Coh. 276.                                | Ar. Cl               |,| 2808. Trajano. Denaro. Coh. 276.                                | Ar. Cl               |,documents/BO0624_4466
2731,2809,- G. B. IMPERATOR VIII S. C. Coh. 176.                    | Rª Br. C1-3          |,| 2809. - G. B. IMPERATOR VIII S. C. Coh. 176.                    | Rª Br. C1-3          |,documents/BO0624_4466
2732,2810,- M. B. Lotto di 3 es.                                    | Br. Cle z            |,"| 2810. - M. B. Lotto di 3 es.                                    | Br. Cle z            |
| Quinario. Busto di Trajano a d. R) AHMAPХE.EHПAГB Busto         |                      |
| di Giove Ammone a d.                                            | R. Ar. C1-2          |",documents/BO0624_4466
2733,2812,Adriano. Denaro. Coh. 1350.                               | Ar. Cl               |,| 2812. Adriano. Denaro. Coh. 1350.                               | Ar. Cl               |,documents/BO0624_4466
2734,2813,G. B. Coh. 312 - 385 (3 es.)                              | Br. C1-2             |,| 2813. G. B. Coh. 312 - 385 (3 es.)                              | Br. C1-2             |,documents/BO0624_4466
2735,20,4. - G. B. e M. B. Lotto di 4 esemplari diversi.             | Br. C1 - 2           |,| 20 4. - G. B. e M. B. Lotto di 4 esemplari diversi.             | Br. C1 - 2           |,documents/BO0624_4466
2736,2815,- G. B. Coh. 1187 - 1075. (2 es.)                         | Br. C1 e 2           |,| 2815. - G. B. Coh. 1187 - 1075. (2 es.)                         | Br. C1 e 2           |,documents/BO0624_4466
2737,2816,MEDAGLIONCINO (Cistoforo) COLONIALE. Busto di Adriano. a d.                            |,"| 2816. MEDAGLIONCINO (Cistoforo) COLONIALE. Busto di Adriano. a d.                            |
|----------------------------------------------------------------------------------------------|",documents/BO0624_4466
2738,2817,Sabina. G. B. Coh. 48. br. 0-.2                                                        |,| 2817. Sabina. G. B. Coh. 48. br. 0-.2                                                        |,documents/BO0624_4466
2739,2818,Antonino. G. B. e M. B. Lotto di 4 es. diversi. Br. C1 2                               |,| 2818. Antonino. G. B. e M. B. Lotto di 4 es. diversi. Br. C1 2                               |,documents/BO0624_4466
2740,2819,Antonino e Marco Aurelio. Denaro. Coh. 4 R. Ar. F. D. C.                               |,| 2819. Antonino e Marco Aurelio. Denaro. Coh. 4 R. Ar. F. D. C.                               |,documents/BO0624_4466
2741,2821,- G. B. e M. B. Coh. 138 - 281. Br. CL. 2                                              |,| 2821. - G. B. e M. B. Coh. 138 - 281. Br. CL. 2                                              |,documents/BO0624_4466
2742,2822,Marco Aurelio. G. B. Lotto di 11 es. varii. Br. CL+ 2                                  |,| 2822. Marco Aurelio. G. B. Lotto di 11 es. varii. Br. CL+ 2                                  |,documents/BO0624_4466
2743,2823,Commodo. G. B. e M. B. (2 es.) Br. C1                                                  |,| 2823. Commodo. G. B. e M. B. (2 es.) Br. C1                                                  |,documents/BO0624_4466
2744,2824,Crispina. M. B. Br. C1-2                                                               |,| 2824. Crispina. M. B. Br. C1-2                                                               |,documents/BO0624_4466
2745,2825,Settimio Severo. G. B. Coh. 387. Br. C1 - 2                                            |,| 2825. Settimio Severo. G. B. Coh. 387. Br. C1 - 2                                            |,documents/BO0624_4466
2746,2826,Alessandro Severo. G. B. (7 es.) M. B. (1 es.). Lotto di 8 esemplari diversi. Br. Cle2 |,| 2826. Alessandro Severo. G. B. (7 es.) M. B. (1 es.). Lotto di 8 esemplari diversi. Br. Cle2 |,documents/BO0624_4466
2747,2827,Giulia Mammea. G. B. (6 es.) M. B. (1 es.). Lotto di 7 esem- plari diversi. Br. Cle 2  |,| 2827. Giulia Mammea. G. B. (6 es.) M. B. (1 es.). Lotto di 7 esem- plari diversi. Br. Cle 2  |,documents/BO0624_4466
2748,2828,Massimino. G. B. (3 es. varii) Br. C1 + 2                                              |,| 2828. Massimino. G. B. (3 es. varii) Br. C1 + 2                                              |,documents/BO0624_4466
2749,2829,Massimo. G. B. (4 es. varii) C1 02                                                     |,| 2829. Massimo. G. B. (4 es. varii) C1 02                                                     |,documents/BO0624_4466
2750,2830,Gordiano Pio. G. B. (14 es. diversi) Br. CLe2                                          |,| 2830. Gordiano Pio. G. B. (14 es. diversi) Br. CLe2                                          |,documents/BO0624_4466
2751,2831,Filippo padre. G. B. Br. CI                                                            |,| 2831. Filippo padre. G. B. Br. CI                                                            |,documents/BO0624_4466
2752,2832,Otacilia. G. B. (3 es. diversi) Br. C1+2                                               |,| 2832. Otacilia. G. B. (3 es. diversi) Br. C1+2                                               |,documents/BO0624_4466
2753,2833,Trajano Decio. G. B. (1 es.) M. B. (3 es) Br. Cle2                                     |,| 2833. Trajano Decio. G. B. (1 es.) M. B. (3 es) Br. Cle2                                     |,documents/BO0624_4466
2754,2834,Galerio Massimiano. Denaro. All' esergo B. Coh 219.                                    |,"| 2834. Galerio Massimiano. Denaro. All' esergo B. Coh 219.                                    |

R Ar. F. D. C.

## Monete Bizantine",documents/BO0624_4466
2755,2835,Anastasio. Soldo.                                        | Oro F. D. C.      |,"| 2835. Anastasio. Soldo.                                        | Oro F. D. C.      |
|----------------------------------------------------------------|-------------------|",documents/BO0624_4466
2756,2836,Giustiniano I. Soldo. (2 es.)                            | Oro F. D. C. e C1 |,| 2836. Giustiniano I. Soldo. (2 es.)                            | Oro F. D. C. e C1 |,documents/BO0624_4466
2757,2837,Eraclio e Eraclio-Costantino. Soldo. (Sab. T. 29 N.° 18) |                   |,"| 2837. Eraclio e Eraclio-Costantino. Soldo. (Sab. T. 29 N.° 18) |                   |
|                                                                | Oro F. D. C.      |",documents/BO0624_4466
2758,2838,Costantino II - Costantino Pogonato - Eraclio e          |                   |,"| 2838. Costantino II - Costantino Pogonato - Eraclio e          |                   |
| Tiberio. Soldo.                                                | Oro F. D. C.      |",documents/BO0624_4466
2759,2839,Costantino IV Pogonato. Soldo.                           | Oro C'            |,| 2839. Costantino IV Pogonato. Soldo.                           | Oro C'            |,documents/BO0624_4466
2760,2840,Leone III Isauro. ⅓ di Soldo.                            | Oro               |,| 2840. Leone III Isauro. ⅓ di Soldo.                            | Oro               |,documents/BO0624_4466
2761,2841,Teofilo. 1 Soldo.                                        | Oro F. D. C.      |,"| 2841. Teofilo. 1 Soldo.                                        | Oro F. D. C.      |
| 0813. Romano I e Costantino. Soldo.   | Oro F. D. C.   |
|---------------------------------------|----------------|

## Monete Italiane

## Medioevali e Moderne

|              | 2815. ANCONA. Repubblica (Sec. X711-XV) GRosso.                                                                                                                                                                | Ar. C'                                  |
|--------------|----------------------------------------------------------------------------------------------------------------------------------------------------------------------------------------------------------------|-----------------------------------------|",documents/BO0624_4466
2762,2846,| GROSSETTO e ½ GROSSETTO. Rossi 10 - 11 (2 es.)                                                                                                                                                                 | R Ar. C!                                |,| 2846.        | GROSSETTO e ½ GROSSETTO. Rossi 10 - 11 (2 es.)                                                                                                                                                                 | R Ar. C!                                |,documents/BO0624_4466
2763,2847,| Giulio 1ll (1550-55). Giunto.                                                                                                                                                                                  | Ar. C.                                  |,"| 2847.        | Giulio 1ll (1550-55). Giunto.                                                                                                                                                                                  | Ar. C.                                  |
|              | 2848. AQUILA. Giovanna 11 CELLA (4 es.) - Ferdinando d'Aragona CORONATO (2 es.) - Innocenzo VIII CAVALLO (2 es.). Lotto di 8 es.                                                                               | Ar. e Br. C'                            |
|              | 2849. ASCOLI. Repubbliea (See.                                                                                                                                                                                 | XIII-XIV). GRosso. Rossi 198. R. Ar. Cr |
|              | 2850. BENEVENTO. Godescalco. SoLDO D'oRo. Ri Croce e D. G.                                                                                                                                                     | Oro F. D. C.                            |",documents/BO0624_4466
2764,2851,—      | Arichi II (758-87). SoLDo D'ORO.                                                                                                                                                                               | R' Oro F. D. C1                         |,| 2851. —      | Arichi II (758-87). SoLDo D'ORO.                                                                                                                                                                               | R' Oro F. D. C1                         |,documents/BO0624_4466
2765,2852,| TREMISSE.                                                                                                                                                                                                      | R Oro C'                                |,| 2852.        | TREMISSE.                                                                                                                                                                                                      | R Oro C'                                |,documents/BO0624_4466
2766,2854,"rombi. | 2853. Grimoaldo 11l (791-806). TREMISSE. Grimoaldo IV (806-817). DENARO. GRIMOALD. FILIVS. ERMENRIH. Un cardo tra due punte e due globetti. R) ARCHAN- GELVS. MICHAEL. Nel mezzo, croce accantonata da quattro | R Or. F. D. C. R1 Ar. F. D. C.          |","| 2854. rombi. | 2853. Grimoaldo 11l (791-806). TREMISSE. Grimoaldo IV (806-817). DENARO. GRIMOALD. FILIVS. ERMENRIH. Un cardo tra due punte e due globetti. R) ARCHAN- GELVS. MICHAEL. Nel mezzo, croce accantonata da quattro | R Or. F. D. C. R1 Ar. F. D. C.          |",documents/BO0624_4466
2767,2855,|                                                                                                                                                                                                                | Rt Or. C.1                              |,"| 2855.        |                                                                                                                                                                                                                | Rt Or. C.1                              |
|              | Sicardo (832-39). SoLDo.                                                                                                                                                                                       |                                         |",documents/BO0624_4466
2768,2856,| Gisulfo 11 (1042-75). SoLDo D'oRo. Croce e G. Oro F. D .C1                                                                                                                                                     | Ar. C'                                  |,| 2856.        | Gisulfo 11 (1042-75). SoLDo D'oRo. Croce e G. Oro F. D .C1                                                                                                                                                     | Ar. C'                                  |,documents/BO0624_4466
2769,2858,| 2857. BOLOGNA. Clemente VIl (1523-1534). CARLINo. Benedetto XIV (1740-58). DA 5 BOLOGNINI.                                                                                                                     | Ar. C'                                  |,| 2858.        | 2857. BOLOGNA. Clemente VIl (1523-1534). CARLINo. Benedetto XIV (1740-58). DA 5 BOLOGNINI.                                                                                                                     | Ar. C'                                  |,documents/BO0624_4466
2770,2859,| Pio V1 (1775-99). ScuDo del 1797. Rossi 587.                                                                                                                                                                   | Ar. C1                                  |,"| 2859.        | Pio V1 (1775-99). ScuDo del 1797. Rossi 587.                                                                                                                                                                   | Ar. C1                                  |
|              | 2860. BRINDISI. Ruggiero 11 - Guglielmo 1. TARì (3 es. vari)                                                                                                                                                   |                                         |
|              | 2861. - Federico Il Imperatore (1198-1250). AUGUsTALE (Verg.                                                                                                                                                   | F. D. C.                                |
|              | T. 6. N. 7) R: Or. 2872. — TARi Sette es. vari, con aquila, ovvero monog.                                                                                                                                      | FE FR ecc. Oro Cl                       |",documents/BO0624_4466
2771,2863,-- DANARO.,2863. -- DANARO.,documents/BO0624_4466
2772,2864,"BRINDISI e NAPOLI. Serie di denari di biglione di Errado l, Manfredi, Corrado 1l, Carlo l e Il d'Angiò, Roberto, Ferdinando 1 d'Aragona, ecc. Lotto di N. 78","2864. BRINDISI e NAPOLI. Serie di denari di biglione di Errado l, Manfredi, Corrado 1l, Carlo l e Il d'Angiò, Roberto, Ferdinando 1 d'Aragona, ecc. Lotto di N. 78

R. Br. F. D. C.

- rico Vl, Errico Vl e Costanza, Federico Il, Coresemplari. Bill C: -2",documents/BO0624_4466
2773,2865,- CARMAGNOLA. Ludovico Mar.se di Salluzzo (14751904. CORNABO. HOSSI 700. Ar. Cle2,"- 2865.
- CARMAGNOLA. Ludovico Mar.se di Salluzzo (14751904. CORNABO. HOSSI 700. Ar. Cle2",documents/BO0624_4466
2774,2866,- Michele Antonio Mar.se di Salluzzo. CAvALLOTTO. Rossi 777. R: Ar. Ct,"- 2866.
- Michele Antonio Mar.se di Salluzzo. CAvALLOTTO. Rossi 777. R: Ar. Ct",documents/BO0624_4466
2775,2867,FERRARA. Ercole Il D'Este (1534-59).,"2867. FERRARA. Ercole Il D'Este (1534-59).
- SCUDO D' ORO Rossi 1151. (bucato) R Or. Cr",documents/BO0624_4466
2776,2868,Paolo V. (1605-21). ½ GRosso.,"2868. Paolo V. (1605-21). ½ GRosso.
- Ar. C'",documents/BO0624_4466
2777,2869,FIRENZE. (Secolo XIII e XIV). ZECCHINO — FIORINO D'ARGENTO,"2869. FIRENZE. (Secolo XIII e XIV). ZECCHINO — FIORINO D'ARGENTO
- e PoPoLINO. (N. 3 es.) Oro e Ar. F. D. C. e C1
- Cosimo 11l (1670-1723). PIASTRA del 1676 R, Battesimo Ar. C!",documents/BO0624_4466
2778,2871,—Carlo Ludovico e Maria Luisa (1803-7. FRANCESCONE P,"2871. —Carlo Ludovico e Maria Luisa (1803-7. FRANCESCONE P
- Ar. Cl",documents/BO0624_4466
2779,2872,GENOVA. Carlo Vl Re di Francia (1396-1406). PATACCHIA. R Ar. CI,2872. GENOVA. Carlo Vl Re di Francia (1396-1406). PATACCHIA. R Ar. CI,documents/BO0624_4466
2780,2873,- Dogi Biennali (1528-1797;. CROSAZZO DOPPIO del 1704. Rossi 1611. R Ar. F. D. C.,2873. - Dogi Biennali (1528-1797;. CROSAZZO DOPPIO del 1704. Rossi 1611. R Ar. F. D. C.,documents/BO0624_4466
2781,2874,LIVORNO. Cosimo III (1670-1723). PIASTRA — PEZZA DEITA RosA ½ Tallero. Lotto di 5 es. diversi. Ar. C,2874. LIVORNO. Cosimo III (1670-1723). PIASTRA — PEZZA DEITA RosA ½ Tallero. Lotto di 5 es. diversi. Ar. C,documents/BO0624_4466
2782,2875,LUCCA. Repubblica. (OTTONE VI IMP.) (1200-1342). SCUDO D'oRo. Rossi 1726. R3 Or. F. D. C.,2875. LUCCA. Repubblica. (OTTONE VI IMP.) (1200-1342). SCUDO D'oRo. Rossi 1726. R3 Or. F. D. C.,documents/BO0624_4466
2783,2876,"Repubblica (LIBBRTÀ RICUP."" (1639-1805). ScUDO e GROSSO (2 es) Ar. C1","2876. Repubblica (LIBBRTÀ RICUP."" (1639-1805). ScUDO e GROSSO (2 es) Ar. C1",documents/BO0624_4466
2784,2877,Elisa Bonaparte e Felice Baciocchi (1805-14). FRANCHI 5. (N° 2 esemp. del 1805-1807). Ar. Cle 2,2877. Elisa Bonaparte e Felice Baciocchi (1805-14). FRANCHI 5. (N° 2 esemp. del 1805-1807). Ar. Cle 2,documents/BO0624_4466
2785,2878,MALTA. Antonio de Paula. G. M. (1613-36. TARi 4 R° Ar. Cl,2878. MALTA. Antonio de Paula. G. M. (1613-36. TARi 4 R° Ar. Cl,documents/BO0624_4466
2786,2879,Emanuele Pinto. G. M. (1741-73). ScuDI 5 ( Taggiasco N.° 16). R3 Oro F. D. C.,2879. Emanuele Pinto. G. M. (1741-73). ScuDI 5 ( Taggiasco N.° 16). R3 Oro F. D. C.,documents/BO0624_4466
2787,2880,MANTOVA. Ferdinando Carlo Gonzaga (1668-1707 DA SOLDI 40 R Monte Olimpo. Sopra Fides Ar. Cl,- 2880 MANTOVA. Ferdinando Carlo Gonzaga (1668-1707 DA SOLDI 40 R Monte Olimpo. Sopra Fides Ar. Cl,documents/BO0624_4466
2788,2881,MESSERANO. Ludovico Il Fieschi (1528-32). TESTONT Rossi 2220. R° Ar. C.,2881. MESSERANO. Ludovico Il Fieschi (1528-32). TESTONT 2. Rossi 2220. R° Ar. C.,documents/BO0624_4466
2789,2882,MESSINA. Costanza e Pietro (3 es.) - Federico 11 (5 es.) - Pietro 11 (1 es.) - Ludovico I1 (4 es.) - Federico lll (2 es.) - Ferdinando di Castiglia (3 es). TARÌ. Lotto di 18 esemplari. Ar. C1 e 2,2882. MESSINA. Costanza e Pietro (3 es.) - Federico 11 (5 es.) - Pietro 11 (1 es.) - Ludovico I1 (4 es.) - Federico lll (2 es.) - Ferdinando di Castiglia (3 es). TARÌ. Lotto di 18 esemplari. Ar. C1 e 2,documents/BO0624_4466
2790,4,2883.,4. 2883.,documents/BO0624_4466
2791,5,Carlo V - Filippo 1l e IV. TARi 4 - 2 - 1 e CINQUINA. Ar. Cle?,5. Carlo V - Filippo 1l e IV. TARi 4 - 2 - 1 e CINQUINA. Ar. Cle?,documents/BO0624_4466
2792,6,Lotto di 10 es. vari.,6. Lotto di 10 es. vari.,documents/BO0624_4466
2793,2884,MILANO. Prima Repubblica (1250 - 1310). AMBROSINO. Gnecchi N° 6. R: Ar. F. D. C.,2884. MILANO. Prima Repubblica (1250 - 1310). AMBROSINO. Gnecchi N° 6. R: Ar. F. D. C.,documents/BO0624_4466
2794,2885,- Filippo IV - Carlo Il con Maria Anna e Carlo 11 solo. DUcATONE e FILIPPo. Gnecchi 28 - 3 - 5. (N.º 3 esemplari) R. Ar. Cle?,2885. - Filippo IV - Carlo Il con Maria Anna e Carlo 11 solo. DUcATONE e FILIPPo. Gnecchi 28 - 3 - 5. (N.º 3 esemplari) R. Ar. Cle?,documents/BO0624_4466
2795,2886,- Repubblica Cisalpina (1 es.) - Napoleone 1 (2 es.) Governo Provvisorio (2 es.). 30 SOLDI e 5 LIRE. Lotto di 5 esemplari. Ar. C1,2886. - Repubblica Cisalpina (1 es.) - Napoleone 1 (2 es.) Governo Provvisorio (2 es.). 30 SOLDI e 5 LIRE. Lotto di 5 esemplari. Ar. C1,documents/BO0624_4466
2796,2887,NAPOLI. Stefano 11 Duea (821-32). ½/ FOLLARO. (A. Sambon Ducato Napol. T. x N.° 14). R? Br. CI,2887. NAPOLI. Stefano 11 Duea (821-32). ½/ FOLLARO. (A. Sambon Ducato Napol. T. x N.° 14). R? Br. CI,documents/BO0624_4466
2797,2888,"— Carlo 1 - I1 - Roberto e Ludovico d'Angiò. SaLUTo D'ARGENTO, GIGLIATO e GROSSO. (N° 5 es.) Ar. CLez","2888. — Carlo 1 - I1 - Roberto e Ludovico d'Angiò. SaLUTo D'ARGENTO, GIGLIATO e GROSSO. (N° 5 es.) Ar. CLez",documents/BO0624_4466
2798,2889,Alfonso 1 d'Aragona. ALFOxsINO (3 es. vari) - Ferdinando 1. CoRoNATo. (Vergaro T. xxII - 1 - 2 - 3 - 4). Lotto di 13 es. diversi. Ar. Cl,2889. Alfonso 1 d'Aragona. ALFOxsINO (3 es. vari) - Ferdinando 1. CoRoNATo. (Vergaro T. xxII - 1 - 2 - 3 - 4). Lotto di 13 es. diversi. Ar. Cl,documents/BO0624_4466
2799,2990,Alfonso 11 - Ferdinando Il. ARMELLINO e CINQUINA. Lotto di 7 es. vari. Ar. Clez,2990. Alfonso 11 - Ferdinando Il. ARMELLINO e CINQUINA. Lotto di 7 es. vari. Ar. Clez,documents/BO0624_4466
2800,14,2891.,14. 2891.,documents/BO0624_4466
2801,15,Federico I1l d' Aragona (1496-1501). CARLINO. K) Libro in fiamme. (2 es.) R: Ar. Cr,15. Federico I1l d' Aragona (1496-1501). CARLINO. K) Libro in fiamme. (2 es.) R: Ar. Cr,documents/BO0624_4466
2802,2392,Ludovico XII Re di Francia ( 1501 - 1504). GIGLIATO Hoffmann T. 47 N.° T7. R° Ar. CI,"2392. Ludovico XII Re di Francia ( 1501 - 1504). GIGLIATO Hoffmann T. 47 N.° T7. R° Ar. CI
- Altro esemplare. R3 Ar. Cl",documents/BO0624_4466
2803,2894,Carlo V Imp. (1519-54). ScuDo D'oRo. Rossi 2957. Oro F.D. CI,2894. Carlo V Imp. (1519-54). ScuDo D'oRo. Rossi 2957. Oro F.D. CI,documents/BO0624_4466
2804,2895,— / DUCATO (1 es.) - TARi (2 es.) - CARLINO (4 es.) - ½ CARLINO (1 es.) e CINQUINA (1 es.). Rossi 2968 - 2972 e Verg. T. 29 2 - 4 - 5 - T. 28 - 2. Lotto di 9 es. Ar. CL,2895. — / DUCATO (1 es.) - TARi (2 es.) - CARLINO (4 es.) - ½ CARLINO (1 es.) e CINQUINA (1 es.). Rossi 2968 - 2972 e Verg. T. 29 2 - 4 - 5 - T. 28 - 2. Lotto di 9 es. Ar. CL,documents/BO0624_4466
2805,2896,- Filippo 11 (1554-98). DUCATO (1 es.) - ½ DUCATO (T es.) TARI (1 es.) - CARLINO (1 es.) e ½ CARLINO (2 es.). Verg. T. 40 - 1.,2896. - Filippo 11 (1554-98). DUCATO (1 es.) - ½ DUCATO (T es.) TARI (1 es.) - CARLINO (1 es.) e ½ CARLINO (2 es.). Verg. T. 40 - 1.,documents/BO0624_4466
2806,2897,| Rossi 2297 - 2998 - 2999 - 3007 - 3005 e Verg. T. 43 - 1. Lotto di 12 es. vari. Oro e Ar. Cle 2                                                                                                                                                                                                               |,"| 2897.       | Rossi 2297 - 2998 - 2999 - 3007 - 3005 e Verg. T. 43 - 1. Lotto di 12 es. vari. Oro e Ar. Cle 2                                                                                                                                                                                                               |
|-------------|---------------------------------------------------------------------------------------------------------------------------------------------------------------------------------------------------------------------------------------------------------------------------------------------------------------|",documents/BO0624_4466
2807,2898,| — DUCATO R HILARITAS. VNIVERSA in corona d'alloro Rª C' Filippo Ill e IV. TAri e CARLINo. Verg. T. 45 - 2 - 4. Verg. T. 47 - 1. (N.° 5 es.) Ar. Cle?                                                                                                                                                          |,"| 2898.       | — DUCATO R HILARITAS. VNIVERSA in corona d'alloro Rª C' Filippo Ill e IV. TAri e CARLINo. Verg. T. 45 - 2 - 4. Verg. T. 47 - 1. (N.° 5 es.) Ar. Cle?                                                                                                                                                          |
|             | 2899. - REPUBBLICA. (Enrico Duca di Lorena) (1648). GRANA QUINDICI. Verg. T. LI N.° 1. R- Ar. C1-2                                                                                                                                                                                                            |",documents/BO0624_4466
2808,2900,| Carlo 1l (1665-1700). PIASTRA del 1648 (2 es.) Ar. F. D. C. e C1 ½ DUCATO (2 es.) — DUE CARLINI — CARTINO - DA G. 26 e 20. Verg. T. 57 - 2. T. 54 - 3 - 4. T. 55 - 3 e T. 57 - 3. Lotto di 6 es.                                                                                                              |,| 2900.       | Carlo 1l (1665-1700). PIASTRA del 1648 (2 es.) Ar. F. D. C. e C1 ½ DUCATO (2 es.) — DUE CARLINI — CARTINO - DA G. 26 e 20. Verg. T. 57 - 2. T. 54 - 3 - 4. T. 55 - 3 e T. 57 - 3. Lotto di 6 es.                                                                                                              |,documents/BO0624_4466
2809,2902,| Carlo Vl ed Elisabetta. CARLINO. Ar. C'                                                                                                                                                                                                                                                                       |,| 2902.       | Carlo Vl ed Elisabetta. CARLINO. Ar. C'                                                                                                                                                                                                                                                                       |,documents/BO0624_4466
2810,2903,| Carlo Ill e Maria Amalia. PIASTRA e Carlo 111 Solo PIASTRA E G. 5. (N.° 3 es.) Ar. C                                                                                                                                                                                                                          |,| 2903.       | Carlo Ill e Maria Amalia. PIASTRA e Carlo 111 Solo PIASTRA E G. 5. (N.° 3 es.) Ar. C                                                                                                                                                                                                                          |,documents/BO0624_4466
2811,2904,| Ferdinando IV e Maria Carolina. PIASTRA. - Fer- dinando IV. PIASTRA (2 es.) e ½ PIASTRA Repubblica 1799 CARLINI SEI - Ferdinando 11. PIASTRA (2 es.) - France-                                                                                                                                                |,| 2904.       | Ferdinando IV e Maria Carolina. PIASTRA. - Fer- dinando IV. PIASTRA (2 es.) e ½ PIASTRA Repubblica 1799 CARLINI SEI - Ferdinando 11. PIASTRA (2 es.) - France-                                                                                                                                                |,documents/BO0624_4466
2812,2905,"2906. | sco Il. PIASTRA e G. 20 (4 es.) Lotto di 11 es. vari. Ar. F. D. C. e CI Giuseppe Napoleone. PIASTRA (3 es.) - Gioacchino Murat. G. 2 E 3 (3 es.) Lotto di 6 es. Ar. e Br. F. D. C. e Ci — Lotto di N.º 54 monete di bronzo, 14 de' re normanni, Rug- giero 1, Guglielmo 1 e Il e 40 degli Aragonesi della 1.2 |","| 2905. 2906. | sco Il. PIASTRA e G. 20 (4 es.) Lotto di 11 es. vari. Ar. F. D. C. e CI Giuseppe Napoleone. PIASTRA (3 es.) - Gioacchino Murat. G. 2 E 3 (3 es.) Lotto di 6 es. Ar. e Br. F. D. C. e Ci — Lotto di N.º 54 monete di bronzo, 14 de' re normanni, Rug- giero 1, Guglielmo 1 e Il e 40 degli Aragonesi della 1.2 |",documents/BO0624_4466
2813,2907,"| 1ll e 1V. ecc. Br. Cle2 - Lotto di 20 monete di bronzo di Ferdinando 1, Fran- cesco 1, Ferdinando ll e Francesco 11. Br. F. D. C. e C' 2908. PALERMO. Filippo V (1700 - 1708). ½ TARi. Rossi 3214.                                                                                                            |","| 2907.       | 1ll e 1V. ecc. Br. Cle2 - Lotto di 20 monete di bronzo di Ferdinando 1, Fran- cesco 1, Ferdinando ll e Francesco 11. Br. F. D. C. e C' 2908. PALERMO. Filippo V (1700 - 1708). ½ TARi. Rossi 3214.                                                                                                            |
|             | Oro e Ar. Cl                                                                                                                                                                                                                                                                                                  |",documents/BO0624_4466
2814,2911,| 2909. — Carlo 1ll (1708-34). ONcIA E PIASTRA (2 es.)                                                                                                                                                                                                                                                          |,"| 2911.       | 2909. — Carlo 1ll (1708-34). ONcIA E PIASTRA (2 es.)                                                                                                                                                                                                                                                          |
|             | 2910. - Ferdinando IV. ONcIA D'ARGENTO (2 es.). Ar. F. D. C. - TARi 12- 1 e ½. Lotto di 6 es. Ar. Cl                                                                                                                                                                                                          |
|             | 2912. PAVIA. Longobarde incerte. VII Sec.                                                                                                                                                                                                                                                                     |
|             | Busto a d. VIVIVI R VVIOVAVVIO Croce, nel campo stella, ovvero B. (N. 2 es.) Oro CI                                                                                                                                                                                                                           |",documents/BO0624_4466
2815,2913,| - Ottone 1 e ll Imp. (962-67). DANARO. Ar. Cl                                                                                                                                                                                                                                                                 |,| 2913.       | - Ottone 1 e ll Imp. (962-67). DANARO. Ar. Cl                                                                                                                                                                                                                                                                 |,documents/BO0624_4466
2816,2914,PESARO. Costanzo 1 Sforza (1473 - 83). 1' GIULIO. Rossi 3434. Ar. F. D. C. 2915. RIMINI. Repubblica (1250-1355). ½ GROSSO. Rossi 3641. R. Ar. C' 2916. ROMA. Urbano V (1362-70). ½ GRosso. Cin. 13 Ar. C' 2917. Nicolo V (1447-55). ZEccHINo. Cinag. N. 1. (2 es.) R$ Oro C' 2918. 2919. Paolo 11 (1464-71). ZeccHINo Cinag. 12. R3 Oro C' Sisto IV (1471-84). ZEcCHINo. Cinag: N. R: Or. F. D. C. Innocenzo VIII (1484 - 92). ZEcCHINo. Cinag. N. 3. R3 Oro F. D. C. 2921. 2922. Ar. C Urbano VIll (1623-44). QUATTRINO. Innocenzo XI (1676-89). TESTONE. Cinag: 83 - 89. (2 es.). Ar. F. D. C. 2923. Alessandro VIII (1689-91 ). TESTONE. Cinag. 24. (2 es.). Ar. F. D. C. e CL-2 1924. - Innocenzo XII (1691-1700). TESTONE. Cinag. 68. Ar. F. D. C. 2925. 2926. Clemente XI (1700-21). ScuDo: Cinag. 65. R: Ar. C' Pio VI (1775-99). ScUDO — ½ ScuDo (2 es.) — da B. 25 (2 esemp.). Cin. 121 - 151 - 156 - 294. Lotto di 4 es. Ar. F. D. C. e CI 2927. SALERNO. Gisulfo. TAri D'oro con leggende cufiche. R. Oro. 2928. SAVOJA. Vittorio Amedeo Il e Maria Batt di Savoia. DA SoLDI 10 - Vittorio Amedeo 11. DA SOLDI 5. (2 es.) Ar. Cl 2929. SIENA. Repubblica (SEc. XI-XIV). PICCOLO R) + ALFA ETO Croce. Ar. Cl Ar. C! 2930. Cosimo 1 (1557-74). GIULIo. 2931. TORINO. Carlo Alberto ( 1831-49). LIRE CINQUE del 1844. Ar. CI URBINO. Francesco Marial della Rovere (1508-15) 1 GRosso (bucato). R° Ar. CL-2 2933. Guidobaldo Il (1538-74). ARMELLINO ( 2 es.). Ar. C' 2934. VENEZIA. Jacopo Contarini (1275-80). PIccoLo R Ar. Ci Pietro Gradenigo (1289-1311). PiccoLo. (2 es.) Ar. Cl Francesco Dandolo (1328-39). ZEccHINo. Oro C' 2937. Giovanni Gradenigo (1355-56). ZeccHINo. R Oro Cl 2938. Nicolò Marcello (1473-74). ZEccHINo. Rt Oro Cl 2939. Giovanni Mocenigo (1478-85). MARCELLO. Ar. C',2914. PESARO. Costanzo 1 Sforza (1473 - 83). 1' GIULIO. Rossi 3434. Ar. F. D. C. 2915. RIMINI. Repubblica (1250-1355). ½ GROSSO. Rossi 3641. R. Ar. C' 2916. ROMA. Urbano V (1362-70). ½ GRosso. Cin. 13 Ar. C' 2917. Nicolo V (1447-55). ZEccHINo. Cinag. N. 1. (2 es.) R$ Oro C' 2918. 2919. Paolo 11 (1464-71). ZeccHINo Cinag. 12. R3 Oro C' Sisto IV (1471-84). ZEcCHINo. Cinag: N. R: Or. F. D. C. Innocenzo VIII (1484 - 92). ZEcCHINo. Cinag. N. 3. R3 Oro F. D. C. 2921. 2922. Ar. C Urbano VIll (1623-44). QUATTRINO. Innocenzo XI (1676-89). TESTONE. Cinag: 83 - 89. (2 es.). Ar. F. D. C. 2923. Alessandro VIII (1689-91 ). TESTONE. Cinag. 24. (2 es.). Ar. F. D. C. e CL-2 1924. - Innocenzo XII (1691-1700). TESTONE. Cinag. 68. Ar. F. D. C. 2925. 2926. Clemente XI (1700-21). ScuDo: Cinag. 65. R: Ar. C' Pio VI (1775-99). ScUDO — ½ ScuDo (2 es.) — da B. 25 (2 esemp.). Cin. 121 - 151 - 156 - 294. Lotto di 4 es. Ar. F. D. C. e CI 2927. SALERNO. Gisulfo. TAri D'oro con leggende cufiche. R. Oro. 2928. SAVOJA. Vittorio Amedeo Il e Maria Batt di Savoia. DA SoLDI 10 - Vittorio Amedeo 11. DA SOLDI 5. (2 es.) Ar. Cl 2929. SIENA. Repubblica (SEc. XI-XIV). PICCOLO R) + ALFA ETO Croce. Ar. Cl Ar. C! 2930. Cosimo 1 (1557-74). GIULIo. 2931. TORINO. Carlo Alberto ( 1831-49). LIRE CINQUE del 1844. Ar. CI URBINO. Francesco Marial della Rovere (1508-15) 1 GRosso (bucato). R° Ar. CL-2 2933. Guidobaldo Il (1538-74). ARMELLINO ( 2 es.). Ar. C' 2934. VENEZIA. Jacopo Contarini (1275-80). PIccoLo R Ar. Ci Pietro Gradenigo (1289-1311). PiccoLo. (2 es.) Ar. Cl Francesco Dandolo (1328-39). ZEccHINo. Oro C' 2937. Giovanni Gradenigo (1355-56). ZeccHINo. R Oro Cl 2938. Nicolò Marcello (1473-74). ZEccHINo. Rt Oro Cl 2939. Giovanni Mocenigo (1478-85). MARCELLO. Ar. C',documents/BO0624_4466
2817,2941,2942.,"2941.

2942.",documents/BO0624_4466
2818,2943,2944.,"2943.

2944.",documents/BO0624_4466
2819,2945,23-0.,"2945

23-0.",documents/BO0624_4466
2820,2947,Anonime. Da 3 GazzerTE (2 es. vari).,"2947. Anonime. Da 3 GazzerTE (2 es. vari).

Agostino Barbarigo (1486-1501). ZeccHINO. R: Oro F.D.C.

Leonardo Loredan (1501-21).

Marino Grimani (1595-1606). ZEccHINO.

Ar. C

Oro C

Antonio Priuli (1618-23). ZEecHINo.

Oro C

Franceseo Erizzo (1631 - 46. ½ ZECCHINO FRANC. ERI

DuCatO)

Rt Oro C

Francesco Loredano (1752-1462). ZEcCHINO.

Oro C'

Lodovico Manin ( 1789 - 97). OsELLA (Werdnig 277)

Ar. F. D. C.

Ar. C'

## Monete Estere",documents/BO0624_4466
2821,2948,Mattia Corvino (1458-90. FIoRINo. (2 es. vari).                                        | Oro Cl       |,"| 2948. Mattia Corvino (1458-90. FIoRINo. (2 es. vari).                                        | Oro Cl       |
|----------------------------------------------------------------------------------------------|--------------|",documents/BO0624_4466
2822,2949,Leopoldo Il Imp. di Germania ed Austria (1695). TArERo.                                | Ar. F. D. C. |,| 2949. Leopoldo Il Imp. di Germania ed Austria (1695). TArERo.                                | Ar. F. D. C. |,documents/BO0624_4466
2823,2950,Francesco 1 Imp. di Germania ed Austria. TaLLERo. Ar. C'                               |              |,| 2950. Francesco 1 Imp. di Germania ed Austria. TaLLERo. Ar. C'                               |              |,documents/BO0624_4466
2824,2951,Maria Teresa Imp. di Germania ed Austria. TALLeRo e / TALLERo. Lotto di 5 es. diversi. | Ar. C!       |,| 2951. Maria Teresa Imp. di Germania ed Austria. TALLeRo e / TALLERo. Lotto di 5 es. diversi. | Ar. C!       |,documents/BO0624_4466
2825,2952,Francesco Il Imp. di Germania ed Austria. TALLERO DEL 1793.                            |              |,| 2952. Francesco Il Imp. di Germania ed Austria. TALLERO DEL 1793.                            |              |,documents/BO0624_4466
2826,2953,Leopoldo Arciduca d' Austria. (3 es. diversi).                                         | Ar. C'       |,| 2953. Leopoldo Arciduca d' Austria. (3 es. diversi).                                         | Ar. C'       |,documents/BO0624_4466
2827,2954,Giorgio Guglielmo Elettore di Brandenburgo. ½ TATLERO.                                 | Ar. C        |,| 2954. Giorgio Guglielmo Elettore di Brandenburgo. ½ TATLERO.                                 | Ar. C        |,documents/BO0624_4466
2828,2955,Paride Arcivescovo di Salisburgo. TALLERO.                                             | Ar. C        |,| 2955. Paride Arcivescovo di Salisburgo. TALLERO.                                             | Ar. C        |,documents/BO0624_4466
2829,3956,Carlo Gaspare Arcivescovo di Treviri e Principe del S. R. I. FIORINO.                  | Ar. Cl       |,| 3956. Carlo Gaspare Arcivescovo di Treviri e Principe del S. R. I. FIORINO.                  | Ar. Cl       |,documents/BO0624_4466
2830,2957,Beda - Principe del S. R. 1. Abbate di Berna.                                          | A TRAMPIO    |,| 2957. Beda - Principe del S. R. 1. Abbate di Berna.                                          | A TRAMPIO    |,documents/BO0624_4466
2831,2958,Gaule Subalpine. 5 FRANOS.                                                             | Ar. C'       |,| 2958. Gaule Subalpine. 5 FRANOS.                                                             | Ar. C'       |,documents/BO0624_4466
2832,2959,Provincia del Rio de la Plata.                                                         | Ar. C        |,| 2959. Provincia del Rio de la Plata.                                                         | Ar. C        |,documents/BO0624_4466
2833,2960,Repubblica Peruviana. UN soL.                                                          | Ar. C        |,| 2960. Repubblica Peruviana. UN soL.                                                          | Ar. C        |,documents/BO0624_4466
2834,2961,SPAGNA. Ferdinando il Cattolico Elisabetta.                                            |              |,"| 2961. SPAGNA. Ferdinando il Cattolico Elisabetta.                                            |              |
| DOPPIo ScUDo. Busti affrontati R Stemma.                                                     | R Oro Cl     |",documents/BO0624_4466
2835,2962,— TESTONE E GRosso (3 es.)                                                             | Ar. Cle 2    |,| 2962. — TESTONE E GRosso (3 es.)                                                             | Ar. Cle 2    |,documents/BO0624_4466
2836,2300,-                                | Carlo Il. CARLINo.                                       | Ar. C   |,"| 2300. -                                | Carlo Il. CARLINo.                                       | Ar. C   |
|----------------------------------------|----------------------------------------------------------|---------|",documents/BO0624_4466
2837,2964,| Carlo Ill. CoLONNaTO (2. es.)                            | Ar. C'  |,| 2964.                                  | Carlo Ill. CoLONNaTO (2. es.)                            | Ar. C'  |,documents/BO0624_4466
2838,2965,"— Isabella 1l. 10 REALES (2 es.) | Ar, Cl                                                   |         |","| 2965. — Isabella 1l. 10 REALES (2 es.) | Ar, Cl                                                   |         |
|                                        | 2966. - PORTOGALLO. Emanuele III. ScUDo D'oRo. Rª Oro CL |         |

## Pedaglie",documents/BO0624_4466
2839,2967,PHILIPPVS. III. HISPAN. ET. SICIL. REX. Busto del Re a d. coronato dalla Vittoria. R) FIDELITAS ecc. Aquila coronata. a. s. Mill. 50 Br.,2967. PHILIPPVS. III. HISPAN. ET. SICIL. REX. Busto del Re a d. coronato dalla Vittoria. R) FIDELITAS ecc. Aquila coronata. a. s. Mill. 50 Br.,documents/BO0624_4466
2840,2968,CAROLUS ET AMALIA - VTR. SIC. ET. HIER. REG. Busti affron- tati Ri. PRIMVM. CALABRO ecc. MD. CCLIV. Figura sedente e Mercurio. Belliss. Mill. 45. Ar.,2968. CAROLUS ET AMALIA - VTR. SIC. ET. HIER. REG. Busti affron- 3. tati Ri. PRIMVM. CALABRO ecc. MD. CCLIV. Figura sedente e Mercurio. Belliss. Mill. 45. Ar.,documents/BO0624_4466
2841,2969,— R FELICITAS MILITUM ET POPULORUM MDCCLI. Stemmi coronati. Mill. 40 Ar.,2969. — R FELICITAS MILITUM ET POPULORUM MDCCLI. Stemmi coronati. Mill. 40 Ar.,documents/BO0624_4466
2842,2970,- Due stemmi Sormontati da corona PERMIXTI HEROES MDCCXXXVIII. R) SVRGAT GENS AVREA MVNDO. Scritto in tre linee entro un cartello. Mill. 40. Ar.,2970. - Due stemmi Sormontati da corona PERMIXTI HEROES MDCCXXXVIII. R) SVRGAT GENS AVREA MVNDO. Scritto in tre linee entro un cartello. Mill. 40. Ar.,documents/BO0624_4466
2843,2971,CAROLVS. III. HISPANIARUM REX. Ritratto a d. R IVSTITIA ec. La Giustizia e la Pace che si abbracciano. Mill. 50 Br.,2971. CAROLVS. III. HISPANIARUM REX. Ritratto a d. R IVSTITIA ec. La Giustizia e la Pace che si abbracciano. Mill. 50 Br.,documents/BO0624_4466
2844,2872,CAROLVS III HISPA REX. Busto a d. R) OB PRIMAM. REG. PROLEM ecc. MDCCLXXII. Mill. 24 Ar.,2872. CAROLVS III HISPA REX. Busto a d. R) OB PRIMAM. REG. PROLEM ecc. MDCCLXXII. Mill. 24 Ar.,documents/BO0624_4466
2845,2973,"FRANCISCUS. FERDINANDI IV. M. CLEMENTINA. LEOPOLDI II F. Due busti a d. Nell'esergo SPES. ALTERA. REGNI. R) FELIX. FAUSTUMQVE SIT. Nel Campo Ara sormontata da un' aquila, a d. un genio colla face accesa; a. S. amore con arco e un fiordaliso, Bellona assisa preme col piede la face; altre deità mitologiche con fiori. In fondo il mare con navi; colombe ec. (D. PERCER). (Francesco I Re delle Due Sicilie. Matrimonio con Maria Clementina a Foggia 1797). Belliss. gr. 185 1/2 Mill. 71. Ar.","2973. FRANCISCUS. FERDINANDI IV. M. CLEMENTINA. LEOPOLDI II F. Due busti a d. Nell'esergo SPES. ALTERA. REGNI. R) FELIX. FAUSTUMQVE SIT. Nel Campo Ara sormontata da un' aquila, a d. un genio colla face accesa; a. S. amore con arco e un fiordaliso, Bellona assisa preme col piede la face; altre deità mitologiche con fiori. In fondo il mare con navi; colombe ec. (D. PERCER). (Francesco I Re delle Due Sicilie. Matrimonio con Maria Clementina a Foggia 1797). Belliss. gr. 185 1/2 Mill. 71. Ar.",documents/BO0624_4466
2846,2974,CAROLO. VI. IMP. HIS. SICILE AC. HIER. REGI. III. Testa a d. all'esergo S. P. Q. P. K) AB. AVSTRO. PROSPERITAS. ET FELI- CITAS 1720. Veduta del mare con nave e faro. (A.TRA.) Mill. 44. Ar.,2974. CAROLO. VI. IMP. HIS. SICILE AC. HIER. REGI. III. Testa a d. all'esergo S. P. Q. P. K) AB. AVSTRO. PROSPERITAS. ET FELI- 10. CITAS 1720. Veduta del mare con nave e faro. (A.TRA.) Mill. 44. Ar.,documents/BO0624_4466
2847,2975,FERDINAN. IV. D. G. SICILIAR. ET. HIE. REX. Busto a d. R) PER. MEZZO. DELLA. DIVINA. PROVVIDENZA con veduta del golfo di Napoli. (3 es.) Mill. 47. Br.,2975. FERDINAN. IV. D. G. SICILIAR. ET. HIE. REX. Busto a d. R) PER. MEZZO. DELLA. DIVINA. PROVVIDENZA con veduta del golfo di Napoli. (3 es.) Mill. 47. Br.,documents/BO0624_4466
2848,2976,FERDINANDVS. I. REGNI. VTRIVSQUE. SICILIA. REX. Testa coronata a d. R PIO IN HAEREDE SVPERSTES. La Religione e la Carità presso la tomba di Francesco di PaolA. (CATENAOCI F). Mill. 58. Br.,2976. FERDINANDVS. I. REGNI. VTRIVSQUE. SICILIA. REX. Testa coronata a d. R PIO IN HAEREDE SVPERSTES. La Religione e la Carità presso la tomba di Francesco di PaolA. (CATENAOCI F). Mill. 58. Br.,documents/BO0624_4466
2849,2977,FERDINANDVS. II. ET. MARIA. THERESIA. AVSTRIACA. RENOVO. SANGVINIS NEXV. FIRMATA. Un ara con sopra due GNI. VTR. SIC. R. R. Due Busti a d. R VETERI. CONCORDIA. colombe; Imene che prende da Amore la face. 1837.,2977. FERDINANDVS. II. ET. MARIA. THERESIA. AVSTRIACA. RENOVO. SANGVINIS NEXV. FIRMATA. Un ara con sopra due 3. GNI. VTR. SIC. R. R. Due Busti a d. R VETERI. CONCORDIA. colombe; Imene che prende da Amore la face. 1837.,documents/BO0624_4466
2850,2978,"FERDINANDUS IV VTRIVSQVE SICIL. REX P. F. A. Busto a d. R EXPECTATE. REDI. Il fiume Sebeto, una Sirena, il Vesuvio; in alto il Sole. Nell'esergo VOTA PUBLICA MDCCIC. (D. PERGER) Mill. 70. Br. dorato. Belliss. gr. 123. Mill. 70. Ar.","2978. FERDINANDUS IV VTRIVSQVE SICIL. REX P. F. A. Busto a d. R EXPECTATE. REDI. Il fiume Sebeto, una Sirena, il Vesuvio; in alto il Sole. Nell'esergo VOTA PUBLICA MDCCIC. (D. PERGER) 5. Mill. 70. Br. dorato. Belliss. gr. 123. Mill. 70. Ar.",documents/BO0624_4466
2851,2979,— T. allegorica dell' architettura R) CONCERT DV 13 JVIN M.LLE M. HEILBRON - SOCIETE. CENTRALE. DES. ARCHITECTES MDCCCVL. Mill. 39. Ar.,2979. — T. allegorica dell' architettura R) CONCERT DV 13 JVIN M.LLE M. HEILBRON - SOCIETE. CENTRALE. DES. ARCHITECTES MDCCCVL. Mill. 39. Ar.,documents/BO0624_4466
2852,2980,"F. IOANNES. DE. VALLETE. M. HOSP. HIE. Busto del Principe a s. rivestito della sua armatura. R HABEO. TE. Sbarco dei templari in Africa. Una nave che approda sul lido africano, dalla quale si slancia un guerriero. Dappresso un elefante. (piecolo buco). Bello esem. Mill. 60 R° Br.","2980. F. IOANNES. DE. VALLETE. M. HOSP. HIE. Busto del Principe a s. rivestito della sua armatura. R HABEO. TE. Sbarco dei templari in Africa. Una nave che approda sul lido africano, dalla quale si slancia un guerriero. Dappresso un elefante. (piecolo buco). Bello esem. Mill. 60 R° Br.",documents/BO0624_4466
2853,2981,"PETRVS. GYRON. OSS. DVX. G. VRENIE. COM. X. Busto a d. R, PRIMVS. ET. IRE. VIAM. Cavallo galoppante a s. Mill. 45. Br.","2981. PETRVS. GYRON. OSS. DVX. G. VRENIE. COM. X. Busto a d. 9. R, PRIMVS. ET. IRE. VIAM. Cavallo galoppante a s. Mill. 45. Br.",documents/BO0624_4466
2854,2982,EQVES. IOA. LAVRENT. BERNINVS. ETATIS. SVE ANNO 76-1674,2982. EQVES. IOA. LAVRENT. BERNINVS. ETATIS. SVE ANNO 76-1674,documents/BO0624_4466
2855,11,Busto a d. 1) SINGVLARIS. IN. SINGULIS. IN OMNIBVS VNICVS. Quattro figure rappresentanti le Arti. (P. CHERON).,11. Busto a d. 1) SINGVLARIS. IN. SINGULIS. IN OMNIBVS VNICVS. Quattro figure rappresentanti le Arti. (P. CHERON).,documents/BO0624_4466
2856,12,Mill. 72. Br. dorato. 2983. JAC. T. S. MARIAE ecc. CAR. DE. ANGELIS. Busto a d. R) IO.,12. Mill. 72. Br. dorato. 2983. JAC. T. S. MARIAE ecc. CAR. DE. ANGELIS. Busto a d. R) IO.,documents/BO0624_4466
2857,13,PHIL. EQV. ET. PRIOR. S. STEPH ecc. Busto a s. Mill. 40. Br.,13. PHIL. EQV. ET. PRIOR. S. STEPH ecc. Busto a s. Mill. 40. Br.,documents/BO0624_4466
2858,2984,"LODOVICUS. CARD. LUDOVISIUS. S. R. E. VICECANCELL. IGNATIO. CUI. GREGORIUS. XV ecc. k) VT. SAPIENS, ARCHITECTVS. FONDAMENTVM. POSVI ece. Busto di S. Ignazio a d. (2 es. diversi). Mill. 63. Br.","2984. LODOVICUS. CARD. LUDOVISIUS. S. R. E. VICECANCELL. IGNATIO. CUI. GREGORIUS. XV ecc. k) VT. SAPIENS, ARCHITECTVS. FONDAMENTVM. POSVI ece. Busto di S. Ignazio a d. (2 es. diversi). Mill. 63. Br.",documents/BO0624_4466
2859,2985,IGNATIVS. II. BISCARIS. PRINCEPS. V. AET. ANN. XXXIIX. Busto del Principe a s. R) PVBLICAE. VTILITATI ecc. Catania 1762 — in ghirlanda. Mill. 86. Br.,2985. IGNATIVS. II. BISCARIS. PRINCEPS. V. AET. ANN. XXXIIX. Busto del Principe a s. R) PVBLICAE. VTILITATI ecc. Catania 1762 — in ghirlanda. Mill. 86. Br.,documents/BO0624_4466
2860,2986,LUD. XIV. D. G. FR. ET. NAV. REX. Il Re a cavallo a s. R QUIS. CONTRA. NOS. Il Re che abbatte l'Eresia. Mill. 43. Br.,2986. LUD. XIV. D. G. FR. ET. NAV. REX. Il Re a cavallo a s. R QUIS. CONTRA. NOS. Il Re che abbatte l'Eresia. Mill. 43. Br.,documents/BO0624_4466
2861,2987,FREDERIC D. G. BORVS REX ecc. Il Re a cavallo. a s. 1) QUO NIHIL. MAJUS ecc. Battaglia; nell' esergo ROSBACH. NOV. 5 1757. Mill. 48. Br,2987. FREDERIC D. G. BORVS REX ecc. Il Re a cavallo. a s. 1) QUO NIHIL. MAJUS ecc. Battaglia; nell' esergo ROSBACH. NOV. 5 1757. Mill. 48. Br,documents/BO0624_4466
2862,2988,PHIL. LAVORVS. ROMANVS. PICTOR. Busto a d. k SIMVLAT. ET. SVPERAT. Pittore che copia un erma. Mill. 53. Br,2988. PHIL. LAVORVS. ROMANVS. PICTOR. Busto a d. k SIMVLAT. 4. ET. SVPERAT. Pittore che copia un erma. Mill. 53. Br,documents/BO0624_4466
2863,2989,MEDAGLIETTA RELIGIOSA DEL XVII SECOLO. - Il Salvatore a mensa circondato dagli apostoli. R La Vergine col divino pargoletto. Mill. 30. Ar.,2989. MEDAGLIETTA RELIGIOSA DEL XVII SECOLO. - Il Salvatore a mensa circondato dagli apostoli. R La Vergine col divino pargoletto. Mill. 30. Ar.,documents/BO0624_4466
2864,2990,DER WELT IST GUTT - NICHT DÜRCH BRILLEN. — Da una parte un uomo in costume del xviI secolo che pone la mano innanzi agli occhi; dall' altra una donna senza testa. Mill. 40. Ar.,2990. DER WELT IST GUTT - NICHT DÜRCH BRILLEN. — Da una parte un uomo in costume del xviI secolo che pone la mano innanzi agli occhi; dall' altra una donna senza testa. Mill. 40. Ar.,documents/BO0624_4466
2865,2991,MEDAGLIA DEL XVII SECOLO. — La nascita di N. S. In una,2991. MEDAGLIA DEL XVII SECOLO. — La nascita di N. S. In una,documents/BO0624_4466
2866,8,"grotta vedesi, su di un mucchio di paglia, il divino pargoletto; attorno la Vergine, S. Giuseppe ed un angelo. Al disopra della grotta i re magi ed i pastori che seguono la stella miracolosa. R Il battesimo di N. S. sulle rive del fiume Giordano. Presso il Salvatore due angioli che pregano; in lontananza una città","8. grotta vedesi, su di un mucchio di paglia, il divino pargoletto; attorno la Vergine, S. Giuseppe ed un angelo. Al disopra della grotta i re magi ed i pastori che seguono la stella miracolosa. R Il battesimo di N. S. sulle rive del fiume Giordano. Presso il Salvatore due angioli che pregano; in lontananza una città",documents/BO0624_4466
2867,9,Gr. 12 ½ Mill. 41. Oro.,9. Gr. 12 ½ Mill. 41. Oro.,documents/BO0624_4466
2868,2992,"Lotto di sette medaglie del xvi secolo dubbie, di moduli varii Br","2992. Lotto di sette medaglie del xvi secolo dubbie, di moduli varii Br",documents/BO0624_4466
2869,2993,PIVS. III. PONT MAX - MDIII. Busto del Pontefice a d. R D. C. PICCOLOMINI GLORIA. SENENSI. Stemma sormontato da tiara e chiavi decussate. Mill. 44. Ar.,2993. PIVS. III. PONT MAX - MDIII. Busto del Pontefice a d. R D. C. 12. PICCOLOMINI GLORIA. SENENSI. Stemma sormontato da tiara e chiavi decussate. Mill. 44. Ar.,documents/BO0624_4466
2870,2994,ALEXANDER VIII OTTHOBONUS VENETUS PONT. MAX. Busto a s. R) PETRUS. CARD. OTTHOBONUS S. R. E. VICECANC ecc. 1700. Monumento funebre (2 es.) Mill. 63. Br.,2994. ALEXANDER VIII OTTHOBONUS VENETUS PONT. MAX. Busto a s. R) PETRUS. CARD. OTTHOBONUS S. R. E. VICECANC ecc. 1700. Monumento funebre (2 es.) Mill. 63. Br.,documents/BO0624_4466
2871,2995,INNOCENT XII AN V. R QVAES TVS. MAGNVS ecc. (10 HAMERANUS. F). Mill. 33. Ar.,2995. INNOCENT XII AN V. R QVAES TVS. MAGNVS ecc. (10 HAMERANUS. F). Mill. 33. Ar.,documents/BO0624_4466
2872,2996,CLEMENTE XIII. AN IV. R ADVENTVS. PONTIFICIS. CENTVM CELL. Sbarco a Civtavecchia Mill. 34. Ar,2996. CLEMENTE XIII. AN IV. R ADVENTVS. PONTIFICIS. CENTVM CELL. Sbarco a Civtavecchia Mill. 34. Ar,documents/BO0624_4466
2873,2997,"CLEMENS XIII. ANNO VII. Ritratto a s. kị CVRA PRINCIPS ecc. I due Centauri, collocati in Campidoglio. ecc. Mill. 39. Ar.","2997. CLEMENS XIII. ANNO VII. Ritratto a s. kị CVRA PRINCIPS ecc. I due Centauri, collocati in Campidoglio. ecc. Mill. 39. Ar.",documents/BO0624_4466
2874,2998,PIUS VII AN II. R SCHOLA. PICTORVM CAPITOLINA. Scuola dei pittori in Campidoglio. (G. HAMERANI) Mill. 46. Ar.,2998. PIUS VII AN II. R SCHOLA. PICTORVM CAPITOLINA. Scuola dei pittori in Campidoglio. (G. HAMERANI) Mill. 46. Ar.,documents/BO0624_4466
2875,2999,LEO. XII. PONT. MAX. ANNO IV. Busto a s. nị BAPTISTERIO LIBERIANO ecc. Battisterio. Mill. 42. Br.,2999. LEO. XII. PONT. MAX. ANNO IV. Busto a s. nị BAPTISTERIO LIBERIANO ecc. Battisterio. Mill. 42. Br.,documents/BO0624_4466
2876,3000,GREGORIUS XVI ANNO VIII. R) PORTCV. BRVTIS ece. Fabbricato in piazza Colonna. (CERBAR1. IOSEPH F ) Mill. 43. Ar.,3000. GREGORIUS XVI ANNO VIII. R) PORTCV. BRVTIS ece. Fabbricato in piazza Colonna. (CERBAR1. IOSEPH F ) Mill. 43. Ar.,documents/BO0624_4466
2877,3001,GREGORIUS XVI ANNO IX. R) MIRABILIS. DEVS. IN. SANCTIS. SVIS ecc. (GIROMETTI F ) Mill. 43. Ar.,3001. GREGORIUS XVI ANNO IX. R) MIRABILIS. DEVS. IN. SANCTIS. SVIS ecc. (GIROMETTI F ) Mill. 43. Ar.,documents/BO0624_4466
2878,3002,GREGORIUS XVI ANNO IV. R) CATILLO. MONTE. AD. ANIE- NEM ecc. (CEBBARA. LOSEPH. F). Mill. 43. Ar.,3002. GREGORIUS XVI ANNO IV. R) CATILLO. MONTE. AD. ANIE- 4. NEM ecc. (CEBBARA. LOSEPH. F). Mill. 43. Ar.,documents/BO0624_4466
2879,3003,PIUS IX ANNO XXI. R HOSPITIVM. DEMENTIBVS. CVRAND ecc. (T. BIANCHI. F.). Mill. 43. Ar.,3003. PIUS IX ANNO XXI. R HOSPITIVM. DEMENTIBVS. CVRAND ecc. (T. BIANCHI. F.). Mill. 43. Ar.,documents/BO0624_4466
2880,3004,PAVLVS II - VRBANVS. VIII - PHILIPPVS V ecc. Lotto di 16 medaglie diverse. Br.,3004. PAVLVS II - VRBANVS. VIII - PHILIPPVS V ecc. Lotto di 16 7. medaglie diverse. Br.,documents/BO0624_4466
2881,3005,BENEDICTVS XIII - PETRVS. CYRON - IONNES MELI ecc. Lotto di 12 medaglie diverse. Br.,3005. BENEDICTVS XIII - PETRVS. CYRON - IONNES 9. MELI ecc. Lotto di 12 medaglie diverse. Br.,documents/BO0624_4466
2882,3006,FRANCOIS Ier MARIE. ISABELLE. FRANCOIS DE PAULE Ce DE TRAPANI. Teste a s. R). Reunion de onze membre de la famille des Bourbon a Grenoble le 31 Oct 1829. Otto ritratti con iserizioni. (Bane Ft De Puymanrin N. P). Belliss. Mill. 50. Ar.,3006. FRANCOIS Ier MARIE. ISABELLE. FRANCOIS DE PAULE Ce DE TRAPANI. Teste a s. R). Reunion de onze membre de la famille 11. des Bourbon a Grenoble le 31 Oct 1829. Otto ritratti con iserizioni. (Bane Ft De Puymanrin N. P). Belliss. Mill. 50. Ar.,documents/BO0624_4466
2883,3007,- Idem. Mill. 50. Br.,3007. - Idem. Mill. 50. Br.,documents/BO0624_4466
2884,3008,LVD. XV. REX. CHRISTIANISS. Busto a d. R + CONVENTVS.,3008. LVD. XV. REX. CHRISTIANISS. Busto a d. R + CONVENTVS.,documents/BO0624_4466
2885,14,CLERI. GALLICANI HABITVS. IVT. PARISIOR MDCCXLV.,14. CLERI. GALLICANI HABITVS. IVT. PARISIOR MDCCXLV.,documents/BO0624_4466
2886,15,Mill. 30. Ar.,15. Mill. 30. Ar.,documents/BO0624_4466
2887,3009,"S. M. LOUIS. XVIII ORDONNE ecc. R) GALLIA - VICTRICE - AEGYPTUS ecc. La Francia e l'Egitto. (BARRE). Mill. 68, Br. dorato.","3009. S. M. LOUIS. XVIII ORDONNE ecc. R) GALLIA - VICTRICE - 17. AEGYPTUS ecc. La Francia e l'Egitto. (BARRE). Mill. 68, Br. dorato.",documents/BO0624_4466
2888,3010,LOUIS XVIII ROI DE FRANCE ET NAVARRE. T. a d. R). Né 1755. CHARTE CONSTITUTIONNELLE. 1814 ecc. (CAQUE. F.) Mill. 50. Br.,3010. LOUIS XVIII ROI DE FRANCE ET NAVARRE. T. a d. R). Né 1755. CHARTE CONSTITUTIONNELLE. 1814 ecc. (CAQUE. F.) Mill. 50. Br.,documents/BO0624_4466
2889,3011,LOUIS XVIII ET HENRI IV. GETTONE D'ARGENTO coi busti dei due Sovrani. Mill. 18. Ar.,3011. LOUIS XVIII ET HENRI IV. GETTONE D'ARGENTO coi busti dei due 20. Sovrani. Mill. 18. Ar.,documents/BO0624_4466
2890,3012,CHARLES X ROI DE FRANCE ET DE NAVARRE. T. a S. R) Né 1757. Succède 1824 ecc. (CHAQUE. F.). Mill· 50. Br.,3012. CHARLES X ROI DE FRANCE ET DE NAVARRE. T. a S. R) Né 1757. Succède 1824 ecc. (CHAQUE. F.). Mill· 50. Br.,documents/BO0624_4466
2891,3013,BUONAPARTE GÉN EN. CHEF. Busto a d. R) LES. SCIENCES. ET. LES. ARTS ecc. Il generale a cavallo guidato da Minerva. (B. DUVIVIER. F.). Mill. 54. Br.,3013. BUONAPARTE GÉN EN. CHEF. Busto a d. R) LES. SCIENCES. ET. LES. ARTS ecc. Il generale a cavallo guidato da Minerva. (B. DUVIVIER. F.). Mill. 54. Br.,documents/BO0624_4466
2892,3014,BONAPARTE PREMIER CONSUL ecc. Busto a d. k) Le Peuple,3014. BONAPARTE PREMIER CONSUL ecc. Busto a d. k) Le Peuple,documents/BO0624_4466
2893,24,Français à ses défenseurs. Première Pierre de la Colonne Nation etc. Mill. 41. Ar,24. Français à ses défenseurs. Première Pierre de la Colonne Nation etc. Mill. 41. Ar,documents/BO0624_4466
