index,num,title,text,catalogue_id
1,120,"- Lodi: PLATEAU etc.; corrige: Milano: PLAt en faïence, décor japonnais polychrome et en or (v. ill., IXe pl.).","- 120 - Lodi: PLATEAU etc.; corrige: Milano: PLAt en faïence, décor japonnais polychrome et en or (v. ill., IXe pl.).",documents/BO0624_4840
2,235,- .,"- 235 - .
- .. v. ill., III° pl.; corrige: XXI° pl.",documents/BO0624_4840
3,424,"- .. .au Musée de Cluny dans une vitrine etc.; corrige: au Musée de Cluny sous les numéros 4741, portrait du Maréchal de Catinat, et 4742, portrait de la Maré-","- 424 - .. .au Musée de Cluny dans une vitrine etc.; corrige: au Musée de Cluny sous les numéros 4741, portrait du Maréchal de Catinat, et 4742, portrait de la Maré-
- chale de Catinat, attribués à Bte. Nouailher.",documents/BO0624_4840
4,507,"- Ecole de Siena, etc.; corrige: Alessio Baldovinetti, 1425-1499, maître du Ghirlandajo","- 507 - Ecole de Siena, etc.; corrige: Alessio Baldovinetti, 1425-1499, maître du Ghirlandajo",documents/BO0624_4840
5,311,-.,"- 311 -.
- Bouchet; corrige: Boucher.",documents/BO0624_4840
6,538,"- CASSETTE etc.; corrige: GRANDE VITRINE à deux corps, en noyer, richement sculptée à frises, rinceaux, cariatides et chérubins (v. ill., XXI° pl.).","- 538 - CASSETTE etc.; corrige: GRANDE VITRINE à deux corps, en noyer, richement sculptée à frises, rinceaux, cariatides et chérubins (v. ill., XXI° pl.).

## ABREVIATIONS

d., détérioré — end., endommagé - f., félé — m., moderne — m. de f., marque de fabrique — p., peinture - pl.. planche — r.. rébaré — s. c.. sans couvercle — s. i. sur ivoire — v. ill voir illustration

Les tableaux, ne portant pas d'indications spéciales, s'entendent tous peints à l'huile sur toile

Pour tous renseignements, qui regardent la maison de feu M.me Veuve Arrigoni, on est prié de s'adresser à M.r N. Brianzi, Antiquités, 20 via Durini, Milano * * *
<!-- image -->

des notoriétés, on peut dire des célébrités de sa classe.",documents/BO0624_4840
7,1860,<!-- image -->,"1860

<!-- image -->

Co N la nommait familièrement: Sciôra Sofia ; mais plus généralement et préférablement: l'Arrigonna, tout court. Elle avait perdu, chemin faisant, le droit au titre de Madame - comme une superficialité, une superfétation dommageable - pour son admission au cercle privilégié

Si on désirait visiter sa Collection d'objets d'art, on disait simplement au cocher: dall'Arrigonna, bien qu'à Milan une quantité de familles portent le nom des Arrigoni.

Son mari, cependant, Mr. Charles, était de Bergame, fils d'un pharmacien, Mr. Prospero Arrigoni, et pharmacien lui-même à Strozza (petit village de montagne dans la Valle Imagna) lorsqu'il s'est marié avec Mademoiselle Sofia Cioffi, le 1848.

Mr. Prospero était déjà au nombre des célébrités de sa ville, de sa région. On l'appelait sans façon, dans le patois bergamasque, l'Arrigôu, soit par sa renommée comme pharmacien, soit par le train de seigneur de sa maison; mais plus encore par son intelligence artistique et par son grand amour de collectionneur, dont il a créé le type, restant le prototype, le maître de tous les collectionneurs venus après lui.

Elle nous la racontait maintesfois l'agitation de ces moments: "" Mi spingeva

Et madame Sophie se trouvait un peu égaree dans la solitude de Strozza, ayant quitté justement sa ville natale, après les grandes impressions des 5 glorieuses journées, qui ont agité tout Milan et la Lombardie pour chasser les autrichiens.

- "" fœura de la finestra, tutta stremida; e vedeva a passa in truscia el De Albertis,
- "" cont in spalla el so tabar de lana a quadretton bianc e negher, a cór ai barricad ;
- "" e vedeva el dottor Castold su d'on car a tra su sui poggeu e ai finester i micch de pan,
"" perchè i donn se risciaven minga de andà in strada per i scioppettad di todesch che gh'era

"" sul Domm; e el dottor Castold el vosava: chi vuol pane? chi vuol pane? » (*).

Elle se trouvait égarée dans la solitude de Strozza, et décida avec son Charles

— ils s'adoraient l'un l'autre - de retourner à Milan.

Le budget était suffisant à leurs prétentions modestes, mais inférieur aux exigences du ménage, le nid de Strozza ayant été fêté par la naissance de Geromina, appelée Mina, et de Louis. Et pendant que le mari dirigeait la pharmacie de l'hôpital des Fatebene-fratelli à Milan, la femme, se souvenant de l'exemple de son beau-père, entrevoyant un horizon qui lui souriait d'un avenir meilleur, suivant l'inclination naturelle, instinctive, d'un amour irrésistible pour l'art, se decida à risquer ses premiers pas dans la recherche et la vente de quelque bibelot.

L'exorde ne pouvait pas être plus encourageant. A l'inclination naturelle s'ajoutait une école pratique et théorique, un cours d' enseignements précieux, qu'une réunion d'Artistes, les plus forts de ce temps, portait par des discussions familiaires. Presque tous les soirs le cabinet, en formation, de Mr. et Mme. Arrigoni, via Cappellari, était le rendez-vous de Faruffini, Focosi, Speluzzi, des frères Calvi, des frères Bertini, de Tranquillo Cremona et d'autres. Peu de temps s'est passé, que Mr. Charles abandonnait les fioles et les tamarins, et faisait ses tournées d'emplettes dans les provinces d'Italie.

Mais cette période heureuse devait être fatalement trop courte. Le choléra de 1867 saisit, parmi ses victimes, Mr. Charles Arrigoni, qui se trouvait à Forli. Sa femme, grosse de son dernier enfant, accourrut immédiatement, pour la douloureuse consolation de voir, la dernière fois, son Charles bien aimé. Ce désastre inattendu plongeait la pauvre veuve, qui s'était rendue mère de six enfants, dans la plus triste des conditions.

L'inclination latente trouva le ressort de se révéler. Exemplaire d' activité, de prudence, d'honnêteté, madame Arrigoni devint bientôt l'Arrigonna.

Elle s'adressa à son frère qui trainait une vie assez commode. Helas ! elle n'obtint pas même un mot d'encouragement. Son dernier bébé a eu pour marraine la fillette ainée de la pauvre veuve, sa chère Mina, qui devait être le soutien moral et phisique de toute son existence. Quant à l'appui matériel, une ressource venait la soulever de son abattement. Le marquis de Brème, frappé du cas touchant de la pauvre veuve, l'encouragea par la noblesse de ses conseils, et confia sa précieuse collection d'objets d'art, pour la vente, à cette femme.

Et son amour pour l'art, sa reconnaissance pour la position qu'il lui procurait, la rendait d'une jalousie artistique presque incroyable.

Même avec sa Mina, qui lui restait unique, et dont le goût intelligent des antiquités, la connaissance des dentelles spécialement, la génait, la contrariait, elle ne di-

(*) Je guettais de la fenêtre, tou se risquant annemens out s et ent fenetres, les femmes ne se rie, ent Ds à la Castoldi criait: qui veut du pain? qui veut du pain ?
sait pas un mot de ses affaires. Elle dormait seule à la maison; elle renvoyait son domestique le soir pour lui ouvrir le lendemain matin. Impossible la dissuader de cette imprudence, de rester seule toute la nuit; c'était le cauchemar de la fille, et le bonnheur de la mère. - "" Cos'te vœut, cara la mia tosa? mi quand sont sola coi me antichitaa, mi sont beata ! » (Que veux-tu, mon cher enfant? Quand je suis seule avec mes antiquités, je suis heureuse).

Et en même temps qu'elle était jalouse de son amour pour l'art, elle prouvait un mepris, qu'elle ne pouvait pas cacher, pour les gents qui ne prennaient pas d' intérêt aux antiquites. Elle les mettait tous impitoyablement dans son "" girone , des sans-soucis fades, des bons-à-rien: "" Hin gent che sent de nagott.... ghe pias no i antichitaa!..., (Ce sont des gens qui ne s'intéressent à rien.... ils n'aiment pas les antiquites !!...).

- "" Pardon, monsieur — elle lui repliquait d'un air forcément gentil et ironique comment pouvez vous m'adresser cette recommandation, du moment que vous ne m'avez rien acheté depuis bien d'années, que j'ai l'honneur de vos visites? „ Par contre Elle se vantait de la confiance que les véritables amateurs lui accordaient. Elle se vantait, à bon droit, d'avoir la plus haute clientèle d'Europe, de compter à sons actif les achats que lui faisait le prince Napoléon, Rochefort, les Rothschild, la Reine Marguerite; elle vantait la visite de Guillaume fer, lors de son séjour de vingt-quatre heures à Milan avec le roi Victor Emmanuel II; l'honneur de recevoir des ordres du pauvre roi Humbert, personnellement à Turin et à Monza, de son Roi, dont elle avait sincèrement pleure la triste fin; elle se vantait du livre d'or de ses clients, la véritable crème de l'aristocratie

Mais son indignation se manifestait si un soi-disant amateur d'art, en demandant le prix d'un objet, lui recommandait de n'être par si chère comme d'habitude.

intellectuelle de tout le monde.

Généreuse vers tous ceux qui lui recourraient; elle l'était, aussi, dans toutes les manifestations sociales, dans toutes les initiatives d'un idéal d'art, encouragee par son après une longue, douloureuse maladie originairement attrapée dans les Vosges, sous les drapeaux de Garibaldi en défence des confrères latins, qui nous avaient aide à nous fils Louis, le bibliophile bien connu, que l'étude et l'occupation excessives tua à 33 ans, libérer du bank-heraus.

Madame Sophie restait donc seule avec sa fille Mina et son amour pour l'Art. Plus de préoccupations pour les exigeances du budget; le seul désespoir de s'approcher à la fin des fins. "" Lassà i me antichitaa, i me bei robb !?... me par minga vera ... mi podi minga! » (Quitter mes antiquités, mes jolis bibelots!?... je ne puis pas le croire.... je ne puis pas !).

Tourmentee d'une maladie longue et douloureuse, elle a trové toujours la force, jusqu'aux derniers mois de son existence, de recevoir ses clients. presqu'un devoir de procurer le plus de lustre que possible, pendant trente-cinq ans de veuvage, au nom que lui avait donne son Charles; seule, de la famille Arrigoni, à continuer la tradition artistique de son beau-père. La bonne femme prononçait souvent
des mots en patois de Bergame, pour évoquer les douces mémoires de son époux; pour évoquer les premières émotions de sa lune de miel dans la tranquille Valle Imagna, où elle eut sa Mina et son Louis toujours regretté.

Elle se portait souvent à Bergame qu'elle chérissait; la ville scénographique, la ville artistique, de laquelle bien dit Mr. Bernhard Berenson dans le "" Connoisseur, de novembre dernier: "" To those travellers who take something more than a mere tourist' s « in Italy, Bergamo has alwais been one of the most picturesque, too, of all the Lombard « towns..... In the narrow streets of the Upper City there are fewer reminders of Man"" chester and Berlin than anywhere else in Italy, unless it be Venice or Siena.... Here « Lotto and Tiepolo painted their masterpieces. Here Moroni ist almost as common as

"" if he had been a town photographer.... »

Le 7 septembre 1901, à trois heures du matin, la pauvre femme exalait son dernier soupir, assistée, comme toujours, par sa chère Mina, qui depuis bien longtemps, et même sans le soulagement du sommeil pendant les derniers trois mois, s'était votée à sa mère adorée, qu'elle se voyait disparaitre, sous ses yeux, à petit à petit.

À sa soixante-seizième année, madame Arrigoni emportait avec elle un trésor d'expérience de la vie, une quantité de connaissances d'art impossible à apprendre que par soi-même; ¿ etait un demi-siècle d'opérosité intelligente et honnête qui passait.

Le "" New York Herald » justement disait dans son numéro du 28 septembre : "" I terminate these notes in expressing my regret at the death of signora Arrigoni, the "" doyenne and also the model of the antiquaries of Milan ,,.

Luca Beltrami, le grand architecte, a voulu donner encore une épreuve d' amitié vers la dame-artiste regrettée, en lui érigeant une splendide transenne au Cimetière Monumental.

Tout le monde demandait à acheter quelque objet de l'Arrigonna; et sa fille s'est décidée mettre aux enchères une grande partie de la Collection. Les amis, les clients de sa mère auront l'occasion la plus favorable de se procurer ce que mieux ils désirent. Bergamo, 9 décembre.",documents/BO0624_4840
8,1825,N. B.,"1825

N. B.

<!-- image -->",documents/BO0624_4840
9,1901,<!-- image -->,"1901
<!-- image -->

<!-- image -->

<!-- image -->
<!-- image -->
<!-- image -->

## FAIENCES ET PORCELAINES",documents/BO0624_4840
10,1,"- Savona: CAFETIÈRE et THéiÈRE en faïence, décor à deux médaillons, s. c. (m. de f.).","- 1 - Savona: CAFETIÈRE et THéiÈRE en faïence, décor à deux médaillons, s. c. (m. de f.).",documents/BO0624_4840
11,2,"- Frankenthal et Niderwiller: DEUX AssIETTes en porcelaine, de formes dillérentes, décorées avec figures polychromes (m. de f.).","- 2 - Frankenthal et Niderwiller: DEUX AssIETTes en porcelaine, de formes dillérentes, décorées avec figures polychromes (m. de f.).",documents/BO0624_4840
12,3,"- Lodi: PLAT OVAL à POISSON, en faience, décoré à fleurs polychromes.","- 3 - Lodi: PLAT OVAL à POISSON, en faience, décoré à fleurs polychromes.",documents/BO0624_4840
13,4,"- Urbino: VasQue sur pied, en faïence, dentelée et décorée d'arabesques et d'un petit Amour au centre (r.).","- 4 - Urbino: VasQue sur pied, en faïence, dentelée et décorée d'arabesques et d'un petit Amour au centre (r.).",documents/BO0624_4840
14,5,"- Caffagiolo: DEUX ASsIETTEs creuses, en faïence, décorées en jaune et bleu.","- 5 - Caffagiolo: DEUX ASsIETTEs creuses, en faïence, décorées en jaune et bleu.",documents/BO0624_4840
15,6,"- Japon: TROIS AssIETTEs creuses, en porcelaine, de formes différentes, décor bleu.","- 6 - Japon: TROIS AssIETTEs creuses, en porcelaine, de formes différentes, décor bleu.",documents/BO0624_4840
16,7,"- Sèvres: DEUx CAreTIÈREs en porcelaine, de formes différentes, décorées en or, fond bleu.","- 7 - Sèvres: DEUx CAreTIÈREs en porcelaine, de formes différentes, décorées en or, fond bleu.",documents/BO0624_4840
17,8,"- Vienne: CAFETIÈRE en porcelaine, décorée en or.","- 8 - Vienne: CAFETIÈRE en porcelaine, décorée en or.",documents/BO0624_4840
18,9,"- Vienne : CAFETIÈRE, SUCRIÈRE, DEUX TASSES et souscoupes en porcelaine, décorées en vert et en or.","- 9 - Vienne : CAFETIÈRE, SUCRIÈRE, DEUX TASSES et souscoupes en porcelaine, décorées en vert et en or.",documents/BO0624_4840
19,10,- Chine: QUATORZE TASSES et souscoupes en porcelaine blanche.,- 10 - Chine: QUATORZE TASSES et souscoupes en porcelaine blanche.,documents/BO0624_4840
20,11,"- Venezia: ÉcUELLE couverte et GRAND PLATEAU, en faïence, décorés à paysage, fond caté, rayés jaune et bleu.","- 11 - Venezia: ÉcUELLE couverte et GRAND PLATEAU, en faïence, décorés à paysage, fond caté, rayés jaune et bleu.",documents/BO0624_4840
21,12,"- Saxe (Marcolini) : PARTIE d'un SERVICE de TABLE, en porcelaine, composé des pièces suivantes: 3 Soupières couvertes (une d.); 3 Plats ovales ; 4 Plats creux : 1 Grand Plat; 3 Plats ovales dentelés ; 8 Assiettes ; 13 Assiettes à potage; 1 Écuelle couverte (r.); 3 Cafetières (une s. c.); 1 Saucière; 6 Tasses à café et soustasses.","- 12 - Saxe (Marcolini) : PARTIE d'un SERVICE de TABLE, en porcelaine, composé des pièces suivantes: 3 Soupières couvertes (une d.); 3 Plats ovales ; 4 Plats creux : 1 Grand Plat; 3 Plats ovales dentelés ; 8 Assiettes ; 13 Assiettes à potage; 1 Écuelle couverte (r.); 3 Cafetières (une s. c.); 1 Saucière; 6 Tasses à café et soustasses.",documents/BO0624_4840
22,13,"- Chine : GRAND PLAT en porcelaine, de forme octogone, décoré à fleurs et animaux ; bord à fond vert.","- 13 - Chine : GRAND PLAT en porcelaine, de forme octogone, décoré à fleurs et animaux ; bord à fond vert.",documents/BO0624_4840
23,14,"- Chine: DEux PLATs en porcelaine, de formes ditlérentes, décorés à fleurs polychromes.","- 14 - Chine: DEux PLATs en porcelaine, de formes ditlérentes, décorés à fleurs polychromes.",documents/BO0624_4840
24,15,"- Japon: GRAND PLAT en porcelaine, décoré en rouge, en bleu et en or.","- 15 - Japon: GRAND PLAT en porcelaine, décoré en rouge, en bleu et en or.",documents/BO0624_4840
25,16,"- Japon: TROIS GRANDS PLATS en porcelaine, décorés en rouge, en bleu et en or.","- 16 - Japon: TROIS GRANDS PLATS en porcelaine, décorés en rouge, en bleu et en or.",documents/BO0624_4840
26,17,"- Chine: GRAND PLAT creux en porcelaine, décoré à fleurs polychromes.","- 17 - Chine: GRAND PLAT creux en porcelaine, décoré à fleurs polychromes.",documents/BO0624_4840
27,18,"- Faenza: PETITE VAsQUE en faïence, bord dentelé, décorée à fleurs polychromes","- 18 - Faenza: PETITE VAsQUE en faïence, bord dentelé, décorée à fleurs polychromes",documents/BO0624_4840
28,19,"- Torino: AssieTte en faïence, décorée en or.","- 19 - Torino: AssieTte en faïence, décorée en or.",documents/BO0624_4840
29,20,"- Savona: PLAT-PORTE-ŒUFS, en faïence, décoré en bleu; une croix au milieu.","- 20 - Savona: PLAT-PORTE-ŒUFS, en faïence, décoré en bleu; une croix au milieu.",documents/BO0624_4840
30,21,"- Venezia: GRAND PLAT en faience, avec paysage (m. de f.).","- 21 - Venezia: GRAND PLAT en faience, avec paysage (m. de f.).",documents/BO0624_4840
31,22,"- Savona: GRAND PLAT en faïence; bord orné de figures en relief; au milieu, un petit Amour avec une aigle (r.).","- 22 - Savona: GRAND PLAT en faïence; bord orné de figures en relief; au milieu, un petit Amour avec une aigle (r.).",documents/BO0624_4840
32,23,"- Venezia: GRAND PLAT en faience, décoré avec paysage (m. de f.).","- 23 - Venezia: GRAND PLAT en faience, décoré avec paysage (m. de f.).",documents/BO0624_4840
33,24,"- Venezia: PLAT OVALE en faïence, bord à fleurs en relief, décoré en bleu ; un chien au centre.","- 24 - Venezia: PLAT OVALE en faïence, bord à fleurs en relief, décoré en bleu ; un chien au centre.",documents/BO0624_4840
34,25,"- Venezia: PLAT en faïence, bord à fleurs et feuilles en relief, décoré à fleurs","- 25 - Venezia: PLAT en faïence, bord à fleurs et feuilles en relief, décoré à fleurs
- aussi au milieu, avec paysage (bord r.).",documents/BO0624_4840
35,26,"- Urbino: PLAT creux en faïence, décor à paysage avec sujet mythologique: Actéon transformé en cerf. Pièce intéressante de la fabrique de Guido Fontana (bord r.). Cadre circulaire en bois doré.","- 26 - Urbino: PLAT creux en faïence, décor à paysage avec sujet mythologique: Actéon transformé en cerf. Pièce intéressante de la fabrique de Guido Fontana (bord r.). Cadre circulaire en bois doré.",documents/BO0624_4840
36,27,"- Faenza: FRAGMENT d'un PLAT en faience, décoré avec un Cupidon assis. Cadre","- 27 - Faenza: FRAGMENT d'un PLAT en faience, décoré avec un Cupidon assis. Cadre
- rond en bois doré.",documents/BO0624_4840
37,28,"- Venezia: MouLE en faïence, décorée avec paysage (r.).","- 28 - Venezia: MouLE en faïence, décorée avec paysage (r.).",documents/BO0624_4840
38,29,"- Caltagirone: DEUx VAsEs en faïence, décorés à fleurs et à feuilles, avec quatre","- 29 - Caltagirone: DEUx VAsEs en faïence, décorés à fleurs et à feuilles, avec quatre
- médaillons, bustes de guerriers (m.).",documents/BO0624_4840
39,30,"- Caltagirone: DEUx VAsEs en faïence, décorés à fleurs et feuilles polychromes. médaillons et bustes d'homme (m.).","- 30 - Caltagirone: DEUx VAsEs en faïence, décorés à fleurs et feuilles polychromes. médaillons et bustes d'homme (m.).",documents/BO0624_4840
40,31,- Japon: TRÈS GRAND PLAT en porcelaine; figure de femme et décor bleu.,- 31 - Japon: TRÈS GRAND PLAT en porcelaine; figure de femme et décor bleu.,documents/BO0624_4840
41,32,"- Caltagirone: VASE en faïence, décoré à feuillage en bleu, médaillons et buste d'homme (m.).","- 32 - Caltagirone: VASE en faïence, décoré à feuillage en bleu, médaillons et buste d'homme (m.).",documents/BO0624_4840
42,33,"- Hispano=Mauresques: GRAND PLAT creux en faïence, avec une aigle au centre.","- 33 - Hispano=Mauresques: GRAND PLAT creux en faïence, avec une aigle au centre.",documents/BO0624_4840
43,34,"- Hispano=Mauresques: BéNITIeR à plaque, en faïence; la Vierge et l'Enfant en","- 34 - Hispano=Mauresques: BéNITIeR à plaque, en faïence; la Vierge et l'Enfant en
- bas-relief (v. ill., Ille pl.).",documents/BO0624_4840
44,35,"- HispanoMauresques : BéNITIER à plaque, en faience; le Christ sur la croix et","- 35 - HispanoMauresques : BéNITIER à plaque, en faience; le Christ sur la croix et
- les Maries, en bas-relief (v. ill., M°",documents/BO0624_4840
45,36,"- HispanoMauresques: PLAT en faience à reflets métalliques et inscription au centre (v. ill., Ille pl.).","- 36 - HispanoMauresques: PLAT en faience à reflets métalliques et inscription au centre (v. ill., Ille pl.).",documents/BO0624_4840
46,37,"- Hispano= Mauresques: PLAT en faïence à reflets métalliques; décor à fleurs rehaussées (v. ill., Il pl.).","- 37 - Hispano= Mauresques: PLAT en faïence à reflets métalliques; décor à fleurs rehaussées (v. ill., Il pl.).",documents/BO0624_4840
47,38,"- HispanoMauresques : PLAT en faïence à reflets métalliques; décor à fleurs rehaussées (v. ill., II/° pl.).","- 38 - HispanoMauresques : PLAT en faïence à reflets métalliques; décor à fleurs rehaussées (v. ill., II/° pl.).
<!-- image -->
## OBJETS DIVERS",documents/BO0624_4840
48,39,"- TRÉPIED en fer forgé et ouvragé, gothique; travail du XIV siècle (v. ill., p. 15).","- 39 - TRÉPIED en fer forgé et ouvragé, gothique; travail du XIV siècle (v. ill., p. 15).",documents/BO0624_4840
49,40,"- GRAND MoRTIeR en bronze; anses à tête de femme, et à feuilles en relief. Sur le bord. l'inscription: FRATRES BARBORINI FECERUNT. ANNO MDecCIv; et audessous, sur une targe, le monogramme F. R.","- 40 - GRAND MoRTIeR en bronze; anses à tête de femme, et à feuilles en relief. Sur le bord. l'inscription: FRATRES BARBORINI FECERUNT. ANNO MDecCIv; et audessous, sur une targe, le monogramme F. R.",documents/BO0624_4840
50,41,"- GRAND MORTIER en bronze; anses à tête de nègre, et feuillages.","- 41 - GRAND MORTIER en bronze; anses à tête de nègre, et feuillages.",documents/BO0624_4840
51,42,"- BRASIER en laiton, découpé à jour, sur trois pattes et builes de lion en bronze.","- 42 - BRASIER en laiton, découpé à jour, sur trois pattes et builes de lion en bronze.",documents/BO0624_4840
52,43,- DEUX CALICEs en cuivre argenté; coupe en vermeille.,- 43 - DEUX CALICEs en cuivre argenté; coupe en vermeille.,documents/BO0624_4840
53,44,"- ENCADREMENT en bois sculpté et doré, à feuillages et chérubin; placard avec l'inscription: Vedova Arrigoni, Antiquaria della R. Corte (1. 1.20; h. 1.03; v. ill., p. 13).","- 44 - ENCADREMENT en bois sculpté et doré, à feuillages et chérubin; placard avec l'inscription: Vedova Arrigoni, Antiquaria della R. Corte (1. 1.20; h. 1.03; v. ill., p. 13).",documents/BO0624_4840
54,45,"- PLAT vénitien en laiton; au centre, un cert en relief.","- 45 - PLAT vénitien en laiton; au centre, un cert en relief.",documents/BO0624_4840
55,46,- DEuX CIBOIREs en cuivre et bronze doré.,"- 46 - DEuX CIBOIREs en cuivre et bronze doré.

## ARGENTERIE ET BIJOUX",documents/BO0624_4840
56,47,- ENcENSOIr en argent repoussé (505 gr.).,- 47 - ENcENSOIr en argent repoussé (505 gr.).,documents/BO0624_4840
57,48,"- NAvETTE à encens, en argent repoussé (552 gr.).","- 48 - NAvETTE à encens, en argent repoussé (552 gr.).",documents/BO0624_4840
58,49,"- CABARET ovale, avec anses et bord ciselé; au centre, monog. S. D. (760 gr.).","- 49 - CABARET ovale, avec anses et bord ciselé; au centre, monog. S. D. (760 gr.).",documents/BO0624_4840
59,50,"- CAFETIÈRE en argent, avec anses en ivoire; époque Empire (1.120 gr., env.).","- 50 - CAFETIÈRE en argent, avec anses en ivoire; époque Empire (1.120 gr., env.).",documents/BO0624_4840
60,51,"- ENCENSOIR, avec chainettes, en argent repoussé et ajouré (990 gr.).","- 51 - ENCENSOIR, avec chainettes, en argent repoussé et ajouré (990 gr.).",documents/BO0624_4840
61,52,"- BAsSIN et AIGUIÈRE en argent, modelés avec des petits ornements repoussés (1495 gr.).","- 52 - BAsSIN et AIGUIÈRE en argent, modelés avec des petits ornements repoussés (1495 gr.).",documents/BO0624_4840
62,53,"- PoRTE-Bijoux en argent, à forme d'arbre, avec son plat (355 gr.).","- 53 - PoRTE-Bijoux en argent, à forme d'arbre, avec son plat (355 gr.).",documents/BO0624_4840
63,54,"- PLAT en argent, bord ciselé (335 gr.).","- 54 - PLAT en argent, bord ciselé (335 gr.).",documents/BO0624_4840
64,55,"- GRAND PLAT creux en argent, avec ornements, figures et mascarons à relief (442 gr.).","- 55 - GRAND PLAT creux en argent, avec ornements, figures et mascarons à relief (442 gr.).",documents/BO0624_4840
65,56,"- AMpHoRe en argent, à sujet mythologique, repoussé et doré (405 gr.).","- 56 - AMpHoRe en argent, à sujet mythologique, repoussé et doré (405 gr.).",documents/BO0624_4840
66,57,- CALICE en argent; pied à ornements repoussés et ciselés (603 gr.).,- 57 - CALICE en argent; pied à ornements repoussés et ciselés (603 gr.).,documents/BO0624_4840
67,58,- CAFETIÈRE en argent; ornements repoussés; anses en ivoire (ép. Louis XVI; 920 gr.).,- 58 - CAFETIÈRE en argent; ornements repoussés; anses en ivoire (ép. Louis XVI; 920 gr.).,documents/BO0624_4840
68,59,"- CAFETIÈRE en argent, avec anse en ébène (535 gr., env.).","- 59 - CAFETIÈRE en argent, avec anse en ébène (535 gr., env.).",documents/BO0624_4840
69,60,"- PAIRE de GRANDES BOUcLES en strass, montées en vermeille, dans leur étui en peau rouge à petits fers.","- 60 - PAIRE de GRANDES BOUcLES en strass, montées en vermeille, dans leur étui en peau rouge à petits fers.",documents/BO0624_4840
70,61,"- FeRMoiR en acier brillanté, à médaillon ovale.","- 61 - FeRMoiR en acier brillanté, à médaillon ovale.",documents/BO0624_4840
71,62,"- QuInze BoUTONS en acier brillanté, dans leur étui.","- 62 - QuInze BoUTONS en acier brillanté, dans leur étui.",documents/BO0624_4840
72,63,"- PAIRE de BoUcLEs en argent à ""specchietti, de Venise.","- 63 - PAIRE de BoUcLEs en argent à ""specchietti, de Venise.

<!-- image -->",documents/BO0624_4840
73,64,"- CoLLiER en strass, monté en argent.","- 64 - CoLLiER en strass, monté en argent.",documents/BO0624_4840
74,65,- CROIx VÉNITIENNE en or et perles.,- 65 - CROIx VÉNITIENNE en or et perles.,documents/BO0624_4840
75,66,"- BRELOQUE en strass, monté en argent, à forme triangulaire (v. ill., p. 16).","- 66 - BRELOQUE en strass, monté en argent, à forme triangulaire (v. ill., p. 16).

## TABLEAUX",documents/BO0624_4840
76,67,"- Fra Vittore Ghislandi, dit Frate Galgario, 1655-1733: PORTRAIT de FEMME.","- 67 - Fra Vittore Ghislandi, dit Frate Galgario, 1655-1733: PORTRAIT de FEMME.

Trois-quarts de figure. En riche habillement, elle tient des gants blanes de la main gauche, et de la droite, passée à la hauteur de la poitrine, un livre d'heures. Restauration nécessaire et possible à la conservation de cette œuvre caractéristique du grand peintre de Bergame, le plus fort portraitiste après Morone. Cadre en bois doré (1. 0.90; h. 1.21 ; v. ill., IVe pl.).",documents/BO0624_4840
77,68,"- Gaudenzio Ferrari, 1481-1546: LA SAINTE FAMILLE.","- 68 - Gaudenzio Ferrari, 1481-1546: LA SAINTE FAMILLE.

La Vierge, assise, tient l'Enfant-Jésus debout sur ses genoux; saint Joseph à droite. Œuvre remarquable de la seconde mamere, plus robuste et en meme temps plus caressante, de ce maître; très bien conservée. Cadre en bois seulpté et doré (I. 0.73; h. 0.91 ; v. ill., Ve pL.).",documents/BO0624_4840
78,69,"- Charles Fabritius, 1624?-1654: JuDITH empoignant la tête d'HOLOPHERNE.","- 69 - Charles Fabritius, 1624?-1654: JuDITH empoignant la tête d'HOLOPHERNE.

Trois-quarts de figure. Suivie de la vieille servante, qu'on entrevoie à peine sur le fond, à gauche, la belle héroine juive, représentée dans toute sa splendeur, empoignant le glaive de la gauche, rappelle la Decollation de saint Jean (Musee a Amsterdam, peinture magistrale de ce premier eleve de Kembrandt, mort jeune, et dont l'œuvre tres limite est presqu' inconnu, ou très rarement sous son nom. Tableau de collection. Cadre en bois sculpté et doré (1. 0.88; h. 1.06 ; v. ill., Vie pl.).

<!-- image -->",documents/BO0624_4840
79,70,"- Salvator Rosa, 1615-1673 : BATAILLE.","- 70 - Salvator Rosa, 1615-1673 : BATAILLE.

Très remarquable étude d'une grande puissance d'action furieuse, et d'une incomParable cranerie a execution au pinceau foudroyant. Le canon primitif sur la droite, les cavaliers —surou cell a extreme gauche les cuirasses, les casques, les armures pesantes, les couleurs verdâtres et rosees des drapeaux, des soieries, permclen de considerer cette enalene immense comme un spécimen complet des preterences de ce maître. Cadre en bois sculpté et doré (L. 2.00; h. 1.49; v. ill., p. 16).",documents/BO0624_4840
80,71,"- Victor Boucquet, Furnes, 16. 1664 ?: PORTRAIT de FEMME en riche costullie.","- 71 - Victor Boucquet, Furnes, 16. 1664 ?: PORTRAIT de FEMME en riche costullie.

Les cheveux dénoués sur les épaules, et deux plumes sur la tête; collet à dentelles et médaillon sur la poitrine; buste. Cadre ovale doré (l. 0.61 ; h. 0.76; v. ill., p. 17).

Ce peintre est un de ces malheureux qui ont travaillé pour les autres; bien que Van Dyk, auquel on a souvent attribué les œuvres du Nôtre, ne se ressentissait guère dans sa renommée, à tout bon droit conquise. Le dernier portrait restitué à Boucquet est le Port-étendard, entré au Louvre

<!-- image -->
<!-- image -->

le 1900 (v. La Revue de l'Art Ancien et Moderne, N. 54, 10 Septembre 1901). Mais une œuvre, plus magistrale encore, de cet oublié, d'une noblesse et d'une sympathie, d'une richesse et d'une simplicité épatantes, est le grand Portrait d' un Gentilhomme à la suite de Wallenstein, faisant partie de la collection du marquis Trivulzio de Milan.",documents/BO0624_4840
81,72,"- École Française, XVII siècle : PoRTRAIT de FEMME.","- 72 - École Française, XVII siècle : PoRTRAIT de FEMME.

En riche habillement décolleté; demi-figure, tenant un éventail à plumes à la main droite. Cadre en bois doré (1. 0.67; h. 0.87).",documents/BO0624_4840
82,73,"- Giovanni Gerolamo Savoldo, dit le Bresciano, 1470P-1550 ₽ : LA NATIVITÉ.","- 73 - Giovanni Gerolamo Savoldo, dit le Bresciano, 1470P-1550 ₽ : LA NATIVITÉ.

L'Enfant-Jésus, couché sur le premier plan, est adoré par la sainte Vierge, saint Joseph et les bergers; dans le tond, deux petites ligures. Le dessin correcte. la fidelite à ses modèles. les tons violets et pourpre préférés par cet artiste, la disposition des figures, le sentiment de grâce et de dévotion de la Mère, tout prouve, que ce tableau a été exécuté presque en même temps que le fameux de la Galerie de Brescia.",documents/BO0624_4840
83,74,"- Luca Giordano, dit Luca-fa-priesto, 1632-1705 : PoRTRAIT du peintre lui-même dans sa jeunesse.","- 74 - Luca Giordano, dit Luca-fa-priesto, 1632-1705 : PoRTRAIT du peintre lui-même dans sa jeunesse.

Assis, avec palette et pinceau dans les mains; trois-quarts de figure; la tête de bœuf de saint Luc Evangéliste, protecteur des peintres, sur la droite du tableau. On y voit de premier coup la tacilité de Luca Giordano, et spécialement dans la main tenant le pinceau, les grands enseignements de son maitre Ribera. Portrait d'une vérité frappante. Cadre en bois doré (I. 1.20; h. 149).",documents/BO0624_4840
84,75,"- École de Cremona, XVIIe siècle : FRISE de douze petits enfants, portant des rubans avec des versets de l'Ancien Testament (1. 1.97 ; h. 0.50.).","- 75 - École de Cremona, XVIIe siècle : FRISE de douze petits enfants, portant des rubans avec des versets de l'Ancien Testament (1. 1.97 ; h. 0.50.).",documents/BO0624_4840
85,76,"- École Vénitienne, XVIIe siècle : PAYSAGE avec diverses figures. Cadre en bois doré (1. 1.85; h. 1.41).","- 76 - École Vénitienne, XVIIe siècle : PAYSAGE avec diverses figures. Cadre en bois doré (1. 1.85; h. 1.41).",documents/BO0624_4840
86,77,"- Antonio Campi, 1536-1591: PoRTRAIT d'Eléonore Atestini, avec la date 1596. En riche habillemet avec grand collet; un mouchoir à la main gauche, appuyée sur une table, un gant dans la droite. Trois-quarts de figure. Cadre en bois sculpté, verni et doré (1. 1.00; h. 1.35).","- 77 - Antonio Campi, 1536-1591: PoRTRAIT d'Eléonore Atestini, avec la date 1596. En riche habillemet avec grand collet; un mouchoir à la main gauche, appuyée sur une table, un gant dans la droite. Trois-quarts de figure. Cadre en bois sculpté, verni et doré (1. 1.00; h. 1.35).",documents/BO0624_4840
87,78,"- Ecole Hollandaise, XVIIe siècle: PORTRAIT de DEUX FILS DE CHARLES Ir Cadre (1. 1.02; h. 129).","- 78 - Ecole Hollandaise, XVIIe siècle: PORTRAIT de DEUX FILS DE CHARLES Ir Cadre (1. 1.02; h. 129).",documents/BO0624_4840
88,79,"- Pietro da Poscante, 140.-150.: SAINT ANTOINE bénissant. a son bras, et la droite donnant la bénédiction, surmontée du teu sacré. Peinture à la détrempe","- 79 - Pietro da Poscante, 140.-150.: SAINT ANTOINE bénissant. a son bras, et la droite donnant la bénédiction, surmontée du teu sacré. Peinture à la détrempe

<!-- image -->

Assis dans un fauteuil, 1l tient. de la gauche. un livre: trois-quarts de figure. En haut, à droite.",documents/BO0624_4840
89,80,"- École de Bologna, XVIIe siècle : PORTRAIT d'un MAGISTRAT. écusson avec armoiries. Cadre en bois sculpté et doré (1. 0.80; h. 2.09).","- 80 - École de Bologna, XVIIe siècle : PORTRAIT d'un MAGISTRAT. écusson avec armoiries. Cadre en bois sculpté et doré (1. 0.80; h. 2.09).",documents/BO0624_4840
90,81,"- École Vénitienne, XVIe siècle: PORTRAIT d'un DIGNITAIRE. Trois-quarts de figure au vrai. Riche cadre en bois sculpté et doré (1. 0.74; h. 0.92; cadre 16).","- 81 - École Vénitienne, XVIe siècle: PORTRAIT d'un DIGNITAIRE. Trois-quarts de figure au vrai. Riche cadre en bois sculpté et doré (1. 0.74; h. 0.92; cadre 16).",documents/BO0624_4840
91,82,"- Giacomo da Ponte, dit le Bassano; 1510-1592: LES QUATRE SAISONS. Quatre tableaux aux sujets allégoriques bien connus; cadres en bois sculptés, vernis et dorés (1. 1.45: h. 1.06)","- 82 - Giacomo da Ponte, dit le Bassano; 1510-1592: LES QUATRE SAISONS. Quatre tableaux aux sujets allégoriques bien connus; cadres en bois sculptés, vernis et dorés (1. 1.45: h. 1.06)

Dyptique à deux volets séparés; l'Ange et la Vierge; demi-figures sur bois; cadre doré",documents/BO0624_4840
92,83,"- Ecole Toscane, XVIe siècle: L'ANNONCIATION. (1. 0.03 ; h. 0.66).","- 83 - Ecole Toscane, XVIe siècle: L'ANNONCIATION. (1. 0.03 ; h. 0.66).
<!-- image -->",documents/BO0624_4840
93,84,"- Bernardo Strozzi, dit le prete Genovese, 1581-1644 : MoINE soutenant un ENFANT.","- 84 - Bernardo Strozzi, dit le prete Genovese, 1581-1644 : MoINE soutenant un ENFANT.
- Demi-figure. Cadre en bois sculpté et doré (1. 0.68; h. 0.83).",documents/BO0624_4840
94,85,"- Elisabetta Sirani, 1638-1665 : LA VIERGE.","- 85 - Elisabetta Sirani, 1638-1665 : LA VIERGE.
- Demi-figure ; cadre sculpté et doré (1. 0.68; h. 0.82).",documents/BO0624_4840
95,86,"- Girolamo Romanino, 1501-1566: LA VIERGE. l'ENFANT-JÉSUS et SAINTE CATHERINE.","- 86 - Girolamo Romanino, 1501-1566: LA VIERGE. l'ENFANT-JÉSUS et SAINTE CATHERINE.
- La Vierge, assise, soutient délicatement l'Enfant-Jésus, qui est debout sur un coussin blanc, et tourne sa gracieuse tête pour sourir à sainte Catherine paraissant sur la gauche. Peinture et composition d'une savante naïveté très saisissante. Cadre en bois doré (l. 0.87; h. 0.91; v. ill., p. 18).",documents/BO0624_4840
96,87,"- Andrea Bellunello, Friulano, 14..-1490: LA VIERGE, l'ENFANT-JÉSUS, SAINT FRAN-","- 87 - Andrea Bellunello, Friulano, 14..-1490: LA VIERGE, l'ENFANT-JÉSUS, SAINT FRAN-
- çois et un DévoT.

La Vierge, assise en trône, soutient l'Enfant debout sur ses genoux; à droite saint François tenant un crucitix d'une main, et un livre d'heures, relié en rouge. de la gauche. A ses pieds un devot priant la Madone. Tableau précieux pour collection; cet artiste très distingué ayant laissé une trace bien limitée de son œuvre. Il est le premier peintre du Friuli (École Vénitienne) dont on peut affirmer sa patrie; où l'on compte seulement le grand tableau de la salle du Conseil au Palais Municipal de Udine, signé et daté 1476; et les peintures de l'église de Savorgnano, signées et datées 1480. Cadre en bois sculpté et dore (1. 0.67: h. 0.92 : v. ill. VIle pl.).

## MEUBLES",documents/BO0624_4840
97,88,"- GRAND COFFRe de mariage, en noyer sculpté sur pattes de lion (. 1.62; h. 0.64).","- 88 - GRAND COFFRe de mariage, en noyer sculpté sur pattes de lion (. 1.62; h. 0.64).",documents/BO0624_4840
98,89,"- CoFFRe de mariage, en cyprès, sculpté à figures et ornements (I. 1.79; h. 0.70).","- 89 - CoFFRe de mariage, en cyprès, sculpté à figures et ornements (I. 1.79; h. 0.70).",documents/BO0624_4840
99,90,"- CoFFrer à bijoux, en marqueterie de Boule; ornements en bronze doré; intérieur","- 90 - CoFFrer à bijoux, en marqueterie de Boule; ornements en bronze doré; intérieur
- en satin bleu capitonné.",documents/BO0624_4840
100,91,- Six PLAQUEs vénitiennes sculptées et dorées.,- 91 - Six PLAQUEs vénitiennes sculptées et dorées.,documents/BO0624_4840
101,92,"- PETIT CABINeT portatif hollandais, en bois laqué et marqueté en nacre; petite porte","- 92 - PETIT CABINeT portatif hollandais, en bois laqué et marqueté en nacre; petite porte
- abritant neuf tiroirs à l' intérieur.",documents/BO0624_4840
102,93,"- TABLE circulaire en acajou, à rallonger, à six pieds tournés et sculptés.","- 93 - TABLE circulaire en acajou, à rallonger, à six pieds tournés et sculptés.",documents/BO0624_4840
103,94,"- CoNsoLE à plaque, style moresque, en bois découpé à jour, polychrome et doré.","- 94 - CoNsoLE à plaque, style moresque, en bois découpé à jour, polychrome et doré.",documents/BO0624_4840
104,95,- FRISE en bois sculpté; un chérubin au centre (long. 1.22; larg. 0.15).,- 95 - FRISE en bois sculpté; un chérubin au centre (long. 1.22; larg. 0.15).,documents/BO0624_4840
105,96,"- CABINeT portatif en bois noir et ivoire, à huit tiroirs; miroir à l'intérieur.","- 96 - CABINeT portatif en bois noir et ivoire, à huit tiroirs; miroir à l'intérieur.",documents/BO0624_4840
106,97,"- TABLe en bois noir marqueté en ivoire, à figures et ornements, avec grand médaillon au centre du plan; pied entortillé sur base à quatre têtes de sirènes.","- 97 - TABLe en bois noir marqueté en ivoire, à figures et ornements, avec grand médaillon au centre du plan; pied entortillé sur base à quatre têtes de sirènes.",documents/BO0624_4840
107,98,"- CASSETTE en noyer, marquetée en ivoire à échiquier; à l'intérieur, miroir biseauté.","- 98 - CASSETTE en noyer, marquetée en ivoire à échiquier; à l'intérieur, miroir biseauté.",documents/BO0624_4840
108,99,"- PeTITe VITRINe en noyer, avec porte et côtés en vitre; à l'intérieur, crucifix en ivoire.","- 99 - PeTITe VITRINe en noyer, avec porte et côtés en vitre; à l'intérieur, crucifix en ivoire.",documents/BO0624_4840
109,100,"- PORTE-BASSIN en acajou, style Empire, sur deux pieds, en bois verni et doré.","- 100 - PORTE-BASSIN en acajou, style Empire, sur deux pieds, en bois verni et doré.
- Bassin à nacelle, en porcelaine blanche et or.",documents/BO0624_4840
110,101,"- BERCEAU en bois verni rouge, avec ornements gravés à fond noir.","- 101 - BERCEAU en bois verni rouge, avec ornements gravés à fond noir.",documents/BO0624_4840
111,102,"- CoMMoDe en noyer d'Inde, à trois tiroirs, avec marqueterie en bois de rose; plan en marbre rouge de Vérone (l. 0.74; h. 0.91; p. 0.53).","- 102 - CoMMoDe en noyer d'Inde, à trois tiroirs, avec marqueterie en bois de rose; plan en marbre rouge de Vérone (l. 0.74; h. 0.91; p. 0.53).",documents/BO0624_4840
112,103,"- DEUx CoMMODes à deux tiroirs et une TABle de NuiT en noyer sculpté et marqueté en noyer et érable; mascarons et empoignures en bronze doré (époque Louis XVI; 1. 1.15 ; h. 0.79 ; p. 0.55; v. ill., VIII pl.).","- 103 - DEUx CoMMODes à deux tiroirs et une TABle de NuiT en noyer sculpté et marqueté en noyer et érable; mascarons et empoignures en bronze doré (époque Louis XVI; 1. 1.15 ; h. 0.79 ; p. 0.55; v. ill., VIII pl.).",documents/BO0624_4840
113,104,- DEUx COMMODES et une TaBLe de NuIT pareilles aux précédentes.,- 104 - DEUx COMMODES et une TaBLe de NuIT pareilles aux précédentes.,documents/BO0624_4840
114,105,"- ArMOIRE à deux corps, en ébène et ivoire, de style architectonique, à figures et ornements. Au corps intérieur, deux portes; au supérieur, un tiroir, deux portes et deux colonnes marquetées en ivoire à base et chapiteaux en ivoire. A l'intérieur, quinze tiroirs avec petits bustes en bronze (1. 1.36; h. 2.87; p. 0.53; v. ill., p. 20).","- 105 - ArMOIRE à deux corps, en ébène et ivoire, de style architectonique, à figures et ornements. Au corps intérieur, deux portes; au supérieur, un tiroir, deux portes et deux colonnes marquetées en ivoire à base et chapiteaux en ivoire. A l'intérieur, quinze tiroirs avec petits bustes en bronze (1. 1.36; h. 2.87; p. 0.53; v. ill., p. 20).",documents/BO0624_4840
115,106,"- ArMOIRE à deux corps, en bois noir marqueté en ivoire. Pendant au précédent.","- 106 - ArMOIRE à deux corps, en bois noir marqueté en ivoire. Pendant au précédent.

<!-- image -->
<!-- image -->
<!-- image -->
<!-- image -->

## FAÏENCES ET PORCELAINES",documents/BO0624_4840
116,107,"- Faenza: PLAT OVALE en faïence, avec bord dentelé, décoré à fleurs polychromes.","- 107 - Faenza: PLAT OVALE en faïence, avec bord dentelé, décoré à fleurs polychromes.",documents/BO0624_4840
117,108,"- Vienne: DEux PLATS en porcelaine; au milieu, médaillon à sujet mythologique; bord décoré en or.","- 108 - Vienne: DEux PLATS en porcelaine; au milieu, médaillon à sujet mythologique; bord décoré en or.",documents/BO0624_4840
118,109,"- Italie: QUATRE COMPOTIERS à dessert, en faïence blanche, sur pied, percée à jour avec monogramme.","- 109 - Italie: QUATRE COMPOTIERS à dessert, en faïence blanche, sur pied, percée à jour avec monogramme.",documents/BO0624_4840
119,110,"- Urbino: PLATEAU en faïence, décoré d'arabesques; petit Amour, au centre.","- 110 - Urbino: PLATEAU en faïence, décoré d'arabesques; petit Amour, au centre.",documents/BO0624_4840
120,111,"- Venezia: PETIT PLAT en faïence, décoré à fleurs ; au centre le Christ ressuscité.","- 111 - Venezia: PETIT PLAT en faïence, décoré à fleurs ; au centre le Christ ressuscité.",documents/BO0624_4840
121,112,"- Urbino: PETIT PLATEAU en faience, décoré, présentant La Cène.","- 112 - Urbino: PETIT PLATEAU en faience, décoré, présentant La Cène.",documents/BO0624_4840
122,113,- Abruzzi: PETIT PLAT creux en faïence; décor à paysage et un petit Amour.,- 113 - Abruzzi: PETIT PLAT creux en faïence; décor à paysage et un petit Amour.,documents/BO0624_4840
123,114,"- Faenza: CAFETIÈRE couverte, en faïence; décor à paysage et petit Amour (m. de f.).","- 114 - Faenza: CAFETIÈRE couverte, en faïence; décor à paysage et petit Amour (m. de f.).",documents/BO0624_4840
124,115,"- Italie: PAIRE de Vases en faïence blanche, avec écusson jaune et bleu.","- 115 - Italie: PAIRE de Vases en faïence blanche, avec écusson jaune et bleu.",documents/BO0624_4840
125,116,"- Japon: QUATRE ASSIETTES et UN PLAT, en porcelaine, décorés en rouge et or; au milieu, panier à fleurs.","- 116 - Japon: QUATRE ASSIETTES et UN PLAT, en porcelaine, décorés en rouge et or; au milieu, panier à fleurs.",documents/BO0624_4840
126,117,"- Milano et Lodi: Six PLATs en faïence, de formes et décorations différentes.","- 117 - Milano et Lodi: Six PLATs en faïence, de formes et décorations différentes.",documents/BO0624_4840
127,118,"- Japon: Dix PLATs creux en porcelaine, décorés à fleurs polychromes.","- 118 - Japon: Dix PLATs creux en porcelaine, décorés à fleurs polychromes.",documents/BO0624_4840
128,119,"- Milano: STATUETTE en faïence, style japonnais.","- 119 - Milano: STATUETTE en faïence, style japonnais.",documents/BO0624_4840
129,120,"- Lodi: PLATEAU en faïence, à bord dentelé, décoré à fleurs polychromes.","- 120 - Lodi: PLATEAU en faïence, à bord dentelé, décoré à fleurs polychromes.",documents/BO0624_4840
130,121,"- Lodi: DEUX CAFETIÈRES en faience, de formes différentes (une s. c.), décorées à tleurs vertes.","- 121 - Lodi: DEUX CAFETIÈRES en faience, de formes différentes (une s. c.), décorées à tleurs vertes.",documents/BO0624_4840
131,122,"- Lodi: PoRTE-FLEURS en faïence, décoré en rouge, vert et or (r.; v. ill., XX/° pl.).","- 122 - Lodi: PoRTE-FLEURS en faïence, décoré en rouge, vert et or (r.; v. ill., XX/° pl.).",documents/BO0624_4840
132,123,"- Abruzzi: CARREAU en faïence, décor à sujet biblique (r.).","- 123 - Abruzzi: CARREAU en faïence, décor à sujet biblique (r.).",documents/BO0624_4840
133,124,"- Faenza: BUsTE de NAPoLÉoN I', en faïence blanche (haut. 55 cent. ; v. ill., p. 22).","- 124 - Faenza: BUsTE de NAPoLÉoN I', en faïence blanche (haut. 55 cent. ; v. ill., p. 22).",documents/BO0624_4840
134,125,"- Italie: VAsE en faïence blanche, avec anses en forme de serpent (h. 36 cent.).","- 125 - Italie: VAsE en faïence blanche, avec anses en forme de serpent (h. 36 cent.).",documents/BO0624_4840
135,126,"- Abruzzi: CARREAu en faïence, à décor polychrome, présentant le Christ sur le Calvaire. Cadre en bois guilloché.","- 126 - Abruzzi: CARREAu en faïence, à décor polychrome, présentant le Christ sur le Calvaire. Cadre en bois guilloché.",documents/BO0624_4840
136,127,"- Abruzzi: CARREAU en faïence, présentant le Miracle de saint Pierre. Cadre en bois noir, avec ornements dorés.","- 127 - Abruzzi: CARREAU en faïence, présentant le Miracle de saint Pierre. Cadre en bois noir, avec ornements dorés.",documents/BO0624_4840
137,128,"- Faenza: PLAT avec des fruits, en faïence polychrome.","- 128 - Faenza: PLAT avec des fruits, en faïence polychrome.",documents/BO0624_4840
138,129,"- Milano: TRoIs PLATS creux en faïence, de formes et décorations différentes.","- 129 - Milano: TRoIs PLATS creux en faïence, de formes et décorations différentes.",documents/BO0624_4840
139,130,"- Lodi: PORTE-FLEURS à PANIER et DEUX TASSES à CAFÉ en faience, décorées à fleurs polychromes.","- 130 - Lodi: PORTE-FLEURS à PANIER et DEUX TASSES à CAFÉ en faience, décorées à fleurs polychromes.",documents/BO0624_4840
140,131,"- Venezia: CAFETIÈRE, TASSE et SOUScoUpe, en porcelaine; décor en rubans verts (m. de f.).","- 131 - Venezia: CAFETIÈRE, TASSE et SOUScoUpe, en porcelaine; décor en rubans verts (m. de f.).",documents/BO0624_4840
141,132,"- Milano: QUATRE PLATS à fruits, en faïence; décor à paysage et figures.","- 132 - Milano: QUATRE PLATS à fruits, en faïence; décor à paysage et figures.",documents/BO0624_4840
142,124,<!-- image -->,"124

<!-- image -->

<!-- image -->",documents/BO0624_4840
143,140,"- 133 - Milano: AssIETTE à POTAGE et AssIeTTE en faïence, décor japonnais en rouge, en bleu et en or.","140

- 133 - Milano: AssIETTE à POTAGE et AssIeTTE en faïence, décor japonnais en rouge, en bleu et en or.",documents/BO0624_4840
144,134,"- Milano: DEUX SAUCIÈRES en faïence, à forme de tonneau, avec petit plat, décorées en rouge, en bleu et en or.","- 134 - Milano: DEUX SAUCIÈRES en faïence, à forme de tonneau, avec petit plat, décorées en rouge, en bleu et en or.",documents/BO0624_4840
145,135,- Delle Nove : QUATRE TASSES en porcelaine (m. de f.).,- 135 - Delle Nove : QUATRE TASSES en porcelaine (m. de f.).,documents/BO0624_4840
146,136,"- Milano: Un PLAT en faïence, à bord dentelé, décoré à fleurs en or (v. ill., IXe pl.).","- 136 - Milano: Un PLAT en faïence, à bord dentelé, décoré à fleurs en or (v. ill., IXe pl.).",documents/BO0624_4840
147,137,"- Milano: DEux PLATS en faïence; bord bleu au centre, l'écusson polychrome des marquis Olevano de Pavia ; le lion à la devise : DE - BIEN - FAIRE - NITE REPANT - POINT; la colombe à la devise: Pax. Exemplaires de riche décor et parfaite exécution avec la m. de f. Mil. Rub. (v. ill., /Xe pl.).","- 137 - Milano: DEux PLATS en faïence; bord bleu au centre, l'écusson polychrome des marquis Olevano de Pavia ; le lion à la devise : DE - BIEN - FAIRE - NITE REPANT - POINT; la colombe à la devise: Pax. Exemplaires de riche décor et parfaite exécution avec la m. de f. Mil. Rub. (v. ill., /Xe pl.).",documents/BO0624_4840
148,138,"- Milano: PLAt en faïence à bord dentelé; au centre, une femme assise entre deux arbres, et animaux (v. ill., IXe pl.).","- 138 - Milano: PLAt en faïence à bord dentelé; au centre, une femme assise entre deux arbres, et animaux (v. ill., IXe pl.).",documents/BO0624_4840
149,139,"- Caffagiolo : GRAND VASE en faïence, décoré en bleu et en jaune.","- 139 - Caffagiolo : GRAND VASE en faïence, décoré en bleu et en jaune.",documents/BO0624_4840
150,140,"- Padova: GRANDE VASQUE en terre vernissée, avec peinture en "" grafito „ (r.).","- 140 - Padova: GRANDE VASQUE en terre vernissée, avec peinture en "" grafito „ (r.).
<!-- image -->

<!-- image -->

<!-- image -->

<!-- image -->

<!-- image -->

<!-- image -->

<!-- image -->

<!-- image -->
<!-- image -->
<!-- image -->

## OBJETS DIVERS",documents/BO0624_4840
151,141,"- BUsTe d'Homme, en marbre rouge, sur base en cristal.","- 141 - BUsTe d'Homme, en marbre rouge, sur base en cristal.",documents/BO0624_4840
152,142,"- PETIT VASE, avec couvercle, en bronze, émaillé et cloisonné japonnais.","- 142 - PETIT VASE, avec couvercle, en bronze, émaillé et cloisonné japonnais.",documents/BO0624_4840
153,148,"- 143 - STATUETTE en bois sculpté, vernie et dorée; idole birman.","148

- 143 - STATUETTE en bois sculpté, vernie et dorée; idole birman.",documents/BO0624_4840
154,144,"- STATUETTE en bronze doré; idole birman (v. ill., p. 32).","- 144 - STATUETTE en bronze doré; idole birman (v. ill., p. 32).",documents/BO0624_4840
155,145,"- NIcHE en ébène et écaille, avec une petite statue en albâtre; saint Paul.","- 145 - NIcHE en ébène et écaille, avec une petite statue en albâtre; saint Paul.",documents/BO0624_4840
156,146,"- BRûLE-PARFUM japonnais, en bronze; cheval monté par un prêtre.","- 146 - BRûLE-PARFUM japonnais, en bronze; cheval monté par un prêtre.",documents/BO0624_4840
157,147,- STATUETTE en bronze; enfant agenouillé en prière.,- 147 - STATUETTE en bronze; enfant agenouillé en prière.,documents/BO0624_4840
158,148,"- CASSETTE en fer gravé, avec deux manilles (v. ill., p. 23).","- 148 - CASSETTE en fer gravé, avec deux manilles (v. ill., p. 23).",documents/BO0624_4840
159,149,"- PAIRE de FLAMBEAUX à feuillages, en bronze doré, à six lumières; statuette assise sur la base (v. ill., p. 22).","- 149 - PAIRE de FLAMBEAUX à feuillages, en bronze doré, à six lumières; statuette assise sur la base (v. ill., p. 22).

## VERRERIE DE VENISE",documents/BO0624_4840
160,150,"- VERRE sur pied (cassé au pied après son illustration; v. ill., p. 21).","- 150 - VERRE sur pied (cassé au pied après son illustration; v. ill., p. 21).",documents/BO0624_4840
161,151,"- BuRETTE à ornements en filigrane blanc-de-lait (v. ill., p. 21).","- 151 - BuRETTE à ornements en filigrane blanc-de-lait (v. ill., p. 21).",documents/BO0624_4840
162,152,"- BURETTE à filets blanc-de-lait, avec anse à la pincette (v. ill., p. 21).","- 152 - BURETTE à filets blanc-de-lait, avec anse à la pincette (v. ill., p. 21).",documents/BO0624_4840
163,153,"- AIGUIÈRE à décor filigranique, avec anse et ornement en bleu (v. ill., p. 21).","- 153 - AIGUIÈRE à décor filigranique, avec anse et ornement en bleu (v. ill., p. 21).",documents/BO0624_4840
164,154,"- CRUCHoN en verre vert, à ornements filigraniques ; bord café (v. ill., p. 21).","- 154 - CRUCHoN en verre vert, à ornements filigraniques ; bord café (v. ill., p. 21).",documents/BO0624_4840
165,155,"- BÉNITIER chamarré en filigrane blanc-de-lait (v. ill., p. 21).","- 155 - BÉNITIER chamarré en filigrane blanc-de-lait (v. ill., p. 21).",documents/BO0624_4840
166,156,"- PETITE BOUTEILLE et son petit verre, décor en blanc-de-lait et collet vert (v. ill. p. 21).","- 156 - PETITE BOUTEILLE et son petit verre, décor en blanc-de-lait et collet vert (v. ill. p. 21).",documents/BO0624_4840
167,157,"- FLûTE, avec ornements à la pincette (v. ill., p. 21).","- 157 - FLûTE, avec ornements à la pincette (v. ill., p. 21).",documents/BO0624_4840
168,158,"- COUPE en verre de Murano (v. ill., p. 21).","- 158 - COUPE en verre de Murano (v. ill., p. 21).",documents/BO0624_4840
169,159,- DEux BéNITIERS; un en verre glacé et l'autre dentelé.,- 159 - DEux BéNITIERS; un en verre glacé et l'autre dentelé.,documents/BO0624_4840
170,160,- DEux PLATEAUX; un avec pied à filets blancs.,"- 160 - DEux PLATEAUX; un avec pied à filets blancs.

<!-- image -->",documents/BO0624_4840
171,161,"- PeTITE VasouE et PLAT dentelé, en verre bleu-de-ciel","161 - PeTITE VasouE et PLAT dentelé, en verre bleu-de-ciel",documents/BO0624_4840
172,162,- IROIS TORIE-FLEURS en verre vert a mllers blanc-de-lart,162 - IROIS TORIE-FLEURS en verre vert a mllers blanc-de-lart,documents/BO0624_4840
173,163,- DEUX PLATEAUX a décor gravé,163 - DEUX PLATEAUX a décor gravé,documents/BO0624_4840
174,164,"- TRoIs PLATEAUX de dimensions diftérentes; au centre, couronnc en verre bleu-de-ciel","164 - TRoIs PLATEAUX de dimensions diftérentes; au centre, couronnc en verre bleu-de-ciel

## ARGENTERIE ET BIJOUX",documents/BO0624_4840
175,165,"- MoNTRE en or, a double caisse; email tigure et entoure de roses de Hollande (Genève)","165 - MoNTRE en or, a double caisse; email tigure et entoure de roses de Hollande (Genève)",documents/BO0624_4840
176,166,"- MontRE en or. avec émail bleu, encadré de perles (France).","166 - MontRE en or. avec émail bleu, encadré de perles (France).",documents/BO0624_4840
177,167,- MoNtRE en or. avec un très fin émaille figuré (Genève).,167 - MoNtRE en or. avec un très fin émaille figuré (Genève).,documents/BO0624_4840
178,168,"- BRELOQUE en argent et or, avec email tiguré, encadre de petits diamants et rubis (v. ill., p. 24).","168 - BRELOQUE en argent et or, avec email tiguré, encadre de petits diamants et rubis (v. ill., p. 24).",documents/BO0624_4840
179,169,"- CroIx en argent dore, avec diamants","169 - CroIx en argent dore, avec diamants

<!-- image -->",documents/BO0624_4840
180,170,"- BouciEs d'oREILLes en or, avec pendeloque en perles baroques (v. ill., p. 24)","170 - BouciEs d'oREILLes en or, avec pendeloque en perles baroques (v. ill., p. 24)",documents/BO0624_4840
181,171,"- BRELOQUE en cristal de roche et en or a torme de cœur. avec monogramme Maria (v. ill., p. 24).","171 - BRELOQUE en cristal de roche et en or a torme de cœur. avec monogramme Maria (v. ill., p. 24).",documents/BO0624_4840
182,172,"- BRaceLet en or, à petits rubis et émeraudes.","172 - BRaceLet en or, à petits rubis et émeraudes.",documents/BO0624_4840
183,173,"- BRAceLeT en or, avec onze perles baroques et de petits diamants","173 - BRAceLeT en or, avec onze perles baroques et de petits diamants",documents/BO0624_4840
184,174,"- BRELoQue en argent doré et grenades, avec miniature mignonne","174 - BRELoQue en argent doré et grenades, avec miniature mignonne",documents/BO0624_4840
185,175,"- DIADÈME en strass, monté en argent (v. ill., p. 23).","175 - DIADÈME en strass, monté en argent (v. ill., p. 23).",documents/BO0624_4840
186,176,- SIX PETITES BAGUES en or et diamants pour demoselle,176 - SIX PETITES BAGUES en or et diamants pour demoselle,documents/BO0624_4840
187,177,"- BRELOQUE en perle baroque a tete de cheval, monte en or.","177 - BRELOQUE en perle baroque a tete de cheval, monte en or.",documents/BO0624_4840
188,178,- CoLLIER et CRoIx en argent a petits diamants,"178 - CoLLIER et CRoIx en argent a petits diamants

<!-- image -->

<!-- image -->

<!-- image -->
<!-- image -->",documents/BO0624_4840
189,96,<!-- image -->,"96

<!-- image -->",documents/BO0624_4840
190,186,<!-- image -->,"186

<!-- image -->",documents/BO0624_4840
191,187,<!-- image -->,"187

<!-- image -->

## TABLEAUX",documents/BO0624_4840
192,179,"- Philippe Roos, dit Rosa da Tivoli, 1655-1705 : LE RETOUR AU BERCAIL.","- 179 - Philippe Roos, dit Rosa da Tivoli, 1655-1705 : LE RETOUR AU BERCAIL.

Berger et groupe d'animaux divers dans une large vallée au coucher du soleil. Bien que le soleil est presque tout à fait couché, on y éclaire parfaitement par l'armonie des tons. L'œil se repose volontier sur la scène, qui rend probablement la poésie de cette heure, de ce paysage, de ces brebis. cune verite extraordinaire vivants. Leur redara souriant, doux, caressant penetre au fond de votre âme avec le salut timide, presque craintif, de leur bêler insistant. Cadre en bois doré (1. 1.74; h. 1.25; v. ill., p. 24).",documents/BO0624_4840
193,180,"- Prospero Zanichelli, 1698-1772: DEUx PERSPECTIVEs avec ruines.","- 180 - Prospero Zanichelli, 1698-1772: DEUx PERSPECTIVEs avec ruines.

P. à la détrempe sur toile; signé P. Z. Ft. (I. 0.92 ; h. 1.25).",documents/BO0624_4840
194,181,"- Ecole de Parme, XVIIe siècle: LE RÊVE DE JACOB.","- 181 - Ecole de Parme, XVIIe siècle: LE RÊVE DE JACOB.

Cadre en bois doré (I. 1.00; h. 1.15).",documents/BO0624_4840
195,182,"- École Toscane, XVIIe siècle: LA NAISSANCE de la VIERGE. Riche composition avec plusieurs figures. Cadre en bois sculpté et doré (bois; 1. 0.63; h. 0.78).","- 182 - École Toscane, XVIIe siècle: LA NAISSANCE de la VIERGE. Riche composition avec plusieurs figures. Cadre en bois sculpté et doré (bois; 1. 0.63; h. 0.78).",documents/BO0624_4840
196,183,"- Pietro Berrettini, dit Pietro da Cortona, 1596-1669 : SUJET BIBLIQUE. Groupe de quatre figures; fond à paysage. Cadre en bois sculpté et doré (1. 1.51; h. 1.15).","- 183 - Pietro Berrettini, dit Pietro da Cortona, 1596-1669 : SUJET BIBLIQUE. Groupe de quatre figures; fond à paysage. Cadre en bois sculpté et doré (1. 1.51; h. 1.15).",documents/BO0624_4840
197,184,"- École de Bologna, XVIIe siècle: LA MADELEINE (1. 0.77; h. 0.95).","- 184 - École de Bologna, XVIIe siècle: LA MADELEINE (1. 0.77; h. 0.95).",documents/BO0624_4840
198,185,"- Ecole Flammande, XVIIe siècle: PORTRAIT d'HOMME.","- 185 - Ecole Flammande, XVIIe siècle: PORTRAIT d'HOMME.

Demi-figure; en haut, à droite, armoiries avec la divise: Fide sed vide; et les dates: A°. 1632Aetatis 60. Œuvre magistrale. dont on devrait facilement trouver le personnage et le peintre Celui-ci parmi les grands maitres de cette école. Cadre en bois noir, avec ornements dorés (1. 0.77; h. 1.11 ; v. ill., Xe pl.).",documents/BO0624_4840
199,186,"- Jean Fyt, 1611-1661 : NATURE MORTE. Poissons. Des Natures mortes de Jean Fyt, les Poissons sont rares. Cadre doré (1.0.96; h. 0.79; v. ill, p. 25).","- 186 - Jean Fyt, 1611-1661 : NATURE MORTE. Poissons. Des Natures mortes de Jean Fyt, les Poissons sont rares. Cadre doré (1.0.96; h. 0.79; v. ill, p. 25).",documents/BO0624_4840
200,187,"- Jean Fyt, 1611-1661 : NATURE MORTE. Gibier.","- 187 - Jean Fyt, 1611-1661 : NATURE MORTE. Gibier.

Tableau pendant au précédent (v. ill., p. 25).
## 188 - Bartolommeo Montagna, 14. -15 ..: SAINTE CLAIRE

Volet gauche d'un triptique. Figure entière, moitié du naturel. La sainte marche, les pieds nus, tenant un ostensoire, regardant en face, d'un air très digniteux. La simplicité des moyens d'exécution révèle toute la puissance des enseignements des Bellini et du grand Mantegna, le chef de l'École de Padova, maître des maitres de l'École Vénitienne. On y voit la préférence de ses tons calmes: la rigueur de son dessin irreprochable; les teintes claires argentines de ses tonds, gui ne peuvent cacher aucun artifice d'insuffisance; ses étoffes, pliées comme Mantegna seul savait et lui avait appris ; on y voit, même dans les moindres détails, comme dans le socle marbré à la vénitienne, sa grande alligence a sorgner — par un contraste très sobre de jeux de lumière — tou ce qui concourrait à rendre la sévérité, la majesté de ses figures. La Galerie de Vicenza possède les chefs-d'œuvre de Montagna; un véritable trésor. Cadre en bois sculpté et doré (1. 0.44 ; h. 1.15; v. ill., XIe pl.).",documents/BO0624_4840
201,197,<!-- image -->,"197

<!-- image -->",documents/BO0624_4840
202,189,"189 - École Italienne, XVIe siècle: LE SACRIFICE d'ABRAHAM. Cadre en bois sculpté et doré (bois; 1. 0.36 ; h. 0.75).","189 - École Italienne, XVIe siècle: LE SACRIFICE d'ABRAHAM. Cadre en bois sculpté et doré (bois; 1. 0.36 ; h. 0.75).",documents/BO0624_4840
203,190,"## 190 - École Italienne, XVIe siècle : LA RÉSURRECTION.","## 190 - École Italienne, XVIe siècle : LA RÉSURRECTION.

Le Christ monte au ciel entouré d'anges. Près du tombeau, les Juifs endormis. Cadre en bois sculpté, verni et doré (bois ; 1. 0.43 ; h. 0.62).",documents/BO0624_4840
204,191,"191 - Jacopo Carucci da Pontormo, dit le Pontormo : Ecce номо. Buste du Christ. Cadre en bois sculpté et doré (bois; 1. ","191 - Jacopo Carucci da Pontormo, dit le Pontormo : Ecce номо. Buste du Christ. Cadre en bois sculpté et doré (bois; 1. 0.44; h. 0.58).",documents/BO0624_4840
205,192,"## 192 - Ecole Italienne, XVe siècle: LA VIERGE, l'ENFANT, et SAINTE CATHERINE.","## 192 - Ecole Italienne, XVe siècle: LA VIERGE, l'ENFANT, et SAINTE CATHERINE.

La Vierge, assise, tient sur ses genoux l'Enfant-Jésus qui reçoit des fleurs de sainte Catherine. Fond à paysage. Cadre en bois doré (bois; 1. 0.44; h. 0.51).",documents/BO0624_4840
206,193,"- Gentile da Fabriano, 1360-1428: LA VIERGE et l'ENFANT. La Vierge, assise, nourrit l'Enfant-Jésus; gloire d'anges avec instruments de musique. Cadre en forme de niche, bois sculpté et doré (bois, fond or, à la détrempe; 1. 0.50 ; h. 0.70)","193 - Gentile da Fabriano, 1360-1428: LA VIERGE et l'ENFANT. La Vierge, assise, nourrit l'Enfant-Jésus; gloire d'anges avec instruments de musique. Cadre en forme de niche, bois sculpté et doré (bois, fond or, à la détrempe; 1. 0.50 ; h. 0.70)

La Vierge, assise sur un coussin blanc, tient l'Eniant-Jésus sur ses genoux. Fond à paysage.",documents/BO0624_4840
207,194,"- École Italienne, XVIe siècle: LA VIERGE et l'ENFANT Cadre en bois sculpté à fruits et doré (bois; I. 0.59 ; h. 0.73). <!-- image -->","- 194 - École Italienne, XVIe siècle: LA VIERGE et l'ENFANT Cadre en bois sculpté à fruits et doré (bois; I. 0.59 ; h. 0.73).
<!-- image -->

<!-- image --> 297

<!-- image -->",documents/BO0624_4840
208,195,"- École Italienne, XVIe siècle: DEux SAINTS ; formant deux volets d' un dyptique.","- 195 - École Italienne, XVIe siècle: DEux SAINTS ; formant deux volets d' un dyptique.",documents/BO0624_4840
209,196,"- Ercole Procaccini, 1596-1676 : MARTYRE d'une SAINtE, confortée par un ange. On y voit la fibre saine des Procaccini. C'est presque le même sujet, mais d'exécution meilleure, que celui de Brera; certainement les mêmes modèles et la même époque. Le tableau de Brera, nous entendons, auquel ont travaillé aussi Crespi et Lomazzo; la fameuse toile aux trois peintres. une curiosité. Cadre en bois sculpté et doré (i. 1.06; h. 1.42; v. ill., XIIe pl.).","- 196 - Ercole Procaccini, 1596-1676 : MARTYRE d'une SAINtE, confortée par un ange. On y voit la fibre saine des Procaccini. C'est presque le même sujet, mais d'exécution meilleure, que celui de Brera; certainement les mêmes modèles et la même époque. Le tableau de Brera, nous entendons, auquel ont travaillé aussi Crespi et Lomazzo; la fameuse toile aux trois peintres. une curiosité. Cadre en bois sculpté et doré (i. 1.06; h. 1.42; v. ill., XIIe pl.).
- Dans deux niches, fond or. (P. à la détrempe; 1. 0.13; h. 0.48).",documents/BO0624_4840
210,197,"- Gianfrancesco Barbieri, dit le Guercino da Cento, 1590-1666 : SUJET BIBLIQUE.","- 197 - Gianfrancesco Barbieri, dit le Guercino da Cento, 1590-1666 : SUJET BIBLIQUE.",documents/BO0624_4840
211,198,"- Evaristo Baschenis, dit della polvere, 1617-1677 : INSTRUMENTS. Divers instruments de musique placés sur une table. Signé B. E. On le disait "" della polvere „ parcequ'il copiait ses instruments couverts de poussière après y avoir passé un doigt à zig-zag; et il rendait cet effet d'une évidence extraordinaire. Peu de ses tableaux sont signés. Cadre en bois noir (I. 1.23; h. 0.93).","- 198 - Evaristo Baschenis, dit della polvere, 1617-1677 : INSTRUMENTS. Divers instruments de musique placés sur une table. Signé B. E. On le disait "" della polvere „ parcequ'il copiait ses instruments couverts de poussière après y avoir passé un doigt à zig-zag; et il rendait cet effet d'une évidence extraordinaire. Peu de ses tableaux sont signés. Cadre en bois noir (I. 1.23; h. 0.93).
- Groupe de trois demi-figures et autres sur le fond. Cadre en bois doré (1.1.33; h. 1.25; v. ill., p. 26).

<!-- image -->

## MINIATURES",documents/BO0624_4840
212,199,"- PoRTRAIT de JEUNE FEMME, buste, les cheveux frisés; miniature sur ivoire, signée Bolin 1849. Cadre en bronze doré.","- 199 - PoRTRAIT de JEUNE FEMME, buste, les cheveux frisés; miniature sur ivoire, signée Bolin 1849. Cadre en bronze doré.",documents/BO0624_4840
213,200,"- PoRTRAIT de FEMMe en costume décolleté; Empire; min. sur ivoire. Cadre noir. - TABATIÈRE en buis, et en écaille à l'intérieur. Fixé, représentant saint Jérôme en - PoRTRAIT d'HoMMe en costume Goldonien; buste; miniature sur ivoire. Cadre noir.","- 200 - PoRTRAIT de FEMMe en costume décolleté; Empire; min. sur ivoire. Cadre noir. - 202 - TABATIÈRE en buis, et en écaille à l'intérieur. Fixé, représentant saint Jérôme en - 201 - PoRTRAIT d'HoMMe en costume Goldonien; buste; miniature sur ivoire. Cadre noir.
- pénitence; fond à paysage.",documents/BO0624_4840
214,203,- PoRTRAIT de FEMMe en costume décolleté; rubans et fleurs sur la tête; min. s. i.,- 203 - PoRTRAIT de FEMMe en costume décolleté; rubans et fleurs sur la tête; min. s. i.,documents/BO0624_4840
215,204,- PAYsAGE avec de petites figures de guerriers; fixé.,- 204 - PAYsAGE avec de petites figures de guerriers; fixé.,documents/BO0624_4840
216,205,- PoRTRAIT de jeune OFFIcieR en perruque blanche.,- 205 - PoRTRAIT de jeune OFFIcieR en perruque blanche.,documents/BO0624_4840
217,206,"- PoRTRAIT d' HoMMe en costume du XVII siècle, avec grand collet, et habit rouge; peinture sur cuivre; école hollandaise. Cadre en bois sculpté à feuillages et doré.","- 206 - PoRTRAIT d' HoMMe en costume du XVII siècle, avec grand collet, et habit rouge; peinture sur cuivre; école hollandaise. Cadre en bois sculpté à feuillages et doré.",documents/BO0624_4840
218,207,"- PoRTRAIT de FEMMe en habit décolleté, avec manteau rouge sur les épaules et plumes rouges sur la tête. Peinture sur cuivre; école hollandaise; en cadre pendant au précédent.","- 207 - PoRTRAIT de FEMMe en habit décolleté, avec manteau rouge sur les épaules et plumes rouges sur la tête. Peinture sur cuivre; école hollandaise; en cadre pendant au précédent.

## MEUBLES",documents/BO0624_4840
219,208,"- CABIneT en bois noir et noyer d'Inde à sept tiroirs; petite porte au centre, avec plaque en ivoire gravée à paysages et figures; à l'intérieur, six tiroirs, dont trois avec miroir.","- 208 - CABIneT en bois noir et noyer d'Inde à sept tiroirs; petite porte au centre, avec plaque en ivoire gravée à paysages et figures; à l'intérieur, six tiroirs, dont trois avec miroir.",documents/BO0624_4840
220,209,"- TABLE à jeu en noyer marqueté en érable; échiquier au centre du plan, et tiroir","- 209 - TABLE à jeu en noyer marqueté en érable; échiquier au centre du plan, et tiroir",documents/BO0624_4840
221,210,"- COFFRE-FORT en noyer, avec cinq manilles et ornements en fer gravé et découpé A l'intérieur, trois compartiments à cinq tiroirs ; XVe siècle (1. 0.86 ; h. 0.62; p. 0.48; v. ill., p. 27).","- 210 - COFFRE-FORT en noyer, avec cinq manilles et ornements en fer gravé et découpé
- à jour. Riche serrure en fer gravé. Plan mobile marqueté à l'intérieur avec filets en érable; longues charnières en fer gravé et quatre ornements en fer découpé à jour.

<!-- image --> 212

A l'intérieur, trois compartiments à cinq tiroirs ; XVe siècle (1. 0.86 ; h. 0.62; p. 0.48; v. ill., p. 27).",documents/BO0624_4840
222,211,"- LUSTRE en cristal de Bohême biseauté, à dixhuit lumières (h. 1,70 ; diam. 1.12).","- 211 - LUSTRE en cristal de Bohême biseauté, à dixhuit lumières (h. 1,70 ; diam. 1.12).",documents/BO0624_4840
223,212,"- TABLE à jeu en noyer, avec marqueteries en érable et bois de rose; plan dénoué; par Magiolino (plan de 79 cent. carrés; v. ill., p. 28).","- 212 - TABLE à jeu en noyer, avec marqueteries en érable et bois de rose; plan dénoué; par Magiolino (plan de 79 cent. carrés; v. ill., p. 28).",documents/BO0624_4840
224,213,"- TABLE à jeu, pendant à la précédente, par Magiolino.","- 213 - TABLE à jeu, pendant à la précédente, par Magiolino.",documents/BO0624_4840
225,214,"- ÉcHIQUIER dénoué, en noyer, avec marqueterie en bois divers; à l'intérieur, jeu de trie-trac","- 214 - ÉcHIQUIER dénoué, en noyer, avec marqueterie en bois divers; à l'intérieur, jeu de trie-trac",documents/BO0624_4840
226,215,- DEUx COMMODEs en noyer et bois,"- 215 - DEUx COMMODEs en noyer et bois
- de rose; marqueterie en noyer d'Inde et érable au centre, aux côtés et

sur le plan. Tiroir supérieur et porte à coulisse abritant deux tiroirs à l'intérieur; par Magiolino (1. 1.25 ; h. 0.89 ; p. 0.58).",documents/BO0624_4840
227,216,- DEUx TAbLEs de NUIT en noyer et bois de rose; ornements pareils aux précédentes,"- 216 - DEUx TAbLEs de NUIT en noyer et bois de rose; ornements pareils aux précédentes
- commodes ; par Magiolino (I. 0.60; h. 0.82; p. 0.47).",documents/BO0624_4840
228,217,"- DEUX VITRINES-ENCOIGNURES en noyer marqueté en ivoire, dites à la "" Certosina „;","- 217 - DEUX VITRINES-ENCOIGNURES en noyer marqueté en ivoire, dites à la "" Certosina „;
- porte et côtés à vitre; divisions en cristal (1. 0.60; h. 2.67; p. 0.56).
<!-- image -->
<!-- image -->

## FAÏENCES ET PORCELAINES",documents/BO0624_4840
229,218,"- Vicenza: DEUX PLATS octogones, sur pied, en faïence, percés à jour","- 218 - Vicenza: DEUX PLATS octogones, sur pied, en faïence, percés à jour",documents/BO0624_4840
230,219,"- Mantova: PORTE-FLEURS en faïence, en forme de moule, avec un monstre et un poisson, décoré en jaune et en bleu.","- 219 - Mantova: PORTE-FLEURS en faïence, en forme de moule, avec un monstre et un poisson, décoré en jaune et en bleu.",documents/BO0624_4840
231,220,"- Savona: PAIRE de VAses de pharmacie, en faïence, décorés en bleu.","- 220 - Savona: PAIRE de VAses de pharmacie, en faïence, décorés en bleu.",documents/BO0624_4840
232,221,"- Urbino: SALIÈRe en faïence, sur quatre pattes de lion, avec quatre sphynx aux coins, décorée d'arabesques polychromes.","- 221 - Urbino: SALIÈRe en faïence, sur quatre pattes de lion, avec quatre sphynx aux coins, décorée d'arabesques polychromes.",documents/BO0624_4840
233,222,"- Italie: Deux PLATS creux, sur pied, en terre vernissée, de fabriques différentes.","- 222 - Italie: Deux PLATS creux, sur pied, en terre vernissée, de fabriques différentes.",documents/BO0624_4840
234,223,"- La Fratta: GRAND PLAT en terre vernissée, et ""grafita, ; au centre, buste d'homme.","- 223 - La Fratta: GRAND PLAT en terre vernissée, et ""grafita, ; au centre, buste d'homme.",documents/BO0624_4840
235,224,"- Pavia: PLATEAU en terraille vernissée, découpé à jour et décoré en or.","- 224 - Pavia: PLATEAU en terraille vernissée, découpé à jour et décoré en or.",documents/BO0624_4840
236,225,"- Padova: CHAUFFERETTE en forme de panier, en terre vernissée et très finement travaillée "" à stecco, avec figures et ornements (end.).","- 225 - Padova: CHAUFFERETTE en forme de panier, en terre vernissée et très finement travaillée "" à stecco, avec figures et ornements (end.).",documents/BO0624_4840
237,226,"- Pavia: DEUx CHAUFFERETTES en terre vernissée et découpée à jour, avec ornements "" à stecco „.","- 226 - Pavia: DEUx CHAUFFERETTES en terre vernissée et découpée à jour, avec ornements "" à stecco „.",documents/BO0624_4840
238,227,"- Lodi: GRAND PLAT en faïence, à bord dentelé, décoré en bleu.","- 227 - Lodi: GRAND PLAT en faïence, à bord dentelé, décoré en bleu.",documents/BO0624_4840
239,228,"- Milano: DEux PLATS ovales en faïence, avec anses, décorés en rouge, vert et or.","- 228 - Milano: DEux PLATS ovales en faïence, avec anses, décorés en rouge, vert et or.",documents/BO0624_4840
240,229,"- Lodi: GRAND PLAT en faïence, avec bord dentelé, décoré en vert (m. de f.).","- 229 - Lodi: GRAND PLAT en faïence, avec bord dentelé, décoré en vert (m. de f.).",documents/BO0624_4840
241,230,"- Mantova: VAsQuE sur pied, en faïence, décorée à fleurs ; au centre, Andromède au rocher, delivrée du monstre marin.","- 230 - Mantova: VAsQuE sur pied, en faïence, décorée à fleurs ; au centre, Andromède au rocher, delivrée du monstre marin.",documents/BO0624_4840
242,231,"- Lodi: ÉcUELLE couverte en faience, décorée à fleurs verts et ornements en or.","- 231 - Lodi: ÉcUELLE couverte en faience, décorée à fleurs verts et ornements en or.",documents/BO0624_4840
243,232,"- Chine: DEUx SALIÈRES en porcelaine, décorées à fleurs polychromes (une f.).","- 232 - Chine: DEUx SALIÈRES en porcelaine, décorées à fleurs polychromes (une f.).",documents/BO0624_4840
244,233,"- Chine: TROIS CHANDELIERS en porcelaine, décorés en rouge et vert.","- 233 - Chine: TROIS CHANDELIERS en porcelaine, décorés en rouge et vert.
<!-- image -->",documents/BO0624_4840
245,234,"- Urbino: BasE d'EncrieR en faïence, manquant du tiroir, sur quatre pattes de lion et quatre cariatides aux coins ; décor à fleurs","- 234 - Urbino: BasE d'EncrieR en faïence, manquant du tiroir, sur quatre pattes de lion et quatre cariatides aux coins ; décor à fleurs
- polychromes.",documents/BO0624_4840
246,235,"- Savona: VAsE de PHARMACIE en faïence, à tête de lion et mascarons, décoré en bleu; d'un côté, la Naissance du Sauveur; un groupe d'enfants et inscription,","- 235 - Savona: VAsE de PHARMACIE en faïence, à tête de lion et mascarons, décoré en bleu; d'un côté, la Naissance du Sauveur; un groupe d'enfants et inscription,
- avec anses de l'autre (v. ill., III° pl.).",documents/BO0624_4840
247,236,"- Perse : DEUX PETITS PLATS creux en porcelaine, décorés à fleurs polychromes","- 236 - Perse : DEUX PETITS PLATS creux en porcelaine, décorés à fleurs polychromes
- (v. ill., p. 29).",documents/BO0624_4840
248,237,"- Perse: CINQ TASSES et SOUSCOUpEs en porcelaine, creuses au milieu, décorées à fleurs polychromes (v. ill., p. 29).","- 237 - Perse: CINQ TASSES et SOUSCOUpEs en porcelaine, creuses au milieu, décorées à fleurs polychromes (v. ill., p. 29).",documents/BO0624_4840
249,238,"- Perse: SIx PETITS PLATS en porcelaine,","- 238 - Perse: SIx PETITS PLATS en porcelaine,
- décorés à fleurs polychromes.",documents/BO0624_4840
250,239,"- Perse: QUATRE PETITES TASSES en porcelaine, décorées à fleurs, fond caté.","- 239 - Perse: QUATRE PETITES TASSES en porcelaine, décorées à fleurs, fond caté.",documents/BO0624_4840
251,240,"- Perse: Coupe avec plat, en porcelaine, décorée à fleurs.","- 240 - Perse: Coupe avec plat, en porcelaine, décorée à fleurs.",documents/BO0624_4840
252,241,"- Perse : SEPT PETITS PLATS en porcelaine, décorés à fleurs polychromes (v. ill., p. 29).","- 241 - Perse : SEPT PETITS PLATS en porcelaine, décorés à fleurs polychromes (v. ill., p. 29).",documents/BO0624_4840
253,242,"- Perse: Six PETITS PLATS en porcelaine, de formes différentes.","- 242 - Perse: Six PETITS PLATS en porcelaine, de formes différentes.",documents/BO0624_4840
254,243,"- Milano: Six PLATS en faïence, de formes différentes; décor japonnais.","- 243 - Milano: Six PLATS en faïence, de formes différentes; décor japonnais.",documents/BO0624_4840
255,244,"- Milano: Six PLATs en faïence; décor en rouge, en bleu et en or.","- 244 - Milano: Six PLATs en faïence; décor en rouge, en bleu et en or.",documents/BO0624_4840
256,245,"- Milano: DEUX PLATS en faïence ovales à bord dentelé, décor japonnais à fleurs","- 245 - Milano: DEUX PLATS en faïence ovales à bord dentelé, décor japonnais à fleurs
- rouges, bleu et or.",documents/BO0624_4840
257,246,- Abruzzi: TAssE à CAFÉ en faïence; décor à paysage.,- 246 - Abruzzi: TAssE à CAFÉ en faïence; décor à paysage.,documents/BO0624_4840
258,247,"- Milano: QUATRE TASSES à CAFÉ et DEUX SOUSCOUPES en faïence, de formes dif-","- 247 - Milano: QUATRE TASSES à CAFÉ et DEUX SOUSCOUPES en faïence, de formes dif-
- férentes.",documents/BO0624_4840
259,248,"- Milano: TAsSE à CAFÉ-AU-LAIT et DEUX TASSES à CArÉ, en faïence; décor japonnais en rouge, en bleu et en or.","- 248 - Milano: TAsSE à CAFÉ-AU-LAIT et DEUX TASSES à CArÉ, en faïence; décor japonnais en rouge, en bleu et en or.",documents/BO0624_4840
260,249,"- Milano: DEUX CAFETIÈREs en faïence, de formes différentes, décorées à fleurs","- 249 - Milano: DEUX CAFETIÈREs en faïence, de formes différentes, décorées à fleurs
- rouges et bleu.",documents/BO0624_4840
261,250,"- Milano: SERVICE de TABLE en faïence, décor japonnais en rouge et en bleu, com- Soupières avec couvercle et plat (une soupière et un plat r.); 4 Grands plats volants; 3 Plats plus petits, volants; 13 Plats de grandeur moyenne; 1 Grand plat 3 Plats ovales, plus petits ; 3 Plats ovales creux et dentelés ; 2 Plats à dessert, de forme triangulaire; 4 Saucières ovales en forme de nacelle, avec quatre","- 250 - Milano: SERVICE de TABLE en faïence, décor japonnais en rouge et en bleu, com-

<!-- image --> 3 Soupières avec couvercle et plat (une soupière et un plat r.); 4 Grands plats volants; 3 Plats plus petits, volants; 13 Plats de grandeur moyenne; 1 Grand plat 3 Plats ovales, plus petits ; 3 Plats ovales creux et dentelés ; 2 Plats à dessert, de forme triangulaire; 4 Saucières ovales en forme de nacelle, avec quatre

- posé des pièces suivantes :
<!-- image -->

<!-- image -->
petits plats ovales; 1 Saucière (m. du c.) et plat; 1 Ecuelle couverte et plat = 38 Pièces (v. ill., 1X ° pl.).

## OBJETS DIVERS",documents/BO0624_4840
262,251,"- BRûLE-PARFUM en bronze japonnais, à deux chimères","- 251 - BRûLE-PARFUM en bronze japonnais, à deux chimères
- (v. ill., p. 32).",documents/BO0624_4840
263,252,- OstENSOir en cuivre repoussé et argenté.,- 252 - OstENSOir en cuivre repoussé et argenté.,documents/BO0624_4840
264,253,- OsTENSOIR en cuivre repoussé et doré.,- 253 - OsTENSOIR en cuivre repoussé et doré.,documents/BO0624_4840
265,254,"- AMPHoRE orientale en laiton, découpée à jour et gravée (v. ill., p. 31).","- 254 - AMPHoRE orientale en laiton, découpée à jour et gravée (v. ill., p. 31).",documents/BO0624_4840
266,255,PErIT GROUPE en bronze argenté; Flore et deux petits,"- 255 PErIT GROUPE en bronze argenté; Flore et deux petits
- Amours portant des festons. Base en bois.",documents/BO0624_4840
267,256,"- DEUx ENCANDREMENTS ovales en ébène et écaille, avec plaquette en bronze doré. La naissance du Christ, et sa résurrection.","- 256 - DEUx ENCANDREMENTS ovales en ébène et écaille, avec plaquette en bronze doré. La naissance du Christ, et sa résurrection.",documents/BO0624_4840
268,257,"- GRAND OSTENSOIR gothique, en bronze doré; base entièrement gravée à figures de saints (v. ill., p. 30).","- 257 - GRAND OSTENSOIR gothique, en bronze doré; base entièrement gravée à figures de saints (v. ill., p. 30).
- gone, à figures de saints et fleurs gravées (v. ill., p. 30).",documents/BO0624_4840
269,258,- GRAND OsTENSoIr en bronze doré et gravé; base héxa-,- 258 - GRAND OsTENSoIr en bronze doré et gravé; base héxa-,documents/BO0624_4840
270,259,"- GRANDE PLAQUE en bronze doré; la Vierge avec l'Enfant, en haut-relief. Cadre en bois noir (v. ill., p. 31).","- 259 - GRANDE PLAQUE en bronze doré; la Vierge avec l'Enfant, en haut-relief. Cadre en bois noir (v. ill., p. 31).",documents/BO0624_4840
271,260,- CRoix en bronze doré à diverses figures de saints en haut-relief.,- 260 - CRoix en bronze doré à diverses figures de saints en haut-relief.,documents/BO0624_4840
272,261,- PLAQUE en cuivre repoussé et doré; représentant le Repos en Égypte.,- 261 - PLAQUE en cuivre repoussé et doré; représentant le Repos en Égypte.,documents/BO0624_4840
273,20,y,"20y

<!-- image -->",documents/BO0624_4840
274,254,<!-- image -->,"254

<!-- image -->

## VERRERIE DE VENISE",documents/BO0624_4840
275,262,"- BOUTEILLE héxagone, à ornements blanc-de-lait et filet bleu. - GRANDE VAsQUE sur pied; bord à deux filets bleu, et une troisième large sur la - FLACON à voyage en verre jaune ; ornements en blanc-de-lait.","- 262 - BOUTEILLE héxagone, à ornements blanc-de-lait et filet bleu. - 264 - GRANDE VAsQUE sur pied; bord à deux filets bleu, et une troisième large sur la - 263 - FLACON à voyage en verre jaune ; ornements en blanc-de-lait.
- nasc",documents/BO0624_4840
276,265,"- CALIce en verre couleur de paille, sur pied à bord rehaussé. - BoUTEILLe en verre bleu, comprimée dans ses deux parties centrales. - TRoIs PLATS octogones, bord dentelé et doré.","- 265 - CALIce en verre couleur de paille, sur pied à bord rehaussé. - 267 - BoUTEILLe en verre bleu, comprimée dans ses deux parties centrales. - 266 - TRoIs PLATS octogones, bord dentelé et doré.",documents/BO0624_4840
277,268,"- GRANDE CoUpE, à deux filets bleu au bord, et un plus large au pied.","- 268 - GRANDE CoUpE, à deux filets bleu au bord, et un plus large au pied.",documents/BO0624_4840
278,269,- PEINTURE sur verre; buste de femme.,- 269 - PEINTURE sur verre; buste de femme.,documents/BO0624_4840
279,270,- PEINTURE sur verre; La Sainte Cène.,- 270 - PEINTURE sur verre; La Sainte Cène.,documents/BO0624_4840
280,271,- DEUX BOUTeILLes à forme de tonneau.,- 271 - DEUX BOUTeILLes à forme de tonneau.,documents/BO0624_4840
281,272,- GRANDE CoUpe; filet bleu au pied et au bord.,- 272 - GRANDE CoUpe; filet bleu au pied et au bord.,documents/BO0624_4840
282,273,- CALIcE à ornements gravés et imprimés.,- 273 - CALIcE à ornements gravés et imprimés.,documents/BO0624_4840
283,274,"- DEUx VERRES en cristal de Bohême, à formes et décorations différentes ; paysage en émail et en or.","- 274 - DEUx VERRES en cristal de Bohême, à formes et décorations différentes ; paysage en émail et en or.",documents/BO0624_4840
284,275,- CoUpE à bord bleu.,"- 275 - CoUpE à bord bleu.

<!-- image -->

<!-- image -->

## ARGENTERIE ET BIJOUX",documents/BO0624_4840
285,276,"- BRELoQuE à "" specchietti, de Venise, monté en argent; deux cœurs percés d'une","- 276 - BRELoQuE à "" specchietti, de Venise, monté en argent; deux cœurs percés d'une
- flèche.",documents/BO0624_4840
286,277,"- ÉPINGLE en or, avec pierre gravée à caractères hébraïques.","- 277 - ÉPINGLE en or, avec pierre gravée à caractères hébraïques.",documents/BO0624_4840
287,278,"- PAIRE de BoUcLES d'OREILLES en or, en forme de panier avec petites perles.","- 278 - PAIRE de BoUcLES d'OREILLES en or, en forme de panier avec petites perles.",documents/BO0624_4840
288,279,"- BRELOQUe, bas-relief en ivoire, monté en or; buste de femme,","- 279 - BRELOQUe, bas-relief en ivoire, monté en or; buste de femme,
- portrait de CAROLINE BONAPARTE (v. ill., p. 32).",documents/BO0624_4840
289,280,"- ÉPINGLE à nœud avec petite croix en strass, montée en argent.","- 280 - ÉPINGLE à nœud avec petite croix en strass, montée en argent.",documents/BO0624_4840
290,281,"- ÉPINGLE en chrysolithes, montée en argent.","- 281 - ÉPINGLE en chrysolithes, montée en argent.",documents/BO0624_4840
291,282,"- BRELOQUE en turquoises, monté en or.","- 282 - BRELOQUE en turquoises, monté en or.",documents/BO0624_4840
292,283,"- AGRAFE en émail bleu entouré de perles, montée en or.","- 283 - AGRAFE en émail bleu entouré de perles, montée en or.

<!-- image -->",documents/BO0624_4840
293,286,<!-- image -->,"286

<!-- image -->",documents/BO0624_4840
294,279,"- 284 - BAGUE-FIGARO bleu, entourée de petites perles, montée","279

- 284 - BAGUE-FIGARO bleu, entourée de petites perles, montée
- CH Or.",documents/BO0624_4840
295,285,- CHAPELET avec crucifix en filigrane dorée et Maries en nacre.,- 285 - CHAPELET avec crucifix en filigrane dorée et Maries en nacre.,documents/BO0624_4840
296,286,"- CRoix en cristal de roche, avec ornements en or (v. ill., p. 32).","- 286 - CRoix en cristal de roche, avec ornements en or (v. ill., p. 32).",documents/BO0624_4840
297,287,"- CRoix en métal doré, avec malachites gravées.","- 287 - CRoix en métal doré, avec malachites gravées.",documents/BO0624_4840
298,288,- DEUx BRELOQUEs à forme de cœur et pierres diverses.,- 288 - DEUx BRELOQUEs à forme de cœur et pierres diverses.,documents/BO0624_4840
299,289,"- DEUX FERMOIRs avec cristal bleu entouré de petites perles, montés en vermeille. <!-- image -->","- 289 - DEUX FERMOIRs avec cristal bleu entouré de petites perles, montés en vermeille.
<!-- image --> 294.

<!-- image -->

## TABLEAUX",documents/BO0624_4840
300,290,"- Ecole de Parme, XVIIe siècle: LE BAPTÊME de Jésus. Le Saint-Esprit est sur la tête du Sauveur, entouré d'une gloire d'anges. Cadre en bois sculpté et doré (1. 1.25; h. 1.90).","- 290 - Ecole de Parme, XVIIe siècle: LE BAPTÊME de Jésus. Le Saint-Esprit est sur la tête du Sauveur, entouré d'une gloire d'anges. Cadre en bois sculpté et doré (1. 1.25; h. 1.90).",documents/BO0624_4840
301,291,"- Ecole Napolitaine, XVII® siècle: LE BAPTÊME de Jésus. Paysage sur les bords du Jourdain. Cadre en bois sculpté et doré (1. 1.40; h. 1.02).","- 291 - Ecole Napolitaine, XVII® siècle: LE BAPTÊME de Jésus. Paysage sur les bords du Jourdain. Cadre en bois sculpté et doré (1. 1.40; h. 1.02).",documents/BO0624_4840
302,292,"- École de Bergamo, XVe siècle: SAINT ULRIC évêque. Demi-figure avec armoiries. Cadre en bois noir (I. 0.83; h. 0.84).","- 292 - École de Bergamo, XVe siècle: SAINT ULRIC évêque. Demi-figure avec armoiries. Cadre en bois noir (I. 0.83; h. 0.84).",documents/BO0624_4840
303,293,"- Êcole de Longhi, XVIIIe siècle: PoRTRAIT de FEMMe en habit décolleté. Elle tient une plume, de la main droite, et une lettre, de la gauche. Trois-quarts de figure. Cadre en bois doré; ovale (1. 0.82 ; h. 1.15).","- 293 - Êcole de Longhi, XVIIIe siècle: PoRTRAIT de FEMMe en habit décolleté. Elle tient une plume, de la main droite, et une lettre, de la gauche. Trois-quarts de figure. Cadre en bois doré; ovale (1. 0.82 ; h. 1.15).",documents/BO0624_4840
304,294,"- Paolo Cagliari, dit Paolo Veronese, 1530-1588 : SUJET MYTHOLOGIQUE. Cadre en bois doré (1. 1.27 ; h. 1.27 ; v. ill., p. 33).","- 294 - Paolo Cagliari, dit Paolo Veronese, 1530-1588 : SUJET MYTHOLOGIQUE. Cadre en bois doré (1. 1.27 ; h. 1.27 ; v. ill., p. 33).",documents/BO0624_4840
305,295,"- École Napolitaine, XVIIIe siècle : MARINe avec petites figures de Jésus et saint Pierre. Cadre en bois sculpté et doré (1. 1.40; h. 1.03).","- 295 - École Napolitaine, XVIIIe siècle : MARINe avec petites figures de Jésus et saint Pierre. Cadre en bois sculpté et doré (1. 1.40; h. 1.03).",documents/BO0624_4840
306,296,"- École de Bergamo, XVe siècle: SAINT PAUL. Demi-figure, avec écusson. Cadre en bois noir, pendant au 405 (I. 0.83 ; h. 0.83).","- 296 - École de Bergamo, XVe siècle: SAINT PAUL. Demi-figure, avec écusson. Cadre en bois noir, pendant au 405 (I. 0.83 ; h. 0.83).",documents/BO0624_4840
307,297,"- Antoine Van Dyck, 1599-1641: PORTRAIT d'une JEUNE PRINCESSE. En riche habillement rouge décolleté avec dentelle; elle tient de la main droite une fleur et de la gauche un petit éventail. Cadre en bois noir (1. 0.82; h. 0.88; v. ill., XIVe pl.).","- 297 - Antoine Van Dyck, 1599-1641: PORTRAIT d'une JEUNE PRINCESSE. En riche habillement rouge décolleté avec dentelle; elle tient de la main droite une fleur et de la gauche un petit éventail. Cadre en bois noir (1. 0.82; h. 0.88; v. ill., XIVe pl.).",documents/BO0624_4840
308,298,"- Antonio Canal, dit le Canaletto, 1697-1768: L'ÉGLISE de San SIMON PICCOLO. Trois gondoles sur le Grand-Canal et des petites figures sur le quai. Cadre en bois doré (1. 0.60 ;","- 298 - Antonio Canal, dit le Canaletto, 1697-1768: L'ÉGLISE de San SIMON PICCOLO. Trois gondoles sur le Grand-Canal et des petites figures sur le quai. Cadre en bois doré (1. 0.60 ;",documents/BO0624_4840
309,299,"- Ludolf Backuizen, 1631-1708: VENT EN POUPE. Grand navire pousse par les vagues. On y voit le des vagues bouleversées et a cource turhonde dec peintre sui cht ciel, la teme die, la turen nuages dans le ciel, comme dit très Henry Havard dans son ‹ Histoire de la Peinture Hollandaise » (1. 0.85 ; h. 1.10; v. ill., p. 34).","299 - Ludolf Backuizen, 1631-1708: VENT EN POUPE. Grand navire pousse par les vagues. On y voit le des vagues bouleversées et a cource turhonde dec peintre sui cht ciel, la teme die, la turen nuages dans le ciel, comme dit très Henry Havard dans son ‹ Histoire de la Peinture Hollandaise » (1. 0.85 ; h. 1.10; v. ill., p. 34).",documents/BO0624_4840
310,300,"- École Italienne, XVIe siècle: LE MARIAGE MYSTIQUE de SAINTE CATHERINE. Cadre en bois sculpté et doré (I. 0.53; h. 0,70).","- 300 - École Italienne, XVIe siècle: LE MARIAGE MYSTIQUE de SAINTE CATHERINE. Cadre en bois sculpté et doré (I. 0.53; h. 0,70).",documents/BO0624_4840
311,301,"- École Italienne, XVIe siècle: LA SAINTE FAMILLE, SAINT JEAN et SAINTE CATHERINE. Cadre en bois sculpté et doré (bois; 1. 0.54; h. 0.68).","- 301 - École Italienne, XVIe siècle: LA SAINTE FAMILLE, SAINT JEAN et SAINTE CATHERINE. Cadre en bois sculpté et doré (bois; 1. 0.54; h. 0.68).",documents/BO0624_4840
312,302,"- École de Bocaccio Bocaccini, XVIe siècle: VIERGE ADORANT l'ENFANT. Fond à paysage. Cadre en bois sculpté et doré (1. 0.41 ; h. 0.54).","- 302 - École de Bocaccio Bocaccini, XVIe siècle: VIERGE ADORANT l'ENFANT. Fond à paysage. Cadre en bois sculpté et doré (1. 0.41 ; h. 0.54).",documents/BO0624_4840
313,303,"- Dosso Dossi, 1474-1558: MERCURE et ARGUS. <!-- image -->","- 303 - Dosso Dossi, 1474-1558: MERCURE et ARGUS. 299

<!-- image -->

Mercure joue du fifre pour endormir Argus et lui enlever Jo, changée en vache par vengeance, de Junon. Cadre en bois sculpté, verni et doré (1. 1.32; h. 1.77 ; v. ill., XVe pl.).",documents/BO0624_4840
314,304,"- École du Guercino, XVIIe siècle: SUJET BIBLIQUE. Groupe de sept personnes. Cadre en bois sculpté et doré (1. 1.56; h. 1.18).","- 304 - École du Guercino, XVIIe siècle: SUJET BIBLIQUE. Groupe de sept personnes. Cadre en bois sculpté et doré (1. 1.56; h. 1.18).",documents/BO0624_4840
315,305,"- Daniele Crespi, 1590-1630: JÉSUS PORTANT LA CROIX. Demi-figure plus grande du naturel. Cadre en bois noir (1. 0.87; h. 0.73).","- 305 - Daniele Crespi, 1590-1630: JÉSUS PORTANT LA CROIX. Demi-figure plus grande du naturel. Cadre en bois noir (1. 0.87; h. 0.73).",documents/BO0624_4840
316,306,"- École de Gênes, XVIIe siècle: PORTRAIT d'un PEINTRE. Demi-figure. Cadre en bois doré (l. 0.79; h. 1.01).","- 306 - École de Gênes, XVIIe siècle: PORTRAIT d'un PEINTRE. Demi-figure. Cadre en bois doré (l. 0.79; h. 1.01).",documents/BO0624_4840
317,307,"- Todeschini, École de Gênes, XVIIe siècle: VIEiLLE avec un ENFANT blessé. Cadre en bois doré (I. 1.22; h. 1.00).","- 307 - Todeschini, École de Gênes, XVIIe siècle: VIEiLLE avec un ENFANT blessé. Cadre en bois doré (I. 1.22; h. 1.00).
<!-- image -->

<!-- image -->

<!-- image -->

<!-- image -->

<!-- image -->
- dénoué ; par Magiolino.

## MINIATURES",documents/BO0624_4840
318,308,"- GROUPE de TROIS FIGURES de FEMME en costume, l'une desquelles tient dans les mains une feuille de musique. Signé: Angelo Bartolini fec. in Pesaro. Cadre.","- 308 - GROUPE de TROIS FIGURES de FEMME en costume, l'une desquelles tient dans les mains une feuille de musique. Signé: Angelo Bartolini fec. in Pesaro. Cadre.",documents/BO0624_4840
319,309,- PoRTRAIT de GENTILHOMMe; époque 1850. Cadre en noyer d'Inde et bronze doré.,- 309 - PoRTRAIT de GENTILHOMMe; époque 1850. Cadre en noyer d'Inde et bronze doré.,documents/BO0624_4840
320,310,- PoRTRAIT de SAINTe CaTHERIne de HoNGRIE. Peinture sur cuivre. Cadre en bois doré.,- 310 - PoRTRAIT de SAINTe CaTHERIne de HoNGRIE. Peinture sur cuivre. Cadre en bois doré.,documents/BO0624_4840
321,311,"- PoRTRAIT de CHARLeS ALBERT, jeune; ovale. Cadre en bois noir avec ornements","- 311 - PoRTRAIT de CHARLeS ALBERT, jeune; ovale. Cadre en bois noir avec ornements
- en bronze doré.",documents/BO0624_4840
322,312,- GROUPE de TROIS FIGURES avec fond à paysage: La création d'Ève. Cadre en ébène marqueté en nacre.,- 312 - GROUPE de TROIS FIGURES avec fond à paysage: La création d'Ève. Cadre en ébène marqueté en nacre.,documents/BO0624_4840
323,313,"- AQuarelLe: Le Christ sur la croix. Ouvrage très fin à la détrempe, signé: Angelo Rovighi fece 1871. Cadre (I. 0.31; h. 0.44).","- 313 - AQuarelLe: Le Christ sur la croix. Ouvrage très fin à la détrempe, signé: Angelo Rovighi fece 1871. Cadre (I. 0.31; h. 0.44).",documents/BO0624_4840
324,314,"- PanieR de FLeuRs, sur parchemin. Riche cadre en bois sculpté et doré, à fleurs et feuillages (1. 0,36; h. 0.26).","- 314 - PanieR de FLeuRs, sur parchemin. Riche cadre en bois sculpté et doré, à fleurs et feuillages (1. 0,36; h. 0.26).",documents/BO0624_4840
325,315,"- PANIER de FLEURS, sur parchemin; pendant au précédent.","- 315 - PANIER de FLEURS, sur parchemin; pendant au précédent.",documents/BO0624_4840
326,316,"- PoRTRAIT de FeMMe assise dans un fauteuil, en habit décolleté avec collier en or.","- 316 - PoRTRAIT de FeMMe assise dans un fauteuil, en habit décolleté avec collier en or.",documents/BO0624_4840
327,317,- PoRTRAIT de FEMME en habit blanc décolleté; Empire. Étui en maroquin rouge.,- 317 - PoRTRAIT de FEMME en habit blanc décolleté; Empire. Étui en maroquin rouge.,documents/BO0624_4840
328,318,"- PoRTRAIT d'un JEUNE HoMMe en armure, les cheveux tombant sur les épaules. Peinture sur argent, par Clouet; montée en épingle de vermeille avec diamants.","- 318 - PoRTRAIT d'un JEUNE HoMMe en armure, les cheveux tombant sur les épaules. Peinture sur argent, par Clouet; montée en épingle de vermeille avec diamants.

## MEUBLES",documents/BO0624_4840
329,319,"- TABLE à jEU en noyer, acajou et noyer d'Inde, à marqueteries en érable; plan","- 319 - TABLE à jEU en noyer, acajou et noyer d'Inde, à marqueteries en érable; plan",documents/BO0624_4840
330,320,"- DEUX CULS-DE-LAMPE en bois verni rouge, à mascarons et feuillages en bois","- 320 - DEUX CULS-DE-LAMPE en bois verni rouge, à mascarons et feuillages en bois
- sculpté et doré.",documents/BO0624_4840
331,321,"- CADRE en noyer sculpté, style renaissance. - CoMMoDe à deux tiroirs, en noyer d'Inde, marquetée en bois de rose; garniture en bronze doré; plan en marbre rouge de Vérone; époque Louis XV (1. 1.12; h. 0.86; p. 0.58). - CABIneT en ébène et ivoire, garniture en bronze; avec porte abbattant. A l'intérieur superbe architecture en fer damasquiné en or et en argent; trois statuettes en fer damasquiné aussi, dans leurs niches, et divers tiroirs. Travail d'une exécution très soignée; spécimen extraordinaire de la ferronnerie du XVIe siècle (v. ill., p. 36).","- 321 - CADRE en noyer sculpté, style renaissance. - 323 - CoMMoDe à deux tiroirs, en noyer d'Inde, marquetée en bois de rose; garniture en bronze doré; plan en marbre rouge de Vérone; époque Louis XV (1. 1.12; h. 0.86; p. 0.58). - 322 - CABIneT en ébène et ivoire, garniture en bronze; avec porte abbattant. A l'intérieur superbe architecture en fer damasquiné en or et en argent; trois statuettes en fer damasquiné aussi, dans leurs niches, et divers tiroirs. Travail d'une exécution très soignée; spécimen extraordinaire de la ferronnerie du XVIe siècle (v. ill., p. 36).",documents/BO0624_4840
332,324,"- CabInet en bois noir, sur sa table à quatre pieds tournés; à huit tiroirs, et porte","- 324 - CabInet en bois noir, sur sa table à quatre pieds tournés; à huit tiroirs, et porte
- au centre, abritant neuf tiroirs (I. 58; h. 1.93; p. 0.55).",documents/BO0624_4840
333,325,"- CABINET-BUREAU à cylindre, en bois de rose et noyer marqueté en érable, à deux tiroirs ; le corps supérieur, à glace; et le cylindre abritant trois autres petits tiroirs et la signature de l'ébéniste JOANNES . RONCO . TAURINENSIS . FECIT . IN . MDCCOVI 1. 1.34; h. 2.89).","- 325 - CABINET-BUREAU à cylindre, en bois de rose et noyer marqueté en érable, à deux tiroirs ; le corps supérieur, à glace; et le cylindre abritant trois autres petits tiroirs et la signature de l'ébéniste JOANNES . RONCO . TAURINENSIS . FECIT . IN . MDCCOVI 1. 1.34; h. 2.89).",documents/BO0624_4840
334,326,"- BUREAU en noyer; marqueterie en érable, racine et noyer d'Inde. Dans le plan inférieur, trois tiroirs; et deux petites portes à côté. Dans le plan supérieur, petite porte abritant des tiroirs (l. 1.59; h. 1.17; p. 0.60). <!-- image -->","- 326 - BUREAU en noyer; marqueterie en érable, racine et noyer d'Inde. Dans le plan inférieur, trois tiroirs; et deux petites portes à côté. Dans le plan supérieur, petite porte abritant des tiroirs (l. 1.59; h. 1.17; p. 0.60).

<!-- image -->
## XIX• PLANCHE 506

<!-- image -->
<!-- image -->
<!-- image -->

## FAÏENCES ET PORCELAINES",documents/BO0624_4840
335,327,"- Lodi: PLAT creux en faïence, sur pied, à festons, décoré en bleu ; au centre, un petit Amour en jaune et en bleu.","- 327 - Lodi: PLAT creux en faïence, sur pied, à festons, décoré en bleu ; au centre, un petit Amour en jaune et en bleu.",documents/BO0624_4840
336,328,"- Faenza: CUveTTe en faïence dentelée, décorée en bleu, avec paysage.","- 328 - Faenza: CUveTTe en faïence dentelée, décorée en bleu, avec paysage.",documents/BO0624_4840
337,329,"- Urbino: GRAND PLAT en faïence, à décoration polychrome de plusieurs figures, présentant Le Jugement de Paris. Pièce intéressante, de la fabrique des Patanazzi (diam. 0.44). Cadre en bois (v. ill., XVIe pl.).","- 329 - Urbino: GRAND PLAT en faïence, à décoration polychrome de plusieurs figures, présentant Le Jugement de Paris. Pièce intéressante, de la fabrique des Patanazzi (diam. 0.44). Cadre en bois (v. ill., XVIe pl.).",documents/BO0624_4840
338,330,"- Faenza: PERRoQuer en terre vernissée, avec tronc d'arbre et petite vasque.","- 330 - Faenza: PERRoQuer en terre vernissée, avec tronc d'arbre et petite vasque.",documents/BO0624_4840
339,331,"- Savona: VASE en faïence, décoré avec quatre médaillons à paysage; fond griscaté (m. de f. Folco; v. ill., XXI° pl.).","- 331 - Savona: VASE en faïence, décoré avec quatre médaillons à paysage; fond griscaté (m. de f. Folco; v. ill., XXI° pl.).",documents/BO0624_4840
340,332,"- Marseille: PETITE VAsQue à fleurs en faïence, décorée à feuillages.","- 332 - Marseille: PETITE VAsQue à fleurs en faïence, décorée à feuillages.",documents/BO0624_4840
341,333,"- Faenza: DEUx SAUCIÈRES en faïence, de dimensions différentes, présentant une botte d'asperges, coloriées (v. ill., p. 38).","- 333 - Faenza: DEUx SAUCIÈRES en faïence, de dimensions différentes, présentant une botte d'asperges, coloriées (v. ill., p. 38).",documents/BO0624_4840
342,334,"- Faenza: SAUCIÈRE en faïence coloriée, présentant une botte d'asperges.","- 334 - Faenza: SAUCIÈRE en faïence coloriée, présentant une botte d'asperges.",documents/BO0624_4840
343,335,"- Caltagirone: PaIre de VAses en faïence moderne, décorés à fleurs et feuilles polychromes, avec médaillons à bustes d' homme.","- 335 - Caltagirone: PaIre de VAses en faïence moderne, décorés à fleurs et feuilles polychromes, avec médaillons à bustes d' homme.",documents/BO0624_4840
344,336,- Caltagirone : PAIrE de VasEs pareils aux précédents.,- 336 - Caltagirone : PAIrE de VasEs pareils aux précédents.,documents/BO0624_4840
345,337,"- Caltagirone : VAse en faïence moderne, pendant aux précédents.","- 337 - Caltagirone : VAse en faïence moderne, pendant aux précédents.",documents/BO0624_4840
346,338,"- Caffagiolo: PAIRE de VAses de pharmacie, en faïence (v. ill., XXI° pL.)","- 338 - Caffagiolo: PAIRE de VAses de pharmacie, en faïence (v. ill., XXI° pL.)",documents/BO0624_4840
347,339,"- Faenza: PAIRE de VasEs en faïence, décor à paysage.","- 339 - Faenza: PAIRE de VasEs en faïence, décor à paysage.",documents/BO0624_4840
348,340,"- Caffagiolo: DEUx VAses en faïence, décorés en bleu et en jaune.","- 340 - Caffagiolo: DEUx VAses en faïence, décorés en bleu et en jaune.",documents/BO0624_4840
349,341,- Saxe : ÉcUELLE couverte et PLAT en porcelaine; décor en or.,- 341 - Saxe : ÉcUELLE couverte et PLAT en porcelaine; décor en or.,documents/BO0624_4840
350,342,"- Faenza: DEUX SALIÈRES, en faïence blanche; statuettes de petits Amours soutenant, comme cariatides, le plat creux du plan (v. ill., XXI° pl.).","- 342 - Faenza: DEUX SALIÈRES, en faïence blanche; statuettes de petits Amours soutenant, comme cariatides, le plat creux du plan (v. ill., XXI° pl.).
<!-- image -->",documents/BO0624_4840
351,343,"- Chine: DoUzE PLATS en porcelaine, décorés à éventails, fleurs et oiseaux; fond jaune, ornements en or.","- 343 - Chine: DoUzE PLATS en porcelaine, décorés à éventails, fleurs et oiseaux; fond jaune, ornements en or.",documents/BO0624_4840
352,344,"- Japon: TROIS COMPOTIERS; plats en porcelaine, décorés à fleurs; montés en bronze.","- 344 - Japon: TROIS COMPOTIERS; plats en porcelaine, décorés à fleurs; montés en bronze.",documents/BO0624_4840
353,345,"- Sèvres: PAIRE de VAsES avec couvercle et anses, en porcelaine blanche, à tête de cygne, décorés en or, avec monogramme A. C.","- 345 - Sèvres: PAIRE de VAsES avec couvercle et anses, en porcelaine blanche, à tête de cygne, décorés en or, avec monogramme A. C.",documents/BO0624_4840
354,346,"- Sèvres: PAIRE de VAses à fleurs, en porcelaine blanche impériale, avec anses et base rectangulaire, décorés en or (m. de f.).","- 346 - Sèvres: PAIRE de VAses à fleurs, en porcelaine blanche impériale, avec anses et base rectangulaire, décorés en or (m. de f.).",documents/BO0624_4840
355,347,"- Delle Nove: DIx TASSES et NEUF SOUSCOUPEs en porcelaine, décorées de vues et monuments d' Italie.","- 347 - Delle Nove: DIx TASSES et NEUF SOUSCOUPEs en porcelaine, décorées de vues et monuments d' Italie.",documents/BO0624_4840
356,348,"- Delle Nove: TAsSE et Souscoupe en porcelaine, décor chinois à figures (m. de f.).","- 348 - Delle Nove: TAsSE et Souscoupe en porcelaine, décor chinois à figures (m. de f.).",documents/BO0624_4840
357,349,"- Venezia: DEUx SOUPIÈREs en porcelaine, décor à fleurs polychromes et or (m. de f.).","- 349 - Venezia: DEUx SOUPIÈREs en porcelaine, décor à fleurs polychromes et or (m. de f.).",documents/BO0624_4840
358,350,"- Venezia: QUATRE TASSES à CAFÉ en porcelaine, de formes différentes (une tasse avec m. de f.).","- 350 - Venezia: QUATRE TASSES à CAFÉ en porcelaine, de formes différentes (une tasse avec m. de f.).",documents/BO0624_4840
359,351,"- Venezia: QUATRE PETITES TASSES et un PETIT PLAT en porcelaine, décorés à fleurs polychromes (m. de f.).","- 351 - Venezia: QUATRE PETITES TASSES et un PETIT PLAT en porcelaine, décorés à fleurs polychromes (m. de f.).",documents/BO0624_4840
360,352,"- France: SERVIcE à DESSERT en porcelaine, décoré en rouge et en or aux bords, et fruits divers au centre, composé des pièces suivantes : Compotier ovale, en forme de panier, ajouré (v. ill., XXI° pl.); 4 Compotiers plus petits; 3 Plateaux bas; 2 Grands Vases avec anses et couvercle; 8 Plats, bord dentelé; 1 Sucrière avec couvercle; 5 Tasses et sous-tasses; 7 Tasses, avec couvercle, et sous-tasses, pour crème.","- 352 - France: SERVIcE à DESSERT en porcelaine, décoré en rouge et en or aux bords, et fruits divers au centre, composé des pièces suivantes : - 1 Compotier ovale, en forme de panier, ajouré (v. ill., XXI° pl.); 4 Compotiers plus petits; 3 Plateaux bas; 2 Grands Vases avec anses et couvercle; 8 Plats, bord dentelé; 1 Sucrière avec couvercle; 5 Tasses et sous-tasses; 7 Tasses, avec couvercle, et sous-tasses, pour crème.",documents/BO0624_4840
361,353,"- France: SERVIcE à TuÉ en porcelaine, décoré à fleurs et or, composé des pièces suivantes: Théière, sucrière, huit tasses et dix sous-tasses.","- 353 - France: SERVIcE à TuÉ en porcelaine, décoré à fleurs et or, composé des pièces suivantes: Théière, sucrière, huit tasses et dix sous-tasses.",documents/BO0624_4840
362,354,"- Urbino : PLAt creux en faïence, décoré à paysage et figures : Susanne avec les vieillards. Pièce intéressante, de la fabrique des Fontana (f.).","- 354 - Urbino : PLAt creux en faïence, décoré à paysage et figures : Susanne avec les vieillards. Pièce intéressante, de la fabrique des Fontana (f.).",documents/BO0624_4840
363,355,"- Urbino: PLAT en faïence, décoré à sujet mythologique (r.; v. ill., /X"" pl.).","- 355 - Urbino: PLAT en faïence, décoré à sujet mythologique (r.; v. ill., /X"" pl.).",documents/BO0624_4840
364,356,"- Caffagiolo : PLAT creux en faïence; ornements sur le bord et damier au centre (v. ill., IX € pl.).","- 356 - Caffagiolo : PLAT creux en faïence; ornements sur le bord et damier au centre (v. ill., IX € pl.).",documents/BO0624_4840
365,357,"- Urbino: PLATEAU en faïence; décor à arabesques sur le bord; la Madeleine en pénitence, au centre (v. ill., /Xe pl.).","- 357 - Urbino: PLATEAU en faïence; décor à arabesques sur le bord; la Madeleine en pénitence, au centre (v. ill., /Xe pl.).",documents/BO0624_4840
366,358,"- Caffagiolo : PLAt creux en faïence, décoré sur le bord et au centre (v. ill., IX ° pL.).","- 358 - Caffagiolo : PLAt creux en faïence, décoré sur le bord et au centre (v. ill., IX ° pL.).",documents/BO0624_4840
367,359,"- Urbino: PLAT en faïence, décor à sujet de l'Ancien Testament (v. ill., IX° pl.).","- 359 - Urbino: PLAT en faïence, décor à sujet de l'Ancien Testament (v. ill., IX° pl.).",documents/BO0624_4840
368,804,342   | 233   | 894 342   |   792 |     |,"| 804 342   | 233   | 894 342   |   792 |     |
|-----------|-------|-----------|-------|-----|
|           |       |           |   004 | 33c |",documents/BO0624_4840
369,575,| 104   | 310       |   302 | 001 |,"| 575       | 104   | 310       |   302 | 001 |

<!-- image -->
## OBJETS DIVERS",documents/BO0624_4840
370,360,- CoUpE en albâtre d'Égypte.,- 360 - CoUpE en albâtre d'Égypte.,documents/BO0624_4840
371,361,- OstENSOIR en cuivre et bronze doré (incomplet).,- 361 - OstENSOIR en cuivre et bronze doré (incomplet).,documents/BO0624_4840
372,362,"- CRUCiFIx en bronze doré. Très beau travail du XVIIe siècle (h. 0.21 ; v. ill., p. 39).","- 362 - CRUCiFIx en bronze doré. Très beau travail du XVIIe siècle (h. 0.21 ; v. ill., p. 39).",documents/BO0624_4840
373,363,"- PLAT vénitien en cuivre jaune, ornements en relief au centre.","- 363 - PLAT vénitien en cuivre jaune, ornements en relief au centre.

<!-- image -->",documents/BO0624_4840
374,362,"- 364 - PLAT vénitien en cuivre jaune, ornements en relief au centre, avec inscription.","362

- 364 - PLAT vénitien en cuivre jaune, ornements en relief au centre, avec inscription.",documents/BO0624_4840
375,365,"- GRAND PLAT vénitien; en cuivre jaune, ornements en relief au centre.","- 365 - GRAND PLAT vénitien; en cuivre jaune, ornements en relief au centre.",documents/BO0624_4840
376,366,"- MiLIEu de TABLE en trois pièces; alentour, figures et ornements en bronze doré à sujets de chasse; plan à miroir (long. 1.85; larg. 0.67; v. ill., p. 37).","- 366 - MiLIEu de TABLE en trois pièces; alentour, figures et ornements en bronze doré à sujets de chasse; plan à miroir (long. 1.85; larg. 0.67; v. ill., p. 37).",documents/BO0624_4840
377,367,"- ÉventaIL; les montants en ivoire, découpés à jour; miniature à animaux divers. Feuilles parcheminées avec beau paysage et groupe de trois figures. Au revers, sujet de pêche.","- 367 - ÉventaIL; les montants en ivoire, découpés à jour; miniature à animaux divers. Feuilles parcheminées avec beau paysage et groupe de trois figures. Au revers, sujet de pêche.",documents/BO0624_4840
378,368,"- ÉveNTAIL; les montants en ivoire, découpés à jour; peint en miniature des deux","- 368 - ÉveNTAIL; les montants en ivoire, découpés à jour; peint en miniature des deux
- côtés. Feuilles, à quartiers, à sujets divers; époque Louis paysages avec figures.",documents/BO0624_4840
379,369,"- ÉVENTAIL japonnais; les montants en ivoire ajouré. Ouvrage exquis; médaillon à figures; feuilles à figures et fleurs, d'un côté, et de l'autre, sujet mythologique.","- 369 - ÉVENTAIL japonnais; les montants en ivoire ajouré. Ouvrage exquis; médaillon à figures; feuilles à figures et fleurs, d'un côté, et de l'autre, sujet mythologique.",documents/BO0624_4840
380,370,"- ÉvENTAIL; les montants en ivoire, découpés à jour et peints en miniature de chaque côté. Feuilles à sujets Louis XVI.","- 370 - ÉvENTAIL; les montants en ivoire, découpés à jour et peints en miniature de chaque côté. Feuilles à sujets Louis XVI.",documents/BO0624_4840
381,371,"- ÉvENTAIL; les montants en ivoire, découpés à jour et miniés à figures et fleurs. Feuilles à paysage et figures.","- 371 - ÉvENTAIL; les montants en ivoire, découpés à jour et miniés à figures et fleurs. Feuilles à paysage et figures.",documents/BO0624_4840
382,372,- ÉvENTAIL; les montants en ivoire. Très belle miniature sur velin à groupe de figures: sujet mythologique.,"- 372 - ÉvENTAIL; les montants en ivoire. Très belle miniature sur velin à groupe de figures: sujet mythologique.

## VERRERIE DE VENISE",documents/BO0624_4840
383,373,- DEUx VERRES en cristal,"- 373 - DEUx VERRES en cristal
- poli et gravé à figures de Saints.",documents/BO0624_4840
384,374,"- DEUx CÈDRES en verre de Murano, coloriés avec fleur, feuilles et branche (r.).","- 374 - DEUx CÈDRES en verre de Murano, coloriés avec fleur, feuilles et branche (r.).",documents/BO0624_4840
385,375,"- PETITE COUPE, gravée.","- 375 - PETITE COUPE, gravée.",documents/BO0624_4840
386,376,- PLATEAU à ornements filigraniques blanc-de-lait.,- 376 - PLATEAU à ornements filigraniques blanc-de-lait.,documents/BO0624_4840
387,377,- GRAND PLATEAU à ornements blanc-de-lait.,- 377 - GRAND PLATEAU à ornements blanc-de-lait.,documents/BO0624_4840
388,378,"- CoUpE à filets bleu et verts au bord, et verts au pied.","- 378 - CoUpE à filets bleu et verts au bord, et verts au pied.",documents/BO0624_4840
389,379,"- QUATRE VERRES en cristal, avec ornements, monogramme et couronne, gravés.","- 379 - QUATRE VERRES en cristal, avec ornements, monogramme et couronne, gravés.",documents/BO0624_4840
390,380,- PLAQUE ovale en cristal gravé; la Vierge et l'Enfant paraissant à saint Antoine.,- 380 - PLAQUE ovale en cristal gravé; la Vierge et l'Enfant paraissant à saint Antoine.,documents/BO0624_4840
391,381,"- PeTIT VASE, à trois anses et anneaux.","- 381 - PeTIT VASE, à trois anses et anneaux.",documents/BO0624_4840
392,382,- DEuX PLATEAUx dentelés (un d.).,- 382 - DEuX PLATEAUx dentelés (un d.).,documents/BO0624_4840
393,383,"- CoUpe, verre de Murano, avec ornements au pied, en bleu et en blanc, appliqués à la pincette","- 383 - CoUpe, verre de Murano, avec ornements au pied, en bleu et en blanc, appliqués à la pincette

## BIJOUX",documents/BO0624_4840
394,384,- Croix de vermeil avec rubis.,- 384 - Croix de vermeil avec rubis.,documents/BO0624_4840
395,385,"- GRANDe ÉPINGLE en or, avec un très fin émail figuré, entouré de petites perles.","- 385 - GRANDe ÉPINGLE en or, avec un très fin émail figuré, entouré de petites perles.",documents/BO0624_4840
396,386,- ÉPINGLE en or et en diamants.,- 386 - ÉPINGLE en or et en diamants.,documents/BO0624_4840
397,387,- AGRaFE de vermeil et strass.,- 387 - AGRaFE de vermeil et strass.,documents/BO0624_4840
398,388,- AGRAFE de vermeil à petits rubis et émeraudes. 00,"- 388 - AGRAFE de vermeil à petits rubis et émeraudes. 4.00

<!-- image -->",documents/BO0624_4840
399,389,"- ÉPINGLE en or de bas-aloi, avec camée, entouré de petites turquoises.","- 389 - ÉPINGLE en or de bas-aloi, avec camée, entouré de petites turquoises.",documents/BO0624_4840
400,390,- ÉPINGLE en or avec perles.,- 390 - ÉPINGLE en or avec perles.,documents/BO0624_4840
401,391,- BRELOQUE en argent avec roses de Hollande.,- 391 - BRELOQUE en argent avec roses de Hollande.,documents/BO0624_4840
402,392,"- MÉDAILLON en diaspre monté en or; le buste du Rédempteur en bas-relief. Au revers,","- 392 - MÉDAILLON en diaspre monté en or; le buste du Rédempteur en bas-relief. Au revers,
- le buste de saint Charles Borromeo, gravé. Ouvrage remarquable du XVIIe siècle.",documents/BO0624_4840
403,393,"- GRANDE AGRAFE de vermeil, avec pierres diverses.","- 393 - GRANDE AGRAFE de vermeil, avec pierres diverses.",documents/BO0624_4840
404,394,"- BaGue en or de bas-aloi, avec camée.","- 394 - BaGue en or de bas-aloi, avec camée.",documents/BO0624_4840
405,395,- BAGuE en or avec sept perles.,"- 395 - BAGuE en or avec sept perles.

## TABLEAUX",documents/BO0624_4840
406,396,"396 - Giuseppe Ribera, dit le Spagnoletto, 1589-1656 : UN PHILOSOPHE.","396 - Giuseppe Ribera, dit le Spagnoletto, 1589-1656 : UN PHILOSOPHE.

Trois-quarts de figure au naturel ; couvert d'une togue, l'épaule droite nue, indiquant de la main une feuille avec l'inscription: ET NATVRA CI.HA DATE DVE. ORECCHIE ET VNA . BOCCA. ONDE VDIAMO ASSAI E PARLIAMO. POCO. Peinture très énergique et remarquable parmi les œuvres de ce maitre. Cadre en bois dore (l. 0.99: h. 1.14).",documents/BO0624_4840
407,397,"## 397 - Hyacinthe Rigaud, 1659-1763: PORTRAIT de FRANÇOIS MOROSINI, le Peloponnesiaco.","## 397 - Hyacinthe Rigaud, 1659-1763: PORTRAIT de FRANÇOIS MOROSINI, le Peloponnesiaco.

En costume de Commandant; grande perruque et armure; manteau de velour rouge sur les épaules, la main droite appuyée sur le casque déposé sur une table; le vainqueur des Turcs démontre, d'un air noble et majestueux, sa haute satistaction d' avoir contribué à la gloire de sa patrie, de si Venise. Le grand peintre français a bien resumé ici, sur cette toile, ses meilleurs caracteristique: de tous ses immenses portraits de Paris, de Lille, de Reims, de Londres. (Ovale; cadre en boi verni, 1. 0.92, h. 1.20; v. ul., A Vl pL.).",documents/BO0624_4840
408,398,"- École Italienne, XVIIe siècle: PORTRAIT d'HOMME.","- 398 - École Italienne, XVIIe siècle: PORTRAIT d'HOMME.

Trois-quarts de figure. Cadre en bois doré (1. 0.98 ; h. 1.19).",documents/BO0624_4840
409,399,"- École de Bologne, XVIIe siècle: FEMME qui pleure sur le cadavre de Lucrèce. Cadre en bois doré (1. 1.44; h. 1.07).","- 399 - École de Bologne, XVIIe siècle: FEMME qui pleure sur le cadavre de Lucrèce. Cadre en bois doré (1. 1.44; h. 1.07).",documents/BO0624_4840
410,400,"- École Italienne, XVIIe siècle: PORTRAIT de FEMME.","- 400 - École Italienne, XVIIe siècle: PORTRAIT de FEMME.",documents/BO0624_4840
411,401,"- École du Correggio, XVIe siècle: Noli me tangere, Jésus et la MADELEINE. Fond à paysage. Tableau très remarquable. Cadre en bois sculpté et doré (1. 0.77 ; h. 0.90).","- 401 - École du Correggio, XVIe siècle: Noli me tangere, Jésus et la MADELEINE. Fond à paysage. Tableau très remarquable. Cadre en bois sculpté et doré (1. 0.77 ; h. 0.90).",documents/BO0624_4840
412,402,"- École Italienne, XVIIe siècle: PORTRAIT d'HoMMe en perruque et collet en dentelle.","- 402 - École Italienne, XVIIe siècle: PORTRAIT d'HoMMe en perruque et collet en dentelle.",documents/BO0624_4840
413,403,"- École Italienne, XVIII® siècle: PORTRAIT d'une PRINCESSE. Demi-figure en costume décolleté, avec manteau jaune doublé d'hermine. Cadre en bois doré","- 403 - École Italienne, XVIII® siècle: PORTRAIT d'une PRINCESSE. Demi-figure en costume décolleté, avec manteau jaune doublé d'hermine. Cadre en bois doré
- (I. 0.64 ; h. 0.81).",documents/BO0624_4840
414,404,"- École Flamande, XVII® siècle: PORTRAIT d'un DIGNITAIRE. Demi-figure au naturel, en perruque et habit noir. Cadre en bois verni et doré (1.0.65; h. 0.81).","- 404 - École Flamande, XVII® siècle: PORTRAIT d'un DIGNITAIRE. Demi-figure au naturel, en perruque et habit noir. Cadre en bois verni et doré (1.0.65; h. 0.81).",documents/BO0624_4840
415,405,"- Ecole Française, XVII siècle: PoRTRAIT d'un roi de France. Demi-figure en perruque, cuirasse et manteau d'hermine. Cadre en bois doré (1. 0.73 ; h. 0.90).","- 405 - Ecole Française, XVII siècle: PoRTRAIT d'un roi de France. Demi-figure en perruque, cuirasse et manteau d'hermine. Cadre en bois doré (1. 0.73 ; h. 0.90).",documents/BO0624_4840
416,406,"- Êcole de Genova, XVIe siècle: PORTRAIT de FEMME avec ENFANT. Trois-quarts de figure. Cadre en bois sculpté et doré (I. 0.74; h. 0.97).","- 406 - Êcole de Genova, XVIe siècle: PORTRAIT de FEMME avec ENFANT. Trois-quarts de figure. Cadre en bois sculpté et doré (I. 0.74; h. 0.97).",documents/BO0624_4840
417,407,"- École Italienne, XVIIe siècle: SAINT JÉRôME en pénitence. Demi-figure. Cadre en bois doré (1. 0.57; h. 0.70).","- 407 - École Italienne, XVIIe siècle: SAINT JÉRôME en pénitence. Demi-figure. Cadre en bois doré (1. 0.57; h. 0.70).",documents/BO0624_4840
418,408,"- Leandro da Ponte, 1558-1623 : LE COMMERCE.","- 408 - Leandro da Ponte, 1558-1623 : LE COMMERCE.

Groupe de divers hommes qui écrivent et comptent de l'argent sur une table. Sur le premier plan, un garçon qui marque un colis de marchandise; probablement la signature du peintre. Cadre en bois sculpté et doré (. 1.42: h. 1.36).",documents/BO0624_4840
419,409,"- Giovanni Battista Piazzetta, 1682-1754 : L'ART.","- 409 - Giovanni Battista Piazzetta, 1682-1754 : L'ART.

Une belle figure de femme, trois-quarts au naturel, est en train de peindre des petites sculptures sur une toile; au fond, à droite, une harpe. C'est le dernier salut du soleil couchant de l'Art Vénitien, dont Tiepolo a su encore profiter (1. 1.42; h. 1.36; v. ill., fere pl., couverture du Catalogue).",documents/BO0624_4840
420,410,"- Ecole Italienne, XVe siècle: SAINT PIERRE et SAINT PAUL. Deux cadres de forme architectonique, en bois sculpté et doré. (Bois, fond or; 1. 0.37 ; h. 0.71).","- 410 - Ecole Italienne, XVe siècle: SAINT PIERRE et SAINT PAUL. Deux cadres de forme architectonique, en bois sculpté et doré. (Bois, fond or; 1. 0.37 ; h. 0.71).",documents/BO0624_4840
421,411,"- Ecole Italienne, XVII® : siècle : PORTRAIT d'HoMme.","- 411 - Ecole Italienne, XVII® : siècle : PORTRAIT d'HoMme.
- Cadre en bois doré (1. 0.24; h. 0.34).",documents/BO0624_4840
422,412,"- Alvise Vivarini, XVe siècle: LA VIERGE adorant l'ENFANT.","- 412 - Alvise Vivarini, XVe siècle: LA VIERGE adorant l'ENFANT.
- L'Enfant-Jésus, couché sur un parapet, a la tête appuyée sur un coussin vert. Restauré assez librement en 1877, ce tableau mériterait l'œuvre d'une conscientieuse revendication. Cadre en bois doré. (Bois; 1. 0.40; h. 0.58).",documents/BO0624_4840
423,413,"- Ecole Française, XVIIIe siècle: LE TRIOMPHE de VÉNUS. P. à la détrempe; cadre (1. 0.45: h. 0.27).","- 413 - Ecole Française, XVIIIe siècle: LE TRIOMPHE de VÉNUS. P. à la détrempe; cadre (1. 0.45: h. 0.27).",documents/BO0624_4840
424,414,"- École Italienne, XVIIe siècle: LE CHRIST MORT.","- 414 - École Italienne, XVIIe siècle: LE CHRIST MORT.

Le Christ est soutenu par la Vierge et la Madeleine: fond à paysage, vue de Jérusalem et du

Calvaire. Cadre en bois verni et doré (1. 0.57; h. 0.73).",documents/BO0624_4840
425,415,"- École Flamande, XVIIe siècle: PORTRAIT de JEUNE FILLE. (Le devant).","- 415 - École Flamande, XVIIe siècle: PORTRAIT de JEUNE FILLE.

Demi-figure en habit décolleté, les cheveux dénoués sur les épaules, elle tient un biscuit et un verre. Cadre en bois doré. (Bois; 1. 0.48; h. 0.62). 433 (Le devant).

<!-- image -->

## MINIATURES",documents/BO0624_4840
426,416,"- PORTRAIT d'une REINe en habit décolleté et orné de dentelle, manteau rouge sur les épaules. Cadre en bois sculpté à feuillages et doré.","- 416 - PORTRAIT d'une REINe en habit décolleté et orné de dentelle, manteau rouge sur les épaules. Cadre en bois sculpté à feuillages et doré.",documents/BO0624_4840
427,417,- PORTRAIT de FEMMe en riche habillement décolleté; époque Louis XV ; fixée.,- 417 - PORTRAIT de FEMMe en riche habillement décolleté; époque Louis XV ; fixée.,documents/BO0624_4840
428,418,- PoRTRAIT d'une jEUNE FILLE; fond à paysage. Cadre noir.,- 418 - PoRTRAIT d'une jEUNE FILLE; fond à paysage. Cadre noir.,documents/BO0624_4840
429,419,"- PoRTRAIT de FeMMe en habit bleu-de-ciel décolleté, avec parure de perles; par Clouet.","- 419 - PoRTRAIT de FeMMe en habit bleu-de-ciel décolleté, avec parure de perles; par Clouet.
- (ovale; 1. 4 c., h. 5 c.; v. ill., XVIII° pl.). signé au revers:

Bien qu'une petite félure traverse la joue, on ne peut que s'étonner à la finesse de cet ouvrage, à la fidèle reproduction de l'héroïne, illustrée aussi par Bourguignon au Musée de Versailles (v. les « Lectures pour tous », juin 1902). Le peintre a voulu représenter en Minerve M.lle de Montpensier, appelée la Grande Mademoiselle, dans tout son charme, dans toute sa vigueur batailleuse; et Ardin y est réussi, passant sur les difficultés immenses du procédé de l'émail. Très intéressant surtout pour la date et pour la signature, ce nom n'étant pas cité par Siret, ni par Maze-Sencier, dans la liste des émailleurs de Limoges de son « Livre des Collectionneurs », ni par d'autres; et ne figurant même pas dans la collection très importante de Cluny.",documents/BO0624_4840
430,421,"- PORTRAIT de FEMMe en costume Louis XV ; habit décolleté; cheveux poudrés avec roses. Peinture sur cuivre, ovale.","- 421 - PORTRAIT de FEMMe en costume Louis XV ; habit décolleté; cheveux poudrés avec roses. Peinture sur cuivre, ovale.",documents/BO0624_4840
431,422,"- SUjET GALANI, émail de Limoges sur cuivre (diam. 6 c.; v. ill., XVIIIe pl.).","- 422 - SUjET GALANI, émail de Limoges sur cuivre (diam. 6 c.; v. ill., XVIIIe pl.).",documents/BO0624_4840
432,423,"- PoRTRaIT de Bausany Morand, en habit noir avec grande coiffe de dentelles blanches, tenant un panier avec un petit chien.","- 423 - PoRTRaIT de Bausany Morand, en habit noir avec grande coiffe de dentelles blanches, tenant un panier avec un petit chien.",documents/BO0624_4840
433,424,"- PoRTRAIT de la RÉGENTE (?); émail de Limoges sur cuivre; buste (v. ill., XVIII° pl.). Curieux pour l'Art, intéressants pour l'Histoire, cet émail et le suivant ont été exécutés, sans doute, par le même émailleur et à la même époque que ceux qui figurent au Musée de Clunv dans une vitrine et sous le nom d'un peintre, que nous regrettons de ne pouvoir pas preciser en ce moment. (Ovale; l. 6 c.; h. 7: pendant au suivant)","- 424 - PoRTRAIT de la RÉGENTE (?); émail de Limoges sur cuivre; buste (v. ill., XVIII° pl.). Curieux pour l'Art, intéressants pour l'Histoire, cet émail et le suivant ont été exécutés, sans doute, par le même émailleur et à la même époque que ceux qui figurent au Musée de Clunv dans une vitrine et sous le nom d'un peintre, que nous regrettons de ne pouvoir pas preciser en ce moment. (Ovale; l. 6 c.; h. 7: pendant au suivant)",documents/BO0624_4840
434,425,"- PoRTRaIr du DAUPHIN, ensuite Louis XIV; émail de Limoges sur cuivre (v.ill., XVIII pl.). (Plan supérieur).","- 425 - PoRTRaIr du DAUPHIN, ensuite Louis XIV; émail de Limoges sur cuivre (v.ill., XVIII pl.).
<!-- image --> 433 (Plan supérieur).

<!-- image -->

## MEUBLES",documents/BO0624_4840
435,426,"- CAssETTE en cyprès, sculptée à l'extérieur et à l'intérieur.","- 426 - CAssETTE en cyprès, sculptée à l'extérieur et à l'intérieur.",documents/BO0624_4840
436,427,"- ÉcHIQUIER en marbres divers, avec ses pièces en ivoire blanc et colorié rouge; base en noyer et couverture en verre.","- 427 - ÉcHIQUIER en marbres divers, avec ses pièces en ivoire blanc et colorié rouge; base en noyer et couverture en verre.",documents/BO0624_4840
437,428,"- CoNSoLE en noyer, à quatre pieds ornés de filets, et tiroir.","- 428 - CoNSoLE en noyer, à quatre pieds ornés de filets, et tiroir.",documents/BO0624_4840
438,429,"- PETIT FAUTEUIL en noyer sculpté, avec siège et dossier en damas rouge.","- 429 - PETIT FAUTEUIL en noyer sculpté, avec siège et dossier en damas rouge.",documents/BO0624_4840
439,430,- GUÉRIDON en bois noir marqueté à fleurs et feuilles en nacre (h. 1.00).,- 430 - GUÉRIDON en bois noir marqueté à fleurs et feuilles en nacre (h. 1.00).,documents/BO0624_4840
440,431,"- PLATEAU de Bois en noyer, à marqueterie en ivoire.","- 431 - PLATEAU de Bois en noyer, à marqueterie en ivoire.",documents/BO0624_4840
441,432,"- HorLoGe en bois noir, de forme architectonique, avec trois statuettes et ornements en bronze doré, de la fabrique Campana de Rome, l'an 1672. Cadran avec les heures tournantes ajourées à veilleuse, et une belle allégorie peinte à l'huile sur cuivre.","- 432 - HorLoGe en bois noir, de forme architectonique, avec trois statuettes et ornements en bronze doré, de la fabrique Campana de Rome, l'an 1672. Cadran avec les heures tournantes ajourées à veilleuse, et une belle allégorie peinte à l'huile sur cuivre.",documents/BO0624_4840
442,433,"- CABINET PORTATIF, avec onze tiroirs et porte centrale, en noyer d'Inde, à dessin gothique, travaillé à la "" Certosina ,, richement incrusté de tous les côtés en ivoire naturel et polychrome, et en filets d'argent. Exemplaire très rare pour sa finesse; spécimen remarquable du XVe siècle (larg. 0.60; 1. 0.42 ; p. 0.36 ; v. ill., p. 42 et 43).","- 433 - CABINET PORTATIF, avec onze tiroirs et porte centrale, en noyer d'Inde, à dessin gothique, travaillé à la "" Certosina ,, richement incrusté de tous les côtés en ivoire naturel et polychrome, et en filets d'argent. Exemplaire très rare pour sa finesse; spécimen remarquable du XVe siècle (larg. 0.60; 1. 0.42 ; p. 0.36 ; v. ill., p. 42 et 43).",documents/BO0624_4840
443,434,"- CoMModE en noyer d'Inde et bois de rose, marqueterie à paysage; trois tiroirs et plan en marbre blanc; par Magiolino (1. 1.24; h. 0.91; p. 0.59).","- 434 - CoMModE en noyer d'Inde et bois de rose, marqueterie à paysage; trois tiroirs et plan en marbre blanc; par Magiolino (1. 1.24; h. 0.91; p. 0.59).",documents/BO0624_4840
444,435,"- CABINET-BUREAU de style hollandais, en noyer et bois noir; marqueterie en bois divers et nacre.","- 435 - CABINET-BUREAU de style hollandais, en noyer et bois noir; marqueterie en bois divers et nacre.
- Plan à coulisse avec quatre tiroirs à l'intérieur; et au dessus, petit secrétaire à quatre tiroirs, avec porte, au centre, abritant six autres tiroirs (1.1.21; h. 1.36 ; p. 0.68; v. ill., p. 40).",documents/BO0624_4840
445,4010,"ARMOIRE à deux corps, en ébène et ivoire, de forme architectonique à figures et ornements","- 4010 ARMOIRE à deux corps, en ébène et ivoire, de forme architectonique à figures et ornements",documents/BO0624_4840
446,433,(Un des deux côtés.).,"433 (Un des deux côtés.).

<!-- image -->
- gravés et à pierres dures. Au corps inférieur, trois tiroirs et porte au centre; au corps supérieur, trois tiroirs et porte à vitre au centre (1. 1.16; h. 2.40; p. 0.43).",documents/BO0624_4840
447,437,"- ARMoIRE à deux corps, dit à la "" Fiorentina „, en ébène, marbres divers et pierres dures. Au corps inférieur, deux portes avec mufles de bélier en bronze doré; au corps supérieur, aussi, deux portes avec mufles de bélier en bronze doré; à l'intérieur, huit tiroirs et petite porte au centre à ornements en bronze doré, en agates, turquoises et lapislazuli. Sur le revers des portes supérieures, deux écussons à armoiries en bronze doré (1. 1.15; h. 2.28; p. 0.40 ; v. ill., p. 44). <!-- image -->","- 437 - ARMoIRE à deux corps, dit à la "" Fiorentina „, en ébène, marbres divers et pierres dures. Au corps inférieur, deux portes avec mufles de bélier en bronze doré; au corps supérieur, aussi, deux portes avec mufles de bélier en bronze doré; à l'intérieur, huit tiroirs et petite porte au centre à ornements en bronze doré, en agates, turquoises et lapislazuli. Sur le revers des portes supérieures, deux écussons à armoiries en bronze doré (1. 1.15; h. 2.28; p. 0.40 ; v. ill., p. 44).

<!-- image -->
<!-- image -->

<!-- image --> 466

<!-- image -->

## FAIENCES ET PORCELAINES",documents/BO0624_4840
448,438,"- Marseille: CACHePoT en faïence, décoré à fleurs polychromes.","- 438 - Marseille: CACHePoT en faïence, décoré à fleurs polychromes.",documents/BO0624_4840
449,439,"- Faenza: ENcRIER en faïence, présentant deux petits amours et quatre petits creux pour le nécessaire à écrire.","- 439 - Faenza: ENcRIER en faïence, présentant deux petits amours et quatre petits creux pour le nécessaire à écrire.",documents/BO0624_4840
450,440,"- Savona: Six PLATs creux au milieu, en faïence blanche.","- 440 - Savona: Six PLATs creux au milieu, en faïence blanche.",documents/BO0624_4840
451,441,"- Faenza: CARREAU en terre vernissée, décor présentant la Vierge et l'Enfant dans les nuages; alentour, une croix et un ruban, avec inscription d'une confrérie (r.).","- 441 - Faenza: CARREAU en terre vernissée, décor présentant la Vierge et l'Enfant dans les nuages; alentour, une croix et un ruban, avec inscription d'une confrérie (r.).",documents/BO0624_4840
452,442,"- Venezia: DEUx PLATEAUX en faience, de dimensions différentes, décorés à paysage et à figures.","- 442 - Venezia: DEUx PLATEAUX en faience, de dimensions différentes, décorés à paysage et à figures.",documents/BO0624_4840
453,443,"- Lodi: SAucIÈRE en faience, avec anse et quatre pieds, décorée à fleurs polychromes.","- 443 - Lodi: SAucIÈRE en faience, avec anse et quatre pieds, décorée à fleurs polychromes.",documents/BO0624_4840
454,444,"- Savona: VASE avec couvercle, en faïence, decoré en bleu (m. de f.).","- 444 - Savona: VASE avec couvercle, en faïence, decoré en bleu (m. de f.).",documents/BO0624_4840
455,445,"- Lodi: PETIT PLAT ovale en faïence, décoré en rouge, avec paysage.","- 445 - Lodi: PETIT PLAT ovale en faïence, décoré en rouge, avec paysage.",documents/BO0624_4840
456,446,"- Lodi: Six PLATS en faïence, dont deux ovales, avec bord dentelé, décorés en rouge (m. de f.).","- 446 - Lodi: Six PLATS en faïence, dont deux ovales, avec bord dentelé, décorés en rouge (m. de f.).",documents/BO0624_4840
457,447,"- Venezia: PLAT en faïence, avec paysage; fond marbré caté.","- 447 - Venezia: PLAT en faïence, avec paysage; fond marbré caté.",documents/BO0624_4840
458,448,"- Venezia: TRois PLATS creux et dentelés, en faïence, de dimensions différentes, décorés à paysage.","- 448 - Venezia: TRois PLATS creux et dentelés, en faïence, de dimensions différentes, décorés à paysage.",documents/BO0624_4840
459,449,- Faenza: ÉcUELLE couverte en faïence; décor à paysage.,- 449 - Faenza: ÉcUELLE couverte en faïence; décor à paysage.,documents/BO0624_4840
460,450,"- Italie: TROIS PETITS PLATS creux, en faïence, de fabriques ditiérentes.","- 450 - Italie: TROIS PETITS PLATS creux, en faïence, de fabriques ditiérentes.",documents/BO0624_4840
461,451,"- Abruzzi: PLAT en faïence; décor polychrome, avec buste de femme au centre.","- 451 - Abruzzi: PLAT en faïence; décor polychrome, avec buste de femme au centre.",documents/BO0624_4840
462,452,- Lodi : PoRTE-FLEURS en faïence; très fin décor polychrome et en or.,- 452 - Lodi : PoRTE-FLEURS en faïence; très fin décor polychrome et en or.,documents/BO0624_4840
463,453,"- Milano: PARTIE d'un SERVIce de TABLe en faïence, décoré en or, composé des pièces suivantes: 6 Grands Plats ovales, de dimensions différentes; 7 Grands Plats ronds; 24 Grands Plats; 3 Soupières; 4 Plats à dessert.","- 453 - Milano: PARTIE d'un SERVIce de TABLe en faïence, décoré en or, composé des pièces suivantes: 6 Grands Plats ovales, de dimensions différentes; 7 Grands Plats ronds; 24 Grands Plats; 3 Soupières; 4 Plats à dessert.",documents/BO0624_4840
464,454,- Venezia: CINQ SOUpIÈREs en porcelaine; décor à fleurs polychromes et or (m. de f.).,- 454 - Venezia: CINQ SOUpIÈREs en porcelaine; décor à fleurs polychromes et or (m. de f.).,documents/BO0624_4840
465,455,"- Venezia: AssiETte en porcelaine, décorée à fleurs polychromes (m. de f.).","- 455 - Venezia: AssiETte en porcelaine, décorée à fleurs polychromes (m. de f.).",documents/BO0624_4840
466,456,"- Vienne: QUATRE PLATS et DEUX SOUPIÈRes en porcelaine, décorés à fleurs polychromes et en or; au milieu, monogramme en or, M. F. avec roses et teuilles.","- 456 - Vienne: QUATRE PLATS et DEUX SOUPIÈRes en porcelaine, décorés à fleurs polychromes et en or; au milieu, monogramme en or, M. F. avec roses et teuilles.",documents/BO0624_4840
467,457,"- Vienne: SEPT PLATS en porcelaine, de fabriques et à décorations différentes.","- 457 - Vienne: SEPT PLATS en porcelaine, de fabriques et à décorations différentes.",documents/BO0624_4840
468,458,"- Vienne: ÉcUELLE couverte et PLAt en porcelaine, décorés en or.","- 458 - Vienne: ÉcUELLE couverte et PLAt en porcelaine, décorés en or.",documents/BO0624_4840
469,459,"- Saxe: DEUx SAUCIÈREs en porcelaine, décorées à fleurs polychromes et or.","- 459 - Saxe: DEUx SAUCIÈREs en porcelaine, décorées à fleurs polychromes et or.",documents/BO0624_4840
470,460,"- Vienne: BOUTEILLE en porcelaine blanche, entièrement recouverte de petites fleurs à relief polychromes, avec deux oiseaux.","- 460 - Vienne: BOUTEILLE en porcelaine blanche, entièrement recouverte de petites fleurs à relief polychromes, avec deux oiseaux.",documents/BO0624_4840
471,461,"- Capodimonte : CAFETIÈRE en porcelaine, avec anses à joncs, décorée à fleurs","- 461 - Capodimonte : CAFETIÈRE en porcelaine, avec anses à joncs, décorée à fleurs
- polychromes.",documents/BO0624_4840
472,462,"- Vienne : DEUX THÉIÈREs en porcelaine, de formes différentes, décorées à fleurs.","- 462 - Vienne : DEUX THÉIÈREs en porcelaine, de formes différentes, décorées à fleurs.",documents/BO0624_4840
473,463,"- Berlin: DEux PLATS en porcelaine, à décor différent.","- 463 - Berlin: DEux PLATS en porcelaine, à décor différent.",documents/BO0624_4840
474,464,"- France: GRANDE VAsQuE en porcelaine, décor japonnais à fleurs polychromes.","- 464 - France: GRANDE VAsQuE en porcelaine, décor japonnais à fleurs polychromes.",documents/BO0624_4840
475,465,"- Pavia : CINQ PETITS PLATS creux et un sixième à bord dentelé, avec anses en terre vernissée, décorés en or (v. ill., p. 45).","- 465 - Pavia : CINQ PETITS PLATS creux et un sixième à bord dentelé, avec anses en terre vernissée, décorés en or (v. ill., p. 45).",documents/BO0624_4840
476,466,"- Pavia: DEUX CAFETIÈRES en terre vernissée, décor à ornements et fleurs dorés,","- 466 - Pavia: DEUX CAFETIÈRES en terre vernissée, décor à ornements et fleurs dorés,
- de formes différentes (v. ill., p. 45).",documents/BO0624_4840
477,467,"- Pavia : DEUX THÉIÈRES en terre vernissée, décor à ornements et fleurs dorés, de formes différentes (v. ill., p. 45).","- 467 - Pavia : DEUX THÉIÈRES en terre vernissée, décor à ornements et fleurs dorés, de formes différentes (v. ill., p. 45).",documents/BO0624_4840
478,468,"- Pavia: GRAND PLAT en terre vernissée, décor à ornements et fleurs, en or et en argent (v. ill., p. 45).","- 468 - Pavia: GRAND PLAT en terre vernissée, décor à ornements et fleurs, en or et en argent (v. ill., p. 45).",documents/BO0624_4840
479,469,"- Pavia: DEUx PLAT en terre vernissée, avec de très belles décorations à ""stecco, ; au revers d'un plat, la m. de f. CV T 1 0. 1691 (v. ill., p. 45).","- 469 - Pavia: DEUx PLAT en terre vernissée, avec de très belles décorations à ""stecco, ; au revers d'un plat, la m. de f. CV T 1 0. 1691 (v. ill., p. 45).",documents/BO0624_4840
480,470,"- Vienne: ÉcUELLE couverte et PLAT en porcelaine, décor en or, fond violet.","- 470 - Vienne: ÉcUELLE couverte et PLAT en porcelaine, décor en or, fond violet.

<!-- image -->
<!-- image -->

## OBJETS DIVERS",documents/BO0624_4840
481,471,"- PETITE PLAQUE en bronze doré, présentant la Vierge avec l'Enfant et saint Jean. Très beau cadre architectonique en","- 471 - PETITE PLAQUE en bronze doré, présentant la Vierge avec l'Enfant et saint Jean. Très beau cadre architectonique en
- ébène, orné en bronze doré et pierres dures.",documents/BO0624_4840
482,472,"- ÉpéE avec pommeau, riche poignée à cage, en fer entortillé. Longue lame avec m. de f.","- 472 - ÉpéE avec pommeau, riche poignée à cage, en fer entortillé. Longue lame avec m. de f.",documents/BO0624_4840
483,473,- ÉPÉE avec pommeau et garde en fer. Longue lame à can-,"- 473 - ÉPÉE avec pommeau et garde en fer. Longue lame à can-
- nelure avec m. de f.",documents/BO0624_4840
484,474,"- PETITe ÉPéE avec pommeau et garde en argent, gravée et découpée à jour. Lame","- 474 - PETITe ÉPéE avec pommeau et garde en argent, gravée et découpée à jour. Lame
- triangulaire gravée.",documents/BO0624_4840
485,475,"- PETITE ÉPéE avec pommeau et garde en argent gravé, découpée à jour, en partie","- 475 - PETITE ÉPéE avec pommeau et garde en argent gravé, découpée à jour, en partie
- dorée. Lame triangulaire gravée.",documents/BO0624_4840
486,476,"- GRAVURE sur CoRNe d'élan: l'Adoration des Mages; à forme de lunette, avec cadre en bois sculpté (v. ill., p. 46).","- 476 - GRAVURE sur CoRNe d'élan: l'Adoration des Mages; à forme de lunette, avec cadre en bois sculpté (v. ill., p. 46).",documents/BO0624_4840
487,477,- PLAQUE en bronze; présentant un moine avec un crâne dans les mains. Cadre en noyer d'Inde à équarissages en marbres divers. Cartel avec l'inscription : EF. D. VEN. PF. BENEDETTO DA POGGIBONSI.,- 477 - PLAQUE en bronze; présentant un moine avec un crâne dans les mains. Cadre en noyer d'Inde à équarissages en marbres divers. Cartel avec l'inscription : EF. D. VEN. PF. BENEDETTO DA POGGIBONSI.,documents/BO0624_4840
488,478,"- PLAQuE en cuivre doré, à relief: « Ecce Homo ». Cadre en bois doré.","- 478 - PLAQuE en cuivre doré, à relief: « Ecce Homo ». Cadre en bois doré.",documents/BO0624_4840
489,479,"- HAUT-RELIEF en ivoire: l'Adoration des Bergers; alentour, une guirlande de fleurs; au dessous, les emblèmes de la passion du Christ. Cadre en bois noir. Très fin","- 479 - HAUT-RELIEF en ivoire: l'Adoration des Bergers; alentour, une guirlande de fleurs; au dessous, les emblèmes de la passion du Christ. Cadre en bois noir. Très fin
- ouvrage du Tanadey de Turin.",documents/BO0624_4840
490,480,"- DEUx MOSAiQUES romains, avec paysages et ruines. Petit cadre en bois doré.","- 480 - DEUx MOSAiQUES romains, avec paysages et ruines. Petit cadre en bois doré.",documents/BO0624_4840
491,481,"- PETIT CANON en bronze, avec les armoiries des marquis Botta de Pavia, un Saint et deux dauphins à relief. Affût à deux roues en bois et en fer (v. ill., p. 52).","- 481 - PETIT CANON en bronze, avec les armoiries des marquis Botta de Pavia, un Saint et deux dauphins à relief. Affût à deux roues en bois et en fer (v. ill., p. 52).
- HoRLoGE de TABLE en bronze, en forme de monument, à quatre faces ornées de rinceaux ajourés, et couvert d'une coupole posant sur une galerie. XVIle sece",documents/BO0624_4840
492,482,"(h. 36 c.; larg: 17 c. ½; p. 12 c. ½; v. ill., p. 47).","- 482 (h. 36 c.; larg: 17 c. ½; p. 12 c. ½; v. ill., p. 47).

## VERRERIE DE VENISE",documents/BO0624_4840
493,483,"- DEux CÈDRES: fleur, feuilles et branche coloriées (r.).","- 483 - DEux CÈDRES: fleur, feuilles et branche coloriées (r.).",documents/BO0624_4840
494,484,- GRANDE COUpE; filet bleu au pied et au bord.,- 484 - GRANDE COUpE; filet bleu au pied et au bord.,documents/BO0624_4840
495,485,"- BureTTe chamarrée en rose, avec ornements filigraniques et anses travaillées à la pincette.","- 485 - BureTTe chamarrée en rose, avec ornements filigraniques et anses travaillées à la pincette.",documents/BO0624_4840
496,486,"- CoUpE avec petit filet bleu au bord et un autre plus large, au pied.","- 486 - CoUpE avec petit filet bleu au bord et un autre plus large, au pied.

<!-- image -->
<!-- image -->",documents/BO0624_4840
497,487,- DEux BURETTES; anse et bec en verre bleu-de-ciel.,- 487 - DEux BURETTES; anse et bec en verre bleu-de-ciel.,documents/BO0624_4840
498,488,"- DEux FLûTEs de formes différentes, verre de Murano.","- 488 - DEux FLûTEs de formes différentes, verre de Murano.",documents/BO0624_4840
499,489,- PeTITE AMPHORE en cristal poli.,- 489 - PeTITE AMPHORE en cristal poli.,documents/BO0624_4840
500,490,"- FLACON héxagone en verre de Murano; ornements en bleu et blanc, travaillés à la pincette.","- 490 - FLACON héxagone en verre de Murano; ornements en bleu et blanc, travaillés à la pincette.",documents/BO0624_4840
501,491,- PoRTE-FLEURs à ornements filigraniques et bord rouge.,- 491 - PoRTE-FLEURs à ornements filigraniques et bord rouge.,documents/BO0624_4840
502,492,"- TAssE avec couvercle en cristal à double paroi à l'intérieur, décoration en or, représentant saint Dominique, et un écusson.","- 492 - TAssE avec couvercle en cristal à double paroi à l'intérieur, décoration en or, représentant saint Dominique, et un écusson.",documents/BO0624_4840
503,493,"- QUATRE BURETTES, verre de Murano, base conique à l'intérieur.","- 493 - QUATRE BURETTES, verre de Murano, base conique à l'intérieur.

## ARGENTERIE ET BIJOUX",documents/BO0624_4840
504,494,"- BAGuE de vermeil; au centre, saint Georges avec le dragon, découpée à jour, et toute d'une pièce.","- 494 - BAGuE de vermeil; au centre, saint Georges avec le dragon, découpée à jour, et toute d'une pièce.",documents/BO0624_4840
505,495,"- BaGue d'or, renfermant un bas-relief mignon en ivoire : le Christ et les Maries.","- 495 - BaGue d'or, renfermant un bas-relief mignon en ivoire : le Christ et les Maries.",documents/BO0624_4840
506,496,"- BAGUE d'or vénitienne, avec neuf grenats à tablettes.","- 496 - BAGUE d'or vénitienne, avec neuf grenats à tablettes.",documents/BO0624_4840
507,497,"- BAGue d'or, avec très fine miniature en ivoire, buste d'un pape.","- 497 - BAGue d'or, avec très fine miniature en ivoire, buste d'un pape.",documents/BO0624_4840
508,498,"- GRANDE ÉPINGLE, paire de BOUCLES d'oREILLES et BRACELET en or, avec coquilles figurées.","- 498 - GRANDE ÉPINGLE, paire de BOUCLES d'oREILLES et BRACELET en or, avec coquilles figurées.",documents/BO0624_4840
509,499,- BRELOQUE en strass monté en argent.,- 499 - BRELOQUE en strass monté en argent.,documents/BO0624_4840
510,500,"- BOMBONNIÈRE en cristal de roche, montée en bronze doré.","- 500 - BOMBONNIÈRE en cristal de roche, montée en bronze doré.",documents/BO0624_4840
511,501,"- TABATIÈRE ovale en pierre dure, montée en cuivre doré.","- 501 - TABATIÈRE ovale en pierre dure, montée en cuivre doré.",documents/BO0624_4840
512,502,"- BOUcLES d'oREILLEs en or, avec pendeloques en perles.","- 502 - BOUcLES d'oREILLEs en or, avec pendeloques en perles.",documents/BO0624_4840
513,503,"- BOUcLES d'oREILLEs en or, avec perles.","- 503 - BOUcLES d'oREILLEs en or, avec perles.

## TABLEAUX",documents/BO0624_4840
514,504,"- École Italienne, XVIe siècle: LA VIERGE et l'ENFANTJÉSUS, SAINTE ANNE, SAINT JEAN et SAINTE CATHERINE. Cadre en bois noir et or (L. 0.76 ; h. 0.94).","- 504 - École Italienne, XVIe siècle: LA VIERGE et l'ENFANTJÉSUS, SAINTE ANNE, SAINT JEAN et SAINTE CATHERINE. Cadre en bois noir et or (L. 0.76 ; h. 0.94).",documents/BO0624_4840
515,505,"- École Italienne, XVIII® siècle: PoRIRAIT de FEMME. En costume; perruque ornée de plumes, et habit rouge, décolleté. Cadre en bois doré (1. 0.26 ; h. 0.38).","- 505 - École Italienne, XVIII® siècle: PoRIRAIT de FEMME. En costume; perruque ornée de plumes, et habit rouge, décolleté. Cadre en bois doré (1. 0.26 ; h. 0.38).

<!-- image -->
<!-- image -->

<!-- image -->

<!-- image -->",documents/BO0624_4840
516,506,"- Michelangelo Amerighi, ou Morigi, dit Michelangelo da Caravaggio; 15691609 : BACCHUs et un CHEVALIER.","- 506 - Michelangelo Amerighi, ou Morigi, dit Michelangelo da Caravaggio; 15691609 : BACCHUs et un CHEVALIER.

Bacchus pressurant une grappe de raisin dans une coupe tenue par un chevalier en costume rouge et chapeau empanaché. Grand cadre en bois sculpté et doré (1. 0.82 ; h. 1.12; v. ill., X7X* pl.).",documents/BO0624_4840
517,507,"- École de Siena, XVe siècle: LA CRÈCHE avec gloire d'anges. Fond à paysage; sur bois, formant aussi cadre dans une seule pièce, avec ornements en stuc","- 507 - École de Siena, XVe siècle: LA CRÈCHE avec gloire d'anges. Fond à paysage; sur bois, formant aussi cadre dans une seule pièce, avec ornements en stuc

doré (1. 0.37; h. 0.53; v. ill., XXe pl.).

<!-- image -->",documents/BO0624_4840
518,508,"- Angelo Maria Crivelli, dit le Crivellone, 1660-1730: BASSE-CoUR. Fond à paysage; riche cadre en bois sculpté, doré et verni (1. 1.29 ; h. 1.43).","- 508 - Angelo Maria Crivelli, dit le Crivellone, 1660-1730: BASSE-CoUR. Fond à paysage; riche cadre en bois sculpté, doré et verni (1. 1.29 ; h. 1.43).",documents/BO0624_4840
519,509,"- École Italienne, XVIII® siècle: PORTRAIT d'un CARDINAL. Assis dans un fauteuil; trois-quarts de figure. Cadre en bois doré (1. 1.00; h. 1.17).","- 509 - École Italienne, XVIII® siècle: PORTRAIT d'un CARDINAL. Assis dans un fauteuil; trois-quarts de figure. Cadre en bois doré (1. 1.00; h. 1.17).",documents/BO0624_4840
520,510,"- Annibale Caracci, 1560-1609 : L'AssOMPTIoN. La Vierge dans les nuages entourée d'anges. Sur le premier plan, les Apôtres et les Maries, tout autour au tombeau viae. cuivre, cadre en bois dore 1. 0.22; h. 0.30).","- 510 - Annibale Caracci, 1560-1609 : L'AssOMPTIoN. La Vierge dans les nuages entourée d'anges. Sur le premier plan, les Apôtres et les Maries, tout autour au tombeau viae. cuivre, cadre en bois dore 1. 0.22; h. 0.30).",documents/BO0624_4840
521,511,"- École Italienne, XVIIe siècle : La VIERGE, l'ENFANT et SAINTE ÉLISABETH. Fond à paysage. Cuivre; cadre en bois doré (1. 0.22; h. 0.29).","- 511 - École Italienne, XVIIe siècle : La VIERGE, l'ENFANT et SAINTE ÉLISABETH. Fond à paysage. Cuivre; cadre en bois doré (1. 0.22; h. 0.29).",documents/BO0624_4840
522,512,"- Gaudenzio Ferrari, 1481-1546: Jésus, sur le mont des Oliviers, s'élève au ciel en présence de ses disciples.","- 512 - Gaudenzio Ferrari, 1481-1546: Jésus, sur le mont des Oliviers, s'élève au ciel en présence de ses disciples.

Les Apôtres, la Vierge et un Dévot en armure sont en contemplation du miracle. Le grand peintre piémontais est à sa première manière, avec sa rigoureuse diligence de dessin et sa prererence à ce genre de composition, surtout pour la ligure agenouillée qui tourne les dos sur le premier plan. On y remarque aussi la sympathie des couleurs changeants rose et vert pâle. La Galerie de Turin ottre, par d'autres chets-d œuvre de ce martre, une analogie Dien eviaente avec notre rétable d'autel (v. ill., XX/le pl.).",documents/BO0624_4840
523,513,"- Bartolomeo Suardi, dit le Bramantino, 14. -1535 ?: LA PAIX. <!-- image -->","- 513 - Bartolomeo Suardi, dit le Bramantino, 14. -1535 ?: LA PAIX.

Jésus est debout dans le tombeau, la main gauche appuyée à la poitrine, et la droite sur le bord du tombeau. Fond à draperie verte. Bois semi-circulaire; cadre (m.) en bois doré (l. 0.54; h. 0.64). 515

<!-- image -->",documents/BO0624_4840
524,514,"- Pietro Longhi, 1702-1762: PoRTRAIT d'un GENTILHOMME vénitien.","- 514 - Pietro Longhi, 1702-1762: PoRTRAIT d'un GENTILHOMME vénitien.

Buste ; d'une vérité frappante. On le dirait exécuté en même temps que la belle « Maschera Veneziana » du Castello Sforzesco de Milan. Très riche cadre à feuillages en bois sculpté et doré; (I. 0.44; h. 0.54; v. ill., p. 49).",documents/BO0624_4840
525,515,"- Giuseppe Ribera, dit le Spagnoletto, 1588-1656 : BUSTE d' HOMME.","- 515 - Giuseppe Ribera, dit le Spagnoletto, 1588-1656 : BUSTE d' HOMME.

Demi-figure d'homme nu, se déchirant la poitrine qu'il s'est blessée avec un couteau tenu dans a droite. sujet n'est guère souriant; ah, non! Mais cela n'empêche pas de le considére comme il mérite par son exécution magistrale (I. 1.19; h. 1.00; v. ill., p. 50).",documents/BO0624_4840
526,516,"- Francesco Solimene, detto l'Abate Ciccio, 1657-1747: La VIERGE et l'ENFANT. Très riche cadre en bois sculpté à feuillages, et doré (1. 0.22 ; h. 0.30).","- 516 - Francesco Solimene, detto l'Abate Ciccio, 1657-1747: La VIERGE et l'ENFANT. Très riche cadre en bois sculpté à feuillages, et doré (1. 0.22 ; h. 0.30).",documents/BO0624_4840
527,517,"- François Bouchet, 1703-1770: Le TRIOMPHE de VÉNUS.","- 517 - François Bouchet, 1703-1770: Le TRIOMPHE de VÉNUS.

Aquarelle de très fine intonation et d'une composition savamment disposée par un goût distingué; exécution d'une délicatesse caressante, d'un charme inouï (1. 0.53; h. 0.26; v. ill., XVIII* pl.).
## DENTELLES",documents/BO0624_4840
528,518,"- VoLANT, POINT de MILAN (long. 3.40; larg. 0.28).                     |","| 518 - VoLANT, POINT de MILAN (long. 3.40; larg. 0.28).                     |
|----------------------------------------------------------------------------|",documents/BO0624_4840
529,519,- PoInt de Gênes (long. 7.00; larg. 0.09).                             |,| 519 - PoInt de Gênes (long. 7.00; larg. 0.09).                             |,documents/BO0624_4840
530,520,"- PeTIT BORD, POINT d'ESPAGNE (long. 6,00 ; larg. 0.04).               |","| 520 - PeTIT BORD, POINT d'ESPAGNE (long. 6,00 ; larg. 0.04).               |",documents/BO0624_4840
531,521,"- DENTELLE à fuseaux, à festons (long. 5.00; larg. 0.07).              |","| 521 - DENTELLE à fuseaux, à festons (long. 5.00; larg. 0.07).              |",documents/BO0624_4840
532,522,- PoInT d' EsPAGNE (long. 6.15; larg. 0.10).                           |,| 522 - PoInT d' EsPAGNE (long. 6.15; larg. 0.10).                           |,documents/BO0624_4840
533,523,"- BoRDRE, POINT d'ESPAGNE (long. 4.38; larg. 0.05).                    |","| 523 - BoRDRE, POINT d'ESPAGNE (long. 4.38; larg. 0.05).                    |",documents/BO0624_4840
534,524,- PoInT de MILAN (long. 4.00; larg. 0.19).                             |,| 524 - PoInT de MILAN (long. 4.00; larg. 0.19).                             |,documents/BO0624_4840
535,525,"- BoRDUrE à ruban, ajourée (long. 3.90; larg. 0.08).                   |","| 525 - BoRDUrE à ruban, ajourée (long. 3.90; larg. 0.08).                   |",documents/BO0624_4840
536,526,"- PoInT d'EsPAGNE (long. 1.45; larg. 0.12; v. ill., p. 51).            |","| 526 - PoInT d'EsPAGNE (long. 1.45; larg. 0.12; v. ill., p. 51).            |",documents/BO0624_4840
537,527,"- PoINT d'ESPAGNE à festons (long. 3.45; larg. 0.08 : v. ill., p. 48). |","| 527 - PoINT d'ESPAGNE à festons (long. 3.45; larg. 0.08 : v. ill., p. 48). |",documents/BO0624_4840
538,528,"- GUIPURE à fuseaux (long. 5. 65; larg. 0,10).                         |","| 528 - GUIPURE à fuseaux (long. 5. 65; larg. 0,10).                         |",documents/BO0624_4840
539,529,- TROIS PAIRES de GLANDs en fil noué.                                  |,| 529 - TROIS PAIRES de GLANDs en fil noué.                                  |,documents/BO0624_4840
540,530,- TROIS PAIREs de GLANDS en fil noué.                                  |,| 530 - TROIS PAIREs de GLANDS en fil noué.                                  |,documents/BO0624_4840
541,531,"- PETIT CARRÉ, POINT d'ESPAGNE.                                        |","| 531 - PETIT CARRÉ, POINT d'ESPAGNE.                                        |",documents/BO0624_4840
542,532,"- ENTREDEUX, POINT d' ESPAGNE (long. 4.45; larg. 0.07).                |","| 532 - ENTREDEUX, POINT d' ESPAGNE (long. 4.45; larg. 0.07).                |",documents/BO0624_4840
543,533,- PoINt d' EsPAGNE (long. 4.00; larg. 0.09).                           |,| 533 - PoINt d' EsPAGNE (long. 4.00; larg. 0.09).                           |,documents/BO0624_4840
544,534,- PoINT d' ESPAGNE (long. 4.10; larg. 0.12).                           |,| 534 - PoINT d' ESPAGNE (long. 4.10; larg. 0.12).                           |,documents/BO0624_4840
545,535,- PoInt de MILAN (long. 2.30; larg. 0.19).                             |,| 535 - PoInt de MILAN (long. 2.30; larg. 0.19).                             |,documents/BO0624_4840
546,536,- PoINT ARGENTAN; trois pièces (long. 5.70; larg. 0.09).               |,| 536 - PoINT ARGENTAN; trois pièces (long. 5.70; larg. 0.09).               |,documents/BO0624_4840
547,537,- PoINT ARGENTAN; neuf pièces (long. 7.15; larg. 0.09).                |,"| 537 - PoINT ARGENTAN; neuf pièces (long. 7.15; larg. 0.09).                |

## MEUBLES",documents/BO0624_4840
548,538,- CAsSETTE en bois et ivoire à dessins.,- 538 - CAsSETTE en bois et ivoire à dessins.,documents/BO0624_4840
549,539,- MoDÈLE de commode en noyer d'Inde et bois de rose; trois tiroirs et garniture en bronze.,- 539 - MoDÈLE de commode en noyer d'Inde et bois de rose; trois tiroirs et garniture en bronze.,documents/BO0624_4840
550,540,"- ENcADREMeNT avec base en ébène, écaille et filets en cuivre jaune.","- 540 - ENcADREMeNT avec base en ébène, écaille et filets en cuivre jaune.",documents/BO0624_4840
551,541,- CAsSETTe en noyer sculpté; intérieur en velour café.,"- 541 - CAsSETTe en noyer sculpté; intérieur en velour café.

<!-- image -->",documents/BO0624_4840
552,542,"- CAsSETTE vénitienne en bois laqué, à figures et ornements; décor chinois. A l'inté rieur, deux boîtes à gants, grandes, et deux petites avec brosse et pelote.","- 542 - CAsSETTE vénitienne en bois laqué, à figures et ornements; décor chinois. A l'inté rieur, deux boîtes à gants, grandes, et deux petites avec brosse et pelote.",documents/BO0624_4840
553,543,"- GuÉrIDoN en bois noir; équarissages et ornements en ivoire gravé (1. 0.35; h. 1.44 ; v. ill., p. 48).","- 543 - GuÉrIDoN en bois noir; équarissages et ornements en ivoire gravé (1. 0.35; h. 1.44 ; v. ill., p. 48).",documents/BO0624_4840
554,544,- PETITE TABLE à JEU; pieds à forme pyramidale et plan en noyer sculpté,- 544 - PETITE TABLE à JEU; pieds à forme pyramidale et plan en noyer sculpté,documents/BO0624_4840
555,545,"- DEux BASES rectangulaires, en bois verni; ornements sculptés et dorés (1. 0.71; h. 0.77).","- 545 - DEux BASES rectangulaires, en bois verni; ornements sculptés et dorés (1. 0.71; h. 0.77).",documents/BO0624_4840
556,546,"- GABINET à DEUX CORps de forme architectonique en bois marqueté en ivoire; statuettes, vases, ornements, bases et chapiteaux en bronze doré. Dans la partie inférieure, trois portes et trois tiroirs. Dans la partie supérieure aussi, trois portes et trois tiroirs (I. 1.14; h. 2.36 ; pr. 0.53; v. ill., XXIII° pl.).","- 546 - GABINET à DEUX CORps de forme architectonique en bois marqueté en ivoire; statuettes, vases, ornements, bases et chapiteaux en bronze doré. Dans la partie inférieure, trois portes et trois tiroirs. Dans la partie supérieure aussi, trois portes et trois tiroirs (I. 1.14; h. 2.36 ; pr. 0.53; v. ill., XXIII° pl.).",documents/BO0624_4840
557,547,"- CABINet de forme architectonique en bois noir marqueté en ivoire; six statuettes en ivoire dans des niches; bases et chapiteaux des colonnes et des piliers en ivoire sculpté; en ivoire, aussi, les colonnes de la balustrade, les vases et les autres ornements. Dans la partie inférieure, trois portes et trois tiroirs; et dans la partie supérieure aussi, trois tiroirs et trois portes (I. 1.14; h. 2.36 ; p. 0.53).","- 547 - CABINet de forme architectonique en bois noir marqueté en ivoire; six statuettes en ivoire dans des niches; bases et chapiteaux des colonnes et des piliers en ivoire sculpté; en ivoire, aussi, les colonnes de la balustrade, les vases et les autres ornements. Dans la partie inférieure, trois portes et trois tiroirs; et dans la partie supérieure aussi, trois tiroirs et trois portes (I. 1.14; h. 2.36 ; p. 0.53).",documents/BO0624_4840
558,548,"- CAbIneT de forme architectonique en bois noir, marqueté en ivoire. Pendant au pré-","- 548 - CAbIneT de forme architectonique en bois noir, marqueté en ivoire. Pendant au pré-",documents/BO0624_4840
559,549,"- BurEAu à cylindre, en noyer d'Inde et en bois de rose; tiroir et porte glissante ; plan recouvert en drap bleu; quatre tiroirs à l'intérieur, et trois au plan supérieur. La serrure du cylindre ferme aussi les tiroirs supérieurs (I. 0.87; h. 1.08; p. 0.46).","- 549 - BurEAu à cylindre, en noyer d'Inde et en bois de rose; tiroir et porte glissante ; plan recouvert en drap bleu; quatre tiroirs à l'intérieur, et trois au plan supérieur. La serrure du cylindre ferme aussi les tiroirs supérieurs (I. 0.87; h. 1.08; p. 0.46).",documents/BO0624_4840
560,550,"- CAbIneT en bois noir marqueté en ivoire. Dans la partie inférieure, deux portes avec deux plans intérieurs; dans celle supérieure, deux portes et trois plans intérieurs","- 550 - CAbIneT en bois noir marqueté en ivoire. Dans la partie inférieure, deux portes avec deux plans intérieurs; dans celle supérieure, deux portes et trois plans intérieurs
- (1. 1.44 ; h. 2.60 ; p. 0.55).

<!-- image -->
<!-- image -->
<!-- image -->

## FAÏENCES ET PORCELAINES",documents/BO0624_4840
561,55,"l - Lodi: CAcHEPoT en faïence; anses en forme de rameaux, décoré à fleurs polychromes.","- 55l - Lodi: CAcHEPoT en faïence; anses en forme de rameaux, décoré à fleurs polychromes.",documents/BO0624_4840
562,552,"- Faenza: PLAT en terre vernissée, avec fruits polychromes.","- 552 - Faenza: PLAT en terre vernissée, avec fruits polychromes.",documents/BO0624_4840
563,553,"- Pesaro: PORTE-HUlLIER en faïence, découpé à jour et décoré en rouge et en vert.","- 553 - Pesaro: PORTE-HUlLIER en faïence, découpé à jour et décoré en rouge et en vert.",documents/BO0624_4840
564,554,"- Palissy (Ecole de): GroUpe en faïence coloriée, présentant des reptiles divers","- 554 - Palissy (Ecole de): GroUpe en faïence coloriée, présentant des reptiles divers
- et une mesange sur des petits rochers près d'un tronc d'arbre.",documents/BO0624_4840
565,555,"- Capodimonte : STATUETTE en porcelaine coloriée, présentant Flore.","- 555 - Capodimonte : STATUETTE en porcelaine coloriée, présentant Flore.",documents/BO0624_4840
566,556,"- Urbino : SaLIÈRe en faience; Sirènes et coquille, décoré à arabesques.","- 556 - Urbino : SaLIÈRe en faience; Sirènes et coquille, décoré à arabesques.",documents/BO0624_4840
567,557,- France: STATUETTE en biscuit; femme assise sur un rocher avec un petit chien.,- 557 - France: STATUETTE en biscuit; femme assise sur un rocher avec un petit chien.,documents/BO0624_4840
568,558,"- Faenza: PLATEAU en faïence; bord dentelé, décor à feuilles et orn. polychromes.","- 558 - Faenza: PLATEAU en faïence; bord dentelé, décor à feuilles et orn. polychromes.
- décorée en rouge et en vert.",documents/BO0624_4840
569,559,"- Pesaro : PARTIE d'une ÉcUELLE, en faïence,","- 559 - Pesaro : PARTIE d'une ÉcUELLE, en faïence,",documents/BO0624_4840
570,560,"- Savona: DEUx PLATs en faïence; l'un décoré à quartiers, l'autre avec paysage","- 560 - Savona: DEUx PLATs en faïence; l'un décoré à quartiers, l'autre avec paysage
- et figure (m. de f., Levantino).",documents/BO0624_4840
571,561,"- Urbino: PLATEAU en faïence, présentant la création d'Ève (r.).","- 561 - Urbino: PLATEAU en faïence, présentant la création d'Ève (r.).",documents/BO0624_4840
572,562,"- Lodi: PLAT en faïence, décoré à quartiers verts et rose.","- 562 - Lodi: PLAT en faïence, décoré à quartiers verts et rose.",documents/BO0624_4840
573,563,"- Lodi: UNE ECUELLE couverte avec anses, DEUX AssIeTTes à potage, et DEUX AssIETTEs en faïence, à bord dentelé; riche décor à fleurs polychromes; au centre, écusson de marquis.","- 563 - Lodi: UNE ECUELLE couverte avec anses, DEUX AssIeTTes à potage, et DEUX AssIETTEs en faïence, à bord dentelé; riche décor à fleurs polychromes; au centre, écusson de marquis.",documents/BO0624_4840
574,564,"- Mantova: AMpHoRe en faïence, décorée en bleu; au centre, écusson porté par deux anges (pied r.).","- 564 - Mantova: AMpHoRe en faïence, décorée en bleu; au centre, écusson porté par deux anges (pied r.).",documents/BO0624_4840
575,565,"- Vienne: GRAND PLAT en porcelaine, bord dentelé: décor à fleurs polychromes.","- 565 - Vienne: GRAND PLAT en porcelaine, bord dentelé: décor à fleurs polychromes.",documents/BO0624_4840
576,566,"- Vienne : DEUX PLATS et DEUX ASSIETTEs à potage en porcelaine, avec bord dentélé, décorés à fleurs polychromes.","- 566 - Vienne : DEUX PLATS et DEUX ASSIETTEs à potage en porcelaine, avec bord dentélé, décorés à fleurs polychromes.",documents/BO0624_4840
577,567,"- Sèvres: PeTITE VAsQue sur pied, en porcelaine impériale, décorée en or, fond bleu.","- 567 - Sèvres: PeTITE VAsQue sur pied, en porcelaine impériale, décorée en or, fond bleu.",documents/BO0624_4840
578,568,"- Vienne : DEUX CAFETIÈRES en porcelaine, décor à fleurs polychromes et en or.","- 568 - Vienne : DEUX CAFETIÈRES en porcelaine, décor à fleurs polychromes et en or.",documents/BO0624_4840
579,569,"- Saxe: PLATEAU en porcelaine, décoré à fleurs et oiseaux.","- 569 - Saxe: PLATEAU en porcelaine, décoré à fleurs et oiseaux.",documents/BO0624_4840
580,570,"- Saxe: DEUX PETITS POTS À FLEURS en porcelaine, décorés à fleurs.","- 570 - Saxe: DEUX PETITS POTS À FLEURS en porcelaine, décorés à fleurs.",documents/BO0624_4840
581,571,"- Vienne: TROIS CAFETIÈRES en porcelaine, de formes différentes (m. de c.), dé-","- 571 - Vienne: TROIS CAFETIÈRES en porcelaine, de formes différentes (m. de c.), dé-
- corées à fleurs.",documents/BO0624_4840
582,572,"- Sèvres: SALIÈRE à trois divisions, en porcelaine, décorée à fleurs.","- 572 - Sèvres: SALIÈRE à trois divisions, en porcelaine, décorée à fleurs.",documents/BO0624_4840
583,573,"- Vienne: Six PLATs en porcelaine, avec bord dentelé, décorés à fruits et fleurs.","- 573 - Vienne: Six PLATs en porcelaine, avec bord dentelé, décorés à fruits et fleurs.",documents/BO0624_4840
584,574,- Milano: DEUx STATUETTES en faïence (r.).,- 574 - Milano: DEUx STATUETTES en faïence (r.).,documents/BO0624_4840
585,575,"- Milano: DEUX STATUETTEs en faience, décorées en or (v. ill., XX/° pl.).","- 575 - Milano: DEUX STATUETTEs en faience, décorées en or (v. ill., XX/° pl.).",documents/BO0624_4840
586,576,"- Milano: DEUX TAsSES à THÉ et soustasses en faïence, décorées à roses poly-","- 576 - Milano: DEUX TAsSES à THÉ et soustasses en faïence, décorées à roses poly-
- chromes en relief (v. ill., /Xe pl.).",documents/BO0624_4840
587,577,- Milano: HuIT TAssES à CArÉ et soustasses; même faïence et décor du lot pré-,"- 577 - Milano: HuIT TAssES à CArÉ et soustasses; même faïence et décor du lot pré-
- cédent (v. ill., /Xe pl.).",documents/BO0624_4840
588,578,"- Milano: Dix TAssEs de formes différentes; même faïence et décor du lot précédent (v. ill., /X° pl.).","- 578 - Milano: Dix TAssEs de formes différentes; même faïence et décor du lot précédent (v. ill., /X° pl.).",documents/BO0624_4840
589,579,- Milano: CAFETIÈRE et couvercle pour tasse; même faïence et décor du lot pré-,"- 579 - Milano: CAFETIÈRE et couvercle pour tasse; même faïence et décor du lot pré-
- cédent.",documents/BO0624_4840
590,580,"- Milano: SEPT PLATs de formes différentes; même faïence et décor du lot précédent (v. ill., /X° pl.).","- 580 - Milano: SEPT PLATs de formes différentes; même faïence et décor du lot précédent (v. ill., /X° pl.).",documents/BO0624_4840
591,581,- Milano: DEUx SUCRIÈRES couvertes; même faïence et décor du lot précédent,"- 581 - Milano: DEUx SUCRIÈRES couvertes; même faïence et décor du lot précédent
- (v. ill., IX° pl.).",documents/BO0624_4840
592,582,- Milano: DEUx SUCRIÈREs couvertes; même faïence et décor du lot précédent.,- 582 - Milano: DEUx SUCRIÈREs couvertes; même faïence et décor du lot précédent.,documents/BO0624_4840
593,583,- Milano: DEUx SUCRIÈRES couvertes; même faïence et décor du lot précédent.,"- 583 - Milano: DEUx SUCRIÈRES couvertes; même faïence et décor du lot précédent.

## OBJETS DIVERS",documents/BO0624_4840
594,584,"- CRucIFIx en ébène, avec ornements en bronze et pierres dures incrustées; au","- 584 - CRucIFIx en ébène, avec ornements en bronze et pierres dures incrustées; au
- pied de la croix, deux statuettes en bronze doré, la Vierge et saint Jean.",documents/BO0624_4840
595,585,"- Bas-ReLIEF en bois; la Crèche, avec gloire d'anges. Cadre en ébène.","- 585 - Bas-ReLIEF en bois; la Crèche, avec gloire d'anges. Cadre en ébène.",documents/BO0624_4840
596,586,- RELIQUAIRE en bronze doré.,- 586 - RELIQUAIRE en bronze doré.,documents/BO0624_4840
597,587,- HorLoGe en forme de petit temple en bois d'acajou et à petites figures et ornements en cuivre jaune imprimés et dorés. Huit colonnes d' albâtre; fond à miroir; sonnerie et répétition.,- 587 - HorLoGe en forme de petit temple en bois d'acajou et à petites figures et ornements en cuivre jaune imprimés et dorés. Huit colonnes d' albâtre; fond à miroir; sonnerie et répétition.,documents/BO0624_4840
598,588,"- HorLoGe en bois noir, avec ornements dorés; sonnerie et répétition; ouvrage de Pierre Urigni de Cesena, 1759 (v. ill., p. 55).","- 588 - HorLoGe en bois noir, avec ornements dorés; sonnerie et répétition; ouvrage de Pierre Urigni de Cesena, 1759 (v. ill., p. 55).",documents/BO0624_4840
599,589,"- GRAND HAUT-RELIEF en bois, représentant le rencontre de la Vierge avec sainte Elisabeth. Ouvrage français, très curieux, du XVe siècle (v. ill., XXV° pl.).","- 589 - GRAND HAUT-RELIEF en bois, représentant le rencontre de la Vierge avec sainte Elisabeth. Ouvrage français, très curieux, du XVe siècle (v. ill., XXV° pl.).",documents/BO0624_4840
600,590,"- TRoIs FusiLs sardes, avec plaque à pierre et enchâssure en bois recouvert en fer à ornements en relief.","- 590 - TRoIs FusiLs sardes, avec plaque à pierre et enchâssure en bois recouvert en fer à ornements en relief.",documents/BO0624_4840
601,591,"- BAs-RELIEF ovale en bronze, buste d'un maréchal en perruque. Cadre en fer ajouré, avec ornements à relief.","- 591 - BAs-RELIEF ovale en bronze, buste d'un maréchal en perruque. Cadre en fer ajouré, avec ornements à relief.",documents/BO0624_4840
602,592,"- GRAND CrUCIFIx en bois, avec traces de dorure. Ouvrage du XIVe siècle (v. ill., p. 60).","- 592 - GRAND CrUCIFIx en bois, avec traces de dorure. Ouvrage du XIVe siècle (v. ill., p. 60).",documents/BO0624_4840
603,593,"- PAIRE de CHENeTs en bronze, avec pieds à bufles et pattes de lion. Au milieu, ma-","- 593 - PAIRE de CHENeTs en bronze, avec pieds à bufles et pattes de lion. Au milieu, ma-",documents/BO0624_4840
604,594,"- HoRLoGe en ivoire, à forme de château avec tour; mouvement à pendule avec","- 594 - HoRLoGe en ivoire, à forme de château avec tour; mouvement à pendule avec
- scarons et petits enfants avec grappes de raisin. Dans la partie supérieure, lion rampant avec écusson (I. 055; h. 0.92; v. ill., p. 58).
- sonnerie. Cadran en bronze doré, les heures en argent (1. 0.23; h. 0.40; v. ill., XXV° pl.).",documents/BO0624_4840
605,595,"- HorLoGe en bronze doré, Empire; avec statuette d'une liseuse appuyée à une li-","- 595 - HorLoGe en bronze doré, Empire; avec statuette d'une liseuse appuyée à une li-
- brairie. Mouvement à pendule avec sonnerie.

<!-- image -->
## VERRERIE DE VENISE",documents/BO0624_4840
606,596,- PeTITE VASQUE pour fleurs; tilets blanc-de-lait au bord.,596 - PeTITE VASQUE pour fleurs; tilets blanc-de-lait au bord.,documents/BO0624_4840
607,597,"- DEux BoUTEILLes en cristal brillanté, avec médaillon et monogramme gravés de","- 597 - DEux BoUTEILLes en cristal brillanté, avec médaillon et monogramme gravés de
- Marie Louise, surmontes d une couronnne royale.",documents/BO0624_4840
608,598,- TROIS PETITS VASES de formes dittérentes.,598 - TROIS PETITS VASES de formes dittérentes.,documents/BO0624_4840
609,599,- CINO PETITES VASOUES avec anses: une à bord doré.,599 - CINO PETITES VASOUES avec anses: une à bord doré.,documents/BO0624_4840
610,600,- TROIS PETITS VASES de tormes dittérentes.,600 - TROIS PETITS VASES de tormes dittérentes.,documents/BO0624_4840
611,601,"- CÈDRE. CITRON et ORaNGe, avec fleurs et feuilles coloriées (r.).","- 601 - CÈDRE. CITRON et ORaNGe, avec fleurs et feuilles coloriées (r.).",documents/BO0624_4840
612,602,"- DEUX PETITS VASES bleu, à anses blanc-de-lait.","- 602 - DEUX PETITS VASES bleu, à anses blanc-de-lait.",documents/BO0624_4840
613,603,"- PETIT VASE en cristal: écusson de marquis, gravé.","- 603 - PETIT VASE en cristal: écusson de marquis, gravé.",documents/BO0624_4840
614,604,- PeTIT VASE avec couvercle.,"- 604 - PeTIT VASE avec couvercle.

## TABLEAUX",documents/BO0624_4840
615,605,"- Ferdinand Bol, 1609-1686: PORTRAIT d' un PEINTRE. Buste : neut-être le peintre lui-même, à sa première manière sous les enseignements de Rembrandt. son Maître; non pas de sa seconde manière aux tons criards, pour imiter Rubens (l. 0.49; h. 0.60).","605 - Ferdinand Bol, 1609-1686: PORTRAIT d' un PEINTRE. Buste : neut-être le peintre lui-même, à sa première manière sous les enseignements de Rembrandt. son Maître; non pas de sa seconde manière aux tons criards, pour imiter Rubens (l. 0.49; h. 0.60).",documents/BO0624_4840
616,606,"- Ecole Hollandaise, AVIle siècle: PORTRAIT d' HOMME.","- 606 - Ecole Hollandaise, AVIle siècle: PORTRAIT d' HOMME.

Buste d'une exécution pareille au précédent portrait. On pourrait oser le croir aussi de Ferdinand bol, soit pour ses qualites, soit pour l'egale dimension des deux tableaux et de leur provenance unique de la Collection de teu le marquis l'assalacqua, sans risquer de trop, du reste, en affirmant qu'il s'agit toujours d' un beau spécimen de l'école de Kembrandt.",documents/BO0624_4840
617,607,- Ecole Toscane. XVe siècle: DypTIOUE: Sainte Catherine et un autre Saint.,"- 607 - Ecole Toscane. XVe siècle: DypTIOUE: Sainte Catherine et un autre Saint.
- Bois; cadre en style gothique, en bois sculpte et dore, endommage (I. 0.59 ; h. 0.59).",documents/BO0624_4840
618,608,- Ecole Italienne. XVie siècle: Le REPoS en EGYPTE.,"- 608 - Ecole Italienne. XVie siècle: Le REPoS en EGYPTE.
- Bois; cadre en bois dore (1. 0.31; h. 0.41).",documents/BO0624_4840
619,609,"- Albert Cuvp, 16..-17.: MARINE.","- 609 - Albert Cuvp, 16..-17.: MARINE.

sur la plage trois pecheurs retirent leur flets, sous un ciel splendant de lumiere, speciale caracteristique de ce peintre. Bois; cadre en bois dore (1. 0./1; h. 0.52; v. tll., p. 59).",documents/BO0624_4840
620,610,- Ecole Italienne. XVIle siècle: PORTRAIT d'un COMMANDANT.,"- 610 - Ecole Italienne. XVIle siècle: PORTRAIT d'un COMMANDANT.

Demi-figure en perruque, manteau rouge et armure avec gorgerette en dentelle. Cadre en bois sculpté et doré (1. 0.74: h. 0.95).",documents/BO0624_4840
621,611,"- Ecole Italienne, XVIe siècle: SAINTE CLAIRE agenouillee. Un ostensoir dans la main gauche. Bois (1. 0.67; h. 1.22).","- 611 - Ecole Italienne, XVIe siècle: SAINTE CLAIRE agenouillee. Un ostensoir dans la main gauche. Bois (1. 0.67; h. 1.22).",documents/BO0624_4840
622,612,"- Ecole Italienne, XVe siècle: OUATRE FIGURES de SAINTS.","- 612 - Ecole Italienne, XVe siècle: OUATRE FIGURES de SAINTS.
- Peinture à la détrempe sur bois (1. 0.48; h. 0.79).",documents/BO0624_4840
623,613,"- Ecole Italienne, XVIe siècle: DEUx FIGURES de SAINTS Peinture a la détrempe, fond en or (l. 0.40; h. 0.73 ; v. ill., p. 57 ).","- 613 - Ecole Italienne, XVIe siècle: DEUx FIGURES de SAINTS Peinture a la détrempe, fond en or (l. 0.40; h. 0.73 ; v. ill., p. 57 ).",documents/BO0624_4840
624,614,"- Ecole Italienne, XVe siècle: SAINT AUGUSTE évêque.","- 614 - Ecole Italienne, XVe siècle: SAINT AUGUSTE évêque.

Assis sur le trône avec mitre et crosse, tenant un livre ouvert sur les genoux: à gauche, saint koc; a droite, saint Sébastien: au pied du trône, un petit chien. Bois; cadre en bois doré (1. 0.64 :",documents/BO0624_4840
625,615,"- Ecole Italienne: La VIERGE et l'ENFANT, dans les nuages; sur le sol, QUATRE SAINTS agenouillés. <!-- image -->","- 615 - Ecole Italienne: La VIERGE et l'ENFANT, dans les nuages; sur le sol, QUATRE SAINTS agenouillés.

cadre en style arehitectonique en bois sculpté et doré. Bois (1. 0.20 : h. 0.29). 613

<!-- image -->",documents/BO0624_4840
626,616,"- Ecole Byzantine, AVe siècle: La VIERGE et l' ENFANT.","- 616 - Ecole Byzantine, AVe siècle: La VIERGE et l' ENFANT.

Bois; à la détrempe, fond or; cadre en bois sculpté et doré (1. 0.28 ; h. 0.34).",documents/BO0624_4840
627,61,"/ - Innocenzo Francucci da Imola, dit Innocenzo d'Imola, 1480 P- 1550P: CoNVERSATION SACRÉE.","- 61/ - Innocenzo Francucci da Imola, dit Innocenzo d'Imola, 1480 P- 1550P: CoNVERSATION SACRÉE.

La Vierge tient délicatement, debout sur ses genoux, l' Enfant-Jésus, qui s'adresse, d'un air amoureux, a saint Jean bapuste gardant dans sa droite un chardonneret. Aux côtes et derrière la Vierge. saint Joseph, saint sebastien, sainte Elisabeth et saint Zacharie. Œuvre très remarquable, sur bois. Cadre verni et doré (I. 0.72; h. 0.85; v. ill., XXVIe pl.).

Les trois Apotres endormis. Fond a paysage avec judas qui s'avance suivi par les soldats. Bois;",documents/BO0624_4840
628,618,"- Ecole Italienne, XVIe siècle: JÉsus à GETSEMANI. cadre en bois sculpté et doré (L. 1.05; h. 1.21).","- 618 - Ecole Italienne, XVIe siècle: JÉsus à GETSEMANI. cadre en bois sculpté et doré (L. 1.05; h. 1.21).

Aux pieds de la croix la Vierge avec les Maries. Fond à paysage. Bois; cadre en bois sculpté",documents/BO0624_4840
629,619,"- Ecole Italienne, XVIIe siècle: LA DESCENTE de la CroIx. et dore 1. 0.74: h. 0.94).","- 619 - Ecole Italienne, XVIIe siècle: LA DESCENTE de la CroIx. et dore 1. 0.74: h. 0.94).",documents/BO0624_4840
630,620,"- Ecole Italienne, XVe siècle: La VIERGE et l'ENFANT.","- 620 - Ecole Italienne, XVe siècle: La VIERGE et l'ENFANT.

La Vierge en adoration de l'Enfant-Jésus, assis sur une base de pierre. L'Enfant tient dans la main droite une hirondelle et prend avec la gauche le bout du voile de la Vierge. Têtes avec les aureoles en or. bois; cadre en bois noir, avec ornements en or (I. 0.55; h. 0.71).

<!-- image -->
<!-- image -->",documents/BO0624_4840
631,621,"- École Italienne, XVIe siècle: La VIERGE, l'ENFANT et DEUX SAINTS.","- 621 - École Italienne, XVIe siècle: La VIERGE, l'ENFANT et DEUX SAINTS.

La Vierge sur le trône nourrit l'Enfant-Jésus. A gauche sainte Agathe et à droite saint Jean Fond à paysage. Bois; cadre en bois sculpté et doré (1.0.82 ; h. 0.65).",documents/BO0624_4840
632,622,"- École Italienne, XVIe siècle: La VIERGE et l'ENFANT.","- 622 - École Italienne, XVIe siècle: La VIERGE et l'ENFANT.

Fond à paysage. Bois; cadre en bois doré 1. 0.40, n. 0.00)-

## DENTELLES",documents/BO0624_4840
633,623,- Point de VENISE (long. 3.00; larg. 0.07).,- 623 - Point de VENISE (long. 3.00; larg. 0.07).,documents/BO0624_4840
634,624,- PoInT de BurANo; cinq pièces (long. 8.90; larg. de 0.04 à 0.05).,- 624 - PoInT de BurANo; cinq pièces (long. 8.90; larg. de 0.04 à 0.05).,documents/BO0624_4840
635,625,- Bordure en toile brodée en soie café; ornements à paons (long. 3.00; larg. 0.30).,- 625 - Bordure en toile brodée en soie café; ornements à paons (long. 3.00; larg. 0.30).,documents/BO0624_4840
636,626,- PeTITE NAPpE en toile brodée à figures en soie vieil or.,- 626 - PeTITE NAPpE en toile brodée à figures en soie vieil or.,documents/BO0624_4840
637,627,- CARRÉ en toile avec coins à POINT d'ESPAGNE.,- 627 - CARRÉ en toile avec coins à POINT d'ESPAGNE.,documents/BO0624_4840
638,628,- PETITE NAPPE en toile brodée en soie café.,- 628 - PETITE NAPPE en toile brodée en soie café.,documents/BO0624_4840
639,629,"- PETITE NAPPe en toile brodée en soie polychrome, point chainette.","- 629 - PETITE NAPPe en toile brodée en soie polychrome, point chainette.",documents/BO0624_4840
640,630,"- PETITE NAPpE en toile brodée en soie rose, figurée.","- 630 - PETITE NAPpE en toile brodée en soie rose, figurée.",documents/BO0624_4840
641,631,- NAPpe avec entredeux et bord fil-tiré.,- 631 - NAPpe avec entredeux et bord fil-tiré.,documents/BO0624_4840
642,632,- PETITE NAPpe en toile brodée avec frange en soie rouge.,- 632 - PETITE NAPpe en toile brodée avec frange en soie rouge.,documents/BO0624_4840
643,633,- NAPpe en toile avec entredeux et frange.,- 633 - NAPpe en toile avec entredeux et frange.,documents/BO0624_4840
644,634,- RICHE BoRDURE en toile brodée à figures sur étamine (long. 3.80; larg. 0.46).,- 634 - RICHE BoRDURE en toile brodée à figures sur étamine (long. 3.80; larg. 0.46).,documents/BO0624_4840
645,635,"- NAppE en toile avec entredeux, fil-tiré à jour, et petite frange alentour; monogramme B, brodé avec couronne de comte (long. 1.20; larg. 1.00).","- 635 - NAppE en toile avec entredeux, fil-tiré à jour, et petite frange alentour; monogramme B, brodé avec couronne de comte (long. 1.20; larg. 1.00).",documents/BO0624_4840
646,636,"- ENTREDEUX, POINT d'ESPAGNE (long. 4.23; larg. 0.07).","- 636 - ENTREDEUX, POINT d'ESPAGNE (long. 4.23; larg. 0.07).",documents/BO0624_4840
647,637,"- NAppe en toile, fil-tiré. Bordure aux quatre côtés avec de petits festons.","- 637 - NAppe en toile, fil-tiré. Bordure aux quatre côtés avec de petits festons.",documents/BO0624_4840
648,638,"- BRODERIE en toile, appliquée sur soie jaune (long. 1.85; larg. 0.18).","- 638 - BRODERIE en toile, appliquée sur soie jaune (long. 1.85; larg. 0.18).",documents/BO0624_4840
649,639,"- DENTELLE à fuseaux, style Byzantin (long. 3.20; larg. 0.12).","- 639 - DENTELLE à fuseaux, style Byzantin (long. 3.20; larg. 0.12).",documents/BO0624_4840
650,640,- PoINT de BURANO (long. 9.20; larg. 0.09).,- 640 - PoINT de BURANO (long. 9.20; larg. 0.09).,documents/BO0624_4840
651,641,"- GUIPURE de VENISE, plat (long. 4.55 ; larg. 0.21).","- 641 - GUIPURE de VENISE, plat (long. 4.55 ; larg. 0.21).",documents/BO0624_4840
652,642,"- DENTELLE à fuseaux, style byzantin figuré (long. 3.55 ; larg. 0.10).","- 642 - DENTELLE à fuseaux, style byzantin figuré (long. 3.55 ; larg. 0.10).",documents/BO0624_4840
653,643,"- VOLANT, POINT de MILAN (long. 4.00; larg. 0.47).","- 643 - VOLANT, POINT de MILAN (long. 4.00; larg. 0.47).",documents/BO0624_4840
654,644,"- VoLANT, PoINT de FLANDRE (long. 3.40 ; larg. 0.60).","- 644 - VoLANT, PoINT de FLANDRE (long. 3.40 ; larg. 0.60).

<!-- image -->
## MEUBLES",documents/BO0624_4840
655,645,"- TABLE de NUIT en noyer marqueté en erable, a figures et ornements: par Magiolino","- 645 - TABLE de NUIT en noyer marqueté en erable, a figures et ornements: par Magiolino",documents/BO0624_4840
656,646,"- ECRITOIRE pour dame, en nover d' Inde et bois de rose marqueté a échiquier. Plan dénoué recouvert à l'intérieur en velour vert, abritant deux petites portes à divisions","- 646 - ECRITOIRE pour dame, en nover d' Inde et bois de rose marqueté a échiquier. Plan dénoué recouvert à l'intérieur en velour vert, abritant deux petites portes à divisions",documents/BO0624_4840
657,647,"- CoMMoDE en noyer d'Inde et bois de rose marquete en erable; trois tons, garnitures en bronze. Médaillons sur le plan et sur les tirons (l. 1.2); h. 0.90; P. 0.00).","- 647 - CoMMoDE en noyer d'Inde et bois de rose marquete en erable; trois tons, garnitures en bronze. Médaillons sur le plan et sur les tirons (l. 1.2); h. 0.90; P. 0.00).",documents/BO0624_4840
658,648,"- TABLE florentine à deux pieds, avec croisillons en noyer.","- 648 - TABLE florentine à deux pieds, avec croisillons en noyer.",documents/BO0624_4840
659,649,- DEUX PETITES VITRINES en bois noir; côtés et plan supérieur en verre (1. 0.59; h. 0.63 ; p. 0.42).,- 649 - DEUX PETITES VITRINES en bois noir; côtés et plan supérieur en verre (1. 0.59; h. 0.63 ; p. 0.42).,documents/BO0624_4840
660,650,"- ÉpINeTTE en coprès marqueté, avec clavier à quatre octaves en ébène et ivoire (1. 0.50; long. 1.55).","- 650 - ÉpINeTTE en coprès marqueté, avec clavier à quatre octaves en ébène et ivoire (1. 0.50; long. 1.55).",documents/BO0624_4840
661,651,- PETITE TRICOTEUSE en bois de rose; ornements en bronze dore; plan mobile avec médaillon marqueté en bois; tiroir à divisions interieures,- 651 - PETITE TRICOTEUSE en bois de rose; ornements en bronze dore; plan mobile avec médaillon marqueté en bois; tiroir à divisions interieures,documents/BO0624_4840
662,652,"- TABLE-VITRINE en nover marqueté à la "" Certosina „; plan mobile en cristal.","- 652 - TABLE-VITRINE en nover marqueté à la "" Certosina „; plan mobile en cristal.

<!-- image -->",documents/BO0624_4840
663,653,"- BuREAU en noyer; bordure à grecque en bois divers, plan à coulisse, abritant plusieurs compartiments (1. 0.93; h. 0.84 ; p. 0.63).","- 653 - BuREAU en noyer; bordure à grecque en bois divers, plan à coulisse, abritant plusieurs compartiments (1. 0.93; h. 0.84 ; p. 0.63).",documents/BO0624_4840
664,654,- Tabouret circulaire.,- 654 - Tabouret circulaire.,documents/BO0624_4840
665,655,"- TabLe circulaire en noyer avec marqueterie, époque Empire (diam. 0.81; h. 0.80).","- 655 - TabLe circulaire en noyer avec marqueterie, époque Empire (diam. 0.81; h. 0.80).",documents/BO0624_4840
666,656,"- AuTeL architectonique, à quatre colonnes à cannelures, et belle corniche, en bois","- 656 - AuTeL architectonique, à quatre colonnes à cannelures, et belle corniche, en bois
- verni blanc avec ornements et chapiteaux sculptés et dorés. Le pallium, en style Louis XV, est enrichi d'ornements finement sculptés et dorés. Au centre, monogramme surmonté de la couronne royale (1. 2.20; h. 3.65; v. ill., XXIII* pl.).",documents/BO0624_4840
667,657,- TABERNacLE en bois sculpté et doré.,- 657 - TABERNacLE en bois sculpté et doré.,documents/BO0624_4840
668,658,"- GRAND BUFFeT à deux corps, en noyer; deux petites portes au corps inférieur; tiroirs à la partie centrale, et deux portes au corps supérieur (1. 1.80; h. 3.10; p. 0.60).","- 658 - GRAND BUFFeT à deux corps, en noyer; deux petites portes au corps inférieur; tiroirs à la partie centrale, et deux portes au corps supérieur (1. 1.80; h. 3.10; p. 0.60).",documents/BO0624_4840
669,659,"- TABLE d'AUTEL en bois richement sculpté et doré; anges, chérubins, fleurs et feuillages (I. 2.25; h. 1.00; p. 0.90; v. ill., p. 53).","- 659 - TABLE d'AUTEL en bois richement sculpté et doré; anges, chérubins, fleurs et feuillages (I. 2.25; h. 1.00; p. 0.90; v. ill., p. 53).

<!-- image -->
<!-- image -->
<!-- image -->

## FAÏENCES ET PORCELAINES",documents/BO0624_4840
670,660,"- Lodi: PETITE CUVETTE ovale en faïence, dentelée et décorée à fleurs polychromes.","- 660 - Lodi: PETITE CUVETTE ovale en faïence, dentelée et décorée à fleurs polychromes.",documents/BO0624_4840
671,661,"- Strasbourg: CUvETTE à barbe, en faïence, décorée (m. de f. 1. Hannong).","- 661 - Strasbourg: CUvETTE à barbe, en faïence, décorée (m. de f. 1. Hannong).",documents/BO0624_4840
672,662,"- Savona: PAIRE de Vases en faience, avec anses en forme de serpent, décor bleu.","- 662 - Savona: PAIRE de Vases en faience, avec anses en forme de serpent, décor bleu.",documents/BO0624_4840
673,663,"- Savona: Six PETITS Pors en faïence, de pharmacie, décorés en bleu.","- 663 - Savona: Six PETITS Pors en faïence, de pharmacie, décorés en bleu.",documents/BO0624_4840
674,664,"- Moustiers: DEUx PeTITS PoTs en faïence, décorés en jaune (r.).","- 664 - Moustiers: DEUx PeTITS PoTs en faïence, décorés en jaune (r.).",documents/BO0624_4840
675,665,"- Moustiers: SOUPIÈRE couverte, en faïence, avec mascarons et pomme (craquelée).","- 665 - Moustiers: SOUPIÈRE couverte, en faïence, avec mascarons et pomme (craquelée).",documents/BO0624_4840
676,666,"- Abruzzi: PETIT PLAT en faïence, creux au milieu, décoré à fleurs et insectes.","- 666 - Abruzzi: PETIT PLAT en faïence, creux au milieu, décoré à fleurs et insectes.",documents/BO0624_4840
677,667,"- Moustiers : CAFETIÈRE en faïence, décorée en rouge et en bleu (m. de f.).","- 667 - Moustiers : CAFETIÈRE en faïence, décorée en rouge et en bleu (m. de f.).",documents/BO0624_4840
678,668,"- Milano: QUINZE PLATS et TROIS SOUPIÈRES en faïence, décor japonnais en rouge, bleu et or (quelques réparations).","- 668 - Milano: QUINZE PLATS et TROIS SOUPIÈRES en faïence, décor japonnais en rouge, bleu et or (quelques réparations).",documents/BO0624_4840
679,669,"- Venezia: PLAT en porcelaine, dentelé, décoré en or (m. de f.).","- 669 - Venezia: PLAT en porcelaine, dentelé, décoré en or (m. de f.).",documents/BO0624_4840
680,670,"- Venezia: PLAT en porcelaine, décor japonnais (m. de f.).","- 670 - Venezia: PLAT en porcelaine, décor japonnais (m. de f.).",documents/BO0624_4840
681,671,"- Chine: DEUx PLATS octogones, en porcelaine, décorés à fleurs polychromes et or.","- 671 - Chine: DEUx PLATS octogones, en porcelaine, décorés à fleurs polychromes et or.",documents/BO0624_4840
682,672,"- Vicenza: GROUPE de DEUX FIGURES AVEC CHIEN en faïence blanche (v. ill., XX/° pl.).","- 672 - Vicenza: GROUPE de DEUX FIGURES AVEC CHIEN en faïence blanche (v. ill., XX/° pl.).",documents/BO0624_4840
683,673,"- Vienne : SEPT PETITS PLATS, avec porte-tasse, en porcelaine, décor pol. et or.","- 673 - Vienne : SEPT PETITS PLATS, avec porte-tasse, en porcelaine, décor pol. et or.",documents/BO0624_4840
684,674,"- Vienne : TRoIs SOUS-TASSES, avec porte-tasse, en porcelaine, décorées à fleurs.","- 674 - Vienne : TRoIs SOUS-TASSES, avec porte-tasse, en porcelaine, décorées à fleurs.",documents/BO0624_4840
685,675,"- Sèvres: PLAT en porcelaine, décoré en or sur le bord, fond bleu; au centre, figure d'une dame assise dans un tauteuil.","- 675 - Sèvres: PLAT en porcelaine, décoré en or sur le bord, fond bleu; au centre, figure d'une dame assise dans un tauteuil.",documents/BO0624_4840
686,676,"- Vienne: TROIS PLATS en porcelaine, bord dentelé, décorés à fleurs polychromes.","- 676 - Vienne: TROIS PLATS en porcelaine, bord dentelé, décorés à fleurs polychromes.",documents/BO0624_4840
687,677,- Venezia: QUATRE,"- 677 - Venezia: QUATRE
- CAFETIÈREs en porcelaine, de formes difiérentes.",documents/BO0624_4840
688,678,"- Vienne: TROIS CAFETIÈRES en porcelaine, décorées en vert et or.","- 678 - Vienne: TROIS CAFETIÈRES en porcelaine, décorées en vert et or.",documents/BO0624_4840
689,679,- France: PAIRE de,"- 679 - France: PAIRE de
- CoMPoTIERs en porcelaine blanche décorée en or, style et époque Empire.",documents/BO0624_4840
690,680,- Hispano= Mauresques : DEUX PETITS,"- 680 - Hispano= Mauresques : DEUX PETITS
- PLATs en faïence (r.).

<!-- image -->",documents/BO0624_4840
691,681,- Hispano=Mauresques : PLAT CREUx en faience; au centre aigle à deux têtes.,- 681 - Hispano=Mauresques : PLAT CREUx en faience; au centre aigle à deux têtes.,documents/BO0624_4840
692,682,- Hispano=Mauresques: DEUx PLATS en faïence sur pied (un r.).,- 682 - Hispano=Mauresques: DEUx PLATS en faïence sur pied (un r.).,documents/BO0624_4840
693,683,- Hispano=Mauresques : PLAT en faience décoré (r.).,"- 683 - Hispano=Mauresques : PLAT en faience décoré (r.).

## OBJETS DIVERS: IVOIRES",documents/BO0624_4840
694,684,- MorTIER avec pilon; petit Amour et ornements à relief.,- 684 - MorTIER avec pilon; petit Amour et ornements à relief.,documents/BO0624_4840
695,685,"- MoRTIER avec haut-relief, le Triomphe de Bacchus.","- 685 - MoRTIER avec haut-relief, le Triomphe de Bacchus.",documents/BO0624_4840
696,686,- CRuciFIx avec croix et riche base architectonique en bois noir.,- 686 - CRuciFIx avec croix et riche base architectonique en bois noir.,documents/BO0624_4840
697,687,"- DeNT d'HIPPOPOTAME, avec gravures à sujets divers.","- 687 - DeNT d'HIPPOPOTAME, avec gravures à sujets divers.",documents/BO0624_4840
698,688,- CoUpE couverte; paysage en reliet tout autour à la coupe.,- 688 - CoUpE couverte; paysage en reliet tout autour à la coupe.,documents/BO0624_4840
699,689,- GROUPE de sIx FIGURES représentant la Crèche; étui rectangulaire en bois noir à vitre.,- 689 - GROUPE de sIx FIGURES représentant la Crèche; étui rectangulaire en bois noir à vitre.,documents/BO0624_4840
700,690,"- PeTITE PLAQUE, Vierge sur le trône avec l'Enfant et des saints. Cadre architectonique en ébène.","- 690 - PeTITE PLAQUE, Vierge sur le trône avec l'Enfant et des saints. Cadre architectonique en ébène.",documents/BO0624_4840
701,691,"- GROUPE de TROIs FIGURES: Foi, Espoir, Charité; contourné de très fines guirlandes de fleurs et surmonté d'une couronne et de festons de fleurs. Dans la partie inférieure, une targe avec inscription et deux anges assis qui jouent de la trompette. Ouvrage très estimable du Tanadey de Turin. Cadre en bois.","- 691 - GROUPE de TROIs FIGURES: Foi, Espoir, Charité; contourné de très fines guirlandes de fleurs et surmonté d'une couronne et de festons de fleurs. Dans la partie inférieure, une targe avec inscription et deux anges assis qui jouent de la trompette. Ouvrage très estimable du Tanadey de Turin. Cadre en bois.",documents/BO0624_4840
702,693,<!-- image -->,"693

<!-- image -->",documents/BO0624_4840
703,718,<!-- image -->,"718

<!-- image -->",documents/BO0624_4840
704,692,"- BUste d'un empereur romain, sur base en bois noir.","- 692 - BUste d'un empereur romain, sur base en bois noir.",documents/BO0624_4840
705,693,"- HAUT-RELIEF, ornements dorés; l'Adoration des Mages; plusieurs figures de belle","- 693 - HAUT-RELIEF, ornements dorés; l'Adoration des Mages; plusieurs figures de belle
- composition. Cadre en bois noir (I. 0.43; h. 0.35; v. ill., p. 62).",documents/BO0624_4840
706,694,"- PETIT GROUPE, la Vierge et l'Enfant; couronnes en argent.","- 694 - PETIT GROUPE, la Vierge et l'Enfant; couronnes en argent.",documents/BO0624_4840
707,695,"- STATUETTE, la Vierge. Base en bois noir.","- 695 - STATUETTE, la Vierge. Base en bois noir.",documents/BO0624_4840
708,696,"- STATUETTE, la Vierge et l' Enfant. Base en bois.","- 696 - STATUETTE, la Vierge et l' Enfant. Base en bois.",documents/BO0624_4840
709,697,"- HAUT-RELIEF, la Vierge adorant l'Enfant entre les nuages.","- 697 - HAUT-RELIEF, la Vierge adorant l'Enfant entre les nuages.",documents/BO0624_4840
710,698,"- GROUPE, la Vierge avec l'Enfant dans les nuages; deux Saints agenouillés. Base triangulaire en bois noir.","- 698 - GROUPE, la Vierge avec l'Enfant dans les nuages; deux Saints agenouillés. Base triangulaire en bois noir.",documents/BO0624_4840
711,699,"- BAS-RELIEF, groupe de petits Amours avec chien et colombes Ouvrage du Tanadey de Turin.","- 699 - BAS-RELIEF, groupe de petits Amours avec chien et colombes Ouvrage du Tanadey de Turin.",documents/BO0624_4840
712,700,- VAsE avec FLEURS. Ouvrage du Tanadey de Turin.,"- 700 - VAsE avec FLEURS. Ouvrage du Tanadey de Turin.

<!-- image -->",documents/BO0624_4840
713,701,"701 - STATUETTE, Jésus parmi les Docteurs. Ouvrage français du XVe siècle.","701 - STATUETTE, Jésus parmi les Docteurs. Ouvrage français du XVe siècle.",documents/BO0624_4840
714,702,- DENT d'ÉLÉPHANT entortillé. Base en bois sculpté.,- 702 - DENT d'ÉLÉPHANT entortillé. Base en bois sculpté.,documents/BO0624_4840
715,703,"- DENT d'ÉLÉPHANT, avec base à forme de chapiteau, en bois sculpté (v. ill., p. 62).","- 703 - DENT d'ÉLÉPHANT, avec base à forme de chapiteau, en bois sculpté (v. ill., p. 62).

## ARGENTERIE ET BIJOUX",documents/BO0624_4840
716,704,"- BOUcLES d'OREILLEs d'or, avec grenats et diamants.","- 704 - BOUcLES d'OREILLEs d'or, avec grenats et diamants.",documents/BO0624_4840
717,705,"- BOUcLES d'OREILLEs d'or, avec de petites perles.","- 705 - BOUcLES d'OREILLEs d'or, avec de petites perles.",documents/BO0624_4840
718,706,"- CRoix vénitienne d'or avec perles (v. ill., p. 63).","- 706 - CRoix vénitienne d'or avec perles (v. ill., p. 63).",documents/BO0624_4840
719,707,"- BoNBONNIÈRE d'or émaillé, par Petitot. De forme ronde, présentant sur la partie supérieure la Vierge et l'Enfant-Jésus; au verso, l'Adoration du Sauveur, la Vierge, saint Joseph, deux Anges et une gloire de trois petits Anges offrant des roses; à l'intérieur, sur le couvercle et au creux, deux paysages avec colonnades, groupe d'arbres et de petites figures. Pièce très intéressante par la finesse du dessin, la grâce des attitudes et les couleurs rarement obtenibles à ce degré de force et d'armonie.","- 707 - BoNBONNIÈRE d'or émaillé, par Petitot. De forme ronde, présentant sur la partie supérieure la Vierge et l'Enfant-Jésus; au verso, l'Adoration du Sauveur, la Vierge, saint Joseph, deux Anges et une gloire de trois petits Anges offrant des roses; à l'intérieur, sur le couvercle et au creux, deux paysages avec colonnades, groupe d'arbres et de petites figures. Pièce très intéressante par la finesse du dessin, la grâce des attitudes et les couleurs rarement obtenibles à ce degré de force et d'armonie.
- (diam., 68 mm.; v. ill, XXIV° pl.).",documents/BO0624_4840
720,708,"- ÉPINGLE d'argent, avec de petites perles entourées en strass.","- 708 - ÉPINGLE d'argent, avec de petites perles entourées en strass.",documents/BO0624_4840
721,709,"- BAGUE d'argent, avec marquesette.","- 709 - BAGUE d'argent, avec marquesette.",documents/BO0624_4840
722,710,"- ÉPINGLE d'argent, avec marquesettes.","- 710 - ÉPINGLE d'argent, avec marquesettes.",documents/BO0624_4840
723,711,"- PeTITE CRoIx d'argent, avec marque-","- 711 - PeTITE CRoIx d'argent, avec marque-
- settes.",documents/BO0624_4840
724,712,"- CoLLIER en strass, monté en argent.","- 712 - CoLLIER en strass, monté en argent.",documents/BO0624_4840
725,713,"- CoLLIER à cinq rangées de perles, 16 gr.; fermoir en or émaillé avec le mot: Souvenir.","- 713 - CoLLIER à cinq rangées de perles, 16 gr.; fermoir en or émaillé avec le mot: Souvenir.

<!-- image -->
<!-- image -->",documents/BO0624_4840
726,714,"- COLLIER à cinq rangées de perles, 36 gr.; avec fermoir d'or avec camée.","- 714 - COLLIER à cinq rangées de perles, 36 gr.; avec fermoir d'or avec camée.",documents/BO0624_4840
727,715,- CoLLIER de quatorze rangées de,"- 715 - CoLLIER de quatorze rangées de
- perles, 35 gr.; fermoir en or, argent et strass.

## TABLEAUX",documents/BO0624_4840
728,716,"- Ecole Allemande, XVIe siècle : LE CRUCIFIEMENT.","- 716 - Ecole Allemande, XVIe siècle : LE CRUCIFIEMENT.

Sujet fantastique, bois, fond or. Cadre en bois de style Sansovino (1. 0.73; h. 0.84).",documents/BO0624_4840
729,717,"- École Italienne, XVI° siecle: LA VIERGE, l'ENFANT, SAINT PIERRE et SAINT SIMÉON.","- 717 - École Italienne, XVI° siecle: LA VIERGE, l'ENFANT, SAINT PIERRE et SAINT SIMÉON.

Bois, fond à paysage. Cadre en bois verni (1. 1.92; h. 1.63).",documents/BO0624_4840
730,718,"- École Piémontaise, 1505: LA DESCENTE DE LA CROIX.","- 718 - École Piémontaise, 1505: LA DESCENTE DE LA CROIX.

Le Christ mort est soutenu par la Vierge, saint Jean et les Maries. Dans le fond, deux Saints. Rétable d'autel sur bois, fond or. Cartel de signature, dont on décerne seulement : F.... F... 1505. Cadre (m.) en bois avec ornements à stuc doré (1. 1.56; h. 1.27; v. ill., XXVIIIe pL.).",documents/BO0624_4840
731,719,"- École Italienne, XVIe siècle: LE CHRIST MORT et UN ANGE. La scène est éclairée par une torche. Toile ovale sur bois; cadre en bois doré (I. 0.40 ; h. 0.31).","- 719 - École Italienne, XVIe siècle: LE CHRIST MORT et UN ANGE. La scène est éclairée par une torche. Toile ovale sur bois; cadre en bois doré (I. 0.40 ; h. 0.31).",documents/BO0624_4840
732,720,"- École de Ferrara, XVI° siècle : Jésus à GETHSEMANI, aveC TROIS APôTRES. Bois; cadre en bois sculpté et doré (1. 0.50: h. 0.40).","- 720 - École de Ferrara, XVI° siècle : Jésus à GETHSEMANI, aveC TROIS APôTRES. Bois; cadre en bois sculpté et doré (1. 0.50: h. 0.40).",documents/BO0624_4840
733,721,"- Fra Vittore Ghislandi, dit Frate Galgario, 1655-1733 : Le CUISINIER du COUVENT. Cadre en bois doré (1. 1.35; h. 1.58; v. ill., XXIXe pl.).","- 721 - Fra Vittore Ghislandi, dit Frate Galgario, 1655-1733 : Le CUISINIER du COUVENT. Cadre en bois doré (1. 1.35; h. 1.58; v. ill., XXIXe pl.).",documents/BO0624_4840
734,722,"- École Française, XVII siècle : PORTRAIT d'un COMMANDANT.","- 722 - École Française, XVII siècle : PORTRAIT d'un COMMANDANT.

Demi-figure au naturel en perruque et armure. Cadre en bois doré (1. 0.64; h. 0.81).",documents/BO0624_4840
735,723,"- École Italienne, XVI® siècle: La VIERGE et l'ENFANT.","- 723 - École Italienne, XVI® siècle: La VIERGE et l'ENFANT.

La Sainte Vierge, assise sur une base en marbre, tient sur ses genoux l'Enfant-Jésus qui prend une fleur d'un vase en marbre placé au pied d'un arbre. Fond à paysage avec ville fortifiée. Cadre en bois sculpté et doré (1. 1.52; h. 1.85).",documents/BO0624_4840
736,724,"- Philippe Champaigne, 1602-1674: LA VIERGE et l'ENFANT.","- 724 - Philippe Champaigne, 1602-1674: LA VIERGE et l'ENFANT.

La Vierge, assise avec l'Enfant émailloté, debout sur ses genoux. Cette toile rend à merveille le sentiment ascétique de ce peintre, qui ne peignait pas le dimanche; et rend aussi la fusion délicate et équilibrée de la manière trop dure du Sassoferrato avec celle trop molle C1 00 C1. Palette, dessin et les détails mêmes, comme le petit fond à paysage, valent mieux qu'une signature. Une esquisse à la plume de ce tableau est conservé au Musée de Lille. riche cadre en pois sculpté et doré (I. 0.75; h. 1.02; v. ill., p. 65).",documents/BO0624_4840
737,725,"- Giovanni Paolo Pannini, 16911764: LE LABORATOIRE de l'ALCHIMISTE. Grandiose architecture; plusieurs vases, fioles, cornues, mortiers, l'Alchimiste et ses assistants, etc. Cadre en bois verni (I. 1.04; h. 1.40).","725 - Giovanni Paolo Pannini, 16911764: LE LABORATOIRE de l'ALCHIMISTE. Grandiose architecture; plusieurs vases, fioles, cornues, mortiers, l'Alchimiste et ses assistants, etc. Cadre en bois verni (I. 1.04; h. 1.40).",documents/BO0624_4840
738,726,"- Giovanni Paolo Pannini, 16911764 : ARCADES et RUINES. ntérieur d'un palais; cour, vestibule, colonnes. Tableau pendant au précédent (1. 1.04; h. 1.40","726 - Giovanni Paolo Pannini, 16911764 : ARCADES et RUINES. Intérieur d'un palais; cour, vestibule, colonnes. Tableau pendant au précédent (1. 1.04; h. 1.40",documents/BO0624_4840
739,727,"- Tiziano Vecellio, 1483-1576: SAINT JÉRÔME.","727 - Tiziano Vecellio, 1483-1576: SAINT JÉRÔME.

Buste au naturel. On le dirait une étude pour son grand tableau de Brera. Cadre en bois doré (1. 0.36; h. 0.48; v. ill., p. 64).",documents/BO0624_4840
740,728,"- Giovanni Antonio Licinio da Pordenone, 1484-1540: PoRTRAIT de FEMME (Veronica Franco?). <!-- image -->","728 - Giovanni Antonio Licinio da Pordenone, 1484-1540: PoRTRAIT de FEMME (Veronica Franco?).

Demi-figure assise en habit noir, décolleté, avec lour-ae-cou de pertes, en bas, la tete a un chien. Cadre en bois sculpte et dore (1. 0.57; h. 0.73; v. iU., p. 65). 144

<!-- image -->",documents/BO0624_4840
741,729,"- Jacopo da Ponte, dit le Bassano, 1510-1592 : PORTRAIT d'un COMMANDANT. Buste de guerrier avec cuirasse. Peinture magistrale, d'une énergie, d'une vérité, d'une tonalité","729 - Jacopo da Ponte, dit le Bassano, 1510-1592 : PORTRAIT d'un COMMANDANT. Buste de guerrier avec cuirasse. Peinture magistrale, d'une énergie, d'une vérité, d'une tonalité

extraordinaires, qui rappelle le superbe portrait du Castello Sforzesco de Milan (1. 0.60; h. 0.69).",documents/BO0624_4840
742,730,"- Ecole Hollandaise, XVII° siècle: PLANTES POTAGÈRES et LAPIN","- 730 - Ecole Hollandaise, XVII° siècle: PLANTES POTAGÈRES et LAPIN

Fond à paysage. Cuivre; cadre en bois sculpté (1. 0.36; h. 0.25).

## DENTELLES ET ÉTOFFES",documents/BO0624_4840
743,731,"- GUIPURE de VENISE, plat (long. 3.75; larg. 0.46; v. ill, p. 61).","731 - GUIPURE de VENISE, plat (long. 3.75; larg. 0.46; v. ill, p. 61).",documents/BO0624_4840
744,732,- VoLANT à fuseaux (long. 4.26 ; larg. 0.15).,732 - VoLANT à fuseaux (long. 4.26 ; larg. 0.15).,documents/BO0624_4840
745,733,- PoInT de MILAN; deux pièces (long. 4.00; larg. 0.22).,733 - PoInT de MILAN; deux pièces (long. 4.00; larg. 0.22).,documents/BO0624_4840
746,734,"- COLLET, POINT d'ESPAGNE.","734 - COLLET, POINT d'ESPAGNE.",documents/BO0624_4840
747,735,"- ENTREDEUX, POINT d'ESPAGNE (long. 4.00; larg. 0.04).","735 - ENTREDEUX, POINT d'ESPAGNE (long. 4.00; larg. 0.04).",documents/BO0624_4840
748,736,"- PoINT d'EsPAGNE (long, 2.00 ; larg. 0.14).","736 - PoINT d'EsPAGNE (long, 2.00 ; larg. 0.14).",documents/BO0624_4840
749,737,"- ÉCHANTILLON, POINT de GÊNES, à fleurs, avec aigle à deux têtes surmontée d'une couronne impériale (long. 1.50; larg. 0.09).","737 - ÉCHANTILLON, POINT de GÊNES, à fleurs, avec aigle à deux têtes surmontée d'une couronne impériale (long. 1.50; larg. 0.09).",documents/BO0624_4840
750,738,- GUIPURE à fuseaux (long. 4.05 ; larg. 0.12).,738 - GUIPURE à fuseaux (long. 4.05 ; larg. 0.12).,documents/BO0624_4840
751,739,"- DENTELLE à ruban, fond guipure (long. 4.00; larg. 0.06).","739 - DENTELLE à ruban, fond guipure (long. 4.00; larg. 0.06).
<!-- image -->",documents/BO0624_4840
752,740,- GUIPURE de VENIsE à relief; trois pièces (long. 3.20; larg. 0.05).,- 740 - GUIPURE de VENIsE à relief; trois pièces (long. 3.20; larg. 0.05).,documents/BO0624_4840
753,741,- TROIs MOUCHOIRs de batiste brodé; monogramme M. T. et couronne impériale.,- 741 - TROIs MOUCHOIRs de batiste brodé; monogramme M. T. et couronne impériale.,documents/BO0624_4840
754,742,- PoINT de BURANO (long. 2.35 ; larg. 0.07).,- 742 - PoINT de BURANO (long. 2.35 ; larg. 0.07).,documents/BO0624_4840
755,743,- BERTHE ; guipure POINT d'ESPAGNE (long. 1.20; larg. 0.33).,- 743 - BERTHE ; guipure POINT d'ESPAGNE (long. 1.20; larg. 0.33).,documents/BO0624_4840
756,744,- BoNNeT Vénitien de batiste brode.,- 744 - BoNNeT Vénitien de batiste brode.,documents/BO0624_4840
757,745,- PoINT ARGENTAN (long. 5.70; larg. 0.07).,- 745 - PoINT ARGENTAN (long. 5.70; larg. 0.07).,documents/BO0624_4840
758,746,"- CRAVATE, POINT d'ESPAGNE; deux pièces (long. 1.00; larg. 0.11).","- 746 - CRAVATE, POINT d'ESPAGNE; deux pièces (long. 1.00; larg. 0.11).",documents/BO0624_4840
759,747,"- FICH, POINT de BURANO.","- 747 - FICH, POINT de BURANO.",documents/BO0624_4840
760,748,- MoucHoiR d'enfant. Petite dentelle et quatre glands en fil noué,- 748 - MoucHoiR d'enfant. Petite dentelle et quatre glands en fil noué,documents/BO0624_4840
761,749,"- DEux BARBES, POINT de FLANDRE (long. 1.07 ; larg. 0.12).","- 749 - DEux BARBES, POINT de FLANDRE (long. 1.07 ; larg. 0.12).",documents/BO0624_4840
762,750,"- BoRDUre, PoINT de MILAN (long. 2.75 ; larg. 0.06).","- 750 - BoRDUre, PoINT de MILAN (long. 2.75 ; larg. 0.06).

<!-- image -->

## MEUBLES",documents/BO0624_4840
763,751,"- FRISE en noyer, à grands feuillages sculptés (1. 2.00; h. 0.58).","- 751 - FRISE en noyer, à grands feuillages sculptés (1. 2.00; h. 0.58).",documents/BO0624_4840
764,752,- DEux FRISES en noyer à grands feuillages sculptés (1. 2.00 ; h. 0.58).,- 752 - DEux FRISES en noyer à grands feuillages sculptés (1. 2.00 ; h. 0.58).,documents/BO0624_4840
765,753,- VITRINe en noyer; porte à vitre et cinq plans intérieurs (1. 0.60; h. 1.65; p. 0.08).,- 753 - VITRINe en noyer; porte à vitre et cinq plans intérieurs (1. 0.60; h. 1.65; p. 0.08).,documents/BO0624_4840
766,754,- CHAISE en noyer; siège et dossier en étoffe verte; bossettes et frange jaune.,- 754 - CHAISE en noyer; siège et dossier en étoffe verte; bossettes et frange jaune.,documents/BO0624_4840
767,755,"- CoFFRE-À-BANC en noyer sculpté; écusson au centre du coffre, du dossier et de la cimaise; cariatides de sirènes (v. ill., p. 68).","- 755 - CoFFRE-À-BANC en noyer sculpté; écusson au centre du coffre, du dossier et de la cimaise; cariatides de sirènes (v. ill., p. 68).",documents/BO0624_4840
768,756,"- TABLE-À-ALLONGER en acajou, à huit pieds (long. 1.83; larg. 1.58).","- 756 - TABLE-À-ALLONGER en acajou, à huit pieds (long. 1.83; larg. 1.58).",documents/BO0624_4840
769,757,"- TABLe en noyer d'Inde, à filets en ivoire. Plan richement marquété en ivoire et nacre, à fleurs, feuilles et figures à sujet de chasse (long. 1.22; larg. 0.73 ; v. ill., p. 63).","- 757 - TABLe en noyer d'Inde, à filets en ivoire. Plan richement marquété en ivoire et nacre, à fleurs, feuilles et figures à sujet de chasse (long. 1.22; larg. 0.73 ; v. ill., p. 63).

<!-- image -->
<!-- image -->",documents/BO0624_4840
770,758,"- FAUTEUIL, Empire, en bois verni, sculpté et doré; siège et dossier en soie jaune.","- 758 - FAUTEUIL, Empire, en bois verni, sculpté et doré; siège et dossier en soie jaune.",documents/BO0624_4840
771,759,"- GRANDE VITRINE à deux corps en noyer sculpté, avec deux cariatides. Dans la partie inférieure, un tiroir et deux portes ornées de mascarons et rinceaux découpés à jour, et dans la partie supérieure, porte et côtés à vitre (I. 1.20; h. 2.15 ; p. 0.78)","- 759 - GRANDE VITRINE à deux corps en noyer sculpté, avec deux cariatides. Dans la partie inférieure, un tiroir et deux portes ornées de mascarons et rinceaux découpés à jour, et dans la partie supérieure, porte et côtés à vitre (I. 1.20; h. 2.15 ; p. 0.78)",documents/BO0624_4840
772,760,"- PARAVENT japonnais à quatre volets brodés en soie polychrome (1. 2.40 ; h. 1,70).","- 760 - PARAVENT japonnais à quatre volets brodés en soie polychrome (1. 2.40 ; h. 1,70).",documents/BO0624_4840
773,761,"- TaBLe circulaire en noyer d'Inde et bois de rose à quatre jambes et pieds en bronze avec roulettes. Quatre tiroirs et petites portes mobiles. Plan recouvert en drap vert (v. ill., p. 66).","- 761 - TaBLe circulaire en noyer d'Inde et bois de rose à quatre jambes et pieds en bronze avec roulettes. Quatre tiroirs et petites portes mobiles. Plan recouvert en drap vert (v. ill., p. 66).",documents/BO0624_4840
774,762,"- GRAND COFFRE en noyer, sculpté à mascarons et ornements (v. ill., p. 66).","- 762 - GRAND COFFRE en noyer, sculpté à mascarons et ornements (v. ill., p. 66).",documents/BO0624_4840
775,763,"- DEux GUÉRIDONs en noyer teint, marqueté en nacre (1. 0.56; h. 1.14; p. 0.25).","- 763 - DEux GUÉRIDONs en noyer teint, marqueté en nacre (1. 0.56; h. 1.14; p. 0.25).",documents/BO0624_4840
776,764,"- TABLe en bois noir avec ornements en bronze doré; deux tiroirs; plan recouvert en peau verte avec ornements imprimés et dorés. Aux quatre coins, écusson de la Maison Royale de Savoie; au centre, les initiales d'Amédée de Savoie, surmontées de la couronne royale (1. 1.11 ; h. 0.76; p. 0.66).","- 764 - TABLe en bois noir avec ornements en bronze doré; deux tiroirs; plan recouvert en peau verte avec ornements imprimés et dorés. Aux quatre coins, écusson de la Maison Royale de Savoie; au centre, les initiales d'Amédée de Savoie, surmontées de la couronne royale (1. 1.11 ; h. 0.76; p. 0.66).

<!-- image -->",documents/BO0624_4840
777,765,- CHAISE en noyer sculpté; siège et dossier recouverts en damas vert.,- 765 - CHAISE en noyer sculpté; siège et dossier recouverts en damas vert.,documents/BO0624_4840
778,766,"- QUATRE CHAISEs en bois noir marqueté en ivoire; figures au centre du dossier (v. ill., p. 66).","- 766 - QUATRE CHAISEs en bois noir marqueté en ivoire; figures au centre du dossier (v. ill., p. 66).",documents/BO0624_4840
779,767,"- VITRINE carrée, en noyer; quatre portes aux côtés et deux sur le plan, en cristal. La partie inférieure est divisée d'un plan en cristal (1. 1.09; h. 1.14).","- 767 - VITRINE carrée, en noyer; quatre portes aux côtés et deux sur le plan, en cristal. La partie inférieure est divisée d'un plan en cristal (1. 1.09; h. 1.14).",documents/BO0624_4840
780,768,"- HorLoGE à GAiNE en bois noir marqueté à Boulle; riches ornements en bronze doré. Mouvement Morbier; sonnerie, répétition et reveille-matin (I. 0.48; h. 2.57).","- 768 - HorLoGE à GAiNE en bois noir marqueté à Boulle; riches ornements en bronze doré. Mouvement Morbier; sonnerie, répétition et reveille-matin (I. 0.48; h. 2.57).",documents/BO0624_4840
781,769,"- BUREAU à CROISILLONs en noyer richement sculpté et doré. Dans la partie inférieure, tiroir au centre et six tiroirs des côtés. Dans le plan supérieur, huit tiroirs ; garniture en bronze. Les tiroirs sont décorés à des petits encadrements en bois doré, rentermant des médaillons à figures découpées polychromes; époque Louis XV (1. 1.55 ;","- 769 - BUREAU à CROISILLONs en noyer richement sculpté et doré. Dans la partie inférieure, tiroir au centre et six tiroirs des côtés. Dans le plan supérieur, huit tiroirs ; garniture en bronze. Les tiroirs sont décorés à des petits encadrements en bois doré, rentermant des médaillons à figures découpées polychromes; époque Louis XV (1. 1.55 ;
- h. 1.20 : P. 0.73 ; v. ill., VII° pl.).

<!-- image -->
<!-- image -->

<!-- image -->

<!-- image -->
<!-- image -->

## FAÏENCES ET PORCELAINES",documents/BO0624_4840
782,770,- HispanoMauresques : DEUX PETITs PLATS en faïence; un avec inscription (d.).,- 770 - HispanoMauresques : DEUX PETITs PLATS en faïence; un avec inscription (d.).,documents/BO0624_4840
783,771,- Hispano=Mauresques: BéNITiER en faïence; la Vierge et l'Enfant en relief (r.).,- 771 - Hispano=Mauresques: BéNITiER en faïence; la Vierge et l'Enfant en relief (r.).,documents/BO0624_4840
784,772,"- Milano: SUcRIÈRE ovale en faïence, décorée en or.","- 772 - Milano: SUcRIÈRE ovale en faïence, décorée en or.",documents/BO0624_4840
785,773,"- Milano: QUATRE GRANDS PLATS et DEUX SOUPIÈRES en faïence, décor japonnais à fleurs polychromes (r.).","- 773 - Milano: QUATRE GRANDS PLATS et DEUX SOUPIÈRES en faïence, décor japonnais à fleurs polychromes (r.).",documents/BO0624_4840
786,774,"- Milano: SoUPIÈRE couverte et PLAT en faïence, même décor des précédentes.","- 774 - Milano: SoUPIÈRE couverte et PLAT en faïence, même décor des précédentes.",documents/BO0624_4840
787,775,"- Milano: TRoIS SucRIÈRes en faïence, de formes différentes; décor japonnais.","- 775 - Milano: TRoIS SucRIÈRes en faïence, de formes différentes; décor japonnais.",documents/BO0624_4840
788,776,"- Milano: SIx TASSES à CAFÉ-AU-LAIT, et TROIS à CAFÉ, en faïence; décor en or.","- 776 - Milano: SIx TASSES à CAFÉ-AU-LAIT, et TROIS à CAFÉ, en faïence; décor en or.",documents/BO0624_4840
789,777,"- Milano: CINQ TASSES à CAFÉ en faïence, décorées en or.","- 777 - Milano: CINQ TASSES à CAFÉ en faïence, décorées en or.",documents/BO0624_4840
790,778,"- Milano: DEUX TASSES à CAFÉ en faïence, décorées en rouge et en bleu.","- 778 - Milano: DEUX TASSES à CAFÉ en faïence, décorées en rouge et en bleu.",documents/BO0624_4840
791,779,"- Milano: TROIS TASSES à CAFÉ en faïence, de formes différentes.","- 779 - Milano: TROIS TASSES à CAFÉ en faïence, de formes différentes.",documents/BO0624_4840
792,780,"- Milano: HUIT TASSES à CAFÉ et QUATRE SOUSCOUPES en faïence, décor japonnais en rouge, en bleu et en or.","- 780 - Milano: HUIT TASSES à CAFÉ et QUATRE SOUSCOUPES en faïence, décor japonnais en rouge, en bleu et en or.",documents/BO0624_4840
793,781,"- Saint-Pétersbourg: Vase couvert en porcelaine, décoré à fleurs polychromes et en or (m. de f.).","- 781 - Saint-Pétersbourg: Vase couvert en porcelaine, décoré à fleurs polychromes et en or (m. de f.).",documents/BO0624_4840
794,782,"- Sèvres: QUATRE COMPOTIERS en porcelaine, avec bord et pied découpés à jour, décorés en or et en rouge foncé. (Un sans pied ; v. ill., p. 69).","- 782 - Sèvres: QUATRE COMPOTIERS en porcelaine, avec bord et pied découpés à jour, décorés en or et en rouge foncé. (Un sans pied ; v. ill., p. 69).",documents/BO0624_4840
795,783,"- Sèvres: DEUX VASES à cULoT, à PuNcH, en porcelaine, en trois pièces, sur quatre pieds avec mufles et pattes de lion. Très beau modèle, Empire, décoré en or, avec ornements polychromes (v. ill., p. 69). <!-- image -->","- 783 - Sèvres: DEUX VASES à cULoT, à PuNcH, en porcelaine, en trois pièces, sur quatre pieds avec mufles et pattes de lion. Très beau modèle, Empire, décoré en or, avec ornements polychromes (v. ill., p. 69). 797

<!-- image -->",documents/BO0624_4840
796,784,"- Sèvres: DEux VAsEs couverts, en porcelaine, de forme ovoïde allongée, décorés avec des médaillons à paysage et figures; montés en bronze doré, avec anses à mufles de bélier (v. ill., p. 69).","- 784 - Sèvres: DEux VAsEs couverts, en porcelaine, de forme ovoïde allongée, décorés avec des médaillons à paysage et figures; montés en bronze doré, avec anses à mufles de bélier (v. ill., p. 69).",documents/BO0624_4840
797,785,"- Sèvres: DEUX VAsEs en porcelaine, fond bleu, style classique, avec couvercle; mulles de bélier et festons en relief et dorés; époque Louis XVI (v. ill., p. 69).","- 785 - Sèvres: DEUX VAsEs en porcelaine, fond bleu, style classique, avec couvercle; mulles de bélier et festons en relief et dorés; époque Louis XVI (v. ill., p. 69).",documents/BO0624_4840
798,786,"- Faenza: PLAT CREUx en faïence, décoré à fruits et fleurs polychromes. Cadre en bois doré.","- 786 - Faenza: PLAT CREUx en faïence, décoré à fruits et fleurs polychromes. Cadre en bois doré.",documents/BO0624_4840
799,787,"- Caffagiolo: PLAT CREUX en faïence, avec ornements en jaune, en bleu et en vert; au milieu, un poisson.","- 787 - Caffagiolo: PLAT CREUX en faïence, avec ornements en jaune, en bleu et en vert; au milieu, un poisson.",documents/BO0624_4840
800,788,- Lodi : DEUX GRANDS PLATS en faïence blanche (un f.).,788 - Lodi : DEUX GRANDS PLATS en faïence blanche (un f.).,documents/BO0624_4840
801,789,"- Savona: VAse couvert, en faïence, décoré en bleu et en jaune (m. de f. Siccardi, couvercle r.; v. ill., XXIe pl.).","- 789 - Savona: VAse couvert, en faïence, décoré en bleu et en jaune (m. de f. Siccardi, couvercle r.; v. ill., XXIe pl.).",documents/BO0624_4840
802,790,"- Savona: CINQ GRANDS PLATS, creux au milieu, en faïence blanche.","- 790 - Savona: CINQ GRANDS PLATS, creux au milieu, en faïence blanche.",documents/BO0624_4840
803,791,"- Urbino: DEUx CRUCHEs, formées d'une figure à cheval, en terre vernissée jaune et bleu (v. ill., XXI° pl.).","- 791 - Urbino: DEUx CRUCHEs, formées d'une figure à cheval, en terre vernissée jaune et bleu (v. ill., XXI° pl.).",documents/BO0624_4840
804,792,"- Faenza: PoRTOIR en faïence, à quatre divisions, décoré à fleurs polychromes; couvercle à fleurs en relief (v. ill., XX/° pl.).","- 792 - Faenza: PoRTOIR en faïence, à quatre divisions, décoré à fleurs polychromes; couvercle à fleurs en relief (v. ill., XX/° pl.).",documents/BO0624_4840
805,793,"- Urbino?: STATUETTE en terre cuite à émail polychrome, présentant SAINTE CÉCILE MARTYRE. Bel exemplaire du XVIe siècle, dont un pareil, pas aussi bien conservé, se trouve au Castello Sforzesco de Milan (long. 0.24; v. ill., Ille pl.).","- 793 - Urbino?: STATUETTE en terre cuite à émail polychrome, présentant SAINTE CÉCILE MARTYRE. Bel exemplaire du XVIe siècle, dont un pareil, pas aussi bien conservé, se trouve au Castello Sforzesco de Milan (long. 0.24; v. ill., Ille pl.).

## OBJETS DIVERS",documents/BO0624_4840
806,794,"- PETIT COFFRE en bois noir, avec ornements et planchettes en ivoire figuré et découpé.","- 794 - PETIT COFFRE en bois noir, avec ornements et planchettes en ivoire figuré et découpé.",documents/BO0624_4840
807,795,"- CASSETTE en bois, entièrement recouverte d'ivoire à ornements gravés; garniture en argent (v. ill., p. 66).","- 795 - CASSETTE en bois, entièrement recouverte d'ivoire à ornements gravés; garniture en argent (v. ill., p. 66).",documents/BO0624_4840
808,796,"- CASSETTE en noyer, contournée de petites plaques figurées, en ivoire et à relief.","- 796 - CASSETTE en noyer, contournée de petites plaques figurées, en ivoire et à relief.",documents/BO0624_4840
809,797,"- BUsTE d'HoMme en marbre blanc de Carrara. Grandeur au naturel (v. ill., p. 70).","- 797 - BUsTE d'HoMme en marbre blanc de Carrara. Grandeur au naturel (v. ill., p. 70).",documents/BO0624_4840
810,798,"- BAS-RELIEF en marbre blanc; Bacchantes et Satyre (v. ill., p. 70). <!-- image -->","- 798 - BAS-RELIEF en marbre blanc; Bacchantes et Satyre (v. ill., p. 70). 798

<!-- image -->
<!-- image -->",documents/BO0624_4840
811,799,- BAS-RELIEF en marbre; Hercule avec la peau du lion.,- 799 - BAS-RELIEF en marbre; Hercule avec la peau du lion.,documents/BO0624_4840
812,800,- BUste en marbre blanc; un empereur avec la tête couronnée de laurier. Marbre blanc.,- 800 - BUste en marbre blanc; un empereur avec la tête couronnée de laurier. Marbre blanc.,documents/BO0624_4840
813,801,"- MéDAILLON en marbre blanc; petit Amour dans un paysage. Cadre en marbre gris (v. ill., p. 71).","- 801 - MéDAILLON en marbre blanc; petit Amour dans un paysage. Cadre en marbre gris (v. ill., p. 71).",documents/BO0624_4840
814,802,- BUsTe d' Homme en marbre blanc de Carrara.,- 802 - BUsTe d' Homme en marbre blanc de Carrara.,documents/BO0624_4840
815,803,- BUsTE d' Homme avec base circulaire en biscuit.,- 803 - BUsTE d' Homme avec base circulaire en biscuit.,documents/BO0624_4840
816,804,"- BUsTe en marbre; Le Christ mort. Trois-quarts de figure, sans les bras. Très belle sculpture du XVI siècle (h. 0.50; v. ill., p. 71).","- 804 - BUsTe en marbre; Le Christ mort. Trois-quarts de figure, sans les bras. Très belle sculpture du XVI siècle (h. 0.50; v. ill., p. 71).",documents/BO0624_4840
817,805,"- HAUT-RELIEF en bois, représentant la Madeleine en contemplation aux pieds de la croix; XVe siècle (h. 1.50; v. ill., XXX° pl.).","- 805 - HAUT-RELIEF en bois, représentant la Madeleine en contemplation aux pieds de la croix; XVe siècle (h. 1.50; v. ill., XXX° pl.).",documents/BO0624_4840
818,806,"- HAUt-ReLIeF, représentant la Vierge aux pieds de la croix (h. 1.45 ; v. ill., XXX° pL.).","- 806 - HAUt-ReLIeF, représentant la Vierge aux pieds de la croix (h. 1.45 ; v. ill., XXX° pL.).",documents/BO0624_4840
819,807,"- STATUE en bois, représentant le MARTYRE de SAINT SÉBASTIEN; trois-quarts du naturel. Très belle sculpture du XVe siècle (h. 1.43 ; v. ill., p. 71).","- 807 - STATUE en bois, représentant le MARTYRE de SAINT SÉBASTIEN; trois-quarts du naturel. Très belle sculpture du XVe siècle (h. 1.43 ; v. ill., p. 71).",documents/BO0624_4840
820,808,"- HAUT-RELIEF en bois peint, représentant un Évêque (h. 1.15; v. ill., XXXe pl.).","- 808 - HAUT-RELIEF en bois peint, représentant un Évêque (h. 1.15; v. ill., XXXe pl.).",documents/BO0624_4840
821,809,- COIFFURE hollandaise en perles baroques.,- 809 - COIFFURE hollandaise en perles baroques.,documents/BO0624_4840
822,810,- MÉDaILLON en bois sculpté. Travail du Mont Athos.,- 810 - MÉDaILLON en bois sculpté. Travail du Mont Athos.,documents/BO0624_4840
823,811,"- MoDÈLE de candélabre. Le pied en corne de cerf terminant en quatre pointes sculptées à pattes de cerf; au centre, figure gravée de femme, en costume de chasse, époque Louis XV, avec des animaux sculptés à camaïeu blanc sur","- 811 - MoDÈLE de candélabre. Le pied en corne de cerf terminant en quatre pointes sculptées à pattes de cerf; au centre, figure gravée de femme, en costume de chasse, époque Louis XV, avec des animaux sculptés à camaïeu blanc sur
- le fond gris naturel de la corne. Lumières formées en cire à branches entortillées avec feuillage et grappes de raisin (v. ill., p. 74).",documents/BO0624_4840
824,812,"- LUSTRE en cristal de roche et bronze doré, à six lumières, surmonté d'une couronne en fer doré.","- 812 - LUSTRE en cristal de roche et bronze doré, à six lumières, surmonté d'une couronne en fer doré.",documents/BO0624_4840
825,13,"- STATUE en cuivre avec quelques traces d' ancienne dorure, repré entant MERCURe; les mains, les doigts des pieds, les petites ailes e le caducée, en plomb (h. 1.52; v. ill., p. 74).","- 13 - STATUE en cuivre avec quelques traces d' ancienne dorure, repré entant MERCURe; les mains, les doigts des pieds, les petites ailes e le caducée, en plomb (h. 1.52; v. ill., p. 74).",documents/BO0624_4840
826,814,"- CoUveRT de TABLe en fer et ornements en métal argenté, dans sa gaine.","- 814 - CoUveRT de TABLe en fer et ornements en métal argenté, dans sa gaine.",documents/BO0624_4840
827,815,- POIGNARD avec poignée et gaîne en cuir et en argent; lame brisée.,- 815 - POIGNARD avec poignée et gaîne en cuir et en argent; lame brisée.,documents/BO0624_4840
828,816,"- ÉVENTAIL, les montants en nacre ajouré à figures de petits Amours et à festons; médaillon au centre, à sujet galant; ornements dorés. Les feuilles en parchemin, représentant, d'un côté, une fête champêtre en costume Louis XV. Très fine miniature signée: A. Soldé, qui s'est proba-","- 816 - ÉVENTAIL, les montants en nacre ajouré à figures de petits Amours et à festons; médaillon au centre, à sujet galant; ornements dorés. Les feuilles en parchemin, représentant, d'un côté, une fête champêtre en costume Louis XV. Très fine miniature signée: A. Soldé, qui s'est proba-",documents/BO0624_4840
829,801,<!-- image -->,"801

<!-- image -->

<!-- image -->",documents/BO0624_4840
830,807,<!-- image -->,"807

<!-- image -->
<!-- image -->",documents/BO0624_4840
831,825,<!-- image -->,"825

<!-- image -->

blement portraité dans la figure du peintre reproduisant la scène sur son album. Au verso, feuille également signée, à branches de roses encadrant un gracieux groupe de trois petits Amours aux pieds d'une colonne portant le buste de Watteau; hommage du peintre à son maître (v. ill., XIIIc pl.).

## ARGENTERIE ET BIJOUX",documents/BO0624_4840
832,817,- CoLLIER de deux rangées de grenats.,- 817 - CoLLIER de deux rangées de grenats.,documents/BO0624_4840
833,818,"- GRANDE EPINGLe, avec diamants au centre, entourés et avec pendeloque de perles baroques.","- 818 - GRANDE EPINGLe, avec diamants au centre, entourés et avec pendeloque de perles baroques.",documents/BO0624_4840
834,819,"- BAGUE d'or, avec de petites perles.","- 819 - BAGUE d'or, avec de petites perles.",documents/BO0624_4840
835,820,"- BAGue de vermeil, avec deux figures finement ciselées; au centre, petit camée.","- 820 - BAGue de vermeil, avec deux figures finement ciselées; au centre, petit camée.",documents/BO0624_4840
836,821,"- BAGuE d'or, avec tête d'ange.","- 821 - BAGuE d'or, avec tête d'ange.",documents/BO0624_4840
837,822,"- BAGUE-FIGARO d'or, avec vitre bleu entouré de petites perles, et strass au centre.","- 822 - BAGUE-FIGARO d'or, avec vitre bleu entouré de petites perles, et strass au centre.",documents/BO0624_4840
838,823,"- BOUcLES d'OREILLES, en argent et strass.","- 823 - BOUcLES d'OREILLES, en argent et strass.",documents/BO0624_4840
839,824,- ÉPINGLE en argent et strass.,- 824 - ÉPINGLE en argent et strass.,documents/BO0624_4840
840,825,"- MÉDAILLON en strass, monté en argent; au centre, un rébus écrit en or au revers du cristal (v. ill., p. 72).","- 825 - MÉDAILLON en strass, monté en argent; au centre, un rébus écrit en or au revers du cristal (v. ill., p. 72).
<!-- image -->",documents/BO0624_4840
841,826,"- BoUcLEs d'OREILLES, en argent, avec diamants et perles.","- 826 - BoUcLEs d'OREILLES, en argent, avec diamants et perles.",documents/BO0624_4840
842,827,- CRoix vénitienne en or et perles.,- 827 - CRoix vénitienne en or et perles.,documents/BO0624_4840
843,828,"- ÉPINGLE à cheveux, en argent et strass.","- 828 - ÉPINGLE à cheveux, en argent et strass.",documents/BO0624_4840
844,829,"- ÉPINGLE à cheveux, en argent et strass, dans son étui.","- 829 - ÉPINGLE à cheveux, en argent et strass, dans son étui.",documents/BO0624_4840
845,830,"- TABATIÈRE d'or, rnements en or jaune et vert Au centre, le portrait, en minaire s. 1., de la reine Louise de Prusse, bisaïeule de Guillaume II; 140 gr.; étui petits ters.","- 830 - TABATIÈRE d'or, rnements en or jaune et vert Au centre, le portrait, en minaire s. 1., de la reine Louise de Prusse, bisaïeule de Guillaume II; 140 gr.; étui petits ters.

## TABLEAUX",documents/BO0624_4840
846,831,"- École Vénitienne, XVIIIe siècle: PORTRAIT d'un COMMANDANT.","- 831 - École Vénitienne, XVIIIe siècle: PORTRAIT d'un COMMANDANT.

Trois-quarts de tigure au naturel en perruque blanche et uniforme. Cadre en bois doré (I. 0.67;",documents/BO0624_4840
847,832,"- Ecole Française, XVIIIe siècle: PORTRAIT de FEMME. Demi-figure au naturel, avec coiffe, petit châle blanc sur les épaules et collier en corail. Cadre","- 832 - Ecole Française, XVIIIe siècle: PORTRAIT de FEMME. Demi-figure au naturel, avec coiffe, petit châle blanc sur les épaules et collier en corail. Cadre

en bois doré (1. 0.60; h. 0.74).",documents/BO0624_4840
848,833,"- École Italienne, XVIe siècle: LE MARTYRE de SAINT SÉBASTIEN","- 833 - École Italienne, XVIe siècle: LE MARTYRE de SAINT SÉBASTIEN

Au cote du saint, un guerrier en armure et manteau rouge. Fond à paysage. Cadre en bois doré (l. 1.15; h. 1.83).",documents/BO0624_4840
849,834,"- Ecole Italienne, XVIIe siècle: LE MARTYRE d'un SAINT, et DEUX ANGeS. Cadre en bois doré (1. 0.39; h. 0.50).","- 834 - Ecole Italienne, XVIIe siècle: LE MARTYRE d'un SAINT, et DEUX ANGeS. Cadre en bois doré (1. 0.39; h. 0.50).
011

<!-- image -->",documents/BO0624_4840
850,835,"- Gerolamo Romanino, 1501-1566 : TRIPTIQUE.","- 835 - Gerolamo Romanino, 1501-1566 : TRIPTIQUE.

Au milieu, la Sainte Vierge, assise, avec l'Enfant debout sur ses genoux. Au volet gauche, saint Martin; au volet droit, un Eveque ; au dessus, le Père Éternel et deux Anges aux côtés. Rétable d'autel, en riche cadre en noyer sculpté, avec quelques dorures; cariatides de petits enfants et fruits (1. 1.72; h. 1.44; v. ill, XXXle pt.).",documents/BO0624_4840
851,836,"- École Italienne, XVIIe siècle: PORTRAIT d'un PAPE. Buste. Cadre en bois sculpté et doré (1. 0.56; h. 0.73).","- 836 - École Italienne, XVIIe siècle: PORTRAIT d'un PAPE. Buste. Cadre en bois sculpté et doré (1. 0.56; h. 0.73).",documents/BO0624_4840
852,837,"- Ecole Italienne, XVIIe siècle: LA MADELEINE.","- 837 - Ecole Italienne, XVIIe siècle: LA MADELEINE.
- Demi-figure. Cadre en bois sculpté et doré (I. 0.90 ; h. 1.01).",documents/BO0624_4840
853,838,"- École Française, XVIIe S.: PORTRAIT d'un MARÉCHAL Trois-quarts de figure. Cadre en bois scupté et doré (1. 0.84; h. 1.03; v. ill., p. 72).","- 838 - École Française, XVIIe S.: PORTRAIT d'un MARÉCHAL Trois-quarts de figure. Cadre en bois scupté et doré (1. 0.84; h. 1.03; v. ill., p. 72).",documents/BO0624_4840
854,839,"- École Française, XVIIe s.: PORTRAIT d'une PRINCESSE. En riche habillement ; trois-quarts de figure. Cadre en bois sculpté","- 839 - École Française, XVIIe s.: PORTRAIT d'une PRINCESSE. En riche habillement ; trois-quarts de figure. Cadre en bois sculpté
- et doré (1. 0.84 ; h. 1.03; v. ill., p. 73).",documents/BO0624_4840
855,840,"- École Italienne, XVIIe siècle : UN ERMITE. Demi-figure ; cadre en bois doré (1. 0.77; h. 0.92).","- 840 - École Italienne, XVIIe siècle : UN ERMITE. Demi-figure ; cadre en bois doré (1. 0.77; h. 0.92).",documents/BO0624_4840
856,841,"- École Lombarde, XVe siècle: TRIPTIQUE.","- 841 - École Lombarde, XVe siècle: TRIPTIQUE.

bois finement sculpté et doré (1. 1.78; h. 1.41).

su centre, la Vierge protégeant par son manteau plusieurs dévots agenouillés à ses pied: table en train d'écrire. Rétable d'autel peinte à la détrempe sur bois, dans un cadre gothique en",documents/BO0624_4840
857,842,"- École de Albani, XVIIe siècle: L'AMOUR MATERNEL. Femme, au pied d'un arbre, nourissant un enfant qui donne un pomme à deux autres enfants. Cadre en bois sculpté et doré (1. 0.67; h. 0.58).","- 842 - École de Albani, XVIIe siècle: L'AMOUR MATERNEL. Femme, au pied d'un arbre, nourissant un enfant qui donne un pomme à deux autres enfants. Cadre en bois sculpté et doré (1. 0.67; h. 0.58).",documents/BO0624_4840
858,843,"- École Italienne, XVIIIe siècle: DEUX PETITS ENFANTS","- 843 - École Italienne, XVIIIe siècle: DEUX PETITS ENFANTS
- cueillant du raisin. Deux tableaux; cadres en bois sculpté et doré (1. 0.59; h. 0.83).",documents/BO0624_4840
859,844,"- École Italienne, XVIIe siècle: UN DIACRE MARTYR.","- 844 - École Italienne, XVIIe siècle: UN DIACRE MARTYR.
- Figure entière; cadre en bois doré (1. 1.00; h. 1.82).",documents/BO0624_4840
860,845,"- Francesco Solimene, 1657-1747: SUJET ROMAIN.","- 845 - Francesco Solimene, 1657-1747: SUJET ROMAIN.
- Groupe de quatre figures, avec fond à paysage; cadre en bois noir à ornement doré (1.0.77; h. 0.64).",documents/BO0624_4840
861,846,"- École Italienne, XVIIIe siècle: PoRTRAIT d'une jeune","- 846 - École Italienne, XVIIIe siècle: PoRTRAIT d'une jeune
- RÉGNANTE.

En habit décolleté et manteau rouge; cadre en bois doré (1.0.64; h. 0.81).

## DENTELLES ET ÉTOFFES",documents/BO0624_4840
862,847,- PoINt d' EsPAGNE (long: 3.15; larg. 0.10).,847 - PoINt d' EsPAGNE (long: 3.15; larg. 0.10).,documents/BO0624_4840
863,848,- VoILETTE EMPIRE (long. 0.90 ; larg. 0.70). <!-- image -->,"848 - VoILETTE EMPIRE (long. 0.90 ; larg. 0.70). 813

<!-- image -->
<!-- image -->",documents/BO0624_4840
864,849,- PoInT d'ESPAGNE (long: 2.75; larg. 0.09).,- 849 - PoInT d'ESPAGNE (long: 2.75; larg. 0.09).,documents/BO0624_4840
865,850,"- DENTELLE, style byzantin (long. 3.75 ; larg. 0.04).","- 850 - DENTELLE, style byzantin (long. 3.75 ; larg. 0.04).",documents/BO0624_4840
866,851,- PoinT de FLANDRE (long. 3.10 ; larg. 0.06).,- 851 - PoinT de FLANDRE (long. 3.10 ; larg. 0.06).,documents/BO0624_4840
867,852,"- VoLANT, GUIPURE POINT de VENISE en reliet (long. 3.60; larg. 0.50; v. XXXII° pl.).","- 852 - VoLANT, GUIPURE POINT de VENISE en reliet (long. 3.60; larg. 0.50; v. XXXII° pl.).",documents/BO0624_4840
868,853,"- GUIPURE de VeNiSe à relief (long. 2.95; larg. 0,07).","- 853 - GUIPURE de VeNiSe à relief (long. 2.95; larg. 0,07).",documents/BO0624_4840
869,854,"- PoINT ARGENTAN ; dessin à festons; quatre pièces (long. 5.10; larg. 0.10; v. ill., p. 75).","- 854 - PoINT ARGENTAN ; dessin à festons; quatre pièces (long. 5.10; larg. 0.10; v. ill., p. 75).",documents/BO0624_4840
870,855,- POINT d'ANGLETERRE; deux pièces (long. 2.00 : larg. 0.08).,- 855 - POINT d'ANGLETERRE; deux pièces (long. 2.00 : larg. 0.08).,documents/BO0624_4840
871,856,"- BANDE, POINT d'ESPAGNE (long. 3.90).","- 856 - BANDE, POINT d'ESPAGNE (long. 3.90).",documents/BO0624_4840
872,857,- PELUCHE vieil or; cinq pièces (long. 40.00 ; larg. 0.43).,- 857 - PELUCHE vieil or; cinq pièces (long. 40.00 ; larg. 0.43).,documents/BO0624_4840
873,858,- TAPIs de TABLE en damas rouge avec bordure (long. 2.08; larg. 1.27).,- 858 - TAPIs de TABLE en damas rouge avec bordure (long. 2.08; larg. 1.27).,documents/BO0624_4840
874,859,- DEUx PORTIÈRES en velour vert.,- 859 - DEUx PORTIÈRES en velour vert.,documents/BO0624_4840
875,860,"- DEux PIÈCES en broderies rapportées. Au centre, figures de saints.","- 860 - DEux PIÈCES en broderies rapportées. Au centre, figures de saints.",documents/BO0624_4840
876,861,"- TAPIS de TABLE en damas rouge, avec petite frange en soie rouge (long. 3.12 ; larg. 2.10).","- 861 - TAPIS de TABLE en damas rouge, avec petite frange en soie rouge (long. 3.12 ; larg. 2.10).",documents/BO0624_4840
877,862,"- COUVERTURE de LIT en damas rouge, avec volant de trois côtés (3.00 x 3.00).","- 862 - COUVERTURE de LIT en damas rouge, avec volant de trois côtés (3.00 x 3.00).",documents/BO0624_4840
878,863,- GILET GOLDONIEN en brocat d'or.,- 863 - GILET GOLDONIEN en brocat d'or.,documents/BO0624_4840
879,864,"- GILET GoLDoNIEN en étoffe jaune, laminée en or, avec broderies en argent et tales coloriés.","- 864 - GILET GoLDoNIEN en étoffe jaune, laminée en or, avec broderies en argent et tales coloriés.",documents/BO0624_4840
880,865,- CoUveRtURe de Lit en filoselle jaune à fleurs (long. 2.60 ; larg. 2.43).,- 865 - CoUveRtURe de Lit en filoselle jaune à fleurs (long. 2.60 ; larg. 2.43).,documents/BO0624_4840
881,866,"- TAPIs de TABLE en damas rouge, doublé en drap rouge, avec riche bordure et frange vermeille (long. 1.75 ; larg. 1.35). <!-- image -->","- 866 - TAPIs de TABLE en damas rouge, doublé en drap rouge, avec riche bordure et frange vermeille (long. 1.75 ; larg. 1.35). 854

<!-- image -->

## MEUBLES",documents/BO0624_4840
882,867,"- DEUx TABLES-ENCOIGNURES, en racine et bois de rose. Tiroir et trois pieds en bois noir sculpté.","- 867 - DEUx TABLES-ENCOIGNURES, en racine et bois de rose. Tiroir et trois pieds en bois noir sculpté.",documents/BO0624_4840
883,868,- CoFFRET à Bijoux en noyer d'Inde; ornements en bronze doré et gravé. et clei à secret dans le couvercle. Petite cassette intérieure; fond en damas rouge.,- 868 - CoFFRET à Bijoux en noyer d'Inde; ornements en bronze doré et gravé. et clei à secret dans le couvercle. Petite cassette intérieure; fond en damas rouge.,documents/BO0624_4840
884,869,"- DEuX VITRINEs à table en noyer marqueté à la "" Certosina „. Les quatre côtés et le plan en cristal (l. 1.00; h. 0.82 ; p. 0.55).","- 869 - DEuX VITRINEs à table en noyer marqueté à la "" Certosina „. Les quatre côtés et le plan en cristal (l. 1.00; h. 0.82 ; p. 0.55).",documents/BO0624_4840
885,870,- PETITE TABLE en bois noir; quatre pieds tournés et croisière; tiroir.,- 870 - PETITE TABLE en bois noir; quatre pieds tournés et croisière; tiroir.,documents/BO0624_4840
886,871,"- TABLE en noyer teint, à sept pieds entortillés; trois tiroirs (1. 1.33; h. 0.84; p. 0.63).","- 871 - TABLE en noyer teint, à sept pieds entortillés; trois tiroirs (1. 1.33; h. 0.84; p. 0.63).",documents/BO0624_4840
887,872,"- CONSOLE-À-MIROIR, en bois sculpté, verni et doré. Deux pieds à colonne, à la partie postérieure avec miroir. Sur le devant, deux colonnes portées par deux sphinx","- 872 - CONSOLE-À-MIROIR, en bois sculpté, verni et doré. Deux pieds à colonne, à la partie postérieure avec miroir. Sur le devant, deux colonnes portées par deux sphinx
- en bois sculpté, verni et doré. Plan en marbre égyptien.",documents/BO0624_4840
888,873,"- DEux TABLEs de NuIT en racine de noyer, avec équarissages en bois de rose. Deux tiroirs avec manilles en cuivre jaune. Plan en marbre jaune (un d.).","- 873 - DEux TABLEs de NuIT en racine de noyer, avec équarissages en bois de rose. Deux tiroirs avec manilles en cuivre jaune. Plan en marbre jaune (un d.).",documents/BO0624_4840
889,874,- CABINET-SECRÉTAIRE; table en bois noir avec six pieds entortillés et traversins sculptés ; trois tiroirs au plan supérieur; secrétaire en noyer à quatre tiroirs et six équarrisages en écaille à vitres peints à sujets allégoriques. Travaille de Florence,"- 874 - CABINET-SECRÉTAIRE; table en bois noir avec six pieds entortillés et traversins sculptés ; trois tiroirs au plan supérieur; secrétaire en noyer à quatre tiroirs et six équarrisages en écaille à vitres peints à sujets allégoriques. Travaille de Florence
- (1. 1.06 ; h. 1.80 ; p. 0.42).",documents/BO0624_4840
890,875,- PorTE en noyer sculpté à feuillages et ornements (1. 0.92; h. 2.05).,- 875 - PorTE en noyer sculpté à feuillages et ornements (1. 0.92; h. 2.05).,documents/BO0624_4840
891,876,"- CABINeT en bois verni, décoré d'arabesques; quatre tiroirs, deux colonnes et deux petites portes.","- 876 - CABINeT en bois verni, décoré d'arabesques; quatre tiroirs, deux colonnes et deux petites portes.",documents/BO0624_4840
892,7,"- DEUX CONSOLES vénitiennes en bois verni, à cariatides figurées. Plan richeme coré en stuc, à fleurs polychromes et oiseau au cent Fond noir (1. 1.33 ;","- 7 - DEUX CONSOLES vénitiennes en bois verni, à cariatides figurées. Plan richeme coré en stuc, à fleurs polychromes et oiseau au cent Fond noir (1. 1.33 ;
- h. 0.93 ; p. 0.63).",documents/BO0624_4840
893,878,"- CHAMBRE à coUcHer en noyer très richement sculpté à fleurs et feuillages, com-","- 878 - CHAMBRE à coUcHer en noyer très richement sculpté à fleurs et feuillages, com-
- plètement doré en or jaune et vert, composée des pièces suivantes :",documents/BO0624_4840
894,1,GRAND LIT avec quatre colonnes et cimaise à coquille; festons de fleurs et de feuilles (1. 2.00 ; h. 2.00 ; p. 2.35).,1. GRAND LIT avec quatre colonnes et cimaise à coquille; festons de fleurs et de feuilles (1. 2.00 ; h. 2.00 ; p. 2.35).,documents/BO0624_4840
895,3,DEUx TABLes de NuIT à petites colonnes aux côtés. Tiroir et porte abritant deux plans intérieurs (1. 0.60 ; h. 0.90 ; p. 0.50).,"3. DEUx TABLes de NuIT à petites colonnes aux côtés. Tiroir et porte abritant deux plans intérieurs (1. 0.60 ; h. 0.90 ; p. 0.50).
- GRANDES CoMMoDEs à trois tiroirs; deux portes aux côtés et une au centre, abritant quatre tiroirs; plan en marbre jaune (I. 1.71; h. 0.90; p. 0.70).",documents/BO0624_4840
896,4,"ToILETTe à deux portes latérales abritant quatre tiroirs. Plan en marbre jaune. Sous le plan en marbre, grand bassin avec quatre creux; sur la partie intérieure du plan mobile, miroir","4. ToILETTe à deux portes latérales abritant quatre tiroirs. Plan en marbre jaune. Sous le plan en marbre, grand bassin avec quatre creux; sur la partie intérieure du plan mobile, miroir
- h. 0.90 ; p. 0.76).",documents/BO0624_4840
897,5,"BALDAQUIN en trois pièces, sculpté à fleurs et feuillages au centre des trois côtés.","5. BALDAQUIN en trois pièces, sculpté à fleurs et feuillages au centre des trois côtés.

Ouvrage d'ébénisterie très finement et soigneusement exécuté dans tous ses détails même à l'intérieur.",documents/BO0624_4840
898,6,DEUX LAMBREQUINS en bois sculpté et doré.,6. DEUX LAMBREQUINS en bois sculpté et doré.,documents/BO0624_4840
899,7,"COUVERTURE (2.20 x 1.85), CoUSSIN (2.00 x 0.70), Dossier du LIT (1.70 x 0.75), PANNEAU (2.10 x 3.10; v. ill., XXVIIe pl.), BoRDURE du BALDAQUIN (8.00 x 0.55) et DEUX GRANDs RIDEAUX (4.85 x 5.00 chaq.), brodés en chainette de chenille de soie polychrome, à ornements, bouquets de roses et festons de fleurs, sur satin de légère de toute richesse.","7. COUVERTURE (2.20 x 1.85), CoUSSIN (2.00 x 0.70), Dossier du LIT (1.70 x 0.75), PANNEAU (2.10 x 3.10; v. ill., XXVIIe pl.), BoRDURE du BALDAQUIN (8.00 x 0.55) et DEUX GRANDs RIDEAUX (4.85 x 5.00 chaq.), brodés en chainette de chenille de soie polychrome, à ornements, bouquets de roses et festons de fleurs, sur satin de légère de toute richesse.",documents/BO0624_4840
900,879,"- VITRINe à table, en noyer marqueté à la "" Certosina „• Les quatre côtés et le plan","- 879 - VITRINe à table, en noyer marqueté à la "" Certosina „• Les quatre côtés et le plan
- en cristal (I. 1.00 ; h. 0.82; p. 0.55).",documents/BO0624_4840
901,880,"- GRANDE VITRINE en noyer sculpté, avec quatre mascarons. Au corps inférieur porte-abattant. Au corps supérieur, deux portes à vitre et quatre divisions (1. 2.00; h. 2.52 ; p. 0.62).","- 880 - GRANDE VITRINE en noyer sculpté, avec quatre mascarons. Au corps inférieur porte-abattant. Au corps supérieur, deux portes à vitre et quatre divisions (1. 2.00; h. 2.52 ; p. 0.62).
<!-- image -->

## FAIENCES ET PORCELAINES",documents/BO0624_4840
902,881,- HispanoMauresques: DEUx PLATS en faïence; un avec aigle bleu au centre (r.).,- 881 - HispanoMauresques: DEUx PLATS en faïence; un avec aigle bleu au centre (r.).,documents/BO0624_4840
903,882,- Hispano-Mauresques : GRAND PLAT creux; une aigle au centre.,- 882 - Hispano-Mauresques : GRAND PLAT creux; une aigle au centre.,documents/BO0624_4840
904,883,"- Saxe: PETITE VAsQuE en porcelaine, décorée de deux médaillons, bustes.","- 883 - Saxe: PETITE VAsQuE en porcelaine, décorée de deux médaillons, bustes.",documents/BO0624_4840
905,884,"- Saxe: SIx PLATS en porcelaine, de formes et décorations différentes (m. de f.)","- 884 - Saxe: SIx PLATS en porcelaine, de formes et décorations différentes (m. de f.)",documents/BO0624_4840
906,885,"- Vienne: PETIT PLATEAU en porcelaine, avec anses, orné en rouge, en bleu et en or.","- 885 - Vienne: PETIT PLATEAU en porcelaine, avec anses, orné en rouge, en bleu et en or.",documents/BO0624_4840
907,886,"- Meissen: ENcRIER en porcelaine, décoré avec fleurs polychromes et or.","- 886 - Meissen: ENcRIER en porcelaine, décoré avec fleurs polychromes et or.",documents/BO0624_4840
908,887,"- Vienne: DEUX CAFETIÈREs en porcelaine, décorées à feuilles vertes et ruban violet et or (v. iU., XXI° pl.)","- 887 - Vienne: DEUX CAFETIÈREs en porcelaine, décorées à feuilles vertes et ruban violet et or (v. iU., XXI° pl.)",documents/BO0624_4840
909,888,"- Vienne : DEUX CAFETIÈRES en porcelaine, de formes différentes (v. ill., XX/° pL.).","- 888 - Vienne : DEUX CAFETIÈRES en porcelaine, de formes différentes (v. ill., XX/° pL.).",documents/BO0624_4840
910,889,"- Pesaro: PLATEAU en faïence polychrome, de forme ovale, dentelé, avec deux anses","- 889 - Pesaro: PLATEAU en faïence polychrome, de forme ovale, dentelé, avec deux anses
- présentant le corps et la tête de zibeline, à tout relief; tour de quartiers encadrant un grand médaillon de fleurs, avec panier et un chardonneret. Exemplaire superbe du XVIIe siècle (long. 0.51; larg. 0.34; v. ill., XVI° pl.).",documents/BO0624_4840
911,890,- Sèvres: TAsSE couverte et PLAT en porcelaine ; médaillons à fleurs et fond azur.,- 890 - Sèvres: TAsSE couverte et PLAT en porcelaine ; médaillons à fleurs et fond azur.,documents/BO0624_4840
912,891,"- Sèvres: NAveTTE en porcelaine, décor bleu et or; au centre, monogramme M. F. (r.).","- 891 - Sèvres: NAveTTE en porcelaine, décor bleu et or; au centre, monogramme M. F. (r.).",documents/BO0624_4840
913,892,"- Lodi: SERVICE de TABLE en faïence, à décoration polychrome, composé des pièces suivantes: 3 Soupières; 2 Plats ovales à poissons (56 x 31), dont celui figurant un brochet avec citrons, est daté au revers: 1757 (très-rare, on peut dire exemplaire unique); 2 Plats ovales à poissons (43 c. x 25); 43 Plats volants ovales (de 24 c. X 19 jusqu'à 49 c. x 31) ; 4 Plats triangulaires (rares; 25 c. de cha que côté); 8 Compostières ; 19 Assiettes à potage (36 c.); 126 Assiettes (36 c.); 3 Petits plats ovales; 1 Petit plat ; 1 Aiguière ; 1 Cafetière; 1 Sucrière ; 3 Tasses (rares); 2 Soustasses; 4 Saucières; 1 Petit vase; 2 Porte-fleurs - 226 Pièces. En grande partie avec m. de f. — Seulement quelques pièces secondaires endommagées. Service très rare pour son grand nombre de pièces, primé à l' Exposition de l'Art de la Céramique Ancienne, Lodi 1901 (v. ill., XXV° et XXXVI pl.).","- 892 - Lodi: SERVICE de TABLE en faïence, à décoration polychrome, composé des pièces suivantes: 3 Soupières; 2 Plats ovales à poissons (56 x 31), dont celui figurant un brochet avec citrons, est daté au revers: 1757 (très-rare, on peut dire exemplaire unique); 2 Plats ovales à poissons (43 c. x 25); 43 Plats volants ovales (de 24 c. X 19 jusqu'à 49 c. x 31) ; 4 Plats triangulaires (rares; 25 c. de cha que côté); 8 Compostières ; 19 Assiettes à potage (36 c.); 126 Assiettes (36 c.); 3 Petits plats ovales; 1 Petit plat ; 1 Aiguière ; 1 Cafetière; 1 Sucrière ; 3 Tasses (rares); 2 Soustasses; 4 Saucières; 1 Petit vase; 2 Porte-fleurs - 226 Pièces. En grande partie avec m. de f. — Seulement quelques pièces secondaires endommagées. Service très rare pour son grand nombre de pièces, primé à l' Exposition de l'Art de la Céramique Ancienne, Lodi 1901 (v. ill., XXV° et XXXVI pl.).
<!-- image -->",documents/BO0624_4840
914,893,"- Angleterre : SERVICE de TABLE en porcelaine, décoré à roses, composé des pièces suivantes : 2 Soupières ; 18 Plats volants ovales; 10 Plats volants ronds; 6 Assiettes à potage; 8 Petits plats ; 2 Saucières ; 4 Petits plats, hors d'œuvre.","- 893 - Angleterre : SERVICE de TABLE en porcelaine, décoré à roses, composé des pièces suivantes : 2 Soupières ; 18 Plats volants ovales; 10 Plats volants ronds; 6 Assiettes à potage; 8 Petits plats ; 2 Saucières ; 4 Petits plats, hors d'œuvre.",documents/BO0624_4840
915,894,"- Capodimonte : QUATRE TASSES et SOUSCOUPES en porcelaine (imitation Ginori; v. ill., XXI pL.).","- 894 - Capodimonte : QUATRE TASSES et SOUSCOUPES en porcelaine (imitation Ginori; v. ill., XXI pL.).",documents/BO0624_4840
916,895,"- Berlin: GRANDE VASQUE à PUNcH en porcelaine, avec couvercle surmonté d'un enfant qui tient une bouteille et un verre. Très belle pièce, décorée à figures et fleurs polychromes.","- 895 - Berlin: GRANDE VASQUE à PUNcH en porcelaine, avec couvercle surmonté d'un enfant qui tient une bouteille et un verre. Très belle pièce, décorée à figures et fleurs polychromes.",documents/BO0624_4840
917,896,"- Napoli: SERVice en porcelaine pour la célébration de la Sainte Messe, dans son étui, très richement décoré à sujets de la vie du Christ, composé des pièces suivantes: 1 Aiguière et cuvette ovale; 1 Plateau ovale et deux burettes ; 1 Plateau ovale avec anses; 1 Bougie.","- 896 - Napoli: SERVice en porcelaine pour la célébration de la Sainte Messe, dans son étui, très richement décoré à sujets de la vie du Christ, composé des pièces suivantes: 1 Aiguière et cuvette ovale; 1 Plateau ovale et deux burettes ; 1 Plateau ovale avec anses; 1 Bougie.",documents/BO0624_4840
918,897,"- Capodimonte : BAsE en porcelaine blanche; à festons de raisin et feuilles en relief (r.; v. ill., p. 78).","- 897 - Capodimonte : BAsE en porcelaine blanche; à festons de raisin et feuilles en relief (r.; v. ill., p. 78).",documents/BO0624_4840
919,898,"- Venezia: DEUx PLATS ovales en faïence, bord décoré à fleurs et feuilles en relief; au centre, paysage (v. ill., Ille pl.).","- 898 - Venezia: DEUx PLATS ovales en faïence, bord décoré à fleurs et feuilles en relief; au centre, paysage (v. ill., Ille pl.).",documents/BO0624_4840
920,899,"- Venezia: PETITE ÉCUELLE avec anses, en faïence; au centre, un petit enfant (v. ill., Ille pl.).","- 899 - Venezia: PETITE ÉCUELLE avec anses, en faïence; au centre, un petit enfant (v. ill., Ille pl.).",documents/BO0624_4840
921,900,"- Venezia: PETIT PLAT ovale en faience, bord à relief et paysage au centre (v ill., II/° pl.).","- 900 - Venezia: PETIT PLAT ovale en faience, bord à relief et paysage au centre (v ill., II/° pl.).",documents/BO0624_4840
922,901,"- Venezia: PLAT avec porte-œufs, en faïence, décor en relief sur le bord, et paysage au centre (v. ill., Ille pl.).","- 901 - Venezia: PLAT avec porte-œufs, en faïence, décor en relief sur le bord, et paysage au centre (v. ill., Ille pl.).",documents/BO0624_4840
923,902,"- Venezia: GRAND PLAT en faïence; bord à fleurs en relief, paysage et figures au centre (v. ill., II° pl.).","- 902 - Venezia: GRAND PLAT en faïence; bord à fleurs en relief, paysage et figures au centre (v. ill., II° pl.).",documents/BO0624_4840
924,903,"- Venezia: PETIT PLAT en faïence, bord en relief et paysage au centre (v. ill., III° pl.).","- 903 - Venezia: PETIT PLAT en faïence, bord en relief et paysage au centre (v. ill., III° pl.).",documents/BO0624_4840
925,904,"- Sèvres: PETIT VASE en porcelaine, monté en bronze doré (v. ill, XX/ pl).","- 904 - Sèvres: PETIT VASE en porcelaine, monté en bronze doré (v. ill, XX/ pl).

## ARGENTERIE ET BIJOUX",documents/BO0624_4840
926,905,"- TAbaTiÈRE de bronze doré, avec fleurs à reliet sur les côtés, et des "" specchietti „ vénitiens sur le plan; dans son étui.","- 905 - TAbaTiÈRE de bronze doré, avec fleurs à reliet sur les côtés, et des "" specchietti „ vénitiens sur le plan; dans son étui.",documents/BO0624_4840
927,906,"- PETITE MONTRe d'or, avec émail translucide; dans son étui.","- 906 - PETITE MONTRe d'or, avec émail translucide; dans son étui.",documents/BO0624_4840
928,907,"- DEux MoNTREs d'or, avec émails entourés de perles (Genève). Deux chaînettes d'or, médaillon et sept pendeloques différents. Or, 188 grammes.","- 907 - DEux MoNTREs d'or, avec émails entourés de perles (Genève). Deux chaînettes d'or, médaillon et sept pendeloques différents. Or, 188 grammes.
<!-- image -->",documents/BO0624_4840
929,908,"- MoNTRe d'or, avec émail bleu translucide; au centre, ornement à roses de Hollande.","- 908 - MoNTRe d'or, avec émail bleu translucide; au centre, ornement à roses de Hollande.",documents/BO0624_4840
930,909,"- MoNTRE d'or, à répétition.","- 909 - MoNTRE d'or, à répétition.",documents/BO0624_4840
931,910,"- MoNTRe d'or, avec ornements à reliel, petits émaux et roses de Hollande.","- 910 - MoNTRe d'or, avec ornements à reliel, petits émaux et roses de Hollande.",documents/BO0624_4840
932,911,"- CHAINETTE d'or avec quatorze décorations-mignon, en or émaillé; 18 gr. (v. ill., p. 79).","- 911 - CHAINETTE d'or avec quatorze décorations-mignon, en or émaillé; 18 gr. (v. ill., p. 79).",documents/BO0624_4840
933,912,"- BRACELET d'argent, avec deux rangées de strass et une de perles romaines.","- 912 - BRACELET d'argent, avec deux rangées de strass et une de perles romaines.",documents/BO0624_4840
934,913,"- BaGuE d'or de bas-aloi, avec miniature entourée de petits rubis.","- 913 - BaGuE d'or de bas-aloi, avec miniature entourée de petits rubis.",documents/BO0624_4840
935,914,"- BaGue d'or de bas-aloi, entourée de petites perles.","- 914 - BaGue d'or de bas-aloi, entourée de petites perles.",documents/BO0624_4840
936,915,"- BAGuE d'or de bas-aloi, avec la Crèche en ivoire.","- 915 - BAGuE d'or de bas-aloi, avec la Crèche en ivoire.",documents/BO0624_4840
937,916,"- BAGuE d'argent, avec nielle.","- 916 - BAGuE d'argent, avec nielle.",documents/BO0624_4840
938,917,"- BAGuE d'or de bas-aloi, avec vitre ovale","- 917 - BAGuE d'or de bas-aloi, avec vitre ovale
- violet et strass.",documents/BO0624_4840
939,918,"- BAGuE en or et en argent, avec strass.","- 918 - BAGuE en or et en argent, avec strass.",documents/BO0624_4840
940,919,"- BAGuE de filigrane, avec deux figures.","- 919 - BAGuE de filigrane, avec deux figures.",documents/BO0624_4840
941,920,"- BAGuE d'or de bas-aloi, avec camée.","- 920 - BAGuE d'or de bas-aloi, avec camée.",documents/BO0624_4840
942,921,"- CRoix de vermeil, avec diamants.","- 921 - CRoix de vermeil, avec diamants.",documents/BO0624_4840
943,922,"- DIADÈME en strass et fleurs de pierres diverses, monté en argent.","- 922 - DIADÈME en strass et fleurs de pierres diverses, monté en argent.",documents/BO0624_4840
944,923,"- DixHuIT grands BoUToNs et onze petits, en strass, montés en argent.","- 923 - DixHuIT grands BoUToNs et onze petits, en strass, montés en argent.

## TABLEAUX",documents/BO0624_4840
945,924,"- Carlo Ceresa, 1609-1679: PORTRAIT de FEMMe. Cadre en bois sculpté à feuillages et doré (1. 0.60; h. 0.74).","- 924 - Carlo Ceresa, 1609-1679: PORTRAIT de FEMMe. Cadre en bois sculpté à feuillages et doré (1. 0.60; h. 0.74).",documents/BO0624_4840
946,925,"- École de Guido Reni, XVIIe siècle: LA MADELEINE. Demi-figure ; cadre en bois doré (1. 0.58; h. 0.73).","- 925 - École de Guido Reni, XVIIe siècle: LA MADELEINE. Demi-figure ; cadre en bois doré (1. 0.58; h. 0.73).",documents/BO0624_4840
947,926,"- École Toscane (Bertinelli?), XVe siècle : LE MARTYRE d'une SAINTE. Groupe de sept figures; sur bois; cadre en bois doré (1. 0.55 ; h. 0.32).","- 926 - École Toscane (Bertinelli?), XVe siècle : LE MARTYRE d'une SAINTE. Groupe de sept figures; sur bois; cadre en bois doré (1. 0.55 ; h. 0.32).",documents/BO0624_4840
948,927,"- École Toscane (Bertinelli?), XVo siècle: LE MARTYRE d'une VIERGE.","- 927 - École Toscane (Bertinelli?), XVo siècle: LE MARTYRE d'une VIERGE.
- Groupe de quatre figures; sur bois; pendant au précédent.",documents/BO0624_4840
949,928,"- Ecole Italienne, XVIIe siècle: IPATHIA dépouillée de ses joyaux, aux pieds de son lit.","- 928 - Ecole Italienne, XVIIe siècle: IPATHIA dépouillée de ses joyaux, aux pieds de son lit.

Cadre en bois sculpté et doré (l. 1.53; h. 1.96).",documents/BO0624_4840
950,929,"929 - Pietro Berrettini da Cortona, dit Pietro da Cortona, 1596-1669: MOïSE SAUVÉ","929 - Pietro Berrettini da Cortona, dit Pietro da Cortona, 1596-1669: MOïSE SAUVÉ
- DES EAUX. Groupe de trois figures au naturel. Cadre en bois sculpté et doré (I. 1.50; h. 2.00).

<!-- image -->
<!-- image -->",documents/BO0624_4840
951,930,"## 930 - Vincenzo Civerchio, 14. -1535 : LA CRÈCHE.","## 930 - Vincenzo Civerchio, 14. -1535 : LA CRÈCHE.

La Vierge et saint Joseph en adoration de l'Enfant. A gauche, saint Michel et saint François; à droite, deux saints martyrs. Fond à paysage, avec la vue d'une ville, groupe de bergers et brebis. Retable d'autel. sur bois: cadre en bois doré (1. 1.20: h. 1.50).",documents/BO0624_4840
952,931,"## 931 - Ecole Italienne, XVIIe siècle: SUJET HISTORiQUE.","## 931 - Ecole Italienne, XVIIe siècle: SUJET HISTORiQUE.

Riche cadre en bois sculpté à feuillages et fruits, et doré (1. 0.48; h. 0.36).",documents/BO0624_4840
953,932,"## 932 - Pierre Paul Rubens, 1577-1640: PORTRAIT d'une jEUNE FILLE.","## 932 - Pierre Paul Rubens, 1577-1640: PORTRAIT d'une jEUNE FILLE.

Demi-figure; chapeau de paille déchiré, une poule dans les mains. On peut le considérer comme le portrait d'une gentile fillette de Rubens, probablement son ainée à lage de sept ou huit ans. que le peintre et père amoureux a voulu surprendre dans cette pose d'infantile ingénuité charmante, le chapeau de paille déchirée et en pelisse de famille. La salle Rubens au Louvre offre la répétition de ce modele dans une quantité de souriants entants du grand maitre; surtout au N. 2108. Cette toile rappelle aussi le portrait de Susanne Fourment de la National Gallery, N. 852, connue sous la dénomination de "" Chapeau de paille » (bien que le chapeau soit de feutre). Très riche cadre en bois sculpté et doré (1. 0.74; h. 0.55 ; v. ill., p. 80).",documents/BO0624_4840
954,933,"- Ecole Italienne, XVIIe siècle: LE MARTYRE de SAINT SÉBASTIEN.","- 933 - Ecole Italienne, XVIIe siècle: LE MARTYRE de SAINT SÉBASTIEN.
- Un ange ôte une flêche de la poitrine du martyr. Cadre en bois doré (1. 0.73; h. 0.90).",documents/BO0624_4840
955,934,"- Ecole de Bologna, XVIIe siècle: SAINT FRANÇOIS aUX STIGMATES.","- 934 - Ecole de Bologna, XVIIe siècle: SAINT FRANÇOIS aUX STIGMATES.
- Cadre en bois doré (1. 1.12; h. 1.58).",documents/BO0624_4840
956,935,"- École Italienne, XVIIe siècle: LE RECONIRE d'ESTHER avec ASSUÉRUS.","- 935 - École Italienne, XVIIe siècle: LE RECONIRE d'ESTHER avec ASSUÉRUS.
- Cadre en bois sculpté et doré (1. 1.15 ; h. 1.00).",documents/BO0624_4840
957,936,"- École Italienne, XVII* siècle: L'ANGE QUI REND LA VUE À TOBIE. Groupe de quatre figures au naturel. Cadre en bois doré (1. 1.38; h. 0.94).","- 936 - École Italienne, XVII* siècle: L'ANGE QUI REND LA VUE À TOBIE. Groupe de quatre figures au naturel. Cadre en bois doré (1. 1.38; h. 0.94).",documents/BO0624_4840
958,937,"- École Italienne, XVIIe siècle: LE MARTYRE de SAINT ÉTIENNE.","- 937 - École Italienne, XVIIe siècle: LE MARTYRE de SAINT ÉTIENNE.
- Cadre en bois sculpté et doré (1. 1.19; h. 1.55).",documents/BO0624_4840
959,938,"- École Vénitienne, XVIle siècle: REBEcCA au puits. Groupe de diverses figures et animaux. Fond à paysage. Cadre en bois doré (1. 1.56; h. 1.35).","- 938 - École Vénitienne, XVIle siècle: REBEcCA au puits. Groupe de diverses figures et animaux. Fond à paysage. Cadre en bois doré (1. 1.56; h. 1.35).",documents/BO0624_4840
960,939,"- École Italienne, XVIIIe siècle : PORTRAIT de MARIE THÉRÈSE.","- 939 - École Italienne, XVIIIe siècle : PORTRAIT de MARIE THÉRÈSE.
- Trois-quarts de figure. Cadre en bois doré (1. 0.72; h. 0.92).",documents/BO0624_4840
961,940,"- École Italienne, XVIIIe siècle : PORTRAIT de JEUNE FILLE.","- 940 - École Italienne, XVIIIe siècle : PORTRAIT de JEUNE FILLE.
- Buste (1. 0.35 ; h. 0.43).",documents/BO0624_4840
962,941,"- Ecole Italienne, XVIIe siècle: LES NOCES DE CANA (I. 3.02: h. 1.83).","- 941 - Ecole Italienne, XVIIe siècle: LES NOCES DE CANA (I. 3.02: h. 1.83).",documents/BO0624_4840
963,942,"- École Française, XVIIe siècle: LE CARNAGE des INNOCENTS. Cadre en bois doré (1. 1.38; h. 0.95).","- 942 - École Française, XVIIe siècle: LE CARNAGE des INNOCENTS. Cadre en bois doré (1. 1.38; h. 0.95).",documents/BO0624_4840
964,943,"- Jacques Courtois, dit le Bourguignon, 1621-1676 : UNE VICTOIRE des VÉNITIENS","- 943 - Jacques Courtois, dit le Bourguignon, 1621-1676 : UNE VICTOIRE des VÉNITIENS
- sur les TurcS. Cadre en bois verni (I. 1.89; h. 0.95).",documents/BO0624_4840
965,944,"- Ecole Italienne, XVIIe siècle: LA DISPUTE sur l'ÉVANGILE.","- 944 - Ecole Italienne, XVIIe siècle: LA DISPUTE sur l'ÉVANGILE.
- Groupe de six figures; cadre en bois doré (1. 2.00 ; h. 2.30).",documents/BO0624_4840
966,945,"- École Italienne, XVIIIe siècle: PORTRAIT de LÉOPOLD, DUC de PARME.","- 945 - École Italienne, XVIIIe siècle: PORTRAIT de LÉOPOLD, DUC de PARME.",documents/BO0624_4840
967,946,"- Luigi Conconi (Ecole Moderne) : "" INTERMEZZO ""•","- 946 - Luigi Conconi (Ecole Moderne) : "" INTERMEZZO ""•

Groupe de deux figures; un amoureux à ses premières armes. Sujet inspiré par une poésie de Henri Heine, et très gracieusement reproduit d'une hardiesse de palette et de dessin, qui forme la personnalité artistique de ce peintre bizarre, d'une "" genialità » extraordinaire. Cadre en bois sculpté et doré (1. 1.50; h. 3.10).",documents/BO0624_4840
968,947,"- Sebastiano De Albertis, 1828-1897: "" A BEZZECCA - FRATELLI NEL DOLORE „· Un artilleur conduit une mule blanche, qui porte deux pauvres soldats blessés, un garibaldien","- 947 - Sebastiano De Albertis, 1828-1897: "" A BEZZECCA - FRATELLI NEL DOLORE „· Un artilleur conduit une mule blanche, qui porte deux pauvres soldats blessés, un garibaldien
- et un croate, "" frères dans la douleur „. Fond à paysage. Cadre en bois et stue doré (I. 1.80 ; h. 2.84).",documents/BO0624_4840
969,948,"- Sebastiano De Albertis, 1828-1897 : "" L'EMANCIPATA ""•","- 948 - Sebastiano De Albertis, 1828-1897 : "" L'EMANCIPATA ""•
- Une demoiselle sur un tilbury, suivie par un officier à cheval. Cadre doré (1.0.79; h. 0.60).",documents/BO0624_4840
970,949,"- Giovanni Battista Tiepolo, 1692-1769: LA VIERGE et SAINT PIERRE.","- 949 - Giovanni Battista Tiepolo, 1692-1769: LA VIERGE et SAINT PIERRE.
- Deux figures au naturel, peintes à l'huile sur bois découpé à la silhouette (1. 0.53; h. 1.41).",documents/BO0624_4840
971,950,"950 - École Vénitienne, XVIIe siècle: USTENSILEs de CUISINE.","950 - École Vénitienne, XVIIe siècle: USTENSILEs de CUISINE.
- Cadre en bois sculpté et doré (1. 0.77; h. 0.58).
<!-- image -->",documents/BO0624_4840
972,951,"## 951 - Tranquillo Cremona, 1836-1878 : PORTRAIT de HUMBERT I'.","## 951 - Tranquillo Cremona, 1836-1878 : PORTRAIT de HUMBERT I'.

- Ah! non, pas celui-là! On le connaissait, le vieux lutteur! Un fou qui s'entêtait depuis quinze

Lithographie dont la pierre s'est cassée et perdue. Le plus beau, le plus ressemblant, le plus psychologique portrait du malheureux Roi; portrait, que les gros bonnets de l'Académie n'ont pas admis - bien entendu - à l'honneur de leur approbation. Pendant un quart de siècle on n'a vu dans les bureaux officiels, que des portraits du bon Roi, qui pouvaient être du dernier des peintres, jamais du grand Cremona.

- ano, un orgeleux qui posait pour le génie, qui avait parlé de démolir le Salon, sans jamai:
- face dont on a eu peur, de la force invincible qui triomphe, même battue, * des voix. Non, non, à la porte! ». (Zola, L' Euvre). grondait dans l'éclat
* y envoyer une toile possible !... Toute la haine de l'originalité déréglée, de la concourrence d'en

Et il faut noter, que lors de l'inauguration de ce Palais des Beaux-Arts, le 25 avril ,1886, dans ce même salon où la Vente Arrigoni a lieu, le Doct. Gaetano Negri (un autre malheureux former la triade avec Zola et Humbert) qui n'était pas encore sénateur, mais si bien le maire de Milan, faisait résonner sa noble parole en hommage du grand peintre milanais:

- « tuizione geniale, con una inesauribile versatilità di mezzi, con un sentimento profondo e poetico
- ••• Tranquillo Cremona, il quale oso prendere di tronte la realta e riprodurla con una in•
- « delle sue bellezze. La giovane scuola lombarda discende direttamente da questo maestro che le
- « energie che egli avea sollevate ›. (L. Benapiani e A. Barattani, Ars, Milano, 1886). Cadre en bois sculpté et doré (1. 0.61; h. 0.76; v. ill., p. 82).
- dava un fortissimo impulso; ma è sparito troppo presto e prima di aver potuto disciplinare l
<!-- image -->",documents/BO0624_4840
973,952,"- François Figherroa, 1690-1740?: L'ADORATION des MAGES.","- 952 - François Figherroa, 1690-1740?: L'ADORATION des MAGES.
- Fond à paysage. Cuivre; cadre en bois doré (1. 0.75; h. 0.57).",documents/BO0624_4840
974,953,"- École du Correggio, XVIe siècle : SAINT JEAN l'ÉVANGÉLISIE. Petite figure appuyée à une base et en train d'écrire. Bois; cadre en bois doré (1. 0.21 ; h. 0.32)","- 953 - École du Correggio, XVIe siècle : SAINT JEAN l'ÉVANGÉLISIE. Petite figure appuyée à une base et en train d'écrire. Bois; cadre en bois doré (1. 0.21 ; h. 0.32)",documents/BO0624_4840
975,954,"- Pietro Berrettini da Cortona, dit Pietro da Cortona : L'IMMACULÉE.","- 954 - Pietro Berrettini da Cortona, dit Pietro da Cortona : L'IMMACULÉE.
- Sur marbre rouge; cadre en bois sculpté et doré (I. 0.30 ; h. 0.26).

## ÉTOFFES",documents/BO0624_4840
976,955,"- CoUveRture de LIT en soie jaune; ornements au centre, en ruban de soie blanche (long. 2.76 ; larg. 2.54).","- 955 - CoUveRture de LIT en soie jaune; ornements au centre, en ruban de soie blanche (long. 2.76 ; larg. 2.54).",documents/BO0624_4840
977,956,"- CoUverTure de LIT en soie jaune, avec frange jaune à petits glands (long. 2.60 ;","- 956 - CoUverTure de LIT en soie jaune, avec frange jaune à petits glands (long. 2.60 ;
- larg. 2.20).",documents/BO0624_4840
978,957,- TROIS PAIREs de GLANDs en fil noué.,- 957 - TROIS PAIREs de GLANDs en fil noué.,documents/BO0624_4840
979,958,"- CoUverture de LIT en toile blanche capitonnée à fleurs, ornements et oiseaux (long. 2.62; larg. 2.52).","- 958 - CoUverture de LIT en toile blanche capitonnée à fleurs, ornements et oiseaux (long. 2.62; larg. 2.52).",documents/BO0624_4840
980,959,"- CoUveRTURe de LIT en toile blanche capitonnée, à dessins variés, avec frange de deux côtés (long. 2.58; larg. 2.32).","- 959 - CoUveRTURe de LIT en toile blanche capitonnée, à dessins variés, avec frange de deux côtés (long. 2.58; larg. 2.32).",documents/BO0624_4840
981,960,- CINQ PIÈCEs de VELOUR ROUGE (long. 23.50 ; larg. 48).,- 960 - CINQ PIÈCEs de VELOUR ROUGE (long. 23.50 ; larg. 48).,documents/BO0624_4840
982,961,"- TAPIS PERSAN à raies; fond rouge et vert, frange d'un côté (long. 1.77 ; larg. 1.07).","- 961 - TAPIS PERSAN à raies; fond rouge et vert, frange d'un côté (long. 1.77 ; larg. 1.07).",documents/BO0624_4840
983,962,"- HABIT GOLDONIEN, en velour noir, à raies rouges et feuilles jaunes.","- 962 - HABIT GOLDONIEN, en velour noir, à raies rouges et feuilles jaunes.",documents/BO0624_4840
984,963,"- TAPIs PERSAN: bordure à la greque, ornements au centre, fond noir (long. 1.67 : larg. 1.16).","- 963 - TAPIs PERSAN: bordure à la greque, ornements au centre, fond noir (long. 1.67 : larg. 1.16).",documents/BO0624_4840
985,964,"- TAPIs PERSAN avec bordure, ornements et fleurs au centre; fond jaune (long. 2.96 ;","- 964 - TAPIs PERSAN avec bordure, ornements et fleurs au centre; fond jaune (long. 2.96 ;
- larg. 1.05).",documents/BO0624_4840
986,965,"- PeTIT TApIs en soie, à fleurs; fond caté.","- 965 - PeTIT TApIs en soie, à fleurs; fond caté.",documents/BO0624_4840
987,966,"- HABIT GOLDONIEN, en drap noir, brodé en soie à feuilles et fleurs polychromes.","- 966 - HABIT GOLDONIEN, en drap noir, brodé en soie à feuilles et fleurs polychromes.",documents/BO0624_4840
988,967,- PETITE TAPISSERIE représentant la Vierge et l'Enfant sous un pavillon; avec le,"- 967 - PETITE TAPISSERIE représentant la Vierge et l'Enfant sous un pavillon; avec le
- mot: Charitas. Cadre doré.",documents/BO0624_4840
989,968,- BRODERIE PEINTE; la Descente de la Croix. Cadre en noyer d'Inde à marqueterie en ivoire.,- 968 - BRODERIE PEINTE; la Descente de la Croix. Cadre en noyer d'Inde à marqueterie en ivoire.,documents/BO0624_4840
990,969,- BRODERIE en soiE à sujet biblique. Cadre ovale.,- 969 - BRODERIE en soiE à sujet biblique. Cadre ovale.,documents/BO0624_4840
991,970,"- LE SAINT SINDON en soie et bordure, brodé en soie et en or sur paille. Cadre.","- 970 - LE SAINT SINDON en soie et bordure, brodé en soie et en or sur paille. Cadre.",documents/BO0624_4840
992,971,- PoUpÉE en habit de reine,"- 971 - PoUpÉE en habit de reine
<!-- image -->",documents/BO0624_4840
993,972,"- GRANDE TAPISSERIE presque toute en soie à couleurs très vives, représentant deux esclaves indiens soutenant un écusson de marquis, contourné de fleurs et d'armes, et surmonté d'un ange voletant. Fond à paysage; deux colonnes sur les côtés avec riche draperie, soutenue en haut par trois petits Amours Très appréciable ouvrage, en parfaite conservation, signé: David Teniers, junior 1681, avec marque de la fabrique : un petit écusson entre deux B. (1.3.15; h. 3.67; v. ill., XXXIII° pl.)","- 972 - GRANDE TAPISSERIE presque toute en soie à couleurs très vives, représentant deux esclaves indiens soutenant un écusson de marquis, contourné de fleurs et d'armes, et surmonté d'un ange voletant. Fond à paysage; deux colonnes sur les côtés avec riche draperie, soutenue en haut par trois petits Amours Très appréciable ouvrage, en parfaite conservation, signé: David Teniers, junior 1681, avec marque de la fabrique : un petit écusson entre deux B. (1.3.15; h. 3.67; v. ill., XXXIII° pl.)

## MEUBLES",documents/BO0624_4840
994,973,"- PETITE CASSETTE en noyer, richement sculptée à figures et feuillages, sur quatre pattes de lion. Au centre réhaussé du couvercle, un enfant endormi.","- 973 - PETITE CASSETTE en noyer, richement sculptée à figures et feuillages, sur quatre pattes de lion. Au centre réhaussé du couvercle, un enfant endormi.",documents/BO0624_4840
995,974,- PETITE CASSETTE en noyer sculpté.,- 974 - PETITE CASSETTE en noyer sculpté.,documents/BO0624_4840
996,975,"- CoFFReT en bois noir, à filets en ivoire; porte abritant neuf tiroirs à l'intérieur, avec plaques en métal gravé et doré.","- 975 - CoFFReT en bois noir, à filets en ivoire; porte abritant neuf tiroirs à l'intérieur, avec plaques en métal gravé et doré.",documents/BO0624_4840
997,976,"- CoFFReT en noyer d' Inde marqueté en ivoire; garniture en bronze; porte abattant à l'intérieur, sept tiroirs avec petite porte centrale abritant deux autres petits tiroirs (1. 0.55; h. h. ; p 0.38 ; v. ill., p. 84).","- 976 - CoFFReT en noyer d' Inde marqueté en ivoire; garniture en bronze; porte abattant à l'intérieur, sept tiroirs avec petite porte centrale abritant deux autres petits tiroirs (1. 0.55; h. h. ; p 0.38 ; v. ill., p. 84).",documents/BO0624_4840
998,977,"- VERRoU en fer ouvragé; quatre crampons à très belles fleurs avec les feuilles à cannelures en forme de coquille; poignée finement ciselée avec une statuette ajourée représentant saint Antoine, au","- 977 - VERRoU en fer ouvragé; quatre crampons à très belles fleurs avec les feuilles à cannelures en forme de coquille; poignée finement ciselée avec une statuette ajourée représentant saint Antoine, au

<!-- image -->

<!-- image -->

centre. Splendide ouvrage de la ferronnerie du XV° siècle (v. ill., p. 77).",documents/BO0624_4840
999,978,"- VITRINE à TABLE, sur quatre pieds, en bois verni rouge, avec riches sculptures dorées","- 978 - VITRINE à TABLE, sur quatre pieds, en bois verni rouge, avec riches sculptures dorées

<!-- image -->

aux quatre

époque Louis XV (I. 1.06; h. 0.77 ; p. 0.57; v. ill,

VIII pl.).",documents/BO0624_4840
1000,979,"- CRUCiFix en ébène; ornements en bronze et pierres dures. Aux pieds de la croix, la Vierge et saint Jean, en bronze doré.","- 979 - CRUCiFix en ébène; ornements en bronze et pierres dures. Aux pieds de la croix, la Vierge et saint Jean, en bronze doré.",documents/BO0624_4840
1001,980,"- CASSETTE en noyer d'Inde et bois de rose; très fine marqueterie sur le plan et aux quatre côtés, présentant","- 980 - CASSETTE en noyer d'Inde et bois de rose; très fine marqueterie sur le plan et aux quatre côtés, présentant

côtés et sur le plan. Bel exemplaire,
e en ntant

e- uatre

orées laire,

. ill., pier-

saint s fine

entant

- des instruments de musique. Exemplaire très rare, par Magiolino (1. 0.47; h. 0.16; p. 0.32 ; v. ill., p. 84).",documents/BO0624_4840
1002,981,- GRANDE VITRINE en bois noir marquetée en ivoire; deux portes au corps inférieur et deux portes à vitre au corps supérieur; trois plans à l'intérieur (1.1.61; h. 2.48; p. 0.50).,- 981 - GRANDE VITRINE en bois noir marquetée en ivoire; deux portes au corps inférieur et deux portes à vitre au corps supérieur; trois plans à l'intérieur (1.1.61; h. 2.48; p. 0.50).,documents/BO0624_4840
1003,982,- GRANDE VITRINE en bois marqueté en,"- 982 - GRANDE VITRINE en bois marqueté en
- ivoire. Pendant à la précédente.",documents/BO0624_4840
1004,983,- GRANDE VITRINE en noyer sculpté à 076 cariatides et mascarons. Base à tiroir;,"- 983 - GRANDE VITRINE en noyer sculpté à 076 cariatides et mascarons. Base à tiroir;
- portes à vitre; quatre plans à l'intérieur recouverts en velour rouge (1. 1.70 ; h. 2.80; p. 0.53).",documents/BO0624_4840
1005,984,- GRANDE VITRINe en noyer marqueté avec quatre cariatides et mascarons. Base à tiroir; deux portes à vitre; trois plans intérieurs recouverts en velour rouge (1.1.53 ;,"- 984 - GRANDE VITRINe en noyer marqueté avec quatre cariatides et mascarons. Base à tiroir; deux portes à vitre; trois plans intérieurs recouverts en velour rouge (1.1.53 ;
- h. 2.44; p. 0.51).",documents/BO0624_4840
1006,985,"- TRÈS GRAND MeUBLE à deux corps, de forme architectonique en bois noir et ébène, richement marqueté en ivoire à figures et ornements. Six grandes colonnes et huit petites, avec bases et chapiteaux en ivoire; statuettes et mascarons en ivoire; trois portes au corps inférieur; et au corps supérieur deux portes à droite et à gauche, avec une troiseme au centre, à colonnes et balustrade (I. 2.39; h. 3.06 ; p. 0.52 ;","- 985 - TRÈS GRAND MeUBLE à deux corps, de forme architectonique en bois noir et ébène, richement marqueté en ivoire à figures et ornements. Six grandes colonnes et huit petites, avec bases et chapiteaux en ivoire; statuettes et mascarons en ivoire; trois portes au corps inférieur; et au corps supérieur deux portes à droite et à gauche, avec une troiseme au centre, à colonnes et balustrade (I. 2.39; h. 3.06 ; p. 0.52 ;
- v. ill., XXXIV° pl.).",documents/BO0624_4840
1007,986,"- GRAND MIROIR en bois verni et doré, avec feuillages, sculpté et doré. Le miroir en","- 986 - GRAND MIROIR en bois verni et doré, avec feuillages, sculpté et doré. Le miroir en
- trois pièces.",documents/BO0624_4840
1008,987,- CoMMODe en noyer à quatre tiroirs; garniture en bronze doré; plan en marbre,"- 987 - CoMMODe en noyer à quatre tiroirs; garniture en bronze doré; plan en marbre
- rouge de Vérone (1. 1.12 ; h. 0.85).",documents/BO0624_4840
1009,988,- CoMMoDe en noyer et bois de rose à filets en érable. Trois tiroirs et garnitures en bronze doré (I. 1.18; h. 0.88 ; P. 0.60).,- 988 - CoMMoDe en noyer et bois de rose à filets en érable. Trois tiroirs et garnitures en bronze doré (I. 1.18; h. 0.88 ; P. 0.60).,documents/BO0624_4840
1010,989,"- BERLINE de GALA du XVIIIe siècle, à quatre ressorts à la Polignac; le char verni en rouge à filets dorés ; la Berline en noir; la housse du siège du cocher, en velour rouge (d.) avec frange ; l'intérieur également en velour et soie rouge; écusson sur la portière. Cette Berline appartenait au comte de Calabiana, archevêque de Milan (v. ill., p. 85; et voir aussi "" La Carrozza nella Storia della locomozione „ par Luigi Belloni, Milano,","- 989 - BERLINE de GALA du XVIIIe siècle, à quatre ressorts à la Polignac; le char verni en rouge à filets dorés ; la Berline en noir; la housse du siège du cocher, en velour rouge (d.) avec frange ; l'intérieur également en velour et soie rouge; écusson sur la portière. Cette Berline appartenait au comte de Calabiana, archevêque de Milan (v. ill., p. 85; et voir aussi "" La Carrozza nella Storia della locomozione „ par Luigi Belloni, Milano,
- Fratelli Bocca, 1901.

<!-- image -->

<!-- image -->",documents/BO0624_4840
1011,989,"- 990 - BERLINE de GALA du XVIIIe siècle, à quatre ressorts, à la Polignac; le char verni","989
- 990 - BERLINE de GALA du XVIIIe siècle, à quatre ressorts, à la Polignac; le char verni
- vert, et la Berline, avec traces d'ancienne dorure, ornée d'une corniche en bois très finement sculpté et doré. À la partie postérieure, un écusson avec têtes, contourné de branches de chène, ornements et têtes de-lion en bois sculpté et doré. De la Cour Ducale de Parme, cette Berline passa aux archiducs d'Autriche à Milan, pendant leur domination; ce qui n'empêche pas à notre Berline de se vanter comme un trophée patriotique, ayant servi aussi à l'Autriche.... dans une barricade des 5 glorieuses journées de 1848 (v. ill., p. 86 et "" La Carrozza „ citée au numéro précédent).

<!-- image -->",documents/BO0624_4840
