catalogue_id,chunk_db_id,chunk_id,num,title,matched_line,match_score,low_confidence,entity_match_method,artist,school,object_type,collection,period
BO0624_5718,69059,1,1,"PETITE CONSOLE cul-de-lampe,en bois sculpte et dore. XVII siecle.",54,98.4,False,positional,,,Objets divers,,Sec. XVII
BO0624_5718,69060,2,2,"PAIRE D'AIGUIERES en cristal, a couvercle en étain avec ornementations gravees des feurs, feuilles, oiseaux. XVII siecle.",55,99.1,False,positional,,,Objets divers,,Sec. XVII
BO0624_5718,69061,3,3,GRANDE COQUILLE en cuivre argente. Long.o.4o —Larg.o.46.,59,98.1,False,positional,,,Objets divers,,
BO0624_5718,69062,4,4,PETIT VAsE en cristal rose monte en bronze dore. Epoque Premier Empire. PETITE AIGUIERE en verre avec decoration polychrome. Travail venitien. XVIle siecle.  Haut.o.145.,62,66.7,False,positional,,,Objets divers,,
BO0624_5718,69063,5,5,"PETIT SoCLE carre, en bois avec ornement en relief et dore. PETIT SoCLE circulaire en bois sculpte a festons et dore.  PETIT SocLE rectangulaire en bois avec ornementations a rinceaux en relief dores sur fond vert.",70,62.0,False,positional,,,Objets divers,,
BO0624_5718,69064,6,6,"MEDAILLON circulaire en écaille monte en argent s'ouvrant et contenant un portrait de femme, a mi corps en mi niature. Art francais. Fin XVIll siecle.",72,99.3,False,positional,,,Objets divers,,
BO0624_5718,69065,7,7,"PIsToLET avec incrustations en bronze et argent, signe Lazari dans le canon. XVII siecle.",73,98.9,False,positional,,,Objets divers,,Sec. XVII
BO0624_5718,69066,8,8,PAIRE DE CADRES en bois a pate de riz,74,97.4,False,positional,,,Objets divers,,
BO0624_5718,69067,9,9,"PAIRE DE GRANDS VASES a deux anses,",79,97.1,False,positional,,,Objets divers,,
BO0624_5718,69068,10,10,PETIT CADRE en bois sculpte et dore avec portrait d'homme en costume Louis XllI.,84,98.1,False,positional,,,Objets divers,,
BO0624_5718,69069,11,11,"PETITE STATUE en ivoire representant un enfant debout, le pied gauche sur une tete de squelette.",88,98.4,False,positional,,,Objets divers,,
BO0624_5718,69070,12,12,"PeTIT TAPIs brode a jour, par des branches stylisees en rouge, violet, bleu rehausse d'or.Travail sicilien.XVe siecle.",94,98.7,False,positional,,,Etoffes et tapis,,
BO0624_5718,69071,13,13,"DEUx RIDEAUX, en brocart jaune a grand dessin de feurs et rinceaux rouges. Six metres. XVII siecle.",98,98.4,False,positional,,,BIANCHERIA,,Sec. XVII
BO0624_5718,69072,14,14,"PETIT TAPIS en point de Hongrie a fammes, rehausse a point en or.",99,97.7,False,positional,,,Etoffes et tapis,,
BO0624_5718,69073,15,15,PoRTIERE en lampas rouge a grand dessin de feuillages et volutes jaunes.,103,97.9,False,positional,,,Etoffes et tapis,,
BO0624_5718,69074,16,16,"TAPIs en damas vert avec six bandes de broderiea oiseaux,chiens et ornements en soie rouge sur fond blanc. Travail sicilien.XVe siecle.",109,98.9,False,positional,,,OGGETTI VARI,,
BO0624_5718,69075,17,17,"ENCADREMENT de porte a deux figures, medaillons, festons et trophees d''instruments de guerre. Tissu laine et soie.",115,98.7,False,positional,,,Tapisserie,,
BO0624_5718,69076,18,18,CINQ BOUToNS ronds en argent et un porte-menu rond en argent avec emaux representant des paysages.,125,98.5,False,positional,,,Or et argent,,
BO0624_5718,69077,19,19,"LAMPE en argent,a quatre becs, portee par une colonne. Poid 122o gr. Montee pour lumiere electrique. XVI1I siecle.",126,98.6,False,positional,,,Or et argent,,
BO0624_5718,69078,20,20,PETIT REVOLVER cisele en or dans une boite.,130,96.6,False,positional,,,SCATOLE,,
BO0624_5718,69079,21,21,TABATIERE en or avec ciselures et boite en maroquin rouge. Epoque Louis XIV.,131,98.0,False,positional,,,SCATOLE,,
BO0624_5718,69080,22,22,"PETIT POT de forme ovoide avec anses, decore a feuillages et feurs bleus;legende Cons. A.di Leon A.Marque de Casa Pirota sur les anses. XVI siecle.",139,99.0,False,positional,,,Faiences et Porcelaines,,Sec. XVI
BO0624_5718,69081,23,23,"CouPE sur piedouche, decoree avec dessin geometrique a lozangues blanches et azures:sur le jaune un leger arabesque a gessetto,le dessin est legerement releve selon la partition geometrique. Commencement du XVI siecle.",145,99.3,False,positional,,,Faiences et Porcelaines,,Sec. XVI
BO0624_5718,69082,24,24,"PLAT creux a ombilic portant l'inscription PAITETIA en bleu a six cannelures vertes; trois compartiments jaunes a decoration bleue, et trois compartiments bleu a decoration blanche;bord a legers rinceaux et feuillages bleues sur fond blanches, marque retro Cafag giolo. Commencement du XV siecle.",153,99.5,False,positional,,,PIATTI,,Sec. XV
BO0624_5718,69083,25,25,VAsE de pharmacie a goulot et anse decore par deux cerfs affrontes a la base du goulot; banderole portant l'inscription JULEBDEACETOSIATIC. et au dessous dans un medaillon circu laire un écusson portant des armoiries et des deux cotes des rinceaux a feuillages en bleu et blanc sur fond jaune; le tout environne par une guirlande de feuilles bleues et pommes jaunes rinceaux verts sur fond blanc au revers. Commencement du XVI siecle.,160,99.7,False,positional,,,VASI,,Sec. XVI
BO0624_5718,69084,26,26,"GkAN PLAT creux; demi figure de la Sainte Vierge avec l'Enfant Jesus dans le bras droit, fond de paysage. Le bord est orne par des feuillages et imbrications en bleu, jaune et blanc. Reflets metalliques. XVe siecle. De la Collection Ressmann. Un plat pareil se trouve au Musee du Bargello a Florence.",168,99.5,False,positional,,,PIATTI,COLLEZIONE RESSMANN,Sec. XV
BO0624_5718,69085,27,27,CoRNET (alberello) decore d'arabesques a rangees orizontales coupes par deux rangees verticales sur fond blanc.Retreci legerement en haut et en bas. Signe en creux Cafaggiolo.XVe siecle.,176,99.2,False,positional,,,Faiences et Porcelaines,,
BO0624_5718,69086,28,28,"GRAND PLAT a ombilic. Au centre l'Agneau Pascal sur le livre des Evangiles, bord orne a imbrications rayonnantes bleues sur fond blanc.et jaune. Refets metalliques.XVe siecle.",184,99.1,False,positional,,,PIATTI,,
BO0624_5718,69087,29,29,"CoRNET (alberello) decore a feuilles bleues a revers jaunes et blancs et fleurs stylisees bleues entre des lignes circulaires bleues et rouges, le tout sur fond blanc; au revers en creux la mesure de capacite. Commencement du XVl siecle.",192,99.4,False,positional,,,Faiences et Porcelaines,,
BO0624_5718,69088,30,30,BRoc de pharmacie a bec et anse decore d'une guirlande de feuillage qui entoure le monogramme I. H. S. en jaune et le reste du broc orne a feuillage en azur jaune et vert sur fond blanc. Marque b. b. Commencement du XVI siecle.,198,99.3,False,positional,,,Faiences et Porcelaines,,Sec. XVI
BO0624_5718,69089,31,31,"PETIT PLAT creux decore a feuillages azures sur fond blanc, renfermant un ecusson portant des armoiries,a droite un sanglier fasciato en blanc sur fond jaune et a gauche bande bleue et noire et une jaune. XVI siecle.",204,99.3,False,positional,,,PIATTI,,Sec. XVI
BO0624_5718,69090,32,32,"CoRNET (alberello) decore avec un profl d''ancien romain en caricature, couronne de laurier sur fond azur, entoure par une guirlande de feuillages bleues et vertes,legende Philonii P.Sici. Fin XVe siecle.",210,99.2,False,positional,,,Faiences et Porcelaines,,Sec. XV
BO0624_5718,69091,33,33,"VAsE en forme de pomme de pin, coloriee en bleu clair et terre de Sienne, pied circulaire. Commencement du XVI siecle.",218,98.7,False,positional,,,VASI,,Sec. XVI
BO0624_5718,69092,34,34,"PLAT a bord releve sur pieduche, decoration rayonnante du centre,en blanc,azur et jaune. Refets metalliques. Commencement du XVI siecle.",223,98.9,False,positional,,,PIATTI,,Sec. XVI
BO0624_5718,69093,35,35,"PLAT legerement recourbe sur piedouche. Au mi-lieu Cleopatre debout le serpent a la main sur fond de paysage; un chateau a gauche, dans le fond un lac,au dela une ville. Au revers un cachet. XVI siecle.",229,99.2,False,positional,,,PIATTI,,Sec. XVI
BO0624_5718,69094,36,36,"PETIT CouPE avec une anse. Au fond la figure en relief de Jesus sortant du tombeau,ornements a feuillages rouges et jaunes. Reflets metalliques. Marque au revers. Commencement du XVI siecle.",237,99.2,False,positional,,,OGGETTI VARI,,Sec. XVI
BO0624_5718,69095,37,37,"CoRNET a decor polychrome compose d'un écusson armoirie des Manfredi seigneurs de Faenza. Au Ier et 4me a l'aigle d'azur au fond blanc, et au 2me et 3me bandes blanches sur fond d'azur. Entoure de feurs et fruits. XV siecle.",245,99.3,False,positional,,Scuola Faentina,Faiences et Porcelaines,,Sec. XV
BO0624_5718,69096,38,38,"PLAT CREUx, tondino, decore au fond d'un ecusson armoirie de la famille Dini de Florence. Un arbre et au chef le mot Liberta.Bordure de rinceaux en bleu: au revers la marque de Cafaggiolo. Fin XV siecle.Voir Guasti, Le Maioliche di Cafaggiolo, pag. 238.",251,99.4,False,positional,,,PIATTI,,Sec. XV
BO0624_5718,69097,39,39,"CoRNET DE PHARMACIE (alberello) decore par des fines ornementations en bleu sur fond blanc, avec une cartouche portant les armoiries de l'hopital de la Scala et la legende Aspalto.Commencement du XVI siecle.",257,99.3,False,positional,,,Faiences et Porcelaines,,Sec. XVI
BO0624_5718,69098,40,40,"PETIT PLAT CREUX,presentant un écusson armoirie,avec l'aigle imperiale dans le chef et une bande azure échiquetee sur fond blanc, charge au marli d'une baguette enguirlandee de branchage de chene. XVI siecle.",263,99.3,False,positional,,,PIATTI,,Sec. XVI
BO0624_5718,69099,41,41,BuIRE decoree avec un écusson en relief portant une aigle et deux pommes de pin en relief et ornements en vert et manganese. XIV· siecle. Casse.,269,98.9,False,positional,,,OGGETTI VARI,,
BO0624_5718,69100,42,42,"BRoc a anse plate et bec, decore du monogramme I. H. S. au milieu entoure d'ornementations jaunes et bleus sur fond blanc. XV siecle.",275,98.8,False,positional,,,Faiences et Porcelaines,,Sec. XV
BO0624_5718,69101,43,43,PAIRE DE PETITS VASES en majolique blanche de forme ovoide reserree au bord qui est orne de feuillages en relief dore; lapanse decoree de festons enrelief dore.,281,99.1,False,positional,,,VASI,,
BO0624_5718,69102,44,44,VAsE peint d'une scene champetre. Un ane et deux bceufs qui epouvantent un patre et un troupeau de chevres au repos. XVII siecle.Marque P.M.R.,286,98.9,False,positional,,,VASI,,Sec. XVII
BO0624_5718,69103,45,45,PETIT PLAT creux decore au fond par une devise representant un coeur entre une paire de ciseaux ouvertes; le bord orne des triangles jaunes alternes avec des ovales jaunes bordes de bleu；le tout sur fond blanc. Reflets metalliques. Commencement du XVI siecle. Restaure.,292,99.4,False,positional,,,PIATTI,,Sec. XVI
BO0624_5718,69104,46,46,"PLAT creux sur piedouche decoré a godrons et une feur au centre bleue et jaune sur fond blanc.Reflets metalliques. Cadre bois dore. Fele, le pied manque. XVI siecle.",298,99.1,False,positional,,,OGGETTI IN LEGNO,,Sec. XVI
BO0624_5718,69105,47,47,GRAND PLAT.Au centre un écusson avec les armoiries de la famille Sacchetti de Florence et Rome. Autour une ornementation d'un ruban a spirale et sur fond terre cuite.Commencement du XVI siecle. En mauvais etat.,304,99.3,False,title_direct,,,PIATTI,,Sec. XVI
BO0624_5718,69106,48,48,"VAsE en majolique blanche a godrons en relief, a deux anses et pied circulaire.",310,98.1,False,positional,,,VASI,,
BO0624_5718,69107,49,49,"CoRNET de pharmacie (alberello) a decor polychrome de feuillage en bleu, vert et jaune sur fond gris avec banderole portant la legende Ell.Badi Maius.XVI siecle. Legere restauration.",316,99.2,False,positional,,,Faiences et Porcelaines,,
BO0624_5718,69108,50,50,"GRAND VAsE a couvercle et deux anses, decore en vert; en relief les armoiries des Medicis avec couronne. XVII siecle. Haut.0.75.",322,98.8,False,positional,,,VASI,,Sec. XVII
BO0624_5718,69109,51,51,"CoRNET de pharmacie (alberello) decore a feuillages vertes et jaunes sur fond azur avec un buste de femme dans un medaillon jaune et vert, et legende Fus. Bis.Mas.XVI siecle.",326,99.1,False,positional,,,Faiences et Porcelaines,,
BO0624_5718,69110,52,52,"PETIT PLAT avec ornements de feuillages et armoiries Della Rovere au centre,a leger relief blanc sur fond terre cuite. Commencement du XVI siecle.",332,99.0,False,title_direct,,,OGGETTI VARI,,Sec. XVI
BO0624_5718,69111,53,53,"PETIT BRoc avec anse, decore d'une tete humaine vue de face, et deux pommes de pin en relief, ornementation a manganese et ramina.Primitif. xIV siecle.",338,99.0,False,positional,,,Faiences et Porcelaines,,
BO0624_5718,69112,54,54,PoMMEAU de canne a figures humaines polychromes.Porcelaine de Capodimonte. XVIII siecle.,342,98.3,False,positional,,,Faiences et Porcelaines,,Sec. XVIII
BO0624_5718,69113,55,55,"BusTE de Shakespeare, avec socle. Haut.0.35.",345,96.5,False,positional,,,Faiences et Porcelaines,,
BO0624_5718,69114,56,56,"ECOLE FLORENTINE. LA SAINTE VIERGE a mi-corps,nimbee tournant la tete a gauche vers l'Enfant Jesus qu'elle tient sur ses genoux. Cadre en bois dore et vert. XVI siecle.",351,94.3,False,title_direct,,ECOLE FLORENTINE,OGGETTI IN LEGNO,,Sec. XVI
BO0624_5718,69115,57,57,"LONGHI ALEX.  (1733-1813).DEUX PORTRAITs homme et femme,vus de face. L'homme en habit blanc, jabot et dentelles aux manches, la dame en decollete avec manteau bleu retenu par un fil de perles. Cadre en bois avec or. nementations.en relief pate de ris.",359,95.5,False,title_direct,LONGHI ALEX,,OGGETTI IN LEGNO,,Sec. XVIII
BO0624_5718,69116,58,58,ECOLE ANGLAISE. DEUx SCENES champetres. Cadres bois avec dorures. XVIII siecle.,367,88.4,False,title_direct,,ECOLE ANGLAISE,OGGETTI IN LEGNO,,Sec. XVIII
BO0624_5718,69117,59,59,"ECOLE FRANCAISE. SuJET PASTORAL. Jeune femme nue assise sur un rocher, quatre brebis a ses pieds;un amour a cote avec des fleurs a la main. Peinture tres fine sur bois. Cadre en bois dore. XVIIl siecle.",373,95.5,False,title_direct,,ECOLE FRANCAISE,OGGETTI IN LEGNO,,
BO0624_5718,69118,60,60,"NOCCHI BERNARDINO. ALLEGORIE DE LA PLUIE,peinture ovale sur bois. Cadre en bois sculpte et doré. Haut.o.64-Larg.0.83.",379,91.0,False,title_direct,NOCCHI BERNARDINO,,OGGETTI IN LEGNO,,
BO0624_5718,69119,61,61,DEUx vUEs du Tibre dans Rome Toile. Cadres dores. XVIll siecle.,381,97.6,False,positional,NOCCHI BERNARDINO,,,,
BO0624_5718,69120,62,62,MARKO.  (1858). VuE prise dans un bois avec petit cours d'eau.Toile. Cadre en bois avec dorures sur fond blanc. XIx siecle.,389,94.6,False,title_direct,MARKO,,OGGETTI IN LEGNO,,Sec. XIX
BO0624_5718,69121,63,63,"ECOLE FRANCAISE. PETIT PORTRTIT etude de jeunefemme representee en buste decolletee, les cheveux noirs tombants. Tres joli. Cadre en bois avec ornements Louis XV en pate de ris, peint sur bois.",395,95.3,False,title_direct,,ECOLE FRANCAISE,OGGETTI IN LEGNO,,
BO0624_5718,69122,64,64,BAIsER de paix en bronze dore. La Sainte Vierge avec l'Enfant Jesus sur les genoux et Saint Jean Baptiste.Encadrement architectural compose de deux pilastres portant un fronton et un tympan avec le Pere Eternel; sur la base une frise. Art florentin.Fin XV siecle.,401,99.4,False,positional,,,Bronzes,,Sec. XV
BO0624_5718,69123,65,65,"DEUX,BRAS APPLIQUES du temps de Luis XVI en bronze cisele et dore a deux branches porte-lumieres, formees de rinceaux qui s'echappent d'une gaine surmontee d''un vase orne de festons et de feurs.",405,99.2,False,positional,,,LAMPADE,,
BO0624_5718,69124,66,66,"PENDULE en bronze vernissee en vert, en forme de vase, portant le cadran, soutenu par trois pieds d'oiseau, avec deux tetes de satyres des deux cotes en bronze dore: sur le socle en marbre vert festons et mascarons en bronze dore.",409,99.3,False,positional,,,VASI,,
BO0624_5718,69125,67,67,"STATUETTE en bronze,representant Bacchus debout; le bras gauche leve au dessus de la tete. Art Florentin.XVI siecle.",412,98.7,False,positional,,,Bronzes,,
BO0624_5718,69126,68,68,"SoNNETTE en bronze,orne de deux ecusson avec armoiries,festons feuillages et petits bas-reliefs d'apres des camees anciens; frise et godrons en haut et en bas le tout en demi-relief, finement cisele. Art de Padoue fin XV siecle. Tres bel exemplaire.",416,99.4,False,positional,,,BASSORILIEVI,,Sec. XV
BO0624_5718,69127,69,69,"BusTE, la Sainte Vierge. Terre cuite polycrome. Fin XVI siecle.",424,97.5,False,title_direct,,,Terre cuite,,Sec. XVI
BO0624_5718,69128,70,70,"GRANDE STATUE en bois representant la Sainte Vierge debout couronnee, le bras droit leve. La main droite manque. XIVe siecle.",428,98.8,False,positional,,,OGGETTI IN LEGNO,,Sec. XIV
BO0624_5718,69129,71,71,"BAs RELIEF rectangulaire en terre cuite, representant Venus saisie dans le filet de Vulcain. Cadre en bois a volutes sculptees et dorees. Art Florentin.XVI siecle.",434,99.1,False,title_direct,,,BASSORILIEVI,,
BO0624_5718,69130,72,72,"CIBOIRE en marbre blanc sculpte. Deux anges en profil de deux cotes du petit vantau qui manque, les deux cotes ornes de feuillages a rinceaux et socle retreci orne a godrons en relief;une tete de Cherubin aile au centre. Le tout porte par deux pied de lion. Art Florentin.",438,99.4,False,positional,,,Sculptures,,
BO0624_5718,69131,73,73,"STATUETTE en terre cuite representant Jesus Christ, assis, couvert d'un drap rouge, les mains garrottees.xVI siecle. Haut.0.295.",444,98.8,False,title_direct,,,Terre cuite,,
BO0624_5718,69132,74,74,BENEDETTO DA MAIANO. GRouPE en terre cuite polycrome representant la Sainte Vierge assise avec l'Enfant Jesus a droite sur ses genoux. Fin du XVe siecle.,448,92.6,False,title_direct,BENEDETTO DA MAIANO,,Terre cuite,,Sec. XV
BO0624_5718,69133,75,75,CHEMINEE en pierre decoree a godrons obliques.XVe siecle.,454,97.4,False,positional,BENEDETTO DA MAIANO,,,,
BO0624_5718,69134,76,76,"SoUFFLET en bois de noyer sculpte, un ecusson entoure d'une guirlande sur une face et les branches de feuillages sur l'autre. XVI siecle.",460,98.9,False,positional,,,OGGETTI IN LEGNO,,Sec. XVI
BO0624_5718,69135,77,77,"TALBE a jeux,avec quatre bordures en marqueterie dans le plan;et dans la ceinture; porte par quatre pieds avec marqueterie.",461,98.0,False,positional,,,Meubles,,
BO0624_5718,69136,78,78,"GRAND BAHUT en bois sculpte, decoupe a jour et incruste de marqueteries en couleurs.La partieinferieure, qui souvre a deux vantaux, est surmontee en retrait d'un petit meuble analogue,et, sur les coins écornes du devant, par deux cariatides, qui soutiennent les moulures de l'entablement.Beau travail du XVI sie-",465,99.5,False,positional,,,OGGETTI IN LEGNO,,
BO0624_5718,69137,79,79,SEPT GRANDS FAUTEUILS en bois de noyer couverts en cuir dore a petits fers avec armoiries d'un eveque dans le dos et cartouche sculptee.Parfait etat de conservation. XVI siecle.,470,99.2,False,positional,,,BIANCHERIA,,Sec. XVI
BO0624_5718,69138,80,80,"QUATRE PANNEAUX en bois de noyer sculptes a candelabres de feuillages portees par satyres, dragons,chevaux-marins affrontes. Art florentin.XVI siecle.",477,99.0,False,positional,,,CANDELABRI,,
BO0624_5718,69139,81,81,MEUBLE D'APPUI en bois de noyer a deux corps a deux vantaux et piliers la partie inferieure;formant vitrine la partie,483,98.7,False,positional,,,OGGETTI IN LEGNO,,
BO0624_5718,69140,82,82,"MEUBLE d'appui en bois de noyer a deux vantaux,porte par deux consoles et tiroirs dans l'interieur. Fin XVI siecle.",488,98.7,False,positional,,,ARREDAMENTI,,Sec. XVI
BO0624_5718,69141,83,83,"TABLE en bois de noyer, avec filets en marqueterie dans le plan; ceinture ornee de supports et quatre pieds ronds. Art",492,98.7,False,positional,,,OGGETTI IN LEGNO,,
BO0624_5718,69142,84,84,PAIRE DE GRANDES ARMOIRES etageres en racine de fougere avec treillage dans les vantaux et fronton ouvrage. Fin du XVII siecle.,497,98.8,False,positional,,,ARREDAMENTI,,Sec. XVII
BO0624_5718,69143,85,85,"MEURLE D'APPUI en bois de noyer a deux vantaux,pilastres et deux tiroirs en dessus un meuble cabinet a tiroirs de forme architecturale a deux pilastres.",501,99.0,False,positional,,,OGGETTI IN LEGNO,,
BO0624_5718,69144,86,86,PAIRE DE GRANDS VASES cachepots en cuivre argente decore a festons de fleurs en repousse. Travail venitien. Fin du,506,98.7,False,positional,,,VASI,,
BO0624_5718,69145,87,87,GRAND LANDIER en fer pour cheminée XV siecle.,511,96.7,False,positional,,,Meubles,,Sec. XV
BO0624_5718,69146,88,88,"DEUX GRANDS BANCs en bois de noyer, a dossier droit forme par des colonnes ovoides, portes chacun par trois supports se terminant en pied de lion.",517,99.0,False,positional,,,OGGETTI IN LEGNO,,
BO0624_5718,69147,89,89,"CHAISE A X (Savonarola) en bois de noyer, avec écusson dans le dossier. Fin",521,97.9,False,positional,,,OGGETTI IN LEGNO,,
BO0624_5718,69148,90,90,"TABLE rectangulaire en bois de noyer, pieds a lyre sculpte reunis par deux traverses croisees. XxI siecle.",525,98.6,False,positional,,,OGGETTI IN LEGNO,,
BO0624_5718,69149,91,91,PAIRE de grandes torcheres en bois sculpte et dore sur bases triangulaires avec coquilles et grands supports. Com-,529,98.7,False,positional,,,OGGETTI IN LEGNO,,
BO0624_5718,69150,92,92,"TREPIED en fer forge avec rosaces et enroulements,portant un bassin en cuivre jaune a godrons. XVI siecle.",534,98.6,False,positional,,,Meubles,,Sec. XVI
BO0624_5718,69151,93,93,ENCRIER dans un coffret rectangulaire en cuir dore a petits fers. Art venitien. XVI siecle.,538,98.3,False,positional,,,Meubles,,Sec. XVI
BO0624_5718,69152,94,94,"CABINET en bois a six tiroirs, incrustes de nacre et decores a legeres ornementations a fines feuillages et rinceaux en or sur fond noir.Les deux cotes et le plan dessus sont ornes de fleurs peints. Fin XVI siecle. Travail venitien.",542,99.3,False,positional,,,OGGETTI IN LEGNO,,Sec. XVI
BO0624_5718,69153,95,95,"CoFFRET en bois recouvert en cuir rouge dore a petits fers, avec l'inscription Lea ergas in Attias. Art venitien. Fin XVI siecle.",547,98.8,False,positional,,,OGGETTI IN LEGNO,,Sec. XVI
BO0624_5718,69154,96,96,PETIT COFFRET rectangulaire en bois sculpte avec une fleur de lys entre deux animaux ailes sur le couvercle;les memes animaux sur les deux faces longues et une ornementations geometrique sur les deux faces courtes.XVe siecle.,551,99.3,False,positional,,,OGGETTI IN LEGNO,,
BO0624_5718,69155,97,97,PETIT GUERIDON en bois de noyer avec un tiroir a quatre pieds.XVIl siecle.,555,98.0,False,positional,,,OGGETTI IN LEGNO,,
BO0624_5718,69156,98,98,PETIT PUPITRE en bois sculpte et dore.,559,96.1,False,positional,,,OGGETTI IN LEGNO,,
BO0624_5718,69157,99,99,"PETIT GUERIDON rond a trois pieds, sur socle triangulaire.Epoque Consulat.",560,96.6,False,positional,,,Meubles,,
BO0624_5718,69158,100,100,"CHAISE TABOURET en bois,a dossier droit et trois pieds, avec une legere ornementation sculptee dans le dossier.",564,98.2,False,positional,,,OGGETTI IN LEGNO,,
BO0624_5718,69159,101,101,"PETIT GROUPE en fer,representant la Sainte Vierge assise et l'Enfant Jesus dans les bras. Socle en fer avec petit",571,98.2,False,positional,,,Objets divers,,
BO0624_5718,69160,102,102,"PLAT CREUx en cuivre jaune decoréa godrons dans le bord en repousse et au centre une grande rosace en repousse, et autour une inscription en caracteres",576,98.7,False,positional,,,Objets divers,,
BO0624_5718,69161,103,103,"PETIT CADRE en bois sculpte et doré, avec un portrait en pate de riz de Joanna Tornabuoni tourneea droite,polychrome. XVI siecle.",581,93.9,False,positional,,,Objets divers,,Sec. XVI
BO0624_5718,69162,104,104,"PoRTRAIT de jeune femine costume Marie Antoinette. Cadre en bois noir,et bronze dore.Art francais.XVIll siecle.",586,98.2,False,positional,,,Objets divers,,
BO0624_5718,69163,105,105,"PETIT CADRE en bois tres finement sculpte a rosaces et feuillages en relief,",587,97.4,False,positional,,,Objets divers,,
BO0624_5718,69164,106,106,"HoRLOGE a poudre monte en ivoire, avec son étuis en bois clair.",592,96.8,False,positional,,,Objets divers,,
BO0624_5718,69165,107,107,PETITE TAssE et sous-coupe en bronze,593,94.7,False,positional,,,Objets divers,,
BO0624_5718,69166,108,108,LAMPE EN ARGENT portee par une statuette en bronze representant un sphinx,598,97.3,False,positional,,,Or et Argent,,
BO0624_5718,69167,109,109,"PETIT VASE en verre, a deux anses, pied circulaire et couvercle. Fabrique de Murano.XVII siecle.",603,97.9,False,positional,,Scuola di Murano,VASI,,
BO0624_5718,69168,110,110,"MINIATURE sur ivoire, tres fine, ovale, representant un jeune homme,a mi-corps, le bras droit appuie sur un écritoire. Commencementdu XIX siecle.Artfrancais.",606,98.7,False,positional,,,MINIATURE,,Sec. XIX
BO0624_5718,69169,111,111,"PANIER en bois, peint en rouge, avec manche et couvercle,avec decore de medaillons sculptes et dores en relief, portant un monogramme l'un, et des armoiries d'un cardinal l'autre. Travail venitien.XVIII siecle.",607,99.0,False,positional,,,OGGETTI IN LEGNO,,
BO0624_5718,69170,112,112,EPERON en fer avec ornementations de feurs et feuillages en argent agemine et eperon en fer avec ornementations ci seles.XVI siecle:,611,98.5,False,positional,,,Or et Argent,,
BO0624_5718,69171,113,113,"PoRTRAIT de jeune femme,vue de face avec grand chapeau bleu et plumes blanches. Epoque Marie Antoinette. Cadre bronze dore. Art francais.XVIIl siecle.",612,98.6,False,positional,,,Or et Argent,,
BO0624_5718,69172,114,114,"MEDAILLON en argent orne de stras, portant une miniature buste de femme poudree.XVIII siecle.",620,97.8,False,positional,,,MINIATURE,,
BO0624_5718,69173,115,115,"MEDAILLON forme par une guirlande en or finement ciselee entourant un buste romain en or avec la tete en pierre dure, le tout monte sur lapislazuli. Traces d'email dans la guirlande.",621,98.9,False,positional,,,Or et Argent,,
BO0624_5718,69174,116,116,"TABATIERE en or, avec miniature ovale, representant une femme a mi-corps,costume Louis XVI. Art francais. XVIlle siecle.",622,98.3,False,positional,,,MINIATURE,,
BO0624_5718,69175,117,117,"BusTE de jeune fille blonde, tournee a gauche, une feur de lys a la main. Cadre en bois doré.XVIl siecle.",628,98.1,False,positional,,ECOLE DE CARLO DOLCI,OGGETTI IN LEGNO,,
BO0624_5718,69176,118,118,"LA VIERGE assise,tournee legerement a gauche,nimbee, avec l'enfant sur ses genoux, un oiseau dans la main gauche, en bas un groupe d'hommes en priere. Fond d'or.Bois. XIVe siecle.",634,98.9,False,positional,,ECOLE OMBRIENNE,OGGETTI IN LEGNO,,Sec. XIV
BO0624_5718,69177,119,119,"L'ADORATION des Rois Mages.La Sainte Vierge debout avec l'Enfant Jesus dans le bras droit au milieu du peuple,pres d'un temple,recoit I hommages et les of. frandes des Rois. Toile. Cadre dore.",644,98.9,False,positional,BALDASSARRE PERUZZI,,,,
BO0624_5718,69178,120,120,"LA SAINTE VIERGE a mi-corps,nimbee, tenant dans ses bras I'Enfant Jesus. Toile. Cadre en bois dore.xVe siecle.",654,98.1,False,positional,PINTURICCHIO,,OGGETTI IN LEGNO,,
BO0624_5718,69179,121,121,"NIZZICA B°. QUATRE SUJETS de fleurs, fruits et animaux. Cadre en bois dore. Toile.",659,91.8,False,title_direct,NIZZICA B°,,OGGETTI IN LEGNO,,
BO0624_5718,69180,122,122,"ECOLE DE L'ALBANI. ScENE D'AMoURS jouant dans un paysage,avec deux temples romains dans le fond.Toile.Cadre en bois sculpte et dore.xVII siecle.",667,85.4,False,title_direct,,ECOLE DE L'ALBANI,OGGETTI IN LEGNO,,
BO0624_5718,69181,123,123,DEux VUEs du Tibre dans Rome. Ca,672,93.9,False,positional,,ECOLE DE L'ALBANI,,,
BO0624_5718,69182,124,124,"PETIT PORTRAITD'HOMME,buste tourne legerement a gauche et la tete de face, cheveux fottants, en costume a la VanDyck. Cadre en bois, tres finement sculpte et dore. Commencement du XVIII siecle.",677,98.9,False,positional,,ECOLE DE L'ALBANI,OGGETTI IN LEGNO,,Sec. XVIII
BO0624_5718,69183,125,125,"PETIT PORTRAIT de dame, vue de face, a mi-corps, en costume de la fin du XVI siecle,sur cuivre. Cadre en bois de poirier.",681,98.3,False,positional,,ECOLE DE L'ALBANI,OGGETTI IN LEGNO,,Sec. XVI
BO0624_5718,69184,126,126,SAFTLEVEN (Hermann) (1609-1685). PAYSAGE anime. Peinture sur panneau. Cadre noyer sculpte.,687,61.7,False,title_direct,SAFTLEVEN (Hermann),,PANNELLI,,Sec. XVII
BO0624_5718,69185,127,127,"LA CRUCIFIXION, plaquette en bronze, avec legere moulure au bord. Commen-",696,97.2,False,positional,MODERNO,,,,
BO0624_5718,69186,128,128,"PLAQtE de serrure en bronze dore, avec la figure de l'abondance debout, au milieu deux figures viriles assises, soutenant les cartouches du trou de la serrure. En haut des emblemes guerriers et deux candelabres aux cotes portant entre autres ornements,les armoiries des Visconti a gauche et des Aldobrandini a droite, avec deux poignees et deux boucles de serrure.Art forentin.XVI siecle.",701,99.5,False,positional,MODERNO,,CANDELABRI,,
BO0624_5718,69187,129,129,"AIGUIERE en bronze,avec figure d’homme",705,93.7,False,positional,MODERNO,,,,
BO0624_5718,69188,130,130,"LusTRE a quatre lumieres portees par des cygnes, en bronze cisele et dore suspendu par quatre chaines se reliant a une couronne, avec tige formee par un vase; au centre un amour aile. Art francais. Fin de Louis XVI.",710,94.8,False,positional,MODERNO,,LUSTRI,,
BO0624_5718,69189,131,131,"PLAQUETTE circulaire en bronze, avec l'Agnus Dei en leger relief au milieu entoure par un ornement gothique, et l'inscription Panis Vivus Agmus Dei.Art",719,98.7,False,positional,MODERNO,,,,
BO0624_5718,69190,132,132,"MARMITE en bronze a deux anses, le bord orne de tetes entourees de feuil",724,97.3,False,positional,MODERNO,,,,
BO0624_5718,69191,133,133,"BAisER de paix en bronze. La descente de la Croix.En cadrement d'architecture compose de deux pilastres soutenant un entablement surmonte d'un tympan, avec le Pere Eternel, sur la base un Cherubin. Traces de dorure. Art forentin.",729,80.5,False,positional,MODERNO,,,,
BO0624_5718,69192,134,134,"PETIT PLAT creux decoré,avec des rinceaux jaunes, petits traits bleus, et au centre une rosace blanche sur bleu.",739,98.2,False,positional,,,PIATTI,,
BO0624_5718,69193,135,135,GRANDE PLAQUE decoree avec un épi sode de la Via Crucis. Cadre en bois. XVII siecle.,747,97.6,False,positional,,,OGGETTI IN LEGNO,,Sec. XVII
BO0624_5718,69194,136,136,"VAsE de pharmacie avec anse plate et goulot et legende: Diamoron, sur l'anse dans une cartouche la vue d'un paysage et la date 1587.",753,98.5,False,positional,,,VASI,,Sec. XVI
BO0624_5718,69195,137,137,GRAND cORNET blanc avec des bandes circulaires et rinceaux bleu. Commencement du XVII siecle.,759,97.8,False,positional,,,Faiences et Porcelaines,,Sec. XVII
BO0624_5718,69196,138,138,"GRAND VASE rectangulaire, decore avec des dragons en relief et feurs et feuillages,le tout en bleu sur fond blanc. Porcelaine de Chine.",763,98.5,False,positional,,,VASI,,
BO0624_5718,69197,139,139,"MoDElE d'un fontaine, avec enfants, animaux et dans un écusson en haut de l'une des faces, la devise de la Chartreuse. XVII siecle.",769,98.4,False,positional,,,Faiences et Porcelaines,,Sec. XVII
BO0624_5718,69198,140,140,"Broc avec anse decorea graffito de feuil. lages,rubans et rosaces vertset jaunes sur fond blanc.Commencement duXVIsiecle. Haut.o.18.",775,98.5,False,positional,,,Faiences et Porcelaines,,
BO0624_5718,69199,141,141,PLAT decore avec des ornements jaunes terre de Sienne et bleu sur fond bleu. Cadre bois dore. XVI siecle.,779,98.1,False,positional,,,OGGETTI IN LEGNO,,Sec. XVI
BO0624_5718,69200,142,142,"PETIT BROc a anse et goulot decore, avec un ecusson portant les armoiries de la famille Ricasoli, entoure par une guirlande de feuillages jaunes et vertes;fond jaunatre. Fin du XVI siecle.",787,98.9,False,positional,,,Faiences et Porcelaines,,Sec. XVI
BO0624_5718,69201,143,143,"CoRNET (alberello) a dessin geometrique jaune et vert, et feuillages vertes et imbrications d'azur sur fond blanc.",795,98.2,False,positional,,,Faiences et Porcelaines,,
BO0624_5718,69202,144,144,"SIx TAssEs a cafe,avec differents decorations,femme,paysage,animaux av dorures.Porcelaine Dagoty.Epoque 1830.",807,98.2,False,positional,,,Faiences et Porcelaines,,Sec. XIX
BO0624_5718,69203,145,145,DEux PoTs (alberello) decores a ornementation de grands feuillages et arabesques bleus et jaunes sur fond blanc. XVI siecle.,811,98.4,False,positional,,,Faiences et Porcelaines,,Sec. XVI
BO0624_5718,69204,146,146,"GRAND CORNET de phrmacie decorea tres petits rinceaux bleu sur fond blanc, et une belle banderole bleue et jaune portant l'inscription Fagur Gofe.",814,98.6,False,positional,,,Faiences et Porcelaines,,
BO0624_5718,69205,147,147,"PLAT sur piedouche decore d'un cheval harnache, qui saute sortant d'une riviere, fond de paysage. XVI siecle.",822,98.1,False,positional,,,PIATTI,,Sec. XVI
BO0624_5718,69206,148,148,"DEUx CORNETs de pharimacie (alberello) avec belle banderole bleue,revers jaunes et verts.Avec legende Graf di Orso,un petit coq en haut et un écusson en bas avec les initiales M.I. B., croix double au dessus.",828,99.0,False,positional,,,Faiences et Porcelaines,,
BO0624_5718,69207,149,149,"PLAT CREUx, avec ornement geometrique forme par deux rubans entrelaces bleus, jaunes et verts, et un feuron au",836,98.2,False,positional,,,PIATTI,,
BO0624_5718,69208,150,150,"SALIERE formee par trois dragons ailes adosses, qui avec les ailes portent une petite cuvette decoree par un petit gé nie aile, gris sur fond bleu. Tons jaunes,",845,98.7,False,positional,,,Faiences et Porcelaines,,
BO0624_5718,69209,151,151,"PLAT CREUx decore avec la figure de Saint Antoine de Padoue debout,l'Enfant Jesus dans le bras gauche, et des feurs de Lys dans la main droite; fond de prairie avec des feurs de Lys jaunes",852,98.9,False,positional,,,PIATTI,,
BO0624_5718,69210,152,152,PLAT.Pasiphae et le taureau. XVI siecle.,859,95.0,False,positional,,,PIATTI,,Sec. XVI
BO0624_5718,69211,153,153,"CoRNET de pharmacie,ALBERELLO, de core avec deux suite de trianglesjaunes etverts alternes,sur fond blanc,etbandes azures avec ornements blancs tres legers inscription suivante sur une bande blan-",869,99.0,False,positional,,,OGGETTI VARI,,
BO0624_5718,69212,154,154,"GRAN PLAT, decore par la representa tion de lAdoration des Rois Mages.",879,66.0,False,positional,,,PIATTI,,
BO0624_5718,69213,155,155,"CoRNET(Alberello) decore avec un buste de guerrier romain casque en profl, avec lande a feuillages en bleu,blanc et jaune, le tout sur fond blanc. Marque de Casa",887,98.7,False,positional,,,Faiences et Porcelaines,,
BO0624_5718,69214,156,156,"GRANDE COUPE de forme circulaire evasee,portee sur un pied bas,au fond un medaillon circulaire avec des feuillages et fleurs sur fond jaune.Le reste de la coupe est bleu avec des branches de feurs jaunes et feuillages blanches, et sur une bande circulaire jaune des arabesques alternes avec la marque de Casa Pirota repetee plusieurs fois. Commen- cement du XVI siecle.",895,96.5,False,positional,,,Faiences et Porcelaines,,Sec. XVI
BO0624_5718,69215,157,157,"GRAND CORNET (Alberello) decore avec des branches de tulipes et feuilles jaunes, avec rinceaux bleus et noirs dans la banderole la legende de Costo Amao.Fin du xVe siecle.",903,98.8,False,positional,,,Faiences et Porcelaines,,
BO0624_5718,69216,158,158,GRouPE polycrhome representant la Sainte Creche.,909,95.9,False,positional,,,Faiences et Porcelaines,,
BO0624_5718,69217,159,159,"PLAT creux decore au centre par un buste d'homme barbu,tourne a droite couronne de laurier avec la legende Cha-Sio:le bord est orne par une ravissante decoration a rinceaux et feuillages bleus sur bleu (berrettino). Marque au revers. Commencement du XVI siecle. Diam.0.23.",913,99.3,False,positional,,,PIATTI,,Sec. XVI
BO0624_5718,69218,160,160,PLAT CREUx decore avec une ornementation geometrique jaune au centre et sur le bord une suite de rinceaux avec quatre rosaces en bleu sur fond blanc. XVI siecle.,917,98.8,False,positional,,,PIATTI,,Sec. XVI
BO0624_5718,69219,161,161,"PLAT a bords releves, sur pieduche. Au fond l'Agneau Pascal,et autour sur le bord une ornementation de pommes de pin et feuillages, le tout en demi relief, jaune sur fond azur et blanc. Reflets metalliques. Au revers des ornementations jaunes a reflets. XV siecle.",925,99.2,False,positional,,,PIATTI,,Sec. XV
BO0624_5718,69220,162,162,"GRANDE AIGUIERE en porcelaine, goulot en bronze cisele et decoré de deux rosaces en bleu dans la panse et fleurs et feuillages dans le goulot et a la base. Marquee en dessous. Une feuille. Porcelaine de la Chine.",931,99.0,False,positional,,,Faiences et Porcelaines,,
BO0624_5718,69221,163,163,"STATUETTE figure virile en terre cuite, assise, un petit cochon a gauche. Manquent les bras.XVIl siecle.",937,98.0,False,title_direct,,,Terre cuite,,
BO0624_5718,69222,164,164,"STATUETTE en terre cuite,representant Saint Jerome debout en lion a ses pied. Ecole de Bernini.XVIl siecle.",941,98.1,False,title_direct,BERNINI GIOVANNI LORENZO,Scuola di Bernini,Terre cuite,,
BO0624_5718,69223,165,165,"DEUX STATUETTES en bois polychrome representant deux anges, ailes debout, socles carrés et dores.XVIl siecle.",945,98.1,False,positional,,,OGGETTI IN LEGNO,,
BO0624_5718,69224,166,166,"BusTE de la Sainte Vierge, la tete légerement tournee a gauche.",949,96.8,False,positional,,,Sculptures,,
BO0624_5718,69225,167,167,"SuPPoRT torchere triangulaire en mar bre decore sur chacune des trois faces par une tete d'homme, sculpte en demi relief, legerement doree ainsi que les moulures qui contournent les trois faces du support.Fin du XV siecle.",961,99.1,False,positional,FRANCESCO DE SIMONE,,,,Sec. XV
BO0624_5718,69226,168,168,BusTE en terre cuite de jeune garcon tournelegerementagauche.Artforentin du commencement du XVI siecle.,969,98.1,False,title_direct,,,Terre cuite,,Sec. XVI
BO0624_5718,69227,169,169,PETIT TAPIS de table en velours rouge avec bordure brodee en or et soie a feurs. XVI siecle.,973,97.8,False,positional,,,Etoffes et tapis,,Sec. XVI
BO0624_5718,69228,170,170,"DEVANT D'AUTEL en satin blanc brode a feurs, oiseaux et volutes. Travail italien. Fin du XVI siecle.",976,98.0,False,positional,,,Etoffes et tapis,,Sec. XVI
BO0624_5718,69229,171,171,"CoUVERTURE de lit,en soie blanche a ramages feuris, signee avec des lettres de l'alphabet grec. XVIll siecle.",977,98.1,False,positional,,,Etoffes et tapis,,
BO0624_5718,69230,172,172,"GRANDE COUVERTURE de lit,en damas rouge a dessin de grands feuillages et feurs. Metres 16. Travail italien.",981,98.1,False,positional,,,Etoffes et tapis,,
BO0624_5718,69231,173,173,"GRAND TAPIS persan tissu a feurs et feuillages bleues et jaunes,au centre medaillon bleu a feurs,et large bordure a feurs et feuillages aux memes couleurs. Fin du XVI siecle.",987,98.9,False,positional,,,Etoffes et tapis,,Sec. XVI
BO0624_5718,69232,174,174,ANCIEN TAPIS oriental de Perse a dessin jaune sur fond bleu. XVI siecle.,991,69.0,False,positional,,,Etoffes et tapis,,Sec. XVI
BO0624_5718,69233,175,175,PolRE de Chenets en fer battu a tetes de beliers. XV siecle.,998,74.7,False,positional,,,Meubles,,Sec. XV
BO0624_5718,69234,176,176,"MEUBLE d'appui en bois de noyer,a deux corps a deux vantaux chacun, avec panneaux tres finement sculptes, cariatides a gaine, et socle orne de frise en relief.Art Florentin.XVI siecle.",1003,89.2,False,positional,,,OGGETTI IN LEGNO,,
BO0624_5718,69235,177,177,"CHAIRE en bois de noyer,a marque- terie dans le panneau et dans les pi liers, representant une croix et un pastoral et une croix processionelle croisee. XVI siecle.",1009,88.6,False,positional,,,OGGETTI IN LEGNO,,Sec. XVI
BO0624_5718,69236,178,178,"DREssciR en bois de noyer,a deux van- taux,cariatides sculptees, deux colonnes aux coins, et deux tiroirs, avec etagere a deux rayons, pieds avec tetes de seraphin sculptes. Art Florentin. XVI siecle.",1016,89.4,False,positional,,,OGGETTI IN LEGNO,,Sec. XVI
BO0624_5718,69237,179,179,"TABLE rectangulaire en bois de noyer, avec une frise tres finement sculptee dans la ceinture,portee par quatre pieds relies aux socles par quatre traverses. XVI siecle.",1020,95.4,False,positional,,,OGGETTI IN LEGNO,,Sec. XVI
BO0624_5718,69238,180,180,BALUsTRADE en bois de noyer.Art Flo,1025,94.6,False,positional,,,OGGETTI IN LEGNO,,
BO0624_5718,69239,181,181,"CoFFRE de mariage en bois de noyer, avec une cartouche sculptee portant des armoiries au milieu et legeres dorures. Art Florentin.XVI siecle.",1030,97.1,False,positional,,,BAULI,,
BO0624_5718,69240,182,182,"GLACE applique, avec cadre en bois sculpte et doré, tetes de lion en bas et en haut avec couronne. XVll siecle.",1034,98.2,False,positional,,,OGGETTI IN LEGNO,,
BO0624_5718,69241,183,183,PLATEAU en bois rectangulaire peint avec un sujet mascarade d'apres Longhi. Travail Venitien. XVIIl siecle.,1038,98.1,False,positional,,,OGGETTI IN LEGNO,,
BO0624_5718,69242,184,184,"CADRE en bois dore a grandes volutes, tete de femme en haut, style Sansovino, avec glace. XVI siecle.",1042,85.1,False,positional,SANSOVINO JACOPO,,OGGETTI IN LEGNO,,Sec. XVI
BO0624_5718,69243,185,185,"EcRAN en bois monte sur pied fine. ment sculpte a supports et festons et feuillages: dans l'interieur le chiffre c. m, brode en or sur soie verte. XVIII siecle. Haut.0.45.",1047,98.8,False,positional,,,ARREDAMENTI,,Sec. XVIII
BO0624_5718,69244,186,186,PETIT MEUBLE d'appui en bois anglais avec marqueteries noires et deux tiroirs. Haut.o.S55—Larg.0.595.,1048,98.0,False,positional,,,OGGETTI IN LEGNO,,
BO0624_5718,69245,187,187,"CADRE en bois de noyer, avec legeres dorures, portant une glace. Fin du XVI siecle.",1049,97.5,False,positional,,,OGGETTI IN LEGNO,,Sec. XVI
BO0624_5718,69246,188,188,"SocLE a gaine, en bois dore sculpté avec un feston descendant au milieu. Haut.1.52.",1053,97.6,False,positional,,,OGGETTI IN LEGNO,,
BO0624_5718,69247,189,189,"PETIT écran en bois, sur deux pieds avec deux miniatures sur parchemin representant deux scenes bibliques, signees G. C.",1054,98.3,False,positional,,,MINIATURE,,
BO0624_5718,69248,190,190,"DEUX CONSOLE ETAGERES en bois,avec decoration en bois sculpte et dore re. presentant deux aigles sur deux festons et trois tetes de femme. XVIll siecle. Haut.o.16-Long.o.85.",1058,98.8,False,positional,,,ARREDAMENTI,,
BO0624_5718,69249,191,191,"HoRLoGE avec carillon,et double sonnerie, dans sa gaine en bois d'ebene, avec decoration en bronze cisele et dore. La plaque et la revers portent linscription Christophorus Gould-Londini. XVIIl siecle.",1059,99.0,False,positional,,,OGGETTI IN LEGNO,,
BO0624_5718,69250,192,192,"HoRLoGE en bronze dore porte par quatre pieds, feuron en relief cisele de deux cotes avec un anneau en forme de serpent en haut. XVIIl siecle.",1063,98.6,False,positional,,,Meubles,,
BO0624_5718,69251,193,193,"GRAND MEUBLE d'appui a trois corps, en bois de noyer, de forme architectu rale,a petites colonnes torses,portant des statuettes en bois sculpte.",1064,98.6,False,positional,,,OGGETTI IN LEGNO,,
BO0624_5718,69252,194,194,"PAiRE de colonnes supports, en bois, en haut eta la baseune bordurea feuillages en pate de ris, doree. Epoque Premier Empire.",1068,98.4,False,positional,,,OGGETTI IN LEGNO,,
BO0624_5718,69253,195,195,"TABLE avec plan échancre a tiroir, porte par huit colonnes torses reliees par quatre traverses a croix. XVIl siecle.",1072,98.3,False,positional,,,Meubles,,
BO0624_5718,69254,196,196,"PETITE TABLE rectangulaire en bois de noyer,a borde releve, tiroir, et portée par deux pieds a lyre.XVIl siecle.",1076,98.2,False,positional,,,OGGETTI IN LEGNO,,
BO0624_5718,69255,197,197,"TABLE a jeu en bois de noyer,a coins arrondis avec bordures en marqueterie claire, porte par quatre pieds.",1080,98.1,False,positional,,,OGGETTI IN LEGNO,,
BO0624_5718,69256,198,198,AiGUIERE en bois peint. Travail Venitien.XVII siecle.,1084,96.2,False,positional,,,OGGETTI IN LEGNO,,
BO0624_5718,69257,199,199,"CoLoNNE en bois avec socle et chapiteau, decoree une ornementation a dessin de feuillages spirales en or. Art Venitien. XVIl siecle.",1088,98.5,False,positional,,,OGGETTI IN LEGNO,,
BO0624_5718,69258,200,200,"PETIrE ETAGERE d'applique, en bois, avec dorures.",1092,95.8,False,positional,,,OGGETTI IN LEGNO,,
BO0624_5718,69259,201,201,SocLE en bois sculpte et dore sur fond gris a feuillages.,1103,96.6,False,positional,,,Objets divers,,
BO0624_5718,69260,202,202,PoRTE HORLOGEenbois sculpteet dore. Travail Venitien.XVII siecle.,1107,96.9,False,positional,,,Objets divers,,
BO0624_5718,69261,203,203,PETIT VASE circulaire en bronze avec incrustations en argent. Art Persan.,1115,97.3,False,positional,,,Objets divers,,
BO0624_5718,69262,204,204,"DEUX DEVANT D'AUTELen cuir de Cordove imprime et polichrome;le dessin a ramages or et argent sur fond vert;au milieu un medaillon representant dans l'un l'Annonciation, dans l'autre St Louis",1119,99.0,False,title_direct,,,Or et argent,,
BO0624_5718,69263,205,205,TETE EN MARBRE representant un guer-,1124,94.6,False,positional,,,Objets divers,,
BO0624_5718,69264,206,206,PORTRAIT DE JOSEPHINE BONAPARTE,1133,93.9,False,positional,,,Objets divers,,
BO0624_5718,69265,207,207,DEUX PETITS PLATS en cuivre jaune;,1135,94.3,False,positional,,,Objets divers,,
BO0624_5718,69266,208,208,PETITE AIGUIERE et plateau circulaire en verre. Fabrique de Murano. XVII siecle.,1142,97.5,False,positional,,Scuola di Murano,Objets divers,,Sec. XVII
BO0624_5718,69267,209,209,"PLAT EN CUIVRE jaune,au centre un ange aile qui tient de ses deux mains deux écussons,autour une inscription en caracteres gothiques. Fin du XV s.",1149,98.6,False,positional,,,Objets divers,,
BO0624_5718,69268,210,210,"MEDAILLoN ovAL en ecume de mer, re presentant Junon assise en profl a gauche. Cadre en bois avec guirlande sculptee. XVIII siecle.",1153,98.4,False,positional,,,Objets divers,,Sec. XVIII
BO0624_5718,69269,211,211,"BorrE cylindrique en ivoire avec cou- vercle,montee en bronze doré. XVI siecle.",1158,68.4,False,positional,,,Objets divers,,Sec. XVI
BO0624_5718,69270,212,212,PeTITE CoUPE en verre de forme spherures.Fabrique de Murano.XVI siecle. roide sur pied circulaire avec legeres doHaut.,1162,73.7,False,positional,,Scuola di Murano,Objets divers,,
BO0624_5718,69271,213,213,PoRTE EUF en argent perce a jour et bordure en émail a feurs et trois medaillons a figures en émail. Travail Vénitien. XVIIl siecle.,1167,90.5,False,positional,,,Or et Argent,,
BO0624_5718,69272,214,214,"DEUX CHANDELIERS en argent de forme carree, avec ornements repousses et ci seles. Marque d'orfevre francais. XVIII siecle.",1169,97.5,False,positional,,,CANDELABRI,,Sec. XVIII
BO0624_5718,69273,215,215,"BAGUE en or avec rubis cabochon entoure de diamants, montes en argent. XVIII siecle.",1173,88.9,False,positional,,,Or et Argent,,Sec. XVIII
BO0624_5718,69274,216,216,ENcENsoIR en argent repousse et cisele. Diam.0.21X0.14.,1175,96.4,False,positional,,,Or et Argent,,
BO0624_5718,69275,217,217,"ENcENsoIR en argent ajoure,repousse et cisele; decore a tetes d'anges et vo lutes.",1177,71.4,False,positional,,,Or et Argent,,
BO0624_5718,69276,218,218,"ECOLE VENITIENNE. LA SAINTE VIERGE assise, tenant sur ses genoux l'Enfant Jesus qui caresse Saint Jean.Deux anges tiennent une couronne sur la tete de la Madone. Fond de paysage des deux cotes.",1183,86.7,False,title_direct,,ECOLE VENITIENNE,,,
BO0624_5718,69277,219,219,"CLASSEN 1669. PoRTRAIT a micorps de lacademicien Benjamin Block, habille de rouge, couronne de feurs,une pelle dans la main gauche. Signe.Toile. Cadre en bois dore.",1192,96.4,False,title_direct,CLASSEN,,OGGETTI IN LEGNO,,Sec. XVII
BO0624_5718,69278,220,220,"CoLLECTIONs de dessins et estampes du XVI et XVII siecle,dans une cou verture de livre en cuir avec dorurea petits fers du XVIl siecle.",1197,98.5,False,title_direct,,,Estampe,,Sec. XVII
BO0624_5718,69279,221,221,"CALLOT BERAIN. Dix SEPT estampes de differents sujets et dimensions,montees en passe-partout dans un tres joli cadre-Louis XVI-en bois sculpte et dore.XVIl siecle.",1203,94.9,False,title_direct,CALLOT,,Estampe,,
BO0624_5718,69280,222,222,"GUIDO RENI et GIULIO ROMANO. ONZE DEssINs originaux representant: huit des allegories des vendanges,deux des scenes musicales et une scene d'a mour. Passe-partout dans un cadre en bois sculpte et dore.",1209,91.9,False,title_direct,GIULIO ROMANO,,OGGETTI IN LEGNO,,
BO0624_5718,69281,223,223,GALLI DIT. IL BIBBIENA 1657-1745. DEUX VUES D'ARCHITECTURE peintes sur cuivre. Cadre en bois dore. Haut.o.15—Long.0.31.,1215,83.0,False,positional,GALLIDITILBIBBIENA,,OGGETTI IN LEGNO,,Sec. XVII
BO0624_5718,69282,224,224,"ECOLE FRANCAISE, PoRTRAIT d'Elisa Baciocchi,a mi-corps decolletee, la tete tournee a gauche. Cadre en bois sculpte et dore.XIX siecle.",1218,92.7,False,title_direct,,ECOLE FRANCAISE,OGGETTI IN LEGNO,,
BO0624_5718,69283,225,225,"ECOLE VENITIENNE. UNE NIMPHE a demi-couchee tournant le dos,avec un satyre, deux amours dont l'un apporte des feurs et l'autre serre la jambe gauche de la Nimphe. Cadre dore.Fin du XVI siecle.",1224,87.6,False,title_direct,,ECOLE VENITIENNE,,,Sec. XVI
BO0624_5718,69284,226,226,"WINKERBOOMS.  (1678). PAysAGE, a gauche un grand arbre. Sur ses branches voltigent des oiseaux, en bas un petit étang avec des oiseux, un paysan a cheval suivi par des brebis monte la colline. Montagne dans le loin-",1233,95.7,False,title_direct,WINKERBOOMS,,,,Sec. XVII
BO0624_5718,69285,227,227,"CALIcE en bronze dore avec ornements ciseles dans le pied,noeud a godrons et coupe en argent. xV siecle.",1240,83.5,False,positional,,,OGGETTI VARI,,
BO0624_5718,69286,228,228,"DEUx LIoNs en bronze,accroupis. XVIl siecle.",1245,95.5,False,positional,,,Bronzes,,
BO0624_5718,69287,229,229,PAIRE DE CHANDELIERS en bronze avec écussons portant des armoiries gravees dans le noeud. Fin du XVI siecle.,1250,79.8,False,positional,,,CANDELABRI,,Sec. XVI
BO0624_5718,69288,230,230,HuIT PLAQUETTES en bronze pour croix,1254,94.7,False,positional,,,Bronzes,,
BO0624_5718,69289,231,231,"DEUX STATUETTES en bronze dore usr socle en bois,representant deux femmes avec une guirlande a la main. Epoque Louis XIV.",1256,98.3,False,positional,,,OGGETTI IN LEGNO,,
BO0624_5718,69290,232,232,"STATUETTE en bronze. Un ange aile debout, le bras gauche tendu;le vetement tres finement drape. Socle en bois. XVI siecle.",1260,98.3,False,positional,,,OGGETTI IN LEGNO,,Sec. XVI
BO0624_5718,69291,233,233,"PoRTE FLAMBEAU. Un amour en bronze dore, tenant dans la main gauche un fambeau, pose sur un socle triangulaire en marbre d'Urbino a trois tetes de Cherubins sculptees. La statuette en bronze art francaisfin du XVIII siecle,le socle art italien commencement du XVI siecle.",1266,99.3,False,positional,,,Bronzes,,Sec. XVIII
BO0624_5718,69292,234,234,"GRANDE BUIRE en bronze, le goulot forme par une tete d'animal aile. Art Florentin. XVI siecle.",1270,84.7,False,positional,,,Bronzes,,Sec. XVI
BO0624_5718,69293,235,235,"GRAND PLAT a ombilic et goudrons, portant au centre un écusson avec des armoiries et une couronne de marquis en bleu. XVII siecle.",1282,85.2,False,positional,,,PIATTI,,Sec. XVII
BO0624_5718,69294,236,236,PLAT creux decore avec une scene du nasso.,1288,95.3,False,positional,,,PIATTI,,
BO0624_5718,69295,237,237,"PETIT coRNET de pharimacie decore avec un medaillon portant un buste de jeune homme,et le reste a compartiments en vert jaune et bleu avec dauphins,feurs et rinceaux de feuillages. XVI siecle.",1295,99.0,False,positional,,,Faiences et Porcelaines,,Sec. XVI
BO0624_5718,69296,238,238,"PETITE cOUPE a deux anses, avec feurs et feuillages dans l'interieur et au revers, marquee en bas. Xve siecle.",1301,98.1,False,positional,,,ARREDAMENTI,,
BO0624_5718,69297,239,239,"PLAT creux sur piedouche, au centre decore par un petit enfant bleu sur fond blanc, et le reste du plat formant un treillis ajoure blanc. XVI siecle.",1307,98.6,False,positional,,,PIATTI,,Sec. XVI
BO0624_5718,69298,240,240,"VAsE a panse decore a feurs de lys en haut et a feuilles en bas, jaune sur fond gris. Reflets metalliques. XVI siecle. Haut.0.155.",1319,98.4,False,positional,,,VASI,,Sec. XVI
BO0624_5718,69299,241,241,"PETIT PLAT sur piedouche decore avec des grappes de raisin, feurs et feuillages et quatre petits oiseaux.XVI siecle.",1323,98.3,False,positional,,,PIATTI,,
BO0624_5718,69300,242,242,CuvETTE et Buire blanches. XVII siecle.,1331,94.9,False,positional,,,Faiences et Porcelaines,,Sec. XVII
BO0624_5718,69301,243,243,"PLAT sur piedouche,a bord releve portant au centre un écusson avec les armoiries des comtes Bardi de Florence. Couronne et leger ornement sur le bord. Fin du XVe siecle.",1341,98.8,False,positional,,,PIATTI,,Sec. XV
BO0624_5718,69302,244,244,"VAsE de pharmacie, a goulot et anse, decore d'une guirlande genre Robbia, deux dauphins bleus t les armoiries de la famille Peruzzi de Florence; sous la banderole portant la legende.",1347,98.9,False,positional,DELLA ROBBIA ANDREA,,VASI,,
BO0624_5718,69303,245,245,STATUETTE. Venus accroupie. Biscuit de la Fabrique Ginori. Fin du XVIII siecle.,1355,97.4,False,positional,,,BISCOTTI,,Sec. XVIII
BO0624_5718,69304,246,246,"DoUBLE PLAQUE rectangulaire de carrelage,avec deux écussons portant chacun une sigle gothique ou initiale G,a la Croix triple en noir sur fond blanc; legers ornements a feuilles bleues. xVe siecle.",1361,99.0,False,positional,,,OGGETTI VARI,,
BO0624_5718,69305,247,247,"PAIRE DE GRANDS VASES en majolique de forme evasee avec deux anses pein· tes en rouge,pied circulaire orne de deux medaillons bustes de femme et homme romains au grisaille sur fond d'or, ornements a feuillage dores.",1364,99.1,False,positional,,,OGGETTI VARI,,
BO0624_5718,69306,248,248,BoiTE ronde decoree avec des arabesques et feurs bleus et jaunes sur fond blanc. Sur une banderole on lit:Ligni Aloes. XVI siecle.,1370,91.3,False,positional,,,SCATOLE,,Sec. XVI
BO0624_5718,69307,249,249,"CoUvERCLE de tabatiere, representant la cene de Falstaff. Cadre en bois sculpte et dore. Au revers bouquets de fleurs sur fond blanc. Porcelaine de Meissen. XVIII siecle.",1375,94.7,False,positional,,Scuola di Meissen,OGGETTI IN LEGNO,,Sec. XVIII
BO0624_5718,69308,250,250,VAsE de pharmacie a goulot et anse,1380,94.4,False,positional,,,VASI,,
BO0624_5718,69309,251,251,"CoRNET de pharmacie (alberello) decore avec le Saintes Clefs, une bleu I'autre jaune, entourees par une guirlande de feurs et fruits et sur une banderole la legende Go. Ossari. Marque au revers 1551.",1387,97.7,False,positional,,,Faiences et Porcelaines,,Sec. XVI
BO0624_5718,69310,252,252,PETIT CORNET(alberello) decore a feuilles vertes et la marque de casa Pirota en bleu entre les feuillages sur fond blanc. XVI siecle.,1392,98.5,False,positional,,,Faiences et Porcelaines,,Sec. XVI
BO0624_5718,69311,253,253,"CoRNET de pharmacie (alberello) légerement retreci au centre,decoréa compartiments polychromes,avec ornementations de feuillages a couleurs contrariees, et au centre dans un medaillon un demi-buste de femme sur fond jaune; dans une banderole blanche la legende: Pill. Aurae. Prem.moitie XVI siecle.",1396,99.3,False,positional,,,Faiences et Porcelaines,,Sec. XVI
BO0624_5718,69312,254,254,"PLAT sur piedouche aux bords saillants. St. Jerome agenouille tourne a droite, la croix dans la main gauche, se frappant la poitrine avec la droite.Fond de paysage.Au revers la date 1543.",1405,88.1,False,positional,,,PIATTI,,Sec. XVI
BO0624_5718,69313,255,255,"Broc avec anse, decore par trois bustes de femme en profl avec ornementation de feuillages a rinceaux en jaune vert et blanc, fond brun.Fin XV siecle. Haut.0.21.",1411,95.5,False,positional,,,Faiences et Porcelaines,,Sec. XV
BO0624_5718,69314,256,256,PETIT CORNET (alberello) decore par une guirlande a fleurs et feuillages et arabesques rinceaux et grecques polichromes tres belles sur fond bleu. Commen- cement du XVI siecle.,1416,92.3,False,positional,,,Faiences et Porcelaines,,Sec. XVI
BO0624_5718,69315,257,257,"GRAND BEAU VASE cilindrique (alberello) retréci en haut eta la base, decore par trois rangees des trefes reliees par un leger rinceau qui enveloppe chaque feur de trefles, le tout a leger reliefs. Fond jaunatre et legere teinte vert, email magnifique. Commencement du XVI siecle.",1421,99.3,False,positional,,,VASI,,Sec. XVI
BO0624_5718,69316,258,258,"GRAND CORNET (alberello) decore de la figure de Saint Francois fond de paysage; entoure de tres grandes feuillages en bleu,jaune et rouge fonce sur fond blanc.XV siecle.",1428,98.8,False,positional,,,Faiences et Porcelaines,,
BO0624_5718,69317,259,259,"PLAT CREUx. Au fond la figure d'un moine tourne a droite agenouille devant la croix entre deux cypres. Le bord decore a triangles et feurs stylises,jaune rougeatre sur fond blanc. Reflets metalliques.XVe siecle",1438,99.0,False,positional,LEMOINE,,PIATTI,,
BO0624_5718,69318,260,260,"VAsE cylindrique,(alberello)retreci légerement en haut et en bas, decore de feuillages et feurs bleus et jaunes sur fond blanc d'un cote;une belle guirlande de feuillages en vert et jaune,renfermant une armoirie rouge avec bande en travers dentelee jaune, chargee d'un lion blanc, de l'autre cote. XVe siecle.",1444,99.3,False,positional,,,VASI,,Sec. XV
BO0624_5718,69319,261,261,"PLAT sur piedouche a bord releve;au centre en demi relief la Madone a micorps ayant I'Enfant Jesus dans ses bras et tete Cherubin, d'apres Donatello,fond de paysage. Sur le bord des fammes ondoyantes et cerises rouges en demirelief lave d'azur sur terre de Sienne, fond blanc. Reflets metalliques.Au revers la marque de M: Giorgio.",1452,99.4,False,positional,,,PIATTI,,
BO0624_5718,69320,262,262,"MEDAILLON decoré d'un écusson avec les armoiries des Medicis;une tete de Cherubin en haut et rubans ondoyants, entoure d'une belle guirlande de feuillages et fruits, dans le style des Della Robbia,le tout sur fond bleu. Signe au revers P.XV siecle. (Voyez Guasti:Le maioliche di Cafaggiolo,pag.241).  Diam.0.225.  Voir illustration,planche 12.  ## Fabrique\_de Pesaro.  - GRAND PLAT,au centre un écusson surmonte du chapeau de Cardinal, avec les armoiries Passerini de Cortonetaureau couche tournea gauche sur fond bleu en bas -au chef les armoiries de Medicis—aux deux cotes le mot Viva; le bord decore d'imbrications et feuillages polychromes.  Commencement du XVI siecle.  (Ce plat a éte fait en 1513 en 1honneur de l'exaltation de Monseigneur Silvio Passerini Legat de Leon X,au Cardinalat).  Voir illustration,planche 12.  ## Fabrique de Pise.  - GRAN PLATaux bordsreleves.La Croix rouge de l'ordre équestre de Saint Etienne ——au fond -et autour une ornementation de demi-cercles verts, sur fond demi-blanc.XVIesiecle.  Diam.0.34.  Voir illustration,planche 12. ## Fabrique de Cafaggiolo.  -Broc avec anse decoré des armoiries du Pape Leon X (Medicis) surmontees par la Tiare et les Saintes Clefs, entourees d'ornementations jaunes et bleus. Le tout sur fond blanc. Commencement du XVI siecle.  (Marque de Cafaggiolo inconnue).  Voir illustration,planche 12.  Haut.0.275.  ## Fabrique d'Urbino.  —DEUx VAsES de pharmacie, aiguieres, agoulot et anse aux armoiries des Medicis et d'Autriche avecla couronne ducale. Une decoration tres-fine de grotesques et chimeres disposees symmetriquement, sur fond blanc. Le goulot borde d''un rang de oves. Tons en rouge, jaune, vert-clair et bleu. Dans la banderole la legende: Sy.acetos. Di Dia. l'un,et Sy. D.Bisanti ac.l'autre. XVIe siecle.  (Ces vases ont éte faits a l'occasion du mariage de Francois I, et Joanne d'Autriche).  Voir illustration,planche 12.  Haut.0.24.  ## Fabrique de Florence.  PLAT sur piedouche a bord releve,can- nele, decoré au centre par un écusson aux armes des Medicis avec couronne Ducale; legere branche de feuillages au bord, le tout sur fond blanc. Au revers marque Fir-za.XVI siecle.  (Unique exemplaire connu avec cette marque).  Diam.0.251.  ## Fabrique de Montelupo.  GRAND BROc, a bec et anse decore de la couronne ducale et les armoiries des Medicis; ornementations vertes autour de l'écusson et sur l'anse. XVIe siecle.  Haut.0.29.  ## Fabrique de Faenza.  - —CoRNET aux armes des Medicis, decore a marguerites et branches blanches, sur fond bleu.  Commencemente du XVI siecle. Marque de Casa Pirota.  Haut.0.21.  ## Fabrique de Sienne.  - —Broc a bec et anse avec un écusson portant les armoiries de la ville de Sienne et des Medicis; couronne entre les initiales S.S. XVIe siecle.  Haut.0.20.  BuIRE avec les armoiries Medicis et Sienne surmontees par la couronne Ducale, en noir sur fond gris.  Haut.0.215.  ## Fabrique de Montelupo.  - -GRAN CORNET (alberello)avec un écusson portant les armoiries des Medicis avec couronne et arabesques verts, fond blanc. Fin XVI siecle.  Haut.0.29.  ## Fabrique de Sienne.  - -PETIT BROc, aux armes de la ville de Sienne et des Medicis, surmontee par - une couronne; initiales M. S.  XVI siecle.  Haut.0.15.  ## Fabrique de Montelupo.  - BuIrE avec manche, decore d'un ecusson portant les armoiries des Medicis avec la couronne Ducale; ornements verts de - deux cotes.  XVI siecle.  Haut.o.21. ## Fabrique de Florence.  - -VAsE a deux anses, avec un écusson portant les armoiries des Medicis et couronne Ducale, sur fond blanc. XVI siecle.  Haut.0.20.  ## Fabrique de Sienne.  - PETITE BUIRE avec les armoiries Medicis et Sienne, surmontees par la couronne Ducale.  Haut.o.13.",1503,19.2,False,positional,DELLA ROBBIA ANDREA,Scuola di Giovanni Della Robbia,OGGETTI VARI,,Sec. XVI
BO0624_5718,69321,263,263,"GRAND BAssIN decore de branches de feurs et un oiseau, sur fond blanc. An- cienne porcelaine de la Chine.",1578,80.7,False,positional,,,Faiences et Porcelaines,,
BO0624_5718,69322,264,264,"STATUETTE en bois de petit enfant nu, debout, les cheveux boucles tombant sur le dos. Restes de dorure.",1587,98.0,False,positional,,,OGGETTI IN LEGNO,,
BO0624_5718,69323,265,265,BAs RELIEF en mabre representant une tete d'homme en profl a gauche avec couronne. XVI siecle.,1593,97.9,False,positional,,,BASSORILIEVI,,Sec. XVI
BO0624_5718,69324,266,266,"BAs RELIEF en papier mache polychrome, representant 1'Annonciation. Cadre en bois noir. Art Venitien. Fin XVI siecle.",1597,98.2,False,positional,,,BASSORILIEVI,,Sec. XVI
BO0624_5718,69325,267,267,"STATUETTE en albatre,representant la Sainte Vierge debout avec l'Enfant Jesus dans le bras gauche; traces de dorure sur le vetement,renfermee dans un tabernacle en bois.XVl siecle.",1601,98.9,False,positional,,,OGGETTI IN LEGNO,,
BO0624_5718,69326,268,268,"DEUX sTATUETTES en bois polycrome et dore,representant deux anges debout tenant chacun un vase dans les mains; socle en bois polycrome et dore.",1607,98.6,False,positional,,,OGGETTI IN LEGNO,,
BO0624_5718,69327,269,269,BAs RELIEF en terre-cuite representant la Sainte Vierge et I'Enfant Jesus qui sort de ses bras pour courir vers Saint Joseph agenouille. Trois anges dans les nuages. Fond de paysage et colonne a gauche.,1615,99.0,False,positional,,,BASSORILIEVI,,
BO0624_5718,69328,270,270,VoiLE en soie blanche avec broderie representant la Madone de Loreto;bouquets de feurs aux quatre coins. XVIIl siecle.,1623,98.3,False,positional,,,Etoffes et tapis,,
BO0624_5718,69329,271,271,"DEUx PETITs rideaux brodes a point de Hongrie, dessin a flammes.",1627,96.9,False,positional,,,BIANCHERIA,,
BO0624_5718,69330,272,272,"PETIT TAPIS de table en damas bleu a rainures, brode en argent aux bords et rosace au centre. XVIII siecle.",1631,98.1,False,positional,,,Etoffes et tapis,,Sec. XVIII
BO0624_5718,69331,273,273,BROCATELLEa grand ramageset fleurs jaunes sur fond bleu. XVIl siecle.,1635,97.1,False,positional,,,Etoffes et tapis,,
BO0624_5718,69332,274,274,"TAPIssERIE, au centre grande écusson portant des armoiries a la bande blanche dentelee et deux feurs de lys jaunes sur fond bleu, surmonte d'un casque avec un paon dessus et la devise In pace et belloperspicaces.Bordurea cartouches et rinceaux,oiseaux aux quatre coins. Travail Flamand.",1641,99.3,False,positional,,,Etoffes et tapis,,
BO0624_5718,69333,275,275,"TABLE SECRETAIRE en bois de noyer a deux tiroirs dans linterieur,cppuye sur deux pieds a lyre reunis par deux traverses. XVIl siecle.",1648,89.3,False,positional,,,OGGETTI IN LEGNO,,
BO0624_5718,69334,276,276,"MEUBLE d'appui en bois de noyer, a deux corps et a deux vantaux chacun; pilastres canneles dans la partie supe de tiroirs inte. rieure avec beaucoup rieurs. XVI siecle.",1653,85.2,False,positional,,,OGGETTI IN LEGNO,,Sec. XVI
BO0624_5718,69335,277,277,"DREssOIR en bois de noyer, a deux vantaux et a deux tiroirs; cariatides sculptees en face et deux colonnes aux avec deux tetes deseraphin sculptes.Art coins;etagerea deux rayons dessus,pieds Florentin.XVi siecie.",1658,82.0,False,positional,,,OGGETTI IN LEGNO,,
BO0624_5718,69336,278,278,"CoFFRE fort en bois avec couvercle,a serrure en fer exterieure. Art gothique espagnole. Commencent XVI siecle.",1663,98.2,False,positional,,,BAULI,,Sec. XVI
BO0624_5718,69337,279,279,"VITRINE avec decorations a rinceaux sculptes et dores,portee par quatre",1667,97.3,False,positional,,,Meubles,,
BO0624_5718,69338,280,280,"GiAcE avec cadre en bois tres finement sculpte; guirlande en haut et festons retombants des deux cotes du cadre,et",1672,98.3,False,positional,,,OGGETTI IN LEGNO,,
BO0624_5718,69339,281,281,PENDULE againea poids en bois de noyer avec une statuetted'un amour en bronze dore. La plaque de l'horloge en bronze cisele porte l'inscription:VespasianiRoma.,1679,98.7,False,positional,,,OGGETTI IN LEGNO,,
BO0624_5718,69340,282,282,"MEUBLE D'APPUI en bois de noyer avec ornements sculptes, quatre colonnes portent un plan au dessus. Fin XVI siecle. Haut.1.16—Long.o.69—Larg.o.445.",1683,98.6,False,positional,,,OGGETTI IN LEGNO,,Sec. XVI
BO0624_5718,69341,283,283,"GRAND FAUTEUIL en bois de noyer avec ornements sculptes a leger relief, monte en damas vert.Fin XVII siecle. Haut.1.29.",1684,97.5,False,positional,,,OGGETTI IN LEGNO,,Sec. XVII
BO0624_5718,69342,284,284,"TABLE console en boisportee par quatre pieds decores de tetes de sphinx,sculptees et dorees, plan en marbre blanc.  XVIII siecle.",1685,76.4,False,positional,,,Meubles,,Sec. XVIII
BO0624_5718,69343,285,285,TABLE en bois de noyer qui pose sur,1692,94.6,False,positional,,,OGGETTI IN LEGNO,,
BO0624_5718,69344,286,286,GRAND TABLE en bois de noyer a godrons dans le bord du plan et appuyee sur quatre pieds a colonne relies par quatre traverses. XVI siecle.,1697,98.6,False,positional,,,OGGETTI IN LEGNO,,Sec. XVI
BO0624_5718,69345,287,287,"CADRE pour glace a trois compartiments, aux cotes deux figures Apollon",1701,97.2,False,positional,,,Meubles,,
BO0624_5718,69346,288,288,LUsTRE en cristal de Venise: XVII siecle.,1706,95.1,False,positional,,,LUSTRI,,Sec. XVII
BO0624_5718,69347,289,289,"GRANDE COMMODE en bois de noyer a cinq tiroirs, avec deux cariatides figure de femme et tetes de lion sculptees. Travail Florentin.XVI siecle.",1710,98.6,False,positional,,,OGGETTI IN LEGNO,,
BO0624_5718,69348,290,290,Gl.ACE rectangulaire avec cadre en bois dore et sculpte a rinceaux et feuillages; portee par deux pieds a rinceaux. XVIll siecle.,1714,76.2,False,positional,,,OGGETTI IN LEGNO,,
BO0624_5718,69349,291,291,"HARPE, avec ornements sculptes et dorés. XVII1 siecle.",1718,96.2,False,positional,,,OGGETTI VARI,,
BO0624_5718,69350,292,292,"FAUTEuIL en bois de noyer a dossier droit,recouvert en ancien velours rouge. XVI siecle.",1722,97.7,False,positional,,,OGGETTI IN LEGNO,,Sec. XVI
BO0624_5718,69351,293,293,"ETAGERE en bois de noyer,a deux rayons pour dressoir;godrons en relief, porte par quatre pieds de lion.Art Florentin.XVI siecle.",1726,98.4,False,positional,,,OGGETTI IN LEGNO,,
BO0624_5718,69352,294,294,"PAIRE DE CHAISE en bois de noyer a dossier droit decore des petits medaillons,recouverts avec ancien damas venitien rose a bouquets de fleurs.",1730,98.6,False,positional,,,OGGETTI IN LEGNO,,
BO0624_5718,69353,295,295,"DEUX FATEUILS en bois de noyer, avec cygnes sculptes recouverts en moire bleu clair. Fin XVIII siecle.",1736,98.0,False,positional,,,OGGETTI IN LEGNO,,Sec. XVIII
BO0624_5718,69354,296,296,"PETITE ARMOIRE a deux vantaux avec dorures, portee par quatre pieds de lion.",1740,97.4,False,positional,,,Meubles,,
BO0624_5718,69355,297,297,"PoRTE HORLOGE en forme de tabernacle enbois,avec ornements sculptes et dores. XVII siecle.",1744,97.8,False,positional,,,OGGETTI VARI,,Sec. XVII
BO0624_5718,69356,298,298,BERGERE en bois de noyer recouverte en ancien satin jaune a feurs. XVIII siecle.,1748,97.5,False,positional,,,OGGETTI IN LEGNO,,Sec. XVIII
BO0624_5718,69357,299,299,"CHAISE en bois de noyer,a dossier droit et cartouches sculptees avec dorures. XVI siecle.",1752,97.8,False,positional,,,OGGETTI IN LEGNO,,Sec. XVI
BO0624_5718,69358,300,300,"TABLE de nuit en bois de cerisier, avec legeres frises finement sculptes, pieds carres.",1756,97.7,False,positional,,,OGGETTI IN LEGNO,,
BO0624_5718,69359,301,301,"PETIT sOcLE en bois, porte par quatre pieds, avec ornements en bronze cisele et dore.XVIII siecle.",1765,85.5,False,positional,,,Objets divers,,
BO0624_5718,69360,302,302,"PAIRE DE CARIATIDES en bois de noyer, sculptees. Art forentin.XVI siecle.",1768,64.8,False,positional,,,Objets divers,,
BO0624_5718,69361,303,303,"FRAGMENT d'un devant de coffre de mariage, avec une cartouche portant des armoiries,des figures de femme et des amours se terminant par des rinceaux. XVIe siecle.",1770,94.2,False,positional,,,Objets divers,,Sec. XVI
BO0624_5718,69362,304,304,"MEDAILLON representant le buste d'une jeune femme en profil,en cirepolychrome sur ardoise. Cadre en bronze dore.",1772,97.3,False,positional,,,Objets divers,,
BO0624_5718,69363,305,305,"PRESsEPAPIER recouvert en cuir, avec dorures a petits fers,poignee en bronze cisele et doré.",1774,74.8,False,positional,,,Objets divers,,
BO0624_5718,69364,306,306,BoITE RONDE en bois dore;decorée de deux rangees de godrons separes par une bande et couvercle a godrons. Art forentin.XVe siecle.,1775,98.5,False,positional,,,Objets divers,,
BO0624_5718,69365,307,307,"PLAT EN cUIvRE jaune decore de la figure de Saint George terrassant le dragon, en repousse. Fin du XVe siecle. Diam.0.37.",1776,97.1,False,positional,,,Objets divers,,Sec. XV
BO0624_5718,69366,308,308,"PAIRE de fambeaux en cuivre argente; colonne cannelee,sur pied carre,ornee a mascarons en relief. XVIlI siecle. Montes pour lumiere electrique. Haut.0.40.",1777,98.7,False,positional,,,Objets divers,,
BO0624_5718,69367,309,309,CisEAux en fer ciseles en or. XV siecle.,1778,95.0,False,positional,,,Objets divers,,Sec. XV
BO0624_5718,69368,310,310,"PETIT couTEAU en fer, avec les armoiries Strozzi et ornementations ciselees en or,manche en ivoire.",1779,83.1,False,positional,,,Objets divers,,
BO0624_5718,69369,311,311,"PORTRAIT DE JEUNE FEMME,Vue de face a mi-corps;une grappe de raisin dans la main gauche et un panier de raisin dans la droite:Miniature surivoire. Signee Faija 1835. Cadre en bronze, sculpte, cisele et doré.",1782,91.5,False,positional,,,Objets divers,,Sec. XIX
BO0624_5718,69370,312,312,"BassiN en cuivre, avec godrons a spi rale en repousse dans le centre. XVI siecle.",1784,69.9,False,positional,,,Objets divers,,Sec. XVI
BO0624_5718,69371,313,313,PoRTE PARFUM en argent en forme de poisson.,1789,95.5,False,positional,,,Or et Argent,,
BO0624_5718,69372,314,314,"ENcENsoIR en argent, avec un petit ange en haut et six tetes d'anges. Ornementations en repousse a dessin geometrique.",1790,98.3,False,positional,,,Or et Argent,,
BO0624_5718,69373,315,315,"CALICE en argent cisele, decore a volutes et tetes d'anges.",1791,96.6,False,positional,,,Or et Argent,,
BO0624_5718,69374,316,316,"LAMPE d'église en argent, de forme ovoide a trois festons en relief soutenue par trois chaines. XVIl siecle.",1795,98.1,False,positional,,,OGGETTI VARI,,
BO0624_5718,69375,317,317,"EsTAMPE PAR BARTOLOZZi,representant une allegorie de la musique, datee 1797, dans un cadre en bois dore, avec ornements sculptes en haut et en bas.",1801,98.6,False,positional,,,OGGETTI IN LEGNO,,Sec. XVIII
BO0624_5718,69376,318,318,ECOLE HOLLANDAISE.  (XVIIe siecle). L'ENTREE DE JESUS CHRIST a Jerusalem.Peinture sur cuivre. Cadre dore. Haut.o.55—Long.o.70.,1809,84.2,False,title_direct,,ECOLE HOLLANDAISE,Peinture sur cuivre,,
BO0624_5718,69377,319,319,Deux DEssus de porte representant des paysages. Cadre bois dore.,1810,96.9,False,positional,,ECOLE HOLLANDAISE,OGGETTI IN LEGNO,,
BO0624_5718,69378,320,320,"ECOLE ANGLAISE. UNE FEMME nue, surprise dans une foret par un chasseur, tandis qu'un satyre s'enfuit.Signee P.Bettelini inw.et sculp.1779.Estampe coloriee.Tres rare. Cadre en bois sculpte et dore.",1818,95.4,False,title_direct,,ECOLE ANGLAISE,Estampe,,Sec. XVIII
BO0624_5718,69379,321,321,"ECOLE FRANCAISE. PoRTRAIT de jeune femme a mi-corps, vue de face, coiffee d'un grand chapeau en paille et feurs, decolletee avec un fichu blanc; sur les épaules des fleurs. Cadre enbois dore.Fin du XVIIIsiecle. Haut.o.71 —Larg. o.60.",1824,95.9,False,title_direct,,ECOLE FRANCAISE,,,
BO0624_5718,69380,322,322,"CALLOT ET AUTRES. SEIZE ESTAMPES de differents sujets et differentes grandeurs, montees en passepartout, dans un beau cadre en bois sculpte et dore.XVIl siecle.",1828,93.6,False,title_direct,CALLOT,,OGGETTI IN LEGNO,,
BO0624_5718,69381,323,323,"BREUGHEL. DEUX PETITES SCENES d'animaux,peintes tres finement sur cuivre.Cadre en bois doré.XVII siecle.",1834,94.5,False,title_direct,BREUGHEL,,OGGETTI IN LEGNO,,
BO0624_5718,69382,324,324,"ECOLE FRANCAISE. PoRTRAIT de jeune dame,vue de face ami-corps,decollete,costume Louis XIlI. Toile. Cadre dore.xVIl siecle. Haut.o.93——Larg.o.78.",1840,93.2,False,title_direct,,ECOLE FRANCAISE,,,
BO0624_5718,69383,325,325,FORINO FRANC.  (1600). LA CHARITE. Cadre en bois dore. Haut.1.30—Larg.1.72.,1846,83.3,False,title_direct,FORINO FRANC,,OGGETTI IN LEGNO,,Sec. XVII
BO0624_5718,69384,326,326,"MARATTACHARLES.  (1625-1713). PoRTRAIT d'un gentilhomme,grandeur naturelle, a mi-corps, vetu de noir, avec jabot d'une magnifique dentelle tombant sur la poitrine et sqrtant de la veste et aux manches.Toile. Cadre en bois blanc et or.XVII siecle.",1852,94.5,False,title_direct,MARATTACHARLES,,OGGETTI IN LEGNO,,Sec. XVII
BO0624_5718,69385,327,327,"QUATRE ESTAMPES anglaises coloriees: I.Amynthor and Theodore from Mallet's Amynthor and Theodora,n.V,of Maklin's British Poem's. Stothard.R.A. Pinxit—P.W.Tomkins Sculpsit,Engraver to his Majestiy. II. The ancient English Walke, from Jerningham's Poems, n.IX, of Mackin's British Poem's W.Hamilton. Esq.R.A.  Pinxit——J. Chapman Sculps. III.The death of Arcyte,Vide, Chaucer Palamon and Arcyte modernized by Dryden. N. 2 of Makling British Poets. W.Hamilton R. A.Pinxit. Bartolozzi R.A. Engraver to His Majesty Sculps. IV.Palamon and Arcyte. Halmiton R.A.pinxit.F.Bartolozzi.R.A, Engraver to His Majesty Sculpsit. Vide chancer.Palamon and Arcyte modernized by Dryden.  ## Bronzes.",1865,42.2,False,title_direct,,,STAMPE E INCISIONI,,
BO0624_5718,69386,328,328,PLAQUETTE ovale en bronze dore.La Vierge avec l'Enfant Jesus en bras. Fin du XVI siecle.,1871,97.7,False,positional,,,Bronzes,,Sec. XVI
BO0624_5718,69387,329,329,"PIECE CENTRALE DE CHENET en bronze en forme ovoide,la partie superieure decoree a mascarons, et linferieure a go- drons. Art de Sansovino. Fin du XVI siecle.",1875,83.1,False,positional,SANSOVINO JACOPO,,Bronzes,,Sec. XVI
BO0624_5718,69388,330,330,MoRTIER en bronze orne de quatre cariatides en relief et deux anses orizon- tales. Art italien.XVe siecle.,1880,81.8,False,positional,,,Bronzes,,
BO0624_5718,69389,331,331,PETITE GROUPE en bronze representant Venus et Amour.Belle patine.Art florentin. Fin du XVI siecle.,1886,76.4,False,positional,,,Bronzes,,Sec. XVI
BO0624_5718,69390,332,332,"PETITE STATUE en bronze representant un Amour assis, qui tient une branche de feurs dans la main gauche et un rinceau dans la main droite. Socle en bois. XVII siecle.",1890,98.8,False,positional,,,OGGETTI IN LEGNO,,Sec. XVII
BO0624_5718,69391,333,333,"GIAN BOLOGNA. DEUx GRoUPES en bronze representant l'un un lion qui saisit un taureau,et l'autre un lion qui terrasse un cheval. XVI siecle.",1896,94.3,False,title_direct,GIAN BOLOGNA,Scuola Bolognese,OGGETTI VARI,,Sec. XVI
BO0624_5718,69392,334,334,DEUx sTATUETTES en bronze represen tant la Verite et la Temperance. Patine verte. Socle en marbre jaune.,1902,98.1,False,positional,GIAN BOLOGNA,,,,
BO0624_5718,69393,335,335,STATUETTE en bronze representant un ange debout. Socle en marbre.Art flo- rentin. Fin du XVI siecle.,1906,83.0,False,positional,GIAN BOLOGNA,,,,Sec. XVI
BO0624_5718,69394,336,336,"GRAND PLAT a ombilic, cannele a godrons, portant au centre un écusson avec des armoiries sur fond blanc.",1915,98.1,False,positional,,,PIATTI,,
BO0624_5718,69395,337,337,"ENCRIER en majolique, rectangulaire, portant un lion couche. Fabrique de Naples. XVII siecle.",1921,97.8,False,positional,,,Faiences et Porcelaines,,Sec. XVII
BO0624_5718,69396,338,338,"TAssE a bouillon, et sous coupe decoree avec deux medaillons ovales a bouquets de feurs, fond blanc. Porcelaine",1922,98.2,False,positional,,,Faiences et Porcelaines,,
BO0624_5718,69397,339,339,"PAIRE DE GRANDs VASES en porcelaine de forme évasee, avec anses dorees a mascarons,pied carre, dore et decoré a sujets des batailles de Napoleon I. Fabrique francaise.",1924,98.8,False,positional,,,VASI,,
BO0624_5718,69398,340,340,"PETIT PLAT, tondino, decore au centre des armoiries Farnese, avec le chapeau de cardinal, et une legere ornementation sur le bord,le tout en or, gris et vert, sur fond bleu. XVI siecle.",1930,98.9,False,positional,,,PIATTI,,Sec. XVI
BO0624_5718,69399,341,341,"SuPPORT cul-de-lampe, avec la figure",1936,94.6,False,positional,,,Faiences et Porcelaines,,
BO0624_5718,69400,342,342,"Broc a anse plate et bec, decore d'ara besques bleu, sur fond gris. Au centre une inscription Vino et dans l'anse des rinceaux vert. Au dessous de l'anse la marque V. XVI siecle.",1944,98.9,False,positional,,,Faiences et Porcelaines,,Sec. XVI
BO0624_5718,69401,343,343,"GRAND PLAT creux decore d'une figure d'homme en habit vert,perruque, baton",1950,97.3,False,positional,,,PIATTI,,
BO0624_5718,69402,344,344,PETIT CORNET decore finement des feuilles stylisees et frise dans le goulot noir et bleu fonce sur fond blanc. Commencement du XVI siecle.,1958,98.6,False,positional,,,Faiences et Porcelaines,,Sec. XVI
BO0624_5718,69403,345,345,"GRANDE BUIRE avec anse decoree, un cheval qui galope tourne a gauche, fond de paysage, entoure par des ornementations bleu.XVII siecle.",1964,98.5,False,positional,,,Faiences et Porcelaines,,
BO0624_5718,69404,346,346,GRAND VAsE de forme ovide decorea grands feuillages et fleurs en bleu vert et,1978,97.5,False,positional,,,VASI,,
BO0624_5718,69405,347,347,PETITE coUPE decoree d'une guirlande de feurs et fruits et feuillages sur fond bleu.Marque Casa Pirota.Commencement du XVI siecle.,1991,98.5,False,positional,,,Faiences et Porcelaines,,Sec. XVI
BO0624_5718,69406,348,348,"TABATIERE en émail de Saxe, avec vues de paysage sur chaque face, montee en bronze dore. XVIll siecle.",1997,83.4,False,positional,,,Faiences et Porcelaines,,
BO0624_5718,69407,349,349,"GRAND VASE (alberello), retreci au col decore en manganese et vert (ramina) sur",2002,97.4,False,positional,,,VASI,,
BO0624_5718,69408,350,350,"CoRNET (alberello) decore a feurs, feuillages et rinceaux bleus sur fond blanc. Le tout tres fin et delicat. Commence ment du XVI siecle.",2006,98.5,False,positional,,,Faiences et Porcelaines,,Sec. XVI
BO0624_5718,69409,351,351,"PLAT,au centre un buste en profl de femme, coiffee a la mode de Lombardie, dans un cercle ornemente en creux vert et jaune, sur le bord une frise verte et jaune. XV siecle.",2012,98.8,False,positional,,,PIATTI,,Sec. XV
BO0624_5718,69410,352,352,"PETIT VAsE ovoide sur pied circulaire et retreci en haut,decoré avec deux festons en relief blanc et or;anses formees par deux tetes d'oiseaux terminant en feuillages. Sur les deux faces deux me daillons,rosaces blanc et or,le tout sur",2022,99.2,False,positional,,,VASI,,
BO0624_5718,69411,353,353,"Broc, a anse plate et bec trilobe de core des armoiries de la ville de Sienne, entourees par une guirlande de feuillages et une legere et tres fine ornementation d'arabesques noirs sur fond gris fonce. XV siecle.",2031,99.0,False,positional,,,Faiences et Porcelaines,,Sec. XV
BO0624_5718,69412,354,354,"PLAT avec legere bordure jaune et vert entre deux lignes azures des armoires, au chef une aigle noire et tete de lion audessus sur fond jaune, le tout entouré d'une bordure egale a celle du marli. Fond blanc. XV siecle.",2037,99.1,False,positional,,,PIATTI,,Sec. XV
BO0624_5718,69413,355,355,"GRAND VASE de forme ovoide avec deux anses formees par doubles serpents tordus, decore avec une figure virile dans une cartouche, ornee de fleurs, feuilla-",2045,98.7,False,positional,,,VASI,,
BO0624_5718,69414,356,356,"PLAT. Au centre un ecusson avec des armoiries,entoure d'une ornementation geometrique et au bord une legere bande a feuillages jaunes et verts sur azur, le tout sur fond blanc. XVe siecle.Lege rement restaure. Email remarquable.",2057,80.5,False,positional,,,PIATTI,,Sec. XV
BO0624_5718,69415,357,357,"VAsE en forme ovoide, a bord évase, a",2066,94.6,False,positional,,,VASI,,
BO0624_5718,69416,358,358,"GRAND PLAT cannele, avec la figure de St Martin sous un ancien arc de triomphe,a gauche une fontaine, dans le fond a droite un chateau. Fond de paysage. Bord orne jaune, vert et bleu clair.",2073,98.9,False,positional,,,PIATTI,,
BO0624_5718,69417,359,359,"VAsE de pharmacie a goulot et anse plate, tres finement decore a tranches de feuillages et feurs bleues sur fond blanc; banderole avec legende de Oxisarara. Commencement du XVIe siecle.",2081,90.5,False,positional,,,VASI,,Sec. XVI
BO0624_5718,69418,360,360,"CouPE sur piedouche. La Visitation de Sainte Anne. Tiré du tableau de Mariotto Albertinelli (Galerie Pitti,Florence). Marque en creux A.P. Ornement du siecle.",2089,98.7,False,positional,,,Faiences et Porcelaines,,
BO0624_5718,69419,361,361,"TETE DE SERAPHIN aile en terre cuite emaille de blanc, Luca Della Robbia: dans un cadre rond en bois sculpte avec une belle guirlande de fruits et feuillages dorees. Art forentin.",2097,98.9,False,title_direct,DELLA ROBBIA LUCA,Scuola di Giovanni Della Robbia,OGGETTI IN LEGNO,,
BO0624_5718,69420,362,362,"VAsE avec anse et bec recourbe decoré d'une guirlande blancheet azure entourant des arabesques et deux dauphins blancs sur fond azur, avec legende A. Cetra Peste. Marque Casa Pirota sous l'anse. Fin du XVe siecle.",2107,99.0,False,positional,DELLA ROBBIA,,VASI,,Sec. XV
BO0624_5718,69421,363,363,PETITE STATUE CARICATURE.Un homme qui mange un ceuf ponau par la poule qui est a ses pieds. XVIe siecle. Haut.0.29.,2115,98.2,False,positional,DELLA ROBBIA,,,,Sec. XVI
BO0624_5718,69422,364,364,"GRAND CORNET (alberello) decoré d'un buste d'homme en profl, avec l'inscription verticale VENOISet grand feuillages gros bleu, sur fond blanc. Fin du XVe siecle.",2119,98.7,False,positional,DELLA ROBBIA,,,,Sec. XV
BO0624_5718,69423,365,365,Trois coQs en porcelaine polychrome et doree.Vieux Chine.Pieces remarquables.,2123,97.4,False,positional,DELLA ROBBIA,,,,
BO0624_5718,69424,366,366,"GRAND CORNET (alberello) retreci en bas et en haut,decoré a emblemes de guerre en grisaille sur fond bleu, avec medaillon portant un buste entoure d'une guirlande verte, et au milieu une banderole avec l'inscription Sy De Stycaos Sy.XVI siecle. bis. GRAND VASE de pharmacie a large panse,a deux anses et retreci en bas et en haut, decore azur et jaune sur fond blanc, avec I'inscription S. D.Foco endivi. Fin du XVe siecle.",2129,73.0,False,positional,DELLA ROBBIA,,VASI,,Sec. XV
BO0624_5718,69425,367,367,BusTE d'homme. Terre cuite. XVIle siecle.,2141,95.0,False,title_direct,,,Terre cuite,,
BO0624_5718,69426,368,368,MEDAIlLON oval en bois sculpte et dore avec Venus nue assise qui prend un vase que lui presente un petit Amour; encadrement de feuillages.,2145,98.6,False,positional,,,OGGETTI IN LEGNO,,
BO0624_5718,69427,369,369,"VINGT CARRELAGES en terre cuite ornee des figures symboliques en relief, formant une frise decorative d'un palais du 140o.Art Ombrien.",2149,98.5,False,title_direct,,,Terre cuite,,
BO0624_5718,69428,370,370,SrATUETTE en terre cuite representant le feuve Arno.Art Florentin. XVIIe siecle.,2157,97.5,False,title_direct,,,Terre cuite,,Sec. XVII
BO0624_5718,69429,371,371,"GRouPE en stuc polychrome. La VIERGE assise tenant l'Enfant Jesus sur ses genoux a droite,la tete legerement courbee sur son Fils, par Rossellino. Socle dore. Fin du XVe siecle.",2160,98.9,False,positional,,,Terre cuite,,Sec. XV
BO0624_5718,69430,372,372,"BAs RELIEr. La Vierge et lEnfant Jésur.La Vierge a mi-corps nimbee assise, legerement tournee vers la droite, Vetue d'un long manteau retenu par une poitrine et d'une robe a manches ajustees;un voile sur la tete qui descend sur les epaules. Bas relief en",2166,99.2,False,positional,,,BASSORILIEVI,,
BO0624_5718,69431,373,373,PETIr TAPIS tissus a dessin d'oiseaux et fleurs sur fond brun.,2176,72.5,False,positional,,,Etoffes et tapis,,
BO0624_5718,69432,374,374,DIx NEUF METRES de bordure en brocatelle jaune et bleue a grands feurs et ramages. XVIIe siecle.,2181,85.4,False,positional,,,Etoffes et tapis,,Sec. XVII
BO0624_5718,69433,375,375,"CoUvRE CALICE en soie rouge brodee a tulipes et autres feurs et ramages, en soie, or et argent. Travail Italien. XVIIe siecle.",2183,74.4,False,title_direct,,,Or et argent,,Sec. XVII
BO0624_5718,69434,376,376,"TAPIs de Sumak, tissus a couleurs, et frange.",2188,95.5,False,positional,,,Etoffes et tapis,,
BO0624_5718,69435,377,377,VINGT HUIT metres de brocatelle rouge a grand dessin portant un vase de feurs entre deux lions rampants et grandes volutes en jaune. Fin du XVIe siecle.,2192,98.7,False,positional,,,VASI,,Sec. XVI
BO0624_5718,69436,378,378,"PLATEAu en bois peint a feurs et un oiseau. Travail Venitien. XVIIe siecle. PLATEAU oval, dans un cadre en bois dore,decore d'une peinture representant un vase avec des feurs, Travail Venitien.XVIIe siecle.",2196,99.0,False,positional,,,OGGETTI IN LEGNO,,Sec. XVII
BO0624_5718,69437,379,379,"GRAND BEAU SECRETAIRE a deux corps, epoque Louis XV, avec deux tiroirs en bas,les deux vantaux de la partie su perieure et le fronton sont ornes de gla ces avec figures gravees; rinceaux et volutes sculptes et dores,le tout porté sur quatre pieds. Travail francais.",2200,99.2,False,positional,,Periodo di Luigi XV,Meubles,,
BO0624_5718,69438,380,380,CoFFRE DE MARIAGE en noyer;le de vant a compartiments decores de motifs geometriques et ogivals. XVe siecle.,2208,98.1,False,positional,,,BAULI,,Sec. XV
BO0624_5718,69439,381,381,"GLACE applique en bois sculpte et dore, avec sa glace originale. XVIlle siecle. Haut.o.S9.",2214,97.7,False,positional,,,OGGETTI IN LEGNO,,
BO0624_5718,69440,382,382,"SIx TABOURETS en bois de noyer sur quatre pieds, avec leur couverture originale en cuir rouge, et frange en soie. XVIe siecle.",2215,98.4,False,positional,,,OGGETTI IN LEGNO,,Sec. XVI
BO0624_5718,69441,383,383,"PAIRE DE SOCLES cul-de-lampe,en bois sculptes a feuillages dores sur fond",2219,97.3,False,positional,,,OGGETTI IN LEGNO,,
BO0624_5718,69442,384,384,"PETIT CANAPE en bois de noyer, recou vert en étoffe venitienne ancienne,rose a bouquets de feurs.",2224,97.9,False,positional,,,OGGETTI IN LEGNO,,
BO0624_5718,69443,385,385,"DEUX PETITS CANAPES en bois de noyer, a tete d'aigle sculptee sur les bras, re couverts en moire bleu clair. Epoque Consulat.",2227,98.4,False,positional,,,BIANCHERIA,,
BO0624_5718,69444,386,386,"GRAND BEAU CADRE en bois avec ornements scuiptes a jour,feuillages dans les coins, dores. Travail Florentin.",2231,98.1,False,positional,,,OGGETTI IN LEGNO,,
BO0624_5718,69445,387,387,"CHANDELIER en bois sculpte et dore,a base triangulaire portee par trois pieds de lions, feuillages sculptees.",2237,98.2,False,positional,,,CANDELABRI,,
BO0624_5718,69446,388,388,"LAMPE en cuivre janne a quatre becs formes par quatre tetes d'elephants,portee par un pilier carre avec deux tetes de femmes dorees; pied circulaire a godrons,en haut une cicogne sur une tortue. Epoque Premier Empire.",2241,99.1,False,positional,,,Meubles,,
BO0624_5718,69447,389,389,CoNsoLE étagere en bois de noyer avec trois cartouches sculptees.,2245,97.0,False,positional,,,OGGETTI IN LEGNO,,
BO0624_5718,69448,390,390,"PETITE TABLE ronde sur trois pieds, avec marqueterie de feuillages et feurs. Haut.o.63-Diam.0.53.",2249,97.9,False,positional,,,Meubles,,
BO0624_5718,69449,391,391,"DEUX cOFFRETS rectangulaires en bois d'ebene avec marqueteries en ivoire, representant des animaux et des rosaces lun;l'autre avec des rosaces a pointes en ivoire et poignees en bronze. XVIIe siecle.",2250,99.0,False,positional,,,BAULI,,Sec. XVII
BO0624_5718,69450,392,392,CoNsoLE etagere en bois de noyer avec ornementations sculptees et dorees.,2251,97.3,False,positional,,,OGGETTI IN LEGNO,,
BO0624_5718,69451,393,393,"TABLE dappui en bois de noyer avec de jolies frises, sculptees en leger relief dans la ceinture, medaillon au centre.",2257,98.3,False,positional,,,OGGETTI IN LEGNO,,
BO0624_5718,69452,394,394,"SECRETAIRE BUREAU,a deux tiroirs et couvercle circulaire qui s'ouvre; six tiroirs interieurs en bois clair avec tres fines marqueteries en couleur,poignees de tiroirs en bronze. Epoque Premier Empire.",2263,99.0,False,positional,,,OGGETTI IN LEGNO,,
BO0624_5718,69453,395,395,PAIRE DE PETITES CONSOLES cul-de lampe en bois de noyer. XVIIe siecle.,2267,97.1,False,positional,,,OGGETTI IN LEGNO,,Sec. XVII
BO0624_5718,69454,396,396,PETIrE VITRINE en bois sculpte et dore avec deux colonnes aux deux cotés.,2275,97.3,False,positional,,,OGGETTI IN LEGNO,,
BO0624_5718,69455,397,397,"TABLE rectangulaire en bois de noyer, a tiroir, avec frise sculptee dans la ceinture, portee par quatre pieds a cannelures. XVIIIe siecle.",2279,98.5,False,positional,,,OGGETTI IN LEGNO,,Sec. XVIII
BO0624_5718,69456,398,398,"SIx PETITES CHAISFS eu bois de noyer avec une cartouche en bronze dans le dossier tres finement ciselee et doree,re couvertes en brocart a rainures et fleurs polychromes.Epoque Premier Empire.",2283,99.0,False,positional,,,OGGETTI IN LEGNO,,
BO0624_5718,69457,399,399,CADRE en bois noir a montures avec glace.,2287,95.2,False,positional,,,OGGETTI IN LEGNO,,
BO0624_5718,69458,400,400,"PETITE chaise anglaise,en Chippendale montee en damas vert.",2291,96.7,False,positional,,,Meubles,,
BO0624_5718,69459,401,401,CADRE en bois dore avec ornementa- tions incises. XVIe siecle.,2302,68.8,False,positional,,,Objets divers,,Sec. XVI
BO0624_5718,69460,402,402,"PAIRE DE VASES en cristal, de forme ovoide retrecis au milieu pied circulaire et deux anses,avec dorures. XVIII siecle.",2307,98.3,False,positional,,,Objets divers,,Sec. XVIII
BO0624_5718,69461,403,403,"PETIT cOFFRET en fer,avec deux écusson portant des armoires et deux demi bustes en profl homme et femme. XVe siecle.",2311,98.3,False,positional,,,Objets divers,,Sec. XV
BO0624_5718,69462,404,404,PETITE TABATIERE rectangulaire en pierre dure monte en bronze dore.,2315,97.1,False,positional,,,Objets divers,,
BO0624_5718,69463,405,405,VAsE en cristal de forme ovoide orne de deux anses en bronze; socle carré en bronze cisele et dore. Fabrique de Boheme. XVIlle siecle.,2316,98.5,False,positional,,,Objets divers,,
BO0624_5718,69464,406,406,"GRAND PLAT en cuivre jaune;le centre tres-releve et orne a godrons en repousse, avec inscription en caracteres gothiques autour.",2320,98.4,False,positional,,,Objets divers,,
BO0624_5718,69465,407,407,"PAIRE DE PETITS BUsTES en marbre avec socles rectangulaires,representants deux hommes. XVIIe siecle.",2326,98.0,False,positional,,,Objets divers,,Sec. XVII
BO0624_5718,69466,408,408,PETIT CADRE rectangulaire en bois sculpte et dore. XVille siecle.,2330,66.0,False,positional,,,Objets divers,,
BO0624_5718,69467,409,409,PETIT CADRE ovale en bois sculpte et dore contenant le portrait de Maria Farnese. XVII siecle.,2344,97.9,False,positional,,,Objets divers,,Sec. XVII
BO0624_5718,69468,410,410,"STATUETTE en ivoire representant un Saint assis, la main appuyee sur un baton,se tenant la tete.Socle en bois sculpte et dore.Art francais.Fin XIVe siecle.",2348,98.7,False,positional,,,Objets divers,,Sec. XIV
BO0624_5718,69469,411,411,"PAIRE DE GRANDS BEAUX VASES en cristal de Boheme, de forme evasee,montes richement en bronze cisele et dore. Epoque premier empire.",2352,98.5,False,positional,,,Objets divers,,
BO0624_5718,69470,412,412,"ScEAU en cuivre, avec anse decoree a caricatures et animaux en repousse. XVIe siecle.",2358,97.6,False,positional,,,Dinanderie,,Sec. XVI
BO0624_5718,69471,413,413,"HuILIER en cristal de Boheme, monte en bronze dore et cisele.",2359,95.2,False,positional,,,Dinanderie,,
BO0624_5718,69472,414,414,PAIRE DE PETITS VERRES en argent cisele a bouquets de feurs et guirlandes. XVIlle siecle.,2365,97.8,False,positional,,,Or et Argent,,
BO0624_5718,69473,415,415,CAFETIERE en argent avec une tete d'animal au goulot; au milieu des orna ments ciseles; initiales R. V. En bas la marque de l'orfevre G. M.,2369,98.5,False,positional,,,Or et Argent,,
BO0624_5718,69474,416,416,HuILIER sur plateau en argent avec poivrier et saliere. Travail venitien. XVIIe siecle.,2375,97.7,False,positional,,,Or et Argent,,Sec. XVII
BO0624_5718,69475,417,417,D'APRES L'ALBANO. PEINTURE SUR VERRE representant Diane Chasseresse au bain. Cadre en bois sculpte et dore. XVIl siecle. Haut.0.28-Larg.0.32.,2383,92.7,False,title_direct,,D'APRES L'ALBANO,OGGETTI IN LEGNO,,
BO0624_5718,69476,418,418,MEDAILLON OVAL contenant un buste en profl de dame en costume Directoire. Estampe coloriee avec l'iascription:A St.Fames's Beauty. J.R.Benwel pinxit.,2384,98.6,False,title_direct,,,Estampe,,
BO0624_5718,69477,419,419,CALLOT.  (1592-1635). LA PETITE PAsSION:douze estampes montees en passe-partout dans un cadre en bois sculpte et doré.,2390,92.9,False,title_direct,CALLOT,,Estampe,,Sec. XVII
BO0624_5718,69478,420,420,ECOLE DE L'ALBANI. SIx ENFANTS nus jouant dans un pay. sage. Toile. Cadre en bois sculpte et doré.XVII siecle.,2396,89.8,False,title_direct,,ECOLE DE L'ALBANI,OGGETTI IN LEGNO,,
BO0624_5718,69479,421,421,"PoRTRAIT de la Comtesse d'Egmont, representee assise en costume de Cour, avec sou fils Charles Perceval assis sur une table a cote, tenant entre ses mains la couronne de comte. Hudson pinxit, Hardell sculpt. Cadre en bois sculpte et dore.A.1765.",2402,99.2,False,positional,,,Estampe,,Sec. XVIII
BO0624_5718,69480,422,422,"LA SAINTE VIERGE, l'Enfant Jesus et Sainte Anne, fond de paysage. Cadre en bois dore,avec ornementations gra vees. Seconde moitie du XVIe siecle.",2408,98.6,False,positional,,,OGGETTI IN LEGNO,,Sec. XVI
BO0624_5718,69481,423,423,ECOLE ANGLAISE. PoRTRAIT D'HOMME en buste. Cadre en bois sculpte et dore.Au revers l'insscription:Al signor Silvestro Malmusi in Bologna.XIXe siecle.,2413,94.0,False,title_direct,,ECOLE ANGLAISE,OGGETTI IN LEGNO,,
BO0624_5718,69482,424,424,ECOLE FLAMANDE. LA DESCENTE DE LA CROIX. Peinture tres-fine sur cuivre. Cadre en bois doré avec ornements en pate de ris.,2419,92.4,False,title_direct,,ECOLE FLAMANDE,OGGETTI IN LEGNO,,
BO0624_5718,69483,425,425,GUARDI G.  (1712-1793). VUE DE LA PLACE SAINT-MARCa Ve nice. Au revers l'inscription:Recapito allOspedalettoinCalledelPerrucchier,2429,91.8,False,title_direct,GUARDI G,,,,Sec. XVIII
BO0624_5718,69484,426,426,"ECOLE VENITIENNE.  (XVIe siecle). LE SAUvEUR,represente a demi-buste. Peinture sur toile; cadre sculpte et dore.",2438,83.1,False,title_direct,,ECOLE VENITIENNE,,,
BO0624_5718,69485,427,427,"BRONZINO A  (1535-1607). PoRTRAIT de Francois des Medicis,fls de Cosme I et d'Eleonora de Toledo, debout, partant pour le Jeu de paume (Palla a corda) la raquette dans la main droite et la balle dans la main gauche. Toile.Cadre dore.",2446,95.1,False,title_direct,BRONZINO A,,,,Sec. XVI
BO0624_5718,69486,428,428,"DEUx MEDAILLES en bronze. L'une portant le buste en profl de Fr. Redi, avec l'inscription:Franciscus Redi Patritius aretinus;au revers une allegorie d'une bacchanale,avec l'inscription:Ca. nebam— et l'autreprofl d'hommeAnt. Cocchius,Phili med.anat.antiq.Florent.Aet.L; au revers une allegorie et 1'inscription:Inlustrant commoda vita MDCCXXXV.",2454,99.4,False,positional,,,Bronzes,,
BO0624_5718,69487,429,429,"PLAQUETTE en bronze.Pitie.La Vierge assise sur un banc a haut dossier, tient sur ses genoux le Christ mort.Art florentin.Commencement du XVIe siecle. Haut.0.073.",2463,87.2,False,positional,,,Bronzes,,Sec. XVI
BO0624_5718,69488,430,430,"MoRTIER en bronze a deux anses, portant dansle bord exterieur en haut l'inscription:Opus fuliani Denaviforentini, 1490.",2464,98.3,False,positional,,,Bronzes,,Sec. XV
BO0624_5718,69489,431,431,"DEUX CHANDELIERS en bronze. Deux amours tenant un feston de feur a la main debout sur un socle triangulaire, avec une lyre au relief sur chaque face; petite coupe montee sur socle carre en marbre et bronzes dores en relief et ci- selés. XVIIIe siecle.",2468,94.9,False,title_direct,,,CANDELABRI,,Sec. XVIII
BO0624_5718,69490,432,432,GRAND CRUCIFIX avec la figure du Christ en bronze dore. Socle en bois. Art forentin.Fin XVIe siecle.,2475,80.5,False,positional,,,OGGETTI IN LEGNO,,Sec. XVI
BO0624_5718,69491,433,433,"PLAQUETTE circulaire en bronze. Vulcain forgeant les feches de l'Amour.A gauche Vulcain nu, assis devant une enclume tient d'une main une fleche et de lautre un marteau. Deux hommes debout, un marteau a la main frappent a tour sur l'enclume.A droite se tiennent Venus et l'Amour enfant debout etnus. Fond de paysage. Art florentin. (Moli nier,II, 6oo). XVI siecle.",2481,99.4,False,positional,LA TOUR MAURICE-QUENTIN DE,,Bronzes,,Sec. XVI
BO0624_5718,69492,434,434,MoRTIER en bronze a deux anses et un buste d'homme en relief en profil entre deux branches de feuillages verticales et de l'autre cote un écusson portant un monogramme B. S. surmonte d'une croix entre les memes feuillages verticales.,2487,99.1,False,positional,,,Bronzes,,
BO0624_5718,69493,435,435,PLAT creux decore a grandes branches de feuillages et fruits jaunes sur fond vert. Legers reflets metalliques. XVIIe siecle.,2495,98.4,False,positional,,,PIATTI,,Sec. XVII
BO0624_5718,69494,436,436,PETITE AIGUIERE decore a feuillages jaunes et feurs bleu fond blanc. Reflets metalliques.Fin XVe siecle.,2501,98.1,False,positional,,,Faiences et Porcelaines,,Sec. XV
BO0624_5718,69495,437,437,NEUF PETITS VASES de feurs marques avec ancre rouge. XVIIle siecle.,2507,97.0,False,positional,,,VASI,,
BO0624_5718,69496,438,438,"PETIT PLAT creux decore au centre par les armoiries des Medicis, et sur les bords des triangles et des fleurs stylises. XVIe siecle.",2511,98.5,False,positional,,,PIATTI,,Sec. XVI
BO0624_5718,69497,439,439,FAUNE ET JEUNE BERGER.Groupe en biscuit de Capodimonte. XVIlle siecle.,2517,97.1,False,positional,,,BISCOTTI,,
BO0624_5718,69498,440,440,"SERVICE A THE, compose de vingt-trois demi-coupes avec soucoupes,la theiere, la laitiere et le sucrier.Decor de bouquets de feurs polychromes sur fond blanc. Porcelaine Vieux Ginori.",2521,98.9,False,positional,,,OGGETTI VARI,,
BO0624_5718,69499,441,441,"PETITE COUPE decorée avec une branche de feuillage de lierre a ramina et manganese, et au bord exterieur une ligne ondulee verte. XVe siecle.",2525,98.6,False,positional,,,Faiences et Porcelaines,,Sec. XV
BO0624_5718,69500,442,442,"PETIT PLAT legerement creux,au centre échiquete blanc, rouge et vert, entouré de la decoration typique de Cafaggiolo bleue et jaune sur fond blanc.",2538,98.6,False,positional,,,PIATTI,,
BO0624_5718,69501,443,443,"SERVICE A CAFE, compose de douze petites tasses avec soucoupes,la cafetiere, la laitiere et le sucrier. Decor de bouquets de fleurs polychromes sur fond blanc. Porcelaine Vieux Ginori.",2543,98.9,False,positional,,,OGGETTI VARI,,
BO0624_5718,69502,444,444,"VAsE de pharmacie a goulot et anse, decore avec le ciffre de lapharmacie et une banderole portant l'inscription:Sy de liquiritia,avec rinceaux ce terminant par des tetes de dauphin bleu et rouge mascaron tous le goulot, le tout entoure par une guirlande de feurs, fruits et feuillages. XVIe siecle.",2547,99.3,False,positional,,,VASI,,Sec. XVI
BO0624_5718,69503,445,445,PETIT BRoC a bec et anse decore avec trois raies orizontales de manganese en haut et deux rinceaux de manganese se terminant par deux feuilles vert (ramina) et manganese.Primitif XVe siecle. Legere restauration.,2551,99.0,False,positional,,,Faiences et Porcelaines,,Sec. XV
BO0624_5718,69504,446,446,"PETIT PANIER en majolique blanche a treillage, avec son plat.",2557,71.4,False,positional,,,PIATTI,,
BO0624_5718,69505,447,447,PETITE CAFETIERE.Porcelaine de la,2564,94.3,False,positional,,,Faiences et Porcelaines,,
BO0624_5718,69506,448,448,"PETIT PLAT legerement creux, decore au centre d'un dessin geometrique vert, rouge,jaune laque,entoure d'une branche verte, le tout sur fond blanc.",2576,98.6,False,positional,,,PIATTI,,
BO0624_5718,69507,449,449,"PAIRE DE POT-AFLEURS, avec Sous coupes en majolique, decores a godrons",2582,97.1,False,positional,,,Faiences et Porcelaines,,
BO0624_5718,69508,450,450,"PLAT CREUx,decore d'une grande feuille stylisee, verte et jaune sur fond blanc; bord decore aux memes.couleurs.Commencement du XVIe siecle.",2589,98.6,False,positional,,,PIATTI,,Sec. XVI
BO0624_5718,69509,451,451,"SERVICE A CAFE, compose d'une cafetiere,port-a-lait,sucrier et six tasses decorees a bouquets et dorures. Porce- laine de Vienne marquee. XVIll siecle.",2595,84.2,False,positional,,,OGGETTI VARI,,
BO0624_5718,69510,452,452,PETIT BROc a bec et anse decore vert (ramina) et manganese. Primitif. XVe siecle.,2614,80.4,False,positional,,,Faiences et Porcelaines,,Sec. XV
BO0624_5718,69511,453,453,"VAsE en forme de pomme de pin sur pied,vert.Commencement du XVI siecle.",2624,97.2,False,positional,,,VASI,,Sec. XVI
BO0624_5718,69512,454,454,"VasE sur pied en forme de pomme de pin blanc laiteux, jaune et manganese et bleu.Reflets metalliques. XVe siecle. Haut.0.21.",2630,98.4,False,positional,,,VASI,,Sec. XV
BO0624_5718,69513,455,455,"VAsE de pharmacie a panse et long goulot decore a fruits jaunes et branches de feuillages jaunes et verts et grosbleu sur fond blanc, sur une banderole la legende A.Piatagne, XVI Siecle.",2634,98.9,False,positional,,,VASI,,Sec. XVI
BO0624_5718,69514,456,456,"AIGUIERE, decore par un écusson por tant les armoiries des Doges Pisani,aux cotes de l'ecusson deux figures de femmes assises, sur fond bleu.XVI siecle.Pied restaure.",2640,98.8,False,positional,,,Faiences et Porcelaines,,
BO0624_5718,69515,457,457,CoRNEr (alberello) decore par deux losanges surposeesjaunes contournes d'azur a six rangees vertieales separees par des raies vertes et petits rinceaux d'azur. XV siecle.,2646,98.8,False,positional,,,Faiences et Porcelaines,,Sec. XV
BO0624_5718,69516,458,458,PLAT de fruits et feuilles en plein relief. XVI siecle.,2652,96.4,False,positional,,,PIATTI,,Sec. XVI
BO0624_5718,69517,459,459,"DEUX GRANDS CORNETS de pharmacic (alberello) decores a feurs bleues et jaunes et petits points bleus; deux belles banderoles portant linscription Osira mnuta, 1'un, et Cedro codito l. c.,lautre. Commencement du XVI siecle.",2658,99.1,False,positional,,,Faiences et Porcelaines,,Sec. XVI
BO0624_5718,69518,460,460,CoRNET (alberello) decoré d'une étoile bleus a huit pointes entourees par une guirlande a feuillages verts jaunes et blanches sur fond blanc. Commencement du XVI siecle.,2664,98.8,False,positional,,,Faiences et Porcelaines,,Sec. XVI
BO0624_5718,69519,461,461,"GRAND PLAT, avec buste de femme coiffee en or, collier de perles, feurs dans le fond, le bord decore d'une imbrications et feuillages plychromes (fele). XVI siecle.",2670,98.7,False,positional,,,PIATTI,,Sec. XVI
BO0624_5718,69520,462,462,"CoRNET a deux anses tordues, decore de deux portraits homme et femmme en profl admirablement dessine,email parfait. Fin XVe siecle.De la Collection Ressmann.",2676,98.7,False,positional,,,Faiences et Porcelaines,COLLEZIONE RESSMANN,Sec. XV
BO0624_5718,69521,463,463,"DEUX CORNETS (alberello) decores a deux ranges de feuillages et fruits gros bleu, et deux raies bleues au milieu,le tout sur fond blanc. XVe siecle.",2683,98.6,False,positional,,,Faiences et Porcelaines,,Sec. XV
BO0624_5718,69522,464,464,"GRAND BROC a large panse,anse tordue en corde, et goulot large au dessus de la panse. Il est decore d'un grand écu ou armoirie portant une croix blanche avec ornements d'azur et dans les quatre quartiers au Ier et 3me jaune et au 2me et 4me de rouge, raye d'azur. Le tout entouré d'une bande d'azur avec ornements et rinceaux blancs. XV siecle.",2690,94.2,False,positional,,,OGGETTI VARI,,Sec. XV
BO0624_5718,69523,465,465,"AssIETTE creuse a larges bords entourant une cavite mediane tres profonde (Tondino). La decoration consiste en un dessin symmetrique a triangles jaunes traces de bleu sur fond blanc au centre des armoiries de la Famille Colombini de jaune a trois colombes blanches, au chef d'azur charge de trois fleurs de lys au lambel rouge. Fin XVe siecle.",2694,99.4,False,positional,,,Faiences et Porcelaines,,Sec. XV
BO0624_5718,69524,466,466,"GRAND PLAT a ombilic et godrons en relief decore au centre avec les armoiris de la famille Bourbon Del Monte,et autour des oiseaux,chiens,lievres, cerfs, en bleu sur fond blanc. XVII siecle. Diam.0.45.",2702,99.0,False,positional,,,PIATTI,,Sec. XVII
BO0624_5718,69525,467,467,"VAsE de pharmacie a goulot et anse, decore a feuillages et mascaron sous la banderolle qui porte linscription Oxi",2706,98.2,False,positional,,,VASI,,
BO0624_5718,69526,468,468,STATUETTE en terre cuite polychrome representant une Deesse Payenne.,2714,97.1,False,title_direct,,,Terre cuite,,
BO0624_5718,69527,469,469,"BAs RELIEF en terre cuite,representant Christ au jardin des oliviers. Cadre dore. Par Clemente Casini. XVI siecle.",2718,81.9,False,title_direct,DU JARDIN KAREL,,BASSORILIEVI,,Sec. XVI
BO0624_5718,69528,470,470,"PETIT BAS RELIEF en marbre, tete d'homme en profl, dans un cadre en bois sculpte et doré.",2723,97.7,False,positional,,,BASSORILIEVI,,
BO0624_5718,69529,471,471,"STATUETTE en ivoire representante la Vierge,le mains jointes en priere. Le- geres dorures.XVII.",2727,86.4,False,positional,,,Sculptures,,
BO0624_5718,69530,472,472,"GROUPE en marbre, representant Venus debout, se retenant par la main gauche la robe,et un miroir dans la droite, l'Amour a cote debout sur un dauphin. XVI siecle.",2732,98.7,False,positional,,,SPECCHI,,Sec. XVI
BO0624_5718,69531,473,473,"BusTE en terre cuite polychrome representant un bouffon de cour, a l'intérieur l'inscription en creux R. da giul lari fui Matio dei MediciXVI siecle.",2736,98.6,False,title_direct,,,Terre cuite,,
BO0624_5718,69532,474,474,SEPT METREs de bordure en brocatelle jaune et bleu a grandes fleurs et ra- mages. XVII siecle.,2742,86.9,False,positional,,,Etoffes et tapis,,Sec. XVII
BO0624_5718,69533,475,475,"DEVANT D'AUTELen moire rouge brode en or et soie a couronnes,feur de lys et petits rinceux. Travail Italien,XVIe siecle.",2747,95.3,False,positional,,,Etoffes et tapis,,
BO0624_5718,69534,476,476,TAPIS PUNT'UNGHERO avec bordure en damas rouge et frange rouge. Long.2.6o-Larg.1.40.,2749,97.6,False,positional,,,Etoffes et tapis,,
BO0624_5718,69535,477,477,"VINGT SEPT metres de lampas rayes vert clair, rose et blanc (onze lais). Epoque premier Empire.",2750,97.8,False,positional,,,Etoffes et tapis,,
BO0624_5718,69536,478,478,Bois de fauteuil. Epoque Louis XVI. Haut.o.8o.,2754,95.6,False,positional,,,OGGETTI IN LEGNO,,
BO0624_5718,69537,479,479,"GRAND TABLE en bois de noyer portée par deux pieds en forme de consoles avec une ornementation dans la face exterieure a cuirasses Romaines et aigles; dans la face interieure une cartouche a banderole;a chaque cote des consoles une cariatide a tete humaine,le tout sculpte;au dessus de la traverse mediane cinq arcatures formees de coquilles, portees par cinq colonnes retrecies au milieu par une guirlande de feuillages. Art Florentin. Commencement du XVI siecle.",2755,99.6,False,positional,,Scuola Romana,OGGETTI IN LEGNO,,Sec. XVI
BO0624_5718,69538,480,480,CoFFRE de mariage en bois de noyer avec un'aigle aux deux coins devant le couvercle; socle orne avec une frise en relief portee par quatre pieds de lion. Travail Florentin. XVI siecle.,2759,98.9,False,positional,,,BAULI,,Sec. XVI
BO0624_5718,69539,481,481,"ENcOIGNURE en bois,avec trois volutes qui soutiennent le plan en marbre,reliees par des festons et pied orne de feuillages et de festons, finement sculptes et dores. XVIII siecle.",2763,98.9,False,positional,,,OGGETTI IN LEGNO,,Sec. XVIII
BO0624_5718,69540,482,482,"TABLE ecritoire en bois de noyer, appuyee sur quatre pieds avec ornementations sculptees,relies par quatre traverses et. quatre tiroirs. Fin XVI siecle.",2767,98.7,False,positional,,,OGGETTI IN LEGNO,,Sec. XVI
BO0624_5718,69541,483,483,"MeUBLE d'appui a deux corps, en bois de noyer;legeres ornementations sculptees. xVIll siecle.",2771,97.8,False,positional,,,OGGETTI IN LEGNO,,
BO0624_5718,69542,484,484,CADRE a tabernacle en bois sculpte et dore.XV siecle.,2775,96.3,False,positional,,,OGGETTI IN LEGNO,,
BO0624_5718,69543,485,485,"DEUX ENcOIGNURES en bois de noyer avec decorations en bronze cisele,portees par trois pieds chacune.",2779,98.0,False,positional,,,OGGETTI IN LEGNO,,
BO0624_5718,69544,486,486,"VITRINE en bois de noyer, avec legere terrasse en bas portant des armoiries. XVIl siecles.",2783,97.8,False,positional,,,OGGETTI IN LEGNO,,
BO0624_5718,69545,487,487,"GRAND MEUBLE ETAGERE en bois de noyer a deux corps,a quatre vantaux en bas; branches de feuillages sculptees dans les piliers tombantes.",2787,98.5,False,positional,,,OGGETTI IN LEGNO,,
BO0624_5718,69546,488,488,"PAIRE de bras appliques en bronze cisele et dore avec deux enfants nus a micorps, tenant des deux mains une pharetre d'ou sortent trois fambeaux a rinceaux; cartouche entre doubles rinceaux en haut et en bas. Travail Francais. XVII siecle.",2791,99.2,False,positional,,,LAMPADE,,Sec. XVII
BO0624_5718,69547,489,489,"PAIRE DE TABLES CONSOLES demi-circulaires, en bois de noyer avec une frise sculptee portant trois medaillons dans la ceinture, appuyee sur quatre pieds chacune, plan en marbre rouge. Epoque premier Empire.",2795,99.0,False,positional,,,OGGETTI IN LEGNO,,
BO0624_5718,69548,490,490,"GRANDE ETAGERE en bois de noyer a quatre colonnes torses, trois tiroirs, fronton decore, glaces dans le fond.",2799,98.1,False,positional,,,OGGETTI IN LEGNO,,
BO0624_5718,69549,491,491,"PAIRE DE COLONNES en bois a spirale socle carres et chapiteanx, bleu et or. XVI siecle.",2802,97.7,False,positional,,,OGGETTI IN LEGNO,,Sec. XVI
BO0624_5718,69550,492,492,LANTERNE en bois sculpte et doree de forme octogone. XVIII.,2806,96.6,False,positional,,,OGGETTI IN LEGNO,,
BO0624_5718,69551,493,493,"PoRTE HORLOGE,en bois avec décorations de feuillages sculptes. XVIIIe siecle.",2810,97.4,False,positional,,,OGGETTI IN LEGNO,,Sec. XVIII
BO0624_5718,69552,494,494,"PLATEAU rond, en bois avec deux anses en bronze,au centre une rosace en marqueterie.",2814,97.6,False,positional,,,OGGETTI IN LEGNO,,
BO0624_5718,69553,495,495,PoRTE FUSILS en bois de noyer. Haut. o.74—Larg.0.63.,2818,96.1,False,positional,,,OGGETTI IN LEGNO,,
BO0624_5718,69554,496,496,"PETIT COFFRE en bois de noyer, avec deux cariatides a deux tetes d'anges et entrelacs;serrure a secret.",2819,98.1,False,positional,,,BAULI,,
BO0624_5718,69555,497,497,"MEUBLE BUREAU de forme contournee, a six tiroirs et un vantau dans la partie centrale, posant sur huit pieds reunis quatre a quatre par deux traverse croisee. XVII siecle.",2825,98.8,False,positional,,,Meubles,,Sec. XVII
BO0624_5718,69556,498,498,"GLAcE dans un cadre en bois de noyer sculpte a moulures a godrons, fronton et socle cul-delampe avec une tete d'enfant; deux festons tombant des deux cotes.XVI° siecle.",2829,98.8,False,positional,,,OGGETTI IN LEGNO,,
BO0624_5718,69557,499,499,"HoRLOGE, porte par une grande cartouche en cuivre argente decorée de deux anges aux cotes;un medaillon en haut; festons de fleurs et feuillages le tout en repousse. Art Flamand.",2833,98.9,False,positional,,,Meubles,,
BO0624_5718,69558,500,500,"CHAISE TABOURET, en bois a trois pieds et dossier, decoree dune legere ornementation a dessin geometrique.",2839,98.1,False,positional,,,OGGETTI IN LEGNO,,
BO0624_5718,69559,501,501,"CuvETTE en cuivre jaune, avec un écusson portant des armoiries. XVI siecle.",2848,97.3,False,positional,,,Objets divers,,Sec. XVI
BO0624_5718,69560,502,502,LAMPEen verre a trois becsportee par un fut en cuivre jaune. Montee pour lumiere electrique.,2850,97.8,False,positional,,,Objets divers,,
BO0624_5718,69561,503,503,TABATIERE en email avec vue de paysage sur le couvercle et bouquets de feurs sur fond blanc. XVIll siecle.,2854,98.1,False,positional,,,Objets divers,,
BO0624_5718,69562,504,504,"PETIT CHAPITEAU de colonne en bois, sculpte avec dorures au bout des feuillages.XVI siecle.",2855,96.7,False,positional,,,Objets divers,,
BO0624_5718,69563,505,505,"LyRE, avec tres jolis ornements feuil.",2856,94.7,False,positional,,,Objets divers,,
BO0624_5718,69564,506,506,"GRAND PLAT en cuivre jaune avec une rosace a godrons a spirale en repousse au centre, entouree d'une inscription go-",2861,98.3,False,positional,,,Objets divers,,
BO0624_5718,69565,507,507,"EvENTAIL en ivoire a feurs et dorures, sujet pastoral peint et paysage peint au revers. Art francais.XVIII siecle.",2865,98.2,False,positional,,,Objets divers,,
BO0624_5718,69566,508,508,STATUETTE representant la Sainte Vierge debout avec l'Enfant Jesus dans la main gauche.Ivoire. XVI siecle.,2866,97.2,False,positional,,,Objets divers,,Sec. XVI
BO0624_5718,69567,509,509,"DEUX PETITES MINIATURES sur email, representant Venus etendue avec l'amour a ses pieds, lune;la figure de Mercure debout en gris sur fond noir, l'autre. Art. frangais.XVIIl siecle. MINIATURE ovale, sur email, representant la mort d'Adonis.Commencement du XVIll siecle.",2870,79.6,False,positional,,,Objets divers,,
BO0624_5718,69568,510,510,"GRAND PLAT en cuivre jaune avec une rosace a godrons en relief au centre, entouree d'une inscription en caracteres gothiques. Fin XVe siecle.",2872,97.9,False,positional,,,Objets divers,,Sec. XV
BO0624_5718,69569,511,511,"LAMPE en cuivre argente, a trois becs, portee par un Satyre; socle circulaire en marbre rouge avec festons et mascarons en bronze dore. xVIll siecle.",2875,98.6,False,positional,,,Objets divers,,
BO0624_5718,69570,512,512,"GoBELET en verre,a pied circulaire et nceud avec legeres moulures. Fabrique de Murano.XVI siecle.",2879,97.9,False,positional,,Scuola di Murano,Objets divers,,
BO0624_5718,69571,513,513,"LAMPE en cuivre jaune a quatre becs, porte par une colonne torse; pied a godrons, en relief.",2883,97.8,False,positional,,,Objets divers,,
BO0624_5718,69572,514,514,"PLATEAU oval en argent repousse,au centre une scene de galanterie;le bord orne a feuillages et rinceaux. Epoque Louis XIV.",2889,98.4,False,positional,,,Or et argent,,
BO0624_5718,69573,515,515,ETuI a aiguilles en ecaille avec marque. terie en nacreet ciselures en or.XVIII siecle.,2893,97.7,False,positional,,,Or et argent,,
BO0624_5718,69574,516,516,"CAFETIERE en vermeil, avec des tres jolies ornementations a grappes de fruits, feuillages et mascarons en relief et ciseles. Marque d'orfevre.XVIll siecle.",2894,98.7,False,positional,,,Or et argent,,
BO0624_5718,69575,517,517,ECOLE DE BORGOGNONE. QuATRE DEssUs de porte representant sujets de batailles. Cadres dores. XVII siecle.,2902,88.0,False,title_direct,,ECOLE DE BORGOGNONE,,,Sec. XVII
BO0624_5718,69576,518,518,PIPPI detto GIULIO ROMANO 1499-1546 DessIN representant un groupe de figures deux hommes et trois femmes sur des nuages. Etude. Cadre en bois avec ornements en pate de ris.,2908,88.2,False,title_direct,GIULIO ROMANO,,OGGETTI IN LEGNO,,Sec. XVI
BO0624_5718,69577,519,519,"QUATRE ESTAMPES coloriees,represen tant des camions anglais.M.A. Hayes delin.J. Harris sculpt.A.1856. Montees en passeportout avec cadre en bois blanc.",2912,98.7,False,positional,PIPPI detto GIULIO ROMANO,,OGGETTI IN LEGNO,,Sec. XIX
BO0624_5718,69578,520,520,"ECOLE DE BORGOGNONE. DEUX PETITES BATAILLES, peintes tres finement sur cuivre, ovales,cadres en bois sculptes et dore.XVII siecle. Haut.o.18—Long.0.23.",2918,92.0,False,title_direct,,ECOLE DE BORGOGNONE,OGGETTI IN LEGNO,,
BO0624_5718,69579,521,521,"C.J.VERNET.  (1712-1789). MARINE, peinture tres fine sur bois. Cadre en bois sculpte et dore avec ornements en pate de ris.",2924,91.1,False,title_direct,C.J.VERNET,,OGGETTI IN LEGNO,,Sec. XVIII
BO0624_5718,69580,522,522,"LE MATIN, le midi, le soir, la nuit, peints a la gouache par P. A. Baudoin et gravees par E. De Ghendt. Cadres en bois sculptes et dores,XVIIl siecle. Haut.o.455—Larg.o.34.",2928,98.8,False,positional,C.J.VERNET,,OGGETTI IN LEGNO,,
BO0624_5718,69581,523,523,"ECOLE FLORENTINE. LA SAINTE VIERGE debout a mi-corps avec l'Enfant Jesus dans le bras gauche et St.Jean Baptiste a droite.Cadreen bois avec dorures, Fin du XVI siecle. Haut.o.84-Larg.o.70.",2932,94.6,False,title_direct,,ECOLE FLORENTINE,OGGETTI IN LEGNO,,Sec. XVI
BO0624_5718,69582,524,524,"ECOLE FRANCAISE. PoRTRAIT du Comte Bruno a mi-corps, en uniforme des cuirassiers de l'armee Imperiale, tenant le casque dans le bras gauche. Toile. Cadre dore. Commencement du XIx siecle.",2936,94.8,False,title_direct,,ECOLE FRANCAISE,,,
BO0624_5718,69583,525,525,RICCI.  (1676-1729). DEUx SUJETS mythologiques peints sur laque.Cadre dore.,2943,87.3,False,title_direct,RICCI,,,,Sec. XVIII
BO0624_5718,69584,526,526,"DROUAISI. H.  (1727-1775). PoRTRAIT d'une dame, grandeur naturelle, en buste,tournee a gauche,la tte de trois quarts. Cheveux poudres, avec une feur rouge,retombants par deux boucles sur le sein: decolletee avec un fichu noue sur la poitrine,robe en satin blanc. Cadre dore.Toile.XVIIl siecle.",2951,96.1,False,title_direct,DROUAISI.H,,,,Sec. XVIII
BO0624_5718,69585,527,527,LEANDRO DA PONTE dit BASSANO.  (1558-1623). ScENE PASTORALE. Peinture sur toile. Cadre bois noir et or.,2959,76.1,False,title_direct,LEANDRO DA PONTE dit BASSANO,,OGGETTI IN LEGNO,,Sec. XVI
BO0624_5718,69586,528,528,"PETIT MORTIER en bronze avec ornementation en leger relief,formee par des lions, des feurs de lys et petites cartouches avec une figure de femme.XVI siecle.",2965,98.7,False,positional,,,Bronzes,,
BO0624_5718,69587,529,529,"MIroIR en bronze grave,representant un sujet libre.Patine verte. Art etrusque. Diam 0.145.",2969,97.8,False,positional,,,SPECCHI,,
BO0624_5718,69588,530,530,"PETITE STATUE en bronze, representant une figure allegorique de temme, avec calice dans la main droite. Socle de marbre jaune. XVll siecle.",2970,98.5,False,positional,,,Bronzes,,
BO0624_5718,69589,531,531,"ETUI oval pour reliquaire, en bronze cisele et dore:en haut et en bas deux tetes de seraphin,aux deux cotes deux femmes les cheveux fottants.Art forentin.XVI siecle.",2974,98.8,False,positional,,,Bronzes,,
BO0624_5718,69590,532,532,"CroIx processionelle gothique, plaquee en bronze dore, avec la figure du Christ en argent, et au quatre coins les bustes en relief du Pere Eternel, la Madone, St.Jean Baptiste et St. Jean Evangeliste, au revers des ornementations a rinceaux, repousses. XIv siecle.",2978,99.2,False,positional,,,Bronzes,,
BO0624_5718,69591,533,533,"PAIRE DE CHANDELIERS en bronze sculptes et ciseles. Trois tetes d'amours dans le nceud, et trois petits satyres assis qui soutiennent les chandeliers et en forment les pieds,relies par des festons.",2982,99.0,False,title_direct,,,CANDELABRI,,
BO0624_5718,69592,534,534,"VAsE en forme ovoide decoree d'une cartouche,avec buste de femme sur fond jaune; dans le reste des emblemes de",2992,98.2,False,positional,,,VASI,,
BO0624_5718,69593,535,535,PETIlE BOITE en forme de pomme de grenade. XVII siecle. Fele.,2999,96.7,False,positional,,,SCATOLE,,Sec. XVII
BO0624_5718,69594,536,536,"PETITE cOUPE bord dentele,a deux anses avec la demi-figure d'une religieuse nimbee; entouree d'une ornementation jaune: fond brun.Fin XVI siecle.",3003,98.6,False,positional,,,Faiences et Porcelaines,,Sec. XVI
BO0624_5718,69595,537,537,"BuIRE avec anse et goulot tres long, decore de petites ornementations a gessetto sur fond gris. Fin XVe siecle. Restaure.",3008,98.3,False,positional,,,Faiences et Porcelaines,,Sec. XV
BO0624_5718,69596,538,538,CoRNET de pharmacie (alberello) decore a feuillages et rinceaux bleue avec banderole portant la legende Polvere di Vermi et au milieu une ornementation geometrique. Commencement du XVI siecle.,3014,98.9,False,positional,,,Faiences et Porcelaines,,Sec. XVI
BO0624_5718,69597,539,539,"CoRNET de pharmacie (alberello)vernisse jaunatre avec banderole sans légende et ornements verts, surmonte d'un ecusson portant des armoiries,mi-partie dentelees en jaune et bleu.XVI siecle. Haut.0.19.",3034,99.0,False,positional,,,OGGETTI VARI,,
BO0624_5718,69598,540,540,PLAT creux decore d'un guerrier a cheval tourne a gauche.XVIl siecle.,3044,97.1,False,positional,,,PIATTI,,
BO0624_5718,69599,541,541,"GRAND PLAT decore a fleurs polychromes et deux paons dans le centre;le bord avec quatre reserves decorées a feurs et le reste vert, une bande rouge. Au revers marque une feuille bleue. Ancienne porcelaine de la Chine.",3048,99.1,False,positional,,,PIATTI,,
BO0624_5718,69600,542,542,"GRAND CACHEPOT a deux anses, decoré de deux vues de paysage et ornementarions a feuilles et feurs bleues sur fond blanc.XVII siecle.",3054,98.5,False,positional,,,Faiences et Porcelaines,,
BO0624_5718,69601,543,543,PETITE COUPE avec une ornementation geometrique sur le bord; au fond un dessin indechiffrable jaune rayonne de vert.XVI siecle.,3060,98.4,False,positional,,,Faiences et Porcelaines,,
BO0624_5718,69602,544,544,"PETIT FLAcoN porte parfums avec deux cartouches peintes,representant vues de paysage, tetes de femmes et legeres cannelures dorees; couvercle en or. Porce-",3079,98.7,False,positional,,,Faiences et Porcelaines,,
BO0624_5718,69603,545,545,"DoUBLE PLAQUE rectangulaire de carrelage avec deux écusson d'armoiries d'azur a la Tour blanche, deux chevaux marins jaunes adosses;legers ornements a feuilles bleues sur fond blanc. XVe siecle.",3086,99.0,False,positional,LA TOUR MAURICE-QUENTIN DE,,OGGETTI VARI,,Sec. XV
BO0624_5718,69604,546,546,"GRAND VASE en porcelaine du Japon, decore a oiseaux qui volent, en bleu sur fond blanc, monte pour la lumiere électrique.",3091,83.2,False,positional,,,VASI,,
BO0624_5718,69605,547,547,DEUX ACQUAMINILES representant deux,3097,94.6,False,positional,,,Faiences et Porcelaines,,
BO0624_5718,69606,548,548,"VAsE de pharmacie de forme ovoide avec anse et goulot decore d'une guirlande a feuillages bleues et jaunes, qui entoure un écusson bleu portant des armoiries avec les trois anneaux des Medicis et la legende Sy de Bectoca;aigle bleue dans le goulot. Commencement du XVI siecle.",3106,99.3,False,positional,,,VASI,,Sec. XVI
BO0624_5718,69607,549,549,"GRAND PLAT, au centre entoure d'une frise circulaire, la figure d'un amour aile. Tout autour dans le fond partage en quatre compartimnnts, sont tracees de grotesques, jaunes et noirs se detachant sur fond blanc. Bord orne de grotesques analogues a celles qui decorent l'inte. rieur du plat. XVI siecle.",3112,99.3,False,positional,,,PIATTI,,Sec. XVI
BO0624_5718,69608,550,550,"GRAND cORNET de pharmacie(alberello) decore d'une belle banderole bleu,verte et jaune,portant la legende Dattali avec chiffre de la pharmacie et un petit coq en haut. Fin XV siecle.",3118,98.9,False,positional,,,Faiences et Porcelaines,,Sec. XV
BO0624_5718,69609,551,551,"VAsE de pharmacie a goulot et anse decore d'une guirlande genre Robbia en bleu vert et jaune qui entoure une banderole portant la legende Aqa de Eupa toria,ornementations de feuillages bleues sur fond blanc. Marque M, sous l'anse. XVI siecle.",3124,99.2,False,positional,DELLA ROBBIA ANDREA,,VASI,,Sec. XVI
BO0624_5718,69610,552,552,"DEUX GRANDS cornets de pharmacie (alberello) decores chacun d'une banderole en bleu avec l'inscription Mir Bellirici l'un,et Dialthea l'autre; au dessus de la banderole un coq bleu tournea gauche et au dessous un ecusson avec trois initiales surmonte par une croix double. Fond blanc.XV siecle.",3128,99.3,False,positional,,,Faiences et Porcelaines,,
BO0624_5718,69611,553,553,"PETIT ROc,avec anse,en bleu et eurs jaunes, decore d'un écusson portant les armoiries de la famille Panciatichi de Pistoia.Marque de Cafaggiolo au revers",3134,98.7,False,positional,,,Faiences et Porcelaines,,
BO0624_5718,69612,554,554,"CoRNET (Alberello) decore d'un buste de femme vue de face sur fond bleu et la legende Catarina bella,avec légere Provient de la Coll. Ressmann. Fin du",3141,98.6,False,positional,,,Faiences et Porcelaines,,
BO0624_5718,69613,555,555,"PLAT legerement creux. Au centre un buste de femme en profl tournee a gauche dans un medaillon circulaire vert, avec rayons jaunes et bord a legere ornementation jaune. Le tout sur fond blanc. Legers reflets metalliques.",3150,99.1,False,positional,,,PIATTI,,
BO0624_5718,69614,556,556,"AsSIETTE CREUSE. Casa Pirota. Vers 152o. Tout la piece est recouverte d'email bleu clair (berrettino). La decoration consiste: au centre en trophees; sur les bords volutes disposees d'une facon symmetrique limitees par une large guirlande de feuillages et de fruits. Dessin en bleu modele de bleu, eclaire de blanc. Tons en bleu, jaune,vert ocre et jaune clair.Au revers la marque de Casa Pirota. Commencement du XVI siecle.",3160,99.5,False,positional,,,Faiences et Porcelaines,,Sec. XVI
BO0624_5718,69615,557,557,"AIGUIERE decoree par un medaillon portant la figure d'une moine priant de vant la Croix; feuillages, rinceaux et imbrications jaunes et bleues sur fond blanc dans le reste,le tout tres finement dessine. Reflets metalliques. De la Collection Ressmann. XVe siecle.",3164,99.2,False,positional,LEMOINE,,Faiences et Porcelaines,COLLEZIONE RESSMANN,Sec. XV
BO0624_5718,69616,558,558,"PLAT legerement recourbe sur piedouche, au centre dans un medaillon circulaire un buste de femme en profil tourne a gauche,le bord jaune avec des grandes imbrications manganese. Marque au revers au Croissant marque de Faenza. Commencement du XVI siecle.",3170,99.2,False,positional,,Scuola Faentina,PIATTI,,Sec. XVI
BO0624_5718,69617,559,559,"GRAND PLAT representant un turc a cheval, avec un etendard blanc a la croix rouge dans la main droite, le bord partage entre des imbrications,et des feuillages et feurs polychromes. XVI siecle. Diam.0.41.",3178,99.0,False,positional,,,PIATTI,,Sec. XVI
BO0624_5718,69618,560,560,PLAT decoré de la figure d'une femme qui se releve la robe pour entrer dans l'eau; autour une banderole avec l'inscription Ceva grosa Popa.Commencement du XVI siecle.,3182,98.8,False,positional,,,PIATTI,,Sec. XVI
BO0624_5718,69619,561,561,VAsE de pharmacie a goulot et anse de core a grands feuillages etrinceaux blancs sur fond vert et bleu;banderole portant linscription Sy.Di Agro Di Cedro.Un croissant blanc sous le goulot.,3188,98.9,False,positional,,,VASI,,
BO0624_5718,69620,562,562,"VAsE de pharmacie a goulot tres fin et anse decore a feuillages bleues sur fond blanc,et banderole portant l'inscription",3194,98.4,False,positional,,,VASI,,
BO0624_5718,69621,563,563,"BusTE representant Saint Fulgence,la main droite levee pour benir et dans la gauche un baton. Bois polychrome et bis. GRANDE FRISE sculptee en marbre blanc.Une tete ailee de femme au milieu entre deux dragons, d'ou s'echappent deux rinceaux de feuillages et feurs. Art forentin du commencement du XVI siecle.",3206,76.9,False,positional,,,OGGETTI IN LEGNO,,Sec. XVI
BO0624_5718,69622,564,564,"BusTE en terre cuite polychrome representant un homme avec la tete legerement tournee a droite,dans le socle l'inscription gravee se ipsum Caesar Cittadella anno salutis1767.",3211,98.9,False,title_direct,,,Terre cuite,,
BO0624_5718,69623,565,565,STATUETTE équestre en bois polycrome. Un homme barbu en costume romain sur un cheval. Socle en terre cuite peinte en vert avec frise en relief doree. Art italien.XVII siecle.,3215,98.8,False,title_direct,,,OGGETTI IN LEGNO,,
BO0624_5718,69624,566,566,STATUETTE en cire representant un genie aile. Modele par Sansovino.,3219,97.0,False,positional,SANSOVINO JACOPO,,Sculptures,,
BO0624_5718,69625,567,567,"STATUETTE en bois representant une femme debout la tetelegerement tournee a gauche. Socle carre en bois, restes de polychromie. Art forentin.Manque le bras gauche. XVI siecle.",3223,98.8,False,positional,,,OGGETTI IN LEGNO,,Sec. XVI
BO0624_5718,69626,568,568,MADONE AVEC L'ENFANT;haut relief en bois polycrome. XVe siecle.,3227,96.8,False,positional,,,OGGETTI IN LEGNO,,Sec. XV
BO0624_5718,69627,569,569,PETITs TAPIS en point de Hongrie avec bordure brode de meme.,3235,96.7,False,positional,,,Etoffes et tapis,,
BO0624_5718,69628,570,570,"Dessus de porte en satin blanc; décoration peinte dans le style Berain, oiseaux fleurs feuillages et rinceaux.Art francais. XVIII siecle.",3239,98.5,False,positional,,,Etoffes et tapis,,Sec. XVIII
BO0624_5718,69629,571,571,"TAPIsSERIE representant trois dames en costume du temps de Charles V, assises au milieu des arbres, et un chevalier qui offre des fruits a la dame a sa gauche. Travail Flamand avec belle bordure. XVI siecle.",3243,95.2,False,positional,,,Etoffes et tapis,,Sec. XVI
BO0624_5718,69630,572,571bis,"DEUX CENTRES de chasuble, avec quatre figures de Saints brodes a couleurs et or;bordure brodee en or. Travail italien. xVe siecle.",3250,96.9,False,positional,,,Etoffes et tapis,,
BO0624_5718,69631,573,572,"DEUX TAPIs d'Orient, tissus a cinq grandes losanges a couleurs fond noir sur rouge; bordure fond bleu clair a rosaces, feuilles et feurs.",3254,98.5,False,positional,,,Etoffes et tapis,,
BO0624_5718,69632,574,573,EcHIQuIER en bois avec marqueterie en ivoire. Art.venitien.XV siecle.,3260,97.1,False,positional,,,OGGETTI IN LEGNO,,
BO0624_5718,69633,575,574,"PoRTE HABITS, en bois de noyer, de forme rectangulaire avec supports sculptes.XVI siecle.",3264,97.7,False,positional,,,OGGETTI IN LEGNO,,
BO0624_5718,69634,576,575,"PETIT TABLE bureau en bois de noyer, a tiroir et legeres ornementations en relief. xVIr siecle.",3269,76.0,False,positional,,,OGGETTI IN LEGNO,,
BO0624_5718,69635,577,576,"TABLE a jeu en bois de noyer, avec marqueteries claires, portee par quatre pieds. Premiere moitie du XIx siecle. Haut.o.74—Long.0.92—Larg.0.69.",3273,98.6,False,positional,,,OGGETTI IN LEGNO,,
BO0624_5718,69636,578,577,"BANCONE DI GUARDIA a coffre, avec dossier;les accotoirs decores d'un relief sculpte representant un buste de femme ailee. Noyer. Belle patine.",3275,86.5,False,title_direct,GUARDI G,,BAULI,,
BO0624_5718,69637,579,578,FAUTEUIL Louis XVI en bois de noyer; ornements a palmettes legerement sculptes;monte en etoffe a rainures et feurs. Haut.0.96.,3279,98.4,False,positional,,,OGGETTI IN LEGNO,,
BO0624_5718,69638,580,579,"CoLONNE support en bois, montee sur trois pieds;vernie imitation ecaille. Tra vail venitien. XVII siecle.",3281,79.3,False,positional,,,OGGETTI IN LEGNO,,Sec. XVII
BO0624_5718,69639,581,580,"PETITE TABLE gueridon octagonale en bois denoyer,portee parun pied deforme ovoide a socle circulaire.",3284,98.0,False,positional,,,OGGETTI IN LEGNO,,
BO0624_5718,69640,582,581,"SocLE cul-de-lampe en bois de noyer sculpte et legeres dorures. Une tete de Cherubin au milieu entre des volutes et des rinceaux, genre Vasari. Art forentin. XVI siecle.",3288,98.8,False,positional,,,OGGETTI IN LEGNO,,Sec. XVI
BO0624_5718,69641,583,582,"CoMMoDE en bois de noyer a quatre tiroirs, avec montures. XVIl siecle.",3292,97.1,False,positional,,,OGGETTI IN LEGNO,,
BO0624_5718,69642,584,583,"TABLE a jeux avec neuf incrustations de pierre Figurina dans le plan a coins arrondis, portee par quatre pieds.",3296,98.2,False,positional,,,Meubles,,
BO0624_5718,69643,585,584,PETITE ARMOIRE en bois de noyer a deux tiroirs et a deux vantaux sculptes a entrelacs et moulures;deux cariatides a tetes d'anges et deux volutes a rinceaux a jour des deux cotes;porte par quatre pieds de lion.,3300,99.1,False,positional,,,OGGETTI IN LEGNO,,
BO0624_5718,69644,586,585,GLACE dans un cadre en bois de noyer avec dorure; deux bras appliques en bronze dore tres finement ciseles. Epoque Premier Empire.,3304,98.4,False,positional,,,LAMPADE,,
BO0624_5718,69645,587,586,"SUPPORT triangulaire en bois se terminant par un plat circulaire,avec ornementations sculptees et dorees. Epoque Premier Empire.",3308,98.4,False,positional,,,OGGETTI IN LEGNO,,
BO0624_5718,69646,588,587,"PAIRE de petits canapes en bois de noyer, a treillage.",3312,96.3,False,positional,,,OGGETTI IN LEGNO,,
BO0624_5718,69647,589,588,HoRLoGE horizontale en bronze dore sur quatre pieds. Travail allemand.,3316,97.1,False,positional,,,Meubles,,
BO0624_5718,69648,590,589,"GRAND THRONE, pour statue de saint, en bois sculpte et dore forme par quatre arbres dont les branches forment berceau; tetes de Cherubins et deux anges qui portent une couronne. Travail venitien.XVII siecle.",3320,99.0,False,positional,,,OGGETTI IN LEGNO,,
BO0624_5718,69649,591,590,"PAIRE DE GRANDES APPLIQUES en bois\_dore a grandes volutes et feuillages sculptes, portant chacune une statuette d'un enfant nu aile. Armoiries Colonna. XVII siecle.",3324,98.8,False,positional,,,LAMPADE,,Sec. XVII
BO0624_5718,69650,592,591,GuERIDoN en bois de noyer a six pieds et plan a bord ondule.,3328,96.7,False,positional,,,OGGETTI IN LEGNO,,
BO0624_5718,69651,593,592,CoFFRET rectangulaire en bois de noyer entierement recouvert en marqueterie de nacre et d'ivoire.XVII siecle.,3332,98.2,False,positional,,,OGGETTI IN LEGNO,,
BO0624_5718,69652,594,593,"GRAND TABLE rectangulaire en bois de noyer, avec ornementations sculptees dans la ceinture, pieds a colonnes relies par quatre traverses. XVI siecle.",3336,98.6,False,positional,,,OGGETTI IN LEGNO,,Sec. XVI
BO0624_5718,69653,595,594,"PETIT MEUBLE CONSOLE en bois de noyer sculpte et doré, avec quatre colonnes a feuillages en relief dorees. Fin du XVI siecle.",3340,98.4,False,positional,,,OGGETTI IN LEGNO,,Sec. XVI
BO0624_5718,69654,596,595,"TREPIED en fer forge, avec rinceaux et rosaces, portant un bassin en cuivre jaune. XVI siecle.",3344,97.8,False,positional,,,Meubles,,Sec. XVI
BO0624_5718,69655,597,596,"VITRINE a grands vantaux en cristal montee en fer,posant sur une socle en noyer peint noir et ayant le fond recouvert en pelouche cramoisi.",3349,98.6,False,positional,,,Meubles,,
BO0624_5718,69656,598,597,"GRAND FAUTEIL en bois de noyer a dossier droit portant deux cartouches avec marqueteries,et rinceaux sculptes; cartouche pareille entre les pieds.Travail forentin.XVI siecle.",3353,98.9,False,positional,,,OGGETTI IN LEGNO,,
BO0624_5718,69657,599,598,"QUATRE PANNEAUX en bois de noyer, chacun avec deux pilastres canneles et",3357,97.3,False,positional,,,OGGETTI IN LEGNO,,
BO0624_5718,69658,600,599,"TABERNACLE en bois,avec deux colonnes et decoration dans les frises en pate de ris a rinceaux de feuillages et fleurs et polychromie. Art venitien.Fin du XVe siecle.",3363,98.8,False,positional,,,OGGETTI IN LEGNO,,Sec. XV
BO0624_5718,69659,601,600,"PeTITE COMMoDEa trois tiroirs enbois de noyer, de forme contournee. XVIll siecle.",3367,97.5,False,positional,,,Meubles,,
BO0624_5718,69660,602,601,"GRAND SOCLE cul-de-lampe, en bois sculpte a feuillages vertes, avec dorures.",3378,97.3,False,positional,,,Objets divers,,
BO0624_5718,69661,603,602,PETIT CADRE noir avec godrons do-,3383,94.1,False,positional,,,Objets divers,,
BO0624_5718,69662,604,603,PETIT COFFRET rectangulaire en pierre,3388,94.9,False,positional,,,Objets divers,,
BO0624_5718,69663,605,604,CARREIAGE de plafond en bois avec buste d'homme en profil peint. Cadre en bois peint. XVe siecle.,3390,97.9,False,positional,,,Objets divers,,Sec. XV
BO0624_5718,69664,606,605,"MINIATURE ronde representant une femme nue étendue aux pieds d'un arbre avec homme a ses cotes,qui la delie de l'arbre ou elle était liee. Cadre en",3394,98.6,False,positional,,,Objets divers,,
BO0624_5718,69665,607,606,TABATIERE ronde en écaille. Sur le couvercle miniature representant Saint Antoine de Padoue avec l'Enfant Jesus dans ses bras: d'apres le Tableau de,3396,98.6,False,title_direct,,,MINIATURE,,
BO0624_5718,69666,608,607,"CADRE ovale en bois sculpte et dore portant un petit bas-relief representant la tete de Marie-Antoniette en biscuit,",3398,98.3,False,positional,,,Objets divers,,
BO0624_5718,69667,609,608,"CADRE ROND en bois forme par une guirlande de feurs et feuilles sculptes, en haut un ruban contenant une peinture sur soie, allegorie de la peinture. XVIIle siecle.",3403,98.8,False,positional,,,Objets divers,,
BO0624_5718,69668,610,609,EcHIQUIER en marqueterie ivoire et nacre. Art venitien. XVIe siecle.,3407,97.0,False,positional,,,Objets divers,,Sec. XVI
BO0624_5718,69669,611,610,PAIRE DE CADRES en bois dore en forme de tabernacle a colonnes;tetes de Seraphins ailes dans le cul-de-lampe.,3411,98.2,False,positional,,,Objets divers,,
BO0624_5718,69670,612,611,"CADRE ROND en bois sculpteavec tetes ceaux, contenant une miniature sur ivoire representant la Sainte Vierge et l'Enfant Jesus entre deux anges; d'apres Ra-",3416,98.7,False,positional,,,Objets divers,,
BO0624_5718,69671,613,612,GRAND BRASIER en cuivre avec Son couvre-feu.,3421,95.6,False,positional,,,Objets divers,,
BO0624_5718,69672,614,613,NEUF PIECES de sculpture en pierre. XVIe siecle.,3425,95.8,False,positional,,,Objets divers,,Sec. XVI
BO0624_5718,69673,615,614,"PAiRE de salieres en argent en forme de trepied, avec ecuelle en pierre dure.",3429,97.4,False,positional,,,Or et argent,,
BO0624_5718,69674,616,615,PETIT CADRF oval en argent repousse. Epoque Louis XIV.,3433,96.3,False,positional,,,Or et argent,,
BO0624_5718,69675,617,616,"DEUx BAGUES en or,avec pierres montees en argent.XVIIIe siecle.",3439,96.9,False,positional,,,Or et argent,,
BO0624_5718,69676,618,617,"ECOLE FRANCAISE. PAySAGE avec les ruines d'un portique circulaire a gauche, en bas une fontaine pres de laquelle est assise une jeune femme un livre de musique a la main; debout,a cote, un jeune homme une guitare a la main. XVIlle siecle.",3445,96.0,False,title_direct,,ECOLE FRANCAISE,,,
BO0624_5718,69677,619,618,"BERNARDINO TISIO detto il GAROFOLO (1484-1559). Autoportrait du peintre, dans un beau cadre en bois avec ornements en.pate de riz.",3453,78.0,False,positional,,ECOLE FRANCAISE,OGGETTI IN LEGNO,,Sec. XVI
BO0624_5718,69678,620,619,"PoRTRAIT de Miss Chester avec l'inscription Painted by J. Jackson Esq.R.A. Engraved by S.W.Reynolds Engraver to the King, published March 1826 by Colnaghi. Cadre sculpte et doré.",3455,98.9,False,positional,REYNOLDS JOSHUA,ECOLE FRANCAISE,,,Sec. XIX
BO0624_5718,69679,621,620,DEUx vUES de Rome. Le Capitole et le chateau Sant'Angelo.Toile. Cadres dores.XVIlle siecle.,3459,97.8,False,positional,,ECOLE FRANCAISE,,,
BO0624_5718,69680,622,621,"ECOLE FRANCAISE. DEUX MEDAILLONS ovales, representant deux Dames,vues de face en buste, decolletees en costume Louis XV. Cadres en bois sculptes et dores. XVIle siecle.",3465,94.2,False,title_direct,,ECOLE FRANCAISE,OGGETTI IN LEGNO,,
BO0624_5718,69681,623,622,ECOLE FLAMANDE. UN CHAT qui guette un panier renversé contenant des poissons.Cadre dore.Toile. XVIIIe siecle.,3471,91.5,False,title_direct,,ECOLE FLAMANDE,,,Sec. XVIII
BO0624_5718,69682,624,623,VANTAUx de ciboire en bois. La Vierge avec l'Enfant assise sur un trone entre deux anges en adoration et deux saints debout en bas.Fond d'or.Art forentin. XVe siecle.,3475,98.8,False,positional,,ECOLE FLAMANDE,OGGETTI IN LEGNO,,Sec. XV
BO0624_5718,69683,625,624,ECOLE NAPOLITAINE. SIX SCENES CHAMPETRES. Cadres en bois dore. XVIlIe siecle.,3487,84.8,False,title_direct,,ECOLE NAPOLITAINE,OGGETTI IN LEGNO,,
BO0624_5718,69684,626,625,ECOLE HOLLANDAISE. BoUQUET DE FLEURs.Peinture sur toile. Cadre sculpte et dore. XVIl siecle.,3492,87.7,False,title_direct,,ECOLE HOLLANDAISE,,,
BO0624_5718,69685,627,626,"ECOLE VENITIENNE. CATHERINE CoRNARO,Reine de Chypre. Toile ovale. Cadre dore. XVIll siecle.",3498,88.1,False,title_direct,,ECOLE VENITIENNE,,,
BO0624_5718,69686,628,627,ECOLE VENITIENNE. LAPIDATION DE DEUX SAINTS.Pein-,3504,76.5,False,title_direct,,ECOLE VENITIENNE,,,
BO0624_5718,69687,629,628,STATUETTE en bronze representant un satyre debout. Socle en marbre rouge. XVIe siecle.,3512,72.7,False,positional,,,Bronzes,,Sec. XVI
BO0624_5718,69688,630,629,PETIT BUSTE aile de Seraphin en bronze. Applique pour meuble sacre. XVIIe siecle.,3525,67.2,False,title_direct,,,Meubles,,Sec. XVII
BO0624_5718,69689,631,630,PETIT BUSTE en bronze representant un satyre. Socle en bois. Art florentin. XVIe siecle.,3526,96.6,False,positional,,,OGGETTI IN LEGNO,,Sec. XVI
BO0624_5718,69690,632,631,PETIT SEAU en bronze avec poignee formee par deux poissons ciseles. XVIe siecle.,3530,97.5,False,positional,,,Bronzes,,Sec. XVI
BO0624_5718,69691,633,632,QUATRE BRAS APPLIQUES porte fam-,3531,93.9,False,positional,,,LAMPADE,,
BO0624_5718,69692,634,633,"DEUX FRAGMENTS de majolique pri mitive, decores a manganese et oxide de cuivre. Fin du XIVe siecle.",3538,98.0,False,positional,,,Faiences et Porcellaiues,,Sec. XIV
BO0624_5718,69693,635,634,"PLAT avec decorations de feurs et feuil lages; une fleur de Lys au centre jaune, sur fond blanc. Reflets metalliques.",3542,98.3,False,positional,,,PIATTI,,
BO0624_5718,69694,636,635,"GouRDE decore sur les deux faces par l'aigle imperiale en relief,avec ornemen- tation en relief sur les anses. XVIIe siecle.",3550,76.2,False,positional,,,Faiences et Porcellaiues,,Sec. XVII
BO0624_5718,69695,637,636,"PAIREDE FLAMBEAUX en majolique blanche, a colonnes cannelees, pieds carres.",3557,92.2,False,positional,,,TORCE,,
BO0624_5718,69696,638,637,TAssE a bouillon en porcelaine avec couvercle et sous-coupe decorees de feuil. lages dorees sur fond blanc. Marquee.,3564,98.3,False,positional,,,Faiences et Porcellaiues,,
BO0624_5718,69697,639,638,PETIT BRoC avec un écusson portant des armoiries a deux bandes jaunes et trois fleurs de lys jaunes sus fond bleu. XVIe siecle.,3569,98.4,False,positional,,,Faiences et Porcellaiues,,Sec. XVI
BO0624_5718,69698,640,639,"SERVICE A CAFE, compose de six petites tasses,une laitiere,un sucrier.Dé cor de bouquets de fleurs sur fond bleu.",3575,98.2,False,positional,,,OGGETTI VARI,,
BO0624_5718,69699,641,640,GoURDE en forme de serpent replie sur lui-meme. XVIe siecle.,3579,96.7,False,positional,,,Faiences et Porcellaiues,,Sec. XVI
BO0624_5718,69700,642,641,"PAIRE DE PETITS PANIERS a fruits en majolique,a treillage, avec decorations de paysages au fond.",3583,97.9,False,positional,,,Faiences et Porcellaiues,,
BO0624_5718,69701,643,642,PETIT VASE ovoide avec figures de femmes et enfants et arbres en relief blanc sur fond bleu.,3595,97.8,False,positional,,,VASI,,
BO0624_5718,69702,644,643,CoRNET (alberello) de pharmacie avec legende Anito Dr M. Emagoc orne de feuillages bleu manganese jaune et vert sur fond blanc. Marque P.N.B. sourmonte de double croix.,3601,98.8,False,positional,,,Faiences et Porcellaiues,,
BO0624_5718,69703,645,644,"VAsE de pharmacie de forme ovoide a long goulot, decore a feuillages vertes et banderole portant la legende Acqua d'assenza;au-dessus des armoires avec un coq rouge et les initiales A. G. surmontees par une croix double.XVIe siecle.",3609,99.1,False,positional,,,VASI,,
BO0624_5718,69704,646,645,"PLAQUE carree a bord releve, represen tant Saint Georges qui terrasse le dragon.XVIIe siecle.",3615,97.8,False,positional,,,Faiences et Porcellaiues,,
BO0624_5718,69705,647,646,PAIRE DE PETITSVASESporte bouquets avec deux anses representant des cy. gnes; ornementations dorees sur fond blanc. XIXe siecle.,3621,98.4,False,positional,,,Faiences et Porcellaiues,,Sec. XIX
BO0624_5718,69706,648,647,"GRAND' PLAT creux decore au centre avec des plumes de paon,le bord a lignes ondulees gros bleu et petits traits bleus sur fond blanc. XVe siecle. Casse.",3627,98.7,False,positional,,,PIATTI,,Sec. XV
BO0624_5718,69707,649,648,PETIT PLAT creux (cavetto) decore en bleu et jaune avec petites feurs blanches. XVIe siecle.,3633,97.8,False,positional,,,PIATTI,,Sec. XVI
BO0624_5718,69708,650,649,"SEPT BUIRES, decores a feuillages vertes et manganese. XIVe siecle,",3639,97.0,False,positional,,,Faiences et Porcellaiues,,Sec. XIV
BO0624_5718,69709,651,650,"GRAND VASE en majolique blanche de forme evasee avec deux anses a mascarons, pied carré. Fin du XVIlle siecle.",3642,98.2,False,positional,,,VASI,,
BO0624_5718,69710,652,651,"BAs RELIEF representant Sainte Eu- frosina, avec guirlande de feuilles vertes autour. XVII siecle.",3648,78.2,False,positional,,,BASSORILIEVI,,Sec. XVII
BO0624_5718,69711,653,652,"PETIT PLAT creux, au centre un écus son,avec armoiries,une colonne entre deux étoiles,bord orne de feuillages a leger relief blanc jaunatre sur fond jaune terrecuite.Commencement du XVIsiecle. Diam.0.19.",3654,99.0,False,positional,,,PIATTI,,
BO0624_5718,69712,654,653,"PLAT decore au.centre, d'unlievre tourne a gauche, sur le bord un ornement geometrique bleu avec feuillages vertes et jaunes.Commencement du",3672,98.6,False,positional,,,PIATTI,,
BO0624_5718,69713,655,654,"PAIRE DE JARDINIERES Ovales blanches, a treillage a jour, avec leurs pla",3681,97.2,False,positional,,,Faiences et Porcellaiues,,
BO0624_5718,69714,656,655,"DEUX PLAQUES de Carrelage, decorees de pommes de grenade, lune sur fond blanc, l'autre sur fond bleu.",3686,81.2,False,positional,,,Faiences et Porcellaiues,,
BO0624_5718,69715,657,656,"PAIRE DE GRANDSVASES de pharmacie a goulot et anse, de forme ovoide,avec banderole,decoré a oiseaux et arbres",3693,98.2,False,positional,,,Faiences et Porcellaiues,,
BO0624_5718,69716,658,657,"QUATRE JARDINIERES en faiences blanche,deux ovales et deux rondes, avec leurs plateaux en treillis a jour.Fabri que de Wedgwood.",3698,98.4,False,positional,,,OGGETTI VARI,,
BO0624_5718,69717,659,658,"PAIRE DE GRANDS VASES de pharmacie a goulot et anse decores de feurs et feuillages bleues sur fond bleu-clair; au centre une guirlande portant le lion de St. Marc, et une banderole avec inscri ption Aq. Buglossae dans l'un,et Aq. Melissae dans l'autre.Marques retro 1613. Haut.0.40.",3702,99.3,False,positional,,,VASI,,Sec. XVII
BO0624_5718,69718,660,659,"PAIRE DE JARDINIERES oVales,en faience,a treillis,avec plateaux decorees par une branche de feurs et feuillages vertes et bleues sur fond blanc. Fabrique de Vienne marque en dessous.",3703,98.4,False,positional,,,Faiences et Porcellaiues,,
BO0624_5718,69719,661,660,"PETIT PLAT en creux （tondino), decore d'un echiquier blanc, rouge et vert et des ornementations bleues et jaunes sur le bord. Cadre en bois. XVI siecle.",3711,99.0,False,positional,,,OGGETTI IN LEGNO,,Sec. XVI
BO0624_5718,69720,662,661,"PLAT creux decore d'une armoirie surmontee par une couronne et le reste a plusieures rangees,la premiere a godrons, le deuxieme a petites bandes droites et d'autres dentelees avec quatre tetes de boeuf et quatre vases de fleurs, le tout a leger relief, blanc et vert sur fond terrecuite. Legers reflets metalliques.",3716,99.5,False,positional,,,PIATTI,,
BO0624_5718,69721,663,662,"SIX PETITES ASSIETTES a douze cotes, decorees au centre par un écusson portant des armoiries, un griffon, surmonte par un casque a lambrequins et sur les bordes feurs et oiseaux, en bleu sur fond blanc. Marques retro.XVII siecle.",3724,99.1,False,positional,,,PIATTI,,
BO0624_5718,69722,664,663,"PAIRE D'AsSIETTES en porcelaine, de corees a bouquets de fleurs, bord a treil lage en relief et dore. Fabrique de Vienne. Marques. XVIlI siecle.",3725,97.9,False,positional,,,PIATTI,,
BO0624_5718,69723,665,664,"PAIRE DE CORNETS (alberellQ)retrecis au centre, decores de fines branchages de fleurs et feurs bleues sur bleu claire. XVI siecle.",3729,98.4,False,positional,,,Faiences et Porcellaiues,,Sec. XVI
BO0624_5718,69724,666,665,PAIRE DE BOUTEILLES carrees decorees de feurs d'arbres et oiseaux bleu sur fond blanc. Marquees en dessous avec une feuille bleu sur blanc.,3735,98.6,False,positional,,,Faiences et Porcellaiues,,
BO0624_5718,69725,667,666,"NEUE PLATs legerement creux decores au centre et aux bords,avec une legere ornementation de feurs et feuillages bleus sur bleu clair.XVI siecle. Casa Pirota.",3739,98.7,False,positional,,,PIATTI,,
BO0624_5718,69726,668,667,"JARDINIERE ovale en faience blanche,a treillis a jour,avec legeres teintes bleues, et trois petitsplateaux ovales en faience blanche a treillis en relief. Fabrique de Wedgwood.",3743,98.9,False,positional,,,OGGETTI VARI,,
BO0624_5718,69727,669,668,"STATUETTE en terre cuite representant un enfant assis sur un rocher,tenant des grappes de raisin dans la main gauche. XVII siecle.",3747,98.5,False,title_direct,,,Terre cuite,,Sec. XVII
BO0624_5718,69728,670,669,"MEDAILLON en bois sculpte et dore. Au centre Jesus Christ a micorps sortant du tombeau,en pastiglia polychrome et autour une belle guirlande de fruits et feurs et feuillages sculptees et dorees. Fin du XVe siecle.",3751,99.1,False,positional,,,OGGETTI IN LEGNO,,Sec. XV
BO0624_5718,69729,671,670,"STATUETTE en bois polychrome. La Sainte Vierge couronnee qui tient dans le bras gauche l'Enfant Jesus,une pomme a la main. Xve siecle.",3755,98.5,False,positional,,,OGGETTI IN LEGNO,,
BO0624_5718,69730,672,671,"DEUX DossIERS de chaise,en point de Hongrie.",3761,95.6,False,positional,,,Etoffes et Tapis,,
BO0624_5718,69731,673,672,"DALMATIQUE en damas blanc a fleurs et feuillages lames d'argent,bande en damas vert a feurs et feuillages. Travail venitien.XVll siecle.",3762,98.5,False,positional,,,Etoffes et Tapis,,
BO0624_5718,69732,674,673,"GRANDE PORTIERE en satin blanc,avec bandes rapportees en satin lilas, a dessin geometrique.Epoque premier empire. Haut,3.85.",3763,98.4,False,positional,,,Etoffes et Tapis,,
BO0624_5718,69733,675,674,"DEUX CONSOLES ETAGERES en bois de noyer, avec decoration a godrons sculptes.",3767,97.4,False,positional,,,ARREDAMENTI,,
BO0624_5718,69734,676,675,GRAND BEAU TABERNACLE en bois,3768,93.5,False,positional,,,OGGETTI IN LEGNO,,
BO0624_5718,69735,677,676,"CADRE TABERNACLE en bois avec legeres ornementations en or, colonne en albatre,incrustations depierre dure dans le socle et en haut. Travail venitien XVI siecle.",3773,98.8,False,positional,,,OGGETTI IN LEGNO,,Sec. XVI
BO0624_5718,69736,678,677,ETAGERE en bois de noyer a cinq compartiment decores a paniers de feurs entre deuxrinceauxet teted'angesculptes et dore. Art forentin.XVi siecle.,3777,86.0,False,positional,,,OGGETTI IN LEGNO,,
BO0624_5718,69737,679,678,"MEUBLE D'APPUI en bois de noyer,a deux vantaux et deux tiroirs cariatides sculptees sur le devant;piliers sur les deux cotes.XVI siecle.",3784,98.5,False,positional,,,OGGETTI IN LEGNO,,
BO0624_5718,69738,680,679,"DEUx VITRINEs a trois pans, en noyer",3788,94.6,False,positional,,,Meubles,,
BO0624_5718,69739,681,680,PAIRE de socles rectangulaires en bois avec ornementation en pate de ris doree.,3796,99.4,False,positional,,,OGGETTI IN LEGNO,,
BO0624_5718,69740,682,681,"PETITE TABLE BUREAU, en bois de noyer portee par deux pieds a Lyre. Fin du XVI siecle.",3800,88.5,False,positional,,,OGGETTI IN LEGNO,,Sec. XVI
BO0624_5718,69741,683,682,"CoNSOLLE en bois avec plan en marbre et ceinture en bronze perce a jour, pieds a cariatides sculptees.",3805,98.0,False,positional,,,OGGETTI IN LEGNO,,
BO0624_5718,69742,684,683,"AMEUBLEMENT DE SALON, compose d'un grand canape droit formant angle, quatre petits canapes pareils et quatre chaises droites, recouverts en damas rouge a guirlandes jaunes et rideaux pareille etoffe;une table console avec plan en marbre blanc, glace et écran de che. minee, en bois blanc et or. Epoque 1840.",3809,99.3,False,positional,,,ARREDAMENTI,,Sec. XIX
BO0624_5718,69743,685,684,PETIT GUERIDON de forme contournee porte par un seul pied avec filets en,3810,97.3,False,positional,,,Meubles,,
BO0624_5718,69744,686,685,"CoMMoDE a quatre tiroirs,avec boucles des serrures en bronze; plan en marbre jaune de Sienne. XVIII siecle.",3816,77.9,False,positional,,,Meubles,,Sec. XVIII
BO0624_5718,69745,687,686,"PETIT GUERIDoN,de forme rectangu laire porte par deux colonnes,chapi teaux et socles en bronze cisele et dore. Epoque Premier Empire.",3820,89.3,False,positional,,,Meubles,,
BO0624_5718,69746,688,687,PAIRE de petits socles cul de lampe en bois sculptes a volutes et rinceaux dores.,3825,97.6,False,positional,,,OGGETTI IN LEGNO,,
BO0624_5718,69747,689,688,"RELIQUAIRE en forme de tabernacle en bois de poirier, avec deux cariatides, chapiteaux et socles des colonnes,en bronze dore. Fin du XVI siecle.",3832,98.6,False,positional,,,OGGETTI IN LEGNO,,Sec. XVI
BO0624_5718,69748,690,689,"PAIRE de reliquaires en bois dore,en forme de tabernacle a quatre faceset coupole, piliers aux coins, portes sur pieds circulaires a base carree. Fin du XVI siecle.",3836,95.2,False,positional,,,OGGETTI IN LEGNO,,Sec. XVI
BO0624_5718,69749,691,690,DEUX BRAS applique porte fambeaux en bois sculpte et dore. XVIll siecle.,3841,97.2,False,positional,,,OGGETTI IN LEGNO,,
BO0624_5718,69750,692,691,"FAUTEUIL en bois de noyer a dossier bas,recouvert en cuir,et petites rosaces en bronze.XVIII siecle.",3842,98.0,False,positional,,,OGGETTI IN LEGNO,,
BO0624_5718,69751,693,692,"SocLE gaine en bois avec applications en metal a rinceaux, repousses,",3846,97.1,False,positional,,,OGGETTI IN LEGNO,,
BO0624_5718,69752,694,693,"TABLE ToILETTE en bois de noyer ornee de tres fines marqueteries a pots de feurs et festons dans la ceinturerosaces au centre du plan,avec bordure a feuillages; portee par quatre pieds.",3850,98.9,False,positional,,,OGGETTI IN LEGNO,,
BO0624_5718,69753,695,694,"CoFFRE de mariage en bois de noyer, les panneaux devant et des cotes échiquetes en relief;armoiries sculptees au centre;porte par quatre pieds de lion. XVI siecle.",3856,98.8,False,positional,,,BAULI,,Sec. XVI
BO0624_5718,69754,696,695,"LusTRE a douze bras, en bois dore et sculpte a feuillages, soutenu par six chaines en bronze,monte pour lumiere éléctrique.",3860,98.4,False,positional,,,LUSTRI,,
BO0624_5718,69755,697,696,"PETITE PENDULE rectangulaire sur quatre petits pieds ronds, en bronze dore cisele.",3861,97.6,False,positional,,,Meubles,,
BO0624_5718,69756,698,697,CHAISE a dossier haut recouverte en etoffeVenitienne a bouquetsde fleurs sur fond noisette.,3862,97.8,False,positional,,,Meubles,,
BO0624_5718,69757,699,698,"CADRE en noyer sculpte et dore sur fond bleu; les pilastres et le fronton surmonte par une corniche soutenue par une serie de petits supports, sont de coré de cannelures.",3866,98.8,False,positional,,,Meubles,,
BO0624_5718,69758,700,699,GRAND cADRE en bois noir a moulures avec glace.,3870,95.8,False,positional,,,OGGETTI IN LEGNO,,
BO0624_5718,69759,701,700,"QUATRE ESCABEAUX en noyer,recouverts de damas rouge.",3874,96.2,False,positional,,,Meubles,,
BO0624_5718,69760,702,701,"GRAN TAPIs tissu avee dessin a grand medaillons contenants un bouquet de feurs, surmontes par un vase de feurs et rinceaux blanc, terminant par des feuillages. Fond noir.",3878,98.8,False,positional,,,VASI,,
