catalogue_id,chunk_db_id,chunk_id,num,title,matched_line,match_score,low_confidence,entity_match_method,artist,school,object_type,collection,period
BO0624_1003,187429,1,1,"ACKERMANN. Microcosm of London.London printed for R. Acherman, by T. Bensley, s. d.(18o8-18o9), 3vol. gr. in-4, 3 fr. gr. sur bois, 3 titres gr., 1o4 pl. coloriees, dos et coins mar. rouge, dos or., non rogne (Champs).",5,99.5,False,positional,,,OGGETTI IN LEGNO,,
BO0624_1003,187430,2,2,"ANACREON, Sapho, Bion et Moschus, traduction nouvelle en prose, suivie de La Veillee des Fetes de Venus, et d'un choix de pieces de differents auteurs par M. M*** C**. (Moutonnet de Clairfonds). A Paphos et se trouve a Paris chex Le Boucher, 1773,in-4, front. 12 vign. et 12 culsde-lampe gr. par Massard d'apres Eisen, mar. rouge, 3 fil., fleurons d'angles, dos or., dent. int., tr. dor. (Rel. anc.).",9,99.7,False,positional,BOUCHER FRANCOIS,,OGGETTI IN FERRO,,Sec. XVIII
BO0624_1003,187431,3,3,"ARIOSTO. Orlando furioso. Birmingham, Baskerville,1773, 4 vol. in-8, port. par Eisen, gr. par Ficquet, 46 fig. par Cipriani, Cochin,Eisen, Greuze, Monnet et Moreau, mar. rouge, comp. de fil. avec dent. et orn.,",20,99.5,False,positional,MOREAU GUSTAVE,,OGGETTI IN FERRO,,Sec. XVIII
BO0624_1003,187432,4,4,"BEAUMARCHAIS. La Folle journee ou le Mariage de Figaro. Comedie en cinq actes, en prose. Paris, Ruault,1785,in-8, 5 fig. de SaintQuentin gr.par Halbou,Lienard et Lingee,mar.rouge, 3fil., comp. de 3 fil. avec fleurons d'angles. dos or., dent. int. tr. dor. sur bro., etui (Lortic).",25,98.2,False,positional,,,LIVRES ANCIENS,,Sec. XVIII
BO0624_1003,187433,5,5,"BERQUIN. Idylles. A Paris, Ruault, 1775, 2 tomes en 1 vol. in-12, titre grav. et 24 fig. de Marillier gr. par Gaucher, de Ghendt, Le Gouaz, Delaunay, Lebeau, Masquelier, Nee et Ponce, mar. bleu, 3 fil., dos or., dent. int., tr. dor. (Chambolle-Duru).",31,84.4,False,positional,,,LIVRES ANCIENS,,Sec. XVIII
BO0624_1003,187434,6,6,"BIBLE. La Sainte Bible contenant l'ancien et le nouveau Testament, traduite en francois sur la Vulgate, par M. Le Maistre de Saci. Nouvelle edition, ornee de 3oo figures, gravees d'apres les dessins de Marillier. Paris, Defer de Maisonneuve. De limprimerie de Monsieur,178g-an XII (18o4), 12 vol. in-4, fig., carte, mar. rouge, a grain long, 3 fl., fleurons d'angles, dos or., dent. int. tr. dor. (Rel. anc.).",35,99.7,False,positional,,,LIVRES ANCIENS,,
BO0624_1003,187435,7,7,"BIBLE (La Sainte) contenant I'ancien et le nouveau Testament. Traduite en francois sur la Vulgate par Le Maistre de Saci. Nouvelle edition, ornee de 3oo figures, gravees d'apres les dessinsde Marillier. A Paris. Defer de Maisonneuve,Imprimerie de Monsieur,1789,12vol.in-8,veau racine pet. dent. dos ornes, tr. marbr. (Rel. anc.). bis. BOILEAU-DESPREAUX. Euvres. Avec des eclaircissements par M. Brossette et des dissertations critiques par M.de Saint Marc.A Paris, David, 1747, 5 vol. in-12, port., fleurons, vign. et culs-de-lampe, 6 fig., mar. vert, 3 fil., fleurons d'angles, dos or. dent. int., tr.redorees (Rel. anc.).",42,70.0,False,positional,,,LIVRES ANCIENS,,Sec. XVIII
BO0624_1003,187436,8,7bis,"BOILEAU-DESPREAUX. OEuvres. Avec des eclaircissements par M. Brossette et des dissertations critiques par M.de Saint Marc.A Paris, David, 1747, 5 vol. in-12, port., fleurons, vign. et culs-de-lampe, 6 fig., mar. vert, 3 fil., fleurons d'angles, dos or. dent. int., tr.redorees(Rel. anc.).",46,97.9,False,positional,,,LIVRES ANCIENS,,Sec. XVIII
BO0624_1003,187437,9,8,"BOSSUET. Discours sur l'Histoire Universelle, depuis le commencement du monde jusqu'a l'empire de Charlemagne. Paris-Didot, 1784, in-4, mar. vert., dent. a petits fers, dos or. a petits fers, dent. int. tr. dor. (Rel. anc.).",55,99.5,False,positional,,,LIVRES ANCIENS,,Sec. XVIII
BO0624_1003,187438,10,9,"BUSSY-RABUTIN. Histoire Amoureuse des Gaules, s. l. (Paris), 1754, 5vol. in-12, 5 titres graves, mar. grenat a long grain. dent., dos or., dent.int. tr. dor.",64,72.8,False,positional,,,LIVRES ANCIENS,,Sec. XVIII
BO0624_1003,187439,11,10,"CICERON. Tusculanes traduites par Messieurs Bouhier et d'Olivet. Paris, Barbou, 1766, 2 vol. in-12, mar. rouge, 3 fil., dos or. dent, int. tr. dor.(Rel.anc.).",65,98.2,False,positional,,,LIVRES ANCIENS,,Sec. XVIII
BO0624_1003,187440,12,11,"CORNEILLE. Theatre, avec les commentaires de Voltaire. Paris- Didot l'aine, 1795-1796, 1o vol. in-4, mar. rouge a long grain, deux petites dent. separees par une grecque, dos richement orne a petits fers, double dent. int. dont une sur le tabis, doublures et gardes de tabis bleu, tr. dor.(Relie par Bozerian).",69,88.9,False,positional,,,LIVRES ANCIENS,,Sec. XIX
BO0624_1003,187441,13,12,"DEZALLIER D'ARGENVILLE. L'Histoire naturelle eclaircie dans une de ses parties principales, la Conchyliologie, qui traite des coquillages de mer, de riviere et de terrc. Paris, De Bure, 1757, in-4 regle, front. et 4o pl. coloriees, mar. vert, large dent. a petits fers, dos or., dent. int. doub.et gardes de soie jaune, tr. dor.(Relie par Derome dit le jeune).",73,98.7,False,positional,,,LIVRES ANCIENS,,Sec. XVIII
BO0624_1003,187442,14,13,"DIONIS DE SEJOUR (Mu). Origines des Graces, par Mademoiselle D*** A Paris, 1777, front. et 5 fig. de Cochin.— Journee de 1'Amourou heures de Cythere (par la Comtesse Turpin de Crisse). A Gnide, 1776, 4 fig. et vign. par Taunay. —Ens. : 2 ouv. en 1 vol. in-8, veau racine, dent. dos or., dent. int. tr. dor. (Rel.anc.).",83,88.2,False,positional,COCHIN NICOLAS,,OGGETTI VARI,,Sec. XVIII
BO0624_1003,187443,15,14,"FENELON. Les Aventures de Telemaque, fils d'Ulysse. Paris-Estienne, 1717, 2 vol. in-12, 1 front. portrait, par Bailleul gr. par Duflos, 1 front., vign. et 24 fig. par Bonnart gr.par Giffart ou non signes et 1 carte,mar. orange, 3 fil., dos or., dent. int. tr. dor. (David).",84,99.4,False,positional,BONNARD PIERRE,,LIVRES ANCIENS,,Sec. XVIII
BO0624_1003,187444,16,15,"FENELON. Les Aventures de Telemaque fls d'Ulysse.Amsterdam.Wetstein,1734,in-4,front.par Picart, 1 leuron,1 ortrait,24fg.parDebrie, Dubourg et Picart gr.par Bernaerts,Folkema, Gunst et Surugue,24 vign. par Dubourg, 21 culs-de-lampe par Debrie et Dubourg, mar. bleu, 3 fil., comp. de 3fil, avec fleur de lys aux angles, dos or., dent. int. doubl. et gardes de soie rose, tr. dor. (Rel. anc.)",87,99.6,False,positional,,,LIVRES ANCIENS,,Sec. XVIII
BO0624_1003,187445,17,16,"FENELON. Les Aventures de Telemaque avec figures en taille-douce, dessinees par MM. Cochin et Moreau le jeune. A Paris de l Imprimerie de Monsieur, 179o, 2 vol. in-8, gr. pap. velin, fig., mar. vert, comp. de fil., listel de mar. grenat avec dent., dos or., dent. int., doub. et gardes de tabis grenat, tr. dor. (Rel. anc.).",91,99.5,False,positional,MOREAU ADRIAN,,LIVRES ANCIENS,,
BO0624_1003,187446,18,17,"FLORIAN. Galatee, roman pastoral; imite de Cervantes. Edition ornee de figures en couleur, d'apres les dessins de M. Monsiau. A Paris, Defer de Maisonneuve, 1793, in-4, 4 fig. gr. par Cazenave et Colibert, mar. rouge, fil. et double dent., dos or., tr. dor. (Rel. anc.).",100,84.8,False,positional,,,LIVRES ANCIENS,,Sec. XVIII
BO0624_1003,187447,19,18,"FONTENELLE. OEuvres diverses. A la Haye. Gosse et Neaulme, 1728, 1729, 3 vol. in-fol., texte encadre, 6 fig., 2 fleurons et 174 vignettes et culs-de-lampe, par Bernard Picart, veau brun, dos or., tr. rouge (Rel. anc.).",108,99.0,False,positional,,,OGGETTI VARI,,Sec. XVIII
BO0624_1003,187448,20,19,"GESSNER (Salomon). OEuvres. A Paris, chez l Auteur des Estampes, Veuve Herissant et Barrois laine, s.d. (i786-1793), 3 vol. in-fol. port. fig.,mar. rouge, 3 fl., comp. de 5 fil. avec petite dent. et orn. aux angles dor. a petits fers, dos or., double de mar. bleu, comp. de fil. dent. et fleurons d'angles, gardes de moire rouge, tr. dor., etuis doubles de mouton (M.Lortic).",111,99.4,False,positional,,,OGGETTI VARI,,Sec. XVIII
BO0624_1003,187449,21,20,"GESSNER. Mort d'Abel, poeme traduit par Hubert. Edition ornee d'Estampes imprimees en couleur, d'apres les dessins de M. Monsiau. Paris, Defer de Maisonneuoe, 1793, in-4, front. et 5 pl.par Monsiau gr. par Colibert, Casenave et Clement, mar. rouge a long. grain, fil. gras et maigres, comp. de 2 fil. croises aux angles, dos or., dent. int. doub. et gardes de moire bleue, tr. dor. (Rel. anc.).",121,99.6,False,positional,,,STAMPE E INCISIONI,,Sec. XVIII
BO0624_1003,187450,22,21,"HENAULT (Le President). Nouvel abrege chronologique de I'Histoire de France contenant les evenements de notre histoire depuis Clovis jusqu'a la mort de Louis XIV, Paris, Prault, 1749, in-4, 1 feuron, 3 vign. et 36 beaux culs-de-lampe par Cochin, mar. rouge, 3 fil. dos or., dent. int., tr. dor.(Rel. anc.).",125,99.5,False,positional,COCHIN NICOLAS,,LIVRES ANCIENS,,Sec. XVIII
BO0624_1003,187451,23,22,"HENAULT. Nouvel abrege chronologique de I'Histoire de France, contenant les evenements de notre histoire depuis Clovis jusqu'a la mort de Louis XIV. Nouvelle edition augmentee. A Paris, Prault, 1768, 2 parties en 3 vol. in-4, flcuron, charmant portrait de la Reine Leckzinska gr. par Gaucher d'apres Nattier, 3 vign. par Cochin gr. par Moreau, 3 lettres ornees par Chedel, 3o culs-de-lampe par Moreau, mar. rouge,3 fil., comp. de 2 fil. avec fleurons aux angles, dos or.,dent. int., tr. dor. (Petit succ. de Simier).",129,69.5,False,positional,MOREAU ADRIAN,,LIVRES ANCIENS,,Sec. XVIII
BO0624_1003,187452,24,23,"HOCQUART (Edouard). Le Duc de Berry ou vertus et belles actions, d'un Bourbon. Paris, Didot, 182o, in-4, port. et 11 fig. gr. a la maniere noire par Paul, Charron,Jazet,Hocquart d'apres Fragonard, Chasselat, Pecheux,Martinet et Lordon,mar.rouge a long grain,double comp. de 2 fil. avec dent., dos or., dent. int., doub. et gardes de moire bleue, tr. dor. couv. cons. (Rel. par Motet).",138,95.4,False,positional,FRAGONARD JEAN-HONORE,,LIVRES ANCIENS,,
BO0624_1003,187453,25,24,"HORAE. Judic dominica inapiunt Hore sancte trinitatis. Id. mat. : Manuscrit de 12 ff. pour le calendrier et 3i1 ff. sur peau de velin orne de 15 grandes miniatures avec bordures, et de 25 grandes lettres ornees avec bordures rel. a ais de bois, veau brun, sur les deux plats ornements gaufres entoures de l'inscription suivante : a Anthoninus de Gavere ad laudem Christi librum hunc ligavi ,tr. dor.(Rel. du xvre siecle restauree).",145,99.5,False,positional,LE BRUN CHARLES,,MINIATURE,,
BO0624_1003,187454,26,25,"JOURNEE DU CHRETIEN(La). Sanctifiee par la priere et la meditation. Dediee a Madame de France. Paris,H.-L. Guerin, 1743, 2 vol. in-8, 2 fleurons,2 vign. maroq.rouge,bande dentelee de maroq.vert, sertie de fil. et ornee de traits et de points d'or. Partant de la base et ornant entierement les plats des branches de fleurs et feuillages de maroq. de tons diferents sertis de filets et ornes a petits fers,et sur les parties non couvertes par cette mosaique semis de petits points et petits fers dores, dos ornes de meme, dent. int. gardes de tabis bleu, tr. dor.(A.-M. Pade- 2. loup).",159,99.1,False,positional,,,PIATTI,,Sec. XVIII
BO0624_1003,187455,27,26,"LA FONTAINE. Fables choisies. Paris, Desaint et Saillant,17551759, 4 vol. in-fol., front. et 275 fig. d'Oudry, veau marb., 3fil., fleurons d'angles, dos or., dent. int.tr. dor. (Rel. anc.).",168,99.1,False,positional,OUDRY JEAN BAPTISTE,,LIVRESANCIENS,,
BO0624_1003,187456,28,27,"LA FONTAINE. Fables choisies, mises en vers. Nouvelle edition gravee en taille-douce. Les figures par le Sr Fessard, le texte par lc Sr Montulay. A Paris,chez l Auteur, 1765-1775, 6 vol. in-8, mar. rouge, 3 fil., dos or. a petits fers, dent. int. tr. dor. (Rel. anc.).",177,87.7,False,positional,,,LIVRESANCIENS,,Sec. XVIII
BO0624_1003,187457,29,28,"LA FONTAINE. Contes et nouvelles en vers. A Amsterdam,1762, 2 vol. in-8, mar. rouge, large dent. a petits fers, coeur perce de deux fleches aux angles, petits coeurs dans le courant de la dent. dos or., dent. int., doub. et gardes de tabis bleu, tr. dor. (Rel. anc.).",184,99.4,False,positional,,,LIVRESANCIENS,,Sec. XVIII
BO0624_1003,187458,30,29,"LA FONTAINE. Contes et nouvelles. A Amsterdam, 1762, 2 vol. in-8, mar. rouge, 3 fil. dos or., dent. int., tr. dor. (Rel. anc.).",194,98.6,False,positional,,,LIVRESANCIENS,,Sec. XVIII
BO0624_1003,187459,31,30,"LA FONTAINE. Suite de vingt figures de Fragonard pour les Conteset Nouvelles en vers. A Paris, Didot, 1795, 2o pl. a toutes marges montees sur onglet, interfolies de papier fort, reunies en un album in-fol. mar. rouge a long grain, dent., dos or. a petits fers, dent.int., doub. et gardes de moire bleue, tr. dor. sur bro., etui double de chamois (Chambolle-Duru).",201,98.8,False,positional,FRAGONARD JEAN-HONORE,,LIVRESANCIENS,,Sec. XVIII
BO0624_1003,187460,32,31,"LA ROCHEFOUCAULD. Maximes et reflexions morales.Paris,Didot, in-4, mar. bleu a long grain, fil. gras, double comp. de 2 fil. avec dent., dos or. a petits fers, dent.int. doub. et gardes de tabis saumon, tr. dor.",215,99.2,False,positional,,,LIVRESANCIENS,,
BO0624_1003,187461,33,32,"LEGOUVE. Le Merite des femmes et autres poesies. Dixieme edition. Paris, Renouard, 18o9, in-12,fig., mar. citron, compart. de 2 fil. avec losanges en mosaique de mar. vert, dent. dor., angles et milieux dor. a petits fers avec mosaique de mar. rouge et vert, dos or. d'orn. et de pointille dor. a petits fers et mosaique de mar. vert, mors de mar. doublures et gardes de tabis cerise avec large dent. inter., orne de pointillé et mosaique de mar. rouge, dent. dor. encadrant les gardes, tr. dor., etui de mar. vert a long grain, dent., dos or. (Relie par Simier).",224,93.7,False,positional,,,LIVRESANCIENS,,
BO0624_1003,187462,34,33,"LE SAGE. Histoire de Gil Blas de Santillane. Derniere edition revue, et corrigee. A Paris, Par les libraires associes, 1747, 4 vol.in-12, 32fig. non signees gr. a leau-forte, mar. vert, 3 fil., dos or., dent. int., tr. dor. (Allo).",243,99.3,False,positional,,,LIVRESANCIENS,,Sec. XVIII
BO0624_1003,187463,35,34,"MALHERBE. Poesies, rangees par ordre chronologique. Paris, Barbou, 1757,in-8,2 port. dont un ajoute,maroquinbleu a long grain,large compartiment de deux filets croises aux angles, ornements aux angles a froid et dores a petits fers, orn. dor. a petits fers, dentelle a froid, milieux a froid et dor. a petits fers, dos or., dent. int. formee de cercles croises, tr. dor., etui formant volume ferme a clef en mar.rouge a long, comp. d'un double fil. avec dent. au milieu, dos or., int. capitonne double de satin bleu ciel (R. P. Thouvenin).",247,99.7,False,positional,,,OGGETTI VARI,,Sec. XVIII
BO0624_1003,187464,36,35,"MILTON. Le Paradis perdu, poeme. Edition en anglais et en francais, ornee de douze estampes imprimees en couleur d'apres les tableaux de M. Schall. A Paris, Defer de Maisonneuoe, 1792, 2 vol. in-4, 12 fig. gr. par Clement, Colibert, Demonchy et Gautier, mar. rouge dent., dos or., dent. int.,tr. dor. (Rel. anc.).",253,99.5,False,positional,,,STAMPE E INCISIONI,,Sec. XVIII
BO0624_1003,187465,37,36,"MOLIERE. Euvres avec des remarques grammaticales, des avertissements et des observations sur chaque picce par M. Bret. Paris. Par la Compagnie des libraires associes. An 13, 18o4, 6 vol.in-8, port. par Mignard,33 fig par Moreau le jeune,veau fauve,guirlande de fleurettes, dos or. d'orn. et d'attributs de la comedie, lyre au centre, pieces de titre en mar.vert,dent.int. tr.(Rel. anc.).",256,99.6,False,positional,MOREAU GUSTAVE,,LIVRESANCIENS,,
BO0624_1003,187466,38,37,"MONTESQUIEU. Le Temple de Gnide, suivi d'Arsace et Ismenie. Paris,de l Imprimerie de P. Didot laine, lan 1V, 1796, in-18, 12 fig. dont 10 de Regnault, gr. a l'eau-forte par Bertaux et terminees par Bacquoy, Halbou, Lingee, etc... et 2 fig. de Le Barbier gr. par Courbe et Patas, mar. rouge, fil. et dent. dos or. a petits fers, grecque int., doub. et gardes de tabis bleu, tr. dor. (Rel. P. Bozerian).",262,93.3,False,positional,,,LIVRESANCIENS,,Sec. XVIII
BO0624_1003,187467,39,38,"MOREAU LE JEUNE. Seconde suite d'Estampes, pour servir a lHis- toire des modes et du costume en France dans le xvinre siecle. Annee 1776.A Paris chez M. Moreau, Graveur du Cabinet du Roi, Cour du Mai au Palais, Hotel de la Tresorerie, A. P.D. R. s.d.(u776) titre imprimeet 12 fig. de Moreau gr. par Camligue, Guttenberg, Lorieux, etc..., en feuilles dans une boite in-8, mar. rouge, 3 fil., dos or., dent. int., tr. marb. (Rel. anc.).",268,91.8,False,positional,MOREAU ADRIAN,,SCATOLE,,Sec. XVIII
BO0624_1003,187468,40,39,"MOREAU LE JEUNE (J.M.). Suite complete de figures pour illustrer la Nouvelle Heloise de J.-J. Rousseau, front. et 12 fig. gr. par Lorieux. Suite complete de figures pour illustrer Emile de J.-J. Rousseau. Front. dess. par Cochin gr. par Lorieux et 9 fig. dess. par Moreau gr.par Lorieux.",274,99.4,False,positional,MOREAU GUSTAVE,,LIVRESANCIENS,,
BO0624_1003,187469,41,40,"NOUVEAU TESTAMENT (Le) en latin et en francais, traduit par Sacy. Edition ornee de figures gravees sur les dessins de Moreau le jeune. Paris, Saugrain, 1793-1798, 5 vol. in-4,fig. maroq. rouge, filets,dos ornes, dent. inter. tr. dor. (Allo).",287,99.3,False,positional,MOREAU GUSTAVE,,LIVRESANCIENS,,Sec. XIX
BO0624_1003,187470,42,41,"OFFICE DE LA SEMAINE SAINTE en latin et en francais,avec des reflexions et meditations, Prieres et Instructions pour la Confession et Communion. Dedie a la Reine. Paris, Garnier, 1752, in-8, fig. maroq. rouge, dent. et ornements dor. a petits fers couvrant entierement les plats, dos orne, dent. inter. gardes de papier dor. tr. dor. (P.-P. Dubuisson).",300,75.3,False,positional,,,OGGETTI VARI,,Sec. XVIII
BO0624_1003,187471,43,42,"OFFICE DE LA VrERGE MARIE pour tous les temps de l'annee suivant la reformation du Saint Concile de Trente. Et depuis revu, corrige et augmente.De l'authorite du Pape Clement VIll. Avec le formulaire d'Oraisons du Pere Coton. Par le Commandement de la Reine (Fleuron graves, Armes de la Reine Marie de Medicis). Paris, Gabriel Clopejau, 1640, in-12, 24 fig. de Moncornet, M. Picart, maroq. rouge, pet. dent. Compartiments et entrelacs de filets dor. et dans chaque compart. ornements dores a petits fers a palmettes graves au pointille,parsemes de paillettes ou rosaces, dos orne de meme, double de maroq. vert. dentelle,gardes de papier specialement peint pour ce livre, fond rouge avec fleurettes en or, tranches ciselees et peintes. Fermoirs en or reperce et cisele,emaux de couleurs (Florimond Badier).",309,95.6,False,positional,METSU GABRIEL,,OGGETTI VARI,,Sec. XVII
BO0624_1003,187472,44,43,"OVIDE. La metamorphose d'Ovide figuree. A Lyon par Jan de Tournes, 1564, in-8, 91 ff., 178 vign. gr. sur bois, mar. rouge, 3 fl., dos or., dent.int.tr. dor.(Rel.anc.).",318,76.5,False,positional,,,OGGETTI IN LEGNO,,Sec. XVI
BO0624_1003,187473,45,44,"OVIDE. Les metamorphoses, en latin et en francois, de la traduction de M.1Abbe Banier. Paris, Pissot, 1767-1771, 4 vol. in-4, veau fauve, 3 fi.,dos or.,dent. int. tr. dor.(Rel. anc.).",327,99.1,False,positional,,,LIVRESANCIENS,,Sec. XVIII
BO0624_1003,187474,46,45,"PASCAL. Pensees sur la Religion et sur quelques autres sujets, qui in-I2,veau fauve, 3 fl. armes aux angles, fer dor. avec devise aux ont este trouvees apres sa mort parmy ses papiers. Paris, Desprez, 1673, milieux, dos or. avec armes repetees, dent. int. tr. rouge (Rel. anc.).",336,67.5,False,positional,,,LIVRESANCIENS,,Sec. XVII
BO0624_1003,187475,47,46,"RABELAIS. OEuvres, avec les remarques historiques et critiques de M. Le Duchat, ornee de figures de B. Picart.Augmentee de quantite de remarques nouvelles de M. Le Duchat, de celles de l'edition angloises, de ses lettres et de plusieurs pieces curieuses et interressantes. Amsterdam. J-F. Bernard, 1741, 3 vol. in-4,fig. cartonne,non coupe, etuis",342,99.2,False,positional,,,OGGETTI VARI,,Sec. XVIII
BO0624_1003,187476,48,47,"ROUSSEAU (J.-J.). OEuvres completes, classees par ordre de matieres. Paris, Poincot, 1788-1793, 39 tomes en 38 vol. in-8,4o front. 43 fig. par Moreau,Marillier,Le Barbier, Leclerc,Naigeon, Wheatly,Boucher, Monnet,44 pl. coloriees de botanique, 13 ff.musique,un vol. de 319 et VI pp. de musique gravee, veau fauve, dent., dos or., dent. int. tr. dor.",350,57.6,False,positional,MOREAU GUSTAVE,,LIVRESANCIENS,,Sec. XIX
BO0624_1003,187477,49,48,"SCRIPTORES. Libri de re rustica. Catonis. Libr.I. Terenti Varonis. Lib. IlI. Collumelae. Lib. XIl. Paladii. Lib. XIV. Enarrationes priscarum uocum per ordinem literarum digestae.Venetis,in edibus heredum Aldi et Andree Soceri. M. D. XxxllI (1533) in-8,maroq. rouge, compart. de filets, rinceaux et guirlande de feuillages dor. a petits fers, dos orne, tr. dor. (Rel. du xvre siecle).",362,99.6,False,positional,,,LIVRESANCIENS,,Sec. XVI
BO0624_1003,187478,50,49,"VOLTAIRE. Estampes destinees a orner les editions de M. de Voltaire par J.-M. Moreau, dessinateur et graveur du Cabinet du Roi. A Paris, chez l Auteur. A. P. D. R., titre, dedicace, 93 figures et 19 port. par Moreau,gr.par Croutelle,Dambrun,Delignon, Lingee,Romanet, Triere, etc..., 114 pl. en feuilles montees sur papier fort.",370,99.5,False,positional,MOREAU ADRIAN,,STAMPE E INCISIONI,,
BO0624_1003,187479,51,50,"VOLTAIRE. Suite des figures par Moreau le jeune et gravees par Coiny, Croutelle, Halbou, Romanet, Simonet, Triere, Villiers, etc... pour les Euvres de Voltaire.A Paris, Renouard, 18o2, 15o planches en feuilles a toutes marges montees sur papier fort.",373,99.4,False,positional,MOREAU ADRIAN,,LIVRESANCIENS,,
BO0624_1003,187480,52,51,"ALBUMS de Paul Henrion. Dessins de Jules David. Paris, Colombier, 1845-1859, 13 albums in-4,pl.lith., musique, Cart. fers speciaux, tr. dor.(Cart. romantique).",385,72.8,False,positional,,,EDITIONS; RELIURES,,Sec. XIX
BO0624_1003,187481,53,52,"ALLOM (Th.). China, in a series of views displaying the scenery, architecture, and social habits of that ancient empire. Drawn, from original and authentic sketches,by Thomas Allom,with historical and descriptives notice by G.-N. Wright. London, Fischer, s. d., 4 tomes en 2 vol. in-4, 4 titres avec vign. et 124 pl. gr. sur acier, dos et coins chag. rouge, dos or. non rog. (Vernier-Reitz).",393,99.6,False,positional,,,EDITIONS; RELIURES,,
BO0624_1003,187482,54,53,"ALLOM (Th.). La France au xixe siecle illustree dans ses monuments et ses plus beaux sites dessines d'apres nature par Allom, avec un texte descriptif par Charles-Jean Delille. Londres,Fischer,Paris,Mandeville, s. d. 3 vol. in-4, 3 front., 3 titres et 12o planches gr. sur acier, toile bleue, fers speciaux, tr. dor. (Cart. de l'ed.).",394,99.5,False,positional,,,EDITIONS; RELIURES,,
BO0624_1003,187483,55,54,"ARIOSTE. Roland furieux, traduit par le Comte de Tressan. Orne de gravures d'apres les dessins de M. Colin. Paris, Nepveu, 1822, 3 tomes en 1 vol.in-8,port. et 9fig. de Colin graves par Pauquet, Pourvoyeur, etc..., fil., comp. et milieux a froid et dor., dos or., dent. int., tr. dor. (Rel. romantique).",398,97.4,False,positional,,,STAMPE E INCISIONI,,Sec. XIX
BO0624_1003,187484,56,55,"BALZAC. La Peau de Chagrin. Etudes sociales. Paris, Delloye, Lecou, 1838, in-8, 1oo vignettes d'apres Gavarni. Baron, Janet-Lange, maroq. grenat, compart. de fil. dor. et dent. a froid, dos orne, dent. inter. tr. dor.(Lanscelin).",404,82.2,False,positional,,,EDITIONS; RELIURES,,Sec. XIX
BO0624_1003,187485,57,56,"BALZAC. Les contes drolatiques colligez ez Abbayes de Touraine. Cinquiesme edition illustree de 425 dessins par Gustave Dore. Se trouve a Paris ez bureaux de la Societe generale de librairie, 1855, in-8, vign. gr. sur bois, chagr. vert avec fil., plats et dos, semis de fleurs de lys, dent. int., tr. blanche avec semis de fleurs de lys ciselees et dorees (Rel. de l'epoque).",411,90.4,False,positional,,,OGGETTI IN LEGNO,,Sec. XIX
BO0624_1003,187486,58,57,"BALZAC. Les contes drolatiques colligez ez Abbayes de Touraine. Cinquiesme edition illustree de 425 dessins par Gustave Dore. Se trouoe a Paris ez bureaux de la Societe generale de librairie, 1855, in-8, vign. gr. sur bois, dos et coins mar. rouge, dos or. dor. et a froid, non rogne (Durvand).",419,87.4,False,positional,,,OGGETTI IN LEGNO,,Sec. XIX
BO0624_1003,187487,59,58,"BARD (Joseph). Considerations pour servir a I'histoire du developpement moral et litteraire desNations.Paris,Pichard,1826,in8,mar.vert a long grain, fers dor., milieux dor., dos or. dent. int., tr. dor. (Thouvenin).",423,99.2,False,positional,,,EDITIONS; RELIURES,,Sec. XIX
BO0624_1003,187488,60,59,"BEATTIE. L'Ecosse pittoresque ou suite de vues prises expressement pour cet ouvrage par MM. T. Allom, W. H. Bartlett et H. M. Culloch,le texte par W.Beattie.Londres Virtue,Paris, Ferrier,1838, 2 vol. in 4, 2 vign., 1 carte et 117 pl. gr. sur acier, plats basane grenat, plaque a froid, dos de chag. grenat, orn. tr. dor. etuis (Reliure romantique).",424,99.2,False,positional,,,OGGETTI VARI,,Sec. XIX
BO0624_1003,187489,61,60,"BEAUTES (Les) de l'Opera, ou chefs-d'euvre lyriques illustres par les premiers artistes de Paris et de Londres sous la direction de Giraldon, avec un texte explicatif redige par Theophile Gautier, Jules Janin texte avec encadr.en differentes couleurs, vign. dans le texte grav. sur bois, cart. toile, orn. a froid, fers speciaux dor. et couleur, tr. dor.",428,99.6,False,positional,,,OGGETTI IN LEGNO,,
BO0624_1003,187490,62,61,"BEGIN (Emile). Voyage pittoresque en Espagne et en Portugal. Paris. Belin Leprieur et Morizot, s. d. (1852) in-8, 38 pl. hors texte dont 10 coloriees, par MM. Rouargues freres. Cart. toile verte, fil.a froid, fers dor., tr. dor. (Cart romantique).",433,99.3,False,positional,,,EDITIONS; RELIURES,,Sec. XIX
BO0624_1003,187491,63,62,"BERANGER (P.-J.) CEuvres completes.Edition ornee de 1o4 vignettes en taille douce. Paris. Perrotin, 1834. Musique des chansons de P. J. Beranger. Paris. Perrotin, 1838. —Ens. 6 tomes en 5 vol. in-8, port., fac-simile et 99 figures (sur 1o4), chagrin violet,fil. gras a froid, 3 fil. dor., orn. sur les plats et les dos dor. et a froid, fil int. tr. dor. (Rioage).",436,99.5,False,positional,,,PIATTI,,Sec. XIX
BO0624_1003,187492,64,63,"BERQUIN OEuvres. Nouvelle edition, ornee de gravures. Paris. Nepveu, 1825, 2o vol., 6o fig. gr. sur acier et coloriees. —Les aventures de Robinson Crusoe traduites de Daniel Foe. Paris, Froment, 1827. 2 vol. 4 fig. en noir.—Ens. 22 vol. in-16, cart. papier rose glace, orn.gaufres a froid,tr. dor., renfermes dans un coffret en bois, en forme de livre in-4, recouvert de veau fauve, fil. dor., dent a froid , dos or., tr. marb. (Rel.del'epoque rest.).",444,99.5,False,positional,,,OGGETTI IN LEGNO,,Sec. XIX
BO0624_1003,187493,65,64,"BOILEAU-DESPREAUX. OEuvres. Paris, Blaise, 1821, 4 vol.in-8, 3port., 1o fig.par H. Vernet, Bergeret, Hersent, C. Vernet, Roehn, Choquet, fac-simile grav. par Dien,veau brun, comp. de fil. dor. avec dent. afroid, comp. de fil. gras a froid avec dent.,milieux a froidet dore, dos or.dor. et a froid, dent. int. tr. dor. etuis (Rel. romantique).",448,88.4,False,positional,VERNET EMILE JEAN HORACE,,OGGETTI VARI,,Sec. XIX
BO0624_1003,187494,66,65,"BOSSUET. Discours sur l'histoire universelle.Paris, Curmer. s. d. (1839), 2 vol. in-8, front. en chromolith., 12 gr. sur acier, texte avec encad., gr. sur bois d'apres Johannot, Meissonier, Chenavard, et.., chagr. violet. fl. a froid et dor., fers dor., dos or. tr. dor. (Reliure romantique).",455,99.2,False,positional,MEISSONIER JEAN-LOUS-ERNEST,,OGGETTI IN LEGNO,,Sec. XIX
BO0624_1003,187495,67,66,"BROOKSHAW. Pomona Britannica or a collection of the most esteemed fruits at present cultivated in Great Britain:London printed by Bensley, 1817, 2 tomes en 1 vol. in-4, 6o pl. coloriees, mar. rouge a long grain, dent. dor. et dent. a froid, dos or., dent. int. tr. dor. (Rel. de l'epoque).",458,97.7,False,positional,,,EDITIONS; RELIURES,,Sec. XIX
BO0624_1003,187496,68,67,"BURETTE. Musee de Versailles. Paris, Furne, 1844, 3 vol. in-4, 204 pl. gr. sur acier, chagr. violet, fers dor. et a froid, dos or., dent. int. tr. dor.(Reliure romantique).",463,99.0,False,positional,,,EDITIONS; RELIURES,,Sec. XIX
BO0624_1003,187497,69,68,"CERVANTES. Histoire de l'admirable Don Quichotte de la Manche, Traduction de Filleau de Saint-Martin.Paris,Delongchamps,1825. 6 vol. in-8, port. et 5 fig. gr. sur acier d'apres Deveria, veau bleu, 2 fil, dor., den. et milieux a froid, dos or., dent. int., tr., dor.(Jozon et Chauvet).",468,86.7,False,positional,,,EDITIONS; RELIURES,,Sec. XIX
BO0624_1003,187498,70,69,"CHAM. Recueil de 64 dessins originaux a la plume, par Cham,montes dans un album, in-8, oblong., mar. vert a long grain, 3 fils., dent. a froid, milieux a froid, dos or. dor. et a froid, dent.int., tr. dor.(Reliure romantique).",472,99.3,False,positional,,,EDITIONS; RELIURES,,
BO0624_1003,187499,71,70,"CHAMPAGNAC. Les matinees du printemps ou les recits de la pepi- niere,faits historiques et anecdotiques formant une nouvelle morale en action.Paris, Lehuby, 1847, in-8,vign.gr. sur bois, 12 planche hors-texte lithogr.,basane mauve, plats et dos entierement recouverts d''ornements dores et en couleur, tr. dor., chemise et etui (Rel. romantique).",477,89.6,False,positional,,,OGGETTI IN LEGNO,,Sec. XIX
BO0624_1003,187500,72,71,"CHAMPFLEURY. Les bons contes font les bons amis. Dessins par E. Morin. Paris, Truchy, s. d. (1863), in-4, dos et coins mar. rouge a long grain, dos or., non rog., couv. cons. (Noulhac).",480,99.1,False,positional,,,EDITIONS; RELIURES,,Sec. XIX
BO0624_1003,187501,73,72,"CHANTS ET CHANSONS populaires de la France. Paris, Delloye, 1843,3. vol. in-8, titres, textes et vignettes gr. sur acier, dos et coins mar. bleu a long grain, dos or., tr. ebarb. couv. generales, cons. sans les dos, etuis (Noulhac).",485,84.4,False,positional,,,OGGETTI VARI,,Sec. XIX
BO0624_1003,187502,74,73,"CHATEAUBRIAND. OEuvres completes. Paris, Furne, 1839, 4 vol. in-8 a 2 col., 4 port., 25 fig., 1 carte, gr. sur acier, veau rouge, fil. dor., dent. a froid, comp. de 3 fil. dor., orn. aux angles, milieux a froid, dos or., dent. int. tr. dor. (R. P. Ginain).",490,85.6,False,positional,,,EDITIONS; RELIURES,,Sec. XIX
BO0624_1003,187503,75,74,"CHRONIQUES et legendes, France. Paris, Janet, s. d., in-8, 12 fig. gr. sur acier, demi-mar. vert a long grain, dos or., tr. dor. (Rel. romantique).",494,98.8,False,positional,,,EDITIONS; RELIURES,,
BO0624_1003,187504,76,75,"CONFESSIONS d'une Anglaise de qualite, traduit de l'anglais par acier, chag. violet, dent. dor., orn. a froid, milieux dor., dos or., tr. dor. Lewis Delaporte. Paris, Delaporte, 1841,in-8, titre et 8 port. gr. sur (Rel. romantique de Boutigny).",495,72.8,False,positional,,,EDITIONS; RELIURES,,Sec. XIX
BO0624_1003,187505,77,76,"CONTES DU GAY SCAVOIR (Les). Ballades, Fabliaux et traditions du moyen age, publies par Ferd. Langle, et ornes de vignettes et fleurons imites des manuscrits originaux par Bonington et Monnier. Imprime par Firmin-Didot pour Lami Denozan,1828,in-8, caract. gothiques, fig.,mar. rouge, 3 fil.,comp. de 3 fil. droits et courbes, fleurons aux angles, dos or. dent. int., tr. dor. (Niedree, 1845).",501,91.3,False,positional,LAMI EUGENE LOUIS,,EDITIONS; RELIURES,,Sec. XIX
BO0624_1003,187506,78,77,"CORNEILLE (P.) OEuvres, avec le commentaires de Voltaire et les jugements de La Harpe. Paris, Janet er Cotelle, 1821, 12 vol. in-8, veau brun. fil. dor., dent a froid, dos or. dor. et a froid, dent. int., tr. marb. (Duplanil)",502,98.5,False,positional,LE BRUN CHARLES,,EDITIONS; RELIURES,,Sec. XIX
BO0624_1003,187507,79,78,"DAHLIA (Le). Heures de loisirs. Paris, Desenne, 1837, in-8, front., titre et 17 pl. gr. sur acier, mar. rouge, fers a froid, dos or., tr. dor. (Rel.romantique).",506,93.1,False,positional,,,OGGETTI VARI,,Sec. XIX
BO0624_1003,187508,80,79,"DELILLE. Les Jardins ou I'art d'embellir les paysages, poeme. Paris, Chapsal, 1844, in-8, front. et 14 pl. gr. sur acier d'apres les dessins de Thenot, vign. gr. sur bois, dos et coins mar. vert a long grain, dos or., tete dor. n.rog., couv. cons. (Durvand).",511,99.4,False,positional,,,OGGETTI IN LEGNO,,Sec. XIX
BO0624_1003,187509,81,80,"DESNOYERS (Louis). Les aventures de Jean-Paul Choppart. Illustrecs par Gerard Seguin, lEpisode de Panouille par Frederic Goupil. Paris, Dubochet, 1843, in-8, vign. dans le texte, dos et coins mar. rouge, dos or.non rogne,couv.et prospectus cons.",515,99.4,False,positional,,,EDITIONS; RELIURES,,Sec. XIX
BO0624_1003,187510,82,81,"DODECATON ou le Livre des douze. Paris, Magen, 1837, 2 vol. in-8, dos et coins mar. rouge a long grain, dos or., n. rog., couv. cons. sans les dos (A. Cuzin).",520,73.6,False,positional,,,EDITIONS; RELIURES,,Sec. XIX
BO0624_1003,187511,83,82,"DUMAS (Alex.). Impressions de voyage. De Paris a Cadix. Paris, ancienne maison Delloye, 1847-1848, 5 vol. in-8, demi-mar. olive, tetes dor., non rog., couv. cons. (Conil-Septier).",526,78.5,False,positional,,,EDITIONS; RELIURES,,Sec. XIX
BO0624_1003,187512,84,83,"ENAULT (Louis). Angleterre, Ecosse, Irlande, voyage pittoresque. Paris, Morizot, 1859, in-8, 16 p. gr. sur acier et 4 pl. costumes colories, toile, fers speciaux dor. et couleur, tr. dor. (Cart. romantique).",530,99.2,False,positional,,,EDITIONS; RELIURES,,Sec. XIX
BO0624_1003,187513,85,84,"FLORIAN. Fables illustrees par Victor Adam. Paris, Delloye,1838, front., 1o pl. h. texte gr. par Couche, Edard de Laplante, Beyer, Lacauchic,etc.,bro., couv. chemise,etui.",534,99.0,False,positional,,,EDITIONS; RELIURES,,Sec. XIX
BO0624_1003,187514,86,85,"GALERIE des Dames de Byron. Paris, Charpentier, 1836, in-8, 39 port. gr. sur acier, chag. vert, fil. a froid, fers dores, dos or., tr. dor. (Rel. romantique).",538,98.9,False,positional,CHARPENTIER J.B.,,EDITIONS; RELIURES,,Sec. XIX
BO0624_1003,187515,87,86,"GALERIE des femmes de Shakespeare, collection de quarante-cinq portraits graves par les premiers artistes de Londres. Paris, Delloye, s. d.(1838), in-8, front. et 45 port. gr. sur acier, ch. rouge, fil. a froid, fers dor., dos or, tr. dor. (Boutigny).",542,99.3,False,positional,,,EDITIONS; RELIURES,,Sec. XIX
BO0624_1003,187516,88,87,"GALERIE des femmes de George Sand par le Bibliophile Jacob.Vingtquatre gravures en taille-douce sur acier par R. Robinson. Paris, Aubert, 1843, in-8,fig. demi-chagr. grenat, dos or, plats toile orn. dor.tr. dor. (Rel.romantique).",546,99.3,False,positional,,,PIATTI,,Sec. XIX
BO0624_1003,187517,89,88,"GALIBERT (Leon). Histoire de la Republique de Venise. Paris, Furne, 1847, in-8, 24 pl. h.-texte d'apres Rouargue, dont une double, chag. vert, dent. a froid, fers dor., dos or., dent. int. tr. dor. (Reliure romantique).",547,99.2,False,positional,,,EDITIONS; RELIURES,,Sec. XIX
BO0624_1003,187518,90,89,"GAVARNI. OEuvres choisies, revues, corrigees et nouvellement classees par l'auteur. Paris, Hetzel, 1846-1848, 4 vol. in-8, front. et pl. gr. sur bois montes sur onglets, demi-chag. poli, dos or, tr. jasp.",552,77.1,False,positional,,,OGGETTI IN LEGNO,,Sec. XIX
BO0624_1003,187519,91,90,"GAVARNI. D'apres nature, texte par Jules Janin, Paul de Saint-Victor,Edmond Texier, E. et J. de Goncourt, Paris, Morizol, s. d.,in-fol., 4o pl. lith., demi-chag. rouge, plats toile, fers speciaux (Rel. ed.). Premiertirage.",554,56.5,False,positional,,,PIATTI,,
BO0624_1003,187520,92,91,"GAVARNI. 21 dessins au fusain, plume et crayons, d'apres Gavarni. Paris le matin, Carnaval a Paris, Etudiants de Paris, en feuilles.",556,98.8,False,positional,,,EDITIONS; RELIURES,,
BO0624_1003,187521,93,92,"GERBE d'OR (La). Keepsake des demoiselles par divers auteurs. Illustre de dix gravures anglaises, Paris, Janet, s. d. (1847), in-8, 10 pl. gr. sur acier, cart. toile grenat, fers speciaux, tr. dor. (Cart. romantique).",557,77.7,False,positional,,,STAMPE E INCISIONI,,Sec. XIX
BO0624_1003,187522,94,93,"GIRODET-TRIOSON, peintre d'histoire. Euvres posthumes. Paris, Renouard, 1829, 2 vol. in-8, pap. velin, port. de Girodet lith., 2 pl. lith. sur chine, 2 pl. de Girodet gr. sur acier tirees sur chine, 4 fig. de Girodet et Bouillon gr. par Girardet et Leroux, demimar. vert a long grain, dos or. de rosaces en mosaique de mar. rouge et orange, etiquettes mar. grenat, tr. eb. (Thouvenin).",562,99.6,False,positional,RIGAUD HYACINTHE,,EDITIONS; RELIURES,,Sec. XIX
BO0624_1003,187523,95,94,"GOLDSMITH. Le vicaire de Wakefield. Traduit en francais avec le in-8, front. gr. sur bois, tire sur chine, 1o pl. hors-texte gr. sur acier par Finden, d'apres T. Johannot, papiers de soie avec legende, vign. gr. texte anglais en regard par Charles Nodier. Paris, Bourgueleret, 1838, sur bois dans le texte, dos et coins mar. rouge, dos or. dor. et a froid, tr.eb.(Simier.R.du Roi).",565,71.0,False,positional,,,OGGETTI IN LEGNO,,Sec. XIX
BO0624_1003,187524,96,95,"GRANDVILLE. Scenes de vie privee et publique des animaux. Etudes de mceurs contemporaines publiees sous la direction de P.-J. Stahl. Paris, Hetzel et Paulin, 1842, 2 vol. in-8, pl. et vign. gr. sur bois, mar. rouge, 7 fil. gras et maigres, dos or., 7 fil. int., tr. dor. (ChambolleDuru).",570,99.4,False,positional,,,OGGETTI IN LEGNO,,Sec. XIX
BO0624_1003,187525,97,96,"GRANDVILLE. Scenes de la vie privee et publique des Animaux, vignettes par Grandville. Etudes de moeurs contemporaines publiees sous la direction de M. P.-J. Stahl. Paris, Hetzel et Paulin, 1842, 2 vol. in-8, pl. et vign. gr. sur bois, chag. violet, fil. a froid, fers speciaux dor. aux angles, aux milieux et sur les dos, tr. dor. (Rel. romantique).",578,99.5,False,positional,,,OGGETTI IN LEGNO,,Sec. XIX
BO0624_1003,187526,98,97,"GRANDVILLE (J.-I.). Les Fleurs animees, par J.-I. Grandville. Introduction par Alph. Karr, texte par Taxile Delord. Paris,Gabriel de Gonet, 1847, 2 part. en 1 vol. gr. in-8, 2 front. et 5o figures coloriees, 2 pl. en noir, mar. rouge, fil. gras a froid et de 5 filets dores, comp. de fil. et fleurons, dos orne, tr. dor.(Ginain, rel. du Roi).",582,99.5,False,positional,METSU GABRIEL,,EDITIONS; RELIURES,,Sec. XIX
BO0624_1003,187527,99,98,"GUINOT (Eugene). L'Ete a Badc, par M. Eugene Guinot, illustre par MM. Tony Johannot, Eug.Lami,Francais et Jacquemot. Paris, Furne et Cie,Ernest Bourdin, s.d.(1847),gr. in-8, mar. citron,enc. de fil. a froid sur le dos et les plats, double de mar. vert clair, doubl. bord. de 4 fil. maigres croises. formant losange et comp. d'angles, avec orn. de rinceaux sur le fond pointille en or et milieux mos., a l'int., gardes de moire verte, tete dor., tr. ebarb., couv. cons. (Debes).",585,99.7,False,positional,LAMI EUGENE LOUIS,,PIATTI,,Sec. XIX
BO0624_1003,187528,100,99,"GUINOT (Eug.). L'éte a Bade. Illustre par MM. Tony Johannot, Eug. Lami,Francais et Jacquemot.Paris,Furne-Bourdin,s. d.(1847),in-8, 1 port., 12 pl. gr. sur acier, 6 pl. de costumes colories et 1 carte en couleurs hors texte, dos et coins mar. olive, dos or., tete dor. non rogn., couv. cons. (Kieffer).",595,99.4,False,positional,LAMI EUGENE LOUIS,,EDITIONS; RELIURES,,Sec. XIX
BO0624_1003,187529,101,100,"HUGO (V.). Notre-Dame de Paris. Edition illustree d'apres les dessins de MM. E.de Beaumont,L. Boulanger,Daubigny, T. Johannot,de Lemud, Meissonier, C. Roqueplan, de Rudler, Steinheil, graves par les artistes les plus distingues. Paris, Perrotin, 1844, in-8, front., pl. gr. sur acier, pl. hors texte et vign. dans le texte gr. sur bois, dos et coins de mar. vert olive, dos or., non rogn., couv. illus. cons. (Rel. de Cuzin non signee).",599,99.5,False,positional,MEISSONIER JEAN-LOUS-ERNEST,,OGGETTI IN LEGNO,,Sec. XIX
BO0624_1003,187530,102,101,"JANIN (Jules). L'Ane mort. Edition illustree par Tony Johannot. Paris, Bourdin, 1842, in-8, port. gr. sur acier,12 pl. hors texte impr. sur fond teinte, vign. dans le texte gr. sur bois, dos et coins mar. olive, non rogne, couv. cons. (Magnin).",607,82.7,False,positional,,,OGGETTI IN LEGNO,,Sec. XIX
BO0624_1003,187531,103,102,"JANIN (Jules). Un Hiver a Paris. Paris, Curmer-Aubert, 1843, in-8, 18 pl. hors texte gr. sur acier, d'apres E. Lami, Rolls, Allen, Wallis, Varrall, etc., vign. dans le texte gr. sur bois, chagrin grenat, large dent., milieux dor., dos or., tr. dor. (Rel. rom. de Ied.).",611,99.1,False,positional,LAMI EUGENE LOUIS,,OGGETTI IN LEGNO,,Sec. XIX
BO0624_1003,187532,104,103,"JANIN (Jules). La Bretagne. Illustree par MM. Hte Bellange, Gigoux, Gudin, Isabey, Morel-Fatio, J. Noel, A.Rouargue, Sain-Germain, Fortin et Daubigny. Paris, Bourdin, s. d. (1844), in-8, titre, front., 19 pl. gr. sur acier, 4 pl. de blasons et 8 de costumes colories, 1 carte, chag. tete de negre, fil. a froid, plaque dor., dos or., tr. dor., couv. cons. (Reliure romantique.)",615,97.7,False,positional,ISABEY EUGENE,,EDITIONS; RELIURES,,Sec. XIX
BO0624_1003,187533,105,104,"JANIN (Jules). L'Ete a Paris. Paris, Curmer, s. d. (1844), in-8, 18 pl. texte gr. sur acier d'apres Eug. Lami, vign. gr. sur bois dans le texte, dos et coins mar. rouge, dos or., non rogne, couv. et prospectus cons. (Champs).",621,82.4,False,positional,LAMI EUGENE LOUIS,,OGGETTI IN LEGNO,,Sec. XIX
BO0624_1003,187534,106,105,"KEEPSAKE francais ou souvenir de litterature contemporaine. Orne de vingt gravures anglaises. Paris, Dauty, s. d., in-8, front., port., titre, 1 fr., I vign. et 15 pl. gr. sur acier, perc. grenat, dos or., tr. dor. (Rel. romantique tres fraiche).",625,99.1,False,positional,,,STAMPE E INCISIONI,,
BO0624_1003,187535,107,106,"LABORDE (Cte Alexandre de). Versailles ancien et moderne. Paris, Imprimerie d'A. Everat, 1839, in-8, 1 pl. gr. sur acier, fig. dans le texte gr. sur bois, chagr. vert, fil. et orn. dor., dos or. dent. int., tr. dor. (Reliure romantique).",626,99.0,False,positional,,,OGGETTI IN LEGNO,,Sec. XIX
BO0624_1003,187536,108,107,"LABOULAYE (Edouard). Contes bleus. Yvon et Finette —La bonne femme —Poucinet—— Conte bohemes ——Les trois citrons ——Pif Paf.—— Dessins par Yan' Dargent. Paris, Furne, 1864, in-8, planches et vign. gr. sur bois, demi-chag. bleu, dos or., tr. dor. (Rel. de I'ep.).",630,99.1,False,positional,,,OGGETTI IN LEGNO,,Sec. XIX
BO0624_1003,187537,109,108,"LA BRUYERE. Les Caracteres ou les moeurs de ce siecle suivis du Discours a l'Academie et de la traduction de Theophraste. Paris,BelinLeprieur, 1845, in-8, 26 fig. hors texte monte, gr. sur bois par Chevin, Rouget, Beuguelet d'apres David, J.-I. Grandville et Penguilly tirees sur chine, vign. sur bois dans le texte, mar. olive, fil. dor. et pointille a froid et dor., orn. aux angles, dos or.fil int.,non rogne, couv. cons. etui (Meunier).",634,98.5,False,positional,,,OGGETTI IN LEGNO,,Sec. XIX
BO0624_1003,187538,110,109,"LAFON (Mary). Les aventures du Chevalier Jaufre et de la belle Brunissende, traduites par Mary Lafon, illustrees de 2o belles gravures dessinees par G. Dore. Paris, Librairie Nouvelle,1856, in-8, cart. toile grenat, fers speciaux dor. et en couleur, tr. dor. (Cart. romantique).",639,85.6,False,positional,DUPRE GIOVANNI,,STAMPE E INCISIONI,,Sec. XIX
BO0624_1003,187539,111,110,"LA FONTAINE. Euvres completes. Paris, Lefeore, 1818, 6 vol. in-8, port. d'apres Rigaud et 25 fig. de Moreau le jeune, veau fauve, double comp. de 2 fils dor. avec guirlande de roses dor., guirlande de feuillage a froid, fil. dor. et dent. a froid, dos or. dor. et a froid, guirlande int., tr. dor: (Rel. de l epoque).",645,88.5,False,positional,MOREAU ADRIAN,,EDITIONS; RELIURES,,Sec. XIX
BO0624_1003,187540,112,111,"LA FONTAINE. Fables, edition illustree par J-I. Granville. Paris, Fournier atne, Perrotin, 1838,2 tom. en 1 vol. in-8, chag.bleu fonce, fil.,plaque dor. sur les plats, dos orne, tr. dor.",648,83.5,False,positional,,,PIATTI,,Sec. XIX
BO0624_1003,187541,113,112,"LAMARTINE. Meditations poetiques.Paris, Gosselin,1838,2 vol. in-16,veau vert,fil. dor.,milieux a froid a la cathedrale,dos or.dent.",655,98.4,False,positional,,,EDITIONS; RELIURES,,Sec. XIX
BO0624_1003,187542,114,113,"LA VALLEE (Theophile). Histoire de Paris depuis le temps des Gaulois jusqu'en 185o.Edition illustree de vignettes par Champin.Paris,Hetzel, 1852,in-8,front. et 38 pl.gr. sur bois,cart. toile,fers speciaux dor.et",657,98.8,False,positional,,,OGGETTI IN LEGNO,,Sec. XIX
BO0624_1003,187543,115,114,"LE BAILLY. Fables,quatrieme edition suivie du gouvernement des animaux ou l'ours reformateur.Poeme ésopique. Paris,Briere,1823, in-8,2 pl. lithog.,veau mauve,fl. gras et maigre dor.,quadrille a froid, fil. dor., dent. a froid, dos or. dent. int., tr. dor. (Purgold Hering).",662,85.9,False,positional,,,EDITIONS; RELIURES,,Sec. XIX
BO0624_1003,187544,116,115,LE SAGE. Histoire de Gil Blas de Santillane. Vignettes par Jean,664,96.8,False,positional,,,EDITIONS; RELIURES,,
BO0624_1003,187545,117,116,LE SAGE. Histoire de Gil Blas de Santillane. Vignettes par Jean,668,96.8,False,positional,,,EDITIONS; RELIURES,,
BO0624_1003,187546,118,117,LUCAS (H.). Histoire naturelle des lepidopteres d'Europe. Ouvrage,673,96.8,False,positional,,,EDITIONS; RELIURES,,
BO0624_1003,187547,119,118,"LURINE (Louis). Les rues de Paris.Paris ancien et moderne, origines, histoire,monuments,costumes,moeurs chroniques et traditions.Illustre de 3oo dessins executes par les artistes les plus distingues. Paris, Kugelmann,1844,2 vol. in-8,fig.et pl. gr. sur bois,chag.rouge,large dent., fers speciaux comprenant des monuments de Paris, dos or., dent. int.,tr.dor.(Rel.romantique).",675,99.4,False,positional,,,OGGETTI IN LEGNO,,Sec. XIX
BO0624_1003,187548,120,119,"MARMIER (Xavier). Voyage en Suisse. Illustrations de MM.Rouargue freres. Paris, Morizot, 1862, in-8, 26 pl. h. texte dont 8 coloriees, chag. violet, 8 fil. gras, dent., dos or. dent. int., tr. dor. (Reliure romantique). Bel exemplaire de premier tirage.Rousseurs a 4 feuillets.",679,99.2,False,positional,,,EDITIONS; RELIURES,,Sec. XIX
BO0624_1003,187549,121,120,"MERY et le Ct Foelix. Muses et fees. Histoire des femmes mythologiques, dessins par G. Staal. Paris, De Gonet, s. d. (1851), in-8, 12 pl. legerement coloriees, chag.rouge, fil gras et maigre a froid, fil. dor., fil.int.,tr.dor.etui (Saumur, J-A.Girard, relieur).",680,99.2,False,positional,RIGAUD HYACINTHE,,EDITIONS; RELIURES,,Sec. XIX
BO0624_1003,187550,122,121,"MOLIERE. Euvres. Vignettes par Tony Johannot. Paris, Dubochet, 1835-1836, 2 vol. in-8, port. et vign. gr. sur bois, broches, couvertures, chemises et etuis.",683,91.8,False,positional,,,OGGETTI IN LEGNO,,Sec. XIX
BO0624_1003,187551,123,122,"MOLIERE. OEuvres. Vignettes par Tony Johannot. Paris, Paulin, 1835-1836, 2 vol. in-8, port. et vign. gr. sur bois, mar. vert a long grain, fil. gras dor., dent. a froid, fil. dor. dent. dor., dos or., dent. int. a froid, tres ebarb.(R.-P. Perreau).",692,98.8,False,positional,,,OGGETTI IN LEGNO,,Sec. XIX
BO0624_1003,187552,124,123,"MONTAIGNE. Essais. Paris,Furne,1831,in-8 a 2 col.,port. de Montaigne gr. sur acier par Revel, tire sur chine, veau violet, 4 fil., dent., comp. droits et courbes de fil. gras et maigre, avec orn. dor., dos or. dent. int., tr. dor. (Simier, R. du Rot).",700,99.1,False,positional,,,EDITIONS; RELIURES,,Sec. XIX
BO0624_1003,187553,125,124,"MORALISTES FRANCAIS. Pensees de Blaise Pascal. Reflexions, senEuvres completes de Vauvenargues. Paris, Lefeore, 1834, in-8 a 2 col., ffeurons aux angles, milieux a froid, dos or. dent. int., tr. dor. (R.-P. tences et maximes de La Rochefoucauld  Caracteres de La Bruyere — port. de Pascal, veau vert,fil. dor., dent.a froid, comp de 3 fil. avec Ginain).",704,72.8,False,positional,,,EDITIONS; RELIURES,,Sec. XIX
BO0624_1003,187554,126,125,"MORIN (Edmond). Les enfants imprudents illustres de dessins de Morin. Paris, Lahure, s. d. in-8, fig. gr. sur bois, dos et coins mar. rouge a long grain, dos or., tr. eb., couv. cons. (Noulhac).",709,98.8,False,positional,,,OGGETTI IN LEGNO,,
BO0624_1003,187555,127,126,"MUSSET (Paul de). Voyage pittoresque en Italie, partie septentrionale. Illustrations de Rouargue freres. Paris, Belin Leprieur et Morizot, 1855, in-8,23 pl.gr. sur acier dont 7 coloriees,cart. toile,fers speciaux, tr. dor. (Cart. romantique).",713,82.8,False,positional,,,EDITIONS; RELIURES,,Sec. XIX
BO0624_1003,187556,128,127,"MUSSET (Paul de). Voyage pittoresque en Italie, partie septentrionale.  llustrations de MM.Rouarguc freres. Paris, Belin Leprieur et Morizot, s. d.(1855), in-8, 23 pl. gr. sur acier, dos et coins mar. brun, dos or. non rog., couv. cons. (Canape).",717,75.2,False,positional,,,EDITIONS; RELIURES,,Sec. XIX
BO0624_1003,187557,129,128,"NANTEUIL (Celestin). Soixante-dix lithographies pour titres de Romances ou Chansons. S. L. n. d. (Paris), 7o pieces in-4, montees sur onglets, dos et coins mar. rouge, dos orne, tete dor. (Canape).",722,98.9,False,positional,,,STAMPE E INCISIONI,,
BO0624_1003,187558,130,129,"NODIER (Ch.). La Seine et ses bords. Vignettes par Marville et Foussereau. Paris, 1836, in-8, 46 vign. gr. sur bois, 4 cartes, veau grenat, fi. dor., fil. a froid, orn. a froid, init. dor. au centre, dos or. dent. int., tr. dor. (Rel. romantique).",727,84.3,False,positional,,,OGGETTI IN LEGNO,,Sec. XIX
BO0624_1003,187559,131,130,"NODIER (Charles). Journal de Iexpedition des Portes de Fer. Paris, Imprimerie Royale, 1844, in-8, 4o pl. gr. sur bois, tirees sur chine monte sur papier fort, papier fin avec legende, nombr. vign. dans le texte gr. sur bois, carte. Mar. viol., fil., comp. de fil. avec orn. dor. et en mosaique de mar. brun, rouge et orange, dos or., doub. de mar. brun,",731,99.4,False,positional,LE BRUN CHARLES,,OGGETTI IN LEGNO,,Sec. XIX
BO0624_1003,187560,132,131,"NORVINS. Histoire de Napoleon. Vignettes par Raffet. Paris, Furne, 1839, in-8, front. gr. sur acier, 8o pl. h. texte et vign. dans le texte gr. sur bois, dos et coins mar. violet, non rogne, couv.",736,84.7,False,positional,,,OGGETTI IN LEGNO,,Sec. XIX
BO0624_1003,187561,133,132,"PARIS Illustrations. Album de gravures par les premiers artistes de France, avec des textes, pieces de vers, nouvelles, etc., par MM. de Chateaubriand, Beranger, V. Hugo, J. Janin, Michaud, E. Sue, F. Soulie, Mme Tastu, etc. Paris, Pourrat,1838,in-8,front.et 23pl.gr.sur acier d'apres J. David, Raffet, West, T. Johannot, Genioles, etc., chag. rouge, fers dor., milieux a froid, dos or., tr. dor. (Boutigny).",741,99.5,False,positional,,,STAMPE E INCISIONI,,Sec. XIX
BO0624_1003,187562,134,133,"PELLICO. Mes Prisons.Edition illustree par Tony Johannot. Paris, Charpentier, 1843, in-8, front. sur chine et 25 pl.h. texte, dos et coins mar. brun, dos or., tete dor. n. rog., couv. cons. sauf le dos (Petit, Succr de Simier).",745,99.0,False,positional,CHARPENTIER J.B.,,EDITIONS; RELIURES,,Sec. XIX
BO0624_1003,187563,135,134,"PELLICO (Sylvio). Mes Prisons, suivi des Devoirs des hommes. Edition illustree d'apr. les dessins de MM. Gerard Seguin, D'Aubigny, Steinheil, etc., etc. Paris, Delloye, 1844, in-8, port., front. et vign. gr. sur acier, vign. gr. sur bois, dos et coins mar. rouge, tete dor. n. rogn. (Ihivet).",749,85.9,False,positional,,,OGGETTI IN LEGNO,,Sec. XIX
BO0624_1003,187564,136,135,"PERLE(La) ou les Femmes litteraires. Choix de morceaux en vers et en prose compose par des femmes depuis le quinzieme siecle jusqu'a nos jours. Paris, Janet, s. d.(1832), in-16, 6 fig. gr. sur acier d'apres Deveria, Johannot, Westall, etc., veau rouge, fil. dor., comp. d'un filet avec rinceaux dor., dos or. dor. et a froid, dent. int., tr. dor. (Rel. romantique).",753,99.4,False,positional,,,EDITIONS; RELIURES,,Sec. XIX
BO0624_1003,187565,137,136,"PERRAULT (Charles). Contes du temps passe. Illustres par MM. Pauquet, Marvy, Jeanron, Jacque et Beauce, texte grave par M. Blanchard. Paris, Curmer, 1843, in-8, front., vign. en tete et dans le texte, la notice imp. sur papier ord., le texte gr. sur papier velin fort, mar. bleu a long grain, fil. gras et maigre, 5 fil. int., tr. dor. sur bro. (Champs).",754,99.4,False,positional,JACQUE,,EDITIONS; RELIURES,,Sec. XIX
BO0624_1003,187566,138,137,"PILGRINS (The) of the Rhine. London, 1834, titre, front. et 12 pl. et vign. dans le texte gr. sur acier, chag. brun, fil. et comp. de fil. dor., plaque au centre fond or et motifs peints, dos or., fil. int., tr. dor. (J. S. Evans,London).",759,83.1,False,positional,LE BRUN CHARLES,,EDITIONS; RELIURES,,Sec. XIX
BO0624_1003,187567,139,138,"RABELAIS. Euvres, contenant la vie de Gargantua et celle de Pantagruel. Illustrations par Gustave Dore. Paris,Bry,1854, in-8,15 pl. h. texte et vign. dans le texte gr. sur bois, dos et coins mar. brun clair, dos or., non rog., couv. cons. (Mercier).",760,99.1,False,positional,LE BRUN CHARLES,,OGGETTI IN LEGNO,,Sec. XIX
BO0624_1003,187568,140,139,"REYBAUD. Jerome Paturot a la recherche d'une position sociale. Edition illustree par J.-I. Grandville. Paris, Dubochet, 1846, in-8, pl. et vign. gr. sur bois, dos et coins mar. brun fonce, dos or., tete dor. n. rog., couv. cons. (Kieffer).",763,99.1,False,positional,,,OGGETTI IN LEGNO,,Sec. XIX
BO0624_1003,187569,141,140,"SAINT-JULIEN (Charles de). Voyage pittoresque en Russie, suivi d’un",767,96.9,False,positional,,,EDITIONS; RELIURES,,
BO0624_1003,187570,142,141,"SAINT-PIERRE (Bernardin de). Paul et Virginie (et la Chaumiere indienne).Paris,Curmer,25,rue Sainte-Anne,1838,in-8,maroq.bleu a long grain. Quadruple compart. de double filets dor., compart. de filets a froid, dent. avec deux filets au pointille, et angles dor., compart. de neuf filets inter. doublure et gardes de tabis rose, tr. dor., etui et chemise maroq. (Mercier sr de Cuzin). llustre de 45o vign.par MM. Tony Johannot, Meissonier, Francais,Paul Huet, etc. Avec une carte et un portrait de l'auteur.",772,85.5,False,positional,MEISSONIER JEAN-LOUS-ERNEST,,EDITIONS; RELIURES,,Sec. XIX
BO0624_1003,187571,143,142,"SAINT-PIERRE (Bernardin de). Paul et Virginie (et la Chaumiere indienne). Paris, Curmer,49,rue Richelieu,1838, in-8, cartonnage recouvert de papier blanc gauffre, non rog., etui (Cart. de l'edition).",787,98.9,False,positional,,,EDITIONS; RELIURES,,Sec. XIX
BO0624_1003,187572,144,143,"SUE (Eug.). Les mysteres de Paris. Nouvelle edition revue parl'auteur. Paris, Gosselin, 1843-1844, 4 parties in-8, 34 pl. h. texte gr. sur acier d'apres Staal, Pauquet, Daubigny, etc., 47 pl. texte et vign. dans le texte gr. sur bois d'apres Trimolet, Travies, Nanteuil, Daumier, Lorsay, etc., en livraisons,couvertures,dans4 etuis en cuir avec ornementsrepousses encadrant des sujets caracteristiques du livre,differents aux 4 volumes, par L. Deze.",797,99.5,False,positional,DAUMIER,,OGGETTI IN LEGNO,,Sec. XIX
BO0624_1003,187573,145,144,"SUISSE (La) et le Tyrol, scenes de la vie des Montagnes. Paris, Janet, s. d., in-8, 1o pl. gr. sur acier, moire violette, dos or., tr. dor. (Rel. romantique tres fraiche).",801,89.9,False,positional,,,EDITIONS; RELIURES,,
BO0624_1003,187574,146,145,"TASSE. Jerusalem delivree. Paris, Bossange et Masson,1814,2 vol. in-8, port., 2o fig. de Le Barbier aine gr. Delignon, Triere, Delvaux, Dupreel,De Ghendt, Romanet,Halbou,Dambrun,etc.,mar. olive fl. et dent. dor., milieux a froid, dos or. dor. et a froid, dent. int., tr. dor. (Thouvenin).",804,87.0,False,positional,,,EDITIONS; RELIURES,,Sec. XIX
BO0624_1003,187575,147,146,"TESTAMENT. Histoire de Iancien et du nouveau Testament, representee par des figures et des explications tirres de I'Ecriture sainte et des Peres de IEglise (Royaumont),par Le Maistre de Sacy. Paris, Curmer, 1835,in8 a 2col.,vign.,veau bleu,fil.et orn.dor.,milieu et dos ornes a",809,99.3,False,positional,,,EDITIONS; RELIURES,,Sec. XIX
BO0624_1003,187576,148,147,"ULLIAC-TREMADEURE (Mme). Beaute morale des jeunes femmes. (Traits historiques par Mme Ulliac-Tremadeure.) Paris,Lefuel, s.d. (1829), in-16, 8 fig. coloriees, mar. violet, fil., double dent. a froid, milieux dor., dos or., dent. int., tr. dor. (Rel. romantique).",814,99.1,False,positional,,,EDITIONS; RELIURES,,Sec. XIX
BO0624_1003,187577,149,148,"ANDERSEN (H.-C.). Histoires et Aventures. Traduction nouvelle precedee d'une preface de Eugene Rodrigues. Eaux-fortes originales et bois dessines par Alexandre Lunois. Paris, 19o9, gr. in-8, mar. bleu, les plats couverts d'une mosaique de larges cercles concentriques en mar. brun sertis de fil. dor. enfermant dans leur couronne des papillons aux ailes etendues fixes sur une torsade de filets de mar. vert, feuillage stylise vert fonce couvrant les compart. du haut et du bas, dos orne et mosaique, double de mar.olive encadre d'un treillis de larges fil. de mar. vert aux ajourages et eventails d'angles sertis de fil. dor., gardes de faille bleue, doubles gardes, tr. dor. sur temoins, couverture, etui (Noulhac).",819,99.7,False,positional,,,ACQUEFORTI,,
BO0624_1003,187578,150,149,"ANTAR, poeme heroique arabe, d'apres la traduction de Marcel Devic. Illustrations en couleurs de E. Dinet. Paris, Piazza et Cie, 1898, gr. in-4, fig. en couleurs, mar. grenat, encadr. d'un fil. dor. et de deux bandes de mar. rouge serties a froid,entrelacees aux angles et sur les cotes, dos orne, double de mar. gris clair mosaique d'un large cadre de rosaces et compart. de motifs orientaux a fonds bleu turquoise et bleu fonce cloisonnes de fil. de mar. beige et semes d'arabesques mauves, gardes de soie bleue tissee de fils dor., doubles gardes, tr. dor. sur temoins, couverture,etui (Ch. Meunier).",830,96.5,False,positional,,,LIVRES MODERNES ILLUSTRES,,Sec. XIX
BO0624_1003,187579,151,150,"AUMALE (Henri d'Orleans, duc d). La Bataille de Rocroy. A Paris, pour la Societe des Bibliophiles Francois, Ed. Rahir et Cie, 1899, pet. in-4, mar. grenat, 7 fil. dor., dos orne de fil., double de mar. bleu decore d'un cadre de mar.rouge et de rangs de fil. et pointille dor., rameaux de chene et de laurier mosaiques dans les angles, gardes de soie grenat, doubles gardes, tr. dor. sur temoins, couverture, etui (Cuzin).",835,91.7,False,positional,,,LIVRES MODERNES ILLUSTRES,,Sec. XIX
BO0624_1003,187580,152,151,"AUMALE (Henri d'Orleans, duc d').Les Zouaves et les Chasseurs a pied. Illustrations de Charles Morel gravees sur bois par Cl. Bellenger, Leveille, Noel, Paillard. Paris, pour la Societe des Amis des Liores, 1896, in-8, mar. rouge clair jans., double de mar. bleu de France serti d'un fil. dor., gardes de moire rouge, doubles gardes, tr. dor sur temoins, couverture, etui (Canape).",843,99.4,False,positional,,,OGGETTI IN LEGNO,,Sec. XIX
BO0624_1003,187581,153,152,"BALZAC (H. de). La Belle Imperia, conte image, grave et enlumine par Albert Robida. Paris, Imprime pour Charles Meunier, 1913, gr. in-4, mar. havane,grand cuir cisele encastre sur chaque plat presentant l'un le visage de la belle Imperia coiffee du bonnet a truffaux,l'autre le profil du moine Philippe au centre d'ornements gothiques inspires par l'illustration de Robida; a lint.,encadr. de mar. orne de fil. et motifs d'angles, double et gardes de soic brochee, double gardes, tr. dor. sur temoins, couverture,enveloppe demi-mar., etui (Ch. Meunier).",849,94.2,False,positional,LEMOINE,,OGGETTI VARI,,Sec. XX
BO0624_1003,187582,154,153,"BALZAC (H.de). Eugenie Grandet. Vingt-six compositions par Au- guste Leroux gravees sur bois par E. Florian, Froment et Duplessis. Paris, Ferroud, 191l, in-8, fig.en couleurs, cartonn.veau racine vert clair, tete dor., non rogne, couverture (Ch.Meunier).",859,85.9,False,positional,,,OGGETTI IN LEGNO,,
BO0624_1003,187583,155,154,"BALZAC (H. de). Scenes de la vie de campagne. Les Paysans. Illustrations et eaux-fortes de Georges Jeanniot. Paris,Societe des Amis du Liore Moderne, 1911,in-4,mar. grenat fonce, bande de mar. vieux rouge et fil. dor. suivant les bords, petite rosace dor. logee dans les angles, dos orne, double de mar. rouge groseille place dans un triple encadr. de mar. de diverses couleurs portant a chaque angle une touffe de fleurs et feuillages, le tout mosaique a froid, gardes de soie grenat brochee de dessins persans, doubles gardes, tr. dor. sur temoins, couverture, etui (Ch. Meunier).",862,99.6,False,positional,,,ACQUEFORTI,,Sec. XX
BO0624_1003,187584,156,155,"BANVILLE(Theodore de). Diane au Bois,comedie heroique en deux actes en vers. Lithographies originales de Maurice Eliot. Paris, Carteret, 1911, pet. in-4, mar. La Vall. jans. ; a l'int., bord de mar. orne de fil. et motifs dor., double et gardes de soie claire brochee,tr. dor. sur temoins, couverture(Chambolle-Duru).",868,94.7,False,positional,,,OGGETTI IN LEGNO,,Sec. XX
BO0624_1003,187585,157,156,"BARBIER (Georges). Personnages de comedie.Texte par Albert Flament. Gravures sur bois de Schmied. Paris, Meynial, 1922,in-4,en feuilles, sous la couverture.",875,88.1,False,positional,,,OGGETTI IN LEGNO,,Sec. XX
BO0624_1003,187586,158,157,"BARRES (Maurice). Le Jardin de Berenice. Pointes seches en couleurs de Malo Renault.Paris,Pour les Cent Bibliophiles,1922,in-4,broche, dans un etui.",882,71.2,False,positional,DU JARDIN KAREL,,LIVRES MODERNES ILLUSTRES,,Sec. XX
BO0624_1003,187587,159,158,"BAUDELAIRE (Charles). Les Fleurs du Mal. Illustrations de A. Rassenfosse.Paris, Pour les Cent Bibliophiles,1899,gr.in-8,mar.tete de negre jans., double de mar. rouge, encadre d'un fil. noiret de 3 fil. dor., gardes de soie noire moiree, doubles gardes, tr. dor., enveloppe demi mar. doublee de peau, étui (M. Lortic).",890,93.1,False,positional,,,LIVRES MODERNES ILLUSTRES,,Sec. XIX
BO0624_1003,187588,160,159,"BAUDELAIRE (Charles). Vingt-sept poemes des Fleurs du Mal illustres par Rodin. Paris, Societe des Amis du Liore Moderne, 1918, pet.in-I2,cartonn. souple en peau grenat, vignette argentee sur le premier plat,tete dor.,non rogne,couverture, etui(Cartonn. de lediteur).",903,99.2,False,positional,RODIN AUGUSTE,,PIATTI,,Sec. XX
BO0624_1003,187589,161,160,"BEDIER (Joseph). Le Roman de Tristan et Iseut. Reconstitue d'apres les Poemes francais du xine siecle et illustre par Robert Engels. Paris, Piazza et Cie, 19oo, in-4, texte encadre, fig. en couleurs, dos et coins de mar. brun, tete dor.,non rogne, couverture (Canape).",907,99.2,False,positional,LE BRUN CHARLES,,LIVRES MODERNES ILLUSTRES,,
BO0624_1003,187590,162,161,"BELLE AU BOIS DORMANT (La) et quelques autres contes de jadis. Preface de Edmond Pilon. Illustrations de Edmond Dulac. Paris, Piazza, 191o, in-4,fig. en couleurs, dos et coins de mar. mauve, fil., dos orne,tete dor.,non rogne, couverture.",914,99.1,False,positional,,,OGGETTI IN LEGNO,,
BO0624_1003,187591,163,162,"BOCCACE. Le Decameron. llustrations de Jacques Wagrez. Traduction et notes de Francisque Reynard. Paris,Launette, Boudet, succ', 189o, 3 vol. in-4, 31 pl. a 1'eau-forte et 22o vignettes en camaieu, dos et coins de mar. rouge, fil., dos ornes, tetes dor.,non rognes, couvertures.",918,99.2,False,positional,,,LIVRES MODERNES ILLUSTRES,,
BO0624_1003,187592,164,163,"BOIS DU MONDE ILLUSTRE (Les). Notices inedites de Henri Lavedan. Paris, au α Monde Illustre) et chez Jules Meynial, 1g16, 13 vol. gr. in-4 et I vol. in-fol. oblong, en feuilles, dans les cartons de publication.",919,99.0,False,positional,,,OGGETTI IN LEGNO,,
BO0624_1003,187593,165,164,"BOUILHET (Louis). Melenis. Preface de A. Join-Lambert. Eoreux, Imprimerie de Charles Herissey (aux depens de la Societe Normande du Liore illustre), 1goo, gr. in-8, mar. gris bleute, les plats encadres d'une bande de mar. bleu sertie de filets dor., dos mosaique; a l'int., bord de mar. gris orne d'un entredeux de mar. mauve et fil. dor., tr. dor., couverture, étui (Ch. Meunier).",927,99.4,False,positional,,,PIATTI,,
BO0624_1003,187594,166,165,"BOUTET DE MONVEL (M.). Jeanne d'Arc. Paris, Plon,Nourrit 48 planches,texte et illustrations en couleurs,montees sur bristol. et Cie , s. d. (18g6), in-fol. oblong., en feuilles dans le carton des editeurs. Exemplaire n 47,imprime sur papier du Japon.",932,66.5,False,positional,,,LIVRES MODERNES ILLUSTRES,,
BO0624_1003,187595,167,166,"BOYLESVE (Rene). Sainte Marie des Fleurs.Paris,Le Liore Contemporain, 1913, in-4, en feuilles, dans un etui.",934,66.7,False,positional,,,LIVRES MODERNES ILLUSTRES,,Sec. XX
BO0624_1003,187596,168,167,"BRILLAT-SAVARIN. Physiologie du gout; avec une preface par Ch.Monselet.Eaux-fortes par Ad.Lalauze. Paris, Librairie des Bibliophiles, 1879, 2 vol. in-8, mar. rouge, encadr. de 2 groupes de filets dor., brises et entrelaces, dos ornes de compart. de fil., 4 fil. a I'int., tr. dor. sur temoins, couvertures,etuis (Chambolle-Duru).",942,89.7,False,positional,,,ACQUEFORTI,,Sec. XIX
BO0624_1003,187597,169,168,"BRILLAT-SAVARIN. Physiologie du gout; avec une preface de Ch.Monselet.Eaux-fortes par Ad.Lalauze.Paris,Librairie des Bibliophiles, 1879, 2 vol. in-12, pap. verge, mar. vert tres fonce, fil. a froid, dent. int., tr. dor. (Lortic).",948,93.2,False,positional,,,ACQUEFORTI,,Sec. XIX
BO0624_1003,187598,170,169,"BROGLIE (Duc de). La Journee de Fontenoy. Naoarre, sous la direcbleu jans., double de mar. blanc couvert d'un semis de fleurs de lis dor., gardes de faille moiree bleue, doubles gardes, tr. dor. sur temoins, couverture,etui (Marius Michel).",950,91.4,False,positional,,,LIVRES MODERNES ILLUSTRES,,
BO0624_1003,187599,171,170,"BUYSSE (Cyriel). Contes des Pays-Bas. Illustrations de Henri Cassiers. Paris, Piazza, 191o, pet. in-4, texte encadre, fig. en couleurs, mar. La Vall., compart. de dent. a froid sur fond brun et fil. dor., les angles ornes d'une tulipe rouge mosaiquee dans un petit cadre de fil. dor., rangs de fil. dor.a l'int., double et gardes de soie rose tissee de fils",956,99.4,False,positional,,,LIVRES MODERNES ILLUSTRES,,
BO0624_1003,187600,172,171,"CAMPAN (Mme). Memoires de Madame Campan sur la vie privee de Marie-Antoinette.Preface de Rene Vallery-Radot. Soixante-trois compositions de Ad. Lalauze gravees au burin et a I'eau-forte par Leon Boisson. Paris, Carteret, 191o, 2 vol. in-8, mar. bleu de France, 3 fil., dos ornes, doubles de mar.rouge serti d'un fil. dor., gardes de soie brochee de bouquets, doubles gardes, tr. dor. sur temoins, couvertures,reunis dans un etui(Noulhac).",963,99.5,False,positional,,,LIVRES MODERNES ILLUSTRES,,
BO0624_1003,187601,173,172,"CHAINE (Pierre). Les Memoires d'un Rat. Augmentes d'une preface par Anatole France. Avec 36 eaux-fortes, un frontispice et un hors-texte, composes et graves par T. Pollat. Paris, Niestle, 192o. — Les Commentaires de Ferdinand (Suite des Memoires d'un Rat). 38 eaux-fortes, frontispice et hors-texte par T. Polat. Ibid., id., 1921. — Ens. 2 vol. in-8, mar. rouge, 4 fl., dos ornes de fil.,fil. int., double et gardes de soie rouge, tr. dor. sur temoins, couvertures (Gruel).",967,99.5,False,positional,,,ACQUEFORTI,,Sec. XX
BO0624_1003,187602,174,173,"CHANSON DES MOIS (La). Poesies de Jerome Doucet. Aquarelles de Maurice Leloir. Paris, Michaud, 19o4, in-fol.,pl. montees sur onglets, cartonn. etoffe de soie, non rogne (Champs-Stroobants).",975,80.8,False,positional,,,LIVRES MODERNES ILLUSTRES,,
BO0624_1003,187603,175,174,"CHANSONS DE SAINTONGE. Compositions et gravures de Gaston La Touche. Paris, Aux depens de deux amateurs, 1911, gr. in-8, mar. violet, grande composition mosaiquee a froid repetee sur chaque plat, formee de fil. de mar. blanc souligne de jaune s'enroulant a la facon d'un serpentin sur I'encadr. des bords et glissant au travers d'un eparpillement de feuillages, d'ancolies aux tons ombres violet-mauve et d'anemones rosees; double de mar. blanc serti d'un cadre etroit de mar. orange et couvert de fil. et legers motifs formant un fin quadrillage dore dont les losanges enferment tour a tour une fleurette et le monogramme E. R.; gardes de moire violette, doubles gardes, tr. dor. sur temoins, couverture, sous une enveloppe demi-mar. doublee de peau, dans un etui (Gruel).",982,95.8,False,positional,LA TOUR MAURICE-QUENTIN DE,,PIATTI,,Sec. XX
BO0624_1003,187604,176,175,"CHANSONS DE SAINTONGE. Compositions et gravures de Gaston La Touche. Paris, Aux depens de deux amateurs, 1911, gr.in-8, mar. olive, le premier plat et le dos decores d'une harmonieuse composition mosaiquee a froid, formee de pampres aux feuilles vert pale,aux vrilles blanchatres et aux grappes rouges, eclaires d'un reflet de lumiere touchant le bord des feuilles et ie cote des grappes; replique au centre du second ° le proces-verbal de la destruction des planches gravees.",990,93.1,False,positional,,,PIATTI,,Sec. XX
BO0624_1003,187605,177,176,"CHATEAUBRIAND. Les Aventures du Dernier Abencerage.Portrait d'apres David d'Angers interprete par Florian.43 illustrations de Daniel Vierge gravees par Florian. Paris, Pelletan, 1897, in-4, mar. rouge, milieux et angles ornes d'une rosace en losange et de motifs de style oriental, compart. de fil. et dent., le tout a froid avec semis de points dor., dos orne, double de mar. vert emeraude, meme decor, mais entierement dore, de rosace, motifs d'angles, compart. de fl. et dent., gardes de moire rouge, tr. dor. sur temoins, couverture, etui (Canape).",1003,99.6,False,positional,,,LIVRES MODERNES ILLUSTRES,,Sec. XIX
BO0624_1003,187606,178,177,"CHATEAUBRIANT (Alphonse de). Monsieur des Lourdines. Histoire d'un gentilhomme campagnard (184o). Eaux-fortes en couleurs de P. Labrouche. Paris, Imprime pour la Societe du Liore d'Art, 1g2i, in-4, broche,dans un carton.",1010,93.4,False,positional,,,ACQUEFORTI,,
BO0624_1003,187607,179,178,"CHENIER (Andre). Les Bucoliques, publiees d'apres le manuscrit original, dans un ordre nouveau,par Jose Maria de Heredia. Paris, Imprime pour Charles Meunier, 19o5, in-4, cartonn. veau porphyre, plaquette en bronze par Denys Puech encastree sur le premier plat,non rogne, couverture, etui (Rel. de lediteur).",1017,99.3,False,positional,,,PIATTI,,
BO0624_1003,187608,180,179,"CHEVIGNE (Cte de). Les Contes remois, par M. le Cte de C... Dessins de E.Meissonier. Troisieme edition. Paris, Michel Leoy freres, 1858, in-8, portraits et vignettes, mar. rouge jans., dent. int., tr. dor. sur temoins, couverture (Champs).",1023,99.1,False,positional,MEISSONIER JEAN-LOUS-ERNEST,,LIVRES MODERNES ILLUSTRES,,Sec. XIX
BO0624_1003,187609,181,180,"CONSTANT (Benjamin). Adolphe, anecdote trouvee dans les papiers d'un inconnu. Preface de Paul Hervieu. Cinquante eaux-fortes par G. Jeanniot. Paris, rue Picot, 1go1, in-4, cartonn. dos et coins de mar. orange fonce, fil., dos orne de palmes dor. et mosaique de points de",1029,99.2,False,positional,,,ACQUEFORTI,,
BO0624_1003,187610,182,181,"COPPEE (Francois). Le Passant, comedie en un acte, en vers. Reproduction en fac-simile du manuscrit de l'auteur et d''une page de musique de J. Massenet. Compositions de Louis-Edouard Fournier,eaux-fortes de Leon Boisson. Paris, Armand Magnier, 1897, gr. in-8, mar. gris bleute, large encadr. de fil. et entre-deux de motifs dor. de style Renaissance, coupe de grands fleurons d'angles,le tout dispose sur fond de mar.noir; a lint.,bordure ornee et mosaiquee, double et gardes de soie moiree vieux bleu, doubles gardes,tr. dor. sur temoins, cou- verture, etui (Ch. Meunier).",1033,97.4,False,positional,,,ACQUEFORTI,,Sec. XIX
BO0624_1003,187611,183,182,"COQUIOT (Gustave). Poupees de Paris. Bibelots de luxe. Composition et gravure originale de Lobel-Riche. Paris, Romagnol, s. d. (1912), in-4, fig. a l'eau-forte, broche.",1040,98.7,False,positional,,,STAMPE E INCISIONI,,Sec. XX
BO0624_1003,187612,184,183,"DELVAU, HUYSMANS, MITHOUARD. La Bievre.Avec une critique et un portrait par Andre Suares et cinq paysages graves sur bois de Alfred Latour. Paris, Societe Gilles Corrozet, 1922, in-4, broche.",1048,98.9,False,positional,LA TOUR MAURICE-QUENTIN DE,,OGGETTI IN LEGNO,,Sec. XX
BO0624_1003,187613,185,184,"DIEHL (Charles). Theodora, imperatrice de Byzance. Illustrations de Manuel Orazi. Paris, Piazza et Cie, 19o4, pet. in-4, fig. en couleurs, mar. bleu Nattier, riche mosaique en camaieu dessinant sur le premier plat une sorte de verriere de style oriental dont le fond est forme de compart. de mar. bleu indigo et vieux bleu, soulignes de larges fil. bleu noir, et decores de paquerettes de differents tons de bleu tres pale, le tout eclaire de quelques filets et points dor. formant les tiges et le coeur",1052,99.6,False,positional,NATTIER J.M.,,PIATTI,,
BO0624_1003,187614,186,185,"DONNAY (Maurice). Le Menage de Moliere, comedie en cinq actes et six tableaux en vers, precedee d'une introduction et suivie de notes. Paris, Manzi,Joyant et Cie,1g12,in-4, texte et fig.montes sur onglets, mar. rouge clair, decor de fil. dor. droits et au pointille et de motifs, croisillons et fleurons aux angles et sur les cotes, dos orne, double de mar. gris bleute encadre d'une large et riche dent. xvire siecle composee de nombreux motifs parmi lesquels quatre petits medaillons portent le monogramme E. R.,gardes de moire a reflets changeants, doubles gardes, tr. dor., couverture, etui (Ch. Meunier).",1057,99.7,False,positional,,,LIVRES MODERNES ILLUSTRES,,
BO0624_1003,187615,187,186,"DUMAS (Alexandre). La Dame de Monsoreau. Compositions de Maurice Leloir, gravures sur bois de J. Huyot. Paris, Calmann Leoy, 1903, 2 vol. in-4, mar. bleu, compart. de fil. dor. droits et cintres enfermant dans les angles des rinceaux et medaillons fleurdelises, dos ornes, dent. int., double et gardes de faille rouge, tr. dor., couvertures, etuis (Cham- bolle-Duru).",1065,97.7,False,positional,,,OGGETTI IN LEGNO,,Sec. XX
BO0624_1003,187616,188,187,"DUMAS (Alexandre). Les Trois Mousquetaires. Avec une lettre d'Alexandre Dumas fils. Compositions de Maurice Leloir; gravures sur bois de J. Huyot. Paris, Calmann Leoy, 1894, 2 vol. gr. in-8, mar. chaudron, fil. dor., dos ornes de compart. de fil. semes de fleurs de lis; a I'int., cadre de mar. orne de fil.et fleur de lis aux angles, double et gardes de soie vieil or brochee de fleurs et feuillages, doubles gardes, tr. dor., couvertures (Marius Michel).",1071,99.5,False,positional,,,OGGETTI IN LEGNO,,Sec. XIX
BO0624_1003,187617,189,188,"DUQUESNEL (Felix). Contes des dix mille et deux nuits. Illustrations de Jean Veber. Paris, Flammarion, s. d. (1go4), pet. in-4, dos et coins de mar. orange, fil., dos orne et mosaique de mar. bleu et vert, tete dor., non rogne, couvertures (Canape).",1079,99.1,False,positional,,,LIVRES MODERNES ILLUSTRES,,
BO0624_1003,187618,190,189,"ESPARBES (Georges d). La Legende de l'Aigle. Compositions de mar. rouge, fil., dos orne en long d'attributs napoleoniens, non rogne, converture (Carayon).",1083,91.4,False,positional,,,LIVRES MODERNES ILLUSTRES,,
BO0624_1003,187619,191,190,"EVANGILE DE L'ENFANCE (L) de Notre Seigneur Jesus-Christ selon Saint Pierre,mis en francais par Catulle Mendes d'apres le manuscrit de l'abbaye de Saint-Wolfgang. Compositions et encadrements de Carloz Schwabe. Paris, Armand Colin et Cie, s. d. (18g4), in-4, dos et coins de mar. bleu, fil., dos orne et mosaique, tete dor., non rogne, couverture (Ch. Meunier).",1088,99.4,False,positional,,,LIVRES MODERNES ILLUSTRES,,
BO0624_1003,187620,192,191,"EVANGILE PAR L'IMAGE (L'). Traduction del Lemaistre de Sacy. llustrations et gravures sur bois par Kharis. (Paris), Imprime pour la Societe des Amis du Liore Moderne, 19i9, in-4, bois graves en couleurs, en feuilles, dans un carton.",1093,85.5,False,positional,,,OGGETTI IN LEGNO,,
BO0624_1003,187621,193,192,"FABRE (Ferdinand). L'Abbe Tigrane, candidat a la papaute. Un portrait d'apres J.-P. Laurens et vingt eaux-fortes originales de E. Rudaux. Paris, Conquet, 18go, in-8, mar. mauve, encadr. de 6 fil. dont un au pointille, dos orne de fil. et mosaique d'attributs pontificaux, bord de mar. avec fil. dor. et motifs aux angles a l'int., double et gardes de moire violette,doubles gardes,tr.dor. sur temoins,couverture,etui (Ch.Meunier).",1097,99.5,False,positional,,,ACQUEFORTI,,
BO0624_1003,187622,194,193,"FLAUBERT (Gustave). Un Coeur simple. Illustre de vingt-trois compositions par Emile Adan gravees a l'eau-forte par Champollion.Preface par A. de Claye. Paris, Ferroud, 1894, in-8, mar. bleu, les nerfs du dos prolonges a froid sur les plats, dos orne d'une tige a trois fleurs mosaiquees sur un medaillon rond en mar. grenat, double de mar. rouge, encadr. de mar. La Vall. mosaique de feuilles et fleurettes, fil. dor., gardes de soie changeante, doubles gardes, tr. dor. sur temoins, couverture(Ch.Meunier).",1101,99.6,False,positional,,,PIATTI,,Sec. XIX
BO0624_1003,187623,195,194,"FLAUBERT (Gustave). Herodias. Compositions de Georges Roche- grosse gravees a l'eau-forte par Champollion. Preface par Anatole France. Paris, Ferroud, 1892, in-8, mar. bleu, les nerfs du dos prolonges a froid sur les plats, dos orne de petits lotus mosaiques sur un medaillon",1106,88.0,False,positional,,,PIATTI,,Sec. XIX
BO0624_1003,187624,196,195,"FLAUBERT (Gustave). La Legende de Saint Julien l'Hospitalier. Illustree de vingt-six compositions par Luc-Olivier Merson gravees a leau-forte par Gery-Bichard. Preface par Marcel Schwob. Paris, Ferroud, 18g5,in-8, mar. bleu, les nerfs du dos prolonges a froid sur les plats, dos orne d'une petite vignette dor. sur medaillon rond de mar. grenat fonce, double de mar. rouge, encadr. de mar. La Vall. mosaique en vert clair avec semis de petites rosaces, fil. dor., gardes de soie a reflets changeants, doubles gardes, couverture, etui (Ch.Meunier).",1111,99.6,False,positional,,,PIATTI,,
BO0624_1003,187625,197,196,"FLAUBERT (Gustave). Madame Bovary,mceurs de province. Eauxfortes en couleurs de Henri Jourdain. Paris, Imprime pour la Societe du Liore d'Art par l'Imprimerie Nationale,1912,in-4,mar.grenat,les plats encadres d'une bande de mar. La Vall. dont les angles cintres s'ornent d'un rameau de fleurs de pommiers, dos orne et mosaique, double de mar. gris, fil. et large entre-deux de motifs dor., gardes de faille grenat, tr. dor. sur temoins, couverture, etui (Canape).",1115,99.5,False,positional,,,PIATTI,,Sec. XX
BO0624_1003,187626,198,197,"FLAUBERT (Gustave). Salammbo. Compositions de Georges Roche- grosse, gravees a l'eau-forte par Champollion. Preface par Leon Hennique. Paris, Ferroud, 19oo, 2 tomes en 1 vol. gr. in-8,mar. La Vall., encadrement de bandes de mar. rouge et grenat et fil. dor., dos orne et mosaique; a l'int., cadre de mar. orne de bandes mosaiquees et fil. dor., tr. dor. sur temoins, couvertures, etui (Ch. Meunier).",1124,99.5,False,positional,,,LIVRES MODERNES ILLUSTRES,,
BO0624_1003,187627,199,198,"FLERS (Robert de). Ilsee, princesse de Tripoli. Lithographies de A. Mucha. Paris, L'Edition d'Art, Piazza et Cie, 18g7, in-4, mar. Havane jans., double de mar. vieil or mosaique d'orchidees blanches pour un plat et mauves pour lautre, dans un double encadr. de veau marb. serti de fil. dor., gardes de soie grenat a reflets changeants,",1128,99.4,False,positional,,,PIATTI,,
BO0624_1003,187628,200,199,"FLORIAN. Fables choisies. Illustrees par des artistes japonais sous la direction de P. Barboutau. Paris, Marpon et Flammarion, s.d. (Tokio, lmpr. Shueisha, 1896), 2 vol. in-4 oblong, broches, tetes dor., reunis sous une reliure mobile, dos et coins cuir japonais estampe d'ecrans dor. sur fond rouge, dans un etui.",1140,99.3,False,positional,,,OGGETTI VARI,,Sec. XIX
BO0624_1003,187629,201,200,"FRANCE (Anatole). L'Affaire Crainquebille. 62 compositions de Steinlen,gravees par Deloche,E.et F.Florian, les deux Froment, Gusman,Mathieu et Perrichon.Paris,Pelletan,19o1,gr.in-4,mar. tete de negre, le premier plat orne d'un grand cuir incise de Steinlen, d'une tonalite un peu plus claire que le maroquin, grave d'apres une composition inedite representant l'enfilade de la rue Montmartre avec le bonhomme Crainquebille au premier plan; double de mar. rouge framboise encadre de trois bandes de mar. noir mosaiquees a froid, gardes de moire noire, doubles gardes, tr. dor. sur temoins, couverture, enveloppe demi-mar. doublee de peau, etui (M. Lortic).",1147,95.2,False,positional,,,PIATTI,,
BO0624_1003,187630,202,201,"FRANCE (Anatole). L'Affaire Crainquebille. 62 compositions de Steinlen gravees par Deloche,E. et F. Florian, les deux Froment, Gusman, Mathieu et Perrichon. Paris, Pelletan, 19o1, in-8, mar. tete de negre, encadr. de deux bandes de largeur inegale de mar. bleu noir et grenat etirees et contournees aux angles en elegants fleurons de style ( art nouveau ), dos mosaique, double de mar. vert decore de filets dor. gras et maigres, gardes de moire verte, doubles gardes, tr. dor. sur temoins, couverture, etui (Noulhac).",1166,64.8,False,positional,,,LIVRES MODERNES ILLUSTRES,,
BO0624_1003,187631,203,202,"FRANCE (Anatole).Histoire comique. Pointes seches et eaux-fortes d'Edgar Chahine. Paris, Calmann-Leoy, s. d. (19o5), in-4, mar. vert fonce sobrement mosaique a froid d'un fil. de mar. vert mousse et de feuillages stylises de meme teinte formant des fleurons d'angles, dos mosaique, double de mar. vert mousse serti d'un fil. dor., gardes d'otto- man vert fonce, tr. dor. sur temoins, couverture, étui (Carayon).",1170,91.2,False,positional,,,ACQUEFORTI,,
BO0624_1003,187632,204,203,"FRANCE (Anatole). Les Noces Corinthiennes. Edition definitive decoree de vingt compositions d'Auguste Leroux gravees par Ernest Florian. Paris, Pelletan, 19o2, 2 vol. in-4, dont un album, le premier rel. mar. bleu turquoise, milieux ornes d'un grand losange de motifs a lantique enfermant le chiffre representatif du Christ, encadr. de filets et bandes de mar.,le tout mosaique a froid en rose pale, rouge clair et chamois avec semis de points dor., fil. dor. sur les bords, dos orne et mosaique, double de mar. chamois orne d'une grecque de mar. rouge sertie de filets noirs, gardes de moire bleu paon, tr. dor., couverture (l'album est rel. dos et coins mar., fil., dos mosaique comme le precedent), enveloppes et etuis (Gruel).",1175,98.6,False,positional,,,OGGETTI VARI,,
BO0624_1003,187633,205,204,"FRANCE (Anatole). Sur une urne grecque, par John Keats et Anatole France. Decoration de Bellery-Desfontaines gravee par E. Florian, Froment et Perrichon. Paris, Pelletan, 19o8, pet. in-4, mar. havane, compart. de fil. droits arrondis aux angles et d'entre-deux de motifs a l'antique, dos orne, bordure ornee a l'int., tr. dor. sur temoins, couver- ture (Chambolle-Duru).",1199,96.4,False,positional,,,LIVRES MODERNES ILLUSTRES,,
BO0624_1003,187634,206,205,"FRANCE (Anatole). Thais. Compositions de Paul-Albert Laurens. Gravures a l'eau-forte de Leon Boisson.Paris,Librairie de la Collection des Dix, 19oo, gr. in-8, mar. La Vall. clair, 3 fil. dor., dos orne, fil. et grecque a l'int., tr. dor. sur temoins, couverture, etui (Noulhac).",1204,99.2,False,positional,,,STAMPE E INCISIONI,,
BO0624_1003,187635,207,206,"FRANCOIS D'ASSISE (Saint). Petites Fleurs de Saint Francois d'Assise, traduites de l'italien par Andre Perate, illustrees par Maurice Denis. Paris, Jacques Beltrand, graveur-imprimeur-editeur, 1913, 2 vol. in-4, cartonn. toile brique, non rognes, couvertures, étuis.",1211,99.2,False,positional,,,LIVRES MODERNES ILLUSTRES,,Sec. XX
BO0624_1003,187636,208,207,"GAUTIER (Judith). Album de poemes tires du Livre de Jade. The Eragny Press,The Brook Hammersmith,London,1911,in-16,broche sous une couverture en veau souple bleu, orne sur le premier plat d'un motif et du titre tires en or, etui.",1228,85.1,False,positional,,,PIATTI,,Sec. XX
BO0624_1003,187637,209,208,"GAUTIER (Theophile). Mademoiselle de Maupin. Double amour: Reimpression textuelle de ledition originale.Notice bibliographique par M. Charles de Lovenjoul.Paris, Conquet,Charpentier,1883,2 vol.in-8, papier velin, cartonn. dos et coins de mar. bleu, fil., dos ornes, tetes dor., non rognes, couvertures (Ch. Meunier).",1233,99.3,False,positional,CHARPENTIER J.B.,,LIVRES MODERNES ILLUSTRES,,Sec. XIX
BO0624_1003,187638,210,209,"GONCOURT (Edmond et Jules de). L'Art du dix-huitieme siecle. Deuxieme edition revue et augmentee. Paris, Rapilly, 1873-1874, 2 vol. in-8, mar. grenat fonce jans., dent. int., tr. dor.",1241,98.8,False,positional,,,LIVRES MODERNES ILLUSTRES,,Sec. XIX
BO0624_1003,187639,211,210,"GONCOURT (Edmond et Jules de). La Femme au dix-huitieme siecle. Nouvelle édition, revue, augmentee, et illustree de soixantequatre reproductions sur cuivre, par Dujardin,d'apres les originaux de Pepoque.Paris, Firmin-Didot et Cie,1887,pet. in-4, mar.rouge fonce, fil., dent. et motifs d'angles dor., dos orne; fl. et fleurons a l'int., double et gardes de soie brochee de grosses fleurs, doubles gardes, tr. dor., couverture (Ch. Meunier).",1245,99.5,False,positional,DU JARDIN KAREL,,LIVRES MODERNES ILLUSTRES,,Sec. XIX
BO0624_1003,187640,212,211,"GONCOURT (Edmond et Jules de). Madame de Pompadour. Nouvelle edition, revue et augmentee de lettres et documents inedits..: Illustree de cinquante-cinq reproductions sur cuivre, par Dujardin, et de deux planches en couleurs, par Quinsac, d'apres des originaux de l'epoque. Paris, Firmin-Didot et Cie, 1888, in-4, mar. bleu, encadrem. de fil. et dent. dor. avec fleurons aux angles, dos orne, fil. et fleurons a l'int., double et gardes de soie brochee Pompadour, doubles gardes, tr. dor. sur temoins, couverture (Ch. Meunier).",1250,93.8,False,positional,DU JARDIN KAREL,,LIVRES MODERNES ILLUSTRES,,Sec. XIX
BO0624_1003,187641,213,212,"GOULDEN (Jean) et F.-L. SCHMIED. Salonique. La Macedoine. L'Athos. Preface de Gustave Schlumberger. Paris, chez les auteurs, 1922, in-fol., en feuilles, avec la couverture, dans un etui. planches gravees sur bois en couleurs et or par Schmied d'apres les aquarelles et les dessins de Jean Goulden.",1253,74.8,False,positional,,,OGGETTI IN LEGNO,,Sec. XX
BO0624_1003,187642,214,213,"HAMILTON (Antoine). Memoires du comte de Grammont. Un portrait de A. Hamilton et trente-trois compositions de C. Delort graves au burin et a l'eau-forte par L. Boisson. Preface de H. Gausseron. Paris, Conquet, 1888, in-8, mar. grenat fonce jans., dent. int., doubles gardes, tet. dor., non rogne, couverture.",1263,93.9,False,positional,,,LIVRES MODERNES ILLUSTRES,,Sec. XIX
BO0624_1003,187643,215,214,"HARAUCOURT (Edmond). La Madone. (Illustrations de A. Lunois. A Paris, Publie pour les Societaires de l'Academie des Beaux Liores, Bibliophiles contemporains, 1894), in-4,mar. bleu clair, fil. dor.contournes en fleurons aux angles, dos orne;a lint., bordure de mar. mosaiquee de petits nuages et etoiles, tr. dor., etui (Ch. Meunier).",1268,99.4,False,positional,,,LIVRES MODERNES ILLUSTRES,,Sec. XIX
BO0624_1003,187644,216,215,"HENNIQUE (Leon). La Mort du duc d'Enghien, en trois tableaux. Compositions de Julien Le Blant, eaux-fortes de Louis Muller. Paris, Testard, 18g5, in-8, mar. rouge, 3 fil. dor., dos orne, dent int., tr. dor. sur temoins, couverture (Chambolle-Duru).",1274,89.8,False,positional,,,ACQUEFORTI,,
BO0624_1003,187645,217,216,"HERMANT (Abel). Phili, ou par-dela le Bien et le Mal. Illustrations de Brunelleschi. Paris, Edition de la Guirlande,1921, gr. in-8, fig.en couleurs, en feuilles, sous la couverture.",1282,85.3,False,positional,,,LIVRES MODERNES ILLUSTRES,,Sec. XX
BO0624_1003,187646,218,217,"HESIODE. Les Travaux et les Jours d'Hesiode. Traduction nouvelle de Paul Mazon. Suivis de La Terre et I'Homme,par Anatole France. Decores de cent quatorze bois originaux de Paul-Emile Colin. Paris, Edouard Pelletan, 19t2, pet. in-4, mar. havane, tres bel encadr. regulier serti de chaines, de filets et points dor., forme de feuilles de vigne, de grappes de raisin et d'epis de ble composant une mosaique aux tons doux et fondus, coupee en son milieu sur chaque face d'un rectangle a fond d'ecailles dor. sur lequel se detachent divers instruments aratoires au sein d'une ellipse de mar. bleu, dos orne et mosaique, double de mar. vieil or dans un cadre de mar. brun, grand losange, fleurons d'angles, gardes de soie brochee couleur bois, doubles gardes, tr. dor. sur temoins, couverture, etui (Kieffer).",1289,99.7,False,positional,,,OGGETTI IN LEGNO,,
BO0624_1003,187647,219,218,"HISTOIRE des quatre fils Aymon tres nobles et tres vaillans chevaliers.Illustree de compositions en couleurs par Eugene Grasset. Gravure et impression par Charles Gillot. Introduction et notes par Charles Marcilly. Paris, Launette,1883, in-4, dos et coins de mar. La Vall., fil., dos mosaique de feuillages et d'attributs guerriers, tete dor., non rogne, couverture (Ch. Meunier).",1297,99.4,False,positional,,,STAMPE E INCISIONI,,Sec. XIX
BO0624_1003,187648,220,219,"HUARD (Charles). Paris, Province, Etranger. Cent dessins par Ch. Huard.Preface de Henry Bataille.Paris,E. Rey,19o6,in-12,mar.brun jans., 7 fil. dor. a l'int., tete dor., non rogne, couverture (Blanchetiere-Bretault).",1299,82.4,False,positional,LE BRUN CHARLES,,LIVRES MODERNES ILLUSTRES,,
BO0624_1003,187649,221,220,"HUGO (Victor). Cinq Poemes. Booz endormi Bivar O Soldats de IAn deux !— Apres la bataille —Les Pauvres gens. Ornes de trentecinq compositions de Auguste Rodin, Eugene Carriere, Daniel Vierge, Willette, Dunki, Steinlen. Paris, Pelletan, 19o2, gr.in-4 couvert d'une reliure representant a la base les futs de sapins en relief sur le fond des arbres du second plan,dans le haut le sombre enchevetrement des branches d'ou retombent deux longues et souples pommes de pin. Ce travail de reliure est curieusement execute en cuir brun incise pour la masse du feuillage entre lequel glissent quelques rayons de lumiere indiques par des applications nacrees qui s'irisent sous des parcelles de mica; les ecailles imbriquees des fruits sont rapportees en cuir fauve,les futs du premier plan ont ete coules en etain dans la teinte naturelle tandis que ceux de larriere-plan recevaient une patine doree; dos a nerfs, sans titre, sur lequel les traits indiquant les aiguilles de pins vont rejoindre le decor du second plat, execute avec les memes elements, mais offrant une variante du premier ;a l'int., encadr. de mar. orne de 5 fil. dor., double de soie fauve clair peinte a l'aquarelle d''un motif de tiges et bourgeons visites par un papillon diapre, tete dor., non rogne, couverture,enveloppe,etui (Durvand). l faut noter que les illustrations d'Eug. Carriere pour Boox endormi sont les seules que ce maitre ait faites specialement pour um livre.Le portrait par Rodin est pris d'apres le buste que la Ville de Paris refusa en 19o2. HUGO (Victor). Notre-Dame de Paris. Paris, Testard et Cie, 1889, 2 vol. in-4, mar. rouge fonce, les plats ornes d'un encadr. a froid compose d'une mosaique de petits dessins de toutes couleurs, composant a l'eil une facon de tapisserie d'une extreme finesse d'execution,dos ornes de compart. mosaiques, a l'int., meme mosaique de dessins legerement differents sur cadre de mar., double et gardes de soie vieil or brochee de motifs heraldiques, doubles gardes, tr. dor. sur temoins, couvertures, etuis (Carayon).",1302,78.0,False,positional,CARRIERE EUGENE,,OGGETTI IN PELTRO,,Sec. XIX
BO0624_1003,187650,222,221,"HUGO (Victor). Notre-Dame de Paris. Paris, Testard et Cie, 1889, 2 vol. in-4, mar. rouge fonce, les plats ornes d'un encadr. a froid compose d'une mosaique de petits dessins de toutes couleurs, composant a l'eil une facon de tapisserie d'une extreme finesse d'execution,dos ornes de compart. mosaiques, a l'int., meme mosaique de dessins legerement differents sur cadre de mar., double et gardes de soie vieil or brochee de motifs heraldiques, doubles gardes, tr. dor. sur temoins, couvertures, 2. etuis(Carayon).",1319,97.9,False,positional,,,OGGETTI VARI,,Sec. XIX
BO0624_1003,187651,223,222,"HUGO (Victor). Ruy Blas, drame en cinq actes. Un portrait et quinze compositions d'Adrien Moreau graves a l'eau-forte par Champollion. Paris, Conquet, 1889. — Hernani, drame en cinq actes. Un portrait d'apres Deveria et quinze compositions de Michelena graves a l'eau-forte par Boisson. Ibid., id., 189o. — Ens. 2 vol. gr. in-8, dos et coins de mar.",1328,99.4,False,positional,MOREAU ADRIAN,,LIVRES MODERNES ILLUSTRES,,Sec. XIX
BO0624_1003,187652,224,223,"HUYSMANS (J.K.). La Cathedrale. Soixante-quatre eaux-fortes originales de Charles Jouas. Paris, Blaizot,Kieffer,19og,1 vol. et I album gr. in-8,le premier rel. mar. bleu, fil. contourne en ovale et fil. droits sur les bords, grand fleuron dans les angles,dos orne de rosaces et de motifs, le tout repousse a froid; double de mar. mauve couvert d'une mosaique a repetition : touffes de lis s'elevant au centre de rosaces au trilobe bleu clair enchasse dans un cercle bleu fonce, petites roses a froid sur fond violet entre les grandes rosaces, doubles gardes, tr. dor. sur temoins; le second vol. rel. dos et coins de mar. bleu,dos orne comme le precedent, tete dor.,couvertures,etuis (Kieffer).",1332,99.7,False,positional,,,ACQUEFORTI,,
BO0624_1003,187653,225,224,"IMITATION DE JESUS-CHRIST (L'). Paris, Curmer, 1856-1858, vol. in-4, mar. rouge fonce, les plats du premier vol. ornes d'un grand rectangle a croisillons de filets enfermant des motifs alternes : fleurs et croix grecques, le tout a froid, encadr. de dent. a froid et fil. dor., fleurons dor. aux angles, dos couvert de fil. et motifs a froid, dent. dor. a l'int., double et gardes de moire verte, tr. dor. et ciselees; le second vol. est decore de fil. a froid et dor., fleurons d'angles dor., dos orne comme celui du premier vol., memes double et gardes, tr. dor. (Cape).",1343,94.9,False,positional,,,PIATTI,,Sec. XIX
BO0624_1003,187654,226,225,"LA FAYETTE (Mme de). La Princesse de Cleves.Preface par Anatole France. Un portrait et douze compositions de Jules Garnier graves par A.Lamotte.Paris,Conquet,1889,in8,mar.bleu clair,les nerfs du dos prolonges a froid sur les plats, fraiche retombee de marguerites aux fleurs mosaiquees dans leur teinte naturelle et tiges dor.ornant le haut du premier plat, dos orne, fil. et dent. a l'int., double et gardes de soie bleu pale brochee en blanc de chevrefeuille sur un fond tisse de toiles d'araignees, doubles gardes, tr. dor. sur temoins, couverture, etui (Ch. Meunier).",1348,98.9,False,positional,,,PIATTI,,Sec. XIX
BO0624_1003,187655,227,226,"LA FONTAINE. Les Amours de Psyche et Cupidon, suivies d'Adonis, poeme. Paris, Leclere fls, 1863, 2 vol. pet. in-12, mar. vert. fil., dos ornes, dent.int.,tr. dor.(Hardy-Mennil).",1353,84.6,False,positional,,,LIVRES MODERNES ILLUSTRES,,Sec. XIX
BO0624_1003,187656,228,227,"LA FONTAINE. Les Amours de Psyche et de Cupidon, suivies d'Adonis,poeme. Nouvelle edition ornee de 26 figures de Borel gravees en couleurs par Vigna-Vigneron.Preface de Jules Claretie.Paris, Theophile Belin,1899, 2 vol. in-4, cartonn. papier rose marb., non rognes (Cartonn. de lediteur).",1362,99.3,False,positional,,,LIVRES MODERNES ILLUSTRES,,Sec. XIX
BO0624_1003,187657,229,228,"LAMENNAIS (F.). Paroles d'un Croyant.Preface de Gabriel Seailles. Illustrations de Carlos Schwabe.Paris,Imprime pour Charles Meunier, 19o8, in-4, mar. violet, les plats ornes au centre d'un cuir fauve incise",1370,99.0,False,positional,METSU GABRIEL,,PIATTI,,
BO0624_1003,187658,230,229,"LECONTE DE LISLE. Les Erinnyes. Illustrations en couleurs par Auguste Leroux. Paris, Societe des Amis du Liore Moderne, 1912, pet. in-4, mar. tete de negre, dos orne d'un petit motif dor. avec nerfs prolonges a froid sur les plats, double de mar. orange, large encadr. de mar. noir ajoure a froid d'une grecque de mar. orange, gardes de moire a reflets changeants,doubles gardes, tr. dor. sur temoins, couverture, etui (Ch.Meunier).",1379,88.3,False,positional,,,PIATTI,,Sec. XX
BO0624_1003,187659,231,230,"LEGRAND. (Louis). Cours de Danse fin de siecle. Illustrations de Louis Legrand. Paris, Dentu, 1892, gr. in-8, mar. bleu jans. ; a Iint., cadre de mar. orne de rangs de fil. dor., double et gardes de moire bleue, doubles gardes, tr. dor. sur temoins, couverture, etui (Noulhac).",1391,99.2,False,positional,,,LIVRES MODERNES ILLUSTRES,,Sec. XIX
BO0624_1003,187660,232,231,"LEGRAND (Louis). Le Livre d'heures de Louis Legrand. Paris, Gustave Pellet,1898, in8,mar.grenat,grand cuir modele et peint encastre dans le premier plat; composition symbolique presentant au premier plan un pur visage de femme degage des touffes d'asphodeles qui s'elevent a ses cotes et tourne vers la lumiere d'un soleil levant, tandis que la mort, evoquee par deux cranes gisants, est tenue dans l'ombre au bas de la composition;le second plat porte un cuir incise, de moindres dimensions, dispose en losange et renfermant une tete de diable cornu aux longs yeux dores, entouree d'une guirlande de roses ; a lint., large encadr. de mar. orne de fil. et motifs d'angles, double et gardes de soie bleue, doubles gardes, tr. dor. sur temoins, couverture (Carayon).",1401,99.7,False,positional,,,OGGETTI VARI,,Sec. XIX
BO0624_1003,187661,233,232,"LEMAITRE (Jules). Trois Contes en marge d'Homere.La Sirene. Le Mariage de Telemaque.L'Innocente diplomatie d'Helene. Paris, Societe des Amis des Liores, 1921, in-8,broche.",1411,79.3,False,positional,,,LIVRES MODERNES ILLUSTRES,,Sec. XX
BO0624_1003,187662,234,233,"LEMONNIER (Camille). Un Male. Preface de J.-H. Rosny. Trente- cinq lithographies originales en couleurs de Romeo Dumoulin. Bruxelles, Imprime pour la Societe des Bibliophiles et Iconophiles de Belgique, 1921, in-8 carre, en feuilles avec la couverture, dans un etui.",1416,88.0,False,positional,LEMOINE,,STAMPE E INCISIONI,,Sec. XX
BO0624_1003,187663,235,234,"LEMONNIER (Camille). Le Mort,pantomime en trois actes.Bois de Paul Baudier. Paris, 1922,pet.in-8,fig. dans le texte,en feuilles, sous la couverture.",1420,98.6,False,positional,LEMOINE,,OGGETTI IN LEGNO,,Sec. XX
BO0624_1003,187664,236,235,"LEPERE (A.).—Album renfermant 114planches dont 81 eaux-fortes et 33 gravures sur bois, fixees sur 8o feuilles de bristol fort, in-fol., mar. tete de negre, grand cuir incise de A. Lepere encastre sur le premier plat representant un double sujet symbolique :dans le haut,une femme nue gravant une planche de bois;plus bas,une femme vetue a la mode de 1896 mordant avec un acide fumant la planche a l'eau-forte ; toutes deux illustrant les mots du titre Bois et Eaux-fortes dont les lettres se deroulent au centre ; au fond, le cours de la Seine indique, avec quelques monuments de Paris profiles sur la rive;encadr. de tiges",1424,99.7,False,positional,,,ACQUEFORTI,,Sec. XIX
BO0624_1003,187665,237,236,"LONGUS. Daphnis et Chloe. Compositions de Raphael Collin gravees a l'eau-forte par Champollion. Preface de Jules Claretie. Paris, Launette et Cie, 189o, gr. in-8, mar. bleu outremer, encadr. de mar. rouge antique mosaique a froid, brise et entrelace aux angles en forme de grecque, fil. et antefixes dores ; a l'int.,bord de mar. orne de fil. dor. et motifs mosaiques, tete dor., non rogne, couverture, etui (Blanchetiere).",1453,91.5,False,positional,SANZIO RAFFAELLO,,EAUX-FORTES,,
BO0624_1003,187666,238,237,"LOTI (Pierre).Pecheur d’Islande. Paris, Calmann Leoy,1886,in-8,",1461,96.7,False,positional,,,EAUX-FORTES,,Sec. XIX
BO0624_1003,187667,239,238,"LOTI (Pierre). Ramuntcho. Gravures sur boisencamaieu et ennoir par J.-B.Vettiner. Lyon, Cercle Lyonnais du Liore, 1922, in-4, fig. dans le texte,broche.",1473,71.2,False,positional,,,EAUX-FORTES,,Sec. XX
BO0624_1003,187668,240,239,"LOUYS (Pierre). Ariane,ou le Chemin de la Paix eternelle. Illustrations de Georges Rochegrosse. Paris, imprime pour Charles Meunier. 19o4.—La Maison sur le Nil ou les Apparences de la vertu. lllustrations de Paul Gervais. Ibid., id., 19o4. Ens. 2 vol. pet. in-4; texte encadre, fig.en couleurs, cartonn. veau gris racine,non rognes, couvertures, reunis dans un etui (Ch. Meunier).",1477,94.8,False,positional,,,EAUX-FORTES,,
BO0624_1003,187669,241,240,"LOUYs (Pierre). Les Chansons de Bilitis. Traduit du grec. Illustrations de G. Barbier gravees sur bois par F.-L. Schmied. Paris, Collection",1481,98.5,False,positional,,,EAUX-FORTES,,
BO0624_1003,187670,242,241,"LOUYS (Pierre). La Femme et le Pantin. Ilustrations de P. Roig ; decoration de Riom. Paris, Piazza, 19o3, pet.in-4, mar.vert amande, le premier plat decore d'une elegante mosaique a froid de fleurs de grenadiers teintees du rose pale au rouge, et de feuilles et tiges de differents tons de vert fonce et brun, replique sur le second plat;a l'int.,encadr. de mar. orne de fil. dor. et petites rosaces mosaiquees, double et gardes de soie brochee rose pale, doubles gardes, tr. dor. sur temoins, couverture, etui (P. Ruban).",1486,99.6,False,positional,LE BRUN CHARLES,,EAUX-FORTES,,
BO0624_1003,187671,243,242,"LOUYS (Pierre). Leda, ou la Louange des Bienheureuses Tenebres, conte illustre de douze aquarelles inedites par Maurice Roganeau. Paris, Imprime pour Charles Meunier,s.d. pet. in-4, texte encadre,veau racine, double de veau marb. vert couvert d'un decor a repetition de tiges, feuillages et pommes de sapins mosaiques a froid,gardes de moire changeante, doubles gardes, tr. dor., couverture (Ch. Meunier).",1490,99.5,False,positional,,,EAUX-FORTES,,
BO0624_1003,187672,244,243,"LUCIEN. Dialogues des Courtisanes, traduction nouvelle de Jules de Marthold. Compositions et lithographies de Emile Berchmans.Edition Boudet, Paris, Lahure, s. d. (19o2), in-4, lithographies en couleurs en tete des pages et sur les titres, cartonn. dos et coins de mar. orange, fil., dos orne et mosaique, tete dor., non rogne, couverture (Ch. Meunier).",1494,99.4,False,positional,,,EAUX-FORTES,,
BO0624_1003,187673,245,244,"LUCIEN. Scenes des Courtisanes. Traduction de H. Piazza et C. Chabault. llustree par Richard Ranft. Paris,LEditior d' Art, Piazza, 19o1, pet. in-4, mar. jaune safran, fil. et dent. a la grecque, le premier plat orne d'un decor de fil. courbes, de motifs a l'antique et guirlandes de roses dor. et mosaiques, dos orne et mosaique ; encadr. de fil. et fleurons a lint., double et gardes de soie blanche brochee de palmes bleu et or, doubles gardes, tr. dor. sur temoins, couverture, etui (Ruban).",1495,99.6,False,positional,,,EAUX-FORTES,,
BO0624_1003,187674,246,245,"MAETERLINCK (Maurice). La Vie des Abeilles.Ouvrage orne de compositions en couleurs par Carloz Schwabe.Paris, Societe des Amis du Livre Moderne, 1go8, pet. in-4, veau racine, dos orne d'une abeille doree,bordure ornee de fil. et d'abeilles a l'int., double et gardes de soie brochee, tr. dor. sur temoins, couverture (Ch.Meunier).",1501,99.4,False,positional,,,EAUX-FORTES,,
BO0624_1003,187675,247,246,"MARBOT (General Baron de). Austerlitz !Vingt et une aquarelles originales de Alex. Lunois gravees en couleurs au reperage par Leon Boisson. Paris, Carteret et Cie, 19o5, pet. in-4, mar. rouge, compart. de rangs de filets dor.et dentelle de palmes, dos orne ; a l'int., filets et fleurons sur cadre de mar., double et gardes de faille vert empire, tr. dor. sur temoins, etui (Canape).",1508,91.0,False,positional,,,EAUX-FORTES,,
BO0624_1003,187676,248,247,"MASSON (Frederic). Livre du Sacre de IEmpereur Napoleon. Paris, Manzi,Joyant et Cie, 1go8, gr. in-8,mar. a longs grains vert empire, large encadr. de fil., dent. a la grecque, fleurons et attributs napoleoniens, dos orne d'aigles et du chiffre laure ; a l'int., cadre de mar. decore de meme, double et gardes de moire blanche, dent., tr. dor. sur temoins, couverture,etui (Chambolle-Duru.)",1513,99.4,False,positional,,,EAUX-FORTES,,
BO0624_1003,187677,249,248,"MAUCLAIR (Camille). Ames bretonnes. Trois contes illustres par J. Wely. Paris, Piazza, 1go7, in-8 carre, fig. en couleurs, dos et coins de mar. olive, fil., dos orne, tete dor., non rogne, couverture (Ch. Meunier).",1519,78.8,False,positional,,,EAUX-FORTES,,
BO0624_1003,187678,250,249,"MAUCLAIR (Camille). Trois Femmes de Flandre. Ilustrations de H. Cassiers. Paris, Piazza et Cie, 19o5, pet. in-4, mar. rouge, les plats ornes d'un encadr. de tulipes dites α panachees ) jaune et rouge, noir et feu, et d'un fil. de mar. gris, le tout mosaique a froid ; a l'int., bord de mar. orne de fil. dor. et fleurs mosaiquees, double et gardes de satin broche, doubles gardes, tr. dor. sur temoins, couverture etui (Ruban).",1524,90.7,False,positional,,,EAUX-FORTES,,
BO0624_1003,187679,251,250,"MAUPASSANT (Guy de). Les Dimanches d’un bourgeois de Paris. Des- sins de Geo-Dupuis, gravure sur bois de Lemoine. Paris, Ollendorff, 19o1, in-8,broche.",1530,73.0,False,positional,LEMOINE,,EAUX-FORTES,,
BO0624_1003,187680,252,251,"MAUPASSANT (Guy de). Histoire d'une fille de ferme. Compositions et gravures de Edmond Duc. Paris(Imp. Frazier-Soye), 1922,in-8 carre, mar. rouge,ex-libris de M. Eugene Renevey repousse a froid et serti d'un fil. dor. au centre du premier plat, 7 fil. sur bord de mar. a lint., tr.",1535,99.2,False,positional,,,EAUX-FORTES,,Sec. XX
BO0624_1003,187681,253,252,"MAYNEVILLE [Leon Hennique]. Chronique du temps qui fut la Jacquerie. llustrations de L.-O. Merson. Paris, Librairie de la Collection des Dix, Romagnol, 1go3, in-8, veau fauve, le premier plat orne d'un cuir modele representant un faisceau d'attributs guerriers sur un fond granite, motifs de ferronnerie modeles dans les angles, encadr. de fil. dor., dos orne de fil. dor., fil. a lint., double et gardes de soie rouge, tr. dor., couverture, sous une enveloppe demi-mar. bleu doublee de peau, avec etui (Gruel).",1544,93.9,False,positional,,,EAUX-FORTES,,
BO0624_1003,187682,254,253,"MERIMEE (Prosper). Les Ames du Purgatoire. Dix illustrations de Daniel Vierge. Paris,Imprime pour Charles Meunier,1914,in-4,mar. orange fonce, decor de bandes en veau jaune clair marb. ornees de fil. et pointille dor., fleurons en mar. vert fonce mosaiques a froid dans les angles, dos orne, double de veau vert clair marb. entoure de veau orange et orne d'anemones et d'orchidees formant un encadr. festonne, gardes de soie grise a reflets changeants, doubles gardes, tr. dor. sur temoins, couverture, etui (Ch. Meunier).",1548,96.8,False,positional,,,EAUX-FORTES,,Sec. XX
BO0624_1003,187683,255,254,"MERIMEE (Prosper). Chronique du regne de Charles IX.Edition ornee de cent dix compositions par Edouard Toudouze.Paris,Emile Testard et Cie, 1889, gr. in-8, fig. sur bois, mar. vert, les plats et le dos couverts de compart. de fil. dor. droits, entrelaces et courbes; a l'int., encadr. de mar. orne de rangs de fil. entrelaces aux angles,double et gardes de faille verte, doubles gardes,tr. dor. sur temoins, couverture, etui (Joly fils).",1554,99.5,False,positional,,,EAUX-FORTES,,Sec. XIX
BO0624_1003,187684,256,255,"MERIMEE (Prosper). L'Enlevement de la Redoute. Compositions de Maurice Orange gravees en couleurs par Decisy. Paris, Rouquette, 1902, in-8, texte grave, mar. vert jans., double de mar. violine orne de rangs de fil. dor., fleurons et trophees aux angles, gardes de soie vert clair brochee de motifs en velours, doubles gardes, tr. dor., couverture, etui (Chambolle-Duru).",1562,99.4,False,positional,,,EAUX-FORTES,,Sec. XX
BO0624_1003,187685,257,256,"MERIMEE (Prosper). Le Vase etrusque. Paris, Societe normande du Liore illustre, 1914-1920, pet. in-8, texte grave encadre, en feuilles, avec la couverture, dans un carton.",1566,98.8,False,positional,,,EAUX-FORTES,,Sec. XX
BO0624_1003,187686,258,257,"MOLIERE. Le Misanthrope, precede d'un Dialogue aux Enfers par Anatole France et suivi de La Conversion d'Alceste, par Georges Courteline. Paris, Pelletan, 1go7,2 vol. in-4, mar. rouge fonce, les plats mosaiques a froid d'une bande de mar. grenat incurvee et nouee aux angles formant un elegant encadrement souligne d'un rang au pointille noir; a l'int., double de mar. vert clair, grand decor dore de filets, arabesques, perles et feuillages laures, gardes de moire grenat, tr. dor., couverture, enveloppe demi-mar., etui (Canape).",1569,99.6,False,positional,,,EAUX-FORTES,,
BO0624_1003,187687,259,258,"MOLIERE. Le Sicilien. Compositions en couleurs gravees en tailledouce par Dresa. Paris, Societe des Amis du Liore Moderne, 1914, in-8 carre, cartonn. veau racine, tete dor., non rogne, couverture (Ch. Meunier).",1594,99.0,False,positional,,,EAUX-FORTES,,Sec. XX
BO0624_1003,187688,260,259,"MONTORGUEIL (Georges). France. Son histoire racontee par G. Montorgueil, imagee par Job. La Cantiniere. —Les Trois Couillustrations en couleurs, cartonn. dos et coins mar.rouge, non rognes, couvertures.",1602,95.7,False,positional,,,EAUX-FORTES,,
BO0624_1003,187689,261,260,"MOREAU (Hegesippe). Le Myosotis. Petits contes et petits vers. Nouvelle edition illustree de cent trente-quatre compositions de Robaudi, gravees sur bois par Clement Bellenger. Preface par Andre Theuriet. Paris, Conquet, 1893, gr. in-8, mar. La Vall., branche de myosotis mosaiquee dans un angle des plats et entre les nerfs du dos, dent. int., tr. dor. sur temoins, couverture (Marius Michel).",1607,99.5,False,positional,MOREAU GUSTAVE,,EAUX-FORTES,,Sec. XIX
BO0624_1003,187690,262,261,"MORIN (Louis). Les Dimanches parisiens. Notes d'un decadent. Quarante et une eaux-fortes originales de A. Lepere. Paris, Conquet, 18g8, in-8,mar. vert fonce, encadr. de fil.et chainons dor.,motifs dans les angles, dos orne, double de mar. citron, couvert d'un decor a repetition de fleurettes stylisees mosaiquees en mar. rouge, mauve et vert, dans des compart. de fil. courbes et d'arabesques dor., gardes de moire grise,doubles gardes, tr. dor. sur temoins, couverture, etui (Ch. Meunier).",1610,99.6,False,positional,,,EAUX-FORTES,,
BO0624_1003,187691,263,262,"MOSELLY (Emile) [Emile Chenin]. La Charrue d'erable. Paris, Le Liore contemporain (The Eragny Press, London), 1912, pet. in-8, fig. en couleurs, cartonnage veau vert racine, tr. dor. sur temoins, couver- ture (Ch. Meunier).",1614,94.8,False,positional,,,EAUX-FORTES,,Sec. XX
BO0624_1003,187692,264,263,"MOUREY (Gabriel). Fetes foraines de Paris. Gravures d'Edgar Chahine. Paris, (Pour les Cent Bibliophiles), 1go6,in-8,veau brun, les plats richement decores d'un large entre-deux a fond pointille dor.recouvert d'une cordeliere en mosaique de mar. vieux bleu, dos orne au pointille et mosaique; a l'interieur, encadrement de mar. couvert de filets dor. et bande de mar. bleu, double et gardes de soie brune brochee de fleurettes bleues, doubles gardes, tr. dor. sur temoins, couverture, etui (Noulhac).",1623,99.6,False,positional,METSU GABRIEL,,EAUX-FORTES,,
BO0624_1003,187693,265,264,"MURGER (Henry). Scenes de la Vie de Boheme. Compositions de Charles Leandre gravees en couleurs par Eug. Decisy. Paris, Romagnol, 1902, gr. in-8, mar. chaudron, encadr. de fil. dor. gras et maigres, dos orne de compart. de fil., dent. int., tr. dor. sur temoins, couverture, etui (Noulhac).",1626,99.2,False,positional,,,EAUX-FORTES,,Sec. XX
BO0624_1003,187694,266,265,"MUSSET (Alfred de). Les Nuits. Avec les illustrations de Luc-Olivier Merson gravees par Ch. Chessa, et de Adolphe Giraldon gravees par E.Florian. Preface par Edmond Haraucourt. Paris, Meynial, 1911, gr. in-8,mar.bleu jans., double d'une riche mosaique a repetition de chevrefeuille aux fleurs roses stylisees dans des compart. de veau marb. bleu ou mauve, sertis de fl. verts et ajoures sur fond de mar. gris, le tout a froid et encadre de veau brun et fil. dor., gardes de soie, doubles gardes,",1630,99.6,False,positional,LE BRUN CHARLES,,EAUX-FORTES,,Sec. XX
BO0624_1003,187695,267,266,"MUSSET (Alfred de).Les Nuits. Exemplaire unique. Illustrations de William-Fel. Paris, Ch. Meunier, a Maison du Liore , s. d., pet. in-4, mar. violet, les plats ornes et mosaiques d'un encadr. de mar. mauve et mar. vieil or cloisonnes de fil. dor., dans le haut et le bas sont disposes des fil. vieil or arrondis en festons et des girandoles d'etoiles dor. avec papillons de nuit aux ailes etendues piques a plat entre chaque courbe, dos orne d'etoiles dor. et mosaiquees, double de mar. mauve orne avec les memes elements de decoration, gardes de soie violette, doubles gardes, tr. dor. sur temoins, couverture, enveloppe a dos et rabats de mar., doublee de peau blanche, étui (Noulhac).",1639,89.6,False,positional,,,EAUX-FORTES,,
BO0624_1003,187696,268,267,"MUSSET (Alfred de). On ne badine pas avec lAmour, comedie en trois actes.Eaux-fortes en couleurs de Gaston La Touche.Paris,Imprime pour la Societe du Liore d''Art par lImprimerie Nationale, 1913, in-4, dos et coins mar. rouge, tete dor., non rogne (Blanchetiere).",1654,99.2,False,positional,,,EAUX-FORTES,,Sec. XX
BO0624_1003,187697,269,268,"MUSSET (Alfred de). On ne badine pas avec l'Amour, comedie en trois actes. Eaux-fortes originales en couleurs de Gaston La Touche. Paris, Imprime pour la Societe du Liore d Art par l Imprimerie Nationale, 1913, in-4, mar. La Vall., rangs de fil. dor. gras, maigres et au pointille, fleurons d'angle, dos orne, double de mar. vert amande decore",1664,99.4,False,positional,,,EAUX-FORTES,,Sec. XX
BO0624_1003,187698,270,269,"NERVAL (Gerard de). Histoire de la Reine du Matin et de Soliman, princedes Genies.(Paris), Les Cent Bibliophiles(London, Eragny Press), 1909, pet. in-8, veau gris gaufre, ornements dores de style oriental, non rogne (Reliure souple).",1673,99.1,False,positional,,,EAUX-FORTES,,Sec. XX
BO0624_1003,187699,271,270,"NODIER (Charles). Histoire du chien de Brisquet, precedee d'une Lettre a Jeanne, par M. Anatole France. 25 compositions de Steinlen gravees par Deloche, E. Froment, E. et F. Florian. Paris, Pelletan, 19oo, in-4, mar. rouge, cadre de fil. et motifs dor., dos orne, fil. et fleurons a I'int., tr. dor., couverture, etui (Joly fils).",1677,99.3,False,positional,,,EAUX-FORTES,,
BO0624_1003,187700,272,271,"PARIS (Gaston). Aventures merveilleuses de Huon de Bordeaux, pair de France, et de la belle Esclarmonde ainsi que du petit roi de feerie Auberon, mises en nouveau langage par Gaston Paris. Paris, Didot, s. d. (18g8), in-4, texte encadre, fig. en couleurs, dos et coins de mar. La Vall. clair, dos orne d'une guirlande dor., tete dor., ebarbe, couverture.",1683,99.4,False,positional,,,EAUX-FORTES,,
BO0624_1003,187701,273,272,"PASTEUR, VALLERY-RADOT. Pour la Terre de France par la douleur et la mort.(La Colline de Lorette) 1914-1915. Paris, Imprime pour la Societe du Liore d' Art, 1g2o, in-8, broche.",1684,98.8,False,positional,,,EAUX-FORTES,,Sec. XX
BO0624_1003,187702,274,273,"PERRAULT (Charles). La Belle au Bois dormant. Le Petit Chaperon rouge. Deux contes de ma mere Loye. [A la fin :] Londres, Pissarro ; Paris, Floury, 1899, in-12, cartonn. pap. bleu pale, titre en lettres dor. a l'angle du premier plat, non rogne (Cartonn. de l'editeur).",1691,86.0,False,positional,PISSARRO CAMILLE,,EAUX-FORTES,,Sec. XIX
BO0624_1003,187703,275,274,"PLATON. Le Banquet, ou de l'Amour (Traduction). Orne de 26 decorations grecques en couleurs. Paris, Maurice Glomeau, 1911, in-12, pap. de Hollande, mar. de Tanger orange, fil., dos orne de compart. de fil., 4 fil. a l'int., double et gardes de soie orange, doubles gardes, tete dor., non rogne, couverture, etui (Guellier).",1696,89.4,False,positional,,,EAUX-FORTES,,Sec. XX
BO0624_1003,187704,276,275,"POEMESA L'EAU-FORTE (par Baudelaire, Verlaine, Richepin, Tristan Corbiere, Rimbaud, etc.). llustres par Louis Legrand. Paris, Pellet, s. d. (1914), pet. in-4 carre, broche.",1698,77.1,False,positional,,,EAUX-FORTES,,Sec. XX
BO0624_1003,187705,277,276,"PORTO-RICHE (Georges de). Amoureuse, comedie en trois actes. Frontispice et ornements inventes et graves par Galanis. Lron, Cercle Lronnais du Liore, 1g21,in-8 carre, broche.",1703,79.6,False,positional,,,EAUX-FORTES,,
BO0624_1003,187706,278,277,PREVOST (Abbe). Histoire de Manon Lescaut et du chevalier Des,1706,96.7,False,positional,,,EAUX-FORTES,,
BO0624_1003,187707,279,278,"RABIA EL KOULOUB, ou Le Printemps des Coeurs. Legendes sahariennes recueillies par Sliman-Ben-Ibrahim, traduites et illustrees par E. Dinet. Paris, L'Edition d'Art, Piazza, 19o2, 2 forts vol. pet. in-4, mar. bleu,riche mosaique rehaussee d'or offrant un motif central et des compart. d'angles sur fond de mar. noir ou La Vall., filets et encadr. de fleurs, le tout de style oriental, dos sans titre couvert de compart. mosaiques, double de mar. La Vall. decore d'un entre-deux en couleurs et or sur fond bleu, gardes de soie brochee de dessins persans, doubles gardes, tr. dor. et ciselees sur fond granite, doubles gardes, couvertures, enveloppes a dos et coins de mar. bleu, fil.,le dos portant le titre, doublees de peau, etuis (M. Lortic).",1712,99.7,False,positional,,,EAUX-FORTES,,
BO0624_1003,187708,280,279,"RABIA EL KOULOUB, ou Le Printemps des Coeurs. Legendes sahariennes recueillies par Sliman-Ben-Ibrahim, traduites et illustrees par E. Dinet. Paris, L'Edition d' Art (Piazza), 1go2, pet. in-4, fig. en couleurs, mar. orange, compart. de fil., dentelle mauresque, motifs d'angles dor. et mosaiques en diverses teintes claires, dos orne et mosaique; a Iint., large encadr. de mar. orne de fil. et dent., double et gardes de soie cachemire brochee et tissee de fils dor., doubles gardes, tr. dor. sur temoins, couverture, etui (P. Ruban).",1744,93.9,False,positional,,,EAUX-FORTES,,
BO0624_1003,187709,281,280,"REGNIER (Henri de). La Cite des Eaux. Eaux-fortes originales de Ch. Jouas. Paris, Collection Eclectique, Blaizot, Kieffer, 1912, in-4, mar. vert, le premier plat decore d'une grande composition mosaiquee representant une fontaine en pyramide dont les eaux argentees retombent de vasque en vasque jusque dans un bassin limite par une rampe; au dela",1748,99.4,False,positional,,,EAUX-FORTES,,Sec. XX
BO0624_1003,187710,282,281,"REGNIER (Henri de). Les Medailles d'Argile, poemes. Compositions de G. P. Guetant, gravees par P. Gusman. Paris, aux depens de la Societe normande du Liore Illustre,1g2o,in-4,broche.",1759,80.8,False,positional,,,EAUX-FORTES,,
BO0624_1003,187711,283,282,"REGNIER (Henri de). Le Medaillier.Illustrations de Adolphe Giraldon. Paris, Le Liore contemporain, 1923, pet. in-8, en feuilles sous la couverture dans un etui.",1764,98.7,False,positional,,,EAUX-FORTES,,Sec. XX
BO0624_1003,187712,284,283,"REGNIER (Henri de). Poemes.Accompagnes d'illustrations de Gaston La Touche gravees par Louis Mortier. Frontispice, en-tetes, culs-delampe de William-Fel. Paris, aux depens d'un Amateur, 1917, in-4, en-tetes et culs-de-lampe de William-Fel tires a deux sur une meme feuille.",1772,82.5,False,positional,,,EAUX-FORTES,,Sec. XX
BO0624_1003,187713,285,284,"REGNIER (Henri de). La Sandale ailee.Illustrations de A. Calbet. Paris, Societe des Amis du Liore moderne, 1914, in-8, broche, etui.",1800,98.4,False,positional,,,EAUX-FORTES,,Sec. XX
BO0624_1003,187714,286,285,"RENAN (Ernest). Le Broyeur de lin;avec Preface des Souvenirs d'enfance et de jeunesse. Vingt-sept eaux-fortes originales de Ed.Rudaux. Paris, Carteret et Cie, 1go1, in-8, mar. vieux bleu, les nerfs du dos prolonges a froid sur les plats, double de mar. chamois couvert de fleurs de lin stylisees au feuillage dor. et calices mosaiques en mar. bleu pale, encadr. de bandes de mar. orange et gris, fil. dor., gardes de moire grise, doubles gardes, tr. dor. sur temoins, couverture, etui (Ch. Meunier).",1808,91.8,False,positional,,,EAUX-FORTES,,
BO0624_1003,187715,287,286,"RENAN (Ernest). Priere sur I'Acropole. Compositions de H. BelleryDesfontaines,gravees par Eugene Froment. Paris,Pelletan,1899,2 vol. gr.in-4, dont un album, relies en mar.vert fonce, le er vol. decore sur le plat superieur du titre frappe a froid et d'un medaillon rond offrant le",1813,99.3,False,positional,,,EAUX-FORTES,,Sec. XIX
BO0624_1003,187716,288,287,"RENAN (Ernest). Priere sur I'Acropole. Compositions de H. BelleryDesfontaines, gravees par Eugene Froment. Paris, Pelletan, 1899, pet. in-4, mar. La Vall., compart. de larges filets noirs ou rouges mosaiques a froid et de motifs a l'antique, dos mosaique; a l'int., encadr. de mar. orne de fil. et motifs d'angles, double et gardes de soie vieux rouge, doubles gardes, tr. dor., couverture, etui (Gruel).",1828,99.5,False,positional,,,EAUX-FORTES,,Sec. XIX
BO0624_1003,187717,289,288,"RENARD (Jules). Les Philippe, precedes de Patrie!Decores de cent un bois originaux dont huit camaieux de Paul Colin. Paris, Pelletan, 19o7, gr. in-8, mar. bleu fonce, fil. a froid, double d'un rectangle de mar. La Vall. dans un large cadre de mar. bleu, fil. dor.,motifs mosaiques dans les angles, tete dor., non rogne, couverture.",1831,99.4,False,positional,,,EAUX-FORTES,,
BO0624_1003,187718,290,289,"RICHEPIN (Jean). Allons, Enfants de la Patrie!.. Images de Job. Tours, Mame et fils, s. d. (1g2o), gr. in-4, en feuilles dans un carton de",1835,98.4,False,positional,,,EAUX-FORTES,,
BO0624_1003,187719,291,290,"RICHEPIN (Jean). La Chanson des Gueux. Illustrations de A. Morand. S. l. n. d., gr. in-8, mar. violet fonce, le premier plat orne au centre d'une composition en medaillon,incisee et peinte,representant une tete de vieillard miserable;a l'int.,large encadr. de mar. orne d'une bande de mar.mauve et de fil. dor., double et gardes de soie brochee, doubles gardes, tr. dor., couverture, etui (Lanoe).",1843,94.3,False,positional,,,EAUX-FORTES,,
BO0624_1003,187720,292,291,"RICHEPIN (Jean). Paysages et coins de rues. Illustrations en couleurs dessinees et gravees sur bois par Auguste Lepere. Preface de Georges Vicaire. Paris,Librairie de la Collection des Dix,19oo,in-8,mar.vert fonce, encadr. d''un fil. au pointille dor. coupe de petites rosaces et de graminees de mar. vert mosaiquees a froid, dos orne, bordure ornee a l'int., tete dor., non rogne, couverture, etui (Kieffer).",1853,99.5,False,positional,,,EAUX-FORTES,,
BO0624_1003,187721,293,292,"RONSARD (Pierre de). Les Amours. Cinquante sonnets de Pierre de Ronsard. Paris, A. Vollard,1915,in-4, fig., en feuilles, sous la couverture.",1858,69.7,False,positional,,,EAUX-FORTES,,Sec. XX
BO0624_1003,187722,294,293,"ROSTAND (Edmond). Cyrano de Bergerac, drame en cinq actes. Illustre par MM.Besnard, Flameng,A.Laurens,Leandre,A.Moreau, Thevenot. Grave par Romagnol. Paris, A. Magnier, 1899, gr. in-8, cartonn. dos et coins de mar. rouge, fil., dos orne et mosaique du portrait de Cyrano, tete dor., non rogne, couverture (Ch. Meunier).",1864,99.3,False,positional,MOREAU ADRIAN,,EAUX-FORTES,,Sec. XIX
BO0624_1003,187723,295,294,"ROSTAND (Edmond). La Princesse lointaine, piece en quatre actes en vers. Ilustrations de George Sheringham. Paris, aux depens d'un amater,19i9,in-4,mar.grenat,le premier lat presente une composition centrale et un encadrement de memes dimensions et dans les meme tonalites que les hors-texte et bordures du volume, tous deux reproduits en une curieuse mosaique bigarree executee entierement a",1868,99.5,False,positional,,,EAUX-FORTES,,
BO0624_1003,187724,296,295,"ROSTAND (Edmond). La Princesse lointaine,piece en quatre actes, en vers. Compositions de G. Desvallieres et de Val. Reyre gravees sur bois en couleurs par J. Germain.(Paris), Imprime pour la Societe du Liore d'Art, 192o, in-4, broche, dans un etui.",1877,99.1,False,positional,,,EAUX-FORTES,,
BO0624_1003,187725,297,296,"ROSTAND (Edmond). La Samaritaine, evangile en trois tableaux, en vers. Paris,Fasquelle, 1897,in-8,mar.bleu jans.,a lint., bordure de mar. ornee de compart. de fl. dor. brises et entrelaces, double et gardes de moire bleue, doubles gardes, tr. dor. sur temoins, couverture, ctui (Blanchetiere).",1883,99.3,False,positional,,,EAUX-FORTES,,Sec. XIX
BO0624_1003,187726,298,297,"ROUGET DE L'ISLE. La Marseillaise, chant national. Illustrations par Eugene Grasset. Mise en carte et lisage par MM. Travard et Billiet. Tissage de la maison Chatel et Tassinari. Lyon, Cumin et Masson, s. d., gr. in-4, cartonn. soie moiree bleue, titre en lettres dor. sur le premier plat, non rogne (Cartonn. des editeurs).",1890,99.3,False,positional,,,EAUX-FORTES,,
BO0624_1003,187727,299,298,"ROUSSEAU (J.J.). Les Confessions. Nouvelle edition illustree de quatre-vingt-seize compositions par Maurice Leloir,gravees a l'eau-forte par les premiers artistes. Preface de Jules Claretie. Paris, Launette, 1889, 2 vol. in-4, dos et coins de mar. bleu, fil., dos ornes, tetes dor., non rognes,couvertures (Ch. Meunier).",1894,99.3,False,positional,ROUSSEAU JEAN-JACQUES,,EAUX-FORTES,,Sec. XIX
BO0624_1003,187728,300,299,"SAINT-PIERRE (Bernardin de). Paul et Virginie. Illustrations de Maurice Leloir. Paris, Launette et Cie, 1887, gr. in-8, papier velin, mar. brun vert, encadr. de rangs de fil. et d'une tige de bambou avec touffes de feuilles aux angles et sur les cotes et fleurettes mosaiquees, dos orne, dent. int., tr. dor., couverture, etui (Marius Michel).",1895,99.4,False,positional,,,EAUX-FORTES,,Sec. XIX
BO0624_1003,187729,301,300,"SAMAIN (Albert). Le Chariot d'or (et Symphonie heroique). Gravures sur bois de Roger Bonfils. Paris, Imprime pour la Societe du Liore d'Art par l'Imprimerie Nationale, 1923, gr.in-8,broche, etui,et suite en feuilles, dans un carton.",1902,99.1,False,positional,,,EAUX-FORTES,,Sec. XX
BO0624_1003,187730,302,301,"SAMAIN (Albert). Les Poemes inacheves... Edition enrichie de dessins composes et graves en taille-douce par William Fel. Paris, Aux depens d'un Amateur, 192o, in-4, mar. La Vall. clair, les plats couverts d'une riche mosaique a froid de bandes de mar. grenat ombrees de rouge, dessinant de larges compart. droits et courbes rappelant le style des Grolier,entrelaces de fleurons et feuillages de differents tons de vert sertis de fil. dor. avec parties semees de points dor.; double de mar. rouge, encadr. de rangs de fil. dor. et de fil. noirs coupes de motifs mosaiques, gardes de faille grenat, tr. dor. sur temoins, couverture, enveloppe doublee de peau, etui (Gruel).",1908,99.7,False,positional,,,EAUX-FORTES,,
BO0624_1003,187731,303,302,"SAMAIN (Albert). Polypheme.Illustrations de Gustave Guetant. Gravures sur bois de A.Thevenin.Paris, Societe des Amis des Liores, 1922, in-4, pap. velin, fig. dans le texte, broche.",1923,83.3,False,positional,,,EAUX-FORTES,,Sec. XX
BO0624_1003,187732,304,303,"SAND (George). Les Beaux Messieurs de Bois-Dore. Illustrations d'Adrien Moreau gravees sur bois par Brauer,Froment,Hamel,Meaulle, Rousseau et Thomas. Paris, Testard, 1892, 2 vol. gr. in-8, cartonn. dos et coins de mar. La Vall., fil., dos ornes de motifs dor., tetes dor.,non rognes,couvertures.",1928,99.3,False,positional,MOREAU GUSTAVE,,EAUX-FORTES,,Sec. XIX
BO0624_1003,187733,305,304,SCARRON. Le Roman comique. Nouvelle edition illustree de trois,1938,96.8,False,positional,,,EAUX-FORTES,,
BO0624_1003,187734,306,305,"SCARRON. Le Roman comique. Nouvelle edition illustree de trois cent cinquante compositions par Edouard Zier. Paris,Launette et Cie, 1888.Le Roman comique peint par Pater et J. Dumont le Romain, reduit et grave par T. de Mare. Notices explicatives par M. A. de Monmar. vert fonce, fil., dos mosaique,tete dor., non rogne, couvertures taiglon.Paris, Rouquette,1883,2 ouvr.en 1 vol.in-4,dos et coins de (Ch.Meunier).",1942,99.5,False,positional,,,EAUX-FORTES,,Sec. XIX
BO0624_1003,187735,307,306,"SCHULZE (Ernest). La Rose enchantee, traduction de E. La Forgue. Compositions et eaux-fortes de Gaston Bussiere.Paris,Edition Boudet, Librairie Lahure, s. d. (1goi), in-4, texte et fig. montes sur onglets, mar. bleu clair, dos mosaique, double de mar. mauve decore d'un large encadrem. de mar. rose mosaique a froid d'une guirlande de grosses roses jaunes avec leur feuillage et serti de fil. dor., gardes de moire mauve, doubles gardes, tr. dor., couverture, etui (Ch. Meunier).",1946,99.6,False,positional,,,EAUX-FORTES,,
BO0624_1003,187736,308,307,"SLIMAN BEN IBRAHIM.EI Fiafi oua El Kifar, ou Le Desert. Illustrations de E. Dinet. Paris, Piazza, 1911, pet. in-4, fig. en couleurs, mar. brun, decor original d'ornements aux lignes geometriques de style mauresque mosaiques a froid en mar. orange avec semis de cabochons carres de couleur emeraude, dos mosaique ; a l'int., encadr. de fil. et dent. dor., double et gardes de soie brochee de dessins cachemire, tr. dor. sur",1950,99.5,False,positional,LE BRUN CHARLES,,EAUX-FORTES,,Sec. XX
BO0624_1003,187737,309,314,"SULLY PRUDHOMME. Stances et Poemes,1865-1866.Compositions de Andre Martin-Gauthereau, gravees a l'eau-forte par Julian-Damazy. Imprime a Paris pour les Amis des Liores, 1914-1918, in-4, mar.gris fonce, encadr. d'une bande de mar. gris clair mosaiquee a froid entre deux rangs de fil. noirs, dos orne et mosaique de compart. de fil.; a lint. large cadre de mar. decore comme le dessus, double et gardes de faille gris mauve, doubles gardes, tr. dor. sur temoins, couverture, etui (Ch. Lanoe).",1955,99.6,False,positional,,,EAUX-FORTES,,Sec. XIX
BO0624_1003,187738,310,315,"THEOCRITE. OEuvres. Traduction nouvelle de Paul Desjardins. Eaux-fortes par Armand Berton. Paris, Societe des α Cent Bibliophiles ）, 1910, in-4,broche.",1971,91.4,False,positional,,,EAUX-FORTES,,Sec. XX
BO0624_1003,187739,311,316,"THEOCRITE. Les Idylles. Traduction de Leconte de Lisle. Paris, Imprime pour la Societe du Liore d'Art, 1911, in-4, mar. citron, encadr.",1978,98.4,False,positional,,,EAUX-FORTES,,Sec. XX
BO0624_1003,187740,312,317,"THEURIET (Andre). La Vie rustique. Compositions et dessins de Leon Lhermitte. Gravures sur bois de Clement Bellenger. Paris,Launette et Cie, 1888, in-4, mar.rouge fonce, compart. de fl. droits et courbes et d'entrelacs, rinceaux et fers azures couvrant les plats autour d'un medaillon central enfermant l'ex-libris de M. Eugene Renevey repousse a froid, dos orne, double de velin blanc, 3 fil. dor.,fleurons azures dans les angles, gardes de faille moiree grenat, tr. dor. sur temoins, couverture, enveloppe demi-mar. doublee de peau, etui (Gruel).",1987,94.5,False,positional,,,EAUX-FORTES,,Sec. XIX
BO0624_1003,187741,313,318,"THOUMAS (General). Autour du Drapeau. 178g-188g. Campagnes de l'Armee francaise depuis cent ans. Deux cents illustrations par L. Sergent. Paris, Le Vasseur et Cie, s. d. (1888), in-4, fig. dans le texte, dos et coins de mar. rouge, fil., dos orne, tete dor., non rogne.",1993,85.6,False,positional,,,EAUX-FORTES,,Sec. XIX
BO0624_1003,187742,314,308,"SOUVESTRE (Emile). Le Foyer Breton, contes et recits populaires. Illustrations et gravures par Andre Dauchez. (Paris), Imprime pour les Membres de la Societe des Amis du Liore Moderne, 1gio, in-4, mar. chaudron,fil. noir et dor., dos orne, double de mar.rouge clair decore d'une mosaique de touffes d'ajoncs, encadr. de bandes de mar. prunelle et veau marb. serties de fil. dor., gardes de moire a reflets changeants, doubles gardes, tr. dor. sur temoins, couverture, etui (Ch. Meunier).",1997,99.6,False,positional,,,EAUX-FORTES,,
BO0624_1003,187743,315,309,STAAL (Mme de). Memoires de Madame de Staal (Mademoiselle,2001,96.4,False,positional,,,EAUX-FORTES,,
BO0624_1003,187744,316,310,"STENDHAL.La Chartreuse de Parme. Reimpression textuelle de ledition originale illustree de 32 eaux-fortes par V. Foulquier. Preface de Francisque Sarcey.Paris,Conquet,1883,2 vol.in-8,mar.bleufonce a longs grains, large encadr. de fil., feuillages laures et medaillons dor., dos ornes; a l'int., cadre de fil. et motifs dor., double et gardes de moire grenat, doubles gardes, tr. dor. sur temoins, couvertures, etuis (Carayon).",2007,99.5,False,positional,,,EAUX-FORTES,,Sec. XIX
BO0624_1003,187745,317,311,"STENDHAL. Le Rouge et le Noir. Reimpression textuelle de Iedition originale, illustree de 8o eaux-fortes par H. Dubouchet. Preface de Leon Chapron. Paris, Conquet, 1884, 3 vol. in-8, mar. rouge, encadrem. de 6 fl. dor. et d'une bande de mar. noir, dos ornes de compart. de fil. et de mar. noir; fil. et bande de mar. noir a l'int., tr. dor., couvertures (Chambolle-Duru).",2012,97.2,False,positional,,,EAUX-FORTES,,Sec. XIX
BO0624_1003,187746,318,312,"STERNE (Laurence). Voyage sentimental en France et en Italie. Tra. duction nouvelle et notice de M.Emile Blemont. Illustrations de Maurice Leloir comprenant 22o dessins dans le texte et 12 grandes compositions hors texte.Paris, H. Launette,1884,gr.in-4,mar. bleu, encadr. de fil. et motifs xvine siecle dans les angles, dos orne; meme decor sur cadre de mar. a l'int., double et gardes de faille bleue, tr. dor., etui (Cham- bolle-Duru).",2019,98.2,False,positional,,,EAUX-FORTES,,Sec. XIX
BO0624_1003,187747,319,313,"SUARES (Andre). Le Livre de lEmeraude. En Bretagne. Compositions de MM. C. Cottet, A. Dauchez, L. Simon, gravees a l'eau-forte. Paris, Imprime pour la Societe du Liore d'Art, 1g14, in-4, broche, etui.",2027,82.6,False,positional,,,EAUX-FORTES,,
BO0624_1003,187748,320,319,"TINAYRE (Marcelle). La Maison du peche. Ouvrage orne d'eaux-fortes originales en couleurs de Henri Jourdain. Paris,Imprime pour la Societe du Liore d Art par lImprimerie Nationale,1gog,in-4,mar. Havane,les plats encadres d'un enroulement de feuilles vertes et de feurs en bouton autour d'un large fil. de mar. noir, grande fleur aux petales mauves epanouie dans les angles, dos mosaique de compart. de fil.et feuillages; a lint., motifs de fil. dor. sur bord de mar., double et gardes d'etoffe tissee de fils d''argent et soies multicolores sur fond noir, tr. dor. sur temoins, couverture, etui (Chambolle-Duru).",2036,99.6,False,positional,,,EAUX-FORTES,,
BO0624_1003,187749,321,320,"TOUSSAINT (Franz). Le Jardin des Caresses, traduit del'arabe.Illustrations de Leon Carre. Paris,Piazza, 1914, in-4,fig. en couleurs,mar. bleu fonce, tres belle mosaique de fleurs et feuillages aux tiges flexibles gracieusement disposees sur les plats dans un encadr. de dent. dor. et motifs de style persan, dos mosaique, double de mar. vieux bleu, compart. de rangs de fil. coupes d'arabesques, motif de style oriental repousse sur fond dore au centre, gardes de moire bleue, tr. dor., couverture, enveloppe demi-mar. doublee de peau, etui (Gruel).",2040,99.6,False,positional,DU JARDIN KAREL,,EAUX-FORTES,,Sec. XX
BO0624_1003,187750,322,321,"VERHAEREN (Emile). Les Bles mouvants. Bois de Georges Le Meil- leur.Paris, les Cent Bibliophiles,1918, in-4,broche,dans un etui.",2048,98.4,False,positional,,,EAUX-FORTES,,Sec. XX
BO0624_1003,187751,323,322,"VERLAINE (Paul). Fetes galantes. Illustrations de A. Robaudi gra- vees a l'eau-forte en couleurs et reproduites a la poupee.Paris,Imprime pour Charles Meunier,Maison du Liore,19o3,in-4,mar.vieux rose,large dent. xvinr siecle composee de fleurons et motifs rocaille ornes de croisillons de fil., carquois et fleches,colombes, etc.,dos orne,double de mar. vert Nil encadre d''une meme large dentelle, de composition un peu differente,gardes de moire a reflets changeants, doubles gardes, tr. dor. sur temoins, couverture, sous une enveloppe a dos et rabats de mar., dos orne, étui (Ch. Meunier).",2054,94.4,False,positional,,,EAUX-FORTES,,
BO0624_1003,187752,324,323,"VERLAINE (Paul). Fetes galantes. Exemplaire unique illustre de vingt-deux aquarelles originales ou dessins aux trois crayons par William-Fel. Paris, Ch. Meunier a Maison du Liore ,s. d.,in-4, mar. mauve jans., double de mar. vert mosaique d'une bande de mar. mauve sertie de fil. dor., motifs Louis XV aux angles, gardes de soie brochee, tr.dor. sur temoins, couverture,etui (Blanchetiere). culs-de-lampe a la mine de plomb.",2058,95.2,False,positional,,Periodo di Luigi XV,EAUX-FORTES,,
BO0624_1003,187753,325,324,"VERLAINE (Paul). Sagesse. Images en couleurs de Maurice Denis gravees sur bois par Beltrand. Paris, A. Vollard, 1911, in-4, fig. dans le texte, en feuilles, sous couverture, dans le carton de l'editeur.",2064,98.9,False,positional,,,EAUX-FORTES,,Sec. XX
BO0624_1003,187754,326,325,"VIDAL (Pierre). Les Heures de la Femme a Paris. Tableaux parisiens dessines, graves a l'eau-forte et accompagnes d'un texte. Editions Boudet; Paris, Lahure, 1go3, in-8 carre, cartonn. dos et coins de mar. bleu, fil., dos mosaique, tete dor., non rogne, couverture (Ch. Meunier).",2067,99.2,False,positional,,,EAUX-FORTES,,
BO0624_1003,187755,327,326,"VIGNY (Alfred de). Eloa,ou la Soeur des anges,mystere.Illustrations de Maurice Denis. Paris, Le Livre contemporain, 1917,2 vol. in-4, en feuilles, sous couverture, dans les cartons.",2073,98.8,False,positional,,,EAUX-FORTES,,Sec. XX
BO0624_1003,187756,328,327,"VIGNY (Alfred de). Servitude et Grandeur militaires. 51 (et 84) illus- trations de L. Dunki gravees par Clement Bellenger. Paris, Pelletan, 1897-1898, 2 vol. in-8, mar. vert a Iongs grains, compart. de fil., feurons et motifs dor. formant encadr., dos ornes, dent. int., tr. dor. sur temoins, couvertures, etuis (Chambolle-Duru).",2080,87.9,False,positional,,,EAUX-FORTES,,Sec. XIX
BO0624_1003,187757,329,328,"VIRGILE. Les Eglogues. Avec les illustrations d'Adolphe Giraldon, gravees sur bois en couleurs par Florian. Preface par E. Gebhart. Texte etabli par H. Goelzer. Paris, Plon, Nourrit et Cie, s. d.(19o6), in-4,texte latin, mar. vert fonce,les plats couverts d'une riche resille de motifs au pointille dor. dans un encadr. mosaique en mar. blanc serti de fil. dor., ingenieusement compose des initiales de Virgile P. V. M. entrelacees et repetees, offrant a l'eil une facon de dentelle a la grecque; le premier",2084,99.6,False,positional,,,EAUX-FORTES,,
BO0624_1003,187758,330,329,"VORAGINE (J. de). La Legende doree. Traduction francaise de H. Piazza. Dessins et lithographies de A. Lunois. Paris, Boudet, 1896, gr. in-4, mar. vert myrte, grand cuir cisele encastre sur chaque plat, le premier presentant sur fond violet pointille a froid un cartouche fauve portant le titre dans un decor d'ornements symboliques: en fronton, tete du cerf de Saint Eustache,au-dessous, une epee, un encensoir, tous deux argentes, et une double fleur de passiflore, dite α fleur de la Passion ）, coloree dans les tons bleu violet des emaux,le second plat porte",2097,99.6,False,positional,,,EAUX-FORTES,,Sec. XIX
BO0624_1003,187759,331,330,"ZOLA (Emile). Nouveaux Contes a Ninon.I frontispice et 3o composi1886, 2 vol. in-8, mar. grenat, le premier plat de chaque tome orne de trois tres petites libellules dorees, dent. int., tr. dor., couvertures, reu-",2104,99.0,False,positional,,,EAUX-FORTES,,
BO0624_1003,187760,332,331,"KIPLING (Rudyard). Le Livre (et le Second Livre)de la Jungle, traduit de I'anglais par Louis Fabulet et Robert d'Humieres. (lllustrations de Paul Jouve gravees sur bois en couleurs par Francois-Louis Schmied.) Paris,Societe du Liore contemporain,1919,in-4, mar.rouge garance, le premier plat couvert d'une mosaique de feuillages a la fois touffus et tres legers dans lesquels de petits singes grimpent, grimacent et cabriolent tete de Bagheera, la panthere noire; le medaillon et le decor executes entierement a froid sont encadres d''un filet noir; replique d'un motif en tous sens; au centre, large medaillon rond enchassant la magnifique de branchages et ouistitis au dos et sur le second plat; double de mar. vieux bleu serti d'un fil. dor., grand cadre de palmes mosaiquees en camaieu sur un fond violet fonce serti de larges filets, gardes de moire rouge, doubles gardes, tr. dor. sur temoins, couverture, enveloppe a dos et rabats de mar. doublee de cuir, etui (Lanoe).",2111,73.8,False,positional,,,EAUX-FORTES,,Sec. XX
