catalogue_id,chunk_db_id,chunk_id,num,title,matched_line,match_score,low_confidence,entity_match_method,artist,school,object_type
BO0624_51192,442175,1,1,CORINTHIAN SKYPHOS. VIIth Century B.C.,11.0,66.7,False,title_direct,,,CORINTHIAN SKYPHOS
BO0624_51192,442176,2,2,CORINTHIAN SKYPHOS. VIIth Century B.C.,,50.8,True,title_direct,,,CORINTHIAN SKYPHOS
BO0624_51192,442177,3,3,CORINTHIAN KOTYLE. VIIth century B.C.,35.0,65.5,False,title_direct,,,CORINTHIAN KOTYLE
BO0624_51192,442178,4,4,CORINTHIAN KOTYLE. VIIth century B.C.,57.0,64.3,False,title_direct,,,CORINTHIAN KOTYLE
BO0624_51192,442179,5,5,ATHENIAN ALABASTRON. !st half of Vth cent. B.C.,,59.2,True,title_direct,,,ATHENIAN ALABASTRON
BO0624_51192,442180,6,6,CORINTHIAN ALABASTRON. VIIth century B.C.,72.0,60.0,False,title_direct,,,CORINTHIAN ALABASTRON
BO0624_51192,442181,7,7,CORINTHIAN ALABASTRON. VIIth century B.C.,,58.1,True,title_direct,,,CORINTHIAN ALABASTRON
BO0624_51192,442182,8,8,"SMALL CORINTHIAN VASE.  VIIth. century B.C.  Scale-like decoration in red and black on a light ground.  Ht.,4 3/4 inches.",74.0,65.1,False,positional,,,CORINTHIAN ALABASTRON
BO0624_51192,442183,9,9,"LARGE ARCHAIC COLUMN KRATER,,WITH COVER. VIth. century B.C.",78.0,88.3,False,positional,,,CORINTHIAN ALABASTRON
BO0624_51192,442184,10,10,"ARCHAIC GREEK KRATER.  VIth.century B.C.  Decoration in black and purple on red, representing on each side a pair of naked runners, with two umpires.  Ht.,5 inches;Diameter,7inches.  (Illustrated.)",87.0,71.3,False,title_direct,,,ARCHAIC GREEK KRATER
BO0624_51192,442185,11,11,"ARCHAIC KYLIX,WITH FOOT. Greece,VIth.century B.C. II  Figures of dancers in black and red, on cream, separated by rich decorations.  Ht.,43/4inches;Diameter,77/8inches.",95.0,63.4,False,positional,,,ARCHAIC GREEK KRATER
BO0624_51192,442186,12,12,"SHALLOW KYLIX. Greece,VIth.century B.C. Decorated with heavy black lines on red ground. On either side, in black and purple on red, is represented a ram holding a prostrate man beneath its belly.  An extremely rare representation.  Ht.,2 34 inches;Diameter,7 inches.",103.0,74.0,False,positional,,,ARCHAIC GREEK KRATER
BO0624_51192,442187,13,13,"SMALL HYDRIA. Vth.century B.C.  Black figures, relieved with white, on a light ground. The figures.",112.0,81.2,False,positional,,,ARCHAIC GREEK KRATER
BO0624_51192,442188,14,14,"SMALL SCENT-BOTTLE. Greece,Vth.century B.C. Decorated with two harpies in red on a glazed black ground.",120.0,72.8,False,positional,,,ARCHAIC GREEK KRATER
BO0624_51192,442189,15,16,"ATTIC LEKYTHOS.  Greece,early Vth.century B.C. Red figures on a cream ground, representing a draped woman holding a casket, and facing another woman who holds out a dress on her arm.",133.0,85.4,False,positional,,,ARCHAIC GREEK KRATER
BO0624_51192,442190,16,15,"SMALL KYLIX. Greece, early Vth century B.C.  Decorated with a frieze of dancers and Amazons on horseback, in black on a light ground.",,52.1,True,none,,,
BO0624_51192,442191,17,17,"ATTIC LOUTROPHOROS. Figures in red, on black : two women standing, another seated on a chair, holding caskets and vases. A Victory holds an alabastron. On the neck, a woman holding a casket.  Ht.,13 5/8 inches.  From the Pozzi Collection. (Sale in Paris, 1919; No. 466,* illustrated.)",140.0,75.2,False,title_direct,,,ATTIC LOUTROPHOROS
BO0624_51192,442192,18,18,"ATHENIAN SKYPHOS.  C. 470 —— 460 B.C.  With red figures; palmettes beneath the handles. On one side, a draped youth, holding a staff in his right hand; on the other side, a draped youth with a staff, and in his right hand an alabastron.  Ht.,3 7/8 inches.  From the Lambros Collection,Athens.(Sale in Paris,IgI2. No.58, Pl. VI.)",150.0,75.6,False,title_direct,,,ATHENIAN SKYPHOS
BO0624_51192,442193,19,19,"ATHENIAN ALABASTRON.  Vth.century B.C.  Decorated with red figures, on black. A draped youth, leaning on a staff, looks over his left shoulder at a young woman;between them is a chair, and behind them, a Corinthian column.",160.0,90.5,False,title_direct,,,ATHENIAN ALABASTRON
BO0624_51192,442194,20,20,"A CUP. Greek, VIth century B.C.",163.0,81.5,False,positional,,,ATHENIAN ALABASTRON
BO0624_51192,442195,21,21,"STONE RELIEF. Old Kingdom. Recumbent female figure, amid bull-rushes,holding in her hand a crook.  Ht.,5inches,W.,8inches.",174.0,73.3,False,title_direct,,,STONE RELIEF
BO0624_51192,442196,22,22,STONE STELA. XVIIIth.dynasty.,178.0,71.1,False,title_direct,,,STONE STATUE
BO0624_51192,442197,23,23,23-STONE RELIEF. IVth. dynasty.,188.0,68.1,False,title_direct,,,STONE RELIEF
BO0624_51192,442198,24,24,"## 24—STONE RELIEF. Old Kingdom. The ibis-headed god Thoth. Profile, three-quarter length.",201.0,77.6,False,title_direct,,,STONE RELIEF
BO0624_51192,442199,25,25,"LIMESTONE RELIEF. XVIIIth, dynasty. The head of the God Min, (whose whip is visible.) He wears a false beard, and a pectoral. A vase is presented by the hand of another figure. Both head and hand are exquisitely modelled.  Ht.,7 1/2 inches,W.,18 1/2 inches.  (Illustrated.)",209.0,81.1,False,title_direct,,,LIMESTONE RELIEF
BO0624_51192,442200,26,26,"LIMESTONE RELIEF.  XVIIIth.dynasty.  A figure from a procession. The body is human, the head that of an antelope, adorned with a long wig. In the right hand is the khopeche, in the left a lance. The left hand of the adjoining figure is seen, bearing an ear of corn; whence it is supposed that the bas-relief represented a feast in the honour of Osiris.  Ht.,22 inches,W.,17inches",219.0,91.2,False,title_direct,,,LIMESTONE RELIEF
BO0624_51192,442201,27,27,"LIMESTONE RELIEF.  XVIIIth.dynasty.  The head of a negro prisoner, wearing a small round wig, suggestive of curls, and a ring in his ear ; a head remarkable for its life and character. The rope which is passed several times round the prisoner's neck is knotted, and ends in a flower.  (Illustrated.)",230.0,90.8,False,title_direct,,,LIMESTONE RELIEF
BO0624_51192,442202,28,28,"LIMESTONE RELIEF. XVIIIth.dynasty.  The head of a man, wearing a round wig of archaic form, contained by a fillet from which rises, in the centre of the forehead, the royal emblem, the uroeus. The fllet is further embellished behind the head with lotus flowers,from which there falls a ribbon which terminates in a second uroeus. Above the head, to the left, is seen the end of a cartouche, containing the name of the personnage; and to the right, a foot, on a scale much inferior to that of the head. The basrelief adorned a tomb, and the occupant of the tomb is represented on a larger scale than the figures about him.  Ht.,17inches,W.,16 inches.",240.0,95.0,False,title_direct,,,LIMESTONE RELIEF
BO0624_51192,442203,29,29,"LIMESTONE RELIEF.  XVIIIth.dynasty.  Head of a Pharaoh, bearded, and wearing the double crown of Upper and Lower Egypt.  Ht.,13 1/2 inches;W.,15 1/2 inches.  (Illustrated.)",249.0,65.6,False,title_direct,,,LIMESTONE RELIEF
BO0624_51192,442204,30,30,"STONE RELIEF. XVIIIth.dynasty.  Bust, in profile, of a princess wearing a triple necklace. Her right arm is extended, and draped with a light veil.  Ht.,12 inches;W.,14 1/2 inches.",259.0,78.5,False,title_direct,,,STONE RELIEF
BO0624_51192,442205,31,31,"LIMESTONE RELIEF. XVIIIth. dynasty. Bust of a Pharaoh, with the ancient red polychrome. (Standing on a wooden easel.)",267.0,81.8,False,title_direct,,,LIMESTONE RELIEF
BO0624_51192,442206,32,32,"LIMESTONE RELIEF. 32  Two figures, and hieroglyphic inscriptions mentioning AmenNameb.  Ht.,15inches;W.,24 inches.  From the Mac Gregor Collection.",275.0,61.5,False,title_direct,,,LIMESTONE RELIEF
BO0624_51192,442207,33,34,— SMALL STONE RELIEF.,290.0,93.3,False,title_direct,,,STONE RELIEF
BO0624_51192,442208,34,33,"LIMESTONE RELIEF. New Kingdom. The principal personnage is Isis, seated; her head is missing, but the long wig falls before and behind the shoulder.She wears jewels at her throat, and a clinging robe. She suckles the infant Horus, on her knee; the royal tress hangs from the side of his head.  Ht.,13 3/4inches;W.,173/4 inches.  (Illustrated.)",,50.4,True,title_direct,,,LIMESTONE RELIEF
BO0624_51192,442209,35,34,"SMALL STONE RELIEF. XVIIIth, dynasty.  Representing a ram, moving to the right.  Ht.,4inches;W.,3inches.    (Illustrated.)",,51.0,True,title_direct,,,STONE RELIEF
BO0624_51192,442210,36,35,BLACK BASALT BUST. Old Kingdom.Headless bust of a scribe. Hieroglyphic inscription on the chest.,302.0,70.8,False,title_direct,,,BLACK BASALT HEAD
BO0624_51192,442211,37,36,"36 —STONE STATUETTE OF WOMAN. Old Kingdom. From Palmyra. The legs have been cut off at the knees. The head wears a wig, beneath which the real hair appears on the forehead; the wig is short, and parted in the middle. The face is well-modelled, with an agreable expression; the body stands straight, the hips are narrow, and the arms hang by the sides.",310.0,93.5,False,title_direct,,,STONE STATUE
BO0624_51192,442212,38,37,## 37-STONE MALE HEAD. Old Kingdom.  Of very fine character. Archaic styie. On red marble pedestal.,317.0,77.5,False,title_direct,,,STONE MALE HEAD
BO0624_51192,442213,39,38,"STATUETTE OF A MAN. Middle Kingdom. In Egyptian limestone; cut off below the knee. The style is full of energy. The somewhat brutal face is broad, and the forehead low,. beneath a round, futed wig. The arms fall stiffy beside the body; the left hand is missing, the right is clenched. The torso is nude, wearing the shenti from the waist to the knee.",325.0,94.6,False,positional,,,STONE MALE HEAD
BO0624_51192,442214,40,39,"HEAD OF LIONESS. XVIIIth.dynasty. A very fine sculptor's model, in a state of perfect preservation.",333.0,79.3,False,positional,,,STONE MALE HEAD
BO0624_51192,442215,41,40,"BLACK BASALT STATUE. New Kingdom. Very fine statue of a man. The head is missing. The figure is seated on the ground, with his arms folded and resting on the knees, which are drawn up. The modelling of the arms and legs is very pure, as also that of the knees, which are discernible beneath the clinging robe.  Hieroglyphic inscriptions, before and behind. The statue was an offering to the God Sebek.",343.0,81.5,False,title_direct,,,BLACK BASALT HEAD
BO0624_51192,442216,42,41,"BLACK BASALT HEAD,LIFE-SIZE. Saitic period.  Head of a prince. Right eye, and part of nose and forehead, missing. Admirable modelling and workmanship. On a pedestal of red marble.  (Illustrated.)",356.0,82.0,False,title_direct,,,BLACK BASALT HEAD
BO0624_51192,442217,43,42,"EXTREMELY FINE LIFE-SIZE STONE HEAD. XVIIIth.dynasty.  A work of the very highest importance and of unique quality, possessing indescribable dignity and character. One of the most beautiful specimens of the Egyptian sculptor's art ever discovered. Traces of polychrome. Tip of nose repaired.  Ht.,14 inches.  (Illustrated.)",366.0,84.9,False,title_direct,,,STONE HEAD
BO0624_51192,442218,44,43,"PORTION OF A BLACK BASALT HEAD. XIXth. dynasty.  Part of the left side of the head of a Pharaoh.  Ht.,13 inches.",,59.9,True,title_direct,,,BLACK BASALT HEAD
BO0624_51192,442219,45,44,"SMALL LIMESTONE CAPITAL. SMALL LIMESTONE CAPITAL. New Kingdom.  Formed of papyrus fowers, whose stems, bound together, compose the column.  Ht.,9 inches.  From the Giovanni Dattari collection, Cairo.(Sale in Paris, 1912. No. 388 of the catalogue; illustrated.)",,58.0,True,none,,,
BO0624_51192,442220,46,45,"PAIR OF ALABASTER CANOPIC JARS. Old Kingdom. These jars, which are found in sets of four, were used to contain the viscera of the mummy, separately embalmed. The lids are in the form of human heads, in a very archaic style.",424.0,88.8,False,positional,,,BLACK BASALT HEAD
BO0624_51192,442221,47,46,SMALL PINK GRANITE VASE. old kkigndom.,426.0,71.6,False,positional,,,BLACK BASALT HEAD
BO0624_51192,442222,48,47,USHABTI OF A WOMAN. Saitic period. Traces of polycrhome.,,54.5,True,none,,,
BO0624_51192,442223,49,48,WOODEN MASK. XVIIIth dynasty.,444.0,66.7,False,positional,,,BLACK BASALT HEAD
BO0624_51192,442224,50,49,"WOODEN STATUETTE. Probably VIth. dynasty. Standing figure of a woman. The arms and feet are missing.  On the head is a round futed wig; the body, delicate and elegant, wears a clinging robe. The right leg is advanced.",452.0,69.5,False,title_direct,,,WOODEN STATUE
BO0624_51192,442225,51,50,"WOODEN STATUETTE. XVIIIth.dynasty. Standing figure of a man. The arms, left leg, and part of the face are missing.",460.0,81.9,False,title_direct,,,WOODEN STATUE
BO0624_51192,442226,52,52,"BRONZE STATUETTE. XVIIIth.dynasty. A male figure, of the finest style, in a striding posture. The eyes inlaid with silver. Dark-green patina.",483.0,76.3,False,title_direct,,,BRONZE STATUETTE
BO0624_51192,442227,53,51,"FINE BRONZE HEAD OF A CAT. XVIIIth. dynasty. Green patina.  The workmanship of the head is admirable, and the expression full of life.  The cat represented the Goddess Bastit.  (Illustrated.)",,52.2,True,title_direct,,,BRONZES
BO0624_51192,442228,54,53,"IMPORTANT BRONZE STATUETTE. XVIIIth. dynasty. A Pharaoh, represented in a striding posture, wearing a a crown, and a very rich costume.  Green patina.",493.0,74.8,False,title_direct,,,BRONZE STATUETTE
BO0624_51192,442229,55,54,"BRONZE GROUP. XVIIIth.dynasty. Crouching figure of Isis, with Horus on her knees. An extremely rare representation.  Brown patina with green spots.",,56.6,True,title_direct,,,BRONZE GROUP
BO0624_51192,442230,56,55,"FIVE FRAGMENTS OF A PRECIOUS GOLD AND SILVER CASKET. XVIIIth. dynasty. With figures and inscriptions, very beautifully chased. One of the fragments bears an entire figure and a cartouche, two others bear heads, hieroglyphics, etc., in gold on silver.",515.0,83.4,False,positional,,,EGYPTIAN BRONZES
BO0624_51192,442231,57,56,"FINE ASSYRIAN STONE RELIEF. 7th.century B.C.  Head of Assurbanipal. He wears a hemispherical headdress, and a long narrow beard, elaborately conventionalised.  Ht.,24 inches;W.,22inches.  (Illustrated.)",522.0,72.0,False,title_direct,,,ASSYRIAN STONE RELIEF
BO0624_51192,442232,58,57,"— ARCHAIC STATUETTE. Cyprus, Vth.century B.C.  Limestone figure of Apollo. The cheekbones are prominent ; the hair is covered with a veil, and the figure wears a simple robe, cut V-shaped at the neck, with wide sleeves. A work of striking character. Ht.,71/2 inches.",535.0,90.5,False,positional,,,GREEK SCULPTURE
BO0624_51192,442233,59,58,"ARCHAIC MARBLE HEAD.  Head of Apollo.  The hair, arranged in rows of formal curls on the forehead, is bound with a braid through which the locks falling over the nape of the neck are caught up. The nose is mutilated.  Ht.,7 inches.",543.0,87.4,False,title_direct,,,ARCHAIC MARBLE HEAD
BO0624_51192,442234,60,59,"MARBLE HEAD. Beginning of IVth. century B.C. Bearded head of Zeus, showing signs of wear by exposure.",551.0,71.3,False,positional,,,ARCHAIC MARBLE HEAD
BO0624_51192,442235,61,60,"MARBLE GROUP. Vth. century B.C. A doe licking her young, which lies by her left side. The movement of the doe's neck is graceful and natural. The legs are missing. Ht.,9 inches;Length,18 inches.",559.0,91.0,False,positional,,,ARCHAIC MARBLE HEAD
BO0624_51192,442236,62,61,CHEST OF AN ATHLETE. Vth.century B.C. In Pentelic marble. The soulders are very finely treated and the whole is magnificent in its strength.,565.0,84.3,False,positional,,,ARCHAIC MARBLE HEAD
BO0624_51192,442237,63,62,MARBLE TORSO OF A MAN. Early Vth.century B.C. Carrying a wine-skin over the left shoulder. From the Pozzi collection.,,54.7,True,title_direct,,,MARBLE TORSO
BO0624_51192,442238,64,63,"MARBLE HEAD. About 500 B.C. A very fine archaic head of Athene,in Parian marble, with traces of earth. A helmet of some other material was pro- bably set on the back of the head.  An important work,representing the transition from archaic art to the art of the 5th.century.",582.0,71.1,False,positional,,,ARCHAIC MARBLE HEAD
BO0624_51192,442239,65,63,MARBLE HEAD.,667.0,66.7,False,title_direct,,,ARCHAIC MARBLE HEAD
BO0624_51192,442240,66,64,"FINE MARBLE TORSO.  End of Vth.or beginning of IVth.century B.C.  Nude torso of a youth, in Parian marble. A work of great beauty, by a sculptor of importance.  Missing : an arm, a forearm, a foot, and one leg from the knee down.  Ht.,36 inches.",,45.0,True,title_direct,,,MARBLE TORSO
BO0624_51192,442241,67,65,"COLOSSAL HEAD IN WHITE MARBLE. IVth to IIIrd century B.C.  Head of Artemis. Part of the waving hair is coiled up high on the head, the rest carried away on either side of the brow, half-hiding the ears. The eyes, full of life and interest, seem fixed at a distance, the lips are slightly parted. The nose is damaged.  (Illustrated.)",,50.7,True,title_direct,,,COLOSSAL HEAD IN WHITE MARBLE
BO0624_51192,442242,68,66,"MARBLE STATUETTE. IIIrd.century B.C. Figure of Venus, nude. A drapery is passed over her head, and falls to the ground. The expression of the face is pleasing, and the torso and thighs are beautifully modelled. One of the arms, which are damaged, supports the drapery. Traces of the action of salt water.  Ht.,14 inches.",,55.0,True,none,,,
BO0624_51192,442243,69,67,"WHITE MARBLE HEAD. IVth. to IIIrd century B.C. A very beautiful head of a woman. Part of the crown of the head is missing, but the face is intact. The hair is drawn back to a knot at the back; the head is turned slightly aside, and the eyes cast downward with a sweet and melancholy expression. The mouth and chin, particularly as seen in profile, are modelled with much delicacy. Evidently the work of a great artist.  Part of nose restored in plaster.",,55.3,True,title_direct,,,WHITE MARBLE HEAD
BO0624_51192,442244,70,68,WHITE MARBLE HEAD. IIIrd century B.C.,669.0,61.8,False,title_direct,,,WHITE MARBLE HEAD
BO0624_51192,442245,71,69,"PORTION OF A RELIEF. Vth century B.C. In the finest Attic style;from a stele:An ederly bearded man is represented, seated on a chair, and clad in a tunic leaving the arms bare. His right hand is extended.",681.0,89.7,False,positional,,,WHITE MARBLE HEAD
BO0624_51192,442246,72,70,"LARGE SEPULCHRAL VASE. In Pentelic marble; of elegant form, bearing an inscription.  Above the inscription, three personnages in bas-relief : a man seated on a chair, receiving the homage of two other men standing before him.  Ht., 39 inches.",691.0,73.7,False,title_direct,,,SEPULCHRAL VASE
BO0624_51192,442247,73,71,"LARGE SEPULCHRAL VASE. Vth.century B.C. In Pentelic marble. Attic style. In bas-relief :a man, seated, receiving the homage of a man standing before him.",702.0,85.0,False,title_direct,,,SEPULCHRAL VASE
BO0624_51192,442248,74,72,TERRA-COTTA RELIEF. Archaic period,708.0,67.8,False,title_direct,,,TERRA-COTTA RELIEF
BO0624_51192,442249,75,73,TERRA-COTTA STATUETTE.,720.0,84.6,False,title_direct,,,TERRA-COTTA STATUETTE
BO0624_51192,442250,76,74,TERRA-COTTA STATUETTE.,834.0,60.5,False,title_direct,,,TERRA-COTTA STATUETTE
BO0624_51192,442251,77,75,BRONZE STATUETTE OF WARRIOR.  Etruscan.,997.0,61.0,False,title_direct,,,BRONZE STATUETTE
BO0624_51192,442252,78,76,VERY EARLY BRONZE STATUETTE,1014.0,64.4,False,title_direct,,,BRONZE STATUETTE
BO0624_51192,442253,79,77,BRONZE HANDLE OF VASE,1043.0,62.5,False,title_direct,,,BRONZE HANDLE
BO0624_51192,442254,80,78,ARCHAIC BRONZE STATUETTE,1118.0,66.7,False,title_direct,,,ARCHAIC BRONZE STATUETTE
BO0624_51192,442255,81,79,"ARCHAIC BRONZE STATUETTE OF APOLLO. Greek, c 500 B. C.",,48.9,True,title_direct,,,ARCHAIC BRONZE STATUETTE
BO0624_51192,442256,82,80,"ARCHAIC BRONZE STATUETTE OF APOLLO. Greek, c 500 B. C.",,48.9,True,title_direct,,,ARCHAIC BRONZE STATUETTE
BO0624_51192,442257,83,81,BRONZE STATUETTE OF BEARDED WARRIOR. Archaic Etruscan.,,48.5,True,title_direct,,,BRONZE STATUETTE
BO0624_51192,442258,84,82,BRONZE STATUETTE OF WARRIOR,,56.7,True,title_direct,,,BRONZE STATUETTE
BO0624_51192,442259,85,83,"BRONZE STATUETTE OF APOLLO. Etruscan, VIth century B.C. In archaic style. His arms are stretched downwards, the rated. The face is round and smiling. He is entirely nude, save for singular pointed shoes on his feet. This is unquestionably a representation of Apollo, as the pose is exactly that of the Apollo of Thera, which would appear to be the earliest existing statue of the God.",,50.5,True,title_direct,,,BRONZE STATUETTE
BO0624_51192,442260,86,84,"NUDE ARCHAIC STATUETTE. Greek, c. 500 B.C. A bearded man, with long braids of hair falling over his shoulders. The left arm, and lower part of the legs, are wanting.  Evidently the stand of a mirror. Black patina.",,49.2,True,none,,,
BO0624_51192,442261,87,85,"BRONZE STATUETTE.  Greek, c. 500 B.C.  Very fine and powerful figure of a bearded warrior, clad in helmet, cuirasse, and tunic. Forearms and lower part of legs missing.  (Illustrated.)",,46.4,True,title_direct,,,BRONZE STATUETTE
BO0624_51192,442262,88,86,"PART OF A BRONZE RELIEF.  Naked youth, with short curly hair, half-reclining, caressing a dog at his side. Green and red patina.  Ht.,5 inches.  A fine specimen of Greek art of the 5th, cent. B. C.  Mounted on yellow marble.",,46.1,True,title_direct,,,BRONZE RELIEF
BO0624_51192,442263,89,87,"BRONZE STATUETTE. Greek, IIIrd. century B.C.  An old bearded man, readily to be identified as Diogenes. He is moving forward, with a staff in his right hand, and a bowl in the other. His face has great character and expression. His hair is abundant, falling in thick locks. He wears a mantle, caught at the shoudler by a fibula, leaving the right arm bare, and falling to the middle of the leg in harmonious and supple folds. On his feet are thick-soled boots. Bronze pedestal. Green patina.",,51.8,True,title_direct,,,BRONZE STATUETTE
BO0624_51192,442264,90,88,"BRONZE STATUETTE OF SEATED GRYPHON.  The right paw uplifted. Finely modelled and chiselled. In a state of perfect preservation. Green and brown patina.  An unique specimen of Greek art of the IVth.century B.C.  On a lapis-lazuli base.  Ht.,5 inches.  (Sale in Paris, 1905. No.482  From the P.Philip collection. of the catalogue,illustrated.) From the Fitz Henry collection,London.  (Illustrated.)",,43.4,True,title_direct,,,BRONZE STATUETTE
BO0624_51192,442265,91,89,"BRONZE STATUETTE OF ARTEMIS.  She stands with the right leg advanced, dressed in a short chiton with a double girdle, and buskins. The hair is drawn up into a knot on the crown of the head, in a style characteristic of Apollo and Artemis.The right hand is raised to the shoulder, and may originally have been in the act of drawing an arrow from a quiver slung behind her. The left hand, no doubt, held a bow, which, like the quiver-case, is now missing.  A fine specimen of Greek art of the 4th.century.  (Illustrated.)  Dark patina. Ht.,73/4inches.",,52.7,True,title_direct,,,BRONZE STATUETTE
BO0624_51192,442266,92,90,"SMALL BRONZE STATUETTE. End of archaic period.  A naked youth. He wears a fillet round his hair, and shoes. The right foot is drawn back, and both hands are advanced;  the right hand probably held a lance.",,50.6,True,title_direct,,,BRONZE STATUETTE
BO0624_51192,442267,93,91,"ARCHAIC BRONZE STATUETTE. A naked youth, standing with legs apart, and knees slightly bent; the right arm is raised, and the hand holds some object. The left hand and the feet are missing.  Ht.,4 1/2 inches.  Light-green patina.",,50.0,True,title_direct,,,ARCHAIC BRONZE STATUETTE
BO0624_51192,442268,94,92,"—BRONZE STATUETTE.Greek,Vth.century B.C.  Very small but exquisite bronze figure of Apollo, with long hair bound by a fillet, and the right arm advanced. Part of the left hand, and the right foot, are missing. Green patina.  Ht.,2 5/8 inches.",,52.1,True,title_direct,,,BRONZE STATUETTE
BO0624_51192,442269,95,93,"EARLY BRONZE STATUETTE. Greek or Etruscan,Vth.century B.C.  A youth, nude, with hair dressed in archaic style.  Ht., 3 inches.  Right forearm, left hand, and part of the legs, missing. Fine light-green patina.",,48.3,True,title_direct,,,BRONZE STATUETTE
BO0624_51192,442270,96,94,"BRONZE STATUETTE. C.IVth.century B.C.  A young man, with short curly hair. He wears an ample tunic, caught at waist,and boots. His right arm is raised,as if in the act of hurling a lance. He is moving gforward, the left foot considerably in advance of the right. Red patina.",,49.7,True,title_direct,,,BRONZE STATUETTE
BO0624_51192,442271,97,95,BRONZE STATUETTE. Early Greek. A boy carrying a hare. Green patina.,,44.6,True,title_direct,,,BRONZE STATUETTE
BO0624_51192,442272,98,96,"IMPORTANT BRONZE GROUP. Greek, c. IVth. century B.C. Two wrestlers, finely and powerfully modelled. A bearded man stands upright, holding by the wrist and shoulder a younger man whom he has forced to the ground. Rich green patina.",,47.2,True,title_direct,,,BRONZE GROUP
BO0624_51192,442273,99,97,"BRONZE MIROR-CASE. Vth.century B.C. With handle. On the cover is an embossed relief, representing a winged figure, seated before an incense burner, upon which with her right hand she pours incense, from a thurible or incense-box in her left hand. She wears a long chiton, and himation over the lower limbs, and her hair is tied in a knot behind her head. On the left, a winged figure of a youth, nude, proffers a bowl.",,50.3,True,title_direct,,,BRONZES
BO0624_51192,442274,100,98,"SMALL BRONZE STATUETTE. Greco-E gyptian.  A young priest, wearing a pleated tunic, and a drapery passing over his head. The right hand rests with an easy movement on the hip.  Ht.,3 7/8 inches.",,54.1,True,title_direct,,,BRONZE STATUETTE
BO0624_51192,442275,101,99,"IMPORTANT BRONZE STATUETTE. IIrd. cent. B.C.  Hercules.  A nude and powerful figure, holding in his right hand a club, high above his head.  Light-green patina.  Ht.,8 3/4 inches.  His foot rests on the head of a lion.",,48.2,True,title_direct,,,BRONZE STATUETTE
BO0624_51192,442276,102,100,"BRONZE STATUETTE OF ATHLETE. IIIrd.century B.C.  The body is entirely naked; an arm is missing, the left hand, a foot, and a leg below the knee. What remains is of a quality to make this mutilation particularly regrettable.  Ht.,43/4inches.",,44.8,True,title_direct,,,BRONZE STATUETTE
BO0624_51192,442277,103,101,"SMALL BRONZE STATUETTE. IVth.century B.C.  A bearded man, wearing a mantle, which leaves bare the right arm and the breast. The right hand is missing.  Ht.,3 inches.",,49.8,True,title_direct,,,BRONZE STATUETTE
BO0624_51192,442278,104,102,"BRONZE STATUETTE OF A CHILD. Alexandrine.  Wearing a long clinging garment which falls to the ground.  The hair is coiled in a knot at the back of the head.  Ht., 3 3/8 inches.  From the Sambon collection.(Salein Paris,Ig14.)",,47.3,True,title_direct,,,BRONZE STATUETTE
BO0624_51192,442279,105,103,"ARCHAIC BRONZE STATUETTE. Phenician.  A female figure nude, save for a heavy necklace. The a piece with the body.  Ht.,5 1/8inches.  attitude is straight and rigid, the arms and legs being of Green patina.",,48.9,True,title_direct,,,ARCHAIC BRONZE STATUETTE
BO0624_51192,442280,106,104,"BRONZE STATUETTE OF HERCULES. Phenician.  Wearing on his head a lion-skin, which falls over his left arm. The right arm is raised, and the hand, which is missing doubtless held a club. The body, nude and splendidly muscled, stands in a free and graceful attitude.  Ht.,5 inches.",,51.6,True,title_direct,,,BRONZE STATUETTE
BO0624_51192,442281,107,105,"ARCHAIC BRONZE STATUETTE. Phoenician.  A seated man. He wears a skirt, shoes, and a conical hat. His hands are out-stretched. Green patina.",,43.1,True,title_direct,,,ARCHAIC BRONZE STATUETTE
BO0624_51192,442282,108,106,"SMALL BRONZE STATUETTE.  Ht.,5 inches.  Phonician.  A youth, bearing offerings of grapes and a dove. Conical head-dress.  Ht.,3 1/4 inches.",,44.0,True,title_direct,,,BRONZE STATUETTE
BO0624_51192,442283,109,107,"BRONZE STATUETTE OF A MAN. Phenician. In primitive archaic style. He wears a conical head-dress, and the arms are brought round in a circle towards the chest.",,47.7,True,title_direct,,,BRONZE STATUETTE
BO0624_51192,442284,110,108,"ARCHAIC BRONZE STATUETTE.  Hittite.  Upper part of the figure of a man, with grotesque features, and his hands held, closed, before his chest.  Ht.,3 1/2 inches.",,51.3,True,title_direct,,,ARCHAIC BRONZE STATUETTE
BO0624_51192,442285,111,109,SMALL BRONZE HEAD OF YOUTH. Alexandrine. Very delicately modelled. Brown patina.,,51.8,True,title_direct,,,BRONZES
BO0624_51192,442286,112,110,"BRONZE TRIPOD AND LAMP.  Etruscan.  An elegant futed column rests on a foot composed of three sphinxes. The lamp has two spouts.  (Illustrated.)  Ht.,58 inches.",,43.5,True,title_direct,,,BRONZE TRIPOD
BO0624_51192,442287,113,111,"BRONZE ENOCHE,WITH SPOUT. Greco-Roman.  The handle is ornamented, at the base, with a bearded winged figure, and on the rim, with two tiny lions.  Ht.,12 1/2 inches.  Greco-Roman.",,51.3,True,title_direct,,,BRONZE ENOCHE
BO0624_51192,442288,114,112,"BRONZE ENOCHCE. Greco-Roman. The handle is decorated with acanthus leaves, and, at the base,with the bust of bearded man, in relief.",,50.2,True,title_direct,,,BRONZE ENOCHE
BO0624_51192,442289,115,113,ELEGANT BRONZE CANTHAROS. Vth.century B.C. The long delicate handles and the foot have much grace.,,45.0,True,title_direct,,,BRONZES
BO0624_51192,442290,116,114,"BRONZE SPATULA. Etruscan,early Vth.century B.C. With a horse and rider engraved on the blade.",,45.9,True,title_direct,,,BRONZES
BO0624_51192,442291,117,115,BRONZE LADLE. Greek.  With a long handle elegantly terminating in the head of a swan.,,51.9,True,title_direct,,,BRONZES
BO0624_51192,442292,118,116,"SILVER KYLIX. Greek or Etruscan, c. 500 B.C.  An oval cup, decorated with an embossed frieze representing warriors on foot and on horse-back, armed with shields, helmets, and lances.",,48.5,True,none,,,
BO0624_51192,442293,119,117,"IVORY PIECES OF A CASKET. Greek, Vth. century B.C. Two grotesque and two classical heads; with red and blue polychrome.",,44.6,True,none,,,
BO0624_51192,442294,120,118,IVORY SWORD-HILT. Phenician.  Ornamented with a double head of a lion.,,48.8,True,none,,,
BO0624_51192,442295,121,119,"BONE PYX. Greek.  Decorated in relief with two figures, a Cupid and a nude female figure, kneeling and caressing a dog. (Allegory of Love and Fidelity?)",,50.5,True,none,,,
BO0624_51192,442296,122,120,BONE STATUETTE. Greek. Representing a winged Victory.,1120.0,72.3,False,title_direct,,,BRONZE STATUETTE
BO0624_51192,442297,123,121,"COPTIC FUNEREAL VESTMENT.  With numerous figures, ornaments, and medallions containing figures of men and animals, woven in dark purple, relieved with orange, on light ground. Fine state of preservation.  Length,3 feet.Width,16 1/2inches.",1133.0,85.4,False,title_direct,,,COPTIC FUNEREAL VESTMENT
BO0624_51192,442298,124,122,"TAPESTRY DECORATION OF A COPTIC VESTMENT  Four bands,and four circular pieces forming the complete decoration of a vestment;woven in several colours on red ground ; with figures, trees, and ornaments. Rare state of preservation.  Teobands251/2inchesby21/2inches. Twobands121/2inchesby41/4inches.  Discs, diameter 6 inches.",1139.0,73.7,False,title_direct,,,TAPESTRY DECORATION
BO0624_51192,442299,125,123,"WOODEN STATUETTE OF FEMALE SAINT. France,first half of I4th.century.",1148.0,86.5,False,title_direct,,,WOODEN STATUE
BO0624_51192,442300,126,124,"ALABASTER GROUP OF THREE FIGURES. English,15th.century.",1154.0,94.8,False,positional,,GOTHIC AND RENAISSANCE,
BO0624_51192,442301,127,125,"WOODEN CRUCIFIX, BEARING FIGURE OF St. WILDGEFORTE. French,late 15th.century.",1160.0,71.0,False,positional,,GOTHIC AND RENAISSANCE,
BO0624_51192,442302,128,126,"WOODEN BUST OF FEMALE SAINT.  French, middle of r3th.century.  Life-size. The features and hair are very beautifully interpreted.  (Illustrated.)",1174.0,63.5,False,title_direct,,,WOODEN BUST
BO0624_51192,442303,129,127,"SQUARE FONT. Auvergne, 12th. century.",1183.0,78.7,False,positional,,,WOODEN BUST
BO0624_51192,442304,130,128,"OAK GROUP. Normandy,end of 12th.century.",1189.0,84.1,False,positional,,,WOODEN BUST
BO0624_51192,442305,131,129,"CARVED WOOD RELIEF OF THE NATIVITY. French,I3th.century.  The Virgin, recumbent, with the child supported by St. Anne, and St. Joseph leaning on a staff. Below, the manger, with ox and ass; and above, two angels and a figure of God the Father. Remains of polychrome.  Ht.,10 inches.Width,8 inches.  (Illustrated.)",1202.0,80.3,False,title_direct,,,CARVED WOOD RELIEF
BO0624_51192,442306,132,130,"POLYCHROME GROUP IN HARD STONE.  School of the Vosges,I3th.century.  St. Christopher, carrying on his shoulders the Infant Christ. The Child's right hand is raised in benediction;the left holds a lock of the Saint's hair. Intact.  Ht.,361/2inches.  (Illustrated.)",1211.0,76.4,False,title_direct,,,POLYCHROME GROUP
BO0624_51192,442307,133,131,"STONE STATUE. Normandy, second half of 13th. century.  A beautiful polychrome and gilt figure of St. Catherine. Part of the wheel, and of the palm leaf, which she carries in her hands, are missing.  Ht.,35inches.  (Illustrated.)",1218.0,77.4,False,title_direct,,,STONE STATUE
BO0624_51192,442308,134,132,"WHITE MARBLE STATUETTE.  French,middle of I3th.century.  A delicate seated figure of the Virgin. The modelling of the face, and of the hair and crown, is in the finest style of the Ile-de-France.  Cracks caused by exposure ; right hand missing.  Ht.,19 1/2 inches.  (Illustrated.)",1227.0,66.8,False,title_direct,,,WHITE MARBLE STATUETTE
BO0624_51192,442309,135,133,"STONE STATUE OF A SAINTED BISHOP. 133— East of France, end of 13th. century.  A work of remarkable character.  Polychrome. The hands are missing.  (Illustrated.)  Ht.,35 inches.",1234.0,61.1,False,title_direct,,,STONE STATUE
BO0624_51192,442310,136,134,"STONE GROUP. France,first half of I4th.century. A youthful saint carried in the mouth of a lion. Traces of polychrome.",1247.0,74.5,False,positional,,,STONE STATUE
BO0624_51192,442311,137,135,"WOODEN CARVING IN HIGH RELIEF. French,I4th.century.  Representing the Virgin, with the Child, seated on a bench, in an ogival recess. The folds of her voluminous dress are most graceful.  Ht.,8inches.Width,71/4inches.",1257.0,76.4,False,title_direct,,,WOODEN CARVING
BO0624_51192,442312,138,136,"BOXWOOD GROUP. Ile de France,13th.century.  Ile de France,I3th.century.  Standing figure of the Virgin, with the Child in her arms. In the finest style of the French 13th. century. Probably by the same artist as the ivory Virgin from the Sainte Chapelle, now in the Louvre. Traces of polychrome.",1267.0,86.2,False,positional,,,WOODEN CARVING
BO0624_51192,442313,139,137,"BOXWOOD GROUP. French,early I4th.century.  The Virgin, seated, holding the Child, standing, on her knee. The head of the Child, and the right hand of the  Virgin, are missing.",1276.0,77.7,False,positional,,,WOODEN CARVING
BO0624_51192,442314,140,138,"SMALL GRACEFUL BOXWOOD STATUETTE. English,15th.century.  A young Saint, crowned, and in armour. At his feet lies a calf, admirably carved.  The forearms and part of the feet are missing.",1286.0,61.1,False,positional,,,WOODEN CARVING
BO0624_51192,442315,141,139,"FINE CARVED KEYSTONE. French,I5th.century.  St. John, with the Pascal lamb, in a setting of stylised foliage.  Ht.,20 inches;Width,24 1/2 inches.",1297.0,62.5,False,title_direct,,,CARVED KEYSTONE
BO0624_51192,442316,142,140,"VERY BEAUTIFUL WOODEN STATUE OF St. JOHN. Picardy,second half of 15th.century.  The head, with a charming expression, is inclined slightly to the right, and the pose is free and gracious. A heavy drapery, with folds elaborately carved, passes over the left shoulder, and is caught up on the right under the Saint's girdle. The left hand holds a book.  The right forearm is missing; the statue is otherwise admirably preserved.  Traces of the old polychrome remain.  (Illustrated.)  Ht.,45 inches.",1306.0,71.0,False,title_direct,,,WOODEN STATUE
BO0624_51192,442317,143,141,"STONE STATUE.  Picardy,second half of I5th.century.  St. Catherine; her feet resting on Vice, in the figure of an armoured man. In her left hand she holds an open book; Her crown, and her long hair, falling the right is missing. over her shoulders, are gilt. Remains of polychrome.  Ht.,50 inches.  (Illustrated.)",1325.0,84.9,False,title_direct,,,STONE STATUE
BO0624_51192,442318,144,142,"GERMAIN PILON. France:I6th.—I7th.century.  Life-size marble bust, presumed to be the portrait of Diane de Poitiers. A delicately modelled drapery (strongly reminiscent of that of the Three Graces, by the same master, in the Louvre) is supported low on the breast by a ribbon which passes over the right shoulder, suggesting a quiver slung at her back. The wavy hair is drawn up all round the head and bound with a plait. On a base of green marble.  Ht.,26 inches.  (Illustrated.)",1336.0,91.8,False,positional,,,WOODEN STATUE
BO0624_51192,442319,145,143,"WOODEN STATUETTE.French, second half of 15th.century. A Saint, seated, with a book in his hand.The face has remarkable character. Polychrome and gilt.",1344.0,78.0,False,title_direct,,,WOODEN STATUE
BO0624_51192,442320,146,144,"SMALL BOX WOOD GROUP. French,I4th.century. The Virgin, fainting in the arms of St. John.",1349.0,67.7,False,positional,,,WOODEN STATUE
BO0624_51192,442321,147,145,"WOODEN BUST. North of France,late I5th.century. A youthful saint, or angel, with long curling hair, and a sweet expression.",1357.0,75.8,False,title_direct,,,WOODEN BUST
BO0624_51192,442322,148,146,"PIETA, IN WOOD. French,early 16th.century.",1365.0,76.5,False,positional,,,WOODEN STATUE
BO0624_51192,442323,149,147,"WOODEN STATUE OF St. JOHN. Italian,I3 th.century. I47 一  Standing, holding an open book. The features, of Giottesque severity, are remarkably beautiful. Remains of the original polychrome and gilding. The hands have been damaged.  Ht.,36 1/4 inches.  (Illustrated.)",1371.0,79.3,False,title_direct,,,WOODEN STATUE
BO0624_51192,442324,150,148,"MATTEO CIVITALI.  Lucca:1435-1501.  Wooden polychrome bust of Christ. The head is in the archaic manner of the early Quatrocento masters, and possesses immense character. Excellent state of preserva- tion.  From the Molinier collection.  (Illustrated.)  Ht.,19 inches.",1380.0,78.2,False,title_direct,MATTEO CIVITALI,,
BO0624_51192,442325,151,149,"GIOVANNI-ANTONIO AMADEO Pavia:I447-I522.  Marble group of the Virgin and Child : the latter seated on a cushion, and holding in his hand a bird, which he feeds with berries. The expression of the Virgin is grave ; she is shown three-quarter length, and the importance of the Child is enhanced by the comparatively large scale on which he is presented.  The original polychrome is beautifully preserved.  (Illustrated.)  Ht.,16 inches.",1389.0,83.6,False,title_direct,GIOVANNI-ANTONIO AMADEO,,
BO0624_51192,442326,152,150,"ATTRIBUTED TO VERROCCHIO. Florence: 1435-1488.A very beautiful head of St. John the Baptist, in wood. This work, with the wonderfully expressive face framed in long severe curls,is almost certainly the work of the master to whom it is attributed.  Purchased at the sale of the collection of M.Ravaisson-Mollien (a former director of the Musée du Louore) on the cover of the catalogue of which it is illustrated.  Ht.,12 inches.  (Illustrated.)",1398.0,62.5,False,positional,GIOVANNI-ANTONIO AMADEO,,
BO0624_51192,442327,153,151,"WOODEN RELIEF. Lombardy, beginning of 16th.century. Representing the legend of Adonis. In the centre, the birth of Adonis : a hooded figure removes him from the body of his mother,Myrrha,metamorphosed into a tree;dryads look on. To the right, Venus is seated by the side of Adonis, who is richly dressed in armour, and holds an arrow. From the air, Cupid takes aim at the pair. On the left, the God Mars, in a fury of jealousy, enters sword in hand, and a dryad flees at the sight of him.  From the Rodolphe Kann collection;illustrated in the cata- logue(1907: Tome I; No.34) and described by Dr. Bode.",1407.0,84.1,False,positional,GIOVANNI-ANTONIO AMADEO,,
BO0624_51192,442328,154,152,"VECCHIETTA. Siena, 1412-1480.  Boxwood figure of Christ, seated, wearing the crown of thorns; nude, save for a drapery across the left leg. This work, of delicate yet masterly style,is a rare specimen of the art of the Siennese sculptor.  Ht.,91/4inches.",1420.0,90.0,False,title_direct,VECCHIETTA,,
BO0624_51192,442329,155,153,"POLYCHROME AND GILT WOODEN STATUE. North of Italy, 15th.century.  The Angel of the Annunciation;a remarkably graceful interpretation. The face and expression are of great sweetness and beauty, and the whole is in a wonderful state of preservation.  (Ilustrated.)",1440.0,82.1,False,title_direct,,,POLYCHROME AND GILT WOODEN STATUE
BO0624_51192,442330,156,154,"DONATELLO. Florence:1386-1466.  Terra-cotta relief of the Virgin and Child, in carved-wood frame of the period.  Ht.,22 1/2 inches;Width 17 inches.  (Illustrated.)",1449.0,66.1,False,title_direct,DONATELLO,,
BO0624_51192,442331,157,155,"DONATELLO. (School of) Florence, 15th.century.  White marble relief,representing the head of Christ, crowned with thorns, and weeping.  Ht.,183/4 inches;Width,13 3/4 inches.  (Illustrated.)",1458.0,63.2,False,title_direct,DONATELLO,,
BO0624_51192,442332,158,156,"ANTONIO ROSSELLINO.  Florence:1427-I478  Part of an altar, in white marble : heads and wings of cherubs, in the finest style of the master.  Ht.,1l 1/2inches.  (Illustrated.)",1467.0,73.1,False,title_direct,ANTONIO ROSSELLINO,,
BO0624_51192,442333,159,157,"TABERNACLE IN FIESOLE STONE. Florence, 15th century. In the form of a great doorway, with elaborate pilasters, and an angel in a niche on either side; above, the Holy Ghost descending in the form of a dove.  Ht.,37inches;Width,27 1/2 inches.  (Illuustrated.)",1474.0,74.8,False,positional,ANTONIO ROSSELLINO,,
BO0624_51192,442334,160,158,"TOMMASO FIAMBERTI.  (Worked at Ravenna;contemporary of Mino da Fiesole).  Stone relief of the Virgin and Child. A characteristic work, as well in its delicate feeling and charming expression, as in its beautiful modelling.  Ht.,13 1/2 inches;Width,9 inches.  (Illustrated.)",1483.0,71.0,False,title_direct,TOMMASO FIAMBERTI,,
BO0624_51192,442335,161,159,"DESIDERIO DA SETTIGNANO. Florence : 1428-1464.  Terra-cotta statuette of the Virgin, seated, with the Child.  Exquisite workmanship. The folds of the drapery are still almost Gothic in character : while the tenderness of the expression shows the dawn of the Renaissance feeling.  Ht.,131/2inches.  (Illustrated.)",1492.0,70.6,False,title_direct,DESIDERIO DA SETTIGNANO,,
BO0624_51192,442336,162,160,"CAPITAL OF A PILASTER. Florence,I5th.century. n grey stone (pietra serena); from the courtyard of the Strozzi palace, Florence. A nude female figure, between two winged male figures, and acanthus leaves.",1499.0,87.0,False,positional,DESIDERIO DA SETTIGNANO,,
BO0624_51192,442337,163,161,"CRISTOFORO MANTEGAZZA. Lombardy:d.1482. Marble relief of St. Francis of Assisi. The Saint is standing with a cruxifix and a book in his hands, wearing the dress of his Order.",1506.0,87.0,False,positional,DESIDERIO DA SETTIGNANO,,
BO0624_51192,442338,164,162,"MARBLE RELIEF. North of Italy,end of 15th.century. Representing an allegorical subject. On the right, Juno's chariot, drawn by swans, one of which has been attacked On the left, Bacchus；and in the",1514.0,85.0,False,positional,DESIDERIO DA SETTIGNANO,,
BO0624_51192,442339,165,163,"Small Rakka jug, with light-green iridescent glaze over blue, green and dark-red decoration. Rakka,c. 9th.century.",1529.0,87.4,False,positional,,,PERSIAN POTTERY
BO0624_51192,442340,166,164,"Vase, standing on a hollow foot, with adherent concave cover, pierced. Turquoise-blue and black decoration ; strong iridescence. - Rakka, c. 9th. century.",1535.0,90.3,False,positional,,,PERSIAN POTTERY
BO0624_51192,442341,167,165,"Iridescent bowl with light-green glaze over brown and blue design. Rakka,c. 9th.century.",1537.0,82.2,False,positional,,,PERSIAN POTTERY
BO0624_51192,442342,168,166,"Shallow bowl, with iridescent cream glaze upon brown ground, with light and dark blue ornaments. Stylised inscription. Rakka,c. 9th.century.",1544.0,90.2,False,positional,,,PERSIAN POTTERY
BO0624_51192,442343,169,167,"Rakka bowl, with lightish iridescent glaze over blue and black decoration. A stylised inscription round the inner rim. Rakka,c. 9th.century.",1550.0,85.3,False,positional,,,PERSIAN POTTERY
BO0624_51192,442344,170,168,"Shallow Rakka bowl, with cream glaze on brown design, cobalt-blue spots, iridescence. Fine state of preservation. Rakka,c. 9th.century.",1556.0,88.7,False,positional,,,PERSIAN POTTERY
BO0624_51192,442345,171,169,"Jug, decorated with cream glaze upon brown, iridescent ; cobalt and turquoise-blue spots, and an inscription round the neck. Rakka,c. 9th.century.",1562.0,90.6,False,positional,,,PERSIAN POTTERY
BO0624_51192,442346,172,170,"Rakka bowl, with fattened rim. Iridescent cobalt-blue glaze over black scrolls ; with a circular inscription in stylised characters in black and green. Rakka,c. 9th.century.",1567.0,92.1,False,positional,,,PERSIAN POTTERY
BO0624_51192,442347,173,171,"Large iridescent Rakka bowl, cream glaze on blue and brown decoration, bearing fine stylised inscription in centre. Partly restored. Rakka,c. 9th.century.",1573.0,87.4,False,positional,,,PERSIAN POTTERY
BO0624_51192,442348,174,172,"—Bowl covered with black-brown iridescent glaze over embossed decoration. Indented rim. Rakka,c. 9th.century.",1579.0,87.1,False,positional,,,PERSIAN POTTERY
BO0624_51192,442349,175,173,"Small Rakka bowl, with light iridescent glaze over blue, black and green ornaments. In the centre, the figure of a king, seated cross-legged on the ground. Rakka,c. 9th.century.",1585.0,91.5,False,positional,,,PERSIAN POTTERY
BO0624_51192,442350,176,174,"一 Important Rakka jar; cream glaze over brown embossed decoration; strongly iridescent. Rakka,c. 9th.century.",1591.0,87.1,False,positional,,,PERSIAN POTTERY
BO0624_51192,442351,177,175,"Large Rakka jar, with light-green glaze over embossed 175 ornamentation. Rakka,c. 9th.century.",1598.0,84.7,False,positional,,,PERSIAN POTTERY
BO0624_51192,442352,178,176,"Large jar, with light-green glaze over dark-blue and black decoration. An inscription round the neck. Syria,12th.century.",1606.0,87.8,False,positional,,,PERSIAN POTTERY
BO0624_51192,442353,179,177,"Very fine jar, light greenish glaze over black and blue decoration. Syria,13th.century.",1612.0,85.2,False,positional,,,PERSIAN POTTERY
BO0624_51192,442354,180,178,"Small jar; with light glaze over dark-blue and black decoration. Syria,13th.century.",1620.0,81.3,False,positional,,,PERSIAN POTTERY
BO0624_51192,442355,181,179,"Jar with light glaze over broad black decoration. Syria,14th.century.",1626.0,77.2,False,positional,,,PERSIAN POTTERY
BO0624_51192,442356,182,180,"Deep narrow-mouthed bowl, ornamented in turquoise-blue and dark-blue, strongly iridescent.  Rakka, 9th.century.",1632.0,87.5,False,positional,,,PERSIAN POTTERY
BO0624_51192,442357,183,181,"Turquoise-blue jug, strongly iridescent. Rakka, 9th.century.",1639.0,79.2,False,positional,,,PERSIAN POTTERY
BO0624_51192,442358,184,182,"Narrow-necked vase, decorated in turquoise-blue and black strongly iridescent. Rakka, 9th.century.",1645.0,86.8,False,positional,,,PERSIAN POTTERY
BO0624_51192,442359,185,183,"Very fine shallow bowl, ornamented with large and small fishes, in black, under a turquoise-blue glaze; with deepblue rim.  Persia, c.10th century.",1652.0,62.6,False,positional,,,PERSIAN POTTERY
BO0624_51192,442360,186,184,"Shallow glazed earthen bowl, standing on a hollow foot. Green design on a cream ground. Persia.",1660.0,96.0,False,positional,,,PERSIAN POTTERY
BO0624_51192,442361,187,185,"Glazed earthen bowl, with a green decoration engraved in slight relief.  Persia, 8th. century.",1670.0,73.9,False,positional,,,PERSIAN POTTERY
BO0624_51192,442362,188,186,"— Shallow bowl in glazed earthenware, with part of rim repaired. Engraved decoration in slight relief, with two eagles. Yellowish glaze on Van Dyck brown and sepia ground. Geen spots on the outside. Persia,8th.century.",1680.0,93.8,False,positional,,,PERSIAN POTTERY
BO0624_51192,442363,189,187,"- Bowl similar to the above. Decorated on the inside with a regular design. Brown glaze on a cream ground. Persia,8th.century.",1690.0,89.1,False,positional,,,PERSIAN POTTERY
BO0624_51192,442364,190,188,"Cover of a vase, with green glaze ; showing an eagle. Persia,8th.century.",1698.0,80.3,False,positional,,,PERSIAN POTTERY
BO0624_51192,442365,191,189,"Glazed earthen pot, decorated with a frieze of eagles. Yellow glaze on dark brown ground. Persia,8th.century.",1707.0,87.3,False,positional,,,PERSIAN POTTERY
BO0624_51192,442366,192,190,"Turquoise-blue earthen bowl, decorated on the inside with an engraved frieze of fishes. Persia, 9th.century.",1715.0,88.6,False,positional,,,PERSIAN POTTERY
BO0624_51192,442367,193,191,"Glazed earthen bowl, with green splashes and yellow and brown designs, on cream. Persia, 9th.century.",1727.0,87.7,False,positional,,,PERSIAN POTTERY
BO0624_51192,442368,194,193,"Large glazed bowl, decorated on the inside with three eagles in cream on a brown ground. Green rim. Zendjan,9th.century.",1742.0,87.2,False,positional,,,PERSIAN POTTERY
BO0624_51192,442369,195,192,"Green glazed earthen bowl. ornamented on the inside with 192 a stylised inscription.  Persia, 8th.century.",,58.4,True,none,,,
BO0624_51192,442370,196,195,"Shallow glazed earthen bowl,with two fabulous beasts in yellow on brown ground. Persia,8th.century.",1750.0,85.6,False,positional,,,PERSIAN POTTERY
BO0624_51192,442371,197,196,"Earthen bowl, with a spread eagle amid foliage. Cream on brown ground, with iridescence. Persia,8th.century.",1756.0,87.1,False,positional,,,PERSIAN POTTERY
BO0624_51192,442372,198,197,"- Deep glazed bowl, with stylised decoration in cream glaze on brown, with green splashes. Persia,8th.century.",1766.0,90.0,False,positional,,,PERSIAN POTTERY
BO0624_51192,442373,199,198,"White fat-bottomed basin, ecorated with dark blue fower and foliage on white ground.  Persia, 8th to 10th. century.",1770.0,64.8,False,positional,,,PERSIAN POTTERY
BO0624_51192,442374,200,199,"Upper part of an earthern water-jar, ornamented with a figure of an animal, amid scrolls, with two human heads and two lion heads on either side. Persia,8th.to 10th.century.",1779.0,91.4,False,positional,,,PERSIAN POTTERY
BO0624_51192,442375,201,200,— Dark-brown vase with cream-coloured decoration. Found at Fostat.Early period.,1787.0,73.1,False,positional,,,PERSIAN POTTERY
BO0624_51192,442376,202,201,"Red earthenware cup, with yellow glaze; engraved ornamentation on the outside; dark-brown arabesque engraved and raised in centre.  Found at Fostat. Early period.",1795.0,89.4,False,positional,,,PERSIAN POTTERY
BO0624_51192,442377,203,"201, 202, 203, 204","Four lustre tiles, with figures (light-brown on cream) representing a man running, a stag, a dragon, and a man seated on the ground. Extremely rare. Found at Fostat.",1800.0,88.6,False,positional,,,PERSIAN POTTERY
BO0624_51192,442378,204,206,"Shallow bowl, with three fishes in low relief in the centre, and raised circular ornamentation on the edge.Greenishblue glaze.",1806.0,96.9,False,positional,,,PERSIAN POTTERY
BO0624_51192,442379,205,207,"Turquoise-blue vase, with embossed ornamentation. Early Persian, c. 9th.century.",,59.1,True,none,,,
BO0624_51192,442380,206,208,"— Delicate turquoise-blue bowl, ornamented on the outside with raised scrolls.  Early Persian, c. 9th.century.",1821.0,81.9,False,positional,,,PERSIAN POTTERY
BO0624_51192,442381,207,209,"Jar of albarello shape; turquoise-blue glaze over black design. Rhages, 12th. century.",1827.0,78.2,False,positional,,,PERSIAN POTTERY
BO0624_51192,442382,208,210,"Large jar, with dark-blue glaze over embossed ornamentation. Rhages, 12th. century.",1833.0,81.6,False,positional,,,PERSIAN POTTERY
BO0624_51192,442383,209,2,"Ewer, with dark-blue glaze and delicate gilt decoration. Strong iridescence. Rhages,13th.century.",1838.0,84.0,False,positional,,,PERSIAN POTTERY
BO0624_51192,442384,210,211,"Lobed lustre bottle, with decoration of birds and various designs. Rhages,12th.century.",1844.0,82.0,False,positional,,,PERSIAN POTTERY
BO0624_51192,442385,211,2,"Fine goblet, with turquoise-blue iridescent glaze on black inscription and decoration. Rhages,13th.century.",1850.0,86.4,False,positional,,,PERSIAN POTTERY
BO0624_51192,442386,212,213,"Fine lobed ewer; with cream glaze over brown metallic scrolls, and dark-blue and turquoise-blue stripes. Rhages,13th.century.",1858.0,87.8,False,positional,,,PERSIAN POTTERY
BO0624_51192,442387,213,214,"White bowl with polychrome and gilt ornamentation.An embossed design of birds in the centre, and an inscription round the rim. Rhages,13th.century.",1865.0,91.0,False,positional,,,PERSIAN POTTERY
BO0624_51192,442388,214,216,"Octagonal vase, with brown metallic glaze on light ground. Rhages,13th.century.",1873.0,81.1,False,positional,,,PERSIAN POTTERY
BO0624_51192,442389,215,217,"Head of a lion, of particulary fine character, covered with  Rhages, before 12th.century.",1881.0,79.7,False,positional,,,PERSIAN POTTERY
BO0624_51192,442390,216,218,"-Bowl, with undulated rim, showing a crouching figure in the centre, surrounded by a procession of camels, amid which stands another figure. Manganese, dark-blue and turquoise-blue ornamentation. Rhages, 12th. century.",1887.0,94.0,False,positional,,,PERSIAN POTTERY
BO0624_51192,442391,217,219,"Delicate jug,with cream glaze and deep-blue splashes, decorated with gilt figures. Extremely rare. Rhages,13th.century.",1898.0,86.3,False,positional,,,PERSIAN POTTERY
BO0624_51192,442392,218,220,"Very rare and beautiful vase, with cobalt-blue glaze over embossed frieze showing a procession of figures of Mongolian type. Rhages, 13th.century.",1904.0,90.3,False,positional,,,PERSIAN POTTERY
BO0624_51192,442393,219,221,"Very important fat bowl, with narrowing mouth; polychrome and gilt decoration, showing two sphinxes face to face, and seven other figures, (one repaired) birds, etc. and fine ornamental scroll below. Rhages,13th.century.",1911.0,94.1,False,positional,,,PERSIAN POTTERY
BO0624_51192,442394,220,223,"Turquoise-blue bowl, with gold arabesques and  inscriptions round the rim. Rhages,13th.century.",1917.0,68.8,False,positional,,,PERSIAN POTTERY
BO0624_51192,442395,221,222,"Bowl with very fine metallic glaze on light ground, showing two figures seated in the centre, and a stylised inscription - round the inside.  Rhages, early 13th. century.",1924.0,82.8,False,positional,,,PERSIAN POTTERY
BO0624_51192,442396,222,225,"Vase, with greenish metallic glaze on white ground, showing below the neck a frieze of beautifully designed animals, and a stylised inscription beneath. Neck repaired. Rhages, 13th.century.",1929.0,92.6,False,positional,,,PERSIAN POTTERY
BO0624_51192,442397,223,226,"Beautiful lustre bowl, with blue decoration on white ground, Rhages, 13th.century.",1935.0,82.7,False,positional,,,PERSIAN POTTERY
BO0624_51192,442398,224,227,"Jug, with brown metallic glaze on cream ground, showing a frieze of animals, intermingled with scrolls. Part of the neck and the handle are missing. Rhages, 12th.century.",1945.0,92.0,False,positional,,,PERSIAN POTTERY
BO0624_51192,442399,225,228,"Delicate bowl, ornamented with polychrome figures on a white ground, showing in the centre a king seated on a throne, and various other figures interspersed with arabesques. Stylised inscription round rim. Rhages, 13th.century.",1951.0,94.1,False,positional,,,PERSIAN POTTERY
BO0624_51192,442400,226,229,"Star-shaped tile,polychrome and gilt, with two richly dressed seated figures. Rhages, 13th.century.",1959.0,76.5,False,positional,,,PERSIAN POTTERY
BO0624_51192,442401,227,230,"Polychrome bowl, with blue, red and green arabesques on white ground. Stylised inscription round rim and an inscription round the outer rim. Rhages, 13th.century.",1966.0,91.0,False,positional,,,PERSIAN POTTERY
BO0624_51192,442402,228,231,"Fine polychrome bowl, with traces of gilding; incomplete. Rhages, beginning of 13th. century.",1973.0,74.4,False,positional,,,PERSIAN POTTERY
BO0624_51192,442403,229,232,"Polychrome bowl, with a royal personnage seated between two other figures, and surrounded by birds. Incomplete.  Rhages,13th.century. Ht.,31/2inches;Diameter,81/4inches.",1979.0,79.7,False,positional,,,PERSIAN POTTERY
BO0624_51192,442404,230,233,"Cream-coloured bowl of very fine shape, with turquoiseblue splashes. In the centre, a gilt rosette, and stylised inscription round the rim. Rhages, 13th. century.",1987.0,91.9,False,positional,,,PERSIAN POTTERY
BO0624_51192,442405,231,235,"Shallow bowl, with blue and black decoration on white ground. Numerous inscriptions. Rhages,early 13th.century.",1992.0,85.6,False,positional,,,PERSIAN POTTERY
BO0624_51192,442406,232,236,"Large hexagonal tile, composed of a central star-shaped tile bearing a sphinx in polychrome, surrounded by small turquoise-blue and deep-blue tiles, with translucent glaze and gold decorations. Rhages,13th.century.",2000.0,93.5,False,positional,,,PERSIAN POTTERY
BO0624_51192,442407,233,234,"Lustre bowl; with fattened rim; showing two figures, 234 between wedges of turquoise-blue and dark-blue. The outside dark-blue, with lustre decoration.  Rhages, 13th. century.",2009.0,93.0,False,positional,,,PERSIAN POTTERY
BO0624_51192,442408,234,238,"Bowl with black cross-shaped ornament, the arms separated by small black designs between blue lines. Rhages, 13th. century A. D.",2013.0,86.4,False,positional,,,PERSIAN POTTERY
BO0624_51192,442409,235,239,"—Bowl, decorated on the inside with an inscription in large characters, metallic glaze on cream ground. Rhages, 13th. century",2019.0,89.7,False,positional,,,PERSIAN POTTERY
BO0624_51192,442410,236,241,"Polychrome bowl, with three figures surrounded by birds, fowers, and an inscription. Rhages, 13th. century",2023.0,87.8,False,positional,,,PERSIAN POTTERY
BO0624_51192,442411,237,242,"Bowl, decorated with a frieze of birds, amid scrolls, in brown metallic glaze on cream ground. The outside of the bowl is a delicate blue. Rhages, 12th. century",2027.0,92.1,False,positional,,,PERSIAN POTTERY
BO0624_51192,442412,238,243,"Small bowl, bearing a stylised inscription round the inside, and another inscription on the outside, in a beautiful greenbrown and rose-coloured metallic glaze on a white ground. Rhages, 12th. century",2028.0,93.8,False,positional,,,PERSIAN POTTERY
BO0624_51192,442413,239,244,"Bowl, decorated in blue and green, on white ground ; strongly irridescent. An inscription round the rim. Rhages,13th.century.",2037.0,88.5,False,positional,,,PERSIAN POTTERY
BO0624_51192,442414,240,240,"Small bowl, decorated on the inside with metallic glaze on 240 a white ground, showing in the centre a horseman. Incomplete.  Rhages, 13th. century.",,57.5,True,none,,,
BO0624_51192,442415,241,246,"Dark-purple tile, bearing an embossed design of two swans, with necks intertwined. /4inchesx5/1/2inches. Rhages,13th.century.",2041.0,79.8,False,positional,,,PERSIAN POTTERY
BO0624_51192,442416,242,247,"Turquoise-blue openwork tile, with an animal in relief at each corner. Rhages,13th.century.",2047.0,86.2,False,positional,,,PERSIAN POTTERY
BO0624_51192,442417,243,248,"Lavender-blue jug, with embossed decoration round the neck. Rhages,12th.century.",2053.0,81.4,False,positional,,,PERSIAN POTTERY
BO0624_51192,442418,244,249,"Turquoise-blue jug, with engraved decoration. Rhages,12th.century.",2057.0,80.3,False,positional,,,PERSIAN POTTERY
BO0624_51192,442419,245,250,"—Shallow bowl, decorated with greenish-brown glaze on cream ground, showing figures, ornaments, and inscriptions. Two small pieces missing. Rhages,12th.century.",2063.0,92.5,False,positional,,,PERSIAN POTTERY
BO0624_51192,442420,246,251,"Large dark-blue spice-dish, iridescent, with one turquoiseblue splash. Rhages,12th.century.",2070.0,83.8,False,positional,,,PERSIAN POTTERY
BO0624_51192,442421,247,252,"Part of a large lustre plate, decorated in metallic glaze with harpies,birds, and stylised foral ornaments, various inscriptions, and two turquoise-blue splashes. Rhages,13th.century.",2076.0,92.3,False,positional,,,PERSIAN POTTERY
BO0624_51192,442422,248,253,"Delicate white bowl, of transparent , rice-grain "" ware. Five blue splashes on the inside. Rhages,13th.century.",2084.0,87.0,False,positional,,,PERSIAN POTTERY
BO0624_51192,442423,249,254,"—Plate, divided into wedge-shaped sections, coloured white, turquoise-blue, and dark-blue. Rhages,13th.century.",2090.0,87.9,False,positional,,,PERSIAN POTTERY
BO0624_51192,442424,250,255,"——Turquoise-blue plate. Rhages,13th.century.",2094.0,68.5,False,positional,,,PERSIAN POTTERY
BO0624_51192,442425,251,256,"Centre of a polychrome bowl (framed in wood.) Two crouching figures, of fine style. Rhages,12th.century.",2102.0,86.0,False,positional,,,PERSIAN POTTERY
BO0624_51192,442426,252,257,"Beautiful jug,light-blue glaze,embossed black ornamention inscription. Rhages,12th.century.",2105.0,83.8,False,positional,,,PERSIAN POTTERY
BO0624_51192,442427,253,258,"Large shallow bowl, turquoise-blue and black, iridescent; with a crouching figure in the centre. Rhages,12th.century.",2111.0,87.7,False,positional,,,PERSIAN POTTERY
BO0624_51192,442428,254,259,"Turquoise-blue bowl, with fattened blue rim; black design, with a seated figure in the centre. Rhages,12th.century.",2117.0,89.3,False,positional,,,PERSIAN POTTERY
BO0624_51192,442429,255,260,"Turquoise-blue bowl, with black decoration. Rhages,13th.century.",2123.0,75.0,False,positional,,,PERSIAN POTTERY
BO0624_51192,442430,256,261,"一 Large shallow turquoise-blue and dark-blue bowl, with fattened and indented rim,ornamented on the inside with fowers and inscriptions, on the outside with a design of black fishes. Iridescent. Rhages,13th.century.",2124.0,93.5,False,positional,,,PERSIAN POTTERY
BO0624_51192,442431,257,262,"—Turquoise-blue and dark-blue bowl, strongly iridescent. Rhages,13 th. century. Ht.,3 1/2 inches;Diameter,81/2 inches. Rhages,13th.century.",2130.0,89.7,False,positional,,,PERSIAN POTTERY
BO0624_51192,442432,258,263,"Delicate bowl, decorated in dark-blue and black, on white ground; in the centre, a bird, surrounded by blue rays; a stylised inscription round the rim. Rhages,13th.century.",2131.0,78.5,False,positional,,,PERSIAN POTTERY
BO0624_51192,442433,259,264,"—Large bowl, with metallic lustre ornamentation. A large seated figure occupies almost the whole of the inside of the bowl. Thick pale-green glaze in the centre, and multicoloured rim. Blue glaze on the outside. Rhages,12th.century.",2137.0,94.0,False,positional,,,PERSIAN POTTERY
BO0624_51192,442434,260,265,"S Small bowl, with indented rim; in the centre, a hare, amid light blue and dark-blue design.  Sultanabad,3th.century.",2143.0,65.6,False,positional,,,PERSIAN POTTERY
BO0624_51192,442435,261,266,"Diameter,51/2inches. Wide bowl, ornamented with dark-blue, turquoise-blue, and black designs on a white ground. Iridescent. Sultanabad,13th.century.",2152.0,79.5,False,positional,,,PERSIAN POTTERY
BO0624_51192,442436,262,267,"3—Bowl, with fattened rim; black inscriptions on turquoiseblue ground. Sultanabad,13th.century.",2160.0,81.9,False,positional,,,PERSIAN POTTERY
BO0624_51192,442437,263,268,"— Bowl, with the figure of an elephant in the centre, surrounded by birds of paradise;blue, black, and white, strongly iridescent. Sultanabad,13th.century.",2194.0,62.7,False,positional,,,PERSIAN POTTERY
BO0624_51192,442438,264,269,"Cream-coloured bowl, showing, in the centre,a stylised figure of a hare, in blue and black. Strongly iridescent. Sultanabad,early 13th.century.",,49.3,True,none,,,
BO0624_51192,442439,265,270,"Shallow bowl, with three birds of paradise, amid flowers; grey,black, and white.  Sultanabad, 13th.century.",2207.0,84.4,False,positional,,,PERSIAN POTTERY
BO0624_51192,442440,266,271,"Bowl, decorated with a large figure of a lion, amid blue, turquoise, and black fowers; strongly iridescent. Sultanabad,early 13th.century.",,50.7,True,none,,,
BO0624_51192,442441,267,272,"Important bowl, decorated in the centre with the figures of two deer, lying amid a rich design of flowers and arabesque. Dark-blue, turquoise-blue, and black, on white. Iridescence.Sultananad,13th.century.",2222.0,87.0,False,positional,,,PERSIAN POTTERY
BO0624_51192,442442,268,273,"Large bowl, with fattened rim ; in the centre, a crouching stag. Dark-blue, white and black bowl, with the figure of a recumbent doe, surrounded by three birds of paradise. Sultanabad,13th.century.",2230.0,60.9,False,positional,,,PERSIAN POTTERY
BO0624_51192,442443,269,274,"Small turquoise-blue vase, with dark-blue arabesques, iridescent.Sultanabad,13th.century.",2236.0,80.2,False,positional,,,PERSIAN POTTERY
BO0624_51192,442444,270,274,"Small white glazed bowl, decorated in the centre with a blue bird in a circle; transparent ""rice-grain '"" ornementation.Sultanabad,13th.century.",2242.0,88.2,False,positional,,,PERSIAN POTTERY
BO0624_51192,442445,271,276,"Large, deep bowl, with flattened rim; ornamented with fishes and fowers, in grey, black,and blue, on white. Sultanabad,13th.century.",2247.0,82.9,False,positional,,,PERSIAN POTTERY
BO0624_51192,442446,272,277,"Bowl, similar to the above, in green, black, and blue on white.  Sultanabad,14th.century.",2253.0,74.7,False,positional,,,PERSIAN POTTERY
BO0624_51192,442447,273,278,"Square tile bearing, in turquoise-blue on dark-blue ground, a fine decorative figure of a deer, pierced by an arrow. Yellow flovers.  Persia,16th.century.",2259.0,91.4,False,positional,,,PERSIAN POTTERY
BO0624_51192,442448,274,279,"Plate, with foral decoration in two shades of blue, on white.  Damascus,15th.century.",2265.0,82.1,False,positional,,,PERSIAN POTTERY
BO0624_51192,442449,275,280,"Small deep-blue lustre vase;with black decoration in metallic glaze.  Persian,16th.century.",2271.0,83.1,False,positional,,,PERSIAN POTTERY
BO0624_51192,442450,276,281,BRONZE INCENSE-BURNER. Fatimite art c. 10th century.,,58.5,True,title_direct,,,BRONZE INCENSE-BURNER
BO0624_51192,442451,277,282,"BRONZE VASE  Hamadan excavations,I2th.century.  Surmounted by a hinged handle ; inlaid with copper ; design of fabulous beasts, ornaments and inscriptions. Brown, red, and green patina.  Ht.,8 1/2 inches.",2296.0,81.1,False,title_direct,,,BRONZES
BO0624_51192,442452,278,284,"Square tile bearing, in turquoise-blue on dark-blue ground, a fine decorative figure of a deer, pierced by an arrow. Yellow flowers. Persia,16th.century.",,53.0,True,none,,,
BO0624_51192,442453,279,283,"BRONZE MORTAR. Hamadan excavations, 12th.century.  Engraved with frieze of animals hunting, interrupted by arabesques. Round the top and bottom,inscriptions in stylised kufic characters.  Brown, red, and green patina.",2303.0,77.1,False,title_direct,,,BRONZE MORTAR
BO0624_51192,442454,280,285,"LARGE BRONZE CANDLESTICK.  Hamadan excavations,12th.century.  Ornamented with arabesques and inscriptions. Green patina.",2317.0,65.9,False,title_direct,,,BRONZE CANDLESTICK
BO0624_51192,442455,281,286,"OCTAGONAL BRONZE MORTAR.  Hamadan excavations,12th.century.  With two handlesin the form of heads of beasts. Ornaments and inscriptions. Red and green patina.  Ht.,53/4inches:Diameter,71/2inches.  (Illustrated.)",2328.0,63.8,False,title_direct,,,BRONZE MORTAR
BO0624_51192,442456,282,287,"BASE OF BRONZE CANDLESTICK.  Hamadan excavations,3th.century.  With three ornamental feet.Decorated with arabesques. Brown and red patina.  Diameter,91/2inches.",2338.0,64.7,False,title_direct,,,BASE OF BRONZE CANDLESTICK
BO0624_51192,442457,283,288,"BASE OF BRONZE CANDLESTICK.  Hamadan excavations I2th. century.  Three ornamental feet, and arabesque decoration. Green patina.  Diameter,10 inches.",,59.9,True,title_direct,,,BASE OF BRONZE CANDLESTICK
BO0624_51192,442458,284,289,"BASE OF A BRONZE CANDLESTICK.  Hamadan excavations, 12th. century.  Very beautifully modelled and cast. Brown and green patina.  Diameter,61/4inches.",,57.6,True,title_direct,,,BASE OF A BRONZE CANDLESTICK
BO0624_51192,442459,285,290,"FINE BRONZE BOWL.  Hamadan excavations,I3th.century.  On three feet in the shape of lions. The inside is ornamented with the enthroned figure of a king, with a lion by medallions containing signs of the zodiac. Round the The surface is covered with a layer of oxydised silver, and round the outside is an at this feet,and an attendant on either side. Surrounded outer rim,a hunting scene. inscription.  Purple and green patina.  (Illustrated.)  Diameter,7 3/8 inches.",2361.0,85.8,False,title_direct,,,BRONZE BOWL
BO0624_51192,442460,286,291,"BRONZE BOWL Hamadan excavations, 13th century",2389.0,82.5,False,title_direct,,,BRONZE BOWL
BO0624_51192,442461,287,292,DISH-SHAPED BRONZE CUP. Caucasus 12th to 13th century,,53.2,True,title_direct,,,BRONZE CUP
BO0624_51192,442462,288,293,SHALLOW OCTOGONAL BRONZE BOWL Hamadan excavations 13th century,,52.5,True,title_direct,,,BRONZE BOWL
BO0624_51192,442463,289,294,SMALL BRONZE BOWL Hamadan excavations 13th century,,49.1,True,title_direct,,,BRONZE BOWL
BO0624_51192,442464,290,295,UPPER PART OF BRONZE INCENSE-BURNER Hamadan excavations 13th century,,53.6,True,title_direct,,,BRONZE INCENSE-BURNER
BO0624_51192,442465,291,296,CIRCULAR BRONZE FRAME Hamadan excavations 13th century,,45.6,True,title_direct,,,CIRCULAR BRONZE FRAME
BO0624_51192,442466,292,297,BRONZE ORNAMENT Hamadan excavations 13th century,,50.0,True,title_direct,,,BRONZE ORNAMENT
BO0624_51192,442467,293,299,"CIRCULAR BRONZE INKSTAND. Hamadan excavations,I3th.century.  Ornamented with alternated rosettes and crosses.  Ht.,3 inches.",,56.5,True,title_direct,,,CIRCULAR BRONZE INKSTAND
BO0624_51192,442468,294,298,"BRONZE ROSE-WATER BOWL. Hamadan excavation 13th century. In the centre, a rosette, surrounded by an inscription. Green patina on a back.",2433.0,73.5,False,title_direct,,,BRONZE ROSE-WATER BOWL
BO0624_51192,442469,295,300,"OCTAGONAL BRONZE MORTAR.  West Turkestan (?),13 th. century.  Ring handle; richly engraved and inlaid with silver.  Ht.,5 inches:Diameter,6 3/4 inches.",,52.0,True,title_direct,,,BRONZE MORTAR
BO0624_51192,442470,296,301,"BRONZE EWER. Hamadan excavations,12th.century. Richly ornamented with inscriptions and arabesques. either side of the neck, two lions, with heads in relief.",2462.0,82.3,False,title_direct,,,BRONZE EWER
BO0624_51192,442471,297,302,"BASE OF LARGE BRONZE CANDLESTICK. Egypt,14th.century.  Bearing an inscription, with the name of a Mameluk prince, and inlaid with silver.  Ht.,71/2inches;Diameter,141/2inches.  Exhibited at the Exhibition of Mohammedan Art,Munich, 1910.(N3I35).",,50.8,True,title_direct,,,BRONZE CANDLESTICK
BO0624_51192,442472,298,304,"FINE TRAPEZOIDAL CASKET. Mossoul, 13th. century. Standing on four feet, richly inlaid with silver, ornamented with seated figures.  Lid missing.",2491.0,79.3,False,positional,,,BRONZE CANDLESTICK
BO0624_51192,442473,299,303,"BEAUTIFUL BRONZE CANDLESTICK.  Mossoul,13th.century.  Round the base,rosettes ornamented with birds,and inscriptions. Richly inlaid with gold and silver.",,58.4,True,title_direct,,,BRONZE CANDLESTICK
BO0624_51192,442474,300,305,"BRONZE CASKET. Mossoul,14th.century.  Similar in shape to the above, complete, with lid. Figures, ornaments, and engraved inscriptions; traces of gilding.  Ht.,51/4 inches.",2501.0,81.1,False,title_direct,,,BRONZES
BO0624_51192,442475,301,306,"BRONZE CANDLESTICK. Mossoul,14th.century. Richly inlaid with silver. Ornaments and inscriptions.",2509.0,72.0,False,title_direct,,,BRONZE CANDLESTICK
BO0624_51192,442476,302,307,"BRONZE CANDLESTICK. Mossoul,15th.century. Inlaid with silver. Round the base,a frieze of seated musicians. Inscriptions, etc.",2513.0,93.3,False,title_direct,,,BRONZE CANDLESTICK
BO0624_51192,442477,303,309,"BRONZE CANDLESTICK. Mossoul,14th.century.  Of delicate workmanship;inlaid with silver. Inscriptions and ornaments. Base damaged.  Ht.,8inches;Diameter,6 1/2 inches.",2526.0,68.8,False,title_direct,,,BRONZE CANDLESTICK
BO0624_51192,442478,304,308,"IMPORTANT BRONZE EWER. Mossoul,r4th.century.  Partly inlaid with silver.. Animals, inscriptions, arabesques.  Ht.,8 inches:Diameter,6 1/2 inches.",,42.6,True,title_direct,,,BRONZE EWER
BO0624_51192,442479,305,310,"-BRONZE EWER Persia, 16th. century.  With engraved ornamentation.  Ht.,10 1/2 inches.",,50.5,True,title_direct,,,BRONZE EWER
BO0624_51192,442480,306,311,"GILT BRONZE EWER AND BASIN.  Persia, end of 16th. century.  Ht.,of ewer:15 inches;Diameter of basin,14 1/2 inches.",2542.0,65.1,False,title_direct,,,BRONZE EWER
BO0624_51192,442481,307,312,"LARGE SHALLOW BRONZE BASIN.  Hamadan excavations,12th.century.  Decorated in the centre with animals and arabesques.In-  Diameter,19 inches.  From the Sambon collection.(Sale in Paris,19I4.)  laid with silver and copper.",,44.8,True,title_direct,,,BRONZE BASIN
BO0624_51192,442482,308,313,"DECORATIVE BRONZE DOOR-KNOCKER.  Green patina.  Hispano-Moresque,14th. century.  Ht.,7 1/2 inches.",,58.0,True,title_direct,,,BRONZE DOOR-KNOCKER
BO0624_51192,442483,309,314,"LARGE BRONZE VASE,WITH COVER. Hispano-Moresque,14th-15th.centuries.",2563.0,92.2,False,title_direct,,,BRONZES
BO0624_51192,442484,310,315,"A very fine miniature, showing a prince, seated, holding a falcon on his wrist. Background incomplete. Persia,15th.century.",2573.0,96.8,False,positional,,,PERSIAN BOOK-MINIATURES
BO0624_51192,442485,311,316,"- Nude figure of a woman, partly draped, with a long purple gown over her right shoulder, and wearing a green headdress. She holds a fruit in her left hand. A very rare representation. Persia,15th.century.",2574.0,93.2,False,positional,,,PERSIAN BOOK-MINIATURES
BO0624_51192,442486,312,317,"vase, and a cup with an inscription. Background of palms and clouds. Persia,15th.century.",2579.0,83.4,False,positional,,,PERSIAN BOOK-MINIATURES
BO0624_51192,442487,313,318,"Two stags fighting. In grisaille. Bearing a signature. Persia,16th.century. Exhibited at the Musee des Arts Decoratifs,Paris: Exhibition of Mohammedan Art,1903. (Illustrated.) Persia,16th.century.",2583.0,92.8,False,positional,,,PERSIAN BOOK-MINIATURES
BO0624_51192,442488,314,319,"— A young man, feeding a deer from his hand. In grisaille ; the only colours being the fesh tints, and the turquoise-blue of the turban. Bearing a signature and an inscription. Persia,16th.century.",2584.0,92.9,False,positional,,,PERSIAN BOOK-MINIATURES
BO0624_51192,442489,315,320,"—A young man, standing beside an oleander tree. He is dressed in a white turban, and black gown over pink tunic. A miniature of rare quality. Inscription. Persia,15th.century.",2593.0,91.9,False,positional,,,PERSIAN BOOK-MINIATURES
BO0624_51192,442490,316,321,"Curious scene : representing an old man, with one hand raised to his head, and the other extended towards the figure of a child falling headlong from a tree, on a branch of which hangs a snared bird. Ink and watercolour. (Stamp of a collection). Persia,15th.century.",2599.0,94.8,False,positional,,,PERSIAN BOOK-MINIATURES
BO0624_51192,442491,317,322,"Seated figure of a young prince, in a green dress and striped turban. Persia,15th.century.",2603.0,84.3,False,positional,,,PERSIAN BOOK-MINIATURES
BO0624_51192,442492,318,323,"Portrait of a sage.Ink and watercolour. Persia,15th.century.",2606.0,76.2,False,positional,,,PERSIAN BOOK-MINIATURES
BO0624_51192,442493,319,324,"一 Kneeling figure of a young woman, on a background of fowers and clouds. Drawing in ink and watercolour. Persia,15th.century.",2610.0,88.6,False,positional,,,PERSIAN BOOK-MINIATURES
BO0624_51192,442494,320,325,"— Fine drawing of three male figures; two seated and one standing. Bearing a signature. Persia,15th.century.",2614.0,86.6,False,positional,,,PERSIAN BOOK-MINIATURES
BO0624_51192,442495,321,326,"Standing figure of a young prince, wearing a white turban and blue and green costume. Persia,15th.or 16th.century.",2618.0,84.9,False,positional,,,PERSIAN BOOK-MINIATURES
BO0624_51192,442496,322,327,"Seated figure of a sage.1 Drawing and watercolour. Persia,16th.century. Persia,16th.century.",2622.0,84.0,False,positional,,,PERSIAN BOOK-MINIATURES
BO0624_51192,442497,323,328,"3——Portrait of a young woman, standing, dressed in beautiful and harmonious colours. Bearing a signature. Persia,16th.century.",2623.0,88.6,False,positional,,,PERSIAN BOOK-MINIATURES
BO0624_51192,442498,324,329,"A camel, caparisoned, with its driver. (Bearing stamp of a collection.) Persia,16th.century.",2628.0,74.5,False,positional,,,PERSIAN BOOK-MINIATURES
BO0624_51192,442499,325,330,"Youthful figure, standing,clad in white turban and red and violet costume.  Persia,16th. century.",2633.0,87.2,False,positional,,,PERSIAN BOOK-MINIATURES
BO0624_51192,442500,326,331,"lluminated leaf of the Koran, showing a richly decorated rosette, and four winged angels at the coners.",2637.0,88.0,False,positional,,,PERSIAN BOOK-MINIATURES
BO0624_51192,442501,327,332,"Richly decorated page of a book. Indo-Persian,16 th century. Exhibited attheExhibitionofMohammedanArtattheMusée des Arts Décoratifs,Paris,1903.",2643.0,80.6,False,positional,,,PERSIAN BOOK-MINIATURES
BO0624_51192,442502,328,333,"Another page of the same MSs., with a border of animals and fowers. ndo-Persian,16th.century. Exhibited as above.",2644.0,71.3,False,positional,,,PERSIAN BOOK-MINIATURES
BO0624_51192,442503,329,334,"A third richly decorated page of the same MSS. ndo-Persian,16th.century. Exhibited as above.",2650.0,62.1,False,positional,,,PERSIAN BOOK-MINIATURES
BO0624_51192,442504,330,335,"Portrait of a prince, delicately drawn in pencil. Indo-Persian,16th.century.",2654.0,95.6,False,positional,,,PERSIAN BOOK-MINIATURES
BO0624_51192,442505,331,336,"ITALIAN MASTER. 15th century. Apollo and Marsyas.  Oval plaquette, representing Apollo standing,half-draped, holding a large lyre, and in his right hand a plectrum. Olympus, the pupil of Marsyas, kneels at his feet, imploring mercy. On the left, Marsyas, his hands tied behind his  Copy of an antique intaglio in the collection of the Medicis. An extremely fine specimen. Dark brown patina.  back, is bound to a dead tree.  Molinier, No. 3. Bode, No. 656.  Oual:ht.,1.5/8inches.Width,13/8inches.  (Illustrated.)",2675.0,62.4,False,title_direct,,ITALIAN MASTER,
BO0624_51192,442506,332,337,"ITALIAN MASTER.  The rape of the Palladium.  Diomedes is represented seated, in profile, on a cubic altar decorated with laurel ; his left leg is drawn up. In his right hand he holds a short sword, and in his left, the Palladium. Reproduction of an antique engraved gem, catalogued in the inventory of the Medici family.  Bargello.Molinier,No.31.  Flattened oval, slightly concave ; beaded edge.  Ht.,2 inches.Width,1 5/8 inches.  (Illustrated.)",2692.0,77.0,False,title_direct,,ITALIAN MASTER,
BO0624_51192,442507,333,338,"MODERNO.  North of Italy;end of 15th.century,and first third of 16th.  David and Goliath.  David stands, naked, leaning on a pedestal, a sword at his side, and a helmet on his head. At his feet lie the body and the severed head of the giant, with a naked figure stooping over the trunk.  Molinier,No.159. Bode, No. 729. Light brown patina.  Ht.,25/8inches.Width,1 7/8inches.  (Illustrated.)",2710.0,67.4,False,title_direct,MODERNO,,
BO0624_51192,442508,334,339,"MODERNO.  The Crucifixion.  of them on horseback.  Christ crucified, between two thieves. The Magdalen clinging to the foot of the cross ; the Virgin fainting, on the left, supported by two women. Behind her, St. John, wringing his hands. On the right, two soldiers with shields; one of them naked. In the background, more soldiers, two  A composition full of movement. In the finest state of preservation; with raised border. (Specimens with this border are particularly rare.)",2725.0,75.1,False,title_direct,MODERNO,,
BO0624_51192,442509,335,340,"MODERNO.  The Virgin seated in a niche, with the Child on her knee. Two cherubs at her feet; standing on the left, St. Anthony of Padua, and on the right, St. Jerome. Above, in the tympanum, the Resurrection of Christ. On the back : SG—SA/HOC.O (PUS).MO/D (ERNI).  A pax. Rich brown patina.  Ht.,4 1/4 inches.Width,21/2inches.  Molinier,No.161.Bode, No.748.",2737.0,83.5,False,title_direct,MODERNO,,
BO0624_51192,442510,336,341,"FLORENTINE MASTER. 15th.century. Oblong plaquette, with a scene of nymphs and satyrs.  A fine casting;believed to be an unique specimen.",,55.6,True,title_direct,,FLORENTINE MASTER,
BO0624_51192,442511,337,342,"RICCIO. Padua:1470-1532. Allegory of the culture of trees. A standing child, nude, with a loose short cloak foating from his shoulders, treading with his left foot on a prostrate satyr. He waters a tree with a can, and with the other arm shields its topmost branches from the breath of Boreas.  A perfect specimen.  Diameter,17/8inches.  Molinier, No.244. Migeon, No.329. Bode, No.711.  (Illustrated.)",2760.0,80.6,False,positional,,FLORENTINE MASTER,
BO0624_51192,442512,338,343,"FRANCESCO DA SANT' AGATA. Padua:about 1500. Important bronze plaque, in high relief; representing the entombment of Christ.  On the left, four Holy Women. The body of Christ is supported above the tomb by Joseph of Arimathea. Three bearded male figures on the right. Background of hills, trees, and the Cross.  A work of remarkable force;extremely rare. Cire perdue.  Ht.,63/4inches.Width,51/2inches.  (Illustrated.)",2774.0,61.7,False,positional,,FLORENTINE MASTER,
BO0624_51192,442513,339,344,"PADUAN MASTER (under the influence of Mantegna.)  ## 344 16th.century.  The Virgin, standing before a throne, with the Child in her arms ; surrounded by angels, and cherubs with wreaths and garlands.  Fine decorative border.  An excellent specimen, with light-brown patina.  Ht.,47/8inches.Width,37/16inches.  (Illustrated.)",,57.1,True,title_direct,,PADUAN MASTER,
BO0624_51192,442514,340,345,"UNKNOWN MASTER. ProbablyVenetian,I6th.century. The Holy Family. The Madonna in the centre, with Jesus on her knee, playing with St. John, who kneels beside him, On the left, St. Joseph.  Circular:diameter,37/8inches.  holding a cross. A plaquette of great rarity.  (Illustrated.)",2797.0,66.7,False,positional,,PADUAN MASTER,
BO0624_51192,442515,341,346,"VALERIO BELLI.  Hercules seated,with a lion-skin on his left shoulder;before him, Minerva, standing, wearing a helmet, and holding a lance in her left hand, an olive branch in her right. On the right,Venus,holding by the hand a tiny Cupid. Beneath,the inscription :INSTAR. Copied from an antique intaglio.  Molinier,No.288.  Oual:Ht.,1 7/8 inches.Width,15/8inches.  (Illustrated.)",2806.0,86.9,False,title_direct,VALERIO BELLI,,
BO0624_51192,442516,342,347,"VALERIO BELLI.  Two-sided plaquette.  - (a) Adoration of the Magi;and (b) the infant Christ in the Temple.  Extreme right, St. Joseph, standing behind the chair of Mary. On the left, the magi and their suite bearing presents. One of the magi is kneeling, presenting a chalice. Behind, an archway, on which is the inscription :  ## AETEPI ETOMENOI PQE EYRYOMEN  Reverse : the Child, naked, on the altar ; on the left, Mary, and a woman with a basket on her head;on the right,  A temple in the background, with a statue, and the inscription:  Simon, and a woman.  ## NUNC DIMITTIS SERVVM TVVM DOMINE  Fine patina ; an excellent specimen.  Ht.,2 11/16 inches.W.,15/16 inches.  (Illustrated.)",,48.7,True,title_direct,VALERIO BELLI,,
BO0624_51192,442517,343,348,"-PADUAN MASTER. Beginning of 16th.century:  Octogonal plaque of exquisite workmanship; representing the legend of Apollo and Marsyas. On the left the God is seated, nude, with his lute. In the centre Marsyas, nude, his arms stretched above his head,is bound by the wrists and ankles to the stump of a tree. Numerous other figures ; landscape of trees.  Ht.,53/8 inches.Width,53/8inches.  (Illustrated.)  Brown patina.",2841.0,85.3,False,title_direct,,PADUAN MASTER,
BO0624_51192,442518,344,349,"AFTER BENVENUTO CELLINI Italian :16th.century. Circular plaquette,of the most delicate workmanship, with a fine composition of tritons, mermaids, sea-monsters, cherubs,etc. Brown patina.  Diameter,51/2inches.",2850.0,80.3,False,title_direct,BENVENUTO CELLINI,,
BO0624_51192,442519,345,350,"AFTER BEVENUTO CELLINI. Italian :16th.century.  Circular plaquette, with decorative border; showing an open-air banquet of nymphs,satyrs, and fawns, in a landscape.  Diameter,57/8inches.",2857.0,77.3,False,title_direct,BEVENUTO CELLINI,,
BO0624_51192,442520,346,351,"FLEMISH MASTER. 16th.century. Pietà. The Virgin at the foot of the Cross, supporting the dead Christ. At His feet, the crown of thorns, pincers, and a skull ; in the background, a walled city, and hills. A work of remarkable energy and character. Gilt.",2867.0,78.6,False,positional,BEVENUTO CELLINI,,
BO0624_51192,442521,347,352,"UNKNOWN MASTER.  About 1400.  The Emperor Heraclius. (Emperor of Byzance, 61o-641.)",2880.0,79.1,False,positional,,,BRONZE MEDALS
BO0624_51192,442522,348,353,"VENETIAN MASTER. 15th century. Queen Dido.Bust of Dido, facing right ; the hair elaborately dressed and bound with laurels.",2909.0,74.5,False,title_direct,,VENETIAN MASTER,
BO0624_51192,442523,349,354,"MATTEO DEI PASTI Verona : 1420-1490. Isotta degli Atti da Rimini; mistress, and subsequently third wife, of Sigismondo Pandolfo Malatesta.",2925.0,84.5,False,title_direct,MATTEO DEI PASTI,,
BO0624_51192,442524,350,355,"NORTH ITALIAN MASTER. 15th. century. Clara de Gonzaga, Countess of Montpensier, Dauphine of Auvergne. —(Mother of the celebrated Constable de Bour-  CLARA.DE. GONZ. COMITI. MONTPENSERII. ET. DELPHINA. ALVIE.  bon, killed while his army was sacking Rome, in 1526.)  Bust, facing right : with head-dress and long plait. Beaded  A medal of extreme rarity.  (Illustrated.)",,46.5,True,title_direct,,ITALIAN MASTER,
BO0624_51192,442525,351,356,ANDREA GUAZZA LOTTI (Andrea G. Pratense). Florence(Prato:1435-1495).,2960.0,93.6,False,positional,,NORTH ITALIAN MASTER,
BO0624_51192,442526,352,357,"NICOLAS LECLERC AND JEAN DE SAINT-PRIEST.  France,15th.—16th.century.  Bonze medal of Louis XII of France, and Anne of Brittany. FELICE. LUDOVICO. REGNANTE. CESARE.LATERO. GAUDET.OMNIS.NACIO.  of the Order of St. Michael. Field of fleurs-de-lys.  DUODECIMO. The King wears a small crown of feurs-de-lys, and the collar  Reverse:LUGDUN. RE.PUBLICA.GAUDETE. BIS ANNA.REGNANTE.BENIGNE. SIC.FUI.CONFLATA.",,46.6,True,title_direct,JEAN DE SAINT-PRIEST,,
BO0624_51192,442527,353,358,SPERANDIO. Mantua: c. 1440-1528 (?) Virgilio Malvezzi : a nobleman of Bologna. Ambassador in 1451. Died 1481.,3011.0,80.2,False,positional,NICOLAS LECLERC; JEAN DE SAINT-PRIEST,,
BO0624_51192,442528,354,359,"NORTH ITALIAN MASTER. Beginning of 16th. century.  Thomas BOHIER, Baron de St. Ciergue. (Died 1523. Brother of Antoine Bohier, Cardinal-Archbishop of Bourges. Chamberlain to Louis XI, Charles VIII, Louis XII, and Francis I; Secretary to the King, Maitre des Comptes, Secretary for Finance, General of Normandy, and finally the King's lieutenant in Italy. The first proprietor of the Chateau de Chenonceaux.)  THOMAS.BOHIER.GENERAL.DE.NORMANDIE.— M.CCCCCIII.  Fine clear-cut profile, facing right.  Reverse:SIL.VIENT APOINT.  The escutcheon of Thomas Bohier.  A perfect specimen of a very fine and exceedingly rare model.  Diameter,23/8inches.  (Illustrated.)",3032.0,70.8,False,title_direct,,ITALIAN MASTER,
BO0624_51192,442529,355,360,"BARTOLOMEO BELLANO. Padua : 1430-1502.  Atlas, with his hands raised in the attitude of supporting the globe. Brown patina.",3055.0,81.0,False,positional,,,ITALIAN BRONZES
BO0624_51192,442530,356,361,"BELLANO. Bronze statuette of the infant Hercules, seated on a bronze pedestal, cast with the figure. (Cire perdue.) An extremely rare representation.",3066.0,96.9,False,positional,,,ITALIAN BRONZES
BO0624_51192,442531,357,362,"2—BELLANO. Statuette of a man, dressed in a scanty tunic, with his hand pressed to the left side of his face, as if in pain; his right",3072.0,95.7,False,positional,,,ITALIAN BRONZES
BO0624_51192,442532,358,363,"—BERTOLDO. Florence:1425-1491.  Bronze statuette of Hercules, holding a club, with a lionskin over his left shoulder. The head is turned slightly to the left.",3088.0,89.0,False,positional,,,ITALIAN BRONZES
BO0624_51192,442533,359,364,"Attributed to DONATELLO.  Florence :1386-1466. Infant Bacchus, holding in either hand a bunch of grapes ;  with a gourd slung at his side.  Fine golden-brown patina.",,52.7,True,title_direct,DONATELLO,,
BO0624_51192,442534,360,365,"EARLY FLORENTINE MASTER.  Samson wrenching open the mouth of the lion. A group of extraordinary energy and character. The broad treatment of both the figures proves this magnificent bronze to be the work of a master of the first rank. Fine brown-black patina.  Ht.,61/8inches.Length,51/2inches.  (Illustrated.)",3111.0,86.3,False,title_direct,,EARLY FLORENTINE MASTER,
BO0624_51192,442535,361,366,"ANDREA RICCIO. Padua :1480-1532. A winged sphinx, with the head of a beautiful woman, whose hair falls over her shoulders. Cire perdue. Brown patina.",3123.0,87.5,False,positional,,EARLY FLORENTINE MASTER,
BO0624_51192,442536,362,367,"RICCIO. Small inkstand, in the form of a child seated on a dolphin, the tail of which supports a shell. Cast in a single piece.",3133.0,96.7,False,positional,,EARLY FLORENTINE MASTER,
BO0624_51192,442537,363,368,"-RICCIO. Fine double-handled bronze mortar, ornamented with medallions of lions contained in wreaths.Above is a frieze of garlands and skulls of animals. Brown patina.",3144.0,97.2,False,positional,,EARLY FLORENTINE MASTER,
BO0624_51192,442538,364,369,"— WORKSHOP OF JACOPO SANSOVINO. The infant Hercules, strangling a goose. Green patina.",3152.0,77.1,False,title_direct,JACOPO SANSOVINO,,
BO0624_51192,442539,365,370,"FLORENTINE MASTER. 16th.century.  Fine door-knocker, with dolphins' heads and acanthus leaves.",3166.0,78.4,False,title_direct,,FLORENTINE MASTER,
BO0624_51192,442540,366,371,"JACOPO TATTI, CALLED. JACOPO SANSOVINO.  Florence:1477-1570  Door-handle,in the shape of a winged figure, holding his right hand to his head, and his left pressed to his chest.  (Illustrated.)",3173.0,75.7,False,title_direct,JACOPO SANSOVINO,,
BO0624_51192,442541,367,372,"PADUAN MASTER. 15th.century.  Fine mortar, decorated with a frieze of figures of fawns. Brown patina.",3183.0,83.0,False,title_direct,,PADUAN MASTER,
BO0624_51192,442542,368,373,"PADUAN MASTER. 16th.century.  Bronze bowl, standing on three feet ; decorated with a frieze of grotesques.  Ht.,33/4inches.Diameter,71/2inches",3193.0,70.4,False,title_direct,,PADUAN MASTER,
BO0624_51192,442543,369,374,"FLORENTINE MASTER. 16th.century.  Small bronze model of a fountain, in the shape of a winged chimera.",3201.0,80.2,False,title_direct,,FLORENTINE MASTER,
BO0624_51192,442544,370,375,"ITALIAN MASTER. 15th.century.  Statuette of a horse, of exceptionally fine workmanship and character.",3210.0,82.4,False,title_direct,,ITALIAN MASTER,
BO0624_51192,442545,371,376,"FLORENTINE MASTER. 15th.century. Portrait bust of a young man, after the antique.",3220.0,74.4,False,title_direct,,FLORENTINE MASTER,
BO0624_51192,442546,372,377,"—ITALIAN MASTER. Late 15th.century.  Statuette of a bull, on a bronze pedestal. A piece of remarkable character.",3232.0,80.6,False,title_direct,,ITALIAN MASTER,
BO0624_51192,442547,373,378,"SCHOOL OF MICHELANGELO..Florence, 16th.century.  Beautiful nude figure of Venus, seated with her legs crossed, and wringing her long rope of hair as if she had just emerged from the water.  Rich green patina. Right foot missing.",3242.0,76.2,False,title_direct,,SCHOOL OF MICHELANGELO,
BO0624_51192,442548,374,379,"ITALIAN MASTER. 16th century. Stag, with tall antlers.",3251.0,61.5,False,title_direct,,ITALIAN MASTER,
BO0624_51192,442549,375,380,ITALIAN MASTER. 16th century. Doe. Rich brown patina.,3257.0,60.5,False,title_direct,,ITALIAN MASTER,
BO0624_51192,442550,376,381,"GIOVANNI DA BOLOGNA. 1524-1608.  Fabulous two-legged monster, with fantastic bull-like head, small wings, and cloven hooves. This energetic and important bronze, of surprising imaginative power, is one of the few which have come down to us of this type, in which the master gave free play to his abundant fancy. Brown-green patina.",3273.0,94.9,False,title_direct,GIOVANNI DA BOLOGNA,,
BO0624_51192,442551,377,382,"GIOVANNI DA BOLOGNA.  Gilt bronze group, representing a lion felling a bull. Attacking the left hind leg of the lion is a tiny dragon, emblem of the Borghese family, for whom this fine work no doubt was executed.  Ht.,37/8inches.Length,51/4 inches.  (Illustrated.)",3282.0,84.3,False,title_direct,GIOVANNI DA BOLOGNA,,
BO0624_51192,442552,378,383,"GIOVANNI DA BOLOGNA. Christ, stripped and bound to a pillar. A fine example of Giovanni da Bologna's celebrated gold patina.  Cf. Bode, II, Pl. CLXXXIII.  Ht.,183/4 inches.  (Illustrated.)",3290.0,71.5,False,title_direct,GIOVANNI DA BOLOGNA,,
BO0624_51192,442553,379,384,"JACOPO SANSOVINO. Important bronze statue of St. John the Baptist, nude, preaching.",3299.0,87.8,False,title_direct,JACOPO SANSOVINO,,
BO0624_51192,442554,380,385,"ATTRIBUTED TO PIETRO FRANCAVILLA.  Florence :1548-1618.  Small gilt bronze statuette of Eros, with a drapery wound round his left arm and passing across his loins.  Ht.,4 1/2 inches.  Ht.,24 inches.",3309.0,70.7,False,title_direct,PIETRO FRANCAVILLA,,
BO0624_51192,442555,381,386,"FLORENTINE MASTER. 16th.century.  Bronze sword-hilt, in the form of a mermaid, with double tail. The movement of the body is admirably studied so as to afford a perfect grip.  Length, 6 inches.",3318.0,84.6,False,title_direct,,FLORENTINE MASTER,
BO0624_51192,442556,382,387,"ITALIAN OR FLEMISH MASTER.  Bronze group : a standing figure of Cleopatra, partly draped, her feet. Dark patina.  (Illustrated.)",3328.0,80.0,False,title_direct,,ITALIAN OR FLEMISH MASTER,
BO0624_51192,442557,383,388,"—ITALIAN MASTER. 16th.century.  Silenus, crowned with grapes, supporting a wineskin on the stump of a tree; an empty cup in his left hand.  Brown patina.",3338.0,82.5,False,title_direct,,ITALIAN MASTER,
BO0624_51192,442558,384,389,"FRENCH MASTER. end of 16th.century.  Small bronze bust of a child, after Germain Pilon. Fine brown patina.",3348.0,79.3,False,positional,,ITALIAN OR FLEMISH MASTER,
BO0624_51192,442559,385,390,"LARGE JUG. Orvieto,14th.century.",3355.0,75.5,False,positional,,,EARLY ITALIAN MAJOLICAS
BO0624_51192,442560,386,391,"IMPORTANT JUG.  Faenza,I5th.century.  Decorated in blue and white, and bearing, in a round medallion in front, the portrait of a youthful patrician.  Ht.,13 inches.  (Illustrated.)",3368.0,76.9,False,positional,,,EARLY ITALIAN MAJOLICAS
BO0624_51192,442561,387,392,"A VERY BEAUTIFUL CIRCULAR PLAQUE. Faenza, 15th century. In the centre, the Angel of the Annunciation, holding a fower, and an inscription in gothic characters, ""AvE BEATA PLENA DOMI "",in dark-blue, green, and manganese; surrounded by broad dark-blue and sulphur yellow decorations in bold relief.  (Illustrated.)",3377.0,87.1,False,positional,,,EARLY ITALIAN MAJOLICAS
BO0624_51192,442562,388,393,"JUG. Florence,15th.century.",3385.0,85.7,False,positional,,,EARLY ITALIAN MAJOLICAS
BO0624_51192,442563,389,394,"VASE. Faenza,15th.century.",3421.0,87.0,False,positional,,,EARLY ITALIAN MAJOLICAS
BO0624_51192,442564,390,395,"ALBARELLO. Faenza,15th.century.",3429.0,78.4,False,positional,,,EARLY ITALIAN MAJOLICAS
BO0624_51192,442565,391,396,"—ALBARELLO. Faenza,15th.century.",3443.0,76.9,False,positional,,,EARLY ITALIAN MAJOLICAS
BO0624_51192,442566,392,397,"ALBARELLO. Faenza,15th.century.",3470.0,68.0,False,positional,,,EARLY ITALIAN MAJOLICAS
BO0624_51192,442567,393,398,"ALBARELLO. Faenza,15th.century.",3526.0,74.5,False,positional,,,EARLY ITALIAN MAJOLICAS
BO0624_51192,442568,394,399,"ALBARELLO. Faenza,15th.century.",3534.0,78.4,False,positional,,,EARLY ITALIAN MAJOLICAS
BO0624_51192,442569,395,400,"ALBARELLO. Florence,15th.century. Decorated with design of leaves, in deep-blue on white ground.",,52.3,True,none,,,
BO0624_51192,442570,396,401,"SMALL BOWL. Florence,14th.century. Decorated in blue, manganese, and yellow,on white ground. Diameter,61/2inches.",,49.7,True,none,,,
BO0624_51192,442571,397,402,"SMALL PLATE. Faenza,early 15th.century. Decorated with arabesques in blue, red, green, and yellow. Diameter.63/4inches.",,42.8,True,none,,,
BO0624_51192,442572,398,403,"一 PLATE. Florence,early 15th.century. Decorated with the so-called pomegranate design, in blue, yellow, red, and green.",,51.2,True,none,,,
BO0624_51192,442573,399,404,SMALL PLATE. Siena 15th century.,,58.2,True,none,,,
BO0624_51192,442574,400,405,"405 —BETROTHAL PLATE. Siena 15th century. Bearing, in the centre, a winged heart. Blue, yellow, and green decoration.",,48.1,True,none,,,
BO0624_51192,442575,401,406,BETROTHAL PLATE. Siena 15th century.,,53.3,True,none,,,
BO0624_51192,442576,402,407,"-A BEAUTIFUL PLATE. Siena 15th century. In the centre, a fine grotesque; pomegranate decoration round the rim. Blue, green, yellow, and brown.",,50.4,True,none,,,
BO0624_51192,442577,403,408,A DELICATE PLATE. Siena 15th century.,,53.2,True,none,,,
BO0624_51192,442578,404,409,SMALL PLATE. Siena 15th century.,,58.2,True,none,,,
BO0624_51192,442579,405,410,"DEEP PLATE. Siena 15th century. Decorated in blue, brown and yellow.",,52.8,True,none,,,
BO0624_51192,442580,406,411,"SMALL BOWL. Faenza, 15th century.",4427.0,63.2,False,positional,,,FURNITURE
BO0624_51192,442581,407,412,"一 PLATE. Faenza, 15th century. In the centre, St. Christopher. Border of rich grotesques. Deep-blue on white.The back of the plate is inscribed with an F.",,45.8,True,none,,,
BO0624_51192,442582,408,413,DISH. Italian.,,51.4,True,none,,,
BO0624_51192,442583,409,414,SMALL VASE.,,27.3,True,none,,,
BO0624_51192,616528,410,415,"- POLYCHROME GLAZED GROUP. Caffiagiolo,15 th.century.",,42.2,True,none,,,
BO0624_51192,616529,411,416,"MAJOLICA FONT. By Andrea della Robbia, after a model by Verrocchio",,33.8,True,none,,,
BO0624_51192,616530,412,417,"LARGE PLATE. Florence,end of 15th.century.",,47.6,True,none,,,
BO0624_51192,616531,413,418,"PLATE.  Montelupo,beginning of 17th.century.  An armed horseman crossing a stream,in a landscape.",,35.5,True,none,,,
BO0624_51192,616532,414,421,"1—ALBARELLO. Hispano-Moresque,15th. century.",,43.8,True,none,,,
BO0624_51192,616533,415,422,"ALBARELLO. Hispano-Moresque,15th. century.",,45.2,True,none,,,
BO0624_51192,616534,416,423,"—ALBARELLO. Hispano-Moresque,15th. century.",,44.4,True,none,,,
BO0624_51192,616535,417,424,"SMALL PLATE. Hispano-Moresque,15th. century.",,43.8,True,none,,,
BO0624_51192,616536,418,425,"IMPORTANT PLATE. Hispano-Moresque,15th.century.",,41.8,True,none,,,
BO0624_51192,616537,419,426,"DISH. Hispano-Moresque,16th. century.",,52.6,True,none,,,
BO0624_51192,616538,420,427,"PLATE. Hispano-Moresque,15th. century.",,48.3,True,none,,,
BO0624_51192,616539,421,428,"PLATE. Hispano-Moresque, 2nd. half of 16th.century.",,47.2,True,none,,,
BO0624_51192,616540,422,429,"PUENTE DEL ARZOBISPO PLATE.  Spain, c.1600.  Ornamented with a fine heraldic figure of a lion, in yellow, blue, and green, on a white ground.  Diameter,14 1/2 inches.  (An extremely rare ware, of which only a few specimens are to be found in museums.)  (Illustrated.)  With flat handles on either side of the neck. of blue glaze. Standing on an iron tripod.  lion.",,39.3,True,none,,,
BO0624_51192,616541,423,430,"PUENTE DEL ARZOBISPO PLATE. Spain, c. 1600.",,34.3,True,none,,,
BO0624_51192,616542,424,431,"ARM OF AN ENAMEL CROSS. Limoges, 12th. century.",,53.8,True,title_direct,,,ENAMELS
BO0624_51192,616543,425,432,"— LARGE ENAMEL RELIQUARY. Limoges, 13th. Century. t has preserved its original wooden carcase. Surmounted by three balls of crystal.",,41.1,True,title_direct,,,ENAMEL RELIQUARY
BO0624_51192,616544,426,433,"— IMPORTANT ENAMELLED RELIQUARY. Limoges,early 13th.century.",,44.4,True,title_direct,,,ENAMELS
BO0624_51192,616545,427,434,"—ENAMEL PYX. Limoges,13th.century.",,48.1,True,title_direct,,,ENAMELS
BO0624_51192,616546,428,435,"—ENAMEL CROSS. Limoges,13th.century.",,46.4,True,title_direct,,,ENAMELS
BO0624_51192,616547,429,436,"OVAL ENAMEL PLAQUE. Limoges,13th.century.",,42.6,True,title_direct,,,ENAMEL PLAQUE
BO0624_51192,616548,430,439,— ROCK-CRYSTAL CROSS.,,33.9,True,none,,,
BO0624_51192,739439,431,437,"BEAUTIFUL ENAMEL PLAQUE. Limoges, 13th-14th century.",,47.7,True,title_direct,,,ENAMEL PLAQUE
BO0624_51192,739440,432,438,"END OF ENAMEL RELIQUARY. Limoges,13th.century.",,41.8,True,title_direct,,,ENAMEL RELIQUARY
BO0624_51192,739441,433,440,"RICHLY ENAMELLED GAMELLION. Limoges, 14th. century.",,51.9,True,title_direct,,,ENAMELLED GAMELLION
BO0624_51192,739442,434,441,"SMALL ENAMEL PLAQUE. 12th century. Representing a bust of a Saint, beneath a round arch, on gold ground.",,37.9,True,title_direct,,,ENAMEL PLAQUE
BO0624_51192,739443,435,442,"GOLD PLAQUE. Byzantine, 12th century.",,47.3,True,none,,,
BO0624_51192,739444,436,443,—ASSYRIAN BONE CARVING. About 600 B.C.,,36.6,True,none,,,
BO0624_51192,739445,437,444,444 —HALF OF AN IVORY TAU-CROSS. Byzantine.,,33.3,True,none,,,
BO0624_51192,739446,438,445,"CARVED IVORY PLAQUETTE.Byzantine, IIth. century.",,43.8,True,title_direct,,,CARVED IVORY PLAQUE
BO0624_51192,739447,439,446,CARVED IVORY PLAQUETTE. Byzantine.,,38.8,True,title_direct,,,CARVED IVORY PLAQUE
BO0624_51192,739448,440,447,CARVED IVORY PLAQUETTE. Byzantine.,,38.8,True,title_direct,,,CARVED IVORY PLAQUE
BO0624_51192,739449,441,449,"449 -CARVED IVORY PLAQUE. French,14th.century.",,54.5,True,title_direct,,,CARVED IVORY PLAQUE
BO0624_51192,739450,442,448,"CARVED IVORY OVAL PLAQUE. Rhenish, 12th century",,51.9,True,none,,,
BO0624_51192,739451,443,450,"WING OF AN IVORY TRIPTYCH. French, 14th. century.",,52.8,True,title_direct,,,IVORY TRIPTYCH
BO0624_51192,739452,444,451,- CARVED IVORY STATUETTE. 15th.century.,,46.7,True,title_direct,,,CARVED IVORY STATUETTE
BO0624_51192,739453,445,452,"CARVED IVORY STATUETTE. Italia, late 15th century. St. Sebastian, with his arms bound over his head. Nude width a drapery about the loins. Finely modelled.",,45.6,True,title_direct,,,CARVED IVORY STATUETTE
BO0624_51192,739454,446,453,"BRONZE STATUETTE OF DANCING MAN.  French,I3th.century.  Treated in a very primitive style. A piece of unusual interest. Black and green patina.  Ht.,12 1/4 inches.",,36.6,True,title_direct,,,BRONZE STATUETTE
BO0624_51192,739455,447,454,"PAIR OF DINANDERIE BRASS CANDLESTICKS. Flanders,early I3th.century.",,38.7,True,title_direct,,,DINANDERIE BRASS CANDLESTICKS
BO0624_51192,739456,448,455,"—DINANDERIE EWER (AQUAMANILE). Flanders,13th.century.",,38.4,True,none,,,
BO0624_51192,739457,449,456,"456—AQUAMANILE. Flanders,14th.century.",,48.3,True,none,,,
BO0624_51192,739458,450,457,"DOUBLE DINANDERIE CANDLESTICK. Flanders,15th.century.",,38.4,True,title_direct,,,DINANDERIE CANDLESTICK
BO0624_51192,739459,451,458,"-DINANDERIE CIBORIUM. Flanders,15th.century.",,43.8,True,none,,,
BO0624_51192,739460,452,459,"- GILT BRONZE PLAQUE. French,12th.century.",,58.1,True,title_direct,,,BRONZES
BO0624_51192,739461,453,460,"GILT BRONZE GROUP:VIRGIN AND CHILD. French,13th.century.",,47.4,True,title_direct,,,BRONZE GROUP
BO0624_51192,739462,454,461,"GILT BRONZE STATUETTE OF FEMALE SAINT.  French art,14th.century.  Standing, with a long drapery passing over head.  Ht.,3 5/8inches.",,38.1,True,title_direct,,,BRONZE STATUETTE
BO0624_51192,739463,455,462,"VERY BEAUTIFUL GILT BRONZE STATUETTE.  French art,I4th.century.  Christ crucified. A wonderful casting.  (Illustrated.)  Ht.,8 3/4 inches.",,42.8,True,title_direct,,,BRONZE STATUETTE
BO0624_51192,739464,456,463,"GILT BRONZE STATUETTE. French,14th.century.  A Saint, holding a book and a bladed implement. This work appears (as does also the statuette following, No. 466) to be by the same artist as the Christ above mentioned.  Ht.,81/2inches",,41.7,True,title_direct,,,BRONZE STATUETTE
BO0624_51192,739465,457,464,"GILT BRONZE STATUETTE.  French,14th.century.",,57.1,True,title_direct,,,BRONZE STATUETTE
BO0624_51192,739466,458,465,"-BOXWOOD PAX. Venetian,3th.century.",,50.9,True,none,,,
BO0624_51192,739467,459,465A,GILT BRONZE PAX.,,36.8,True,title_direct,,,BRONZES
BO0624_51192,739468,460,466,"“VERRE EGLOMISE "" PAX. Florence, late 15th. century.  With gilt bronze frame of the period. Christ crucified, with two Saints standing beneath the cross, against a landscape and a red sky. The saints wear golden draperies. In the triangle above, God the Father, holding a globe surmounted bya cross.  Verre églomise ornamentation below.  of Mantegna.  The whole of most exquisite draughtsmanship, in the style  Ht.,63/4 inches.Width 4 inches.  (Illustrated.)",,40.9,True,none,,,
BO0624_51192,739469,461,467,"PORTATIVE ALTAR. 12th.century.  Composed of an antique green marble slab, fanked at either end by a filigree plaque set with four amethyst cabochons ; and enclosed above and below by niello plaques, bearing a rich design in dark purple enamel on a gold ground.  Width,4inches.",,39.4,True,none,,,
BO0624_51192,739470,462,468,"JASPER CUP. Italian,16th.century.",,52.8,True,none,,,
BO0624_51192,739471,463,469,HANDSOME IVORY VASE WITH COVER.  German Renaissance.,,42.3,True,none,,,
BO0624_51192,739472,464,470,"RELIQUARY HEAD. French,15th.century.",4472.0,64.3,False,positional,,,FURNITURE
BO0624_51192,739473,465,471,"LEATHER CASE.  Venetian, 16th century. Of triangular form; painted with medallions enclosing landscapes, portraits, etc. The silk strings pass through lions' heads. Containing a mirror, decorated in the same manner, scissors, nail-file, tweezers for plucking out hairs, etc.  Length, 6 inches.",,41.3,True,none,,,
BO0624_51192,739475,466,472,"BEAD OF A CHAPLET. German,16th.century.",,29.4,True,none,,,
BO0624_51192,739476,467,473,"SILVER PLAQUE. French,16th.century.",,26.1,True,none,,,
BO0624_51192,739477,468,474,"PAINTED BRONZE PLAQUE. Flemish, late 15th. century.",,28.2,True,title_direct,,,BRONZES
BO0624_51192,739478,469,475,"SMALL EARTHEN MODEL.  Hispano-Moresque,14th.century.",,23.5,True,none,,,
BO0624_51192,739479,470,476,"TOP OF A WOODEN-MIHRAB. Saracenic,15th. century.",,28.6,True,none,,,
BO0624_51192,739480,471,477,"GILT BRONZE MONSTRANCE. Italian,16th.century. In the shape of a baptistry; decorated with winged heads of cherubs, in silver.",,42.8,True,title_direct,,,BRONZES
BO0624_51192,739481,472,478,"PRESSED HORN PLAQUE.French,early 17th.century.",,29.3,True,none,,,
BO0624_51192,739482,473,479,- BRONZE STIRRUP. 17th.century.,,26.7,True,title_direct,,,BRONZES
BO0624_51192,739483,474,480,-ASSYRIAN GOLD ARMLET. About 700 B.C.,,30.3,True,none,,,
BO0624_51192,739484,475,481,"MEROVINGIAN TREASURE.  The principal piece is a short sword, with gold and silver hilt, studded with precious stones ; (partially restored.)  Nine fibule, some in bronze,inlaid with gold and precious stones.  Four jewelled ornaments, studded with precious stones and enamel.  An ivory comb, studded with precious stones, and showing traces of gilding.  An iron ornament, in the shape of a fabulous beast, with silver filigree decoration, and studded with crystal. In all, 16 pieces.",,38.0,True,title_direct,,,MEROVINGIAN TREASURE
BO0624_51192,739485,476,482,"MEROVINGIAN SILVER STATUETTE.  The nude figure of a man, with the right arm raised, and the left at his waist.  Ht.,2 7/8 inches.",,41.8,True,title_direct,,,MEROVINGIAN SILVER STATUETTE
BO0624_51192,739486,477,483,"SASSANIAN SILVER VASE.  Tall and extremely elegant ; with a handle. Traces of decoration round the neck.  This rare piece may be compared with a gold vase, similar in shape but more heavily ornamented, in the Roumanian Treasure (now detained in Russia) to which it is closely related (Illustrated.)  Ht.,15 1/2 inches.",,41.7,True,title_direct,,,SASSANIAN SILVER VASE
BO0624_51192,739487,478,484,RELIQUARY. 11th or 12th.century.,,27.3,True,none,,,
BO0624_51192,739488,479,485,SILVER LOCKET. 11th or 12th.century.,,25.7,True,none,,,
BO0624_51192,739489,480,486,"A SILVER STYLUS. French,14th.century.",,25.4,True,none,,,
BO0624_51192,739490,481,487,"SILVER AND SILVER-GILT CALAMUS.  French,14th.century.  Decorated with a circle of small cabochon stones. A rare sacred utensil.",,34.5,True,title_direct,,,SILVER AND SILVER-GILT CALAMUS
BO0624_51192,739491,482,488,"SILVER-GILT STATUETTE. French,15th.century.",,23.4,True,title_direct,,,SILVER-GILT STATUETTE
BO0624_51192,739492,483,489,"SMALL BUST OF A ROMAN EMPEROR. Italian,16th.century.",,27.2,True,none,,,
BO0624_51192,739493,484,490,"EQUESTRIAN STATUETTE. Florence,16th.century.",,24.7,True,none,,,
BO0624_51192,739494,485,491,"WATCH. French, 16th century. Small hexagonal crystal and gilt bronze watch. Signed J. Gallier, a Lyon.",,36.7,True,none,,,
BO0624_51192,739495,486,493,"EMBROIDERY. French,14th.century.",,27.3,True,none,,,
BO0624_51192,739496,487,492,"TAPESTRY PANEL. French end of 15th century. Representing the fate of the callous Rich Man. A young man with long fair hair is the central figure of the composition, clad in gorgeous robes, with a damasked cloak lined with ermine.  On the right, the three-headed Cerberus, holding keys, points to the gates of Hades. The ground is strewn with fowers, and in the background is a landscape.A Above, an inscription in Gothic characters, on red ground.  At his feet lies an open casket filled with gems and money. He is urged forward by Pluto (on the left), wearing a crown and a foating drapery, and holding in his right hand a spear.",,35.9,True,none,,,
BO0624_51192,739497,488,494,"—EMBROIDERY. German,beginning of 16th.century.",,25.0,True,none,,,
BO0624_51192,739498,489,495,FRAGMENT OF AN ISPAHAN RUG. 16th.century.,,34.3,True,none,,,
BO0624_51192,739500,490,496,- ISPAHAN FRAGMENT. Late 15th.century.,,25.0,True,none,,,
BO0624_51192,739501,491,497,ISPAHAN RUG. 16th.century.,,26.7,True,none,,,
BO0624_51192,739505,492,498,"ISPAHAN RUG. 16th century. Design of palmettes and stylised dragons, on ruby-coloured ground ; with a border of palmettes, on green ground.",,40.1,True,none,,,
BO0624_51192,739506,493,499,ISPAHAN RUG. 15th.to I6th.century.,,29.4,True,none,,,
BO0624_51192,739507,494,500,"ISPAHAN RUG.  Early I6th.century.  Half of a fine rug, with broad design of palmettes, fowers and dragons on a ruby-coloured ground, with richly ornamented border on a green ground.  Length,7 ft.6 inches.Width,5 ft.10 inches. (Illustrated.)",,40.8,True,none,,,
BO0624_51192,739508,495,501,"PERSIAN PRAYER RUG. 16th.century. Of very fine wool; ornamented with fowers and arabesques on red ground, and framed in a fine design, with a rich border.  This rug, in an admirable state of preservation, almost exactly forms a pair with that formerly in the possession of the Emperor of Austria,at Shonbrunn. (See Dr.F.R. Martin's "" History of Oriental Carpets"", Vol. I, p. 127, fig.331.)",,38.9,True,none,,,
BO0624_51192,739509,496,502,"ISPAHAN RUG. 16th.century.  Of beautiful quality and rare design, decorated with palmettes on ruby-coloured ground. Top and bottom missing",,37.7,True,none,,,
BO0624_51192,739510,497,503,PERSIAN GARDEN RUG. 16th century,,36.1,True,none,,,
BO0624_51192,739511,498,504,FRAGMENT OF A FINE ISPAHAN RUG. 15th century,,32.9,True,none,,,
BO0624_51192,739512,499,505,"INDO-PERSIAN ISPAHAN FRAGMENT, 16th century",,33.3,True,none,,,
BO0624_51192,739513,500,506,ALRGE INDO-PERSIANN-ISPAHAN RUG. Early 17th century,,30.0,True,none,,,
BO0624_51192,739514,501,507,ASIA MINOR RUG. 16th century,,28.1,True,none,,,
BO0624_51192,739515,502,508,"GOTHIC OAK DESK. French,15th.century.",,30.3,True,none,,,
BO0624_51192,739516,503,509,GOTHIC OAK CREDENCE. French 15th.century.,,28.6,True,none,,,
BO0624_51192,739517,504,510,"GOTHIC SEAT. French,Louis XII period. C.1500 A.D.",,31.3,True,none,,,
BO0624_51192,739519,505,511,"RENAISSANCE TABLE. French,Henri II period.",,25.4,True,none,,,
BO0624_51192,739520,506,512,"CARVED THRONE.  Florence, 16th. century.",,32.9,True,none,,,
BO0624_51192,739521,507,513,"IMPORTANT CARVED FRAME. Florence, 15th. century.",,31.2,True,none,,,
BO0624_51192,739522,508,514,CARVED CREDENZA OR PRIE-DIEU. Italian 16th century,,30.4,True,none,,,
BO0624_51192,739523,509,515,- X-SHAPED ARMED STOOL. Italian early 16th. century.,,27.2,True,none,,,
BO0624_51192,739524,510,516,LARGE CARVED-WOOD MONSTRANCE.,,37.9,True,none,,,
BO0624_51192,739525,511,517,TALL CARVED WOOD CANDELABRUM. Italian Renaissance.,,30.4,True,none,,,
BO0624_51192,739526,512,518,"-FRONT OF A CHEST. French,16th.century.",,27.4,True,none,,,
