catalogue_id,chunk_db_id,chunk_id,num,title,matched_line,match_score,low_confidence,entity_match_method,artist,school,object_type
BO0624_5508,55807,1,1,DUE COLONNE in marmo bianco scolpite con volatili,45.0,97.0,False,none,,,
BO0624_5508,55808,2,2,DUE LEONI camminanti scolpiti in marmo bianco di Carrara.,50.0,97.4,False,none,,,
BO0624_5508,55809,3,3,"DUE ANTICHE COLONNE in granito orientale rosa bis BEL CAMINETTO in marmo bianco intagliato sullo stile del xvI secolo decorato da volute volatili, foglie",56.0,78.8,False,none,,,
BO0624_5508,55810,4,4,DUE COLONNE in raro marmo africano bigio orientale con base di marmo bianco.,64.0,98.1,False,none,,,
BO0624_5508,55811,5,5,"DUE VASI a forma di Anfora con due manici e pieduccio in antico alabastro Orientale tartarugato. Altezza m. O,90 diam. del corpo del vaso m. 0,25. scolpito in marmo bianco.di Carrara.",65.0,88.0,False,none,,,
BO0624_5508,55812,6,6,DUE BASI per i suddetti vasi formate da un leone,67.0,97.0,False,none,,,
BO0624_5508,55813,7,7,"""CRISTO ALLA COLONNA"". Bassorilievo scolpito in marmo bianco.",73.0,91.5,False,none,,,
BO0624_5508,55814,8,8,"DUE LEONI in piedi, scolpiti in marmo bianco di Carrara, aventi tra le gambe un agnello e sorreggiendo sul dorso una colonna di giallo antico con capitello di marmo bianco intagliato a f figure e fogliami di stile bizzantino.",74.0,99.3,False,none,,,
BO0624_5508,55815,9,9,"BUSTO di grandezza al naturale, rappresentante l'imperatore Marco Aurelio, con testa in marmo bianco e petto in alabastro Orientale.",78.0,98.9,False,none,,,
BO0624_5508,55816,10,10,"UNO DETTO rappresentante l' imperatore Tito, con testa",82.0,96.4,False,none,,,
BO0624_5508,55817,11,11,"UNO DETTO rappresentante l'imperatore Tiberio, testa in marmo bianco e petto in alabastro Orientale.",87.0,98.0,False,none,,,
BO0624_5508,55818,12,12,UNO DETTO rappresentante l'imperatore Claudio con testa in basalto e petto in alabastro Orientale.,95.0,66.2,False,none,,,
BO0624_5508,55819,13,13,ANTICO SARCOFAGO in marmo bianco scolpito con figure in alto rilievo.,132.0,61.7,False,none,,,
BO0624_5508,55820,14,14,"GRANDE ROCCHIO in cipollino verde, con base di marmo bianco.",168.0,73.3,False,none,,,
BO0624_5508,55821,15,15,"GRANDE COLONNA di stile bizzantino formata da 2 tortiglioni intrecciati scolpiti in marmo biancc: di Carrara, con incrostazioni di musaico a colori. Base di forma quadrata, capitello intagliato con fogliami. Altezza m.2,25 diam.0,30.",292.0,63.8,False,none,,,
BO0624_5508,55822,16,16,"BUSTO in marmo bianco d'Epoca Romana, rappresentante l'imperatrice Faustina, grandezza al naturale con petto panneggiato.",,58.7,True,none,,,
BO0624_5508,55823,17,17,"UNO DETTO simile, rappresentante Marciana con petto",,57.5,True,none,,,
BO0624_5508,55824,18,18,DUE COLONNE in marmo cipollimo verde marino con base in marmo bianco di forma quadrata.,329.0,69.9,False,none,,,
BO0624_5508,55825,19,19,TESTA DI FANCIULLO scolpita in marmo di scavo sopra colonnina di marmo bigio morato.,,51.9,True,none,,,
BO0624_5508,55826,20,20,"DUE GRUPPI scolpiti in marmo bianco di Carrara, rappresentanti Satiro e Baccante sopra tronche colonne di breccia di Serravezza dorata con base e ca-",,58.8,True,none,,,
BO0624_5508,55827,21,21,"DUE COLONNINE di stile bizzantino, formate da due tortiglioni intrecciati scolpiti in marmo bianco di Carrara con incrostazioni di musaico a colori. Base e capitello intagliato a fogliami.",499.0,63.1,False,none,,,
BO0624_5508,55828,22,22,TRONCA COLONNA in marmo settebasi con base attica in marmo bianco di Carrara.,,56.6,True,none,,,
BO0624_5508,55829,23,23,PICCOLO SEMI BUSTO di vecchio in marmo bianco.,,51.8,True,none,,,
BO0624_5508,55830,24,24,"CANDELABRO di stile bizzantino scolpito in marmo bianco di Carrara, con figure in rilievo fogliami ed",,57.0,True,none,,,
BO0624_5508,55831,25,25,"TESTA DI GIOVANE in marmo bianco di scavo, so-",,54.4,True,none,,,
BO0624_5508,55832,26,26,COLONNA in breccia corallina con base di marmo bianco.,1250.0,74.1,False,none,,,
BO0624_5508,55833,27,27,"ANTICO BUSTO in marmo bianco, rappresentante 1l'im-",,56.9,True,none,,,
BO0624_5508,55834,28,28,COLONNA A TORTIGLIONE scolpita in marmo bianco,,49.5,True,none,,,
BO0624_5508,55835,29,29,NARCISO figura in bronzo patinato.,,50.0,True,none,,,
BO0624_5508,55836,30,30,"ROCCHIO in marmo bianco di Carrara, con base di",2229.0,63.0,False,none,,,
BO0624_5508,55837,31,31,"COLONNA in marmo bianco di Carrara, scolpita con animali ed ornati di stile bizzantino. Capitello otta-",,44.7,True,none,,,
BO0624_5508,55838,32,32,"PICCOLO LEONE copia del Canova, scolpito in marmo",,47.2,True,none,,,
BO0624_5508,55839,33,33,"QUATTRO PICCOLI BASSORILIEVI di forma ovale, rappresentanti: la Sibilla, putto con palombe, una vestale ed una mano.",,43.2,True,none,,,
BO0624_5508,55840,34,34,"ROCCHIO in marmo bigio morato, con base di marmo bianco.",,49.6,True,none,,,
BO0624_5508,55841,35,35,ANTICO SARCOFAGO in marmo bianco istoriato a bassorilievo. Combattimento di amazzoni.,,42.6,True,none,,,
BO0624_5508,55842,36,36,TESTA MULIEBRE in marmo bianco di scavo.,,47.4,True,none,,,
BO0624_5508,55843,37,37,UNA DETTA.,,18.2,True,none,,,
BO0624_5508,55844,38,38,"ANTICA TESTA in marmo greco, rappresentante g g10vane sopra pieduccio di bigio morato.",,44.8,True,none,,,
BO0624_5508,55845,39,39,"GRUPPO scolpito in marmo bianco di Carrara, rappresentante Satiro e Baccante.",,47.8,True,none,,,
BO0624_5508,55846,40,40,"ERMA PORTA BUSTO da centro,f formata di vari marmi colorati con base e capitello di marmo portasanta.",,52.6,True,none,,,
BO0624_5508,55847,41,41,ANTICO BUSTO di grandezza al naturale in marmo bianco rapp. il poeta greco Meaudro.,,45.4,True,none,,,
BO0624_5508,55848,42,42,GRANDE VASO in Africano Orientale scolpito con foglie e scorniciature.,,40.7,True,none,,,
BO0624_5508,55849,43,43,BASE per il suddetto in marmo verde antico con capitello di marmo bianco.,,46.2,True,none,,,
BO0624_5508,55850,44,44,ERMA DA CENTRO di forma ottagonale con risalti formata di vari antichi marmi colorati con base e cimasa in bigio morato.,,46.6,True,none,,,
BO0624_5508,55851,45,45,"VASO in marmo giallo antico a forma di anfora con due manici e pieduccio. In alto candelabro in legno intagliato e dorato con 5 bracci.Epoca Impero. Alt. totale m. 1,05 diam. del corpo del vaso m. 0,25.",,40.1,True,none,,,
BO0624_5508,55852,46,46,"GRANDE E RARA TAVOLA in antico marmo, africano di un sol pezzo sorretta da 2 mensoloni di stile pompejano scolpiti con ippogriffi evolute.",,46.4,True,none,,,
BO0624_5508,55853,47,47,2 GRANDI E RARE COLONNE in antico granito rosa orientale con basi e capitelli in marmo bianco.,,45.6,True,none,,,
BO0624_5508,55854,48,48,TESTA in basalto rapp. Minerva sopra pieduccio di marmo bianco epoca XVIII secolo.,,46.0,True,none,,,
BO0624_5508,55855,49,49,"COPIA DEL“FEDELE DEL CAMPIDOGLIO , scol-",,34.4,True,none,,,
BO0624_5508,55856,50,50,PICCOLA TESTA di vecchio in marmo bianco di scavo (greca) sopra pieduccio di paonazzetto.,,47.9,True,none,,,
BO0624_5508,55857,51,51,COPIA DEL TEMPIO DI VESPASIANO in ala-,,34.1,True,none,,,
BO0624_5508,55858,52,52,COLONNINA in cipollino verde marino con base e capitello di marmo bianco.,,50.4,True,none,,,
BO0624_5508,55859,53,53,"GRANDE E RARO VASO in antico alabastro orientale di forma rotonda scolpito con greche e baccelli con 2 manici formati da serpi intrecciati, sopra pieduccio",,45.7,True,none,,,
BO0624_5508,55860,54,54,TAZZETTA di forma ovale in alabastro orientale sorretta da un satiro scolpito in marmo bianco di Carrara.,,49.2,True,none,,,
BO0624_5508,55861,55,55,COPIA DEL TEMPIO DI CASTORE E POLLUCE in alabastro.,,41.6,True,none,,,
BO0624_5508,55862,56,56,GRANDE E RARA VASCA in antico marmo africano rosa scolpita con gole e scorniciature sorretta da mensole formate da 2 delfini intrecciati scolpiti in marmo bianco. La vasca é di scavo di epoca romana le mensole del XVI secolo.,,38.5,True,none,,,
BO0624_5508,55863,57,57,STATUETTA in marmo di scavo rapp. console romano restaurata.,,47.9,True,none,,,
BO0624_5508,55864,58,58,COPIA DEL TEMPIO DI VESPASIANO in alabastro.,,39.6,True,none,,,
BO0624_5508,55865,59,59,PICCOLO SARCOFAGO in marmo con volute e figure in rilievo.,,49.1,True,none,,,
BO0624_5508,55866,60,60,TESTA DI SERAFINO alato scolpita in marmo bianco.,,47.2,True,none,,,
BO0624_5508,55867,61,61,ANTICA TESTA in marmo bianco di scavo grandezza aI naturale sopra pieduccio.,,48.1,True,none,,,
BO0624_5508,55868,62,62,2 PICCOLI SEMI BUSTI in marmo bianco di scavo.,,48.5,True,none,,,
BO0624_5508,55869,63,63,BASSORILIEVI di forma ovale in marmo rapp. imperatori con cornici di marmo l bigio. bianco,,46.9,True,none,,,
BO0624_5508,55870,64,64,"ERMA porta busto da centro, in antico marmo portasanta con base e capitello in marmo bianco.",,44.3,True,none,,,
BO0624_5508,55871,65,65,ERMA da centro in marmo verde antico con base e capitello di marmo bianco.,,47.1,True,none,,,
BO0624_5508,55872,66,66,TAZZETTA in marmo forma ottagonale.,,45.7,True,none,,,
BO0624_5508,55873,67,67,DUE COLONNE in antico alabastro orientale con base e capitelli in marmo bianco intagliato d'ordine corintio.,,42.7,True,none,,,
BO0624_5508,55874,68,68,ANTICO BASSORILIEVO di forma rotonda in marmo bianco raffigurante ritratto di personaggio (Parruccone).,,45.9,True,none,,,
BO0624_5508,55875,69,69,"FIORIERA di forma rotonda di stile bizzantino scolpita in marmo bianco con incrostazioni di musaico a colori, sorret",,46.5,True,none,,,
BO0624_5508,55876,70,70,"TAVOLO DA CENTRO, in marmo scolpito di stile Bizantino,di forma rotondd, sorretto da um balaustro.Base formata da un l",,44.8,True,none,,,
BO0624_5508,55877,71,71,"TORCIERE, in antico alabastro a ghiaccioni, scolpito",,49.1,True,none,,,
BO0624_5508,55878,72,72,DUE COLONNE in antico marmo base di marmo bianco. big10 morato con,,50.4,True,none,,,
BO0624_5508,55879,73,73,PICCOLA FONTANA da centro in marmo bianco raf figurante una pianta d'acanto.,,49.3,True,none,,,
BO0624_5508,55880,74,74,FIORIERA in stile bizantino in marmo bianco sorretta da una colonna intagliata.,,50.4,True,none,,,
BO0624_5508,55881,75,75,"BELLA VASCA in marmo bianco di carrara,formata da una conchiglia sostenuta da due putti di grandezza",,42.4,True,none,,,
BO0624_5508,55882,76,76,"DUE RARI, basamenti per busti, di forma quadrata in antico Alabastro orientale,con base in serpentino. Alt.m.1,40 X 0,30.",,42.1,True,none,,,
BO0624_5508,55883,77,77,"SEMI BUSTO in marmo bianco di Carrara, rappresentante Washinton.Grandezza naturale.",,42.0,True,none,,,
BO0624_5508,55884,78,78,"DUE RARI basamenti di forma quadrata in antico Alabastro orientale tartarugato, con base di serpentino.",,46.4,True,none,,,
BO0624_5508,55885,79,79,DUE COLONNE in antico cipollino verde marino con basi di marmo bianco.,,50.0,True,none,,,
BO0624_5508,55886,80,80,DUE ANTICHE FIORIERE in marmo bianco di stile bizantino a forma di barca sostenute da un balaustro.,,49.3,True,none,,,
BO0624_5508,55887,81,81,DUE TAZZE portafiori di forma rotonda con pieduccio; scolpite in marmo bianco di Carrara.,,48.2,True,none,,,
BO0624_5508,55888,82,82,ANTICA MENSOLA in marmo bianco intagliata.,,54.3,True,none,,,
BO0624_5508,55889,83,83,"DUE GRANDI E RARI VASI in marmo rosso antico, di forma rotonda a campana.Interamente decorati in bonzo cesellato, con maschere sceniche, foglie e ornati, sopra basi di forma quadrata, in antico marmo a sette basi.",,43.1,True,none,,,
BO0624_5508,55890,84,84,"COPIA DEI DUE LEONI DEL CANOVA, scolpiti in marmo bianco di Carrara.",,43.2,True,none,,,
BO0624_5508,55891,85,85,DUE VASI da giardino scolpiti in marmo bianco di con due manici e baccelli,,46.6,True,none,,,
BO0624_5508,55892,86,86,DUE BUSTI di grandezza sopra al naturale scolpiti in pietra di Ancona. Rappresentanti Vitelio e Caracalla. Epoca xvll secolo.,,39.6,True,none,,,
BO0624_5508,55893,87,86bis,DUE BUSTI rappresentanti Imperatori.,,39.6,True,none,,,
BO0624_5508,55894,88,87,"ANTICA FONTANA DA MURO, con spalliera, in marmo bianco intagliato di stile roccaile. Epoca xvII1 secolo.",,48.6,True,none,,,
BO0624_5508,55895,89,88,ANTICO MENSOLONE in marmo di Portasanta scolpito con zanmpe di leorne.,,50.4,True,none,,,
BO0624_5508,55896,90,89,"DUE ANTICHE STATUE scolpite in marmo bianco, rappresentanti due muse, grandezza al naturale. Epoca XYII secolo.",,44.3,True,none,,,
BO0624_5508,55897,91,90,DUE VASI DA GIARDINO scolpiti in marmo bianco di Carrara con panneggiamenti. Copia di quelli esistenti nel parco di Varsailles.,,45.2,True,none,,,
BO0624_5508,55898,92,91,"COPIA DEI DUE LEONI DEL CANOVA, scclpiti in marmo bianco di Carrara.",,41.6,True,none,,,
BO0624_5508,55899,93,92,"DUE BUSTI, grandezza naturale, scolpiti, di marmo bianco Carrara, rappresentanti Caracalla e Vitelio sopra pilastri a forma di erma con placcature di breccia colorata.",,43.0,True,none,,,
BO0624_5508,55900,94,93,"ANTICA FIGURA PANNEGGIATA, in marmo. Rap-",,34.0,True,none,,,
BO0624_5508,55901,95,94,"DUE RARE E GRANDI COLONNE, una in antica breccia corallina, l'altra in marmo giallo antico, con basi e capitelli in marmo bianco intagliato d'ordine corintio.",,37.8,True,none,,,
BO0624_5508,55902,96,95,"ANTICA FIGURA scolpita in marmo bianco. Rappresentante 《Un Gentiluomo》, di grandezza al naturale, in costume del xvill secolo.",,40.3,True,none,,,
BO0624_5508,55903,97,96,"DUE ANTICHI VASI DA GIARDINO in pietra di Ancona, forma Ovoide, lavorati a baccelli. Epoca xvII secolo.",,41.9,True,none,,,
BO0624_5508,55904,98,97,"ANTICA FIGURA PANNEGGIATA, in marmo, rappresentante uma giovane.",,40.9,True,none,,,
BO0624_5508,55905,99,98,"ANTICO GRUPPO in pietra di Ancona, formato con due figure di donne in piedi di grandezza al naturale. Rappresentanti 《Le Stagioni 》. Epoca xvll secolo.",,44.1,True,none,,,
BO0624_5508,55906,100,99,UNO DETTO.,,20.0,True,none,,,
BO0624_5508,55907,101,100,UNO DETTO.,,20.0,True,none,,,
BO0624_5508,55908,102,101,UNO DETTO.,,20.0,True,none,,,
BO0624_5508,55909,103,102,UNO DETTO.,,20.0,True,none,,,
BO0624_5508,55910,104,103,GRANDE E BEL VASO di forma rotonda scolpito a 3. basso rilievo con figure ed animali.Manici formati da 2 teste d'Ariete; sua base in marmo bianco di forma quadrata con mascheroni a rilievo.,,41.2,True,none,,,
BO0624_5508,55911,105,104,DUE ANTICHE STATUETTE scolpite in marmo bianco rappresentanti le stagioni.,,46.5,True,none,,,
BO0624_5508,55912,106,105,"DUE GRANDI VASI DA GIARDINO, scolpiti in marmo bianco di carrara, forma campana, decorati da iprocriff ed ornati in rilievo. Loro basi, di forma quadrata, in marmo bianc scorniciate.",,40.1,True,none,,,
BO0624_5508,55913,107,106,"GRANDE FONTANA a due piatti di forma rotonda di marmo bianco di carrara, sorretta da un balaustro",,43.2,True,none,,,
BO0624_5508,55914,108,107,DUE ANTICHE STATUETTE scolpite inmarmo bianco,,44.0,True,none,,,
BO0624_5508,55915,109,108,"DUE SEMI BUSTI, scolpiti in marmo bianco di carsopra pilastro a forma di erma, con placcature di breccia di terravezza. DUE LEONI scolpiti in marmo bianco di Carrara, tenendo un nastro con la bocca. DUE ANTICHI E GRANDI CAPITELLI di epoca romana, in marmo bianco intagliati a fogliami.",,35.7,True,none,,,
BO0624_5508,55916,110,109,"DUE ANTICHI E GRANDI CAPITELLI di epoca romana, in marmo bianco intagliati a fogliami.  Alti m. 1,10.  M. 1,30 X 0,40.",,39.8,True,none,,,
BO0624_5508,55917,111,110,"DUE LEONI scolpiti in marmo bianco di Carrara, tenendo un nastro con la bocca.",,45.9,True,none,,,
BO0624_5508,55918,112,111,"BUSTO in marmo bianco di Carrara, grandezza al naturale, rappr. un'odalisca. Sopra tronca colonna di breccia di Serrarezza con baseecapitello.",,40.2,True,none,,,
BO0624_5508,55919,113,112,PANCHETTA in marmo bianco di Carrara con mensole intagliate. bis CAMINETTO in marma i XVI secolo.,,48.0,True,none,,,
BO0624_5508,55920,114,113,DUE ANTICAI PARAPETTI da balcone in ferro forgiato.,,51.9,True,none,,,
BO0624_5508,55921,115,114,FRAMMENTO DI BASSORILIEVO scolpito in marmo bianco di scavo rappr. il Dio Pane.,,45.6,True,none,,,
BO0624_5508,55922,116,115,"VASO DA GIARDINO in pietra scolpito con due manici, sopra pieduccio.",,43.7,True,none,,,
BO0624_5508,55923,117,116,DUE ANTICHE STATUETTE scolpite in marmo bianco rappr. baccanti.,,45.0,True,none,,,
BO0624_5508,55924,118,117,ANTICA PICCOLA FONTANA di forma circolare,,36.5,True,none,,,
BO0624_5508,55925,119,118,PARTE SUPERIORE di un'antica fontana scolpita in marmo bianco.,,47.1,True,none,,,
BO0624_5508,55926,120,119,DUE GRANDI ERME scolpite in marmo bianco di Carrara rappr.i Satiro e Baccante.,,47.4,True,none,,,
BO0624_5508,55927,121,120,"BUSTO in marmo bianco, grendezza al naturale rappr. la Venere del milo.Sorretta da un rocchio di marmo bianco.",,40.7,True,none,,,
BO0624_5508,55928,122,121,VASO per fiori in pietra rossa scolpito con figure sullo,,48.2,True,none,,,
BO0624_5508,55929,123,122,SARCOFAGO in marmol bianco intagliato con ippogriffi e volute.,,52.2,True,none,,,
BO0624_5508,55930,124,123,SEI ANTICHI CAPITELLI in pietra d'Aquila scolpiti d'ordine - corintio- Epoca XVII. secolo.,,44.8,True,none,,,
BO0624_5508,55931,125,124,"ANTICO BUSTO in marmo bianco grandezza al naturale, rappr. un Doge.",,43.5,True,none,,,
BO0624_5508,55932,126,125,DUE ANTICHI BUSTI di li grandezza al naturale rap-,,41.1,True,none,,,
BO0624_5508,55933,127,126,"GRANDE SEDITORE da giardino con spalliera in in marmo bianco di Carrara intagliato, con incrostazioni di antico cipollino verde marino. Braccioli formati da due ippogriffi scolpiti.",,43.1,True,none,,,
BO0624_5508,55934,128,127,DUE VASI da giardino in marmo,,45.2,True,none,,,
BO0624_5508,55935,129,128,ANTICO TAPPETO da pavimento Orientale tessuto in pelo di cammello a colori con disegni geometrici su fondo rosso,2235.0,71.4,False,none,,,
BO0624_5508,55936,130,128bis,SEDILE da giardino in antico marmo portasanta sorretto da due mensoloni intagliati.,,47.5,True,none,,,
BO0624_5508,55937,131,129,bis. DUE SFINGI di donna colche scolpite in marmo,,44.2,True,none,,,
BO0624_5508,55938,132,130,"GRANDE ED ANTICO TAPPETO da pavimento di stile orientale tessuto in pelo di camello, a colori con disegni geometrici, sopra fondo verde.",,43.8,True,none,,,
BO0624_5508,55939,133,130bis,PANCHETTA di marmo bianco di Carrara intagliato con spalliera e braccioli formati da due figure scolpite; fauno e faunessa.,,41.6,True,none,,,
BO0624_5508,55940,134,132,"2 ANTICHE SFINGI scolpite in marmo di scavo con base a forma di erme, rappresentanti una un Giove,",,45.4,True,none,,,
BO0624_5508,55941,135,131,2 ANTICHI MENSOLONI porta busti in legno intagliato e dorato sopra fondo color marrone,,51.5,True,none,,,
BO0624_5508,55942,136,133,"DUE VASETTI da farmacia, forma alberello in maio-",,47.2,True,none,,,
BO0624_5508,55943,137,134,"AVANTI CAMINO in mogano intarsiato di metallo con ricamo in seta ed argento nel centro. Epoca Luigi XVI. M.0,05 X 1,40",,47.0,True,none,,,
BO0624_5508,55944,138,135,GRANDE PLACCA in maiolica di Delfet decorata da,,39.7,True,none,,,
BO0624_5508,55945,139,136,PICCOLO LAMPADARIO in legno intagliato e dorato con 6 bracci per candele. Epoca Impero.,,52.2,True,none,,,
BO0624_5508,55946,140,137,DUE BASSORILIEVI di forma rotonda scolpiti in marmo bianco con figure ed animali a soggetto campestre. Cornice in legno nero.,,39.6,True,none,,,
BO0624_5508,55947,141,138,"DUE ERME porta busto in antico marmo bigio, incrostate di musaico a colori. Base e capitelli di marmo giallo",,41.6,True,none,,,
BO0624_5508,55948,142,139,"PICCOLO LAMPADARIO in bronzo cesellato e dorato, intieramente guarnito di catene e prismi in cristallo di Boemia, ridotto per uso luce elettrica. — Luigi XVI.",,42.2,True,none,,,
BO0624_5508,55949,143,140,DUE ANTICHI VASETTI porta fiori in rame sbalzato ed argentato con due manici.,,45.1,True,none,,,
BO0624_5508,55950,144,141,"DUE SOPRA PORTE in noce scolpito a figure ed animali, sullo stile del XVI secolo.",,44.1,True,none,,,
BO0624_5508,55951,145,142,TAZZA E PIATTO in antica maiolica Giustiniani.Decorazione Pompeiana.,,36.5,True,none,,,
BO0624_5508,55952,146,143,DUE COLONNE a tortiglione in noce. Epoca XVII secolo.,,44.4,True,none,,,
BO0624_5508,55953,147,144,"SEMI BUSTO raffigurante un filosofo, in bronzo tinato.",,42.2,True,none,,,
BO0624_5508,55954,148,145,"RICCA GUARNIZIONE DA SALONE in legno finamente intagliato e dorato, composta di un divano, quattro poltrone e quattro sedie ricoperti di velluto contratagliato in seta,con buquets di fiori a colori su fondo color champagne. Epoca Luigi XVI.",,34.1,True,none,,,
BO0624_5508,55955,149,146,"SCRIVANIA in noce, scolpita sullo stile del XVI secolo.",,45.5,True,none,,,
BO0624_5508,55956,150,147,"VASO in antica porcellana della cina, famiglia verde, decorazione di fiori e volatili, lumeggiature in oro.",,39.3,True,none,,,
BO0624_5508,55957,151,148,"SEMIBUSTO di uomo in bronzo patinato. Alto m. 0,65.",,48.0,True,none,,,
BO0624_5508,55958,152,149,"RITRATTO di gentiluomo in costume di cavaliere di Malta, rappresentante uno de' Cenci Bolognetti. Dipinto ad olio su tela entro cornice di legno dorato. M.1,50X1,22",,35.8,True,none,,,
BO0624_5508,55959,153,150,"DUE VASI da farmacia, forma cornetto, in antica maiolica 《Delle Fratte &gt; con iscrizioni.",,39.7,True,none,,,
BO0624_5508,55960,154,151,PICCOLA CAFFETTIERA in argento cesellato con manico in bosso.,,50.4,True,none,,,
BO0624_5508,55961,155,152,"PICCOLO MOBILEa bureau in noce, scolpito sullo stile del XVI secolo, con sfingi e mascheroni. Piano calatore.",,45.6,True,none,,,
BO0624_5508,55962,156,153,"VASO da farmacia, forma alberello, in antica maiolica di Cafaggiolo, decorazione bleu e bianco a fogliami. Alto m. 0.25.",,38.4,True,none,,,
BO0624_5508,55963,157,154,DUE QUADRI dipinti ad olio su tela rappresentanti paesaggi. Cornici in legno dorato.,,46.0,True,none,,,
BO0624_5508,55964,158,155,"STATUETTA in porcellana della Cina famiglia rosa, rappresentante 《 una donna 》.",,41.9,True,none,,,
BO0624_5508,55965,159,156,"ANTICO OROLOGIO da tavolino a forma di tempio, in legno ed ebano guarnito di bronzi finemente cesellati e dorati, sopra zoccolo di forma rettangolare",,39.5,True,none,,,
BO0624_5508,55966,160,157,"DUE ERME porta vaso, in noce, scolpite a baccelli.",,47.6,True,none,,,
BO0624_5508,55967,161,158,DUE GRANDI E BELLE CONSOLLES in legno inta-,,53.8,True,none,,,
BO0624_5508,55968,162,159,"DUE VASI da farmacia, in antica maiolica degli Abbruzzi, decorazione a personaggi, f forma alberello.",,39.8,True,none,,,
BO0624_5508,55969,163,160,"ANTICO PIATTO concavo, Ispano moresco a rifesso metallico.",,42.4,True,none,,,
BO0624_5508,55970,164,161,"TORCIERE, formato da una figura di donna alata in legno policromato e dorato. Epoca xvI secolo.",,51.2,True,none,,,
BO0624_5508,55971,165,162,2 CANDELABRI in bronzo cesellato e dorato con 7 bracci ciascuno sorretto da una colonna scanalata sopra base di forma triangolare. Epoca Luigi xvI.,,46.2,True,none,,,
BO0624_5508,55972,166,163,VASO da farmacia forma alberello in antica maiolica di Cafaggiolo. Medaglione con ritratto di donna nel corpo del vaso.,,40.2,True,none,,,
BO0624_5508,55973,167,164,6 ANTICHE POLTRONE in noce con tortiglioni\_e braccioli a riccio.Ricoperte di stoffe in seta lamata in oro.,,49.1,True,none,,,
BO0624_5508,55974,168,165,2 CONSOLINE in legno intagliato e dorato di forma mezza tonda. Piano in antico diaspro di Sicilia. Epoca Luigi 1XIV.,,49.7,True,none,,,
BO0624_5508,55975,169,166,"GRANDE POTICHE con coperchio in porcellana della oro, sopra fondo bianco. Manici formati da draghi dorati.",,42.1,True,none,,,
BO0624_5508,55976,170,167,2 RARI VASI forma bombola in antica majolica di im su fondo bleu. Nel corpo del vaso medaglioni con sog-,,40.2,True,none,,,
BO0624_5508,55977,171,168,PLACCA VENEZIANA in legno intagliato e dorato con luce di specchio. Epoca Luigi xv.,,48.6,True,none,,,
BO0624_5508,55978,172,169,OROLOGIO da tavolino in bronzo cesellato dorato e di moro assiso,,46.5,True,none,,,
BO0624_5508,55979,173,170,"CENTRO PER TAVOLA in bronzo cesellato dorato e lavorato a traforo, con luce di specchio. Epoca Lui-",,50.0,True,none,,,
BO0624_5508,55980,174,171,UNO DETTO simile al precedente.,,42.0,True,none,,,
BO0624_5508,55981,175,172,"GRANDE ED ANTICA CONSOLLE barocca, in legno intagliato e dorato. Decorazione di foglie e mascherone di donna alla fascia. Piano in pietra paesina. Lungh. m. 1,80 X 1,00.",,38.7,True,none,,,
BO0624_5508,55982,176,173,"2 ANTICHE POLTRONE in noce, con braccioli a riccio e fiamme dorate.Ricoperte di velluto in seta contratagliato rosso su fondo giallo",,40.8,True,none,,,
BO0624_5508,55983,177,174,"LEGGIO in noce, sorretto da un balaustro con capitello e base in bronzo dorato.Epoca Impero. durante, forma alberello. Decorazioni di arabeschi e fiori policromi su fondo bleu. Nel corpo del vaso medaglione con figura di monaco.",,31.4,True,none,,,
BO0624_5508,55984,178,175,2 RARI VASI da farmacia in antica maiolica di Castel-,,44.1,True,none,,,
BO0624_5508,55985,179,176,"RARO VASO in antica porcellana della Cina, forma vettina, con coperchio, smaltato a colori, su fondo bianco, decorazioni d'uccelli e fiori lumeggiati in oro. Base in bronzo cesellato e dorato.",,33.8,True,none,,,
BO0624_5508,55986,180,177,RARA POSATA per dessert con manici in antico,,47.2,True,none,,,
BO0624_5508,55987,181,178,"RITRATTO DI DAMA (Scuola francese) dipinto ad olio su tela entro cornice in legno intagliato e dorato. Metri 1,25 X 1 smalto di Limoge, entro astuccio in pelle di serpe. Epoca xvI secolo.",,37.3,True,none,,,
BO0624_5508,55988,182,179,"CASSONE NUZIALE in noce, scolpito a bassorilievo sullo stile del xvI secolo con figure e stemma gentilizia nella fronte.",,42.0,True,none,,,
BO0624_5508,55989,183,180,"NATURA MORTA (Scuola fiamminga) con paesaggio, grande quadro dipinto ad olio su tela con cornice di",,47.6,True,none,,,
BO0624_5508,55990,184,181,2 GRANDI SOPRA PORTE di legno intagliato e dorato su fondo color avorio decorati da puttie fiori in alto rilievo. Epoca Luigi xIv.,,45.1,True,none,,,
BO0624_5508,55991,185,182,"PICCOLO TAVOLINO da centro di forma rotonda con piano in musaico a colori, piede in noce scolpito formato da un putto con delfino.",,49.0,True,none,,,
BO0624_5508,55992,186,183,"RICCO AMMOBILIAMENTO per camera da letto, prega Dio, due chaises-longues e 6 sedie, il t tuttoin",,42.4,True,none,,,
BO0624_5508,55993,187,184,"ZUPPIERA di forma rotonda con due manici, coperchio e sottopiatto in antica porcellana Sassonia. Decorazione di fiori a colori policromi lumeggiati in oro su fondo bianco.",,35.1,True,none,,,
BO0624_5508,55994,188,185,COMMODE e due comodini di forma bombata in bois de rose intarsiato di vari legni con piano in rosso di Verona e pieducci in bronzo dorato. Epoca Luigi xv.,,40.2,True,none,,,
BO0624_5508,55995,189,186,PIANETA ed accessori in antica stoffa in seta color rosa a fiori con guarnizione di gallone. - colori.,,40.7,True,none,,,
BO0624_5508,55996,190,187,BORDURA in seta color crema ricamata con fiori a 186.,,45.9,True,none,,,
BO0624_5508,55997,191,188,"ANTICA TABACCHIERA in rame smaltato con miniatura a colori rappresentante paesaggi con piccole figure, montata in bronzo cesellato e dorato.",,41.1,True,none,,,
BO0624_5508,55998,192,189,2 PICCOLI CANDELIERI in bronzo cesellatoe dorato.,,47.2,True,none,,,
BO0624_5508,55999,193,190,RITRATTO DI DAMA dipinto ad olio su tela entro cornice di legno intagliato e dorato.,,50.6,True,none,,,
BO0624_5508,56000,194,191,"ANTICA E BELLA POLTRONA in noce, scolpita, con braccioli dritti e fiamme. Sedile ricoperto in cuoio guarnito di bolloni in metallo. Epoca xvI secolo.",,37.7,True,none,,,
BO0624_5508,56001,195,192,"2 ANTICHE CORNICETTE in legno intagliato e dorato di stile Roccaille, con entro stampe, rappresentante teste di vecchio della maniera del Piazzetta. Epoca Luigi xIv.",,40.0,True,none,,,
BO0624_5508,56002,196,193,2 SEDIE in legno intagliato e dorato su fondo celeste.,,55.8,True,none,,,
BO0624_5508,56003,197,194,"PIATTO forma rotonda, in antica maiolica delle Fratte, decorazione a fogliami con putto nel centro. Piano e spalliera tessuto in canna d'India. Epoca Luigi xVI.",,42.7,True,none,,,
BO0624_5508,56004,198,195,"GRANDE COMMODE in noce con 5 tiretti, guarnita di",,51.9,True,none,,,
BO0624_5508,56005,199,196,"AVANTI CAMINO in bronzo cesellato e dorato di forma centinata con cristallo nel centro. Stile Luigi xiv. Metri 0.85 X 0,75.",,42.6,True,none,,,
BO0624_5508,56006,200,197,"TAZZA da brodo a due manici con coperchio e sottopiatto in antica majolica di Milano.  Alti m. 0,40.",,41.0,True,none,,,
BO0624_5508,56007,201,198,"2 CANDELABRI a 2 bracci in bronzo cesellato e dorato,sorretti da una figura di uomo in porcellana della Cina (Celedon).",,41.3,True,none,,,
BO0624_5508,56008,202,199,2 PORTA UOVO in argento lavorati a traforo. Gram- mi 160. Stile Impero.,,39.1,True,none,,,
BO0624_5508,56009,203,200,OROLOGIO da tavolino a forma di tempio in noce con guarnizione di metallo dorato. Quadrante smal-,,43.1,True,none,,,
BO0624_5508,56010,204,201,"VASO da farmacia forma cornetto,in antica majolica",,44.9,True,none,,,
BO0624_5508,56011,205,202,BUREAU in noce con tre tiretti e piano calatore intarsiato di giallo angelino.,,53.7,True,none,,,
BO0624_5508,56012,206,203,"SCRIVANIA per signora, di forma centinata in boisde-rose intarsiata di vari legni. Stile Luigi xvI.",,43.9,True,none,,,
BO0624_5508,56013,207,204,"PLACCA in legno intagliata e dorata, con luce di specchio al centro. Epoca Luigi xv.",,52.3,True,none,,,
BO0624_5508,56014,208,205,"BELLO E RICCO OROLOGIO a cassettone in legno ad ebano, riccamente decorato da bronzi cesellati e dorati. Epoca secolo xvI.",,41.7,True,none,,,
BO0624_5508,56015,209,206,SPECCHIERA da caminetto di mogano guarnita d'in-,,41.9,True,none,,,
BO0624_5508,56016,210,207,ANTICO SCRIGNO in ebano con sportello e tiretti nell'interno. Interamente intarsiato in avorio con pae-,,45.3,True,none,,,
BO0624_5508,56017,211,208,RARO OROLOGIO da tavolino a campanile con quadrante decorato da serafini alati in bronzo cesellato e dorato. Epoca xvI secolo.,,45.0,True,none,,,
BO0624_5508,56018,212,209,"TAVOLINO in noce scolpita sullo stile del xvI secolo. , 2 TORCIERI da formati da un putto alato in legno dorato. Epoca xvlI secolo. ANTICO VASETTO portafori in bronzo dorato.",,39.3,True,none,,,
BO0624_5508,56019,213,210,ANTICO VASETTO portafori in bronzo dorato.,,43.1,True,none,,,
BO0624_5508,56020,214,211,2 TORCIERI da formati da un putto alato in legno dorato. Epoca xvlI secolo.,,54.3,True,none,,,
BO0624_5508,56021,215,212,"VASO farmacia forma brocchetta in antica majolica di Cafaggiolo, decorazione bleu e bianca.",,39.2,True,none,,,
BO0624_5508,56022,216,213,"2 SALIERE in a argento cesellato e traforato, con 2 manici e tazza di vetro bleu. Stile Luigi xvI.",,42.9,True,none,,,
BO0624_5508,56023,217,214,2 APPLIQUES in bronzo cesellato e dorato. Epoca Luigi xv.,,49.2,True,none,,,
BO0624_5508,56024,218,215,SPECCHIERA veneziana in legno intagliato e dorato di forma centinata con ricca cimasa. Epoca Luigi XV.,,51.5,True,none,,,
BO0624_5508,56025,219,216,"PAESAGGIO con marina, quadro dipinto ad olio su tela entro cornice di legno intagliato e dorato. SPECCHIERA veneziana in legno intagliato e dorato di forma centinata con ricca cimasa. Epoca Luigi xv. Alt. m. 1,70 X 1,10.",,36.5,True,none,,,
BO0624_5508,56026,220,217,"PIATTO in antica porcellana di Sassonia, di forma su fondo bianco graffito.",,45.7,True,none,,,
BO0624_5508,56027,221,218,"6 ANTICHE POLTRONE in noce con tortiglioni, brac- ciuoli a riccio e fiamme dorate ricoperte di stoffa in seba rossa lamata in oro.",,45.2,True,none,,,
BO0624_5508,56028,222,219,COPIA del tempio di Castoree Polluce in alabastro con base di marmo bigio.,,45.8,True,none,,,
BO0624_5508,56029,223,220,"2 VASI in porcellana della Cina, famiglia verde, di forma ovoide, decorati con panieri di fiori a colori policromi su fondo bianco.",,39.6,True,none,,,
BO0624_5508,56030,224,221,RITRATTO DI GENTILUOMO in costume del xvIH secolo. Dipinto ad olio su tela entro cornice di legno,,42.0,True,none,,,
BO0624_5508,56031,225,222,DUE VASETTI PORTA FIORI a due manici in rame,,40.4,True,none,,,
BO0624_5508,56032,226,223,DUE PROFUMIERE in argento cesellato e lavorato a,,40.8,True,none,,,
BO0624_5508,56033,227,224,"QUATTRO BASSORILIEVI in bronzo patinato, rappresentanti soggetti mitologici, entro cornice di legno dorato. Epoca Impero.",,42.1,True,none,,,
BO0624_5508,56034,228,225,"DUE PICCOLE SALIERE im argento lavorato a tra- foro, con cucchiaini e tazze di vetro bleu.",,44.7,True,none,,,
BO0624_5508,56035,229,226,"ANTICA MITRIA PAPALE in seta bianca recamata in oro, portante lo stemma dell'Ema Casa Orsini, enrature.",,39.5,True,none,,,
BO0624_5508,56036,230,227,"DUE ANTICHI MENSOLONI porta vaso in legno intagliato e dorato su fondo color marrone, decorati da mascheroni e volute.",,45.2,True,none,,,
BO0624_5508,56037,231,228,CONSOLLE a tavolino in legno intagliato e dorato su,2245.0,61.4,False,none,,,
BO0624_5508,56038,232,229,"DUE RARE GALLINE, in antica porcellana della",,39.6,True,none,,,
BO0624_5508,56039,233,230,"PIATTO IN ANTICA MAIOLICA di Milano, decorato",,35.5,True,none,,,
BO0624_5508,56040,234,231,"DUE VASI in porcellana della Cina, famiglia rosa, decorazione di fiori e foglie a colori policromi, su fondo bianco.",,37.6,True,none,,,
BO0624_5508,56041,235,232,"GRANDE E RICCA CONSOLLE BAROCCA in legno roni,volute e festoni.",,36.8,True,none,,,
BO0624_5508,56042,236,233,TAPPETO in antico arazzo 《Aubusson 》 tessuto in,,38.5,True,none,,,
BO0624_5508,56043,237,234,"TAZZA E PIATTO in antica porcellana di Sevres, decorazione bleu su fondo bianco con lumeggiature in oro. (Pasta tenera).",,37.4,True,none,,,
BO0624_5508,56044,238,235,PICCOLO BUSTO D'IMPERATORE in bronzo pa-,,37.3,True,none,,,
BO0624_5508,56045,239,236,"DUE GRANDI QUADRI (Scuola Olandese), rappresen- tanti paesaggi con animali e figure, dipinti ad olio su tela entro cornice di legno intagliate e dorate. M. 1,80 X 1,35.",,35.2,True,none,,,
BO0624_5508,56046,240,237,COMMODE IN NOCE con placcature di giallo angelino e maniglie in bronzo. N. 4 tiretti. Epoca xvlI secolo.,,41.4,True,none,,,
BO0624_5508,56047,241,238,"DAVID CON LA TESTA DEL GIGANTE GOLIA, entro cornice intagliata e dorata.",,35.8,True,none,,,
BO0624_5508,56048,242,239,"RARA COPPA in antica majolica d'Urbino con deco- razione a colori policromi, rappresentante paesaggio con figure l'《Autunno e l'Inverno 》.",,33.0,True,none,,,
BO0624_5508,56049,243,240,GRANDE E RICCA SPECCHIERA Epoca Impero.,,28.8,True,none,,,
BO0624_5508,56050,244,241,GRANDE VASO in antica porcellana della Cina (Ce-,,38.2,True,none,,,
BO0624_5508,56051,245,242,PARAVENTO a 4 telai ricoperto di cuoio lavorato a piccoli ferri con dorature e guarnizioni di gallone e,,41.2,True,none,,,
BO0624_5508,56052,246,243,"TAZZA DA BRODO con coperchio e piatto in porcellana di Venezia, fondo bianco con decorazioni di paesaggi e frutta.",,36.4,True,none,,,
BO0624_5508,56053,247,244,"DUE SALIERE in antica maiolica, 《Capodimonte &gt;, decorazione color violetta, lumeggiature in oro.",,43.6,True,none,,,
BO0624_5508,56054,248,245,"RARA POLTRONA in noce a braccioli dritti e fiamme interamente scolpita, con intarsi a disegni geometrici nella spalliera. Epoca xvI secolo.",,37.3,True,none,,,
BO0624_5508,56055,249,246,"ANTICO OROLOGIO da tavolino detto 《Romano》 in noce guarnito in bronzo cesellato e dorato, sopra zoccolo di forma quadrata.",,38.5,True,none,,,
BO0624_5508,56056,250,247,"SPLENDIDA GUARNIZIONE PER SALOTTO composta di un piccolo divano e 4 poltrone in legno di noce intagliata e dorata, sullo stile di Luigi XVI ricoperto di antico arazzo Aubusson tessuto in seta a colori con piccole figure e fiori su fondo color rosa.",,30.0,True,none,,,
BO0624_5508,56057,251,248,"COPPA di forma rotonda con pieduccio in antica maiolica d'Urbino, decorata con disegni Raffaelleschi e stemma nel centro a colori policromi su fondo bianco. (Restaurata).",,35.3,True,none,,,
BO0624_5508,56058,252,249,"PICCOLO GRUPPO in ""bisquit di Sevres"" forrnato da 4 figure di suonatori.",,40.9,True,none,,,
BO0624_5508,56059,253,250,GRANDE PAESAGGIO con f figure.Quadro dipinto ad olio su tela entro cornice di legno nero lavorato a sbalzo.,,38.4,True,none,,,
BO0624_5508,56060,254,251,"STAMPA INGLESE a colori rappresentante una pasdel xvIII secolo. Cornice di noce intarsiata di giallo angelino. seggiata nel parco, con figure in costume M. 0,95 X 0,73.",,38.6,True,none,,,
BO0624_5508,56061,255,252,CENTRO per tavolo in bronzo dorato con bordo lavo- rato a traforo e luce di specchio.,,40.8,True,none,,,
BO0624_5508,56062,256,253,"VASO PER FIORI in antica porcellana della Cina, famiglia verde, decorazione volatili e fiori a colori policromi su fondo bianco.",,36.8,True,none,,,
BO0624_5508,56063,257,254,CALICE in bronzo cesellato e dorato con coppa in argento. Epoca xvll secolo.,,43.5,True,none,,,
BO0624_5508,56064,258,255,"ANTICA MINIATURA sopra avorio, con figure in costume del xvi secolo, cornice in noce guarnita di",,38.0,True,none,,,
BO0624_5508,56065,259,256,"BELLA POLTRONA CARDINALIZIA in legno intagliato e dorato con braccioli a riccio e fiamme, ricoperta in antico damasco in seta color cremisi. Epoca XVII secolo.",,37.5,True,none,,,
BO0624_5508,56066,260,257,ANTICA SPECCHIERA VENEZIANA a forma di,,33.8,True,none,,,
BO0624_5508,56067,261,258,TAVOLO A SCRIVANIA in《bois-de-rose》 intarsiato da varii legni con guarnizioni in bronzo cesellato e dorato. Stile Luigi XV.,,41.5,True,none,,,
BO0624_5508,56068,262,259,SEI ANTICHE SEDIE VENEZIANE in noce scolpita con sedile ricoperto di stofa in seta rossa a fiori.,,38.3,True,none,,,
BO0624_5508,56069,263,260,"SOFFIETTO in noce scolpita con putto in rilievo,montatura in cuoio e puntale di bronzo dorato. Stile del xVI secolo.",,39.3,True,none,,,
BO0624_5508,56070,264,261,"DUE VASI in antica porcellana della Cina, famiglia verde, decorazione a personaggi.",,40.0,True,none,,,
BO0624_5508,56071,265,262,SCUOLA FIAMMINGA. Natura morta con figure.Due quadri dipinti ad olio su tela entro cornici di legno intagliato.,,43.2,True,none,,,
BO0624_5508,56072,266,263,SALSIERA E PIATTOi in argento sbalzato.Stile Luigi xVI.,,38.3,True,none,,,
BO0624_5508,56073,267,264,"GRANDE SPECCHIERA in legno intagliato e dorato, su fondo laccato bianco. In alto due sirene inr1lievo, ai lati 2 appliques in bronzo cesellato e dorato con due bracci ciascuna per candele. Epoca Luigi xVI.",,35.6,True,none,,,
BO0624_5508,56074,268,265,"CONSOLLE A TAVOLINO in legno laccato bianco con intagli dorati. Piano in marmo bianco, con bordo di 《fior di pesco 》. Epoca Luigi xvI.",,40.8,True,none,,,
BO0624_5508,56075,269,266,"CACHEPOT CON COPERCHIO, in antica porcellana della Cina, famiglia verde. Decorazione di figure ed ornati a colori su fondo bianco. 1m",,37.9,True,none,,,
BO0624_5508,56076,270,267,"ANTICA STATUETTA rappresentante uma santa,i",,36.0,True,none,,,
BO0624_5508,56077,271,268,"SALVATOR ROSA. Quadro rappresentante una battaglia di cavalieri, dipinto ad olio su tela. Cornice di legno dorata.",,41.3,True,none,,,
BO0624_5508,56078,272,269,"DUE VETRINE per porcellane di forma mezza tonda in legno di mogano intagliato, con cristalli e luce di specchio, poggiate sopra piede a consolle. Lavoro inglese. Stile impero.",,33.6,True,none,,,
BO0624_5508,56079,273,270,"ANTICA LUCERNA VENEZIANA di vetro bleu, montata in ottone a tre becchi, con accessori e paraluce.",,41.5,True,none,,,
BO0624_5508,56080,274,271,"SCUOLA OLANDESE. Fanciulla con frutta. Quadro dipinto ad olio su tela, entro cornice di legno i intagliato e dorato.",,37.6,True,none,,,
BO0624_5508,56081,275,272,ANTICA COPIA DEL MERCURIO DI POMPEI in,,28.6,True,none,,,
BO0624_5508,56082,276,273,"STATUETTA im bronzo patinato raffigurante una Vittoria alata, sopra base di marmo bigio.",,48.4,True,none,,,
BO0624_5508,56083,277,274,QUATTRO PLACCHE in legno intagliato e dorato su con cimasa e luce di,,46.4,True,none,,,
BO0624_5508,56084,278,275,SGABELLO DA CENTRO in legno intagliato e dorato. Epoca Luigi xv.,,48.1,True,none,,,
BO0624_5508,56085,279,276,"DUE CONSOLINE di forma mezzo tonda, in mogano, con fascia a traforo e guarnizioni in bronzo. dorato. Piano in marmo e.loro sopra specchiere d'accompagno. Stile Impero.",,35.7,True,none,,,
BO0624_5508,56086,280,277,"RARA COPERTA in antico damascoi in seta color verde,con frangetta di seta all'ingiro.I Epoca yvI secolo.",,45.0,True,none,,,
BO0624_5508,56087,281,278,"PIATTO di forma rotonda in antica maiolica di Castelli, con lumeggiature in oro su fondo bianco. Nel centro figura di Nettuno sulle onde, nel bordo per-",,36.4,True,none,,,
BO0624_5508,56088,282,279,"GRANDE ANTICO TAVOLO da centro in noce, con fascia e piedi scolpiti ad ornati.",,55.7,True,none,,,
BO0624_5508,56089,283,280,COPERTA DA LETTO di antico damasco in seta color cremisi. Epoca xvI secolo.,,41.4,True,none,,,
BO0624_5508,56090,284,281,ANTICO PIATTO Ispano-Morescoi in maiolica arifessi metallici.,,37.3,True,none,,,
BO0624_5508,56091,285,282,"DUE STATUETTE in antica porcellana di Capodimonte bianca, con lumeggiature in oro, rappresentante mendicanti.",,44.6,True,none,,,
BO0624_5508,56092,286,283,"INTERESSANTE E RARO BASSORILIEVO in stucco, di forma rotonda, rappresentante 《la Vergine col Bambino 》 Cornice a frutta e foglie. Lavoro originale di Benedetto da Magliano. Epoca xv.",,34.8,True,none,,,
BO0624_5508,56093,287,284,DUE ALLEGORIE BIBLICHE. Due quadri dipinti ad olio su tela entro ricche cornice di legno intagliato e dorato.,,43.7,True,none,,,
BO0624_5508,56094,288,286,DUE ANTICHI VASI portafiori in bronzo dorato con 2manici.,,43.7,True,none,,,
BO0624_5508,56095,289,285,"DUE PICCOLI COMODINI di forma centimata in bois de rose, intarsiati di vari legni, con bronzi cesellati e dorati. Piano in marmo rosso di Verona.",,37.1,True,none,,,
BO0624_5508,56096,290,288,"FIGURA DI PUTTO alato, in legno policromato e",,45.1,True,none,,,
BO0624_5508,56097,291,289,"DUE ANTICHI VASETTI portaficri, in bronzo dorato,",,41.5,True,none,,,
BO0624_5508,56098,292,290,BELLA ZUPPIERA di forma rotonda a due manici e coperchio sormontata da un putto. Porcellana di Sassonia. Decorazione di fiori a colori policromi su fondo bianco.,,35.4,True,none,,,
BO0624_5508,56099,293,291,"HANAP, in antica maiolica degli Abruzzi.",,39.2,True,none,,,
BO0624_5508,56100,294,292,ANTICA TABACCHIERA in rame smaltato color arancio. Nel coperchio miniatura rappresentante paesaggio.,,35.7,True,none,,,
BO0624_5508,56101,295,293,QUADRO rina con figure. Cornice di legno dorata.,,38.9,True,none,,,
BO0624_5508,56102,296,294,DUE PORTA FIORI in antica maiolica 《Moustier &gt;. tessuto con fiori a colori ed argento su fondo rosa. All'ingiro frangia di seta.,,37.8,True,none,,,
BO0624_5508,56103,297,295,"TAPPETO da tavolino in antico broccato Veneziano,",,41.4,True,none,,,
BO0624_5508,56104,298,296,"PLACCA in antica maiolica degli iAbbruzzi,decorazione a soggetto mitologico con figure e paesaggi. Cornice di legno dorato.",,37.2,True,none,,,
BO0624_5508,56105,299,297,"DUE SALIERE in antica porcellana di Sassonia, decorate da volatili e lumeggiature in oro su fondo bianco.",,40.0,True,none,,,
BO0624_5508,56106,300,298,PAESAGGIO CON VOLATILI. Scuola fiamminga. Quadro dipinto ad olio su tela entro cornice di legno nero ed oro.,,40.5,True,none,,,
BO0624_5508,56107,301,299,"GRANDE SPECCHIERA in legno intagliato e dorato con cimasa decorata da teste di leoni, voluteefoglie. Epoca Luigi XVI.",,50.5,True,none,,,
BO0624_5508,56108,302,300,"CONSOLLE in legno intagliato e dorato, gambe piramidali e medaglione alla fascia. Piano in antico marmo bianco e nero. Epoca Luigi XVI.",,45.0,True,none,,,
BO0624_5508,56109,303,301,《Rosa da Tivoli》(maniera) QUADRO dipinto ad olio cascata di,,38.7,True,none,,,
BO0624_5508,56110,304,302,DUE VASETTI da farmacia in antica maiolica di Sa-,,43.9,True,none,,,
BO0624_5508,56111,305,303,"SCRIVANIA A BANCONE in mogano, sorretta da 8 colonnine con base e capitelli in bronzo cesellato e dorato. Stile Impero.",,37.6,True,none,,,
BO0624_5508,56112,306,304,"ANTICO MENSOLONE porta vaso in legno intagliato e dorato, decorato da un mascherone con volute. Epoca XVII secolo.",,46.9,True,none,,,
BO0624_5508,56113,307,305,"Borgognoni (maniera) QUADRO dipinto ad olio su tela entro cornice di legno intagliato e dorato, rappresentante Battaglia di cavalieri.",,38.2,True,none,,,
BO0624_5508,56114,308,306,ZUCCHERIERA in antica porcellana tedesca a fiori con coperchio.,,43.2,True,none,,,
BO0624_5508,56115,309,307,PICCOLO GRUPPO in antico bisquit di Capodimonte,,34.9,True,none,,,
BO0624_5508,56116,310,308,FIORIERA in antica porcellana del Giappone montata in bronzo cesellato e dorato.,,42.8,True,none,,,
BO0624_5508,56117,311,309,COPIA DI UNA ANTICA URNA cristiana in vetro di Murano a due manici con coperchio. Nel centro medaglione smaltato a colori con iscrizioni.,,34.2,True,none,,,
BO0624_5508,56118,312,310,DUE AQUILE per guarnizioni di um mobile in bronzo patinato;epoca Impero.,,41.9,True,none,,,
BO0624_5508,56119,313,311,PIATTO di forma rotonda in antica porcellana di Sassonia. Decorazioni a fiori policromi su fondo bianco con bordo graffito.,,40.4,True,none,,,
BO0624_5508,56120,314,312,RARA GUARNIZIONE PER CAMINETTO composta di un piccolo orologio a sveglia e due vasetti per fiori di forma medicea sopra base quadrata. Il tutto in madreperla guarnita di bronzi finamente ce-,,30.6,True,none,,,
BO0624_5508,56121,315,313,DUE SOPRAPORTE in legno finemente intagliato e dorato su fondo laccato colore avorio. Nel centro bouquets di fiori dipinti ad olio su tela. Epoca Luigi XV.,,42.7,True,none,,,
BO0624_5508,56122,316,314,DUE QUADRI dipinti ad olio su tela rapp. frutta e fiori. Cornice di legno dorato.,,43.8,True,none,,,
BO0624_5508,56123,317,315,ANTICA POLTRONA in noce con braccioli dritti e fiamme alla spalliera. Ricoperta di cuoio di Cordova,,46.0,True,none,,,
BO0624_5508,56124,318,316,"GRANDE TAVOLO da centro in noce, sorretto da due mensoloni, scolpito sullo stile del xvI secolo.",,39.2,True,none,,,
BO0624_5508,56125,319,317,GRANDE FIGURA in bronzo patinato rappresentante un Gladiatore.,,42.5,True,none,,,
BO0624_5508,56126,320,318,RITRATTO DI CARDINALE dipinto ad olio su tela entro cornice di legno intagliato e dorato.,,45.5,True,none,,,
BO0624_5508,56127,321,319,"CANDELIERE in bronzo patinato, formato da un putto che guida un delfino (copia del museo di Napoli). Altezza m.0,25.",,42.0,True,none,,,
BO0624_5508,56128,322,320,"PANDANTIF a forma di core con catena, in argento traforato con strasse.",,41.2,True,none,,,
BO0624_5508,56129,323,321,RITRATTO DI CARDINALE dipinto ad olio sopra,,48.1,True,none,,,
BO0624_5508,56130,324,322,NUMERO DIECI BOTTONI in madreperla intarsiati in acciaio con strasse nel centro. Astuccio in cuoio lavorato a piccoli ferri con dorature. Epoca Luigi XVI.,,42.0,True,none,,,
BO0624_5508,56131,325,323,"VASO DA FARMACIA forma cornetto in antica maiolica di Cafaggiolo, bleue bianco con stemma nel corpo del vaso.",,39.1,True,none,,,
BO0624_5508,56132,326,324,"SPLENDIDO E RARO ARAZZO tessuto in seta e lana a colori, dell'antica fabbrica di Aubusson con soggetto Mitologico raffigurante l'interno di una sala di un palazzo, con gruppo di animali quadrupedi scimmie e pappagalli. Bella bordura a fiori e frutti.Perfetto stato di conservazione.",,28.2,True,none,,,
BO0624_5508,56133,327,325,ALTRO DETTO del tutto simile al precedente raffigua chiaro scuro.Bella bordura a fiori e frutti. Perfetto stato di conservazione.,,38.1,True,none,,,
BO0624_5508,56134,328,326,"DUE ANTICHE POLTRONE in noce con braccioli a riccio e fiamme dorate, ricoperte di velluto controtagliato in seta verde su fondo giallo.",,38.6,True,none,,,
BO0624_5508,56135,329,327,ANTICO VASO per fiori di stile orientale in bronzo patinato con 2 manici e rifessi dorati. Sua base di legno ferro lavorata a traforo.,,37.8,True,none,,,
BO0624_5508,56136,330,330,ARCHITTETTURA CON FIGURE (Scuola fiamminga) qnadro dipinto ad olio su tela entro cornice di legno,,48.1,True,none,,,
BO0624_5508,56137,331,328,PICCOLA FONTANA da muro con sua vaschetta in antica maiolica di Mustier. Decorata sa soggetti Mitologici a colori policromi su fondo bianco,,36.8,True,none,,,
BO0624_5508,56138,332,329,"PARAVENTO a 4 telai, ricoperto di stoffa in seta rossa, lamata in oro, guarnito di gallone e bolloni in metallo",,40.9,True,none,,,
BO0624_5508,56139,333,331,"DUE ANTICHE SFINGI DI DONNA, seolpite in noce,",,35.2,True,none,,,
BO0624_5508,56140,334,332,UNA VEDUTA DEL CANAL GRANDE A VENEZIA,,26.3,True,none,,,
BO0624_5508,56141,335,333,"DUE QUADRI Bassano (Maniera) dipinti ad olio su tela rappresentanti paesaggio con figure. Cornice di legno dorato. M.1,60 X 1,20.",,41.2,True,none,,,
BO0624_5508,56142,336,334,SPLENDIDO E RARO MOBILE a lue corpi in noce late con base e capitelli intagliati. Bell'esemplare di,,41.0,True,none,,,
BO0624_5508,56143,337,335,"ANTICO COLLIER PER SIGNORA con broche, in argento lavorato sullo stile di Luigi XV, guarnito di smeraldi e diamanti.",,45.3,True,none,,,
BO0624_5508,56144,338,336,"PIATTO di forma rotonda in antica maiolica di Faenza, decorazione a colori policromi, con un putto nel centro. Cornice in legno. (Difettoso).",,38.8,True,none,,,
BO0624_5508,56145,339,337,"BOCALE e CATINO in antica porcellana di Capodimonte marca oro, decorati da frutta di mare dorati su fondo bianco. Manico della coppa formato da un ramo ad imitazione corallo.",,36.0,True,none,,,
BO0624_5508,56146,340,338,PICCOLISSIMA SCATOLA in argento dorato con una corniola nel coperchio.,,50.0,True,none,,,
BO0624_5508,56147,341,339,DUE CONSOLINE di forma mezza tonda in 《bois-de-,,40.4,True,none,,,
BO0624_5508,56148,342,340,TAPPETINO DI VELLUTO contratagliato in seta color rosso su fondo bianco con fodera e gallone d'argento all ingiro.,,39.8,True,none,,,
BO0624_5508,56149,343,341,DUE COMODINI 《bois-de-rose &gt; intarsiati da vari legni con piani di marmo giallo e nero di Portovenere.,,44.4,True,none,,,
BO0624_5508,56150,344,342,342. BELLA CORNICE in legno intagliato e dorato con mascheroni in rilievo. Epoca xvI secolo.,,43.0,True,none,,,
BO0624_5508,56151,345,343,343. GRANDE SPECCHIERA in noce guarnita. di sfngi ed intagli dorati.Epoca Impero.,,39.2,True,none,,,
BO0624_5508,56152,346,344,QUATTRO SPLENDIDE CANTONIERE in legno di noce intagliate e dorate di stile Roccaille sopra fondo laccato color avorio. Piano in rara agata orientale.,,35.5,True,none,,,
BO0624_5508,56153,347,345,BEL CASSONE NUZIALE in noce scolpito con ornati putti in rilievo e stemma gentilizio nel mezzo della fronte. Sorretto da 4 piedi a zampe di leone. Epoca xVI secolo.,,34.9,True,none,,,
BO0624_5508,56154,348,346,"SPLENDIDO PICCOLO TAVOLINO in antica porcellana di Milano con paesaggio a colori ipolicromi,su fondo bianco. Piede a tripode con fiori a colori e foglie dorate. Oggetto raro e da collezione.",,40.5,True,none,,,
BO0624_5508,56155,349,347,"SERVIZIO DA SALOTTO in legno intagliato e dorato composto di un piccolo divano, due poltrone e quattro sedie, con piani tessuti in canna d'India. Stile Luigi XVI.",,39.6,True,none,,,
BO0624_5508,56156,350,348,"DUE PICCOLE PLACCHE in legno intagliato e dorato con luce di specchio nel centro. Epoca Luigi XVI. M. 0,45 X 0,25.",,48.0,True,none,,,
BO0624_5508,56157,351,349,PICCOLA CORNICE di forma ovale. Epoca Luigi XVI.,,51.3,True,none,,,
BO0624_5508,56158,352,350,ANTICO ANELLO per signora in oro con rubino.,,40.4,True,none,,,
BO0624_5508,56159,353,351,FIBBIA per cintura in strasse e pietre colorate montata in argento.,,43.4,True,none,,,
BO0624_5508,56160,354,352,"ANTICO PIATTO di forma rotonda, centinato, in rame",,43.0,True,none,,,
BO0624_5508,56161,355,353,ANTICO E RARO MOBILE A SEGRETAIRE im bois-de-rose guarnito di bronzi cesellati e dorati e,,38.4,True,none,,,
BO0624_5508,56162,356,354,TRONCA COLONNA di breccia corallina con base e capitello in marmo bianco intagliato.,,43.8,True,none,,,
BO0624_5508,56163,357,355,DUE GRANDI VASI in porcellana del Giappone lac-,,36.5,True,none,,,
BO0624_5508,56164,358,356,GRANDE VASO in bisquits di Capodimonte di forma ovale. Decorazione del corpo del vaso con soggetti mitologici in rilievo. Montatura in bronzo cesellato e dorato.,,35.4,True,none,,,
BO0624_5508,56165,359,357,DUE ANTICHE SPECCHIERE barocche a forma di placca in legno intagliato e dorato con cimasa ornata da mascheroni foglie e volute.,,37.5,True,none,,,
BO0624_5508,56166,360,358,"ANTICA POLTRONA di noce con braccioli a riccio e fiamme dorate, ricoperte di damasco in seta color verde.",,43.1,True,none,,,
BO0624_5508,56167,361,359,"ANTICA SPECCHIERA barocca a forma di placcain legno intagliato e dorato, con sfingi di donna e ma-",,43.9,True,none,,,
BO0624_5508,56168,362,360,DUE SEDIE Veneziane in noce dipinte a colori con paesaggi fiori e mascheroni sopra fondo laccato color verde. Epoca Luigi XV.,,47.4,True,none,,,
BO0624_5508,56169,363,361,DUE COMMODES in noce intarsiati di giallo angelino,,41.1,True,none,,,
BO0624_5508,56170,364,362,SEI BOTTONI in argento con strasse ed ametiste.,,47.7,True,none,,,
BO0624_5508,56171,365,363,"ANTICO DIVANO in noce intagliata e dorata sopra fondo laccato color verdino,di forma centinata con spalliera e braccioli a lumaca. Epoca Luigi XV.",,44.5,True,none,,,
BO0624_5508,56172,366,364,GUARNIZIONE DA CAMINETTO in porcellana bianca di Capodimonte composta di un orologio e due candelabri decorati con figure di donna e frutti.,,35.1,True,none,,,
BO0624_5508,56173,367,365,"BELLO OROLOGIO a cartel in bronzo finemente cesellato e dorato con teste di ariete festoni ed un vasetto in alto. Quadrante smaltato firmato Olin, a Paris. Luigi XVI.",,40.7,True,none,,,
BO0624_5508,56174,368,366,"PIATTO di forma rotonda in antica maiolica d'Urbino, con decorazione di stile Raffaellesco. Nel centro medaglione con figura di cavaliere (difettoso).",,35.8,True,none,,,
BO0624_5508,56175,369,367,PICCOLO GRUPPO in porcellana bianca di Capodimonte formato da tre amorini.,,46.0,True,none,,,
BO0624_5508,56176,370,368,CONSOLLE in mogano con colonne di ebano con basi e specchiera d'accompagno sorretta da 2 leoni scolpiti,,45.0,True,none,,,
BO0624_5508,56177,371,369,"FRUTTA, quadro dipinto ad olio su tela entro ricca cornice intagliata e dorata",,55.9,True,none,,,
BO0624_5508,56178,372,370,"SPLENDIDA GUARNIZIONE da caminetto in marmo bigio antico e bronzo dorato e patinato. L'orologio a forma di tempio con 2 sfingi di donna in bronzo patinato ai lati del quadrante e festoni di frutta in altoealla base;i due candelabri con sette bracci ciascuno in bronzo cesellato e dorato sostenutida due fori volanti in bronzo patinato.Epoca Luigi XVI Alt. dellorologio m. 0,90 X 0,80. Alt. dei candelabri m. O,95.",,21.3,True,none,,,
BO0624_5508,56179,373,371,"GRANDE QUADRO (Albani maniera) dipinto ad olio su tela formato da gruppo di figure, entro paesaggio; Bella composizione, e di colorito molto vivace.",,35.7,True,none,,,
BO0624_5508,56180,374,372,DUE ANTICHI QUADRETTI rappr. marine con pae-,,37.6,True,none,,,
BO0624_5508,56181,375,373,"ANTICO DAMASCO, m. 16 circa, in seta colore verde.",,41.1,True,none,,,
BO0624_5508,56182,376,374,"TRE SEDIE in noce intagliate ricoperte in cuoio lavorato a piccoli ferri con dorature, portanti lo stemma dell'Ecc. casa Barberini.",,38.3,True,none,,,
BO0624_5508,56183,377,375,"RITRATTO di un giovane poeta in costume del XVIII secolo, dipinto ad olio su tela, entro cornice di legno",,42.4,True,none,,,
BO0624_5508,56184,378,376,"DUE VASI PORTAFIORI in vetro di Murano color bleu, montati in bronzo cesellato e dorato, con due manici formati da ippocrifi.",,38.5,True,none,,,
BO0624_5508,56185,379,377,"VASO DA FARMACIA forma brocchetta,in antica maiolica di Cafaggiolo, decorazione bleu su fondo bianco.",,36.1,True,none,,,
BO0624_5508,56186,380,378,DUE CANDELABRI in bronzo cesellato e dorato con 7 bracci ciascuno; decorati da teste d'Ariete e sfingi di donna. Epoca Luigi XVI.,,49.5,True,none,,,
BO0624_5508,56187,381,379,"MINIATURA SOPRA AVORIO, rappresentante ritratto di giovane in costume del XVilI secolo entro",,36.9,True,none,,,
BO0624_5508,56188,382,380,SPLENDIDO COLLIER per signora in rubini orien-,,36.0,True,none,,,
BO0624_5508,56189,383,381,PLACCA in legno intagliato e dorato di forma centinata con ricca cimasa e luce di specchio nel centro,,39.8,True,none,,,
BO0624_5508,56190,384,382,DUE GRANDI APPLIQUES in bronzo cesellato e dorato a 9 bracci ciascuna per candele sostenute da una figura di fauno.,,44.4,True,none,,,
BO0624_5508,56191,385,383,"PICCOLA SPECCHIERA BAROCCA, a forma di placca in legno intagliato a scartoccio e dorato.",,42.7,True,none,,,
BO0624_5508,56192,386,384,"PIATTO di forma rotonda in antica maiolica d'Urbino rapp. soggetto storico; smaltato a colori policromi. Diametro O,30 (Restaurato).",,38.1,True,none,,,
BO0624_5508,56193,387,385,"DUE POLTRONE IN NOCE con tortiglioni e braccioli a riccio, ricoperte di stoffa in seta rossa a ramage.",,44.0,True,none,,,
BO0624_5508,56194,388,386,SPECCHIERA da caminetto in mogano con ricca cimasa intagliata e dorata. In alto vetro graffito con soggetto mitologico. 1 Epoca Impero.,,40.0,True,none,,,
BO0624_5508,56195,389,387,"FIORI, quadro dipinto ad olio su tela. M. 0,55 X m. 0,70.",2247.0,73.8,False,none,,,
BO0624_5508,56196,390,388,ZUPPIERA di forma ovale con 2 manici e coperchio in antica porcellana di Sax (Marcolini). Decorazione di fiori a colori policromi su fondo bianco.,,34.5,True,none,,,
BO0624_5508,56197,391,389,"FRUTTA E FIORI, 2 quadri dipinti ad olio su tela di bella composizione entro cornici di legno intagliate e dorate",,41.2,True,none,,,
BO0624_5508,56198,392,390,"STATUETTA in antica porcellana di Sassonia a colori policromi, rappresentante una figura di vecchiol' Inverno sopra zoccolo lumeggiato in oro.",,37.2,True,none,,,
BO0624_5508,56199,393,391,"SCUOLA FIAMMINGA, Cacciatore con selvaggina. Quadro dipinto ad olio su tela, entro ricca cornice di legno intagliato e dorato.",,33.9,True,none,,,
BO0624_5508,56200,394,392,COPERTA di antico damasco in seta color cremisi con frangia a granoni all'ingiro.,,44.8,True,none,,,
BO0624_5508,56201,395,393,STATUETTA in antica porcellana di Sassonia a colori policromi rappresentante una figura di vecchio (i'In-,,39.5,True,none,,,
BO0624_5508,56202,396,394,"BEL VASO in porcellana di serres smaltato a colore, con figure di soggetto mitologico a chiaro scuro, su fondo color violetto.Montate con 2manici in bronzo cesellato e dorato.",,31.2,True,none,,,
BO0624_5508,56203,397,395,CONSOLINA in legno intagliato e dorato con piano in marmo rosso e sua sopra specchiera d'accompagno.,,38.2,True,none,,,
BO0624_5508,56204,398,396,"DUE RARI VASETTI in antico vetro di Murano bleu montati in bronzo cesellato e dorato, con teste di Serafino alato e 2 manici. Epoca XVII secolo.",,35.0,True,none,,,
BO0624_5508,56205,399,397,SCRIVANIA da tavolino in noce intarsiata in avorio con giuoco dama. Epoca XVII.,,38.3,True,none,,,
BO0624_5508,56206,400,399,PICCOLA SCATOLA di forma rotonda in cristallo di,,43.6,True,none,,,
BO0624_5508,56207,401,400,PARATO PER UNA SALA di velluto controtagliato,,33.6,True,none,,,
BO0624_5508,56208,402,401,"DUE VASI in antica porcellana del Giappone, forma Potiche con coperchio, decorazione di personaggi e fiori a colori con riflessi in oro su fondo bianco.",,33.6,True,none,,,
BO0624_5508,56209,403,402,DUE CANDELABRI in bronzo cesellato e dorato a7 bracci ciascuno sopra base di forma triangolare con,,40.0,True,none,,,
BO0624_5508,56210,404,403,ANTICA LUCERNA romana in argento a quattro,,42.0,True,none,,,
BO0624_5508,56211,405,404,PIATTO a forma di foglia in antica porcellana di Sassonia (Marcolini) con decorazione in bleu su fondo bianco.,,37.2,True,none,,,
BO0624_5508,56212,406,405,"DUE QUADRETTI di scuola veneziana, dipinti ad olio Cornici colore bleu ed oro.",,40.0,True,none,,,
BO0624_5508,56213,407,406,"QUATTRO SPLENDIDE BANDE in antico arazzo Aubusson,tessuto in seta con emblemi della musica e festoni di fiori a colori di stile Luigi XV su fondo bianco.",,33.5,True,none,,,
BO0624_5508,56214,408,407,"ANTICO BUREAU in noce con alzata a due sportelli e piano calatore, in radice di noce con scorniciature. Alt.totalem.2,90X1.",,38.9,True,none,,,
BO0624_5508,56215,409,408,DUE PLACCHE in legno intagliato e dorato con luci di specchio nel centro. Epoca Luigi XV.,,42.5,True,none,,,
BO0624_5508,56216,410,409,"GRUPPO in antico bisquit di Capodimonte, rappre-",,36.2,True,none,,,
BO0624_5508,56217,411,410,"COPPA in antica majolica “ Castelli "", fondo bleu con",,41.8,True,none,,,
BO0624_5508,56218,412,412,PICCOLO DIVANO di forma centinata in legno i tagliato e dorato con bracciuoli a lumaca. Epoca inLuigi XV.,,45.5,True,none,,,
BO0624_5508,56219,413,411,"SEI POLTRONE in legno di noce intagliata e dorata, su fondo laccato colore avorio; spalliera a traforo, piano tessuto in canna d'India. Stile Luigi XVI.",,35.4,True,none,,,
BO0624_5508,56220,414,413,"GRANDE E BELLA CONSOLLE barocca in legno intagliato e dorato con traverse, decorata da mascheroni, volute e teste di donna. Piano in antico diaspro di Sicilia.",,34.4,True,none,,,
BO0624_5508,56221,415,414,"GRANDE E RICCA SPECCHIERA veneziana barocca in legno intagliato e dorato con fiori, foglie e volute.",,40.8,True,none,,,
BO0624_5508,56222,416,415,"GRANDE OROLOGIO da caminetto in bronzof finemente cesellato e dorato, formato da un vaso a due manici sopra base di forma rettangolare, decorato da putti e festoni. Epoca Luigi XVI.",,31.3,True,none,,,
BO0624_5508,56223,417,416,"CONSOLLE a tavolino in noce, guarnita d'intagli dorati. Epoca Luigi XVI. 416-bis. PICCOLA SCRIVANIA da signora di forma centinata stile Luigi XVI, inglese, in mogano intagliato. Metri 1 X 0,50.",,31.2,True,none,,,
BO0624_5508,56224,418,417,RITRATTO di Luigi XIV Scuola Francese 《Guido Di Bagno&gt; Quadro dipinto ad olio su tela entro cornice intagliata e dorata.,,32.2,True,none,,,
BO0624_5508,56225,419,418,"SEI RARE SEDIE veneziane in legno,interamente intagliate, di forma centinata, ricoperte di stoffa broccata in seta con fiori a colori su fondobianco. Epoca Luigi XIV.",,30.7,True,none,,,
BO0624_5508,56226,420,419,"BELLA PLACCA veneziana in legno intagliato e dorato, con luce di specchio. Epoca Luigi XV.",,38.1,True,none,,,
BO0624_5508,56227,421,420,"RITRATTO di una santa ("" Guercino""). Quadro di bel colorito, dipinto ad olio su tela entro cornice, intagliato e dorato.",,37.3,True,none,,,
BO0624_5508,56228,422,421,"GRANDE VASO in antica porcellana di Sevres, smaltato color bleu con lumeggiature in oro su fondo bianco. Manici formati da teste di Ariete.",,32.8,True,none,,,
BO0624_5508,56229,423,422,"LAMPADA in argento cesellato, formata da un Mercurio volante sopra base di forma rotonda. (Ridotta",,33.5,True,none,,,
BO0624_5508,56230,424,423,"DODICI ANTICHI PIATTI di forma centinata in argento tirati a martello, con bordo cesellato, portanti il bollo pontificio.",,41.6,True,none,,,
BO0624_5508,56231,425,424,"BEL MOBILE a bureau con alzata in radice di noce decorato da colonnine con capitelli e basi in bronzo cesellato e dorato. Sportello calatore, con tiretti a segreto interno e luce di specchio. Epoca Luigi XVI. Alt. totale m.1,90 X 1,95.",,28.3,True,none,,,
BO0624_5508,56232,426,425,DUE PICCOLE SPECCHIERE veneziane in legno intagliato e dorato su fondo laccato color avorio. Epoca Lugi XV.,,40.2,True,none,,,
BO0624_5508,56233,427,426,"BEL VASO in antica majolica di Napoli (Giustiniani), di forma campana, interamente traforato. Manici formati da sfingi di donna.",,33.5,True,none,,,
BO0624_5508,56234,428,427,GUARNIZIONE DA CAMINETTO in bronzo cesellato,,34.0,True,none,,,
BO0624_5508,56235,429,428,"PAESAGGIO con animali e figure, dipinto ad olio sopra tela entro cornice dorata.",,38.0,True,none,,,
BO0624_5508,56236,430,429,", DUE VASI in antica porcellana della Cina, con piccole figure e fiori a colori policromi su fondo bianco. Mon-tati in bronzo cesellato e dorato, con bouquets di fiori nel coperchio, formanti un candelabro ad otto bracci. Alt. m. 0,90.",,26.9,True,none,,,
BO0624_5508,56237,431,430,SCRIVANIA da centro in bois-de-rose intarsiata di vari,,43.1,True,none,,,
BO0624_5508,56238,432,431,DUE PICCOLE GRATELLE in ferro forgiatoe dorato. Epoca xv secolo.,,39.7,True,none,,,
BO0624_5508,56239,433,432,"PICCOLA E BELLA CAFFETTIERA con coperchio in antica porcellana di Sassonia, con medaglioni rappresentanti marine, e figure smaltate a colori poli-",,37.4,True,none,,,
BO0624_5508,56240,434,433,"ANTICA TABACCHIERA in ""Vernie Martin"" con gruppi di putti e fiori a colori policromi, interno in tartaruga.",,39.0,True,none,,,
BO0624_5508,56241,435,434,"RARO CENTRO PER TAVOLA in antica porcellana di Sassonia,con decorazione di stile orientale a colori policromi su fondo bianco. Bordi dorati e due stemmi gentilizi in rilievo ai lati.",,32.8,True,none,,,
BO0624_5508,56242,436,435,DUE ANTICHE CONSOLINE semicircolari di stile barocco in legno intagliato e dorato. Piano di marmo bigio.,,38.6,True,none,,,
BO0624_5508,56243,437,436,"OROLOGIO in palisandro ad occhio di bue, con pie-duccio in bronzo dorato. Epoca Luigi XV.",,45.0,True,none,,,
BO0624_5508,56244,438,437,"VASO da farmacia, forma Alberello, in antica majolica degli Abbruzzi, decorazione a figure policromate su fondo bianco. DUE PICCOLI TORCERI veneziani, formati da una",,35.2,True,none,,,
BO0624_5508,56245,439,438,"PICCOLO TAVOLO di forma rotonda in noce,intarsiato di vari legni. Stile Luigi XVI.",,47.2,True,none,,,
BO0624_5508,56246,440,439,"DUE PICCOLI TORCERI veneziani, formati da una figura di donna, scolpiti in legno dorato.",,46.7,True,none,,,
BO0624_5508,56247,441,440,"VASO da farmacia in antica majolica degli Abbruzzi, decorazione con soggetto mitologico a colori policromi.",,39.0,True,none,,,
BO0624_5508,56248,442,441,COFANETTO in noce intarsiato. Epoca xvI secolo.,,38.5,True,none,,,
BO0624_5508,56249,443,442,"PICCOLO PIATTO in maiolica degli Abbruzzi,decorazione di putti e fiori a colori su fondo bianco.",,40.5,True,none,,,
BO0624_5508,56250,444,443,OROLOGIO a Cartel in bronzo cesellato e dorato di stile roccaile e quadrante smaltato;e tutta suoneria.,,40.0,True,none,,,
BO0624_5508,56251,445,444,"TEJERA in antica porcellana della Cina, famiglia verde, decorata con piccole figure e fiori a colori policromi su fondo bianco. Suo astuccio in vimini.",,33.8,True,none,,,
BO0624_5508,56252,446,445,COPERTA DI DAMASCO in seta color cremisi dit stile xvI secolo.,,37.1,True,none,,,
BO0624_5508,56253,447,446,"DUE COLONNE a tortiglione portavasi di stile vene- bis.GRANDE VASCA di stile orientalein rame smaltato (Claissonne), decorazione di volatili e fiori a colori",,31.8,True,none,,,
BO0624_5508,56254,448,447,ANTICO E RARO PORTAGIOIE in lapislazzoli di bis.PICCOLA CORNICE in legno finemente intagliato e dorato. Epoca Luigi XVI.,,37.4,True,none,,,
BO0624_5508,56255,449,447bis,PICCOLA CORNICE in legno finemente intagliato e dorato. Epoca Luigi XVI.,,40.3,True,none,,,
BO0624_5508,56256,450,448,"《GOUACHE》sopra pergamena, rappresentante 《Les Remparts &gt;. Cornice di legno intagliato e dorato. M. 0,60 X 0,30.",,32.7,True,none,,,
BO0624_5508,56257,451,449,"ANTICA CORNICE a tabernacolo in legno intagliato e dorato con serafini alati, scolpiti in rilievo.",,42.6,True,none,,,
BO0624_5508,56258,452,450,"PIATTO di forma ovale, in antica maiolica d'Urbino con bordo a baccelli e stemma nel centro a colori policromi.",,42.8,True,none,,,
BO0624_5508,56259,453,451,PICCOLO TAVOLINO DA CENTRO in noce intar-,,52.4,True,none,,,
BO0624_5508,56260,454,452,DUE GRANDI VASI di stile orientale in rame smaltato (Claissoturquoise); decorazione d'insetti e fiori a policromi su fondo 《bleu boisquaise 》.,,32.4,True,none,,,
BO0624_5508,56261,455,453,"SPLENDIDA GUARNIZIONE PER SALONE in legno intagliato e dorato sullo stile di Luigi XV, composto tutto ricoperto dia antico arazzo 《Aubusson》 tessuto in seta con 《bouquets》 di fiori a colori su fondo bianco.",,29.1,True,none,,,
BO0624_5508,56262,456,454,"DUE《POTICHES》con coperchio in antica porcellana della Cina, famiglia verde. Decorazione di paesaggi con figure a colori p policromi su fondo bianco.Sopra al coperchio,una chimera dorata.",,31.5,True,none,,,
BO0624_5508,56263,457,455,ANTICA PICCOLA SCATOLA in rame smaltatocolor,,41.5,True,none,,,
BO0624_5508,56264,458,456,PARAVENTO a quattro telai ricoperto di Broccatello e giallo con gallone e bolloni metallo nello stile del XVI secolo.,,36.8,True,none,,,
BO0624_5508,56265,459,457,CATENINA DA COLLO per signora in oro con perle scaramazze ed ametiste.,,42.4,True,none,,,
BO0624_5508,56266,460,458,"ANTICO COLLIER per signora, in oro cesellato sullo stile del xvI secolo con teste di serafini alati, guarnito di smeraldi,rubini e piccole perle orientali.",,34.1,True,none,,,
BO0624_5508,56267,461,459,BELLA CORNICE di stile Barocco in legno intagliato e dorato a foglie e volute. Epoca xvll secolo.,,35.1,True,none,,,
BO0624_5508,56268,462,460,"(Pannini). - OTTO SPLENDIDI QUADRI dipinti ad olio sopra tela, rappresentanti Architetture con figure in costume veneziano. Bella composizione e colorito molto vivace.",,35.7,True,none,,,
BO0624_5508,56269,463,461,"TRE RARE BANDE, in antico arazzo Aubusson tessuto in seta a colori vari, su fondo color crema; decorazione a piccole figure mitologiche, fiori ed ornati.",,32.4,True,none,,,
BO0624_5508,56270,464,462,SCRIVANIA per signora di forma ovale in mogano filettato in metallo. Stile Impero.,,43.2,True,none,,,
BO0624_5508,56271,465,463,PICCOLA SCATOLA in antica porcellana di Sassonia decorazione di fiori a colori su fondo bianco. Nel coperchio miniatura con paesaggio. Montatura in bronzo dorato.,,35.7,True,none,,,
BO0624_5508,56272,466,464,PICCOLO DIVANO E CINQUE SEDIEin legno laccato color avorio con lumeggiature in oro. Spalliera traforata a lira. Sedile ricoperto di stoffa in seta color rosa a fiori. Epoca Luigi XVI.,,31.8,True,none,,,
BO0624_5508,56273,467,465,OROLOGIO DA CAMINETTO in bronzo cesellato e dell' Imperatore Napoleone pogdorato con figura giato sul quadrante. Epoca Impero.,,35.1,True,none,,,
BO0624_5508,56274,468,466,"PICCOLA CONSOLLE di forma centinata in legno intagliato e dorato, con piano in diaspro di Sicilia. Epoca Luigi XV.",,39.8,True,none,,,
BO0624_5508,56275,469,467,RITRATTO DI UN PERSONAGGIO in costume del xvIl1 secolo (Perruccone). Quadro dipinto ad olio su tela entro cornice intagliata e dorata.,,33.7,True,none,,,
BO0624_5508,56276,470,468,"DUE ANTICHI CUCCHIAI,UN TRINCIANTE E DUE FORCHETTONI in argento, portanti lo stemma della EE. Casa Borghese.",,34.1,True,none,,,
BO0624_5508,56277,471,469,RARA COPERTA di antico damasco colore verde. Epoca xvI secolo.,,40.3,True,none,,,
BO0624_5508,56278,472,470,"BEL VASO in antica porcellana della Cina famiglia verde, decorazione di fiori e volatili a colori su fondo bianco. Alte m. 0.60, diam. 0,30.",,35.6,True,none,,,
BO0624_5508,56279,473,470bis,"470 bis.QUATTRO SEDIE in noce laccate color avorio e lumeggiate in oro. Spalliera a traforo, sedile ricoperto di stoffa in seta a fiori. Epoca Luigi XVI.",,32.4,True,none,,,
BO0624_5508,56280,474,471,PICCOLA CONSOLLE in legno intagliatoe dorato con traverse e teste di Ariete scolpite.Piano in diaspro di Sicilia.,,38.8,True,none,,,
BO0624_5508,56281,475,472,"GIULIO ROMANO ""La Madonna,il bambino e San Giovanni"", quadro dipinto ad olio su tavoli con pae- saggio entro ricca cornice intagliata e dorata.",,32.2,True,none,,,
BO0624_5508,56282,476,473,"DUE VASI, forma cornetto,in tati in bronzo cesellato e dorato. (Unc: difettoso).",,35.2,True,none,,,
BO0624_5508,56283,477,474,PICCOLO TAVOLO DA CENTRO in 《bois-de-rose 》 intarsiato di varii legni. Stile Luigi XV.,,43.2,True,none,,,
BO0624_5508,56284,478,475,"GRUPPO RAPPRESENTANTE 《SIGNORACON CANE&gt; in porcellana marca Carlo Teodoro, smaltato a colori policromi (raro). bis. DUE VASI forma cornetto in antica porcellana del Giappone, con foglie e fiori a colori ipolicromi su fondo bianco. Montatura in bronzo cesellato e dorato. Alt. 0,70.",,24.9,True,none,,,
BO0624_5508,56285,479,476,"SEI RARE POLTRONCINE in legno di noce di forma centinata con braccioli ricoperte di antico arazzo recamato a piccolo punto con fiori a colori su fondo bianco. Epoca Luigi XV. bis.ANTICA CONSOLLE VENEZIANA,fondo color crema con arabeschi a colori vari. Piano in pietra rossa brecciata.",,27.2,True,none,,,
BO0624_5508,56286,480,477,"ANTICO COLLIER per Signora, in oro, guarnito di",,42.2,True,none,,,
BO0624_5508,56287,481,478,"SPLENDIDA BOITE A THE in antica aporcellana di Sax smaltata, colore violetto con medaglioni rappresentanti paesaggi e figure a colori policromi su fondo bianco. Nel coperchio fiori e frutta in rilievo.",,29.5,True,none,,,
BO0624_5508,56288,482,479,"TRIONFINO, porta dolci in bronzo cesellato e dorato, sorretto da un putto.",,39.7,True,none,,,
BO0624_5508,56289,483,480,GRUPPO in porcellana bianca di Capodimonte composto di quattrof figure rappresentante 《La partenza della Sposa 》.,,34.1,True,none,,,
BO0624_5508,56290,484,481,CIONDOLO in argento dorato formato da una sirena smaltata con piccoli rubini e smeraldi.,,37.3,True,none,,,
BO0624_5508,56291,485,482,"ANTICA PICCOLA CONSOLLE BAROCCA in legno intagliato e dorato di forma centinata; con teste di donna scolpita, piano in marmo colorato.",,38.7,True,none,,,
BO0624_5508,56292,486,482bis,"BELLA SPECCHIERA VENEZIANA, in legno intagliato e dorato; forma centinata, decorata da fiori e volatili. Epoca Luigi XV.",,34.1,True,none,,,
BO0624_5508,56293,487,483,"DUE PLACCHE VENEZIANE a forma di ventaglio in legno intagliato e dorato con luci di specchio, Stile Luigi XV.",,37.3,True,none,,,
BO0624_5508,56294,488,483bis,"ANTICO VENTAGLIO per signora, in avorio intieramente lavorato a traforo con dorature. Decorato con medaglioni miniatia colori, sopra a seta, rappresentanti soggetti famigliari con figure in costume Luigi XVI.",,29.6,True,none,,,
BO0624_5508,56295,489,484,"DUE GRANDI VASI in antica porcellana della Cina famiglia rosa con figure e fiori a colori policromi su fondobianco. Manici formati da chimere a rilievo, montatura in bronzo cesellatoe dorato con《bouquets》 di fiori in alto formante un candelabro a sette bracci.",,24.8,True,none,,,
BO0624_5508,56296,490,485,BELLA CAFFETTIERA CON COPERHIO in antica porcellana di Sax decorata da figure e fiori a colori policromi su fondo bianco. dorati. Epoca Impero.,,34.1,True,none,,,
BO0624_5508,56297,491,486,GRANDE SPECCHIERA in mogano guarnita d'intagli,,36.9,True,none,,,
BO0624_5508,56298,492,487,DUE ANTICHE CANTONIERE in legno intagliato e,,39.6,True,none,,,
BO0624_5508,56299,493,488,"DUE GRANDI SPECCHIERE con cornice di legno ad ebanolavorateasbalzo. dorato, formate con tazze e piatti in porcellana di Sassonia.",,35.5,True,none,,,
BO0624_5508,56300,494,489,"CONSOLLE A TAVOLINO in legno intagliato e dorato con piano di alabastro orientale. Epoca Luigi XVI. Lungh. m. 1,60 X 0,90. e dorato sullo stile Luigi XV, con stoffa broccata agli sportelli.",,37.5,True,none,,,
BO0624_5508,56301,495,490bis,"ANTICO VENTAGLIO per signora, in avorio lavorato a traforo con dorature.",,46.3,True,none,,,
BO0624_5508,56302,496,491,GRANDE SPECCHIERA in legno intagliato e dorato con cimasa formata da due'corni d'abbondanze ed un medaglione nel centro. Epoca Luigi XVI.,,35.2,True,none,,,
BO0624_5508,56303,497,492,CONSOLLE A TAVOLINO in mogano guarnita d'in-,,49.1,True,none,,,
BO0624_5508,56304,498,493,"BELLO OROLOGIO da tavolino a forma di tempio sorretto da quattro colonne sopra base di forma rettangolare, il tutto in marmo bianco guarnito da capitelli, fregi e sfingi in bronzo finemente cesellato e dorato.Sopra alla base, tre f figurine in biscuit di Sevres rappresentanti un guerriero, una fora, ed un bustino di Luigi XVI. Lavoro francese, stile Luigi XVI. Alto m. 0.60 X 0,40",,20.5,True,none,,,
BO0624_5508,56305,499,494,"BORGOGNONI ""Maniera"". Battaglia di Cavalieri, quadro di bella composizione dipinto ad olio su tela entro cornice dorata.",,35.0,True,none,,,
BO0624_5508,56306,500,495,BATTAGLIA DI CAVALIERI. Quadro dipinto ad olio su tela entro cornice intagliata e dorata.,,38.4,True,none,,,
BO0624_5508,56307,501,496,ZUPPIERA in porcellana di Sassonia di forma rotonda con due manici e coperchio. Decorazione di fiori a colori policromi su fondo bianco.,,34.2,True,none,,,
BO0624_5508,56308,502,497,"DUE TRIPODI porta vaso in mogano intagliato, decorati da teste e zampe di aquila scolpite. Piano in marmo bianco. Stile impero.",,42.4,True,none,,,
BO0624_5508,56309,503,498,"MANTELLA PER SIGNORA, in merletto punto di Bruxelles.",,36.4,True,none,,,
BO0624_5508,56310,504,499,"CONSOLLE in legno intagliato e dorato con traversa. Piano in marrno rosso di Verona. Epoca Luigi XV. M. 1,10 X 0,55.",,39.3,True,none,,,
BO0624_5508,56311,505,500,DUE STATUETTE in antica porcellana di Sassonia a giato in oro su fondo bianco.,,44.4,True,none,,,
BO0624_5508,56312,506,501,QUATTRO PORTIERE a due partite ciascuna ed un capriccio in antico damasco in seta color cremisi con bordure in velluto e frangia a granoni in seta. Loro tavolette in legno intagliato e dorato.,,29.7,True,none,,,
BO0624_5508,56313,507,502,PICCOLA SCATOLA in antica porcellana di Sassonia decorata a colori su fondo bianco. Montatura in bronzo dorato.,,43.9,True,none,,,
BO0624_5508,56314,508,503,IMPORTANTE MOBILE a forma di credenza con quattro sportelli di stile architettonico ; in palisandro metrici di stile certosino. In alto cimasa centinata simile. Raro lavoro italiano del xvI secolo.,,32.4,True,none,,,
BO0624_5508,56315,509,504,"SPLENDIDA GUARNIZIONE da salotto composta di un piccolo divano e quattro poltrone in legno intagliato laccato color grigio. Ricoperte di antico arazzo Aubusson, tessuto in seta a co-",,28.7,True,none,,,
BO0624_5508,56316,510,505,"SCRIVANIA di mogano filettata in metallo con bis. ANTICO GRUPPO in bronzo patinato, formato con una figura di donna, ed un amorino. Alto 0,38 X 0,20.",,36.9,True,none,,,
BO0624_5508,56317,511,506,"ANTICO OROLOGIO da tavolino in legnoi intagliato e dorato su fondo bianco decorato da bassorilievie tre figure scolpite. Epoca Luigi xvi.Quadrante smaltato, soneria ore mezz'ore, quarti.",,31.5,True,none,,,
BO0624_5508,56318,512,507,"PAIO APPLIQUES in legno intagliato e dorato di stile barocco, con due bracci ciascuna, sostenute da una sfinge di putto alato.",,37.2,True,none,,,
BO0624_5508,56319,513,508,FIGURA DI MINERVA in antica porcellana di Sassonia a colori con lumeggiature in oro su fondo bianco.,,38.3,True,none,,,
BO0624_5508,56320,514,509,BEL CENTRO per tavolo in porcellana di Sassonia formato da un trionfino porta dolci con putti in ri lievo e fiori a colori policromi su fondo bianco ed un cabaret d’accompagno.,,30.9,True,none,,,
BO0624_5508,56321,515,510,"DUE CANDELABRI in bronzo finemente cesellato e dorato, con sette bracci per candele sostenuti da tre sfingi di donne alate con base di forma triangolare. Epoca Luigi XVI.",,31.0,True,none,,,
BO0624_5508,56322,516,511,"ANTICA BOTTIGLIA in vetro di murano bleu, smaltata con fiori e festoni color bianco in rilievo.",,39.5,True,none,,,
BO0624_5508,56323,517,512,"SPLENDIDA PICCOLA SCRIVANIA da centro per signora, forma a cilindro in palisandro intarsiata da varii legni colorati, interamente decorata da bronzi finemente cesellati e dorati. Bel lavoro francese Luigi XV.",,31.9,True,none,,,
BO0624_5508,56324,518,513,"PICCOLA ANTICA LUCERNA in argento cesellato sostenuta da una figura di donna volante, in bronzo patinato. Suoi accessori e paralume.",,37.1,True,none,,,
BO0624_5508,56325,519,514,"PARATO per una sala, di velluto a giardinetto contratagliato in seta a colori sopra fondo lamato in argento composto di n.32 teli di m. 3 ciascuno formanti il totale m. 100 circa. Stile Lnigi XV.",,29.6,True,none,,,
BO0624_5508,56326,520,514bis,DUE FIGURINE in antico bisquit di Capodimonte,,29.4,True,none,,,
BO0624_5508,56327,521,515,"SPLENDIDO MOBILE Veneziano ad armadio con due sportelli, interamente dipinto a colori con ornati, festoni di frutta, medaglioni e lumeggiature in oro.",,34.8,True,none,,,
BO0624_5508,56328,522,516,PICCOLO DIVANO in noce intagliato di forma centinata con spalliera e braccioli a lumaca. Epoca Luigi XV.,,48.2,True,none,,,
BO0624_5508,56329,523,517,"GRANDE POTICHE con coperchio in antica porcellana della Cina, famiglia verde. Decorazione personaggi e foglie smaltate a colori policromi su fondo bianco.",,31.5,True,none,,,
BO0624_5508,56330,524,518,"SPLENDIDA GUARNIZIONE da salone composta di due divani e sei poltrone in legno di noce intagliato, di forma centinata con spalliera e braccioli ricoperti di damasco in seta colore cremisi, epoca Luigi XIV. bianco. Epoca Luigi XVI.",,28.8,True,none,,,
BO0624_5508,56331,525,519,"DUE ANTICHI COMMODES in noce intarsiati di giallo angelino con maniglie in bronzo, piano in marmo",,44.2,True,none,,,
BO0624_5508,56332,526,520,TRE VASETTI in antico alabastro orientale.,,46.2,True,none,,,
BO0624_5508,56333,527,521,GRANDE COMMODE in noce con scorniciature e sfingi di donna scolpite in rilievo. Epoca xvI secolo.,,35.1,True,none,,,
BO0624_5508,56334,528,522,"SEI POLTRONE in noce intagliata e dorata con braccioli,ricoperte di damasco in seta colore cremisi.Loro fodere in antico cuoio impresso. Epoca Luigi XVI.",,35.3,True,none,,,
BO0624_5508,56335,529,523,《ROSA DA TIVOLI》due splendidi grandi quadri rappresentanti animali con pastore entro paesaggio. Bella composizione e colorito molto vivace. Cornici 68 in legno intagliatoedorato.,,32.5,True,none,,,
BO0624_5508,56336,530,524,CALAMAIERA in argento cesellato composta di un calamaio porta polvere a forma di vaso con figure nel coperchio ed um campanello con manico formato da un putto. Nella base 4 ippogrif. Epoca Impero.,,29.5,True,none,,,
BO0624_5508,56337,531,525,SPECCHIERA Veneziana a forma di placca in legno intagliato e dorato. Epoca Luigi XV.,,38.3,True,none,,,
BO0624_5508,56338,532,526,DUE CANDELIERI in argento cesellato.Epocal Impero.,,37.5,True,none,,,
BO0624_5508,56339,533,527,OROLOGIO DA TAVOLINO legno intagliato e dorato con quadrante in bronzo cesellato e dorato. Epoca Luigi XVI.,,47.3,True,none,,,
BO0624_5508,56340,534,528,ANTICA PORTIERA di panno color cremisi con applicazioni di ricamo in seta. in ferro forgiato.Epoca xvll secolo.,,39.3,True,none,,,
BO0624_5508,56341,535,529,DUE CAPIFUOCO in bronzo pulimentato con piede,,44.9,True,none,,,
BO0624_5508,56342,536,530,《BORGOGNONI MANIERA》Due grandi quadri dipinti ad olio sopra tela rappresentanti battaglia di cavalieri di bella composizione. Cornici di legno dorato.,,30.9,True,none,,,
BO0624_5508,56343,537,531,"BEL PIATTO in antica maiolica Castelli, decorato a colori policromi con figure ed animali a soggetto di caccie; bordo a frutti ed ornati ed uno stemma gen-",,34.1,True,none,,,
BO0624_5508,56344,538,532,DUE ANTICHI SEDIONI in noce intagliata. Epoca xVI secolo.,,37.5,True,none,,,
BO0624_5508,56345,539,533,"《Rubens 》(maniera, Baccanale) QUADRO dipinto ad olio su tela entro cornice intagliata e dorata.",,34.2,True,none,,,
BO0624_5508,56346,540,534,"《Mario de’ Fiori 》(maniera). DUE QUADRI dipinti ad olio su tela di colorito molto vicino, rappresentanti due bouquets di fiori. Cornice in legno dorato",,30.0,True,none,,,
BO0624_5508,56347,541,535,UNO DETTO piu piccolo.,,32.8,True,none,,,
BO0624_5508,56348,542,536,"PIATTO in antica maiolica Delle Fratte, decorazioni di stile Orientale color bleu.",,41.7,True,none,,,
BO0624_5508,56349,543,537,OROLOGIO DA TAVOLINO a forma di tempio in noce con intarsi di giallo angelino e bronzi cesellati e dorati. Epoca Impero.,,47.3,True,none,,,
BO0624_5508,56350,544,538,TAVOLINO DA LAVORO in mogano con piede a lira.,,55.6,True,none,,,
BO0624_5508,56351,545,539,"QUATTRO SEDIE in noce laccate color grigio, guar nite di bronzi cesellati e dorati. Sedile ricoperto di stoffa in seta a colori. Stile Luigi XVI.",,34.7,True,none,,,
BO0624_5508,56352,546,540,"PICCOLA CONSOLLE di forma mezza tonda in legno intagliato e dorato, con piano in marmo rosso di Verona. Sua specchiera d'accompagno. Stile Luigi XVI.",,35.9,True,none,,,
BO0624_5508,56353,547,541,GRANDE CORNICE VENEZIANA per specchio in legno intagliato e dorato. Epoca Luigi XV.,,37.2,True,none,,,
BO0624_5508,56354,548,542,"BELLA GUARNIZIONE DA CAMINETTO in bronzo finemente cesellato e dorato, composto da un orologio e due candelabri ad otto bracci ciascuno. Decorata da figure di donna, foglie e fiori. Epoca Luigi XV. M. 0,45 X 0,50.",,28.1,True,none,,,
BO0624_5508,56355,549,543,"PICCOLO E RARO SGRIGNO VENEZIANO in noce, con sei tiretti decorati da placche in vetro smaltate a colori ed oro con figure ed ornati. Epoca xvI secolo. M. 0,45 X 0,25.",,37.6,True,none,,,
BO0624_5508,56356,550,544,OTTO SEDIE in legno laccato color grigio con dorature; spalliera lavorata a traforo piano tessuto in,,45.9,True,none,,,
BO0624_5508,56357,551,545,"DUE PICCOLE SPECCHIERE in legno intagliato e dorato con ricche cimase. Epoca Luigi XV. M. 0,50 X 0,90.",,40.2,True,none,,,
BO0624_5508,56358,552,546,"DUE COMMODINI in 《bois de rose &gt;, intarsiati di vari legni. Piano in marmo bianco. Stile Luigi XVI.",,36.5,True,none,,,
BO0624_5508,56359,553,547,ANTICO ASTUCCIO per posate in cuoco lavorato a piccoli ferri con dorature.,,42.6,True,none,,,
BO0624_5508,56360,554,548,DUE VETRINE PER PORCELLANE di forma bom- bata in 《bois de rose》intarsiate di vari legni. Stile Luigi XVI.,,34.7,True,none,,,
BO0624_5508,56361,555,549,ANTICA FORNITURA per una lampada in argento.,,37.7,True,none,,,
BO0624_5508,56362,556,550,"CALAMARIERA in argento cesellato e lavorato a traforo composta di calamaio, porta polvere e campanello. Epoca Impero.",,34.6,True,none,,,
BO0624_5508,56363,557,551,"DUE TRIONFINI porta dolci in bronzo finemente cesellati e dorati, sostenuti da sfingi di donne alate sopra base di forma triangolare, ornate da putti e ca riatidi. Epoca Luigi XVI.",,31.4,True,none,,,
BO0624_5508,56364,558,552,"ANTICA LAMPADA in argento cesellato formata da un mercurio volante sopra base di forma rotonda. (Ri- dotta per uso luce elettrica),",,34.2,True,none,,,
BO0624_5508,56365,559,553,CONSOLLE di forma centinata in legno intagliato e dorato con piano ad imitazione marmo verde antico. Epoca Luigi XV.,,41.6,True,none,,,
BO0624_5508,56366,560,554,"ANTICO PICCOLO VASSOIO in argento con due porta uovi, porta sale e due cucchiaini.",,47.2,True,none,,,
BO0624_5508,56367,561,555,"ANTICO TAVOLINO da centro in noce, intarsiato di giallo angelino con disegni geometrici.",,52.0,True,none,,,
BO0624_5508,56368,562,556,SEI POLTRONE in legno di noce con tortiglioni e braccioli dritti di stile xvI secolo con fiamme dorate alla spalliera. Ricoperte di cuoio lavorato a piccoli ferri con dorature portanti uno stemma gentilizio.,,28.8,True,none,,,
BO0624_5508,56369,563,556bis,SEI DETTE.,,14.9,True,none,,,
BO0624_5508,56370,564,557,"DUE CANTONIERE, con alzata a vetrina in 《bois de rose 》 intarsiate di vari legni. Stile Luigi XV. M. 1,80 X 0,70.",,40.0,True,none,,,
BO0624_5508,56371,565,558,"DUE VASI di forma medicea con coperchio, sopra base quadrata in marmo verde antico interamente guarniti di bassorilievi rappresentanti putti e donne, in bronzo finemente cesellati e dorati.",,30.3,True,none,,,
BO0624_5508,56372,566,559,"DUE VASI in antica porcellana della Cina, famiglia verde, decorazione di volatili e fiori a colori policromi su fondo bianco.",,35.3,True,none,,,
BO0624_5508,56373,567,560,PICCOLA CORNICE di forma ovale con cimasa in legno intagliata e dorata. Epoca Luigi XVI.,,38.7,True,none,,,
BO0624_5508,56374,568,561,"RITRATTO DI UNA GIOVANE DONNA, quadro dipinto ad olio su tela entro cornice di forma ovale in legno intagliato e dorato con ricca cimasa.",,37.2,True,none,,,
BO0624_5508,56375,569,562,DUE PICCOLE CANTONIERE in legno intagliato e dorato su fondo laccato color avorio. Epoca Luigi XVI.,,39.8,True,none,,,
BO0624_5508,56376,570,563,BELLA ZUPPIERA in antica porcellana di Sassonia,,34.9,True,none,,,
BO0624_5508,56377,571,564,CAFFETTIERA con coperchio in antica porcellana di Sassonia decorata con volatili ed ornati a colori policromi su fondo bianco.,,35.0,True,none,,,
BO0624_5508,56378,572,565,ANTICO VASSOIO VENEZIANO in legno con figure di stile Orientale dipinte a colori.,,43.4,True,none,,,
BO0624_5508,56379,573,566,"DUE POLTRONE di forma centinata con braccioi in legno intagliato e dorato, ricoperte di stoffa broccata a fiori. Epoca Luigi XV.",,38.9,True,none,,,
BO0624_5508,56380,574,567,"DUE SEDIE in legno intagliato e dorato, ricoperte di stoffa broccata a fiori.",,38.8,True,none,,,
BO0624_5508,56381,575,568,SCRIVANIA a bureau in noce intarsiata di giallo angelino. Epoca Luigi XV. 568-bis. BEL GRUPPO in antica porcellana di Frankental rappresentante S. Michele che uccide il drago (smal-,,32.9,True,none,,,
BO0624_5508,56382,576,569,SPECCHIERA in legno intagliato e dorato con ricca cimasa. Epoca Luigi XV.,,44.6,True,none,,,
BO0624_5508,56383,577,570,PICCOLA SCATOLA in argento dorato guarnita di perline e pietre colorate.,,50.7,True,none,,,
BO0624_5508,56384,578,5[7]1,"GRUPPO DI DUE FIGURE in porcellana di Vienna rappresentante contadino e contadina, (smaltato a colori)",,39.0,True,none,,,
BO0624_5508,56385,579,572,"CAFFETTIERA con coperchio in antica maiolica di Pesaro, decorazione di foglie a colori policromi su fondo bianco.",,37.6,True,none,,,
BO0624_5508,56386,580,573,ANTICA COPERTA di stoffa in seta colore giallo.,,39.5,True,none,,,
BO0624_5508,56387,581,574,"COPERTA DI ANTICO FAJONE VENEZIANO con disegno color bleu su fondo rosso, e frangia all'ingiro. Epoca xvI secolo.",,37.7,True,none,,,
BO0624_5508,56388,582,575,PICCOLA CORNICE di stile barocco in legno intagliato e dorato.,,46.8,True,none,,,
BO0624_5508,56389,583,576,"QUATTRO POLTRONE a braccioli in legno laccate color verde con lumeggiature in oro, ricoperte di stoffa in seta a fiori bianchi su fondo verde. Epoca Luigi XVI.",,33.5,True,none,,,
BO0624_5508,56390,584,577,"PLACCA VENEZIANA di forma centinata in legno intagliata e dorata con luce di specchio. Epoca Luigi XV. M. 1 X 0,70.",,39.5,True,none,,,
BO0624_5508,56391,585,578,CONSOLLE di forma centinata in legno intagliato e dorato con traverse. Piano in marmo colorato. Epoca Luigi XV.,,39.3,True,none,,,
BO0624_5508,56392,586,580,"INTERESSANTE ANTICO ""NECESSAIR"" DA LAVORO PER SIGNORA a forma di libro in tartaruga con montatura d'argento dorato. Nel centro due miniature smaltate sopra avorio, uma rappresentante Pauline Wythford, l'altra un monogramma.",,29.5,True,none,,,
BO0624_5508,56393,587,579,"BEL VASO in porcellana di Berlino di forma ovoide con due manici e e lumeggiature in oro su fondo bianco. Nel corpo del vaso medaglione a chiaro scuro con ritratto di dama in costume del xvlI secolo. M. 0,70 X0,40.",,25.8,True,none,,,
BO0624_5508,56394,588,581,"SCRIVANIA DA CENTRO in radice di noce con piano apritore, gambe a lira con traverse 一 Epoca Luigi XV.",,44.2,True,none,,,
BO0624_5508,56395,589,582,DUE VASI in metallo argentato e sbalzato sullo stile Luigi XV — Ridotti per uso luce elettrica.,,34.4,True,none,,,
BO0624_5508,56396,590,583,"BAULLETTO IN LEGNO ricoperto di velluto rosso con guarnizioni in ferro sbalzato.— Epoca XVI secolo. 0,40 X 0,20.",,37.9,True,none,,,
BO0624_5508,56397,591,584,"ANTICO PUTTO ALATO, scolpito in legno e dorato. Alt. m. 0.90.",,40.7,True,none,,,
BO0624_5508,56398,592,585,DUE SGABELLI di stile orientale in noce intarziati in avorio e madreperla.,,41.2,True,none,,,
BO0624_5508,56399,593,586,"PIATTO CONCOVO di forma rotonda in terra cotta, lavorato a stecco.",,42.3,True,none,,,
BO0624_5508,56400,594,587,DUE MENSOLE porta vaso in noce scolpita formati da una figura di moro.,,42.5,True,none,,,
BO0624_5508,56401,595,588,DUE PIATTINI in antica porcellana di Ginori.,,39.6,True,none,,,
BO0624_5508,56402,596,589,TABACCHIERA in avorio e tartaruga.,,38.4,True,none,,,
BO0624_5508,56403,597,590,ANTICO ARAZZO FRANCESE tessuto in lana e seta con paesaggo ed una figura di contadino danzante Firmato:Eletin a Duran.,,35.6,True,none,,,
BO0624_5508,56404,598,591,"SEI ANTICHE SEDIE IN NOCE, spalliera a traforo con medaglione e gambe piramidaliLaccate colore avorio— Epoca Luigi XVI.",,35.4,True,none,,,
BO0624_5508,56405,599,592,ANTICA SEDIA DI FORMA CENTINATA  in noce interamente intagliata sullo stile Luigi XV.,,38.4,True,none,,,
BO0624_5508,56406,600,593,DUE ANTICHI TORCIERI da muro in legno i imtagliato e dorato 一 Epoca xvlI secolo.,,38.0,True,none,,,
BO0624_5508,56407,601,594,SPECCHIERA DA CAMINETTO in mogano guarnita,,40.4,True,none,,,
BO0624_5508,56408,602,595,DUE TAVOLINI DA GIUOCO im legno di ceraso — Epoca Luigi XVI.,,45.9,True,none,,,
BO0624_5508,56409,603,596,QUATTRO ANTICHE POLTRONE in legno intagliato e dorato ricoperte di velluto in seta verde su fondo giallo.,,39.5,True,none,,,
BO0624_5508,56410,604,597,COMODINO BOMBATO in bois de rose intarsiato di vari legni. Piano in marmo rosso di Verona - Stile,,39.0,True,none,,,
BO0624_5508,56411,605,598,"COMMODE DI FORMA CENTINATA in noce intarsiata di giallo angelino — Epoca Luigi XV. Lunga 1.10 X 0,65.",,36.8,True,none,,,
BO0624_5508,56412,606,599,SCRIVANIA DA CENTRO im legno nero con piano tiglioni con traverse di ferro forgiato Epoca xvII secolo.,,37.7,True,none,,,
BO0624_5508,56413,607,600,ANTICO ASTUCCIO per posate in cuoio lavorato a piccoli ferri con dorature.,,41.2,True,none,,,
BO0624_5508,56414,608,601,SCRIGNO IN LEGNO DI NOCE intagliato con sportello calatore e tiretti interni. Epoca xvI secolo.,,39.5,True,none,,,
BO0624_5508,56415,609,602,DUE TAVOLI a consolles in mogano filettati di metallo con piani di marmo bianco e pieducci in bronzo dorato—Stile Impero.,,47.2,True,none,,,
BO0624_5508,56416,610,603,TORCESE in ferro forgiato con piede a tripode sullo stile del xv secolo.,,43.4,True,none,,,
BO0624_5508,56417,611,604,PORTA VASO formato da una colonna a tortiglione scolpita im noceEpoca XVII secolo.,,40.3,True,none,,,
BO0624_5508,56418,612,605,DUE VETRINE con porcellane in bois-de-rose intarsiate da vari legni e cristallo agli sportelli - Stile Luigi XVI,,39.1,True,none,,,
BO0624_5508,56419,613,606,DUE VASI A CORNETTO antica porcellana della Cina decorazione a personaggi a colori policromi su fondo bianco mantatura in bronzo cesellato e dorato.,,36.1,True,none,,,
BO0624_5508,56420,614,607,DUE RITRATTI dipinti ad olio su tela rappresentanti Imperatore ed Imperatrice entro cornice di legno dorato. DUE VASI A CORNETTO antica porcellana della Cina decorazione a personaggi a colori policromi su fondo bianco mantatura in bronzo cesellato e dorato.,,27.0,True,none,,,
BO0624_5508,56421,615,608,"FORZIERE in legno di quercia intagliato, a forma di credenza con quattro sportelli. Ornato da mascheroni Epoca XVII",,40.7,True,none,,,
BO0624_5508,56422,616,609,"POMARANCIO, (Maniera), Due putti alati dipinti ad",,36.0,True,none,,,
BO0624_5508,56423,617,610,"SERVIZIO DA SALOTTO composto di un divano, due poltrone e quattro sedie in legno di noce intagliato sullo stile Luigi XVI e laccato color avorio.— Piano e spalliera tessuto in canna di India e dorato.",,29.0,True,none,,,
BO0624_5508,56424,618,611,DUE COMMODES di mogano flettati in metallo con,,50.5,True,none,,,
BO0624_5508,56425,619,612,DUE COMODINI d’accompagno ai precedenti.,,39.2,True,none,,,
BO0624_5508,56426,620,613,SECRETAIRE a due sportellie quattro tiretti d’accom-,,35.1,True,none,,,
BO0624_5508,56427,621,614,NOVE ANTICHE SEDIE im legno intagliato e dorato con sedile ricoperto di stoffa in seta con fiori a colori.,,39.3,True,none,,,
BO0624_5508,56428,622,615,CATINO in rame sbalzato con suo piede in ferro forgiato,,42.7,True,none,,,
BO0624_5508,56429,623,616,"GRANDE ED ANTICO LAMPADARIO in bronzo ce sellato e dorato con 36 bracci per candele, esua ca-",,42.6,True,none,,,
BO0624_5508,56430,624,617,COMMODE IN NOCE con scorniciature e maniglie in bronzo.— Epoca xvI secolo.,,41.2,True,none,,,
BO0624_5508,56431,625,618,"PICCOLO TAVOLINO DA CENTRO di forma quadrata in bois-de-rose, intarsiato da vari legni Stile Luigi XV.",,45.1,True,none,,,
BO0624_5508,56432,626,619,"GRUPPO IN PORCELLANA bianca di Capodimonte composto di quattro figure, rapp. 《 La Musica &gt;. M.0.50X0.50",,31.9,True,none,,,
BO0624_5508,56433,627,620,DUE POTICHES con coperchio in antica porcellana del Giappone; decorazione di paesaggi e figure color,,37.0,True,none,,,
BO0624_5508,56434,628,621,"DUE VASI in majolica di Castelli, con due manici. Decorazione di figure e fiori a colori policromi su fondo bianco.",,36.0,True,none,,,
BO0624_5508,56435,629,622,SCRIGNO in ebano con tiretti placcati di tartaruga e guarnizioni di bronzo cesellato e dorato. Stile xvi1 secolo.,,35.4,True,none,,,
BO0624_5508,56436,630,623,TRE TAVOLETTE per finestra di forma centinata in legno intagliato e dorato. Epoca Luigi XV.,,43.2,True,none,,,
BO0624_5508,56437,631,624,"TRE GRANDI SOPRA PORTE di forma centinata,in legno intagliato e dorato, con fiori e foglie a colori. Nel centro paesaggi con figure dipinti ad olio su tela. Metri 2,20 X 1,10.",,31.2,True,none,,,
BO0624_5508,56438,632,625,DUE DETTI (soprapporte) come i precedenti.,,30.3,True,none,,,
BO0624_5508,56439,633,626,"DUE ANTICHI VASIin terracotta dipinti a colorie lumeggiati in oro, con figure e foglie in rilievo. Epoca Impero.",,37.9,True,none,,,
BO0624_5508,56440,634,627,"ANTICA LIBRERIA a due sportelli in noce intagliata, ornata da colonne baccellate con basi e capitelli. Epoca xvII secolo.",,39.3,True,none,,,
BO0624_5508,56441,635,628,"GRANDE SCRIVANIA da centro in bois-de-rose intarsiata da vari legni, con piedncci in bronzo dorato. Stile Luigi XV.",,40.7,True,none,,,
BO0624_5508,56442,636,629,"ANTICO DIVANO dl forma centinata, con spalliera e",,45.0,True,none,,,
BO0624_5508,56443,637,630,COMMoDE di forma centinata in noce intarsiato di,,43.8,True,none,,,
BO0624_5508,56444,638,631,"BEL MOBILE in legno di noce scolpito sullo stile del xvI secolo, a due corpi, decorato da figure in rilievo, teste di leone e putti, piano calatore con tiretti interni. Alt. m. 1,85 X 0,90.",,33.3,True,none,,,
BO0624_5508,56445,639,632,"DODICI POLTRONCINE di forma centinata,conbracin oro. Ricoperte in damasco in seta color cremisi. Epoca Luigi XV.",,36.8,True,none,,,
BO0624_5508,56446,640,633,"GRANDE SCRIVANIA da centro in legno di noce, con piano apritore e tiretti interni, piede formato con quattro colonnine a tortiglione con traverse. Epoca xVI secolo.",,33.6,True,none,,,
BO0624_5508,56447,641,635,"SERVIZIO da salotto in legno intagliato e dorato, di stile Luigi XV, composto di un divano, 2 poltrune e 4 sedie. Il tutto ricoperto di damasco di seta, color",,33.5,True,none,,,
BO0624_5508,56448,642,636,"ANTICA COMMODE di forma bombata in bois-de-rose intarsiata da vari legni, guarnita di bronzi dorati. Piano in marmo rosso di Verona. Epoca Luigi XV. Metri 1,40 X 0,60.",,31.2,True,none,,,
BO0624_5508,56449,643,637,"OROLOGIO da tavolino ad occhio di bue,in antico bulle, guarnito di bronzi cesellati e dorati. Epoca Luigi XV.",,35.1,True,none,,,
BO0624_5508,56450,644,638,ANTICO MOBILE veneziano a due corpi con sportelli e luci di specchio decorato da fiori dipinti a colori policromi in rilievo su fondo verde e lumeggiato in oro.,,34.1,True,none,,,
BO0624_5508,56451,645,639,"DUE SEDIONI veneziani in noce intagliata ricoperti uno in broccatello antico, l'altro in cuoio. Epoca Luigi XV.",,38.1,True,none,,,
BO0624_5508,56452,646,640,"MOBILE A BOUFFET in noce scolpito con sfingi, teste di serafino ed ornati. Piano in marmo verde antico.Epoca xvll secolo.",,43.8,True,none,,,
BO0624_5508,56453,647,641,"DUE GRANDI DIVANI e due poltrone in legno, interamente imbottiti e ricoperti di stoffa in seta color cremisi, con guarnizioni di gallone giallo.",,32.8,True,none,,,
BO0624_5508,56454,648,642,TRE PIATTI in antica majolica italiana ed uno in porcellana della Cina.,,45.3,True,none,,,
BO0624_5508,56455,649,643,TORCIERE da muro in ferro forgiato sullo stile del xvI secolo.,,43.7,True,none,,,
BO0624_5508,56456,650,644,PORTA VASO a tripode in mogano guarnito di bronzi cesellati e dorati e piano di marmo bianco. Epoca Impero.,,47.6,True,none,,,
BO0624_5508,56457,651,645,QUATTRO SEDIE in mogano ricoperte di damasco in seta color giallo.,,47.2,True,none,,,
BO0624_5508,56458,652,646,PICCOLA CORNICE in legno intagliato e dorato.,,43.0,True,none,,,
BO0624_5508,56459,653,647,"COPlA del tempio di Vespasiano in alabastro, con base di marmo bigio.",,46.0,True,none,,,
BO0624_5508,56460,654,648,DUE GRANDI TORCIERI formati di due angeli scolpiti in legno e dipinti a colori policromi con panneggiamenti dorati. Base di forma quadrata.,,38.8,True,none,,,
BO0624_5508,56461,655,649,"DUE PICCOLI MOBILI a buffets in legno scolpito, con 2 sportelli.",,46.0,True,none,,,
BO0624_5508,56462,656,650,SPECCHIERA veneziana in legno intagliato e dorato.,,41.1,True,none,,,
BO0624_5508,56463,657,651,"DUE PLACCHE di forma centinata in legno intagliato e dorato con luce di specchio. Epoca Luigi XVI. Metri 0,70 X 0,50.",,36.9,True,none,,,
BO0624_5508,56464,658,652,"CONSOLLE di forma centinata in legno intagliato e dorato con piano in marmo bigio. Epoca Luigi XV. M. 1,40 X 0,51.",,40.9,True,none,,,
BO0624_5508,56465,659,653,PICCOLA SPECCHIERA in legno intagliato e dorato. Epoca Luigi XV,,40.0,True,none,,,
BO0624_5508,56466,660,654,DUE CORNICI per specchio in legno intagliato e dorato. Epoca Luigi XV.,,39.4,True,none,,,
BO0624_5508,56467,661,655,DUE PLACCHE di forma centinata in legno intagliato e dorato. Stile Luigi XV.,,37.7,True,none,,,
BO0624_5508,56468,662,656,BELLA ZUPPIERA in porcellana di Sassonia di forma rotonda con due manici e coperchio. Decorazione di,,33.3,True,none,,,
BO0624_5508,56469,663,657,PICCOLO TAVOLINO da lavoro in mogano con gambe a lira. Epoca Impero.,,52.3,True,none,,,
BO0624_5508,56470,664,658,"ANTICO MOBILE A BUFFET, con due corpi, in legno di quercia intagliata, decorato da mascheroni, teste di leone e due cariatidi scolpite. Epoca xvI secolo.",,35.2,True,none,,,
BO0624_5508,56471,665,659,"BOCALE in antica maiolica di Pesaro con manico e coperchio, decorazione di fiori e volatili a colori policromi su fondo bianco.",,37.0,True,none,,,
BO0624_5508,56472,666,660,"FRUTTA, quadro dipinto ad olio su tela entro cornice",,42.2,True,none,,,
BO0624_5508,56473,667,661,"CORNICE BAROCCA in legno intagliato e dorata, lavorata a scartoccio. Epoca xvll secolo.",,37.5,True,none,,,
BO0624_5508,56474,668,662,MINIATURA sopra avorio rappresentante ritratto di dama entro astuccio in cuoio.,,41.2,True,none,,,
BO0624_5508,56475,669,663,ANTICO BOZZETTO per una fontana eseguito in terracotta decorato da figure e delfini.,,41.1,True,none,,,
BO0624_5508,56476,670,664,"""ROSA DA TIVOLI"" (Maniera). Due paesaggi con gruppi di capre dipinti ad olio su tela entro cornici di legno dorato.",,38.4,True,none,,,
BO0624_5508,56477,671,665,DUE ANTICHE FIGURE in bronzo patinato rappresentanti l'una Benvenuto Cellini e l'altra Bernardo Da Pallissy.,,35.2,True,none,,,
BO0624_5508,56478,672,666,SPECCHIETTO a mano in argento sbalzato. Stile Luigi XV.,,39.3,True,none,,,
BO0624_5508,56479,673,667,"""Poussin"" (Maniera) PAESAGGIO con marina, quadro dipinto ad olio entro cornice di legno intagliato e dorato.",,34.1,True,none,,,
BO0624_5508,56480,674,668,"MINIATURA sopra avorio, rappresentante ritratto di dama in costume del xvill secolo, entro cornice di legno.",,36.4,True,none,,,
BO0624_5508,56481,675,669,CASSONE NUZIALE in noce intagliato ad ornati con stemma gentilizio nel centro. Epoca xvll secolo.,,41.5,True,none,,,
BO0624_5508,56482,676,670,"COPIA DEL FEDELE del Campidoglio, scolpito in marmo bianco di Carrara.",,42.5,True,none,,,
BO0624_5508,56483,677,671,"PAIO ""APPLIQUES"" in bronzo cesellato e dorato a sei bracci ciascuno per candele, sorrette da figure di fauno e faunessa. Stile Luigi XV.",,37.4,True,none,,,
BO0624_5508,56484,678,672,LAMPADARIO in legno intagliato e dorato con otto bracci. Epoca xvll secolo.,,40.9,True,none,,,
BO0624_5508,56485,679,673,PORTA LAMPIONE in ferro forgiato del xvI secolo.,,38.2,True,none,,,
BO0624_5508,56486,680,674,"ANTICO SEDIONE in noce con tortiglioni,ricoperto di cuoio lavorato a piccoli ferri con dorature.",,41.8,True,none,,,
BO0624_5508,56487,681,675,"ANTICO TAPPETO DA PAVIMENTO tessuto impelo di camello, con disegni geometrici di stile orientale a colori.",,41.7,True,none,,,
BO0624_5508,56488,682,676,PICCOLA LAMPADA a sospensione in bronzo pati nato di stile orientale.,,47.3,True,none,,,
BO0624_5508,56489,683,677,CULLA di stile orientale in noce con intarsi di ma- dreperla.,,44.1,True,none,,,
BO0624_5508,56490,684,678,TAVOLINETTO di stile orientale in noce intarsiato di madreperla.,,44.6,True,none,,,
BO0624_5508,56491,685,679,DUE SGABELLI di stile orientale in noce intarsiati di madreperla.,,36.1,True,none,,,
BO0624_5508,56492,686,680,"DUE MENSOLE DA MURO in legno intagliato e do- rato, formate da una testa di serafino alato. Epoca Luigi XIV.",,36.4,True,none,,,
BO0624_5508,56493,687,681,"FRUTTA e FIORI, quadro dipinto ad olio su tela. M.0,65X0,50.",,34.2,True,none,,,
BO0624_5508,56494,688,682,"TOILETTE in mogano, con piano di marmo, e altra pic- cola toilette.",2248.0,83.9,False,none,,,
BO0624_5508,56495,689,683,PICCOLO TAVOLINO da centro in noce con piede a balaustro.,2250.0,95.8,False,none,,,
BO0624_5508,56496,690,684,CANOCCHIALE con suo cavalletto.,2251.0,88.6,False,none,,,
