catalogue_id,chunk_db_id,chunk_id,num,title,matched_line,match_score,low_confidence,entity_match_method,artist,school,object_type
BO0624_15368,360040,1,1,"Hercules und Antaeus. Hercules nach rechts, hebt Antaeus empor und erwurgt ihn. Dreifache Leiste.",10.0,91.3,False,positional,,,SPANISCHE PLAKETTEN
BO0624_15368,360041,2,2,"Alexander der Grosse. ALISANDRO Brustbild mit Helm nach rechts.Bronze. Spaterer Guf.Oval.——H.56.——B.45,5. Bange 163.",16.0,68.9,False,positional,,,SPANISCHE PLAKETTEN
BO0624_15368,360042,3,3,- Derselbe. Ohne Bezeichnung. Wie oben.,18.0,100.0,False,positional,,,SPANISCHE PLAKETTEN
BO0624_15368,360043,4,4,Profilkopf des Augustus oder Tiberius. Nach rechts blickend. Bronze.Alter Guf.Hochoval.Bohrloch.-H.41.-B.31. Bange 181.,19.0,66.7,False,positional,,,SPANISCHE PLAKETTEN
BO0624_15368,360044,5,5,"Brustbild des Hadrianus. Lorbeerbekranztes Brustbild im Profl nach links, bartig. Bronze. Alter Guf. Hochoval.-H.39.-B.29.Bange 196.",23.0,99.2,False,positional,,,SPANISCHE PLAKETTEN
BO0624_15368,360045,6,6,"Decursio. Romischer Kaiser,gefolgt von einem Begleiter,nach rechts reitend. Untcn SC Ringsum Beischrift:VICTORI GLORIA-MAIOR-ERIT Bronze. Alter Guf. Zwei Bohriocher.—Dm.51. Bange 207.",,41.3,True,none,,,
BO0624_15368,360046,7,7,"Heliogabal. Brustbild als Knabe nach rechts. Bronze.Vergoldet.Original.Oval.—H.37,5—B.31. Bange 212. Tafel 1",24.0,98.2,False,positional,,,SPANISCHE PLAKETTEN
BO0624_15368,360047,8,8,"Hercules. Kopf, Profl nach rechts, bartig, mit dem Lowenskalp bedeckt, rechts die Keule. Bronze. Alter GuB. Oval.—H.50.-B.48.",27.0,99.2,False,positional,,,SPANISCHE PLAKETTEN
BO0624_15368,360048,9,9,Kopf des Hercules. Nach rechts blickend. Bronze. Alter Guf.Hochoval.-H.32.—B.28.,28.0,98.8,False,positional,,,SPANISCHE PLAKETTEN
BO0624_15368,360049,10,10,Julius Caesar. Brustbild mit Lorbeerkranz nach rechts. Inschrift IVLIVS CAESAR DICTATOR  Bronze.Alter GuB.——H.49.——B.40.,32.0,83.4,False,positional,,,SPANISCHE PLAKETTEN
BO0624_15368,360050,11,11,Julius Caesar. Brustbild mit Lorbeerkranz. Rahmung mit Beischrift: C·IVLIVS CAESAR  Bronze.Alter Guf.Hochoval.—H.114.—B.94.,36.0,75.4,False,positional,,,SPANISCHE PLAKETTEN
BO0624_15368,360051,12,12,"- Unbekannter. Brustbild, Profl nach links. Mit Bart. Bronze.Original.Hochoval.Drei Bohrlocher.—H.44.-B.40.",42.0,100.0,False,positional,,,SPANISCHE PLAKETTEN
BO0624_15368,360052,13,13,"Tanzender Bacchant. Bronze. Neuerer Guf. Hochoval.—H.25.—B. 21,5.",43.0,96.3,False,positional,,,SPANISCHE PLAKETTEN
BO0624_15368,360053,14,14,"Ferraresischer Meister. Um 1460. Unbekannter. Brustbild von linker Seite, bartlos, halblanges Haar, Mutze. (Vielleicht ein Mitglied der Familie d'Este）.  Bronze.Alter Guf.-H.67.-B.47.",,59.2,True,title_direct,,Ferraresischer Meister,
BO0624_15368,360054,15,15,"Florentinisch.Um 1440.  - Christus am Kreuz, zwischen Maria und Johannes. Zu Fuben des Kreuzes der Schadel Adams. Rahmen aus gewundenem Astwerk.  Bronze. Alter Guf. Mit Bronzeplatte. Die Figuren konturiert. Oben halbrund.  H.90.-B.70.  Bange 286.-.Molinier 730.",57.0,63.7,False,title_direct,,Florentinisch,
BO0624_15368,360055,16,17,"- 24 Vulcan schmiedet die Waffen des Aeneas. Rechts sitzt der nackte Vulcan am Ambof. In der Mitte eine Victoria mit Schild, nach dem ein Jungling links greift. Unten links zwei Pferde. Profilierter schmaler Rand.",69.0,99.1,False,positional,Bertoido di Giovanni,,
BO0624_15368,360056,17,16,"Bertoido di Giovanni, geb. um 1420, gest. 1491, tatig in Florenz. - 16 Vulcan schmiedet die Waffen des Aeneas. Rechts sitzt der nackte Vulcan am Ambof. In der Mitte eine Victoria mit Schild, nach dem ein Jungling links greift. Unten links zwei Pferde. Profilierter schmaler Rand.  Bronze.Alter Guf.—Dm.62.  Bange 315.-Bode,Bertoldo S.42.  Tafel 2",,47.9,True,title_direct,Bertoido di Giovanni,,
BO0624_15368,360057,18,17,"Niccolo di Forzore Spinelli? gen. Niccolo Fiorentino 1430-1514, täatig in Florenz.  - Christus am Kreuz zwischen Maria und Johannes. Die Figuren konturiert. Tabernakelartige Umrahmung. Im Giebel Halbfigur Christi mit zwei Engelskopfchen. - Bronze. Spuren von Versilberung und Vergoldung. Original. H.114.-B.71.  Vgl.Bange 328.--Ein ahnl.Exemplar im Mus.Arch. Venedig tragt die Bezeichnung Nicolo. M. Flor Fecit.",,54.4,True,title_direct,Niccolo Fiorentino,,
BO0624_15368,360058,19,18,"Unbekannter.Brustbild von linker Seite,bartlos, Kappchen. Bronze.Alter Guf.-D.64. Scheint unediert. Tafel 2",84.0,97.7,False,positional,Niccolo di Forzore Spinelli; Niccolo Fiorentino,,
BO0624_15368,360059,20,19,"Florentiner Meister in der Art des Lorenzi di Credi. Heilige Familie in Halbfigur. Rechts sitzend halt Maria das nackte Kind. Links Josef der die Rechte des Kindes ergreift. Breiter profilierter Rahmen mit Ose. Bronze Vergoldet.Original.- Dm.ohne Ose 136. Bange 336.-Braun,Kunst und Kunsthandwerk XIV 1911,S.405. Tafel 2",89.0,90.7,False,title_direct,Lorenzi di Credi,Florentiner Meister,
BO0624_15368,360060,21,20,"Florentinische Schule. 16 Jahrh. Madonna mit zwei Heiligen. Von Balustrade iberschnitten, die Halbfigur von Maria mit dem Kinde, zwischen zwei Heiligen. Unten Fries mit dem Wappen der Medici. Silber.Teilvergoldet.Original.—H.88.-B.62. Tafel1",93.0,92.1,False,title_direct,,Florentinisch,
BO0624_15368,360061,22,21,"Bartolommeo Bellano, tatig in Padua um 1430-1498. Madonna in Halbfigur. Maria hinter einer Brustung nach rechts gewendet,mit Schleiertuch und Nimbus, halt den Knaben. Auf der Bristung links und rechts flammende Kandelaber. Bronze. Alter Guf.-H.97.-B.82. Bange 345.-Molinier 368.— Braun, Kunst und Kunsthandwerk 1911, S.405. Tafel 2",97.0,91.7,False,title_direct,Bartolommeo Bellano,,
BO0624_15368,360062,23,22,"Bartolommeo Bellano, tatig in Padua um 1430-1498. Madonna in Halbfigur. Ausschnitt aus der vorigen Plakette als Kuftafel. Profilierte Rahmung.",98.0,74.9,False,title_direct,Bartolommeo Bellano,,
BO0624_15368,360063,24,23,"Art des Giovanni di Pisa. Madonna in Halbfigur. Rechtshin.Oben Stern und Girlande. Unten Blattkante. Bronze.Alter GuB.-H.69.-B.58. Bange 348.-Braun,Kunst u.Kunsthandwerk 1911, S.405.",107.0,91.0,False,title_direct,Giovanni di Pisa,,
BO0624_15368,360064,25,24,"Paduaner Nachfolger Donatellos. Maria mit dem Kinde. Auf der Mondsichel mit Engelskopf stehend, halt Maria mit beiden Handen das Kind.",111.0,85.0,False,title_direct,,Paduaner Nachfolger Donatellos,
BO0624_15368,360065,26,25,"Andrea Briosco gen.Riccio 1470-1532, tatig in Padua und Verona. Reiterschlacht. Aus den Mauern einer turmreichen Stadt brechen die Verteidiger hervor",119.0,73.6,False,title_direct,Andrea Briosco,,
BO0624_15368,360066,27,26,"Ulocrino.Padua. Ende 15.Jahrh. Der Heilige steht von vorn gesehen, mit Stein in der Rechten zwischen Pilaster und Felswand. Links Lowe. Oben in erhabener Schrift:VLOCRINO Bronze.Alterer Guf.-H.73.-B.48. Bange 418.",127.0,69.1,False,title_direct,Ulocrino,,
BO0624_15368,360067,28,27,"Moderno, oberitalienischer, wahrscheinlich pad anischer Goldschmied. Tatig in den letzten Jahrzenten des 15. und den ersten des 16.Jahrh. St. Sebastian.Der Heilige,an die Saule gefesselt,von Pfeilen durchbohrt, steht zwischen Architekturteilen, die mit Reliefs geschmickt sind.",133.0,67.0,False,positional,Ulocrino,,
BO0624_15368,360068,29,28,"Moderno, oberitalienischer, wahrscheinlich pad anischer Goldschmied. Tatig in den letzten Jahrzenten des 15. und den ersten des 16.Jahrh. David und Goliath.David, an ein Postament gelehnt, stehend, befiehlt einem Knaben den Rumpf Goliaths wegzutragen. Links der Kopf Goliaths.",139.0,66.8,False,positional,Ulocrino,,
BO0624_15368,360069,30,29,"Moderno, oberitalienischer, wahrscheinlich pad anischer Goldschmied. Tatig in den letzten Jahrzenten des 15. und den ersten des 16.Jahrh. Maria mit dem Kinde. Maria am Boden kauernd, reicht dem Kind die Brust. Rechts Joseph ein Kreuz haltend. Tabernakelumrahmung. Die Pilaster mit Bandwerk, Sockel mit Wappen, Giebel mit Gottvater und Cherub.",144.0,64.7,False,positional,Ulocrino,,
BO0624_15368,360070,31,30,"Moderno, oberitalienischer, wahrscheinlich pad anischer Goldschmied. Tatig in den letzten Jahrzenten des 15. und den ersten des 16.Jahrh. GeiBelung Christi. In einer Saulenhalle, der gebundene Christus von den Kriegsknechten gepeitscht. Glatte Rahmung.",149.0,62.5,False,positional,Ulocrino,,
BO0624_15368,360071,32,31,"Moderno, oberitalienischer, wahrscheinlich pad anischer Goldschmied. Tatig in den letzten Jahrzenten des 15. und den ersten des 16.Jahrh. Kreuzigung. Christus zwischen den beiden Schachern, links Magdalena am Kreuzstamm",,55.1,True,none,,,
BO0624_15368,360072,33,32,"Moderno, oberitalienischer, wahrscheinlich pad anischer Goldschmied. Tatig in den letzten Jahrzenten des 15. und den ersten des 16.Jahrh. Kreuzigung.  Bronze. Spaterer GuB.Ohne Rahmen.H.116.—B.78. Bange 454.",,46.5,True,none,,,
BO0624_15368,360073,34,33,"Moderno, oberitalienischer, wahrscheinlich pad anischer Goldschmied. Tatig in den letzten Jahrzenten des 15. und den ersten des 16.Jahrh. Beweinung Christi. Der Leichnam, aufgerichtet bis zu den Knieen im Sarkophag, sicht bar, wird von Maria und Johannes gestitzt. Hinten der Kreuzstamm. Bronze.Vergoldet. Original. Ohne Rahmen.",,54.5,True,none,,,
BO0624_15368,360074,35,34,"Moderno, oberitalienischer, wahrscheinlich pad anischer Goldschmied. Tatig in den letzten Jahrzenten des 15. und den ersten des 16.Jahrh. Grablegung. Christus wird von Maria und 2 Mannern in den mit antiken Szenen geschmuckten Sarkophag gelegt. Hinten die trauernden Frauen und Johannes. Bronze.Alterer Guf.—H.95.—B.60. Bange 456.—Molinier 172.",177.0,74.6,False,positional,Ulocrino,,
BO0624_15368,360075,36,35,"Moderno, oberitalienischer, wahrscheinlich pad anischer Goldschmied. Tatig in den letzten Jahrzenten des 15. und den ersten des 16.Jahrh. Auferstehung Christi. Der Heiland mit Fahne schwebt iber dem Sarkophag. Zwei von den vier Wachtern blicken zu ihm auf.",183.0,63.3,False,positional,Ulocrino,,
BO0624_15368,360076,37,36,"Moderno, oberitalienischer, wahrscheinlich pad anischer Goldschmied. Tatig in den letzten Jahrzenten des 15. und den ersten des 16.Jahrh. Hl. Hieronymus. Knieend, vor der Felshohle. Vor ihm der Lowe und das Kruzifx. Bronze.Alter Guf.-H.78.-B 60. Bange 463.-Molinier 184. Tafel4",191.0,66.5,False,positional,Ulocrino,,
BO0624_15368,360077,38,37,"Moderno, oberitalienischer, wahrscheinlich pad anischer Goldschmied. Tatig in den letzten Jahrzenten des 15. und den ersten des 16.Jahrh. Hercules mit dem nemaeischen Lowen. Der Held, stehend Profl nach links erwirgt den hochgehobenen Lowen. Ringsum schmale Leiste. Bronze.Alterer Guf.—H.75.—B.55. Bange 474.",195.0,71.2,False,positional,Ulocrino,,
BO0624_15368,360078,39,38,"Moderno, oberitalienischer, wahrscheinlich pad anischer Goldschmied. Tatig in den letzten Jahrzenten des 15. und den ersten des 16.Jahrh. Lowenjagd. Nackte behelmte Reiter und Krieger zu Fuf bekampfen den Lowen. Profilierter Rand.",,57.4,True,none,,,
BO0624_15368,360079,40,39,"Moderno, oberitalienischer, wahrscheinlich pad anischer Goldschmied. Tatig in den letzten Jahrzenten des 15. und den ersten des 16.Jahrh.Hercules totet die lernaeische Hydra. Hercules packt die Hydra mit der Linken und",,53.9,True,none,,,
BO0624_15368,360080,41,40,"Moderno, oberitalienischer, wahrscheinlich pad anischer Goldschmied. Tatig in den letzten Jahrzenten des 15. und den ersten des 16.Jahrh. Cacus stiehlt die Rinder des Hercules. Wahrend Hercules rechts schlaft versucht Cacus ein Rind am Schwanz in seine Hohle zu ziehen.",215.0,65.7,False,positional,Ulocrino,,
BO0624_15368,360081,42,41,"Moderno, oberitalienischer, wahrscheinlich pad anischer Goldschmied. Tatig in den letzten Jahrzenten des 15. und den ersten des 16.Jahrh. Kusstafel. Beweinung Christi. Der von dem ornamentierten Sarg uberschnittene, aufgerichtere Leichnam Christi wird von Maria und Johannes gestutzt. Umrahmung mit Pilastern,im Giebel g flugelter Engelskopf.",221.0,74.5,False,positional,Ulocrino,,
BO0624_15368,360082,43,42,"Nachfolger des Moderno. Schlacht ei Cannae. Hannibal, gefolgt von Reitern, sprengt gegen ansturmende Fuf-",229.0,84.8,False,title_direct,,Nachfolger des Moderno,
BO0624_15368,360083,44,43,Meister in der Art des Moderno. Kampfszene. Gewappneter Reiter sprengt iber zwei am Boden liegende nackte Krieger und ein gesturtztes Pferd. An seiner Seite lediges Pferd. Profil.erter Rahmen.,238.0,89.6,False,title_direct,,Meister in der Art des Moderno,
BO0624_15368,360084,45,44,"Paduanischer Meister. Um 1480. Hl. Hieronymus. Er kniet nach links in der Hohle, das Kruzifix vor ihm. Bei ihm der Lowe.",246.0,85.0,False,title_direct,,Paduanischer Meister,
BO0624_15368,360085,46,45,"Paduanische Schule. 1. Halfte 16. Jahrh. Hercules totet den Centauren. Hercules erschlagt mit seiner Keule, den zwischen seinen Beinen liegenden Centauren. Tafel4",254.0,85.4,False,title_direct,,Paduanische Schule,
BO0624_15368,360086,47,46,"Paduanische Schule. 1. Halfte 16. Jahrh. Hercules erwurgt den nemaeischen Lowen. Hercules erdrosselt den aufgerichteten Lowen, am Boden liegt de Keule.",260.0,85.0,False,title_direct,,Paduanische Schule,
BO0624_15368,360087,48,47,"Paduanische Schule. 1. Halfte 16. Jahrh. Thronende Madonna zwischen Heiligen. Maria mit Kind, umgeben von Magdalena, Katharina, Benedik:(?) und Franziskus, zu Seiten des Thrones je drei Cherubkopfe, unter dem Thron leeres Wappenschild. Tabernakelartige Umrahmung. Bronze.Alterer GuB.—H.117.—B.77. Bange 567.",266.0,92.7,False,title_direct,,Paduanische Schule,
BO0624_15368,360088,49,48,"Paduanische Schule. 1. Halfte 16. Jahrh. Maria mit dem Kinde und Engeln. Auf einer Estrade steht vor einer Nische Maria mit dem Kinde, umgeben von 17 Engeln, die Girlanden halten oder Leuchter tragen. Bronze.Vergoldet. Original.-H. 8,8.——B.7. Bange 568. Tafel3",267.0,90.9,False,title_direct,,Paduanische Schule,
BO0624_15368,360089,50,49,Venezianische Schule. 1. Halfte 16. Jahrh. Johannes der Taufer. Stehend zwischen Baumen. Auf Spruchband: ECCE AGNvS DEI Rand mit Umschrift: IN·TERNATOS·MVLIERVM·NON·SVREXIT·MAIOR· IOVANES BABTISTA+,271.0,87.6,False,title_direct,,Venezianische Schule,
BO0624_15368,360090,51,50,"Venezianische Schule. 1. Halfte 16. Jahrh. Beweinung Christi. Leichnam Christi, vom ornamentierten Sarg iberschnitten,von zwei Engeln gehalten. Dahinter Maria und Johannes. Bronze.Spaterer Guf.-H.111.—B.90. Mittelstuick von Bange 588.",277.0,89.8,False,title_direct,,Venezianische Schule,
BO0624_15368,360091,52,51,"Cristoforo di Geremia,um 1430 bis nach 1475, gest.vor dem 22.2. 1476. Augustus und Abundantia. Augustus, den Caduceus in der Linken, reicht einer Frau mit Fullhorn die Hand. Zwischen ihnen DreifuB. Proflierter Rahmen.",292.0,81.8,False,title_direct,Cristoforo di Geremia,,
BO0624_15368,360092,53,52,Pier G. l. Bonacolsi gen. Antico.  - Eiserner Schwertknauf. Mit zwei Plaketten. Allegorie des Sieges (Bange 613) u. TriumphZug von Moderno (Bange 491).  Bange 491 und 613.,300.0,81.4,False,title_direct,Antico,,
BO0624_15368,360093,54,53,"Fra An Brix (Francesco Antonio da Brescia),tatig um 1487-1500. SCHLAFENDER AMOR. Mit kurzem Hemd bekleidet, sitzt Amor an einem Baum, rechts eine Weise. Bronze.",,55.1,True,title_direct,Fra An Brix,,
BO0624_15368,360094,55,54,"Fra An Brix (Francesco Antonio da Brescia),tatig um 1487-1500. Schlafende Bacchantin, von Satyrn iberrascht. Links nackte schlafende Frau mit zwei Kindern, am Altar der Tugend lehnend, der die Aufschrift VI RT|VS| tragt. Von rechts kommen zwei Satyrn.  Bronze. Original.—Dm.56.",314.0,81.5,False,title_direct,Fra An Brix,,
BO0624_15368,360095,56,55,Meister IO.F.F Oberitalienisch. Parisurteil. Vor dem linkshin sitzenden Paris stehen die drei nackten Gottinnen. Unten undeutlich bez.,322.0,84.6,False,title_direct,Meister IO·F·F,,
BO0624_15368,360096,57,56,"Meister IO.F.F Oberitalienisch. Allegorie. Thronende Frau auf Drachen mit einer Begleiterin; vor ihr zwei Manner, der eine tragt Palmzweig, der andere eine Stange mit abgeschlagenem Haupt.  Bronze. Spuren von Vergoldung. Original. Zwei Bohrlocher.",330.0,77.2,False,title_direct,Meister IO·F·F,,
BO0624_15368,360097,58,57,"Unbekannter oberitalienischer Meister. Um 1530 (7). Anbetung des Kindes mit Heiligen.(Siegelstempel) Maria kniet vor dem Kinde, umgeben von Petrus, Paulus, Laurentius und Hirten. Uber der Architektur Gott Vater. Unten das Wappen der Medici mit zwei den Kardinalshut haltenden Engeln. Umschrift: HIP(politus) T(i) T(ulio) S(ancti) LAV(renti) IN·DAM(aso)·DIA(conus) CAR(dinalis) DE:",340.0,92.8,False,title_direct,,oberitalienischer Meister,
BO0624_15368,360098,59,58,"Italienisch. 1. Halfte 16. Jahrh.  - Leichnam Christi. Der aufgerichtete Leichnam Christi,in Halbfigur, mit nach links geneigtem Haupt, gestuitzt von drei trauernden Engelknaben.  Bronze.Original.——H.101.—B.85.",351.0,81.5,False,positional,,oberitalienischer Meister,
BO0624_15368,360099,60,59,Italienisch. 1. Halfte 16. Jahrh. Hl. Franziskus. Er betet nach links knieend das Kruzifixan. Tafel7 Bronze.AIter Guf.—H.95.-B.67.,357.0,84.8,False,positional,,oberitalienischer Meister,
BO0624_15368,360100,61,60,Oberitalienische Schule. 1. Halfte 16.Jahrh. Ecce homo. Christus in Halbfigur vom Sarkophag iberschnitten mit uberkreuzten Armen vor Draperie. Unten zwei gefugelte Puttenkopfe. Umrahmung Akanthusstab. Glarter Rand. Bronze. Alterer GuB. Oben abgerundet.,361.0,90.5,False,title_direct,,Oberitalienische Schule,
BO0624_15368,360101,62,61,"Oberitalienische Schule. 1. Halfte 16.Jahrh. Der Genius der Musik. Nackter Jungling greift in den Zweig eines Baumes, an dem zahlreiche Musikinstrumente hangen. Rechts flammendes Feuer, in dem eine Posaune liegt. Bronze. Alterer Guf.-H.116.—B.72. Bange 724.",366.0,90.7,False,title_direct,,Oberitalienische Schule,
BO0624_15368,360102,63,62,Oberitalienische Schule. 1. Halfte 16.Jahrh. Ecce homo. Christi in Halbfigur mit Nimbus steht vom Sarkophag iberschnitten. Tabernakelrahmen mit Cherubskopf und Akanthuslaub.,367.0,85.6,False,title_direct,,Oberitalienische Schule,
BO0624_15368,360103,64,63,"Venezianische Schule.Um 1560. Beweinung Christi. Der Leichnam Christi liegt am Boden von Maria,Johannes und Magdalena gehalten, dahinter zwei Frauen und zwei Manner. Im Hintergrund Landschaft mit den drei Kreuzen, Baum und Jerusalem.",375.0,93.0,False,title_direct,,Venezianische Schule,
BO0624_15368,360104,65,64,"Venezianische Schule.Um 1560. Anbetung der Hirten. Vor einem Saulenbau kniet Maria, das Kind verehrend, links funf Hirten, die ein Lammchen darbringen. Auf dem Architrav des Saulenbaus Inschrift: PARMA INVENIT Unten auf einem Stumpf die Jahrzahl 1501 (sicl).  Bronze.Alterer Guf.—H.197.-B.146.  Vgl. Bange 42, Anmerkung, wo auf diese Plakette als Gegenstick zur vorhergehendenKat.Nr.63 hingewiesen ist.  Braun,Kunst u.Kunsthandwerk 1911 S.406. Tafel 8",385.0,67.6,False,title_direct,,Venezianische Schule,
BO0624_15368,360105,66,65,Venezianische Schule.Um 1560. GeiBelung Christi. Der an die Saule gebundene Heiland wird von zwei Knechten geschlagen. Bronze.Alter Guf.-H.163.-B.136.,393.0,89.0,False,title_direct,,Venezianische Schule,
BO0624_15368,360106,67,66,"Oberitalienisch.2.Halfte 16.Jahrh.  - Judith. Von yorne gesehen mit dem Schwert und dem Haupt des Holofernes. Halbfigur. In ovalem Rahmen, gebildet aus Rollwerk mit Kopfen und Laub.",397.0,63.6,False,positional,,Venezianische Schule,
BO0624_15368,360107,68,67,Oberitalienisch.2.Halfte 16.Jahrh. Maria mit dem Kinde und dem hl. Hieronymus. Rechts von der thronenden Madonna,406.0,81.4,False,positional,,Venezianische Schule,
BO0624_15368,360108,69,68,"Oberitalienisch. Wohl Venezianisch. Ende 16.Jahrh. Maria mit Kind und Johannes. Die sitzende Maria halt in der Rechten ein Buch, mit der Linken umfaBt sie den Johannesknaben. Vor ihr steht Jesus.",413.0,84.9,False,positional,,Venezianische Schule,
BO0624_15368,360109,70,69,"Oberitalienisch. Wohl Venezianisch. Ende 16.Jahrh. Der Leichnam Christi, von zwei Engeln gestitzt. Zwei stehende Engel halten den aufgerichteten Christus, dessen Haupt nach links gesunken ist. Bronze.Original. Konturiert.——H.141.-B.110. Braun,Kunst u.Kunsthandwerk 1911, S.460 mit Abb.",418.0,90.2,False,positional,,Venezianische Schule,
BO0624_15368,360110,71,70,"Venezianisch.Um 1600. Bacchus und Ceres. Die nackte Ceres mit Garbenbundel und Bacchus mit Trinkschale stehend sich umarmend. Rahmung: Fruchtekranz, gehalten von zwei Putten.",426.0,93.1,False,positional,,Venezianische Schule,
BO0624_15368,360111,72,71,"Mailand.Anfang.16.Jahrh. Die Gerechtigkeit des Trajanus. In der Mitte steht der Kaiser von Reitern und FuBsoldaten umgeben. Rechts knieender Mann, dahinter der Henker, eine Frau mit Kind. Im Hintergrund Kolosseum und Konstantinusbogen. PredellenartigerA bschluf mit Kampfszene. Silber. Vergoldet. Original.Oben abgerundet. Bange732.-Braun,Kunst u.Kunsthandwerk1911 S.405. H.94.-B.53.",434.0,96.0,False,positional,,Venezianische Schule,
BO0624_15368,360112,73,72,"Jacopo da Trezzo aus Mailand, tatig 1552-1578,gest.1589 Madrid. Diana. Sie schreitet, in ein Horn blasend,mit ihren Hunden nach rechts. Inschrift: PAR VBIQ·POTESTAS·Perlrand. Auf der Ruckseite M Bronze.Alterer Guf.—D.67.",444.0,83.5,False,title_direct,Jacopo da Trezzo,,
BO0624_15368,360113,74,73,"Jacopo da Trezzo aus Mailand, tatig 1552-1578,gest.1589 Madrid. Sitzende Pax. Mit brennender Kriegsfackel, einer Palme und Lorbeerzweig in der Linken. Perlrand.Inschrift:CECIS-VISVS-TIMIDIS·QVIES Bronze. Alter GuB. Dm. 64.",445.0,83.1,False,title_direct,Jacopo da Trezzo,,
BO0624_15368,360114,75,74,"Valerio Belli, gen.Valerio Vicentino 1468-1546, tatig in Vicenza.  - Taufe Christi. In der Mitte steht Christus,rechts Johannes, links vier Junger. Proflierter Rand.",449.0,71.9,False,title_direct,Valerio Belli,,
BO0624_15368,360115,76,75,"Valerio Belli, gen.Valerio Vicentino 1468-1546, tatig in Vicenza. Jesus im Tempel lehrend. Vor Saulenarchitektur steht auf einem Postament nach links Bronze.Alterer Guf.-—H.59.—B.99. Bange757.",456.0,61.4,False,title_direct,Valerio Belli,,
BO0624_15368,360116,77,76,"Valerio Belli, gen.Valerio Vicentino 1468-1546, tatig in Vicenza.Grablegung Christi. Maria und ein Mann halten den Korper Christi. Zu beiden Seiten Manner und Frauen. Unterer Abschnitt leer. Bezeichnung: VALERIVS DE BELLIS VI(C)EN·F.",461.0,78.8,False,title_direct,Valerio Belli,,
BO0624_15368,360117,78,77,"Valerio Belli, gen.Valerio Vicentino 1468-1546, tatig in Vicenza. Gefangennahme Christi. In der Mitte umarmt Judas Christus, den ein Scherge faBt. Kriegsknechte und Jinger, rechts Petrus und Malchus. Unten Bezeichnung (undeutl.) VALERiVS VINCENTINVS F· Der untere Kreisabschnitt frei.",469.0,73.9,False,title_direct,Valerio Belli,,
BO0624_15368,360118,79,78,"Valerio Belli, gen.Valerio Vicentino 1468-1546, tatig in Vicenza. Das Urteil des Paris. Paris rechts stehend reicht Aphrodite den Apfel, neben ihr die beiden andern Gottinen. 1753, tatig in Ferrara und Rom.",1265.0,62.5,False,title_direct,Valerio Belli,,
BO0624_15368,360119,80,79,"Giovanni Bernardi da Castelbolognese. 1649-1753, tatig in Ferrara und Rom.  - Anbetung der Konige. Links sitzt Maria mit dem Kind, das die Gabe des knieenden Konigs entgegennimmt, hinter diesem stehen die zwei anderen Konige.",,53.9,True,title_direct,Giovanni Bernardi,,
BO0624_15368,360120,81,80,"Giovanni Bernardi da Castelbolognese. 1649-1753, tatig in Ferrara und Rom. Amazonenschlacht. Wirres Durcheinander kampfender Reiter und Reiterinnen. Im Grund Saulenhalle. Unterschrift:IOANNES DE BERNAR(DI)",,40.6,True,title_direct,Giovanni Bernardi,,
BO0624_15368,360121,82,81,"Giovanni Bernardi da Castelbolognese. 1649-1753, tatig in Ferrara und Rom.  Kronos. Nackter Greis, geflugelt am Boden liegend, die Rechte faBt die Sense. Bronze. Original. Oben ein Stick im Guf ausgeblieben. Breitoval. H.63.-B.130. Bange 885.",,47.2,True,title_direct,Giovanni Bernardi,,
BO0624_15368,360122,83,82,"Giovanni Bernardi da Castelbolognese. 1649-1753, tatig in Ferrara und Rom. Die Ermordung Casars. Vier Verschworer erdolchen den am Boden liegenden Casar. Links Statue des Pompejus.",,44.5,True,title_direct,Giovanni Bernardi,,
BO0624_15368,360123,84,83,"Giovanni Bernardi da Castelbolognese. 1649-1753, tatig in Ferrara und Rom. Reiterkampf vor einer Stadt. Ein Reitertrupp drangt von links gagen den zuruckweichenden Gegner. Im Vordergrund links Flufgott, dahinter Stadttor. Rechts auf dem Schild eines Kriegers bez.:IO·B·F·  AusguB einer geschnittenen Kristaltafel. Vielleicht Einnahme von ,Goletta"".  Silber.Alterer GufB.Breitoval.-H.54.-B. 64. Bange 919. -Braun, Kunst u. Kunsthandwerk 1911 S.406.",,43.7,True,title_direct,Giovanni Bernardi,,
BO0624_15368,360124,85,84,"In der Art des Giovanni Bernardi. Kreuzigung. Die drei Kreuze umgeben von den Trauernden, im Grund berittene Krieger, 84 rechts wurfeln die Soldaten um den Rock Christi.  Blei. Alter Guf.Bohrloch.Dm.69,5.  Bange 923.",,53.0,True,title_direct,Giovanni Bernardi,,
BO0624_15368,360125,86,85,"Giovanni Jacopo Caraglio.1500-1570, tatig in Parma und Verona.  - Anbetung des Kindes. Rechts knieen die Eltern, von links nahen ein Hirte und zwei Frauen. Rechts Palastarchitektur.",,52.0,True,none,,,
BO0624_15368,360126,87,86,"Antonio Abondio 1538-1591 tatig in Mailand,Wien,Prag,Munchen. Christus. Av. Brustbild n. 1. (hebraischer Buchstabe) Rs.: Christus als Schmerzensmann mit",,43.2,True,title_direct,Antonio Abondio,,
BO0624_15368,360127,88,87,"Thomas di Savii, tatig in Venedig. Thronende Madonna mit Heiligen und Dogen. Maria auf hohem Thron, rechts der",,50.4,True,title_direct,Thomas di Savii,,
BO0624_15368,360128,89,88,"Art des Jacopo Sansovino. Sitzende Madonna. Maria, Profl nach links, bis zu den Knieen sichtbar, halt das stehende Kind mit Nimbus. Unten profilierter Sockel.",,49.4,True,title_direct,Jacopo Sansovino,,
BO0624_15368,360129,90,89,"Art des Jacopo Sansovino. Maria mit dem Kind und dem kl. Johannes. Auf einer Balustrade sitzt Maria nach rechts, auf dem Schof sitzt der nackte Knabe, bei dem Johannes steht. Die drei Figuren mit Nimbus.",,52.6,True,title_direct,Jacopo Sansovino,,
BO0624_15368,360130,91,90,"Art des Jacopo Sansovino. Kronung der Maria. Christus auf Wolken kront die links vor ihm knieende Maria. Oberund unterhalb schweben Engel. In sog: Sansovino Rahmen. Bronze.Vergoldet. Original. Mit Ose. H.197.-B.124. Bange 944.—Braun, Kunst u. Kunsthandwerk 1911,",,50.1,True,title_direct,Jacopo Sansovino,,
BO0624_15368,360131,92,91,"Art des Jacopo Sansovino. Beweinung Christi. Unter dem Kreuzstamm Maria, in ihrem Schof ruht von vorne gesehen der Leichnam Christi, die Arme von zwei Engelknaben gestuitzt. Stilisierte Wolken. Bronze mit Resten von Vergoldung. Original. Zwei Bohrlocher. H.132.-B.86. Bange 945. Tafel7",,53.0,True,title_direct,Jacopo Sansovino,,
BO0624_15368,360132,93,92,Art des Jacopo Sansovino. KuBtafel. In der Mitte Pietagruppe wie Kat.Nr. 91. Umrahmung. Sog. Sansovinorahmen. In der Bekronung Halbfigur Gott Vaters. Bronze.Alter GuB.—H.163.-B.111. Vgl. Bange 945.- Aukt.Kat.Faure Nr.691 mit Abb.,,44.2,True,title_direct,Jacopo Sansovino,,
BO0624_15368,360133,94,93,"Art des Jacopo Sansovino. Maria mit Kind und Johannes. Maria sitzt nach rechts, das Kind haltend, links der",,59.2,True,title_direct,Jacopo Sansovino,,
BO0624_15368,360134,95,94,"Art des Jacopo Sansovino. Rosenkranzmadonna. Maria, das liegende Kind im Schof hoch thronend; sie reicht dem h.Dominikus den Rosenkranz,hinter desem Papst,Kaiser und Page,rechts die hl.Therese,",,44.9,True,title_direct,Jacopo Sansovino,,
BO0624_15368,360135,96,95,Art des Jacopo Sansovino. Madonna mit Kind und Johannesknaben. Maria in Halbfigur halt mit beiden Handen das schlafende Kind. Links der Johannesknabe mit Kreuz. Rechts Saule und Vorhang. Profilierte Umrahmung.,,48.5,True,title_direct,Jacopo Sansovino,,
BO0624_15368,360136,97,96,"Art des Jacopo Sansovino. Maria mit dem Kind. Maria in Halbfigur, halt mit beiden Handen das stehende Kind.",2215.0,62.9,False,title_direct,Jacopo Sansovino,,
BO0624_15368,360137,98,97,Romisch.Um 1540. Gottermahl. Die olympischen Gotter um eine langlich ovale Tafel versammelt. Bronze.Alterer Guf.Breitoval.—H.132-B.238. Este 402.,,45.6,True,none,,,
BO0624_15368,360138,99,98,"Romisch.Um 1540. Hermaphrodit und Nymphe Salmacis. Links Hermaproditus, sich den Lockungen der Nymphe entziehend, rechts Hermaphroditus am Flufufer sitzend, im Wasser das Paar. Ais Zuschauer die Olympier.",,43.2,True,none,,,
BO0624_15368,360139,100,99,"Romisch.Um 1540. Diana und Kallisto. Die Gottin nackt mit ihren Begleiterinnen am FluBufer, oben Kallisto von 2 Nymphen gestitzt. Bronze.Alterer Guβ.Achteckig.—H.135.—B. 135. Este 404.",,44.0,True,none,,,
BO0624_15368,360140,101,100,"Romisch.Um 1540. Mars, Venus und Vulcan. Rechts sitzen sich umarmend Mars und Venus. Links Romisch.Um 1540.  halt Vulcan das unter ihnen ausgebreitete Netz. Bronze.Alterer Gufβ.Achteckig.——H. 140.B. 140. Este 405.",,42.9,True,none,,,
BO0624_15368,360141,102,101,"Romisch.Um 1540. Sturz des Phaeton. In den Wolken Apoll auf seinem Wagen, links sturzt Phaeton mit seinem Gespann herab. Auf der Erde der Flufgott und die drei Schwestern. Bronze.Alterer Guf.Achteckig.—H.139.—B.139. Este 406.",,46.7,True,none,,,
BO0624_15368,360142,103,102,"Romisch.Um 1540. Apollo und Marsyas. In der Mitte der an einen Stamm gefesselte Marsyas, neben ihm kniet der Mann mit dem Messer. Links sitzt Apollo mit seinen Begleitern. Bronze.Alter Guf.Achteckig.—H.138.—B.137. Este 407. Tafel5",,49.3,True,none,,,
BO0624_15368,360143,104,103,"Romisch.Um 1540. Parisurteil. Links Merkur und Paris, der Aprodite den Apfel reicht. Neben dieser Athena und rechts, abgewendet, Hera. In den Wolken Zeus.",,48.6,True,none,,,
BO0624_15368,360144,105,104,"Romisch.Um 1540. Venus und Adonis. Links ruht das Liebespaar unter Baumen, rechts Klage um den",,46.2,True,none,,,
BO0624_15368,360145,106,105,"Pastorino di Giovanni Michele, geb.um 1508, gest. 1592. Tatig in Siena. Franz von Lothringen.FRANCOIS DE LORRAIN Brustbild r.,am Armabschnitt talien. Mitte 16. Jahrh.",,41.5,True,none,,,
BO0624_15368,360146,107,106,Italien. Mitte 16. Jahrh. Kaiser Karl V.CAROLVS·V·IMPERATOR Brustbild nach rechts.,,41.2,True,none,,,
BO0624_15368,360147,108,107,Italien. Mitte 16. Jahrh. Philipp Il. von Spanien. Brustbild nach links. Agraffe. Proflierter Rand.,,44.6,True,none,,,
BO0624_15368,360148,109,108,"Unbestimmte Meister.16. Jahrh. Grablegung.Der Leichnam Christi,yon Maria und Johannes gestutzt, vor dem Eingang",,48.3,True,none,,,
BO0624_15368,360149,110,109,Unbestimmte Meister.16. Jahrh.Grablegung. Johannes und 2 Engel stitzen den auf dem Sarkophag ruhenden Toten. Rechts Maria.,,45.2,True,none,,,
BO0624_15368,360150,111,110,"Unbestimmte Meister.16. Jahrh. Der Leichnam Christi. In ganzer Figur aufrecht, von 2 Putten unter den Armen gehalten, die auf dem Sarkophag stehen. Hinten das Kreuz.",,46.8,True,none,,,
BO0624_15368,360151,112,111,"Unbestimmte Meister.16. Jahrh. Vera Ikon. Brustbild Christi mit Nimbus, Profl nach links.Daruber Taube, Sonne und",,45.1,True,none,,,
BO0624_15368,360152,113,112,Unbestimmte Meister.16. Jahrh. Brustbild Christi. Profl nach links. Schriftlos. In der Art des Matteo de Pastis. Bronze.Original.-H.65.—B.48. Vgl. Bange 976.——Este 425. Tafel 10,,46.0,True,none,,,
BO0624_15368,360153,114,113,Unbestimmte Meister.16. Jahrh. Brustbild Christi. Dem vorigen ahnlich. Inschrift: EGO SVM VIA VERITAS ET VITA,,37.6,True,none,,,
BO0624_15368,360154,115,114,Unbestimmte Meister.16. Jahrh. Madonna. Brustbild mit Kopftuch und Nimbus nach rechts. Inschrift:O QVA TRISTIS· ET·AFFLICTA FVIT ILLA BNDICTA,,38.1,True,none,,,
BO0624_15368,360155,116,115,Unbestimmte Meister.16. Jahrh. Brustbild Christi. Wie Nr.113. Umrahmung mit acht Engelskopfen besetzt.,,41.6,True,none,,,
BO0624_15368,360156,117,116,"Unbestimmte Meister.16. Jahrh. Christus. Brustbild, Profl nach links. Bronze.Vergoldet. Konturierter Guf.Original.-H.126.",,48.4,True,none,,,
BO0624_15368,360157,118,117,"Unbestimmte Meister.16. Jahrh. Sultanin. Weibliches Brustbild von rechter Seite, mit federgeschmicktem Turban. Darunter vertieft:SVLTANA",,41.9,True,none,,,
BO0624_15368,360158,119,118-121,"Unbestimmte Meister.16. Jahrh.  Die vier Evangelisten.  Matthaus. Der Evangelist sitzend mit Tafel, rechts etwas zurick der Engel.  Markus. Profil nach links, sitzend. mit aufgeschlagenem Buch. Links der Lowe.  Johannes. Sitzend nach rechts, schreibend. Neben ihm der Adler.  Lukas. Sitzend nach links, die Tafel auf das Knie gestutzt. Hinter ihm der Stier.  Einfassung der Serie: Eierstab.  Bronze. Spatere Gusse nach gelochten Exemplaren. Braun 146-149.-Bange 980-982 Bemerkung iber Dm.77. diese Exemplare.",,44.8,True,none,,,
BO0624_15368,360159,120,122,"Unbestimmte Meister.16. Jahrh.  Klage um den Leichnam Christi. Im Schof Marias ruht der aufgerichtete Leichnam Christi yon zwei Engeln gestitzt, dahinter das Kreuz. Zu Seiten Nikodemus, Johannes und zwei hl. Frauen.",,43.3,True,none,,,
BO0624_15368,360160,121,123,Unbestimmte Meister.16. Jahrh. Hercules mit der Keule. Nach dem Hercules Farnese.,,41.3,True,none,,,
BO0624_15368,360161,122,124,"Unbestimmte Meister.16. Jahrh. Zwei wilde Manner. Stehend, nackt mit Keulen. Bronze.Original.—H.133.-B.162.",,44.8,True,none,,,
BO0624_15368,360162,123,125,"Unbestimmte Meister.16. Jahrh. Ringende Amoretten. Zu ihren FuBen Bogen und Kocher, iber ihnen Kranz, Schrift band und 2 Windgotter.",,46.2,True,none,,,
BO0624_15368,360163,124,126,Unbestimmte Meister.16. Jahrh. Buchenblatt.Auf rechteckiger Platte. Bronze.Alter Gufβ.-H.41.-B.69.,,49.8,True,none,,,
BO0624_15368,360164,125,127,Unbestimmte Meister.16. Jahrh. Applike. Ecce homo; Maria mit dem Kinde; Enthauptung Johannes des Taufers. Umrahmung: Scheibenornament.,,48.9,True,none,,,
BO0624_15368,360165,126,128,"Italien.Um 1600. Galathea. Sie fahrt auf von Delphinen gezogenem Wagen durchs Meer,begleitet von Tritonen, Nymphen und Putten. Nach dem Wandgemalde Raffaels in der Villa Farnesina",,43.9,True,none,,,
BO0624_15368,360166,127,129,Italien.1.Halfte 17.Jahrh. Christus am Kreuz. Zu Seiten die trauernde Maria mit Nimbus und Johannes. Am,,48.3,True,none,,,
BO0624_15368,360167,128,130,"Italienisch. 17. Jahrh. Verstossung der Hagar. Rechts Hagar mit dem weinenden Ismael, in der Mitte Abraham, links vom Rucken gesehen Sarah. Profilierter Rand.",,46.6,True,none,,,
BO0624_15368,360168,129,131,"Italienisch. 17. Jahrh. Rosenkranzmadonna. Auf Wolken thront Maria mit dem Kinde, sie reichen dem hl. Franz Xaver und der hl. Johanna von Valois einen Rosenkranz. Bronze.Vergoldet.Original.-H.61.-—B.74. Tafel 10",,47.3,True,none,,,
BO0624_15368,360169,130,132,"Italienisch. 17. Jahrh. Hl. Familie mit Johannes dem Taufer. Unter einem Baum Maria, das auf ihrem Schofe sitzende Kind umarmt den knieenden Johannes. Bronze.Vergoldet.Original.-H.58.-B.71. Tafel 10",,46.6,True,none,,,
BO0624_15368,360170,131,133,Italienisch. 17. Jahrh. Kusstafel. Maria und Magdalena betrauern den Leichnam Christi. Tabernakelartige Umrahmung. Bronze.Alter Guf.--H.162.-B.86.,,46.3,True,none,,,
BO0624_15368,360171,132,134,Italienisch. 17. Jahrh. Ecce homo.Brustbild Christi en face. Bronze.Spater Guf.Hochoval.-H.84.--B.64.,,44.9,True,none,,,
BO0624_15368,360172,133,135,"Italienisch. 17. Jahrh. Maria Immaculata. Auf der Mondsichel stehend, mit gefalteten Handen. Bronze.Konturierter Guf. Original.Vergoldet. Bode 1316 (nicht bei Bange!) H.68.-B.39.",,50.8,True,none,,,
BO0624_15368,360173,134,136,Italienisch. 17. Jahrh.  Marcuslowe. Gefligelter Lowenkopf in den Tatzen Schwert und Buch. Bronze.Alterer Guf.-Konturiert.--H.61 -—B.48.,,45.0,True,none,,,
BO0624_15368,360174,135,137,Italienisch. 17. Jahrh. Madonna von Loreto. Umgeben von Heiligen und Bufern. Im Abschnitt dreizeilige Schrift.,,45.0,True,none,,,
BO0624_15368,360175,136,138,Italienisch. 17. Jahrh. Hl. Bischof. Er kniet betend am Altar auf dem ein Buch liegt und sechs Leuchter stehen. Zu Fufen Mitra und Pedum.,,50.2,True,none,,,
BO0624_15368,360176,137,139,Italienisch. 17. Jahrh. Die hl. Cacilie. Nach dem Gemalde Raffaels in der Pinakothek zu Bologna.,,42.0,True,none,,,
BO0624_15368,360177,138,140,"Italienisch. 17. Jahrh. Einzug in die Arche Noah. Im Vordergrund Noah mit Frau, Sohnen und Schwieger-",,44.3,True,none,,,
BO0624_15368,360178,139,141,"Italienisch. 17. Jahrh. Diana. In einem Wald schreitet die zur Jagd gerustete Diana nach rechts. Hinter ihr steht eine weibliche, verhullte Gestalt. Bronze.Alter GuB. Dm.200.",,49.4,True,none,,,
BO0624_15368,360179,140,142,"Italienisch. 17. Jahrh. Jupiter und Kallisto. Im Vordergrund unter Baum Jupiter in Gestalt der Diana, Kallisto umarmend. Im Hintergrund entdeckt Diana den Fehltritt der Nymphe. Tafel10 Bronze.Alter GuB. Dm.201.",,47.0,True,none,,,
BO0624_15368,360180,141,143,Italienisch. 17. Jahrh. Hercules und Omphale. Beide sitzen unter einem Baum; in dessen Zweigen Putten.,,51.3,True,none,,,
BO0624_15368,360181,142,144,"Italienisch. 17. Jahrh. Jupiter und Jo. Auf Wolken Jupiter und Jo, links Jo in eine Kuh verwandelt.",,45.2,True,none,,,
BO0624_15368,360182,143,145,Italienisch. 17. Jahrh. Poseidon und Amphitrite. Poseidon umarmt die Frau. Links ein Putto mit Urne und,,49.8,True,none,,,
BO0624_15368,360183,144,146,Italienisch. 17. Jahrh. Triumphator. Vor architektonischem Hintergrund Reiterstatue nach links. Ruckwarts,,44.6,True,none,,,
BO0624_15368,360184,145,147-149,Italienisch.18. Jahrh. Drei Beschlagstucke. Die Hochzeit zu Kana; Christus vermehrt die Brote und,,44.2,True,none,,,
BO0624_15368,360185,146,150,"Italien. Gegen 1800. Meister 1. B. Schopfungsgeschichte. Im Vordergrund Erschaffung der Eva,weiter rickwarts scheidet Gott Licht und Finsternis, erschafft die Himmelslichter, die Tiere und belebt Adam. Silber. Treibarbeit. Mit 2 Marken davon eine Rosenberg (Ausgabe 1911) Nr. 4626 und Meistermarke. I. B. Tafel9 H.137.-B.193.",,45.1,True,none,,,
BO0624_15368,360186,147,151-160,"Empire. Zehn Zierbuckel. Mit verschiedenen Darstellungen:Lowenjagd, Reiterschlacht,",,39.5,True,none,,,
BO0624_15368,360187,148,161,"Unbekannte Meister der 15.—17.Jahrh. Kreuzabnahme. Zwei Manner lassen den Leichnam herab, seitlich die Kreuze mit den",,47.9,True,none,,,
BO0624_15368,360188,149,162,"Unbekannte Meister der 15.—17.Jahrh. Pieta. Maria halt den aufgerichteten Leichnam im Schof, zu Seiten zwei trauernde Engel. Bronze. Spaterer Guf.-H.101.-B 72.",,51.8,True,none,,,
BO0624_15368,360189,150,163,Unbekannte Meister der 15.—17.Jahrh. David. Er steht nach links gewendet auf dem Haupte Goliaths.,,50.5,True,none,,,
BO0624_15368,360190,151,164,"Nicolaus Viircoenius (sicl) Hl. Petrus Martyr.In einer Saulenhalle steht der Heilige, das Schwert im Haupt, einen Inschrift: CREDO.IN.VNVM·DEVM· Auf dem glatten Rand unten::NICOLAVS.VIiRCENIVS.ME.FECIT:",,39.4,True,title_direct,Nicolaus Viircoenius,,
BO0624_15368,360191,152,165,"Spanisch. Um 1600. Maria mit Kind und Johannesknaben. Die Madonna sitzt nach rechts unter einem Baldachin, das Kind auf dem Schof, vor ihr der kleine Johannes.",,50.0,True,none,,,
BO0624_15368,360192,153,166,Spanische Plakettenwerkstatte. 1. Halfte 17. Jahrh. Reuiger Petrus. Halbfigur nach rechts mit gerungenen Handen. Links auf Saule krahender Hahn.,,43.5,True,title_direct,,Spanische Plakettenwerkstatte,Spanische Plaketten
BO0624_15368,360193,154,167,"Spanische Plakettenwerkstatte. 1. Halfte 17. Jahrh. Der hl.Hieronymus. Knieend, mit Kruzifix, nach rechts,neben ihm Totenkopf, Lowe und aufgeschlagenes Buch mit den Buchstaben S I (San Jeronimo. Profilierte Rahmung. Bronze.AIter GuB.Mit feststehender Ose.H.101.-B.71. Bange 1054. - Braun a. a. O. Nr. 6.",,44.5,True,title_direct,,Spanische Plakettenwerkstatte,Spanische Plaketten
BO0624_15368,360194,155,168,"Spanische Plakettenwerkstatte. 1. Halfte 17. Jahrh. Die hl. Familie in der Werkstatt. Im Vordergrund links steht der hl. Joseph dem der Christusknabe die Sage reicht. Weiter zurick Maria mit Garnspule. Bronze. Original. Mit feststehender Ose.—— Bange 1059.  Braun a.a. O. Nr.7 mit Abb. H.102—B.71,5 Tafel 12",,45.8,True,title_direct,,Spanische Plakettenwerkstatte,Spanische Plaketten
BO0624_15368,360195,156,169,"Spanische Plakettenwerkstatte. 1. Halfte 17. Jahrh. Die hl. Katharina von Alexandrien. Stehend, gekront, mit Schwert und Palme. Zu ihren Fufen zwei Teile des zerbrochenen Rades.",,47.0,True,title_direct,,Spanische Plakettenwerkstatte,Spanische Plaketten
BO0624_15368,360196,157,170,"Spanische Plakettenwerkstatte. 1. Halfte 17. Jahrh. Hl. Franziskus de Paula. Ganze Figur, stehend mit Kruzifix und Buch, auf dem ein",,46.8,True,title_direct,,Spanische Plakettenwerkstatte,Spanische Plaketten
BO0624_15368,360197,158,171,"Spanische Plakettenwerkstatte. 1. Halfte 17. Jahrh. Hl. Monch. Stehend, ganze Figur, mit Kreuz Christi, neben ihm rechts Knabe mit Kranz. Proflierte Rahmung.",,46.2,True,title_direct,,Spanische Plakettenwerkstatte,Spanische Plaketten
BO0624_15368,360198,159,172,Spanische Plakettenwerkstatte. 1. Halfte 17. Jahrh. St. Dominicus. Stehend yon vorne mit Kruzifix und Buch. Zu seinen FuBen Hund mit,,43.8,True,title_direct,,Spanische Plakettenwerkstatte,Spanische Plaketten
BO0624_15368,360199,160,173,"Spanische Plakettenwerkstatte. 1. Halfte 17. Jahrh. Die hl. Magdalena. Kniestuck nach rechts mit Kruzifix. Neben ihr Totenkopf, Geiβel, SalbgefaB. Proflierte Rahmung. Bronze. Vergoldet. Original. Mit feststehender Ose. Bange 1060. -Braun a.a. O. Nr. 16 mit Abb.",,46.4,True,title_direct,,Spanische Plakettenwerkstatte,Spanische Plaketten
BO0624_15368,360200,161,174,"Spanische Plakettenwerkstatte. 1. Halfte 17. Jahrh. Hl. Franziskus. Halbfigur nach links, mit gekreuzten Armen, vor ihm Kruzifix, Totenkopf, Buch und Geifel. Bronze. Alter GuB. Feststehende Ose. H.103,5—B.73,5. Braun a.a.O. Nr. 17.",,42.8,True,title_direct,,Spanische Plakettenwerkstatte,Spanische Plaketten
BO0624_15368,360201,162,175,"Spanische Plakettenwerkstatte. 1. Halfte 17. Jahrh. Ecce Homo. Christus, gefesselt mit Dornenkrone und Stab. Halbfigur von vorne. Profilierte Rahmung. Bronze.Vergoldet. Original. H.101 —B.72 Braun a.a.O. Nr.18. Tafel 12",,41.8,True,title_direct,,Spanische Plakettenwerkstatte,Spanische Plaketten
BO0624_15368,360202,163,176,Spanische Plakettenwerkstatte. 1. Halfte 17. Jahrh. Johannes der Taufer. Halbfigur yon vorne. Oben Inschrift: NON SV/RE/XIT/MAIOR Proflierte Rahmung. Ruckwarts:/GLO/RIAM/TIX/VSI Bronze.Alter GuB.H.103 -B.72 Bange 1057.- Braun a.a.O. Nr.19.,,40.6,True,title_direct,,Spanische Plakettenwerkstatte,Spanische Plaketten
BO0624_15368,360203,164,177,"Spanisch.Anf.17.Jahrh. Ecce homo. Christus in Halbfigur an der Geifelsiule, unten drei geflugelte Engelskopfe",,44.6,True,none,,,
BO0624_15368,360204,165,178,"Spanisch.17.Jahrh. Hl.Franziskus. Der Heilige, Halbfigur nach rechts, betet vor dem Kruzifix.",,44.0,True,none,,,
BO0624_15368,360205,166,179,"Spanisch.17.Jahrh. Hl.Felix de Cantalizie. Ein kleiner Engel fuillt den Sack des Kapuziners mit Broten,",,44.3,True,none,,,
BO0624_15368,360206,167,180,"Spanisch.17.Jahrh. Maria mit dem Kinde. Auf Wolken thront vor einer Bergwand Maria mit dem Kinde, das mit einer Sage einen Fels teilt. Tafel 11 Bronze.Vergoldet.Original. Hochoval. Mit feststehender Ose.-H.118.-— B.83.",,51.3,True,none,,,
BO0624_15368,360207,168,181,"Spanisch.17.Jahrh. Himmelfahrt Mariae.Auf einer Wolke schwebt Maria, auf der Mondsichel stehend empor, begleitet von vier Engelknaben. Tafel 11 Bronze.Vergoldet. Alterer Guf.-H.154—B.100",,46.7,True,none,,,
BO0624_15368,360208,169,182,"Spanisch.17.Jahrh. Himmelfahrt Mariae. Auf einer Engelwolke schwebt Maria, mit gefalteten Handen, aufwarts, auf der Erde umgeben Apostel und Frauen den Sarkophag. Tafel 11 Bronze.Vergoldet.Original.Oben gerundet.-H.147 B.85",,45.7,True,none,,,
BO0624_15368,360209,170,183,"Spanisch.17.Jahrh. Maria in der Engelwolke. Maria steht auf der Mondsichel, umgeben von vielen kleinen",,47.6,True,none,,,
BO0624_15368,360210,171,184,"Spanisch.17.Jahrh. Steinigung des hl. Stephanus. Im Vordergrund der knieende Heilige als Diakon, zwei stehende Manner halten in den erhobenen Handen Steine. Zuschauer.In Wolken Gott Vater und Sohn. Bronze. Vergoldet. Original.Mit feststehender Ose.—H.79.——B.56 Tafel 12",,47.4,True,none,,,
BO0624_15368,360211,172,185,"Spanisch.17.Jahrh. Maria mit dem Kinde. Maria in Halbfgur nach links, halt mit beiden Handen das Kind.",,56.5,True,none,,,
BO0624_15368,360212,173,186,"Spanisch.17.Jahrh. Maria Immaculata. Die Madonna zertritt die Schlange, die die Weltkugel umwindet. Bronze.Vergoldet. Alterer Guf.Konturiert.-H.186",,44.1,True,none,,,
BO0624_15368,360213,174,187,Spanisch.17.Jahrh. Die buBende Magdalena. Halbfigur in einer Felshohle.,,42.4,True,none,,,
BO0624_15368,360214,175,188,Spanisch.17.Jahrh. Agnus Dei. Das Lamm mit Kreuzesfahne auf einem Buch liegend.,,42.9,True,none,,,
BO0624_15368,360215,176,189,"Spanisch.17.Jahrh. Lamm Gottes. Auf Buch, nach links liegend. Strahlenglorie.",,41.7,True,none,,,
BO0624_15368,360216,177,190,"Mittelrheinisch.Um 1460. Abendmahl. Um den gedeckten sechseckigen Tisch sitzen Christus und die 12 Apostel,",,53.4,True,none,,,
BO0624_15368,360217,178,191,"Deutsch. 2. Halfte 15.Jahrh. Christus am Olberg. Christus kniet nach links, rechts neben ihm die drei schlafenden Junger. Oben Kopf Gottvaters. Gerauter Grund.",,43.9,True,none,,,
BO0624_15368,360218,179,192,"Suddeutsch.Ende 15. Jahrh. KuBtafel. Hl. Veronika. Die Heilige in faltigem Untergewand, Kopftuch und Mantel steht",,42.9,True,none,,,
BO0624_15368,360219,180,193,Suddeutsch.Ende 15. Jahrh. Kusstafel. Hl. Veronika. Sie halt das Tuch mit dem nimbierten Antlitz Christi. Hinter ihrem nach rechts geneigten Haupt mit Kopftuch und Nimbus gotisches MaBwerk.,,45.9,True,none,,,
BO0624_15368,360220,181,194,Augsburg. Um 1520. Meister aus dem Kreise des Hans Schwarz. Thronende Madonna.Von sechs Engelknaben umgeben. Maria mit nach links gewendetem Kopf halt mit beiden Handen den nackten Knaben. Zwei Putten halten das Kieid der Ma-,,49.4,True,title_direct,Hans Schwarz,,
BO0624_15368,360221,182,195,"Peter Flotner, geb. in der Schweiz (Thurgau), gest. Nurnberg 1546. Der Sundenfall.In der Mitte Baum der Erkenntnis, um den sich die Schlange windet,",,45.6,True,title_direct,Peter Flotner,,
BO0624_15368,360222,183,196,"Peter Flotner, geb. in der Schweiz (Thurgau), gest. Nurnberg 1546. Christus und die Samariterin. In einer baumreichen Landschaft Christus mit der Samariterin. Im Mittelgrund figurliche Gruppe.",,45.6,True,title_direct,Peter Flotner,,
BO0624_15368,360223,184,197,"Peter Flotner, geb. in der Schweiz (Thurgau), gest. Nurnberg 1546. Der Geruch.(Aus der Folge der funf Sinne). Unter Baum sitzt eine Frau, die, sich nach rechts beugend, ein Kind reinigt. Links steht Knabe, der sich die Nase zuhalt. Im Mittelgrund sieht man Fischer am Strande und in Booten, weiter zurick Stadte",,47.1,True,title_direct,Peter Flotner,,
BO0624_15368,360224,185,198,"Peter Flotner, geb. in der Schweiz (Thurgau), gest. Nurnberg 1546. Die kleinere ,Versuchung des Glaubens"". Auf einer Felsenbank sitzende Frauengestalt in einer Landschaft,neben ihr Lamm (Patientia ?). Sie erwehrt sich der vier Versucher, die auf sie eindringen. Rechts ein Fluf mit sinkendem Schif, dahinter eine brennende Stadt. Braun 8.——Lange 116.—Bange 5690. Tafel13 Blei.Alter Guf.Bohrloch.--H.59.-B.84.",,44.3,True,title_direct,Peter Flotner,,
BO0624_15368,360225,186,199,"Peter Flotner, geb. in der Schweiz (Thurgau), gest. Nurnberg 1546. Wygewon. (Aus der Folge der zwolf altesten deutschen Konige). Der Konig steht rechts gewendet. Rustung mit Mantel, in der Linken Hellebarde, am Boden Helm.",,47.9,True,title_direct,Peter Flotner,,
BO0624_15368,360226,187,200,"Peter Flotner, geb. in der Schweiz (Thurgau), gest. Nurnberg 1546. Konig.Stehend,mit Speer und Schwert.Kartuschenumrahmung mit Beschlagwerk und Kopfen.",,43.2,True,title_direct,Peter Flotner,,
BO0624_15368,360227,188,201,"Peter Flotner, geb. in der Schweiz (Thurgau), gest. Nurnberg 1546. Ein Bettler.(Aus ,Die sieben Folgen der Trunkenheit""). Ein weinlaubbekranzter Mann schreitet nach links. Rechts eine traubengefullte Kufe, ein Faf und eine Leiter. Weiter zurick Architektur. Unten Rollwerkkartusche. Blei. Spaterer Guf.Dm.63. Braun 10.——Bange 5682 (rechteckig).——Lange 107. Tafel13",,44.8,True,title_direct,Peter Flotner,,
BO0624_15368,360228,189,202,"Peter Flotner, geb. in der Schweiz (Thurgau), gest. Nurnberg 1546. Der Geiz. (Aus  Die sieben Todsinden""). Stehende Frau mit Fledermausflugeln von vorn, den Kopf mit verbundenen Augen nach links. Zu Fufen Geldsack und Krote. Rechts im Hintergrund Befestigungswerke. Blei. Alterer Gufβ.—H.70.-B.46. Braun 11.—Bange 5671. ——Lange 96. Tafel15",,44.1,True,title_direct,Peter Flotner,,
BO0624_15368,360229,190,203,"Peter Flotner, geb. in der Schweiz (Thurgau), gest. Nurnberg 1546. Die Unkeuschheit.(Aus derselben Folge). Frau, leicht von einem Mantel umhillt, in Schrittstellung, blickt auf gefugeltes Herz in ihrer Rechten, die Linke halt brennenden Pfeil. Zu Fufen ein Stier. Landschaftlicher Hintergrund. Blei.Alterer GuB.——H.69.——B.46,5. Braun 12.Bange 5672.——Lange 97. Tafel 15",,44.6,True,title_direct,Peter Flotner,,
BO0624_15368,360230,191,204,"Peter Flotner, geb. in der Schweiz (Thurgau), gest. Nurnberg 1546. Der Neid. (Aus derselben Folge). Stehendes altes, geflugeltes Weib, den Kopf rechts gewendet,beifBt in ein Herz, das sie in der Linken halt. Rechts Hund. Landschaft mit Architektur als Hintergrund. Bronze.Alterer Guf.-H.74.—B.51. Braun 13.——Bange 5675.—Lange 100. Tafel15",,47.3,True,title_direct,Peter Flotner,,
BO0624_15368,360231,192,205,"Peter Flotner, geb. in der Schweiz (Thurgau), gest. Nurnberg 1546. Der Neid. Wie vorher. Blei. Alterer Guf.-H.70.——B.45.",,47.7,True,title_direct,Peter Flotner,,
BO0624_15368,360232,193,206,"Peter Flotner, geb. in der Schweiz (Thurgau), gest. Nurnberg 1546. Die Tragheit.(Aus derselben Folge). Stehende Frau, von vorne gesehen, mit grofen, schlaff herabhangenden Flugeln. Hinter ihr ein Esel. Landschaftlicher Hintergrund. Blei.Alterer Guf.-H.69.B.46. Braun 14.—Bange 5676. Lange 101. Tafel14",,45.2,True,title_direct,Peter Flotner,,
BO0624_15368,360233,194,207,"Peter Flotner, geb. in der Schweiz (Thurgau), gest. Nurnberg 1546. Klio. (Aus der Folge der neun Musen.) Zwischen Gebauden stehend, weist Klio geneigten Hauptes auf am Boden liegende Bucher. Architektonischer Hintergrund. Blei.AIter GuB.——H.71,5-B.50. Braun 15.——Bange 5626.--Lange 21. Tafel15",,44.7,True,title_direct,Peter Flotner,,
BO0624_15368,360234,195,208,"Peter Flotner, geb. in der Schweiz (Thurgau), gest. Nurnberg 1546. Urania.(Aus derselben Folge). Sie steht, den Oberkorper entbioBt, einen Mantel uber ihrer linken Schulter, den Kopf im Profil nach links und betrachtet einen Zirkel in ihrer erhobenen Rechten; linker Fuf auf Globus. Im Hintergrund Mauerwerk. Blei.Alter Guβ.-H.73.—B.48,5. Braun 16.—Bange 5632.—Lange 27. Tafel14",,44.8,True,title_direct,Peter Flotner,,
BO0624_15368,360235,196,209,"Peter Flotner, geb. in der Schweiz (Thurgau), gest. Nurnberg 1546. Caritas.(Aus Die sieben stehenden Kardinaltugenden""). In Landschaft stehende Frau in langem faltigem Gewand, sie halt mit beiden Handen ein Kind, ein zweites,vom",,47.3,True,title_direct,Peter Flotner,,
BO0624_15368,360236,197,210,"Peter Flotner, geb. in der Schweiz (Thurgau), gest. Nurnberg 1546. Ate und die Litai. Durch ein Gebirgstal schreiten von rechts drei Frauen, die Litai"" (Abbitten). Oben in Wolken verjagt Zeus die Ate (Verblendung). Eine brennende Burg und eine Mordszene weisen auf das von Ate gestiftete Unheil. Im unteren Kreisabschnitt Kar-",,46.6,True,title_direct,Peter Flotner,,
BO0624_15368,360237,198,211,"Peter Flotner, geb. in der Schweiz (Thurgau), gest. Nurnberg 1546. Temperantia. (Aus der Reihe der sieben [sitzenden] Kardinaltugenden in rechtekkiger Umrah m ung.) Frau auf einer Felsenbank, in einer Schale Wasser u. Wein mischend. Landschaftlicher Hintergrund.",,45.7,True,title_direct,Peter Flotner,,
BO0624_15368,360238,199,212,"Peter Flotner, geb. in der Schweiz (Thurgau), gest. Nurnberg 1546. Prudentia.(Aus, Die acht grofen Kardinaltugenden""). Die Doppelgesichtige sitzt auf einem Thron,in einen Spiegel blickend, in den auch Amor hineinzulugen sucht. Ausblick auf",,41.9,True,title_direct,Peter Flotner,,
BO0624_15368,360239,200,213,"Peter Flotner, geb. in der Schweiz (Thurgau), gest. Nurnberg 1546. Astronom in Landschaft. Unter grofem Baum liegt der Astronom mit Zirkel und Glo-",,44.2,True,title_direct,Peter Flotner,,
BO0624_15368,360240,201,214,"Peter Flotner zugeschrieben. Applike. (Putto als Pilasterfigur). Auf Sockel steht der Putto, von vorne gesehen,",,44.1,True,title_direct,Peter Flotner,,
BO0624_15368,360241,202,215,"Peter Flotner zugeschrieben. Applike. Konig. Gekronter Kopf mit langem Bart,rechtshin. In Rollwerkumrahmung, Einfassung Lorbeerkranz mit Rollwerk.",,41.0,True,title_direct,Peter Flotner,,
BO0624_15368,360242,203,216,Nach Peter Flotner. Marzipanmodel. Sitzende Justitia. Justitia aus der Folge der acht groBen Kardinaltugenden.Vertieft. Rand mit Lorbeerstab. Zinn.Alt.-Dm.97. Vgl.Lange Nr.75 u. Bange 5657.Einleitung. Braun.,,40.5,True,title_direct,Peter Flotner,,
BO0624_15368,360243,204,217,"Werkstatt der Vischer.16.Jahrh. Grablegung. In von Pilastern flankierter Muschelnische der Leichnam Christi im Schof Marias liegend, dahinter drei Manner und eine Frau. Umrahmung: Seitlich ornamentierte Saulen, Sockel und Architrav mit Mannerkopfen. Mittelteil des Sockels: Zwei Fabeltiere mit Wappenschild darin Kreuz; Mittelteil des Architravs: zwei Vogel mit Maskaron. Im Gie bel Halbfigur Gortvaters. Bekronung: drei geflugelte Engelskopfe.",,43.8,True,title_direct,,Werkstatt der Vischer,
BO0624_15368,360244,205,218,"Werkstatt der Vischer.16.Jahrh. Simson und ein Philister. Simson auf Schild stehend, tragt den Philister auf der rech-",,45.0,True,title_direct,,Werkstatt der Vischer,
BO0624_15368,360245,206,219-232,"Monogrammist H L (Hans Leitmaier? Nurnberg um 1540). Vierzehn runde Plaketten mit profiliertem Rand nach Duirers Marienleben und kleiner Passion. Die Serie ist ruckseitig vertieft nummeriert, in nachfolgender Ordnung:1.Verkindigung Mariae. 2. Geburt Christi. 3. Darstellung im Tempel. 4. Anbetung der Konige. 5. Flucht nach Agypten. 6. Der Knabe Christus im Tempel. 7. Christus erscheint seiner Mutter. 8. Kreuztragung. 9. Christus am Kreuz. 10. Grablegung. 11. Beweinung Christi. 12. Himmelfahrt Christi. 13. Sendung des hl. Geistes.",,39.8,True,title_direct,Hans Leitmaier,,
BO0624_15368,360246,207,233,"Leonhard Danner. Nurberg, geb. 1497, gest. 1587. Abschied des verlorenen Sohnes. In reicher Landschaft verabschiedet sich der Sohn",,49.5,True,title_direct,Leonhard Danner,,
BO0624_15368,360247,208,234,"Art des Leonhard Danner. Triumph der Temperantia. Auf einem von zwei Pferden gezogenen Wagen sitzt Temperantia, die aus einem Krug Wasser in einen Pokal gieft. Im Hintergrund Land",,46.7,True,title_direct,Leonhard Danner,,
BO0624_15368,360248,209,235,Suddeutsch.1.Halfte 16.Jahrh. Nessus und Dejaneira. Auf dem Rucken des nach rechts eilenden Centauren sitzt die,,49.3,True,none,,,
BO0624_15368,360249,210,236,"Deutsch.2.Viertel 16.Jahrh. Pulverflasche. Vs: Mucius Scavola. Er steht von zwei Romern gehalten rechts, die Hand in den Flammen,links vor seinem Zelt Porsenna. Zeltlager und Kanonen, am Rande Blatterkranz. Rs: Graviert: Radial angeordnete stilisierte Zweige. In der Mitte Inschrift: MADRID MDLV",,42.0,True,none,,,
BO0624_15368,360250,211,237,"Suddeutsch, Mitte des 16. Jahrh. Totung des Cacus. Hercules erschlagt mit seiner Keule den vor seiner Felsenhohle liegenden Cacus.",,47.8,True,none,,,
BO0624_15368,360251,212,238,"Suddeutsch, Mitte des 16. Jahrh. Totung des Centauren. Hercules erschlagt mit seiner Keule den zwischen seinen Beinen",,47.9,True,none,,,
BO0624_15368,360252,213,239,Suddeutsch (Passionsfolge). Nurnberg. Um 1550. Christi Gefangennahme. Judas kiBt Christus; zu beiden Seiten gepanzerte Kriegsknechte. Vorne Petrus und Malchus.,,43.0,True,none,,,
BO0624_15368,360253,214,240,Suddeutsch (Passionsfolge). Nurnberg. Um 1550. Christus vor Pilatus. Christus wird von zwei Kriegsknechten vor den erhoht sitzenden Pilatus gefuhrt. Links ein Jude.,,45.0,True,none,,,
BO0624_15368,360254,215,241,"Suddeutsch (Passionsfolge). Nurnberg. Um 1550. Handwaschung des Pilatus. Pilatus sitzt nach rechts, vor ihm der Diener. Torbogen mit Blick auf eine Stadt.",,43.6,True,none,,,
BO0624_15368,360255,216,242,"Suddeutsch (Passionsfolge). Nurnberg. Um 1550. Beweinung Christi. Johannes halt den halbaufgerichteten Leichnam, daneben kniet Maria zu Seiten Joseph von Arimathia und Nikodemus. Hinter der Gruppe ein Kreuz und Ausblick in die Landschaft.",,46.2,True,none,,,
BO0624_15368,360256,217,243,"Suddeutsch (Passionsfolge). Nurnberg. Um 1550. Grablegung. Joseph von Arimathia und Nikodemus legen den Leichnam in den Sarg, dahinter Maria und Johannes.",,45.7,True,none,,,
BO0624_15368,360257,218,244,Suddeutsch (Passionsfolge). Nurnberg. Um 1550. Auferstehung. Christus steht mit Siegesfahne auf Sarkophag. Im Vordergrund vier Wachter.,,42.3,True,none,,,
BO0624_15368,360258,219,245,"Nurnberg.Um 1550. Orpheus unter den Tieren. Orpheus sitzt nach rechts gewendet auf einem Baumstrunk und geigt, umgeben von vielen Tieren, darunter einem die Bewegung nachahmenden Affen. Am unteren Rand ein Blattfries.",,46.7,True,none,,,
BO0624_15368,360259,220,246,"Nurnberg.Um 1550. Zundkrautflasche in Trapezform. Auf der Vs: Parisurteil: Unter einem Baum liegt Paris, zu ihm tritt Hermes, auf die drei nackten Gottinen weisend. An den Schmalseiten Laubwerk. Rs. graviert: Blattwerk.",,47.3,True,none,,,
BO0624_15368,360260,221,247,"Nurnberg.Um 1550. Ovale Uhrkapsel: Landschaft mit Liebespaar. In einer Berglandschaft mit Gebauden und Baumen sitzt ein sich umarmendes Paar an einer Tafel, an der noch eine dritre Person sitzt. Die Darstellung umgeben von geriefelter Umrahmung und Blatterkranz. Oben Knopf und Ring.",,47.9,True,none,,,
BO0624_15368,360261,222,248-249,"Nurnberg.Um 1550. Evangelist Johannes. Gefligelt. Nach links an Pult sitzend, daneben der Adler. Gedrehter Kordelrand.",,45.0,True,none,,,
BO0624_15368,360262,223,250-253,Nurnberg.Um 1550. Die vier Evangelisten mit ihren Symbolen. Wie Nr.248/249. Mit glattem Rand.,,41.8,True,none,,,
BO0624_15368,360263,224,254,"Nurnberg.Um 1550. Putto. Er steht, bekleidet mit einer bis zum Nabel reichenden Jacke, auf einem Lamm und blast zwei Flugelhorner.",,51.7,True,none,,,
BO0624_15368,360264,225,255,"Nurnberg.Um 1550. Justitia.Die Frau,in reicher Zeittracht, steht auf dem Lowen,in den Handen halt sie Schwert und Wage.",,47.8,True,none,,,
BO0624_15368,360265,226,256,"Nurnberg.Um 1550. Jakobs Traum. In einer Landschaft mit See und Bergen mit Kastellen ruht Jakob, im Hintergrund die Himmelsleiter, die Gottvater halt.",,44.9,True,none,,,
BO0624_15368,360266,227,257,Nurnberg.Um 1550. Zwei kampfende Reiter. Auf zwei nach links gewendeten Pferden zwei sich bedrangende Krieger.,,45.9,True,none,,,
BO0624_15368,360267,228,258,"Nurnberg.Um 1550. Stier und Ziege. Stier nach rechts, eine Ziege anspringend. Uber der Darstellung die Buchstaben -PG-B- Proflierter Rahmen.",,47.6,True,none,,,
BO0624_15368,360268,229,259,"Nurnberg.Um 1550. Agraffe. Kaiser Karl V. Brustbild mit Barett, von links vorne. Proflierter Rand. (Das Portrat sonst mit Vlief am Band!) Bronze. Alterer Guf. Dm.38. Braun 60.",,43.3,True,none,,,
BO0624_15368,360269,230,260,"Nurnberg.Um 1550. Das Parisurteil. Unter Baumen Paris in Rittertracht nach rechts, der Aphrodite den Apfel reichend, hinter ihr die zwei anderen Gottinnen.",,47.0,True,none,,,
BO0624_15368,360270,231,261,"Nurnberg.Um 1550. Die Beratung. Im Vordergrund sitzen drei Manner in antiker Rustung, iber ihnen thront erhoht ein vierter.",,46.7,True,none,,,
BO0624_15368,360271,232,262,"Nurnberg.Um 1550. Die ermordete Frau. Links sitzt ein Konig, eine tote Frau im Schof, von rechts nahen zwei Manner. Rand mit Kartuschen. Bronze.Vergoldet.Original.-Dm.35. Bange 2687. Tafel 16",,46.9,True,none,,,
BO0624_15368,360272,233,263,"Nurnberg.Um 1550. Gnadenstuhl. Im Schof von Gottvater der Leichnam Christi von zwei Engeln gestutzt, dariber die Taube. Ornamentierter Rand. Bronze.Original.Vergoldet.Drei Bohrlocher.H.33.-B.29. Tafel 16",,45.1,True,none,,,
BO0624_15368,360273,234,264,"Nurnberg.Um 1550. Puttenfries. Von einer Blumenvase gehen in symmetrischer Anordnung Ranken aus, auf Delphinen sitzen zwei Putten mit Schwert und Schild. Nach Aldegrever. Bronze. Vergoldet. Gravierung. H.33. B.100.",,44.8,True,none,,,
BO0624_15368,360274,235,265,Jugendarbeiten des Meisters H. G.? Bacchus auf dem Eber. (Aus einer Folge von Bacchusszenen). Bacchus wird von Bange vermutet in der Plakette eine Jugendarbeit des Meisters H. G. Vgl. Anmerkung zur Nr. 5693. Gehort zur gleichen Folge wie Nr.266.,,45.2,True,title_direct,Meister H. G.,,
BO0624_15368,360275,236,266,Jugendarbeiten des Meisters H. G.? Bacchus auf dem Fass. (Aus einer Folge von Bacchusszenen). Bacchus sitzt rittlings auf einem FaB umgeben von drei Affen und drei nackten zechenden Mannern. Im Grund eine Ruine.,,47.7,True,title_direct,Meister H. G.,,
BO0624_15368,360276,237,267,"Jugendarbeiten des Meisters H. G.? Apollo und die neun Musen. Unter Baum sitzt Apoll umbegen von den 9 Musen, zu beiden Seiten Wassergott mit Urne. Im Hintergrund Pegasus und zwei Putten.",,47.4,True,title_direct,Meister H. G.,,
BO0624_15368,360277,238,268,"Jugendarbeiten des Meisters H. G.?Das Urteil des Paris. Der sitzende Paris reicht der Aphrodite den Apfel, die mit Amor rechts steht. Links wendet sich die sitzende Hera zu Athena, die von ruckwarts gesehen",,47.0,True,title_direct,Meister H. G.,,
BO0624_15368,360278,239,269,"Jugendarbeiten des Meisters H. G.? Venus und Adonis. Im Vordergrund rechts liegt der sterbende Adonis, bei ihm steht Venus, die Anemone ergreifend und 2 Jagdhunde; links entflieht der Eber. Landschaft mit",,47.1,True,title_direct,Meister H. G.,,
BO0624_15368,360279,240,270,"Meister H. G. Suddeutsch um 1570. Scylla und Minos. Konig Minos sprengt auf seinem Rosse nach links, begleitet von geScylla noch einmal mit Begleiterin, links drei Frauen. Oben Wasserflache von Booten befahren. Im Vordergrund Baumstumpf mit Jahrzahl 1569 und Monogramm H. G. Umrah-",,45.5,True,title_direct,Meister H. G.,,
BO0624_15368,360280,241,271,Meister H. G. Suddeutsch um 1570. Der Angler. In einer Landschaft mit Baumgruppen und Architektur sitzt links vorne der Angler. Fluf mit Kahnen und vielen Tieren. Oben Strahlenantlitz der Sonne und Wolken. Rechts im Vordergrund Baumstumpf mit Jahrzahl 1570 und Monogramm H. G. Umrah-,,46.8,True,title_direct,Meister H. G.,,
BO0624_15368,360281,242,272,"Meister H. G. Suddeutsch um 1570. Saturn, die Wahrheit der Sonne entgegenfuhrend.Im Vordergrund einer Landschaft nackte Frau, die Saturn emporziehen will, wahrend ein Damon auf Wolken versucht sie zurickzuhalten. Rechts Taube mit Ranke. Oben Umschrift: VERITAS·FILIA·TEMPORIS Auf dem breiten Rand Signatur H·G1570 und 8ABSTRVSAM8TENEBRIS8",,43.5,True,title_direct,Meister H. G.,,
BO0624_15368,360282,243,273,"Meister H. G. Suddeutsch um 1570. Salbung Davids. (Samuel I, 16). Im Vordergrund salbt Saul den knieenden David, zu beiden Seiten Zuschauer. Rechts im Mittelgrund der Brandaltar, daneben David mit dem Botschafter Sauls. Umrahmung: Flechtband.",,46.4,True,title_direct,Meister H. G.,,
BO0624_15368,360283,244,274,"Meister H. G. Suddeutsch um 1570. Das Urteil des Salomo. Vor dem Palast sitzt der junge Konig, umgeben von 2 Mannern, den beiden Muttern, vor ihm der Henker mit dem lebenden Kind.",,50.7,True,title_direct,Meister H. G.,,
BO0624_15368,360284,245,275,"Meister H. G. Suddeutsch um 1570. Elieser am Brunnen. Rebekka reicht dem Elieser den Krug. Am Brunnen zwei Magde, links ein Knecht mit zwei Dromedaren. Im Hintergrund Wasserflache und Stadtarchitektur. Bronze.Original.——Dm.93. Braun 119. Tafel 24",,45.6,True,title_direct,Meister H. G.,,
BO0624_15368,360285,246,276,"Meister H. G. Suddeutsch um 1570. Abrahams Opfer. In baumreicher Landschaft kniet Isaak auf dem Scheiterhaufen, hinter ihm Abraham mit gezucktem Schwert, der Engel fallt ihm in den Arm. Links steht ein Knecht mit einem Pferd. Ausblick auf Stadtarchitektur. Bronze.Original.—Dm.95. Braun 123.",,54.5,True,title_direct,Meister H. G.,,
BO0624_15368,360286,247,277,"Meister H. G. Suddeutsch um 1570. Marcus Curtius. Der Held sprengt nach links in den fammenden Abgrund, Frauen und Manner schauen der Tat zu. Umrahmung: Flechtband mit Beschlagwerk.",,45.9,True,title_direct,Meister H. G.,,
BO0624_15368,360287,248,278,"Meister H. G. Suddeutsch um 1570. Abraham und die Engel. Im Vordergrund begruBt Abraham, knieend, die von rechts heraneilenden Engel. Links das Haus Abrahams in dessen rundbogigen Turoffnungen zwei Szenen sichtbar sind: Abraham fuhrt den Engeln seine Frau vor; zwei Diener schlachten",,46.9,True,title_direct,Meister H. G.,,
BO0624_15368,360288,249,279,"Schule des Meisters H. G. Die Segnungen des Friedens.Die Gottin stehend,mit Palme, ber ihr geflugelter Puto,",,46.9,True,title_direct,Meister H. G.,Schule des Meisters H. G.,
BO0624_15368,360289,250,280,"Schule des Meisters H. G. Urteil Salomos. Der Konig, umgeben yon seinem Gefolge thront unter einem Baldachin. Vor ihm das tote Kind und die beiden Mutter. Links steht ein Krieger mit Schwert, das",,46.2,True,title_direct,Meister H. G.,Schule des Meisters H. G.,
BO0624_15368,360290,251,281,"Schule des Meisters H. G. Salomo und die Konigin von Saba. Links thront der Konig umgeben von seinem Gefolge, vor ihm kniet in Zeittracht die Konigin mit ihren Frauen, Geschenke darbringend. Im Hintergrund Kronung und Urteil Salomos. Der untere Kreisausschnitt ist",,47.1,True,title_direct,Meister H. G.,Schule des Meisters H. G.,
BO0624_15368,360291,252,282,Schule des Meisters H. G. Das Urteil des Paris. Der nach rechts sitzende Hirte reicht Aphrodite den Apfel.,,47.6,True,title_direct,Meister H. G.,Schule des Meisters H. G.,
BO0624_15368,360292,253,283,"Art des Jonas Silber. Nurnberg, letztes Viertel des 16. Jahrh. Abrahams Opfer. Rechts kniet Isaak auf dem Scheiterhaufen, links Abraham auf den",,50.1,True,title_direct,Jonas Silber,,
BO0624_15368,360293,254,284,"Art des Jonas Silber. Nurnberg, letztes Viertel des 16. Jahrh. Hirtenszene. Im Vordergrund einer Landschaft mit viel Architektur, einem FluB mit Ruickseite das Monogramm H C B graviert.",,46.1,True,title_direct,Jonas Silber,,
BO0624_15368,360294,255,285,"Art des Jonas Silber. Nurnberg, letztes Viertel des 16. Jahrh. Diana. Im Vordergrund einer Landschaft mit Wassermihle, Stadtarchitektur und Bergkastell steht an einem Fluf die Gottin in Helm und Panzer, den Jagdfalken und einen SpieB tragend, begleitet vom Jagdhund.",,48.0,True,title_direct,Jonas Silber,,
BO0624_15368,360295,256,286,"Art des Jonas Silber. Nurnberg, letztes Viertel des 16. Jahrh. Mars und Venus. Der gewappnete Mars und die nackte enus sitzen, umgeben von drei",,48.6,True,title_direct,Jonas Silber,,
BO0624_15368,360296,257,287,"Art des Jonas Silber. Nurnberg, letztes Viertel des 16. Jahrh. Mercur und Argus. Im Vordergrund sitzt der schlafende Argus, ihm gegenuber Mercur die Schalmei blasend. In der baumreichen Landschaft weidet die Herde. Weiter zurick auf Anhohen gelegene Stadte und Kastelle. In Wolken Zeus, der Mercur herabsendet. Umrahmung: Flechtband. Blei.Original.-Dm.147. Braun 141.",,46.1,True,title_direct,Jonas Silber,,
BO0624_15368,360297,258,288,"Art des Jonas Silber. Nurnberg, letztes Viertel des 16. Jahrh. Pan und Syrinx. Pan verfolgt nach rechts die entfliehende Syrinx. Im Mittel-und HinterHetzjagd auf Hirsch. Landschaft mit Baumen und Architektur. Vom gleichen Meister wie Nr.287.",,48.4,True,title_direct,Jonas Silber,,
BO0624_15368,360298,259,289,"Paul Flindt d. J., tatig in Nurnberg, gest. nach 1618. Lowe in Landschaft. Rechts vorne der Lowe in hugeligem Gelande mit vereinzelten Baumen oben und Kastell. Flacher Rand. 296 Sechs allegorische Figuren. (Justitia - Fides - Temperantia — Spes —Furor-Ira)",,44.5,True,title_direct,Paul Flindt d. J.,,
BO0624_15368,360299,260,290,"Paul Flindt d. J., tatig in Nurnberg, gest. nach 1618. Bellona. Die Kriegsgottin sitzt auf Trophaenthron, beiderseits gefesselter Krieger. AbguB nach dem Relief auf einem Tirchen des sog. Kabinetts Rudolfs Il., Wien, Hofmuseum. Bronze.Neuerer Guf.—H.88.—B.78. Braun 152.",,44.2,True,title_direct,Paul Flindt d. J.,,
BO0624_15368,360300,261,291-296,"Meister der Kardinaltugenden und Hauptlaster. Suddeutsch, Augsburg. Um 1580. Sechs allegorische Figuren. (Justitia - Fides - Temperantia — Spes —Furor-Ira)",,42.6,True,none,,,
BO0624_15368,360301,262,297,"Meister der Jagdszenen. Nurnberg. Um 1570/80. Hirschjagd. Hirsch, Reh (?) und Hase laufen in ein Fangnetz, rechts davon sitzt ein Jager mit Hund, weiter rickwarts geht ein zweiter. Waldlandschaft mit charakteristischen Baumen. Kartuschenumrahmung nach unten verjungt.",,45.1,True,title_direct,Meister der Jagdszenen,,
BO0624_15368,360302,263,298,"Meister der Jagdszenen. Nurnberg. Um 1570/80.  Hasenjagd. Dame, auf reich geschirrtem Pferd, nach rechts reitend zwei Jager,einer den erlegten Hasen haltend. Landschaft mit Baumen und Architektur. Umrahmung ahnlich w. o. Blei.Alterer GuB.-H.58.—B.95. Braun 139. Tafel 26",,47.3,True,title_direct,Meister der Jagdszenen,,
BO0624_15368,360303,264,299,"Meister der Jagdszenen. Nurnberg. Um 1570/80.  Hetzjagd. Jager zu Pferd mit erhobener Pistole nach rechts sprengend, begleitet von Jager Zu Fuf und vier Hunden. Stadtarchitektur und charakteristische Baume. Umrahmung ahnlich w.0.",,44.3,True,title_direct,Meister der Jagdszenen,,
BO0624_15368,360304,265,300,"Nurnberg. 2 Halfte 16. Jahrh, David. Er steht, von vorne gesehen, mit seiner Rechten halt er Schleuder und Schwert, in der Linken das Haupt des Goliath. Bronze.Alterer Guf. Oben gelocht.—Dm.86. Braun 84.",,48.6,True,none,,,
BO0624_15368,360305,266,301,"Nurnberg. 2 Halfte 16. Jahrh, Diana und Aktaeon. Im Wald schreitet Aktaeon mit zwei Hunden von rechts einem Brunnen zu, in dem Diana mit zwei Nymphen badet. Rechts oben Aktaeon mit Hirschkopf, zuruckblickend.",,46.9,True,none,,,
BO0624_15368,360306,267,302,"Nurnberg. 2 Halfte 16. Jahrh, Enthauptung Johannes des Taufers. Der Henker reicht Salome das Haupt; am Boden der Korper des Heiligen. Palastarchitektur, im Hintergrund tragen vier Manner die Leiche fort, auf der Treppe rechts eine Frau.",,49.9,True,none,,,
BO0624_15368,360307,268,303,"Suddeutsch. 2. Halfte 16. Jahrh. Bellerophon totet die Chimara.Der gewappnete Held, auf dem Pegasus sitzend, sprengt nach links, mit der Lanze die Chimara durchbohrend. Umrahmung mit Maskarons und Puttenkopfen.",,46.0,True,none,,,
BO0624_15368,360308,269,304,"Suddeutsch. 2. Halfte 16. Jahrh.Justitia. Sie sitzt streng frontal, das Schwert schulternd. Bronze. Original, etwas derb iberarbeitet.— Bohrloch,oben und unten rechts etwas abgebrochen. H.66.-B.41. Braun 71.",,43.2,True,none,,,
BO0624_15368,360309,270,305,Suddeutsch. 2. Halfte 16. Jahrh. Marcus Curtius. Der Held zu Pferd sprengt nach rechts in den flammenden Abgrund. Architektonische Umrahmung mit Rollwerk.,,44.3,True,none,,,
BO0624_15368,360310,271,306,"Suddeutsch. 2. Halfte 16. Jahrh.  Fortuna. In architektonischer Umrahmung stehende Frau, nach links gewandt, mit der",,52.2,True,none,,,
BO0624_15368,360311,272,307,"Suddeutsch. 2. Halfte 16. Jahrh.  Justitia. In Rollwerkumrahmung steht die nackte Frau, Wage und Schwert haltend; rechts",,46.7,True,none,,,
BO0624_15368,360312,273,308,"Suddeutsch. 2. Halfte 16. Jahrh. Venus Marina. Sie steht auf einem Wagen, den ein von ihr an Seilen gelenkter Delphin fahrt. Putten im Wasser und in der Luft. Rechts unten Kartusche.",,48.4,True,none,,,
BO0624_15368,360313,274,309,"Suddeutsch. 2. Halfte 16. Jahrh. Susanna und die beiden Alten. Susanna, die Fufe im Wasser, wird von den Alten bedrangt; Rollwerkumrahmung.",,43.7,True,none,,,
BO0624_15368,360314,275,310,"Suddeutsch. 2. Halfte 16. Jahrh. Joseph und seine Bruder. Zwei Manner ziehen Joseph aus der Zisterne heraus, da-",,44.4,True,none,,,
BO0624_15368,360315,276,311,"Suddeutsch. 2. Halfte 16. Jahrh. Auferstehung. Christus in einer Wolkengloriole, die Fahne in der Hand iber dem Sar-",,49.8,True,none,,,
BO0624_15368,360316,277,312,Suddeutsch. 2. Halfte 16. Jahrh.  Auferstehung. Christus mit flatterndem Mantel und Fahne steht auf dem Sarkophag. Die drei erschreckten Wachter fahren zurick. Im Hintergrund Stadtarchitektur. Kupfer.Altere Treibarbeit.Mit Bohrloch.,,44.8,True,none,,,
BO0624_15368,360317,278,313,"Suddeutsch. 2. Halfte 16. Jahrh. Justitia. Nach links schreitend Wage und Schwert haltend, neben ihr Kranich. m Bayr.Nat. Museum Munchen ein Exemplar als Peisser“.",,44.4,True,none,,,
BO0624_15368,360318,279,314,"Deutsch. 2. Halfte 16.Jahrh. Anbetung der hl. drei Konige. Im Stall sitzt nach rechts gewendet Maria mit dem Kinde, vor ihm kniet der alteste Konig, die beiden anderen treten heran.",2333.0,61.8,False,positional,St.C.v.Herwijck,,
BO0624_15368,360319,280,315,Deutsch. 2. Halfte 16.Jahrh. Vase. Auf einem Postament steht die urnenformige Vase mit Pflanzen gefillt.,,50.0,True,none,,,
BO0624_15368,360320,281,316,"Deutsch. 2. Halfte 16.Jahrh. Urania. Die Frau steht von vorne, Kopf im Profl nach rechts, in ihrem linken Arm ein Lammchen. Zu ihren Fufen kauert nackte alte Frau, auf der anderen Seite Globus u. Adler. Die alte Frau geht auf eine Zeichnung A. Durers mit der Geburt des Hercules zurick vgl. E. w. Braun Mitteilungen der Gesellschaft fur graph. vervielfaltigende Kunst. Wien 1915. S. 39. Vgl. Bange 2852. Bronze. Neuerer konturierter Guf. Ein Arm abgebrochen. H.108. Braun 85.",,42.8,True,none,,,
BO0624_15368,360321,282,317,"Deutsch. 2. Halfte 16.Jahrh. Jesus bricht unter dem Kreuz zusammen. Der unter dem Kreuz liegende Christus wird von einem Schergen am Strick vorwarts gezerrt, wahrend drei Kriegsknechte von rickwarts auf ihn eindringen.",,45.6,True,none,,,
BO0624_15368,360322,283,318,"Deutsch. 2. Halfte 16.Jahrh. Klio. Die Muse steht von vorne gesehen in einem faltigen Mantel, der Kopf ist nach links gedreht, die Rechte halt das Buch, die Linke rafft den Mantel. Bronze.Altvergoldet. Original.",,48.4,True,none,,,
BO0624_15368,360323,284,319,"Deutsch. 2. Halfte 16.Jahrh. Justitia. Sie sitzt nach rechts auf einem Postament, Wage und Schwert haltend. Landschaftlicher Hintergrund.",,46.5,True,none,,,
BO0624_15368,360324,285,320,Deutsch. 2. Halfte 16.Jahrh. Zwei Tritonenszenen. Triton mit Delphin. Er schleudert dem Tier Fische in den geoffneten Rachen.,,46.4,True,none,,,
BO0624_15368,360325,286,321,Deutsch. 2. Halfte 16.Jahrh. Hercules totet Nessus. In einer baumreichen Landschaft mit Architektur steht Hercules dessen Pfeil dem nach rechts eilenden Centauren im Rucken steckt. Nach einem Stich des H. S. Beham.,,46.1,True,none,,,
BO0624_15368,360326,287,322,"Deutsch. 2. Halfte 16.Jahrh. Amor. Nackter Knabe, mit Fligeln an den FuBen, halt brennende Fackel und Bogen, iber ihm flatterndes Schriftband.",,46.4,True,none,,,
BO0624_15368,360327,288,323,"Deutsch. 2. Halfte 16.Jahrh. Hl. Johannes auf Patmos. Der Heilige sitzt schreibend nach rechts,vor ihm der Adler, in Wolken erscheint die Madonna.",,44.6,True,none,,,
BO0624_15368,360328,289,324,"Deutsch. 2. Halfte 16.Jahrh. Patriarch Levi. Der Patriarch, ein flammendes Schwert schwingend, sitzt nackt auf einem",,50.7,True,none,,,
BO0624_15368,360329,290,325,"Deutsch. 2. Halfte 16.Jahrh. Zwei Landsknechte. Trommler und Pfeifer stehen, ihre Instrumente spielend. Bronze.Alterer Guf. Oval. Doppelter Wulst als Umrahmung.Oben ein Bohrloch.—H. 60.-B. 41. Braun 63. Aukt. Kat.Faure Frankfurt 1913,Nr. 732.",,43.8,True,none,,,
BO0624_15368,360330,291,326,Deutsch. 2. Halfte 16.Jahrh. Kamel. Rechtshin schreitend.,,46.3,True,none,,,
BO0624_15368,360331,292,327,Deutsch. 2. Halfte 16.Jahrh. Allegorie auf Kinste und Wissenschaften. Auf einem reich mit klassischer Architektur geschmuckten Platze Minerva im Kreise der durch weibliche Gestalten dargestell-,,45.4,True,none,,,
BO0624_15368,360332,293,328,"Suddeutsch.Ende 16. Jahrh.Mars und Venus. Mars und Venus sitzen sich umarmend auf einer Truhe, vor ihnen Amor. Links kommt Vulkan mit dem ausgebreiteten Netz. In Wolken sitzen Zeus, Apollo, Neptun und ein vierter Gott. Umrahmung Flechtband mit Rollwerk. Blei.Original. Bohrloch.-Dm.160. Braun 151. Tafel 21",,46.3,True,none,,,
BO0624_15368,360333,294,329,"Suddeutsch.Ende 16. Jahrh. Loth und seine Tochter (?) Beide nacht, sich umarmend, daruber schwebt Amor. Nach A. v. Walcher Stichvorlage Carracci, Loth u. seine Tochter. Braun a. a. O. Bronze.Alterer Guf.Hochoval.-H.116.-B.87. Braun 159.",,42.5,True,none,,,
BO0624_15368,360334,295,330,"Suddeutsch.Ende 16. Jahrh.  Daniel in der Lowengrube.(Daniel, 14, 32). Daniel, bartig mit nacktem Oberkorper sitzt umgeben von 5 Lowen in der durch Felswerk und Moos angedeuteten Hohle. Sein linker Arm langt nach der von Habakuk herabgelassenen Flasche.",,45.6,True,none,,,
BO0624_15368,360335,296,331,"Suddeutsch.Ende 16. Jahrh. Zwei Putten mit Hippokamp. Durch das Wasser schwimmt nach rechts ein Hippokamp, auf ihm reitet ins Horn stofend ein Putto mit Schmetterlingsflugeln. Neben ihm",,44.8,True,none,,,
BO0624_15368,360336,297,332,"Suddeutsch.Ende 16. Jahrh. Christophorus. Der Heilige nur mit dem Oberkorper aus dem Wasser ragend, tragt das Kind. Im Hintergrund Bergspitze mit Ziege. Ornamentierter Rand.",,43.0,True,none,,,
BO0624_15368,360337,298,333,"Suddeutsch.Ende 16. Jahrh. Bacchusfest der Putten. Auf mit Weinreben bedecktem Korblager liegt ein Putto aus einer Schale trinkend, umgeben von sieben Putten. Vorne liegender Panther nach rechts.",,50.8,True,none,,,
BO0624_15368,360338,299,334,"Suddeutsch.Ende 16. Jahrh. Bacchanal. Auf Flechtkorb sitzt Bacchus, um ihn vier Begleiter. Vielleicht vom Meister des Daniel in der Lowengrube.Kat.-Nr.330. -Blei.Alter GuB.—Dm.102. Tafel 21",,43.9,True,none,,,
BO0624_15368,360339,300,335,Suddeutsch.Ende 16. Jahrh. Kampfszene. Gewappnete Reiter und Landsknechte im Handgemenge. Bronze. Spaterer Guf.—H.48.-B. 112. Braun 87.-,,50.0,True,none,,,
BO0624_15368,360340,301,336,"Suddeutsch.Ende 16. Jahrh. Uberfall. Von einem Reiter in vornehmer Tracht befehligt, zerren geharnischte FuBsolda-",,43.3,True,none,,,
BO0624_15368,360341,302,337,"Suddeutsch.Ende 16. Jahrh. Diana. Die nackte Gottin ruht von rickwarts gesehen, nach links unter Baum. Links sitzen 2 Hunde.",,45.1,True,none,,,
BO0624_15368,360342,303,338,Suddeutsch.Ende 16. Jahrh. Simson mit dem Lowen. In Rankenwerk der Held nach links gewandt mit der Keule den Lowen erschlagend.,,45.0,True,none,,,
BO0624_15368,360343,304,339,"Suddeutsch.Ende 16. Jahrh. Raub der Amymone. Neptun, von Delphin getragen, umschlingt die nackte Frau.",,46.2,True,none,,,
BO0624_15368,360344,305,340,"Suddeutsch.Ende 16. Jahrh. Ceres. In Landschaft steht die nackte Gottin auf Garben, in Handen Ahren und Sichel. Erinnert an Arbeiten von Jonas Silber. Kupfer.Alte Treibarbeit.Hochoval.——H.55.—B.39. Braun 164. Tafel 16",,52.1,True,title_direct,Jonas Silber,,
BO0624_15368,360345,306,341,"Suddeutsch.Ende 16. Jahrh. Bacchus. Bacchusknabe auf dem Faβ, mit zwei Gefahrten. Blei.Alter Guf. Bohrloch.——Dm.55.",,42.1,True,none,,,
BO0624_15368,360346,307,342,"Suddeutsch.Ende 16. Jahrh. Fruhling und Sommer. Zwei Frauen, Blumen bezw. Ahrenbuschel tragend, schreiten auf blumigem Boden nach rechts.",,53.9,True,none,,,
BO0624_15368,360347,308,343,"Suddeutsch.Ende 16. Jahrh. Herbst und Winter. Zwei Frauen, ein Fullhorn bezw. ein Feuerbecken haltend, schreiten uber den karglich bewachsenen Boden. Gegenstuck zum vorigen.",,48.3,True,none,,,
BO0624_15368,360348,309,344,Suddeutsch.Ende 16. Jahrh.  Ecce homo. Nach Braun von den Niederlanden beeinfluft. Bronze. Spaterer Guf. H.112.-B.72. Braun 192.-Bange 7048.,,50.2,True,none,,,
BO0624_15368,360349,310,345,"Suddeutsch.Ende 16. Jahrh.  Pieta. Unter dem Kreuzstamm sitzt auf einer Rasenbank Maria, in ihrem Schof ruht halb aufgerichtet der Leichnam Christi, das Haupt nach rechts geneigt. Am Boden Totenkopf, Dornenkrone und Zange. Im Hintergrund die Stadt Jerusalem.",,46.2,True,none,,,
BO0624_15368,360350,311,346,Suddeutsch.Ende 16. Jahrh. Pieta.,2353.0,67.7,False,positional,St.C.v.Herwijck,,
BO0624_15368,360351,312,347,"Suddeutsch.Ende 16. Jahrh.  Anbetung der Hirten. In der Mitte das Christkind auf Stroh, verehrt yon Maria und Josef und den herannahenden Hirten, einer kniet links. Saulenarchitektur.Im Hintergrund herabschwebender Engel mit Spruchband.",,51.5,True,none,,,
BO0624_15368,360352,313,348,"Suddeutsch.Ende 16. Jahrh. Pieta. Darstellung ahnlich wie Nr.345. Vgl. Kat.Nr. 347,auBerdem Nr.345 u. 346. Kupfer. Alte Treibarbeit. Vergoldet. Die oberen Ecken abgeschragt.—H.117.—B.104. Tafel 31",,43.9,True,none,,,
BO0624_15368,360353,314,349,Suddeutsch.Ende 16. Jahrh. Einhorn. Es schreitet mit gesenktem Kopf nach rechts. Steiniger Boden mit Grasbuischeln.,,47.1,True,none,,,
BO0624_15368,360354,315,350,Deutsch. Ende 16. Jahrh. St. Michaels Kampf mit dem Drachen. Der geflugelte Erzengel kampft mit einem viel-,,46.6,True,none,,,
BO0624_15368,360355,316,351,"Monogrammist HR 1596. Gravierte gewolbte Platte: Das hl. Abendmahl. Im Mittelpunkt Christus mit Johannes,",,48.7,True,title_direct,Monogrammist HR,,
BO0624_15368,360356,317,352,"Adam Stor? Nurnberg.Um 1600. Anbetung der Hirten. In der Stallruine kniet nach rechts gewendet Maria, hinter ihr steht Joseph, links begruBen zwei Hirten das Kind. Links Ausblick auf eine Landschaft mit der Taufe Christi. Unter der Anbetung zwei Wappen.",,50.1,True,title_direct,Adam Stor,,
BO0624_15368,360357,318,353-354,"Nurnberg.Um 1600. Zwei Jagdszenen: Wolfsjagd. Zwei Jager zu Pferd, begleitet von zwei Hunden, toten zwei sie anspringende Woife. Eberjagd. Ein Eber wird von einem Reiter, zwei",,44.0,True,none,,,
BO0624_15368,360358,319,355,"Nurnberg.Um 1600. Barenjagd. Ein Jager stoBt dem aufrechtstehenden,von drei Hunden gestellten Baren die Partisane in die Brust, von rechts naht ein Reiter.",,47.6,True,none,,,
BO0624_15368,360359,320,356,"Nurnberg.Um 1600. Straussenjagd. Ein Turke zu Pferd, begleitet von Hunden, erlegt einen Strauf.",,44.2,True,none,,,
BO0624_15368,360360,321,357,Nurnberg.Um 1600. Lowenjagd. Zwei Reiter erlegen den sie anfallenden Lowen. Bronze.Versilbert und vergoldet. Alterer GufB.—H. 83.—B.123.,,46.2,True,none,,,
BO0624_15368,360361,322,358,"Nurnberg.Um 1600. Hasenjagd. Ein berittener Jager, zwei Treiber und Hunde erlegen einen Hasen. In der Landschaft fliehende Rehe.",,47.2,True,none,,,
BO0624_15368,360362,323,359,Nurnberg.Um 1600. Barenjagd. Drei Jager und zwei Hunde umgeben den erlegten Baren. Belaubte Baume. Hintergrund mit Bergen und Wolken.,,47.8,True,none,,,
BO0624_15368,360363,324,360,Nurnberg.Um 1600. Der gefesselte Prometheus. Dem an den Fels geschmiedeten Prometheus reift der Adler die Leber aus der Brust.,,43.8,True,none,,,
BO0624_15368,360364,325,361,"Augsburg.Um 1600. Thronende Maria in Wolken. Maria mit dem Kinde auf der Mondsichel, umgeben von musizierenden Engeln, unten drei Engel mit Kranzen, Palmzweig und Schlange.",,51.0,True,none,,,
BO0624_15368,360365,326,362,Augsburg.Um 1600. Christus wird dem Volke gezeigt. Bronze. Neuerer Guf. Am Rand beschadigt. H.155.—B.110..,,44.6,True,none,,,
BO0624_15368,360366,327,363,Augsburg.Um 1600. Christus am Kreuz. Der Gekreuzigte zwischen Maria und Johannes. Gedrehter Kordelrand. Bronze. Alterer Guf. Hochoval. H.50.-B.45.,,40.7,True,none,,,
BO0624_15368,360367,328,364,"Augsburg.Um 1600. Maria mit dem Kinde. Stehende gekronte Maria, das Kind mit beiden Handen haltend. Bronze.Alter Guf Hochoval.-—H.70.-B.53. Tafel 32",,45.6,True,none,,,
BO0624_15368,360368,329,367,"Augsburg.Um 1600. Anhanger: Hl. Margarete. Mit Kreuz. Zu ihren FuBen der Drache. Einfache profilierte Golgatha. Zwischen den drei Kreuzen Krieger, einer mit Leirer, rechts vorne der gute Hauprmann, links die Gruppe der Trauernden. im Hintergrund Jerusalem. Blei.Alterer Guf.-Dm.168. Braun 203.",,47.4,True,none,,,
BO0624_15368,360369,330,368,Augsburger Plakettenwerkstatte 1600-1650. Der hl. Gregorius. Der Kirchenvater sitzt nach rechts das Buch auf das linke Knie ge-,,45.4,True,title_direct,,Augsburger Plakettenwerkstatte,
BO0624_15368,360370,331,366,Augsburg.Um 1600. Golgatha,,40.8,True,none,,,
BO0624_15368,360371,332,365,Augsburg.Um 1600. Zierschelbe: Medusenkopf.,,41.0,True,none,,,
BO0624_15368,360372,333,369,"Augsburger Plakettenwerkstatte 1600-1650. Hl. Augustinus. Der Kirchenvater sitzt nach rechts, Buch und Pedum haltend. Bronze. Alte Vergoldung.Alter Guf.Konturiert.H. 50.——B.30. Braun 231. Vgl. Berliner, Eine Augsburger Devotionalienwerkstatte der 1. Halfte des 17. Jahrh. a. a. O. Tafel 17",,41.1,True,title_direct,,Augsburger Plakettenwerkstatte,
BO0624_15368,360373,334,370,"Augsburger Plakettenwerkstatte 1600-1650.Hausaltarchen.(Drei Teile eines Triptychons). Mitrelfeld:Kronung der knienden Maria durch Gottvater und Christus, dariber schwebt die Taube. — Die Darstellung geht auf Durers Marienleben B. 94 zuruick. - Linker Flugel: Der hl. Sebastiin, an den Baum gefesselt von Pfeilen durchbohrt. Unten Kartusche mit Schweif- und Rollwerk. Inschrift: S SEPASTI (si!) Rechter Flugel: Der hl. Georg in Rustung nach links, die mit dem Kreuzwimpel geschmickte Lanze halteni, zwischen seinen FuBen der Drache. Kartusche. Inschritt: S·GEORGIO (sic!) 分28.",,42.0,True,title_direct,,Augsburger Plakettenwerkstatte,
BO0624_15368,360374,335,371,"Augsburger Plakettenwerkstatte 1600-1650. Pieta. Vor dem Kreuzstamm sitzt Maria, den nach rechts liegenden Korper Christi",,47.1,True,title_direct,,Augsburger Plakettenwerkstatte,
BO0624_15368,360375,336,372,Augsburger Plakettenwerkstatte 1600-1650. Mariae Verkundigung. Maria kniet nach rechts vor dem Betpult ihr gegenuber Gabriel,,47.1,True,title_direct,,Augsburger Plakettenwerkstatte,
BO0624_15368,360376,337,373,"Augsburger Plakettenwerkstatte 1600-1650. Maria mit dem Kinde. Maria, gekront, thront auf Wolken, zu den Seiten halten zwei Engel die Enden ihres Kopfschleiers.",,46.6,True,title_direct,,Augsburger Plakettenwerkstatte,
BO0624_15368,360377,338,374,"Augsburg.Anfang 17.Jahrh. Pyramus und Thisbe.Unter einem Baum liegt der tote Pyramus, Thisbe stuirzt sich in das Schwert. Rechts ein Brunnen mit einem Knaben als Brunnenfigur. Kopiert nach dem Holzschnitt des Virgil Solis,Blatt 48 in Joh.Posthi Tetrasticha in Ovidi Metam.1563",,47.1,True,none,,,
BO0624_15368,360378,339,375,Augsburg.Anfang 17.Jahrh. Kronung Mariae. Auf einer von Engeln getragenen Wolke sitzen Gott Vater und Gott,,49.1,True,none,,,
BO0624_15368,360379,340,376,"Suddeutsch um 1600. Anbetung der Hirten. Links der Korb mit dem Christkind, dahinter Maria und Josef und die Tiere. Rechts drei Hirten, aus den Wolken schweben Engel herab.",2440.0,63.3,False,positional,St.C.v.Herwijck,,
BO0624_15368,360380,341,377,Suddeutsch. Anfang 17. Jahrh. Gang nach Emmaus. Im Vordergrund schreitet Christus zwischen den beiden Jungern,,41.7,True,none,,,
BO0624_15368,360381,342,378,"Suddeutsch. Anfang 17. Jahrh. Flucht nach Agypten. Aus dem Wald kommt Maria mit dem Kind auf dem Esel sitzend, den Josef nach rechts fuhrt. Bricke und Bergpfad mit Reiter und Fufganger. Ausblick auf Berglandschaft mit Kastell.",,43.3,True,none,,,
BO0624_15368,360382,343,379,Suddeutsch. Anfang 17. Jahrh. Hl. Petrus. Vor einer Felswand der Heilige mit verschrankten Handen. Kniestuck nach,,43.2,True,none,,,
BO0624_15368,360383,344,380-383,"Deutsch.1. Viertel 17.Jahrh. Die vier Erdteile. Europa. Stehende gekronte Frau in reicher Tracht mit Szepter und Reichsapfel, zu ihren Fufen Musikinstrumente und Trophaen. Im Mittelgrund Hirsch, Hirschkuh, Kuh， Ziege, Lammer, zwei Pferde. Unter den Pflanzen Rosen und Wein. Hintergrund: Fluf und Stadtarchitektur.  Afrika. Stehende Frau in Schleiergewand mit Fullhorn und mit Munzen gefullter Schale. Zu ihren FuBen GefaBe mit Muscheln und Korallen. Mittelgrund: Lowenpaar, Krokodil, Giraffe, Antilope unter exotischen Baumen.  Asien. Stehende Frau in phantastischem Gewand mit Szepter und Palmzweig. Zu Fufen Blumenkorb, Fruchte und mit Kleinodien gefullte Schalen. Mittelgrund: Lowe, Elefant, Einhorn,zwei Kamele unter phantastischen Baumen.  Amerika. Indianerin mit Kopfschmuck und Federrock mit Bogen und keulenartiger Waffe nach links schreitend. Zu ihren Fufen GefaBe mit Frichten. Mittelgrund: Woifin mit Eichhornchen, Affen, Nashorn und auf einem der exotischen Baume ein Papagei.",,30.9,True,none,,,
BO0624_15368,360384,345,384,"Deutsch.1. Viertel 17.Jahrh.  Christus, der Kinderfreund. In der Mitte der Heiland mit einem Kinde. Links bringen zwei Mutter ihre Kleinen, rechts stehen zwei Junger.",,43.3,True,none,,,
BO0624_15368,360385,346,385,Deutsch.1. Viertel 17.Jahrh.  Christus der Kinderfreund. Wie Nr. 384.,,40.7,True,none,,,
BO0624_15368,360386,347,386,"Andreas Hamburger gest. 1657. Kronung Mariae. Auf Wolken kniet Maria, rechts vor ihr sitzt Gottvater, links Christus, beide erheben segnend die Hande: iber der Gruppe sch webt die Taube, von der Strahlen ausgehen. In den Wolken geflugelte Engelskopfchen.",,45.4,True,title_direct,Andreas Hamburger,,
BO0624_15368,360387,348,387,"Georg Schweigger, geb. in Nurnberg um 1616, gest. daselbst 1690. Brustbild des Philipp Melanchthon. 1497-1560. Halb nach links.",,40.4,True,none,,,
BO0624_15368,360388,349,388,"Georg Schweigger, geb. in Nurnberg um 1616, gest. daselbst 1690. Brustbild des Theophrast von Hohenheim gen. Paracelsus 1493-1541. Halb nach rechts.",,41.4,True,none,,,
BO0624_15368,360389,350,389,"Georg Schweigger, geb. in Nurnberg um 1616, gest. daselbst 1690. Brustbild Kaiser Karl V. Halb nach links.",,43.8,True,none,,,
BO0624_15368,360390,351,390-391,"Georg Schweigger, geb. in Nurnberg um 1616, gest. daselbst 1690. Brustbild Martin Luthers.Von rechts vorne. Brustbild der Katharina Bora, Luthers Gattin. Profl nach links.  Bronze.Originale.Vergoldet.——Dm.62.",,44.2,True,none,,,
BO0624_15368,360391,352,392-407,Deutsch.Anf.17.Jahrh. Sechzehn Darstellungen nach Holbeins Holzschnitten aus dem Totentanz. Dargestellt sind:392 Vertreibung aus dem Paradies.— 393 Adam bei der Feldarbeit.— 394 Der Tod und die Kaiserin. - 395 Der Tod und die Konigin.- 396 Der Tod und der Bischof.— 397 DerTod und der Abt.— 398Der Tod und die Abtissin.— 399 Der Tod und der Edelmann. 400 Der Tod und der Fursprecher. 401 Der Tod und die alte Frau.— 402 Der Tod und der Ritter.—403 Der Tod und der alte Mann.— 404 Der. Tod und die Herzogin.— 405 Der Tod und der Kramer. - 406 Der Tod und das Kind.— 407 Der Tod und der Narr.,,34.0,True,none,,,
BO0624_15368,360392,353,408,Suddeutsch. 1. Halfte 17.Jahrh. Gottvater. Halbfigur mit Strahlennimbus und Weltkugel. Vor ihm drei Engelchen. Hintergrund: Wolken und geflugelte Engelskopfchen.,,41.3,True,none,,,
BO0624_15368,360393,354,409,Suddeutsch. 1. Halfte 17.Jahrh.  Gottvater. Silber.Spaterer Guf.Hochoval.—H.69.—B.52. Vgl.Braun 169.,,44.1,True,none,,,
BO0624_15368,360394,355,410,Suddeutsch. 1. Halfte 17.Jahrh. Gottvater. Wie vorher Nr.409.,,46.0,True,none,,,
BO0624_15368,360395,356,411,"Suddeutsch. 1. Halfte 17.Jahrh.  Gottvater und Christus. Auf Wolken die Halbfiguren yon Gottvater und Christus mit Strahlennimben, einander zugewendet. Zu den Seiten geflugelte Engelskopfchen. Kupfer. Vergoldet.Alte Treibarbeit. Querrechteckig mit abgerundeten Seiten. Zwei Bohrlocher. H.39.-B.85. Braun 166.",,44.0,True,none,,,
BO0624_15368,360396,357,412,Suddeutsch. 1. Halfte 17.Jahrh.  Verkindigung. Rechts kniet Maria vor dem ornamentierten Betpult und wendet sich nach links zu dem auf Wolken herabschwebenden Gabriel. Uber diesem die Taube. Bronze. Originalguf mit Spuren alter Vergoldung. Oval. H.110.-B.92. Braun 82. Tafel 35,,46.8,True,none,,,
BO0624_15368,360397,358,413,"Suddeutsch. 1. Halfte 17.Jahrh. Christus als Herr der Welt. Halbfigur, die Rechte segnet, die Linke halt die Weltkugel. Umgeben von stilisierten Wolken mit geflugelten Engelskopfen. Tafel 33 Bronze. Alte Treibarbeit.Vergoldet.——H.155.——B.114.",,44.5,True,none,,,
BO0624_15368,360398,359,414,"Suddeutsch. 1. Halfte 17.Jahrh.  Pilaster. Kartusche, aus der Pflanzenwerk aufwachst. Oben Herme. Bronze.Vergoldet.Originai.Konturiert.-H.79.",,44.0,True,none,,,
BO0624_15368,360399,360,415,"Suddeutsch. 1. Halfte 17.Jahrh.  Venus und Amoretten. Die Szene in breitovaler Reserve, zu beiden Seiten verschlungenes Bandwerk.",,46.3,True,none,,,
BO0624_15368,360400,361,416,Suddeutsch. 1. Halfte 17.Jahrh.  Verschlungenes Bandwerk. Ornament ahnlich wie vorhergehende Nr. 415. Bronze.Vergoldet. Gravierung.——H.34.——B.64.,,44.7,True,none,,,
BO0624_15368,360401,362,417,"Suddeutsch. 1. Halfte 17.Jahrh.  Der Opfertod des Marcus Curtius. Der Held sprengt auf seinem Rof nach links in den Abgrund. Hintergrund: Stadtarchitektur. In Kartusche mit Maskarons, Engelskopfen,",,43.1,True,none,,,
BO0624_15368,360402,363,418,"Suddeutsch. 1. Halfte 17.Jahrh.  Anbetung der Hirten. In der Krippe das Kind, verehrt von Maria und Josef, links zwei Hirten, dahinter Ochs und Esel. Bronze. Spaterer Guf.—Dm.74.",,46.1,True,none,,,
BO0624_15368,360403,364,419,"Suddeutsch. 1. Halfte 17.Jahrh.  Christus bei Maria Magdalena und Martha. An einem gedeckten Tisch sitzt links Christus, ihm zugewender Magdalena, Martha tritt heran. Durchblick in die Kuche mit Herd.",,43.3,True,none,,,
BO0624_15368,360404,365,420-435,Augsburg. Um 1600—1650. Sechzehn Darstellungen aus einer neutestamentlichen Serie.,,43.2,True,none,,,
BO0624_15368,360405,366,436,"Augsburg. Um 1600—1650. Christus vor Kaiphas. Unter einem Baldachin thront auf Stufen der Hohepriester, rechts Christus von finf Soldaten gefuhrt, links drei judische Priester. Saal mit rund-",,43.2,True,none,,,
BO0624_15368,360406,367,437,"Augsburg. Um 1600—1650. Dornenkronung Christi. Im Mittelpunkt sitzt unter einem Baldachin Christus, den zwei Schergen kronen. Rechts und links zwei Zuschauer. Saal mit Rundbogenfenstern. Bronze. Spaterer GuB.—H. 83.——B. 122. Vgl. Braun 191.",,43.8,True,none,,,
BO0624_15368,360407,368,438,"Augsburg. Um 1600—1650. Ruhe auf der Flucht. Vor einer Blumenhecke sitzt Maria, das Jesuskind haltend, in der Rechten ein Buch. Rechts Josef mit dem Esel. Aus den Wolken schweben Engel-",,46.5,True,none,,,
BO0624_15368,360408,369,439,"Augsburg. Um 1600—1650. Papst Leo I. Brustbild mit Tiara und Nimbus, Papstkreuz und Buch. Gedrehter Kordelrand. Bronze.Vergoldet. Original. Rand angesetzt.-Dm.42. Braun 217.",,41.0,True,none,,,
BO0624_15368,360409,370,440,"Augsburg. Um 1600—1650. Hl.Ambrosius. Brustbild, mit Mitra und Nimbus, nach links; Attribute: Pedum, Buch und Geifel.Gedrehter Kordelrand. Bronze.Vergoldet.Original.Rand angesetzt?-Dm.42.Braun 218.",,41.9,True,none,,,
BO0624_15368,360410,371,441,Augsburg. Um 1600—1650. Pieta. Maria halt den Leichnam Christi im Schof. Blattstab.,,39.0,True,none,,,
BO0624_15368,360411,372,442-443,"Augsburg. Um 1600—1650. 443 Evangelist Matthaus.Evangelist Johannes. Halbfiguren mit ihren Symbolen, Runde profilierte Rahmen. Bronze. Vergoldet. Alte Gusse.— Dm. 68.",,44.9,True,none,,,
BO0624_15368,360412,373,444,Augsburg. Um 1600—1650. Christus am Kreuz. Zu FuBen des Kreuzes die stehende Maria und die knieende Magdalena. VierpaBformige Rahmung. Silber.Original -H.50.-B.50.,,47.6,True,none,,,
BO0624_15368,360413,374,445,Augsburg. Um 1600—1650. Kronung Mariae. Uber der knieenden Maria halten Gottvater und Christus die Krone. Dariber Wolken mit Engeln und Engelskopfchen und die Taube. Bronze.Vergoldet.Original.——H.177.-B.114. Tafel 33,,44.6,True,none,,,
BO0624_15368,360414,375,446,Augsburg. Um 1600—1650.  Darbringung im Tempel. Hinter dem Altar der Priester und ein Mann mit Kerze. Rechts,,39.3,True,none,,,
BO0624_15368,360415,376,447,"Augsburg. Um 1600—1650. Kronung Mariae. Auf Wolken kniet Maria auf der Mondsichel, Christus und Gottvater kronen sie, dariber die schwebende Taube. Von F. O. S. Silber. Alte Trcibarbeit. Vergoldete Einfassung mit gezackten Blattern. Oval.- H. 134.— B.129.",,44.6,True,none,,,
BO0624_15368,360416,377,448,"Augsburg. Um 1600—1650. Joseph und Jesusknabe. Joseph, das Kind fuhrend schreitet nach links. Links ein groBer Baum, rechts Stadrarchitektur. Auf der Ruckseite datiert: MDCxXXxIV (1644) Vielleicht niederlandis he Arbeit. Bronze.Vergoldet.Original.-H.210.—B.163. Tafel35",,43.9,True,none,,,
BO0624_15368,360417,378,449,"Augsburg. Um 1600—1650. Klage um den Leichnam Christi. Maria knieend umfaBt den toten Sohn, der von einem Engel gesritzt wird.",,41.9,True,none,,,
BO0624_15368,360418,379,450,Augsburg. Um 1600—1650. Die hl.Dreifaltigkeit.Inschrift:*:BENEDICTA·SEMPER·SANCTA·SIT·TRINITAS*,,27.8,True,none,,,
BO0624_15368,360419,380,451,"Augsburg. Um 1600—1650. Bekronung. Rankenwerk in symmetrischer Anordnung. Oben gefigelter Putto, zu den",,39.6,True,none,,,
BO0624_15368,360420,381,452,Augsburg. Um 1600—1650. Wappenlowe. Heraldischer Lowe rechtshin. Messing.Treibarbeit.——H. 51.—B.49.,,39.5,True,none,,,
BO0624_15368,360421,382,453,"Augsburg. Um 1600—1650. Taufe Christi. Im Wasser die Halbfgur Christi, dariber die Taube,rechts kniet erhoht der hl. Johannes, links Baume. Ruckwarts graviert: M Christoph Bohm p. Pastor Leut-",,42.1,True,none,,,
BO0624_15368,360422,383,454,"Deutsch. Um 1700. (Aus einer Passion Christi). Das letzte Abendmahl. Christus mit Nimbus sitztim Mittelpunkt, umgeben von den Jungern.",,43.2,True,none,,,
BO0624_15368,360423,384,455,Deutsch. Um 1700. (Aus einer Passion Christi). Kreuzigung. Zu Seiten des Kreuzes kniet Maria und steht Johannes.,,42.5,True,none,,,
BO0624_15368,360424,385,456,"Deutsch. Um 1700. (Aus einer Passion Christi). Auferstehung. Christus, frontal mit Siegesfahne entsteigt dem Sarkophag, vorne zwei",,41.1,True,none,,,
BO0624_15368,360425,386,457,Deutsch. Um 1700. (Aus einer Passion Christi). Himmelfahrt. In Gloriole auf Wolken schwebt Christus empor. Im Vordergrund knieen Maria und drei Junger. Gold. Original. Im Kielbogen geschlossen.3 Bohrlocher.——H.57.—B.42. Tafel 29,,45.1,True,none,,,
BO0624_15368,360426,387,458,"Deutsch. Um 1700. (Aus einer Passion Christi). Kreuzabnahme. An das Kreuz sind 2 Leitern gelehnt, drei Manner lassen den Leichnam herab. Links Maria, Johannes und Magdalena,in der Luft schweben trauernde Engel.",,42.6,True,none,,,
BO0624_15368,360427,388,459,"Deutsch. Um 1700. (Aus einer Passion Christi). Leichnam Christi. Er ruht nach links, von einem knieenden Engel gestuitzt. Unten Kar-",,42.4,True,none,,,
BO0624_15368,360428,389,460,"Suddeutsch.1.Halfte 18. Jahrh.Mariae Verkundigung. Maria steht neben dem Betpult, Gabriel naht auf einer Wolke, zwischen beiden schwebt die Taube. Bronze.Versilbert. Original.2 Bohrlocher.—H.72.—B. 119.",,46.5,True,none,,,
BO0624_15368,360429,390,461-462,Suddeutsch.1.Halfte 18. Jahrh. Hl. Katharina von Bologna. Halbfigur als Klarissin nach rechts mit dem Christ-,,42.1,True,none,,,
BO0624_15368,360430,391,463-464,Suddeutsch.1.Halfte 18. Jahrh. Hl. Emmeran. Brustbild in Bischofsornat mit Pedum und Leiter.,,41.6,True,none,,,
BO0624_15368,360431,392,465,"Suddeutsch.1.Halfte 18. Jahrh. Mariae Verkundigung. Links die am Betpult sitzende Maria, rechts Gabriel in Halbfiguren. Rahmen profiliert.",,42.3,True,none,,,
BO0624_15368,360432,393,466,Suddeutsch.1.Halfte 18. Jahrh. Hl. Abt. Stehend mit Krummstab und Gefaf.,,44.2,True,none,,,
BO0624_15368,360433,394,467-468,"Suddeutsch.1.Halfte 18. Jahrh. Die Heimsuchung. Die beiden Frauen umarmen sich, im Hintergrund Zacharias und Josef.",,43.1,True,none,,,
BO0624_15368,360434,395,469,Suddeutsch.1.Halfte 18. Jahrh. Geburt Christi. Maria und Josef betten das Kind in einen Strohkorb.,,41.3,True,none,,,
BO0624_15368,360435,396,470-471,"Suddeutsch.1.Halfte 18. Jahrh. Hl. Leopold? In reicher Tracht nach rechts schreitend, am Boden der Herzogshut. Hl. Georg. In barocker Rustung mit Kreuzesfahne. Stehend. Blei.Altere Gusse.—H.40.-B.34.bzw.H.42.—B.35.Braun 236 und 237.",,41.4,True,none,,,
BO0624_15368,360436,397,472,Suddeutsch.1.Halfte 18. Jahrh. Christus in Emmaus. Der Heiland sitzt zwischen beiden Jungern beim Mahl. Bronze.Alter Guf.-H.39.-B.33. Braun 242.,,44.9,True,none,,,
BO0624_15368,360437,398,473,"Suddeutsch.1.Halfte 18. Jahrh. Wunder zu Kana. Christus auf die Weinkrige weisend, neben ihm Maria. Bronze.Oval.-—H.42.-B.34. Vgl.Braun 242.",,42.5,True,none,,,
BO0624_15368,360438,399,474,"Suddeutsch.1.Halfte 18. Jahrh. Geburt Christi. Maria und Josef beten das Kind an, daruiber und neben dem Strohlager je zwei kleine Engel.",,44.8,True,none,,,
BO0624_15368,360439,400,475,Suddeutsch.1.Halfte 18. Jahrh. Christus als Schmerzensmann. In Anlehnung an Durer. Bronze.—H.255.—B.190.,,40.4,True,none,,,
BO0624_15368,360440,401,476,Deutsch.1.Halfte 19. Jahrh. Maria mit dem Kinde. Maria sitzend in Halbfigur halt das stehende Kind. Bronze.Original.-H.76.—B.57.,,43.1,True,none,,,
BO0624_15368,360441,402,477,Deutsch.1.Halfte 19. Jahrh. Maria mit dem Kinde in Wolkenumrahmung.,,52.8,True,none,,,
BO0624_15368,360442,403,478,Suddeutsch.Ende 16. Jahrh. Maria mit dem Kinde. Auf der Mondsichel sitzend gekront.,,40.7,True,none,,,
BO0624_15368,360443,404,479,Suddeutsch.Ende 16. Jahrh. Maria mit dem Kinde.Variante von Kat. Nr. 478. Mit Strahlennimbus.,,43.9,True,none,,,
BO0624_15368,360444,405,480,"Suddeutsch.Ende 16. Jahrh. Kruzifixus mit Magdalena. Die Heilige knieend, umfaBt den Kreuzstamm, Christus mit nach links geneigtem Haupt.",,44.8,True,none,,,
BO0624_15368,360445,406,481,Deutsch.Um 1600. Christus als Schmerzensmann. Der Heiland mit Dornenkrone und gebundenen Handen,,42.4,True,none,,,
BO0624_15368,360446,407,482,Deutsch.Um 1600. Anbetung der hl. drei Konige. Konturierter alter Guf. Mit Resten von Vergoldung.— H. 109.— B. 108.,,43.6,True,none,,,
BO0624_15368,360447,408,483,Deutsch. Anfang 17. Jahrh. Evangelist Johannes. Halbfigur nach rechts mit dem Adler.                                                                                                                                                            | 483 Evangelist Johannes. Halbfigur nach rechts mit dem Adler.                                                                                                                                                            | 483 Evangelist Johannes. Halbfigur nach rechts mit dem Adler.                                                                                                                                                            | 483 Evangelist Johannes. Halbfigur nach rechts mit dem Adler.                                                                                                                                                            | 483 Evangelist Johannes. Halbfigur nach rechts mit dem Adler.                                                                                                                                                            | 483 Evangelist Johannes. Halbfigur nach rechts mit dem Adler.                                                                                                                                                            | 483 Evangelist Johannes. Halbfigur nach rechts mit dem Adler.   | 483 Evangelist Johannes. Halbfigur nach rechts mit dem Adler.   |,,32.2,True,none,,,
BO0624_15368,360448,409,484,"Deutsch. Anfang 17. Jahrh. Maria mit dem Kinde. Nach rechts gewendet, auf der Mondsichel stehend. Als unterer                                                                                                                                   | 484 Maria mit dem Kinde. Nach rechts gewendet, auf der Mondsichel stehend. Als unterer                                                                                                                                   | 484 Maria mit dem Kinde. Nach rechts gewendet, auf der Mondsichel stehend. Als unterer                                                                                                                                   | 484 Maria mit dem Kinde. Nach rechts gewendet, auf der Mondsichel stehend. Als unterer                                                                                                                                   | 484 Maria mit dem Kinde. Nach rechts gewendet, auf der Mondsichel stehend. Als unterer                                                                                                                                   | 484 Maria mit dem Kinde. Nach rechts gewendet, auf der Mondsichel stehend. Als unterer                                                                                                                                   |                                                                 |                                                                 |",,33.3,True,none,,,
BO0624_15368,360449,410,485,"Deutsch. Anfang 17. Jahrh. Engel. Halbfigur en face, geflugelt mit Buch. Bronze.Original. Konturiert.Mit 3 Lochern.-H.53.—B.51. Braun 221.                                                                                                      | Tafel 39                                                                                                                                                                                                                 | 485 Engel. Halbfigur en face, geflugelt mit Buch. Bronze.Original. Konturiert.Mit 3 Lochern.-H.53.—B.51. Braun 221.                                                                                                      | 485 Engel. Halbfigur en face, geflugelt mit Buch. Bronze.Original. Konturiert.Mit 3 Lochern.-H.53.—B.51. Braun 221.                                                                                                      | 485 Engel. Halbfigur en face, geflugelt mit Buch. Bronze.Original. Konturiert.Mit 3 Lochern.-H.53.—B.51. Braun 221.                                                                                                      | 485 Engel. Halbfigur en face, geflugelt mit Buch. Bronze.Original. Konturiert.Mit 3 Lochern.-H.53.—B.51. Braun 221.                                                                                                      |                                                                 |                                                                 |",,32.4,True,none,,,
BO0624_15368,360450,411,486-487,Deutsch. Anfang 17. Jahrh. Evangelist Lukas. Brustbild nach rechts. Mit Stierkopf.                                                                                                                                                          | 486-487 Evangelist Lukas. Brustbild nach rechts. Mit Stierkopf.                                                                                                                                                          | 486-487 Evangelist Lukas. Brustbild nach rechts. Mit Stierkopf.                                                                                                                                                          | 486-487 Evangelist Lukas. Brustbild nach rechts. Mit Stierkopf.                                                                                                                                                          | 486-487 Evangelist Lukas. Brustbild nach rechts. Mit Stierkopf.                                                                                                                                                          | 486-487 Evangelist Lukas. Brustbild nach rechts. Mit Stierkopf.                                                                                                                                                          |                                                                 |                                                                 |,,33.4,True,none,,,
BO0624_15368,360451,412,488,Deutsch. Anfang 17. Jahrh. Hl. Magdalena. Halbfigur mit Gabenbichse. Bronze. Alterer konturierter GuB.-H. 58.—B.42.                                                                                                                             | Tafel 40                                                                                                                                                                                                                 | 488 Hl. Magdalena. Halbfigur mit Gabenbichse. Bronze. Alterer konturierter GuB.-H. 58.—B.42.                                                                                                                             | 488 Hl. Magdalena. Halbfigur mit Gabenbichse. Bronze. Alterer konturierter GuB.-H. 58.—B.42.                                                                                                                             | 488 Hl. Magdalena. Halbfigur mit Gabenbichse. Bronze. Alterer konturierter GuB.-H. 58.—B.42.                                                                                                                             | 488 Hl. Magdalena. Halbfigur mit Gabenbichse. Bronze. Alterer konturierter GuB.-H. 58.—B.42.                                                                                                                             |                                                                 |                                                                 |,,34.3,True,none,,,
BO0624_15368,360452,413,489-491,Deutsch. Anfang 17. Jahrh. Drei Evangelisten mit ihren Symbolen.Markus:H. 63. -B. 48. Johannes: 57. 47.                                                                                                                                     | 489-491 Drei Evangelisten mit ihren Symbolen.Markus:H. 63. -B. 48. Johannes: 57. 47.                                                                                                                                     | 489-491 Drei Evangelisten mit ihren Symbolen.Markus:H. 63. -B. 48. Johannes: 57. 47.                                                                                                                                     | 489-491 Drei Evangelisten mit ihren Symbolen.Markus:H. 63. -B. 48. Johannes: 57. 47.                                                                                                                                     | 489-491 Drei Evangelisten mit ihren Symbolen.Markus:H. 63. -B. 48. Johannes: 57. 47.                                                                                                                                     | 489-491 Drei Evangelisten mit ihren Symbolen.Markus:H. 63. -B. 48. Johannes: 57. 47.                                                                                                                                     |                                                                 |                                                                 |,,30.8,True,none,,,
BO0624_15368,360453,414,499-500,"Deutsch. Anfang 17. Jahrh. Hl. Sebastian. Stehend, am Stamm gefesselt, nach rechts. Hl. Rochus. Stehend, die Beinwunde zeigend, nach links.",,41.5,True,none,,,
BO0624_15368,360454,415,501,"Deutsch. Anfang 17. Jahrh. Gottvater. Sitzend, die Rechte segnet, die Linke halt die Weltkugel. Unten gefugeltes Engelskopfchen. Bronze. Vergoldet. Alter konturierter GuB.",,43.8,True,none,,,
BO0624_15368,360455,416,502,"Deutsch. Anfang 17. Jahrh.  Gottvater. Auf Wolken thronend, die Rechte segnend erhoben.",,43.4,True,none,,,
BO0624_15368,360456,417,503,Deutsch. Anfang 17. Jahrh.  Engel mit WeihrauchfaB. Er kniet nach rechts auf Wolken und faBt mit beiden Handen in die Ketten des GefaBes. Bronze. Spuren alter Vergoldung.Konturierter GuB. Original.—H. 88.B.49. Tafel 39,,48.5,True,none,,,
BO0624_15368,360457,418,504,"Deutsch. Anfang 17. Jahrh.  Gottvater. Er thront frontal auf mit Saulchen verziertem Stuhl, die Rechte im Segensgestus erhoben. Scheibennimbus. Nach romanischem Vorbild.",,39.9,True,none,,,
BO0624_15368,360458,419,505,"Suddeutsch.17.Jahrh. Maria mit dem Kinde. Auf der Mondsichel stehend, im rechten Arm das Kind. Bronze.Alter konturierter GuB.—H. 98.",,43.5,True,none,,,
BO0624_15368,360459,420,506,Suddeutsch.17.Jahrh. Maria mit dem Kinde. Auf Wolkensockel sitzend. Mit Strahlenglorie. Bronze.Alter konturierter GuB.—H.91.-—B.58.,,46.6,True,none,,,
BO0624_15368,360460,421,507,Suddeutsch.17.Jahrh. Gottvater. Sitzend. Mit Segensgestus und Weltkugel. Bronze.Alter konturierter GuB.-H.98.—B.51. Tafel 39,,46.2,True,none,,,
BO0624_15368,360461,422,508,Suddeutsch.17.Jahrh. Gottvater. Brustbild auf Engelwolke. Bronze.Konturierter GuB.-H. 67.-B.71.,,39.3,True,none,,,
BO0624_15368,360462,423,509,"Deutsch.18.Jahrh. Truhenbeschlag. Das Schluisselloch flankiert von zwei Putten, die in Blumenzweigen sitzen. Bronze. Alter Guf.Vergoldet.——H.79.——B.90.",,45.8,True,none,,,
BO0624_15368,360463,424,510,"Deutsch.18.Jahrh. Die Madonna erscheint dem hl. Bernhard. Madonna auf Wolken sitzend erscheint dem vor dem Altar knieenden hl. Bernhard,auf Altarstufe Inful, Krummstab, Gebetbuch. Silber.Teilweise vergoldet.Alte Treibarbeit.- H. 85.",,42.4,True,none,,,
BO0624_15368,360464,425,511,Deutsch.18.Jahrh. Frauenbuste. Gekronte Dame mit flatterndem Haar in tief ausgeschnittenem Kleid. Bronze.Alter konturierter GuB.-H.63.B.49.,,45.6,True,none,,,
BO0624_15368,360465,426,512-515,Deutsch.17.-18.Jahrh. Vier Appliken. Hl. Magdalena; Maria mit dem Kinde; Trauernde Maria; Joseph mit dem Jesuskind.,,37.2,True,none,,,
BO0624_15368,360466,427,516,"Niederlandisch.2.Halfte 15. Jahrh. Maria mit dem Kinde. Maria in Halbfigur, halt das Kind. Beide mit Nimbus. Bronze.Alter Guf.Konturiert. Braun 233 -Bange 1462-Sammlung Lobbecke H.70-B.45. Munchen 1908 Nr. 869. Tafel 40",,40.7,True,none,,,
BO0624_15368,360467,428,517,"Steven Cornelisz van Herwijck,  geb.in Utrecht um 1530, gest.in London um 1565-67. Spes. In baumreicher Landschaft nach links schreitende Spes. Zu ihren FuBen Anker.",,45.5,True,title_direct,Steven Cornelisz van Herwijck,,
BO0624_15368,360468,429,518,"Steven Cornelisz van Herwijck,  geb.in Utrecht um 1530, gest.in London um 1565-67. Caritas. Sitzend einen Saugling an der Brust, rechts Kind mit Hund, links 2 andere",,44.5,True,title_direct,Steven Cornelisz van Herwijck,,
BO0624_15368,360469,430,519,Art des St.C.v.Herwijck. Respice finem. Frau mit Wage und Sanduhr nach links eilend. Landschaft mit drei Baumen im Vordergrund. Beischrift: RESPICE-FINEMx Ringsum Perlrand. Tafel 36 Blei. Original.——Dm.70. Braun 144.,,44.4,True,title_direct,St.C.v.Herwijck,,
BO0624_15368,360470,431,520,"Niederlandisch. 1. Halfte 16. Jahrh. Anbetung der Konige. Von links naht iber einen Hugel der Zug, der alteste Konig kuBt dem Christkind den FuB. Rahmen mit Akanthusstab. Bronze.Alterer Guf.Oben gerundet.-H.102 -B.77.",,47.1,True,none,,,
BO0624_15368,360471,432,521,"Niederlandisch. 2.Halfte 16. Jahrh. Das Urteil Salomos. Salomo thront erhoht,rechts von ihm die eine Mutter mit dem lebendigen Kinde, das der Henker ergreift. Umrahmung Perl- und Akanthusstab. Vielleicht deutsche Arbeit. Sammlung Faure Auktion Frankfurt 1913 Nr.659mit Bronze. Alter Guf.-Dm.92. Abb.",,49.7,True,none,,,
BO0624_15368,360472,433,522,"Niederlandisch. 2.Halfte 16. Jahrh. Anbetung der Konige. Rechts die hl. Familie, der alteste Konig kniet vor dem Kinde, die beiden anderen treten heran, im Hintergrund das Gefolge, meist zu Pferd. Vielleicht deutsche Arbeit. Tafel33 Bronze.Alter Guf —H.153-B.123.",,44.0,True,none,,,
BO0624_15368,360473,434,523,"Niederlandisch. 2.Halfte 16. Jahrh. Diana entdeckt den Fehltritt der Kallisto. Diana beugt sich iber die Nymphe,rechts",,42.0,True,none,,,
BO0624_15368,360474,435,524,"Niederlandisch. 2.Halfte 16. Jahrh. Vanitas. Nackte Frau am Boden kauernd, hinter ihr alte nackte Frau, die ihr das Haar kammt. Links ein Baum.",,43.3,True,none,,,
BO0624_15368,360475,436,525,"Niederlandisch. 2.Halfte 16. Jahrh.  Vanitas. Nackte Frau, den linken Arm auf ein Kissen gestitzt, am Boden kauernd, spielt mit ihrem Haar.",,48.0,True,none,,,
BO0624_15368,360476,437,526,Niederlandisch. 2.Halfte 16. Jahrh.  Liebespaar. Mann mit phantastischer Mutze und Weib mit entbloBter Brust einander Zugewendet. Halbfiguren.,,43.2,True,none,,,
BO0624_15368,360477,438,527,"Niederlandisch.Ende 16.Jahrh. Raub der Sabinerinnen. Eine Schar romicher Soldaten, zum Teil beritten, entfuhrt die sich straubenden Frauen. Im Hintergrund Saulenbau und Triumphbogen. Der Saulenbau links und der Triumphbogen wiederholen sich auf einer gleichen Darstellung des Adrian de Vries, Bange 840 Vgl. Anmerkung ebenda.",,46.7,True,none,,,
BO0624_15368,360478,439,528,"Niederlandisch.Ende 16.Jahrh.Raub der Sabinerinnen. Im Vordergrund schleppen romische Krieger die Frauen fort, im Hintergrund ein Haus, davor eine mit 2 Pferden bespannte Kutsche. Blei. Alterer Guf.- Dm.131.",,46.9,True,none,,,
BO0624_15368,360479,440,529,"Niederlandisch.Ende 16.Jahrh. Beweinung Christi. Am Fuf des Kreuzes Maria mit dem Leichnam, rechts und links ein Engelknabe.",,44.8,True,none,,,
BO0624_15368,360480,441,530,"Niederlandisch.Ende 16.Jahrh. Triumph der Gerechtigkeit. Auf dem vou zwei Lowen nach rechts gezogenen Prunkwagen sitzt die Gerechtigkeit mit Schwert und Wage, die Abundantia und eine dritte Frau.",,44.8,True,none,,,
BO0624_15368,360481,442,531,"Niederlandisch.Ende 16.Jahrh. Triumph der Kirche. Auf dem von zwei Einhornern nach links gezogenen, von bartigem Mann gelenktem Prunkwagen sitzt eine Frau mit dem Schlussel Petri, dabei Glauben, Keuschheit und Gehorsam.  Bronze. Versilbert. Original.",,47.7,True,none,,,
BO0624_15368,360482,443,532,"Niederlandisch. 2.Halfte 16. Jahrh. Triumph der Fulle. Auf dem von 2 Stieren nach rechts gezogenen Prunkwagen drei Frauen, Knabe und Mann mit Fulihornern und Schalen, neben dem Lenker steht ein Alter in Monchskutte.",,46.0,True,none,,,
BO0624_15368,360483,444,533,"Niederlandisch. 2.Halfte 16. Jahrh. Triumph der Demut. Auf dem von 2 Rossen (Modestia und Mansuetudo) nach links gezogenen und von Methus gelenkten Wagen sitzt die Umilitas, nebenher schreiten Glaube, Liebe und Hoffnung.",,45.9,True,none,,,
BO0624_15368,360484,445,534,"Niederlandisch. 2.Halfte 16. Jahrh.  Triumph des Mangels. Auf dem y. zwei Maultieren nach rechts bewegten, v. TIM (OR) gelenkten Korbwagen sitzen INOPIA und VMI (LITAS) Nebenher schreiten Patientia, Servitus und Fragilitas.",,41.9,True,none,,,
BO0624_15368,360485,446,535,"Niederlandisch. 2.Halfte 16. Jahrh.  Triumph des Reichtums. Zwei reichgeschirrte Pferde (Rapina und Fraus) von Dolus (Betrug) gelenkt ziehen den Prunkwagen nach rechts auf dem die Opulentia erhoht thront,",,42.0,True,none,,,
BO0624_15368,360486,447,536,Niederlandisch. 2.Halfte 16. Jahrh. Triumph der Geduld(?) Aum dem von zwei Kamelen nach linksgezogenen Wagen sitzt,,43.1,True,none,,,
BO0624_15368,360487,448,537,"Niederlandisch.Um 1600. Triumph der Musen. Zwei Pferde, von einer Frau mit geschwungener Geibel gelenkt, eine behelmte Frau mit Kirchenfahne und Lamm,nebenher schreiten Spes, eine geflugelte weibliche Gestalt und eine Frau mit verbundenen Augen.  Bronze.Alter Guf.--H.65-B.120",,46.1,True,none,,,
BO0624_15368,360488,449,538,"Niederlandisch.Um 1600. Maria mit Kind. Unter Baumen sitzt Maria nach links, dem auf einem Kissen sitzenden",,50.8,True,none,,,
BO0624_15368,360489,450,539,Niederlandisch.Um 1600. Abendmahl. In der Mitte der langlichen Tafel sitzt Christus umgeben von seinen Jungern. Vor dem Tisch zwei Henkelvasen.,,44.0,True,none,,,
BO0624_15368,360490,451,540,"Niederlandisch.Um 1600. Anbetung der Hirten. Vor der Ruine das Kind, umgeben von Joseph und den Hirten. In den Wolken schweben kleine Engel.",,45.5,True,none,,,
BO0624_15368,360491,452,541,"Niederlandisch.Um 1600. Weibliches Bildnis. Dame sitzendm Halbfigur, rechtshin, sie fasst eine auf einem Tischchen stehende Kanne. Proflierter Rand.  Nach Ansicht A. v. Walchers deutsche Arbeit des 16.Jahrhunderts. Bronze. Alter Gufβ.-Dm. 68,5.",,55.8,True,none,,,
BO0624_15368,360492,453,542,"Niederlandisch.Um 1600.  Satyr und Nymphe. Sie liegen sich umarmend unter einem Baum. Feldherr. Er reitet nach links, barhauptig, den Feldherrnstab in der Linken. Landschaft. Bronze.Vergoldet.Alte Treibarbeit. Oval.H.75——B.54. Tafel 11. Abrahams Opfer. Abraham in der Mitte stehend, faBt den auf dem Scheiterhaufen kauernden Isaak am Nacken. Der Engel fallt ihm in den Arm. Bronze. Alter Guf.-H.172—B.123. Sammlung Henrici Nr. 136 mit Abb.",2451.0,63.2,False,positional,St.C.v.Herwijck,,
BO0624_15368,360493,454,543,"Niederlandisch.Um 1600.  Abrahams Opfer. Abraham in der Mitte stehend, faBt den auf dem Scheiterhaufen kauernden Isaak am Nacken. Der Engel fallt ihm in den Arm. Bronze. Alter Guf.-H.172—B.123. Sammlung Henrici Nr. 136 mit Abb.",,42.9,True,none,,,
BO0624_15368,616055,455,544,"Niederlandisch.Um 1600.  Feldherr. Er reitet nach links, barhauptig, den Feldherrnstab in der Linken. Landschaft. Bronze.Vergoldet.Alte Treibarbeit. Oval.H.75——B.54. Tafel 11.",,45.8,True,none,,,
BO0624_15368,616056,456,545,"Niederlandisch. 1. Halfte 17. Jahrh. Bacchusfest der Putten. Neun Putten trinken, essen Trauben oder musizieren in einer",2455.0,81.3,False,positional,St.C.v.Herwijck,,
BO0624_15368,616060,457,546,"Niederlandisch. 1. Halfte 17. Jahrh. Bacchanal der Putten. Neun Putten raufen, trinken und schlafen, Im Hintergrund ein grosses Gefass",,45.7,True,none,,,
BO0624_15368,616061,458,547,"Niederlandisch,17. Jahrh. Vier spielende Putten.",2466.0,65.8,False,positional,St.C.v.Herwijck,,
BO0624_15368,616062,459,548,"Niederlandisch,17. Jahrh. Martyrium des hl. Sebastian. Im Vordergrund steht an einen belaubten Baum gebunden, von Pfeilen durchbohrt, der Heilige. Ein Engel bringt ihm Palme und Kranz. Im Hintergrund Krieger und Volk, darunter die hl. Irene. Unten datiert 1552. Bronze. Spuren von Vergoldung. Alter GuB.Hochoval.—H.222 -B.82.",2477.0,94.9,False,positional,St.C.v.Herwijck,,
BO0624_15368,616063,460,549,"Niederlandisch,17. Jahrh. Die hl. Familie mit dem Johannesknaben. Bronze. Spaterer Guf.—H.119.B.100. Vgl. Bange 838.",2478.0,84.9,False,positional,St.C.v.Herwijck,,
BO0624_15368,616064,461,550,"Niederlandisch,17. Jahrh. Schlusselschild. Maskaron umgeben von Beschlagwerkornament. Kupfer.Alte Treibarbeit.-H.150:—B.133.",2479.0,86.0,False,positional,St.C.v.Herwijck,,
BO0624_15368,616066,462,551,"Hollandisch.17.Jahrh. Quacksalber. Er steht nach rechts, einen Tragkasten mit Flaschen umgehangt.",2483.0,84.3,False,positional,St.C.v.Herwijck,,
BO0624_15368,616069,463,552,"Hollandisch. 18.Jahrh. Affen im Urwald. Funf Affen betrachten einen sechsten, der modisch gekleidet, in kurzer Hose, langer Weste und Rock, vor ihnen steht.",2488.0,90.8,False,positional,St.C.v.Herwijck,,
BO0624_15368,616070,464,553,"Franzsisch.16.Jahrh. Pallas Athene. Brustbild rechtshin, der Helm mit einem Lorbeerkranz geschmuckt. Bronze.Original.Hochoval.—H.127 —B.101. Tafel9",2495.0,90.3,False,positional,,,Franzosische Plaketten
BO0624_15368,616071,465,554,Franzsisch.16.Jahrh. Drache und Kriegstrophaen.,2496.0,65.8,False,positional,,,Franzosische Plaketten
BO0624_15368,616072,466,555,"FranzOsische.2.Halfte. 16.Jahrh. Bacchische Szene. Bekranzter Silen auf einem Esel nach rechts reitend, umgeben von Faunen und Silenen.",2501.0,84.8,False,positional,,,Franzosische Plaketten
BO0624_15368,616073,467,556,"FranzOsische.2.Halfte. 16.Jahrh. Bacchanal. Unter Baumen Faun mit Ziege, umgeben von sechs Putten. Bronze. Alter GuB.-H.68.-B.96.",2505.0,84.8,False,positional,,,Franzosische Plaketten
BO0624_15368,616074,468,557,"Franzosisch.Um 1600. Bacchantenszene. Bacchus umgeben von trunkenen Satyrn, einer Bacchantin, Putten",2509.0,86.5,False,positional,,,Franzosische Plaketten
BO0624_15368,616075,469,558,"Jean Warin.1604-92. Sulla. Kopf, Profil nach rechts.L·COR·SVLLA·COS Unten bez. VARIN",2514.0,84.4,False,title_direct,Jean Warin,,
BO0624_15368,616076,470,559,"Franzsisch. Anf.17.Jahrh. Ludwig XIll. im Kronungsornat. Der gekronte Konig in lilienubersatem Mantel, steht in ganzer Figur nach links gewendet, das Scepter haltend. Bronze.Vergoldet.Original. Mit feststehender Ose.-H.153.——B.92. Tafel 35",2519.0,93.0,False,positional,Jean Warin,,
BO0624_15368,616077,471,560-561,"Franzosisch. 17.Jahrh. Zwei kleine Faune. Sie sitzen unter einem Baum, der eine ift eine Traube. Bronze.AIterer Guf. Breitoval.—H. 94 -B.118.",2524.0,89.2,False,positional,Jean Warin,,
BO0624_15368,616078,472,562,"Franzosisch. 17.Jahrh. Venus und Adonis. Venus versucht den jungen Jager, der mit seinen Hunden auf aufbrechen will, zuruckzuhalten. Bronze. Spaterer Guf.-Dm.91.",2530.0,91.1,False,positional,Jean Warin,,
BO0624_15368,616079,473,563,Manier des Claude Gillot. Franzosisch. 2. Halfe 18. Jahrh. Venus und Adonis. Der Jager nimmt Abschied von der auf einem Lager sitzenden Venus. Zwei Putten und ein Jagdhund. Landschaft. Glatter Rand. Silber. Original. Queroval. Mit drei Stempeln Hahn;(Rosenberg 1921 Nr.4373) Mannerkopf und Adler. H.53.-B.70.,2535.0,89.2,False,title_direct,Claude Gillot,,
BO0624_15368,616080,474,564,"Manier des Claude Gillot. Franzosisch. 2. Halfe 18. Jahrh. Badende Venus. Die nackte Gottin bis zu den Knieen sichtbar, schreitet, von Amor gefolgt, nach links durch einen Gebirgsbach. Links Felsufer mit Wasserfall und Baumen.",,54.5,True,title_direct,Claude Gillot,,
BO0624_15368,616081,475,565,"Manier des Claude Gillot. Franzosisch. 2. Halfe 18. Jahrh. Apollo und Daphne.Von Apollo verfolgt,flieht Daphne, sich in einen Baum verwandelnd,",2540.0,73.8,False,title_direct,Claude Gillot,,
BO0624_15368,616082,476,566,"Franzosisch.18. Jahrh. Venus und Amor. In Landschaft schlafende Venus, hinter ihr Amor. Kupfer.Original.Bohrloch.Dm.48.",2552.0,86.9,False,positional,Claude Gillot,,
BO0624_15368,616083,477,567-568,"Franzosisch.18. Jahrh. Zwei Bacchantenszenen. Liegende nackte Frau blaft die Flote,links Tanzerin mit einem Knaben,rechts Bacchusaltar.— Unter einem Baum liegt ein Silen, iber den sich eineNymphe beugt, links steht ein zweites Paar. Bronze.Alte Gisse.-Dm.154.",2553.0,93.5,False,positional,Claude Gillot,,
BO0624_15368,616084,478,569,Franzosisch.18. Jahrh. Zwei Engel mit einer Taube spielend.,2554.0,71.3,False,positional,Claude Gillot,,
BO0624_15368,616085,479,570,Franzosisch.18. Jahrh. Spielende Kinder. Ein vermummtes Kind erschreckt drei kleine Knaben. Landschaft mit grofBem Baum. Kupfer.Alte Treibarbeit.Breitoval.-H.87.-B.116. Tafel36,2556.0,91.3,False,positional,Claude Gillot,,
BO0624_15368,616086,480,571,"Franzosisch. Ende 18. Jahrh. Malerei und Bildhauerei. Im Vordergrund steht die Malerei neben einer Bildtafel, links die Bildhauerei an einer Buste arbeitend. Rechts hinten nahen Haf und Neid. Silber.Original.—H. 68——B.86.",2560.0,92.6,False,positional,Claude Gillot,,
BO0624_15368,616087,481,572,"Franzosisch.1.Halfe 19.Jahrh. Tod der Niobiden. Von den Pfeilschissen Apollos und Dianas getroffen, stirzen die Niobiden von den Rossen. Links die Gruppe der zur Niobe fluichtenden Madchen. Silber.Treibarbeit.Queroval.-H.89 -B.122.",2564.0,92.2,False,positional,Claude Gillot,,
BO0624_15368,616088,482,573-577,Franzosisch.Um 1850. Funf Darstellungen zum Kampf um Troja. Hera und Athen fahren zum Kampf - Achilles empfangt Briseis.-Hektors Abschied.- Achilles totet Hektor. Achilles schleift die Leiche Hektors.  Bronze. Leicht gewoibt. Nach unten schmaler werdend.-H. 103. —B 131.,,57.3,True,none,,,
