catalogue_id,chunk_db_id,chunk_id,num,title,matched_line,match_score,low_confidence,entity_match_method,artist,school,object_type,collection,period
BO0624_81813,139875,1,1,"ECOLE BOLONAISE, XVII siecle, La Madeleine,sur le fond paysage; bonne einture sur cuivre, cadre dore; m.0.16X0.22.",129.0,77.8,False,positional,,Scuola Bolognese,Tableaux,,Sec. XVII
BO0624_81813,139876,2,2,"ECOLE FLAMANDE, XVII siecle, Bataille,vive peinture sur cuivre,cadre doré; m.0.30X0.40.",131.0,98.8,False,positional,,Scuola Fiamminga,Tableaux,,Sec. XVII
BO0624_81813,139877,3,3,"ECOLE BOLONAISE, XVIlI siecle, Portrait de Jacques Braidi-Mori peint surtoile, cadre dore; m. 0.78X0.58.",132.0,82.4,False,positional,,Scuola Bolognese,Tableaux,,
BO0624_81813,139878,4,4,"ECOLE VENITIENNE, XVI siecle,Sujet historique,deux belles peintures sur toile, riches encadrements dores;m.1X0.70.",134.0,98.7,False,positional,,Scuola Veneziana,Tableaux,,Sec. XVI
BO0624_81813,139879,5,5,"ECOLE BOLONAISE, XVI siecle, Herodiade portant la tete de Saint Jean,pein ture sur toile, cadre dore; m.0.95X0.72.",135.0,99.1,False,positional,,Scuola Bolognese,Tableaux,,Sec. XVI
BO0624_81813,139880,6,6,"ECOLE BOLONAISE,XVII siecle,Tete deemme,peinture sur toile,cadrepint.",136.0,97.8,False,positional,,Scuola Bolognese,Tableaux,,
BO0624_81813,139881,7,7,"ECOLE VENITIENNE,XV siecle,L'doration des Mages,interessante peinture sur bois, cadre noir; m.0.73X0.60.",137.0,98.0,False,positional,,Scuola Veneziana,OGGETTI IN LEGNO,,
BO0624_81813,139882,8,8,"ECOLE NAPOLITAINE,XVIII siecle,Paysages awecfgures,deux belles peintures sur bois, cadres dores; m.0.53X0.38.",138.0,99.1,False,positional,,Scuola Napoletana,OGGETTI IN LEGNO,,
BO0624_81813,139883,9,9,"ECOLE BOLONAISE,XVII siecle,Portrait dunotaireJean CharlesTagliabecchi,",139.0,98.6,False,positional,,Scuola Bolognese,Tableaux,,
BO0624_81813,139884,10,10,"ECOLE BOLONAISE,XVII siecle,Tetes devieux,deux vigoureuses peintures sur toile d'une grande force de couleur, cadres dores; m. 0.40X0.32. Appartenant a la Collection Franciosi de Carpi.",141.0,99.2,False,positional,,Scuola Bolognese,Tableaux,COLLEZIONE FRANCIOSI DI CARPI,
BO0624_81813,139885,11,11,"SANZIO RAPHAEL (copie),La vision d' Ezechiel,ancienne copie du tableau de la Galerie des Ufizi,peinture sur bois, cadre dore; m. 0.37X0.27.",142.0,98.9,False,positional,SANZIO RAFFAELLO,Scuola di Raffaello Sanzio,OGGETTI IN LEGNO,,
BO0624_81813,139886,12,12,"TIEPOLO (école), L'Ascension,vive et belle esquisse peinte sur toile, cadre doré; m.0.85X0.45.",143.0,98.3,False,positional,TIEPOLO DOMENICO,,Tableaux,,
BO0624_81813,139887,13,13,"ECOLE ANGLAISE,XIX siecle,Le parnase anglais,intressante et curieuse peinture qui dans un beau paysage reunit les poetes, les philosophes, les musiciens, les hommes de robe et d’epee les plus illustres de lAngleterre. Cadre sculptè et dorè.",144.0,77.3,False,positional,,,Tableaux,,
BO0624_81813,139888,14,14,"FRANCOIS PRIMATICCIO,1490-1570,Son portrait peint sur toile,ancienne ancienne copie dont l'original est conserve dans la Galerie des Uffizi a Florence, cadre dore; m.0.37X0.33.",152.0,70.9,False,positional,,,Tableaux,,Sec. XVI
BO0624_81813,139889,15,15,"ASIOLI LOUIS,Petit enfant, belle copie de la Madone de Foligno par Raphael; peinture sur toile signee, cadre sculpte et dore; m. 0.90X0.68.",153.0,98.9,False,positional,SANZIO RAFFAELLO,,Tableaux,,
BO0624_81813,139890,16,16,"PIAZZETTA J.B.,La presentation de Marie au Temple,vive peinture sur toile, cadre doré;m.0.36X0.66.",154.0,98.4,False,positional,,,Tableaux,,
BO0624_81813,139891,17,17,"PIERIN DELVAGA (PIERRE BONACCORSI,1500-1547,Bataille dAmazones, belle peinture sur ardoise, cadre dore; m.0.67X0.48.",155.0,69.7,False,positional,,,Tableaux,,Sec. XVI
BO0624_81813,139892,18,18,"ECOLE BOLONAISE,XVII siecle,Une sybille,tresbellepeinture sur toile;le dessin y est particulierement soigne,la couleur bonne. Parfaite conservation,cadre sculpte et doré; m.0.90x0.70.",157.0,99.2,False,positional,,Scuola Bolognese,Tableaux,,
BO0624_81813,139893,19,19,"ECOLE VENITIENNE,XVI siecle,La Madone avec lEnfant,Saint Luc et Sainte Catherine, tres bonne peinture sur bois remarquable pour le dessin et les couleurs, conservation parfaite,riche cadre sculpte et doré.",158.0,99.3,False,positional,,Scuola Veneziana,OGGETTI IN LEGNO,,
BO0624_81813,139894,20,20,"GANDOLFI M., XVIII siecle, Saint Jerome,tresbeaupastel de fine execution,cadredoré;m.0.44X0.55.",159.0,97.8,False,positional,,,Tableaux,,Sec. XVIII
BO0624_81813,139895,21,21,"GOLTIUS HENRI, 1558-1617, La Madonea lapoire,peinture sur bois tiréedune gravure d'A. Durer, cadre en cuivre repoussé; m. 0.15X0.12.",160.0,94.3,False,positional,DURER ALBRECHT,,OGGETTI IN LEGNO,,Sec. XVI
BO0624_81813,139896,22,22,"GANDOLFI M.,XVIII siecle,La santification de Saint Francois,charmante peinture sur toile d'un grand effet;bonne la couleur, vigoreux le dessin, cadre dore; m.1.10X0.70.",161.0,99.1,False,positional,,,Tableaux,,
BO0624_81813,139897,23,23,"ECOLE FRANCAISE, XVIII siecle,Une bataille,belle peinture sur bois remarquable pour la vivacite des couleurs et l'habilite de la touche,cadre richement sculptéetdore;m.0.55X0.40.",162.0,99.2,False,positional,,,OGGETTI IN LEGNO,,Sec. XVIII
BO0624_81813,139898,24,24,"ECOLE GENOISE, XVII siecle, Portrait de la comtesse Pauline Marliani femme de Charles Emanuel Estense,bonne peinture sur toile,en haut l'inscription: D. PAOLA MAR.DESTE CO.DELLA RIV.MAR.DI BORGO.MAN.RO DI PORLEZZA E.S.TA CRIST.NA CO.A DI CORTELEONA E SIG.RA DEL VICAR.TO DI BELGIOIOSO.Riche encadrement sculpte et dore par le celebre sculpteur en bois Bonelli de Mirandola; m.0.60X0.57.",163.0,98.1,False,positional,,Scuola Genovese,OGGETTI IN LEGNO,,Sec. XVII
BO0624_81813,139899,25,25,"VASARI GEORGES,1504-1578,Ladoration des Mages, sur le fond beau paysage, peinture sur bois aux couleurs vives et au dessin exacte, cadre noir; m. 0.23X0.18. Provenant de la Galerie Diena de Modene.",168.0,77.0,False,positional,,,OGGETTI IN LEGNO,,Sec. XVI
BO0624_81813,139900,26,26,"PALMA LE VIEUX (ecole),La Sainte Famille, sur le fond paysage,fraiche peinture sur bois, cadre sculpte et dore; m.0.75X0.53.",170.0,74.0,False,positional,,,OGGETTI IN LEGNO,,
BO0624_81813,139901,27,27,"MICHELANGELO DA CARAVAGGIO,1569-1609,Interieur d'une hotellerie,orte peinture sur toile, cadre sculpte et dore.",172.0,97.2,False,positional,CARAVAGGIO,,ARREDAMENTI,,Sec. XVI
BO0624_81813,139902,28,28,"MARATTA CHARLES,1615-1713,La Vierge,l'Enfant et Saint Jean,tres inte ressant et beau pastel, cadre dore; m.0.75X0.56.",173.0,72.8,False,positional,MARATTI CARLO,,Tableaux,,Sec. XVII
BO0624_81813,139903,29,29,"GESSI FRANCOIS,Bologne,1588-1649,Saint Francois,peinture sur toile,cadre sculpte et dore;m.0.84X0.64.",175.0,82.3,False,positional,,,Tableaux,,Sec. XVII
BO0624_81813,139904,30,30,"BOULANGERDE TROYES,1606-1660,La Madone et Saint Jerome,intressante copie du celebre tableau du Coreggio, executee sur commande de Francois I, duc de Modene.Belle peinture de bon coloris.Toile,encadrement ancien sculpte et doré;m.2X1.40.",177.0,98.9,False,positional,CORREGGIO,,Tableaux,,Sec. XVII
BO0624_81813,139905,31,31,"ROMANI JOSEPH,XVII siecle,Le gueux,peinture sur toile,cadre dore; metres 1.40X0.70.",178.0,51.4,False,positional,,,Tableaux,,
BO0624_81813,139906,32,32,"GUERCINO,1590-1660,Jacob benit les enfants de Joseph,tres belle et interessante composition.Peinture sur toile de bon coloris, le dessin y est bien soigne, conservation parfaite, cadre dore; m.1.45X1.15. Provenant de la Galerie Franciosi de Carpi.",179.0,78.9,False,positional,GUERCINO,,Tableaux,,Sec. XVII
BO0624_81813,139907,33,33,"ECOLE BOLONAISE,XVII siecle,La descente de la croix; deux anges adorent le  Christ, sur le fond beau paysage et figures, toile, cadre dore; m. 1.27X0.94.",181.0,66.1,False,positional,,Scuola Bolognese,Tableaux,,
BO0624_81813,139908,34,34,"RUBENS P.P.(ecole), Jeux d’ enfants, deux jolies peintures sur toile, cadres an cien en ébene; m.0.31X0.42.  Provenant de la Galerie Diena de Modene.",183.0,67.9,False,positional,RUBENS PETER PAUL,Scuola di Rubens,Tableaux,,
BO0624_81813,139909,35,35,"METZYS Q.,1450-1529, Salvator Mundi, belle et vive peinture sur bois, cadre doré;m.1.26X0.88.",188.0,93.6,False,positional,,,OGGETTI IN LEGNO,,Sec. XV
BO0624_81813,139910,36,36,"WITTE PIERRE dit PIERRE CANDIT,1548-1628,David sonant larpe entouré d'amours dansants, en haut concert d'anges.Peinture remarquable pour la bonte d'execution,le coloris frais et le dessin bien soigne, cadre dore; m.0.65X0.45. Provenant de la Galerie Diena de Modene.",189.0,70.6,False,positional,,,Tableaux,,Sec. XVI
BO0624_81813,139911,37,37,"INNOCENT D’IMOLA,1486-1542,La Madone,belle et interessante peinture sur bois,en bas les initiales S. P., S. S.B.,cadre sculpté et dore;m.0.50X0.40.",191.0,66.0,False,positional,,,OGGETTI IN LEGNO,,Sec. XVI
BO0624_81813,139912,38,38,"ECOLE ANGLAISE,XVII siecle,Portrait d’un gentilhomme avec riche costume, peint sur toile, cadre sculpte et dore; m.0.48X0.33.",193.0,72.8,False,positional,,,Tableaux,,
BO0624_81813,139913,39,39,"ECOLE VENITIENNE,XVI siecle,Sujets historiques,deux peintures sur toile,riches encadrements dores;m.1X0.70.",197.0,97.7,False,positional,,Scuola Veneziana,Tableaux,,
BO0624_81813,139914,40,40,"ECOLE FRANCAISE,Deux batailles,deux peintures sur toile,cadres dores;metres 0.40X0.60. bis.J.B. SALVI dit SASSOFERRATO, La Madone avec l'Enfant et Saint Jean, 0.45X0.35.",198.0,67.5,False,positional,,,Tableaux,,
BO0624_81813,139915,41,41,"ECOLE FRANCAISE,XVII siecle,Batailles,quatre peintures sur toile,cadres dorés;m.0.35X0.45.",204.0,89.2,False,positional,,,Tableaux,,
BO0624_81813,139916,42,42,"VETZEL ELISE,Portrait de dame dans un riche costume,peinture sur toile, signé, cadre dore; m.0.72X0.60.",206.0,85.4,False,positional,,,Tableaux,,
BO0624_81813,139917,43,43,"ECOLEGENOISE,XVI siecle,Portrait debelledame dans unrichecostume,cadre sculpte et dore;m.0.95x0.70.",208.0,81.9,False,positional,,,Tableaux,,
BO0624_81813,139918,44,44,"ECOLEDE MODENE,XVIII siecle,Enfants,deux bellespeintures a la detrempe, riches et beaux encadrements sculptes et dores;m.0.60X0.50.",210.0,69.3,False,positional,,,Tableaux,,
BO0624_81813,139919,45,45,"ECOLE BOLONAISE,XVII siecle,Un satyre sonnant le tambour,peint sur toile,cadre sculpte et dore;m.0.50X0.32.",212.0,79.6,False,positional,,Scuola Bolognese,Tableaux,,
BO0624_81813,139920,46,46,"ECOLE BOLONAISE, XVI siecle,Une sainte,peinture ovale sur toile,cadre dore; m.0.20.",214.0,92.9,False,positional,,Scuola Bolognese,Tableaux,,Sec. XVI
BO0624_81813,139921,47,47,"ECOLE VENITIENNE,XVI siecle,Saint Paul,peint sur toile,cadre en bois;metres0.70X0.60.",216.0,89.9,False,positional,,Scuola Veneziana,OGGETTI IN LEGNO,,
BO0624_81813,139922,48,48,"FRA ANGELICO (copie du XVIII siecle), Deux anges peints sur cuivre, cadres dorés;m.0.13X0.16.",218.0,98.3,False,positional,,,Tableaux,,Sec. XVIII
BO0624_81813,139923,49,49,"ECOLE ROMAINE,XVI siecle,Sainte Catherine,belle peinture sur toile dune parfaite conservation, cadre richement sculpte et dore; m.0.35X0.25.",219.0,98.9,False,positional,,Scuola Romana,Tableaux,,
BO0624_81813,139924,50,50,"RENI G. (copie), La Madeleine des Barberini, belle copie de P epoque peinte sur",220.0,98.0,False,positional,GUIDO RENI,,Tableaux,,
BO0624_81813,139925,51,51,"ALBANI (maniere), Les quatre elements, paysage sur le fond; deux belles peintures sur toile, cadres peints;m.1.07X1.38.",222.0,98.7,False,positional,,,Tableaux,,
BO0624_81813,139926,52,52,"PRUNATO S., 1652-1728,L’adultere; bonne peinture au dessin bien soigne et aucoloris vif et brillant, toile, signe, cadre dore; m.1.45X1.50.",223.0,70.5,False,positional,,,Tableaux,,Sec. XVII
BO0624_81813,139927,53,53,"ECOLE BOLONAISE,XVII siecle,Linfance defendue duvice par l ange,belle peinture sur toile, riche cadre ancien sculpte et dore; m. 0.56X0.53.",225.0,66.7,False,positional,,Scuola Bolognese,Tableaux,,
BO0624_81813,139928,54,54,"METZU G.,1615-1689, La vendeuse de poulaille, tres belle et fraiche peinture sur bois. On doit remarquer la finesse de la touche, la force de la couleur et du dessin et la verite des details qui rendent vraiment seduisante cette table signee, cadre doré;m.0.43X0.27.",228.0,99.2,False,positional,METSU GABRIEL,,OGGETTI IN LEGNO,,Sec. XVII
BO0624_81813,139929,55,55,"MIGNARD (école), Sujet historique, curieuse et belle peinture sur parchemin. Provenant dela Galerie von Klement dePrague. ECOLE FRANCAISE,XVIII siecle,Portraits dejeunes etbelles dames,deuxines BARBIERI F.dit LE GUERCINO,15911666,Tete de vieux,peinture sur toile d' une grande evidence d' expression, cadre dore; m. 0.48X0.60.",231.0,57.3,False,positional,MIGNARD PIERRE,Scuola di Mignard,Tableaux,,
BO0624_81813,139930,56,58,"COURTOIS JACQUES dit LE BOURGUIGNON,1621-1676,Batailles,deux peintures sur toile, cadres dorés; m.0.42X0.62.",233.0,70.7,False,positional,COURTOIS BOURGUIGNON JACQUES,,Tableaux,,Sec. XVII
BO0624_81813,139931,57,59,"SPADA LEON,XVII siecle,Proserpine,belle et charmante peinture sur toile,ca dre doré; m.1.30X0.97.",234.0,92.2,False,positional,,,Tableaux,,
BO0624_81813,139932,58,60,"SUSTERMAN (ecole),XVII siecle,Portrait dun chevalier de Saint-Esprit en ri-",236.0,98.0,False,positional,,,Tableaux,,
BO0624_81813,139933,59,61,"SUSTERMAN (ecole), XVII siecle, Portrait d'une jeune dame dans une riche costume, peinture sur toile, cadre sculpte et dore;m.0.95X0.65.",237.0,98.9,False,positional,,,Tableaux,,Sec. XVII
BO0624_81813,139934,60,62,"HONTHORST G. dit GHERARDI DELLE NOTTI,1636-1695,Interieur,peinture sur toile avec effets de lumiere, cadre doré; m.0.72X0.80.",239.0,66.7,False,positional,HONTHORST GERARD,,ARREDAMENTI,,Sec. XVII
BO0624_81813,139935,61,63,"SORBI JEAN de Siene,Portrait d'Hercule Lelli,bonne peinture sur toile,cadre sculpte et dore;m.0.70X0.56.",240.0,98.6,False,positional,,,Tableaux,,
BO0624_81813,139936,62,64,"ECOLE VENITIENNE,XVI siecle, La descente du Saint-Esprit,vigoureuse esquisse bien dessinee et forte de couleur; toile, cadre sculpte et dore; m. 0.72X0.50. Provenant de la Galerie Franciosi.",242.0,99.2,False,positional,,Scuola Veneziana,Tableaux,,
BO0624_81813,139937,63,65,"ROSSELLI NICOLAS de Ferrare,XVI siecle,Lemartyre des freres franciscains;en haut le Vierge avec l'Enfant qui benit les confesseurs, en bas portrait d'un homme, peut-etre le peintre meme. Bonne peinture sur bois, signee, cadre sculpte et dore; m.1.95X1.15.",243.0,96.7,False,positional,,,OGGETTI IN LEGNO,,
BO0624_81813,139938,64,66,"ECOLE TOSCANE,XIV siecle,Le crucifement,interessante peinture sur bois, fond d'or, cadre dore; m. 0.65X0.41.",244.0,98.6,False,positional,,Scuola Toscana,OGGETTI IN LEGNO,,
BO0624_81813,139939,65,67,"EOLE OMBRIENNE,XVI siecle,ecrucifement,bonne etintressante peinture sur bois, les couleurs sont brillantes et bien conservees, cadre ancien en pate; m.0.30X0.28.",248.0,99.1,False,positional,,,OGGETTI IN LEGNO,,
BO0624_81813,139940,66,68,"RAPHAEL (attribuè), XVI siecle, La Madone a la fleur, peinture sur bois, bel encadrement sculpte et dore.",249.0,49.3,False,positional,SANZIO RAFFAELLO,,OGGETTI IN LEGNO,,Sec. XVI
BO0624_81813,139941,67,69,"RAIBOLINI F. dit IL FRANCIA,1450-1517 (école),La Madone avec lenfant Jesus, peinture sur bois, cadre ancien sculpte et doré; m.0.30X0.25.",254.0,66.0,False,positional,,,OGGETTI IN LEGNO,,Sec. XV
BO0624_81813,139942,68,70,"MAZZOLINI LOUIS de Ferrare,1481-1528,La Vierge et l'Enfant,une sainte et un devot, sur le fond beau paysage, belle peinture sur toile, cadre dore; metres 0.53X0.43.",255.0,93.1,False,positional,,,Tableaux,,Sec. XVI
BO0624_81813,139943,69,71,"MAZZOLA PIERRE ILAIRE,XVI siecle, La Madone avec l'Enfant sur le throne benit un devot presente par Saint Jean Baptiste, sur le fond paysage, peinture sur bois.Les peintures de cet artiste,le pere du Parmigianino, sont tres rares et interessantes.Le devot est peut-etre le portrait d'Albert IlI Pio prince de Carpi dit ""Le Docte "", cadre sculpté et doré; m.1.35X1.10.",257.0,97.8,False,positional,LE PRINCE,,OGGETTI IN LEGNO,,
BO0624_81813,139944,70,72,"BOULANGER DE TROYES,Portrait d'un enfant avec son chien,sur le fond un petit amour verse de l'eau dans une fontaine sur laquelle est un perroquet. Remarquable peinture sur toile ou le dessin, les couleurs sont particulierement soignes, cadre sculpte et doré; m.1.10X0.90.",258.0,99.4,False,positional,,,Tableaux,,
BO0624_81813,139945,71,73,"GRAFF F.,XVIlI siecle,Unmuletier enroute,sur le fond belle marine,forte et belle peinture sur toile, cadre sculpte et dore, signee et datee 1707; m.0.75X0.90.",260.0,68.1,False,positional,,,Tableaux,,Sec. XVIII
BO0624_81813,139946,72,74,"ECOLE BOLONAISE, XVII siecle, Un saint, peinture sur toile, cadre doré; metres 0.70X0.50.",261.0,89.0,False,positional,,Scuola Bolognese,Tableaux,,Sec. XVII
BO0624_81813,139947,73,75,"VERNET H., Marine et paysage, deux belles peintures sur toile, cadre dore; metres 0.45X0.30.",263.0,89.4,False,positional,VERNET EMILE JEAN HORACE,,Tableaux,,
BO0624_81813,139948,74,76,"ECOLE FLAMANDE,XVII siecle,Portrait dedamepeint sur cuivre,cadre sculptet doré; m.0.16X0.12.",265.0,85.9,False,positional,,Scuola Fiamminga,Tableaux,,
BO0624_81813,139949,75,77,"ECOLE FLAMANDE,XVII siecle,Portraits de gentilshommes et de dames, six peintures sur bois, fond d'or, cadres dores; m.0.24X0.18.",267.0,98.8,False,positional,,Scuola Fiamminga,OGGETTI IN LEGNO,,
BO0624_81813,139950,76,78,"ECOLE BOLONAISE,XVII siecle,Un saint avec des riches habits,peinture sur toile,cadre peint；m.0.64X0.52.",268.0,98.6,False,positional,,Scuola Bolognese,Tableaux,,
BO0624_81813,139951,77,79,"RENI G.,XVII siecle (copie),Bacchus,peinture sur toile,ancienne copie du tableau conservé dans la Galerie de Dresde,cadre dore;m.0.75X0.60.",269.0,98.9,False,positional,GUIDO RENI,,Tableaux,,
BO0624_81813,139952,78,80,"ECOLE BOLONAISE,XVII siecle,La descente de la croix,esquisse sur cuivre,cadre dore;m.0.30X0.18.",270.0,84.5,False,positional,,Scuola Bolognese,Tableaux,,
BO0624_81813,139953,79,81,"ROSA S. (maniere de), XVII siecle, Lassemblee apres la bataille, esquisse sur toile,cadre dore;m.0.75X0.23.",272.0,85.6,False,positional,ROSA SALVATOR,,Tableaux,,Sec. XVII
BO0624_81813,139954,80,82,"ECOLE BOLONAISE,XVII siecle,Portrait de jeune femme peint sur cuivre,cadre dore;m.0.10X0.08. ECOLE MODENAISE,XVI siecle,LaVierge,Enfant,SainteAnne et Saint Jean, sur le fond paysage, peinture sur bois, cadre doré; m. 0.55X0.38. ECOLE VENITIENNE,XVI siecle,Portrait de jeune femme dans un interessant costume avec de riches bijoux et les emblemes du martyre; peinture sur toile, cadre dore;m.0.60X0.50.",273.0,9.7,False,positional,,Scuola Bolognese,BIGIOTTERIA,,
BO0624_81813,139955,81,83,".ECOLE VENITIENNE,XVI siecle,Portrait de jeune femme dans un interessant costume avec de riches bijoux et les emblemes du martyre; peinture sur toile, cadre dore;m.0.60X0.50.",274.0,59.1,False,positional,,Scuola Veneziana,BIGIOTTERIA,,
BO0624_81813,139956,82,84,"ECOLE MODENAISE,XVI siecle,LaVierge,Enfant,SainteAnne et Saint Jean, sur le fond paysage, peinture sur bois, cadre doré; m. 0.55X0.38.",275.0,98.8,False,positional,,,OGGETTI IN LEGNO,,
BO0624_81813,139957,83,85,"FERRARI GAUDENZIO,1471-1546 (copie ancienne),Le Redempteur, au fond paysage,vive peinture sur bois, cadre sculpte et dore; m.0.48X0.35.",277.0,98.9,False,positional,,,OGGETTI IN LEGNO,,Sec. XVI
BO0624_81813,139958,84,86,"ECOLEVE NITIENNE,XVI siecle,LAnnonciation,peinture sur toile,cadre dore; m.0.48X0.34.",279.0,89.7,False,positional,,,Tableaux,,
BO0624_81813,139959,85,87,"ECOLE BOLONAISE,XVII siecle,Sainte Claire portant un ostensoire,peinture sur toile, cadre ancien dore;m.0.95X0.75.",280.0,98.7,False,positional,,Scuola Bolognese,Tableaux,,
BO0624_81813,139960,86,88,"LUTERI JOSEPH dit DOSSO DOSSI,1479-1542 (attribue),La Sainte Famille, Sainte Anne et Saint Jean, interessante peinture sur toile, cadre dore; metres 0.73X0.56.",281.0,83.1,False,positional,,,Tableaux,,Sec. XVI
BO0624_81813,139961,87,89,"ECOLE BOLONAISE,XVII siecle,Ecce Homo,peinture sur toile.Important et beau cadre finement sculpte par Bonelli de Mirandole sculpteur en bois.",282.0,66.7,False,positional,,Scuola Bolognese,OGGETTI IN LEGNO,,
BO0624_81813,139962,88,90,"ECOLE FRANCAISE,XVIII siecle,Portrait de dame, pastel; cadre en bois;metres 0.40X0.25.",284.0,98.2,False,positional,,,OGGETTI IN LEGNO,,
BO0624_81813,139963,89,91,"DAVID J. L.,1748-1825,Portrait dune vieille dame,belle peinture sur toile de grande expression; a remarquer la finesse de la touche et la surete du dessin, cadre sculpte et dore;m.0.58X0.43.",285.0,99.2,False,positional,,,Tableaux,,Sec. XVIII
BO0624_81813,139964,90,92,"ECOLE BISANTHINE,XVI siecle,La Madone sur le throne, a ses cotes deux anges, fond d’or, peinture sur bois, cadre dore; m.0.15X0.10.",289.0,71.4,False,positional,,,OGGETTI IN LEGNO,,
BO0624_81813,139965,91,93,"ECOLE VENITIENNE,XVII siecle,a Madone,peinte sur verre,legant et riche cadre ancien en ebene avec ornement en argen repoussè; m 0.18x0.23.",291.0,65.7,False,positional,,Scuola Veneziana,Tableaux,,
BO0624_81813,139966,92,94,"JULES ROMAIN,XVI siecle,La Sainte Famille avec Saint Jean,interessante et belle peinture sur toile,cadre dore; m.0.94X0.81.",292.0,94.2,False,positional,,,Tableaux,,
BO0624_81813,139967,93,95,"ORSI L. de Novellara,1511-1566,Portrait de la princesse Constance de Coreggio,  fine peinture sur bois, elegant encadrement en style Renaissance; m. 0.48X0.35.",294.0,66.1,False,positional,CORREGGIO,,OGGETTI IN LEGNO,,Sec. XVI
BO0624_81813,139968,94,96,"CARPIONI JULES,1611-1674,Idylle dans un beau paysage,belle composition peinte sur bois aux couleurs vives, cadre sculpte et dore; m. 0.52X0.40.",295.0,66.0,False,positional,,,OGGETTI IN LEGNO,,Sec. XVII
BO0624_81813,139969,95,97,"CALIARI CHARLES,1570-1596,Adam et Eve chasses du paradis terrestre,peinture sur toile, cadre doré; m.1.20X1.03.",297.0,98.6,False,positional,,,Tableaux,,Sec. XVI
BO0624_81813,139970,96,98,"MULLIER PIERRE dit TEMPESTA,1637-1701 (attribue),Saint Maurice couronne par les anges, vigoreuse peinture sur marbre, cadre dore; m. 0.23X0.20.",298.0,98.9,False,positional,,,Tableaux,,Sec. XVII
BO0624_81813,139971,97,99,"ORSI L. de Novellara,1511-1586,La fuite en Egypte,peintureremarquable pour la fraicheur des couleurs, signee avec les initiales, cadre dore; m.0.28X0.18.",299.0,98.3,False,positional,,,Tableaux,,Sec. XVI
BO0624_81813,139972,98,100,"SIGNORELLI LUC (ecole),XV siecle,Saint Sebastien.Au centre,le saint attache a un tronc d'arbre, a l'entour six bourreaux le meurtrisent avee leurs feches,belle peinture sur bois, remarquable pour la finesse d''execution et la verite d' expression, cadre peint et dore; m.1.80X1.25.",300.0,93.2,False,positional,,,OGGETTI IN LEGNO,,
BO0624_81813,139973,99,101,"SALMEGGIA,XVII siecle (attribue),Saint Jean,bonne peinture sur toile,cadre dore; m. 1X0.55.",302.0,88.9,False,positional,,,Tableaux,,
BO0624_81813,139974,100,102,"ECOLE VENITIENNE,XVI siecle,Les Hebreux dans le desert,Lepassage dela mer Rouge, deux interessantes peintures sur toile, cadres sculptes et dores;metres 1.60X0.60.",304.0,98.8,False,positional,,Scuola Veneziana,Tableaux,,
BO0624_81813,139975,101,103,"ANDRE SCHIAVONE (attribue),L'Adoration des Mages,bonne peinture sur toile, cadre dore;m.0.70X0.54.",305.0,97.9,False,positional,,,Tableaux,,
BO0624_81813,139976,102,104,"ROSSELLI MATHIEU,1578-1650,Ecce Homo,interessante peinture sur toile, cadre sculpte et dore; m.0.70X0.55.",306.0,98.1,False,positional,,,Tableaux,,Sec. XVII
BO0624_81813,139977,103,105,"MAGNASCO ALEXANDRE,Paysage avec figures,bonne peinture sur toile,riche cadre sculpte et dore; m.1.15X0.93.",307.0,78.7,False,positional,,,Tableaux,,
BO0624_81813,139978,104,106,"JACQUES RAIBOLINI dit FRANCIA,1450-1517(attribue),LaVierge,lenfant Jesus et Saint Jean,belle peinture sur bois,cadre dore; m.0.75X0.60.",309.0,56.6,False,positional,,,OGGETTI IN LEGNO,,Sec. XV
BO0624_81813,139979,105,107,"ANSELMI MICHELANGE,1491-1554,La Madone avec lenfant Jesus; sur le fond beau paysage, interessante peinture sur bois, cadre richement sculpte et dore;m.0.90X0.70.",310.0,94.8,False,positional,,,OGGETTI IN LEGNO,,Sec. XVI
BO0624_81813,139980,106,108,"DEL CASTAGNO ANDRE,1403-1477,Saint Jerome,Tobie et l'Ange,deux bonnes peintures sur bois,remarquables surtout pour le dessin correct,la vigueur de l'expression et les belles couleurs fraiches et brillantes, cadres dores; metres 1.60X0.50.",315.0,96.1,False,positional,,,OGGETTI IN LEGNO,,Sec. XV
BO0624_81813,139981,107,109,"GIAMPIETRINO,siecle XVI (attribue),Ecce Homo,fine peinture sur bois,ré marquable pour la force d'expression, le dessin est bien soigne, bonne conser- vation, riche cadre ancien sculpte et dore; m.0.67X0.47.",319.0,83.2,False,positional,,,OGGETTI IN LEGNO,,Sec. XVI
BO0624_81813,139982,108,110,"MALATESTA ADEOD.,1806-1891,La famille Malatesta en 1835,peinture rémarquable pour sa grande vivacite d'expresion,la couleur fraiche.Toile,cadre dore.",321.0,98.7,False,positional,,,Tableaux,,Sec. XIX
BO0624_81813,139983,109,111,"ECOLE BOLONAISE,XVII siecle,Lavision deSainte Therese,bellepeinture sur cuivre, cadre dore; m.0.20X0.25.",325.0,98.1,False,positional,,Scuola Bolognese,Tableaux,,
BO0624_81813,139984,110,112,"ECOLE ROMAINE, XVI siecle, Sainte Catherine, peinture sur toile, cadre doré; m.0.40X0.28.",326.0,97.6,False,positional,,Scuola Romana,Tableaux,,Sec. XVI
BO0624_81813,139985,111,113,"ECOLE NAPOLITAINE, XVIII siecle, Paysage avec fgures, peinture sur toile, cadre dore; m.0.33X0.27.",327.0,97.9,False,positional,,Scuola Napoletana,Tableaux,,Sec. XVIII
BO0624_81813,139986,112,114,"ECOLE BOLONAISE, XVII siecle, Loth et ses filles, peinture sur toile, cadre dore; m.0.36X0.46.",328.0,89.2,False,positional,,Scuola Bolognese,Tableaux,,Sec. XVII
BO0624_81813,139987,113,115,"DOM.ZAMPIERI dit LEDOMENICHINO,1581-1641 (école),Saint Dominique, peinture sur toile, cadre dore; m.0.53X0.63.",330.0,98.1,False,positional,,,Tableaux,,Sec. XVII
BO0624_81813,139988,114,116,"ECOLE BOLONAISE, XVII siecle, La Madeleine en priere, peinture sur toile, cadre dore; m.0.67X0.78.",331.0,97.9,False,positional,,Scuola Bolognese,Tableaux,,Sec. XVII
BO0624_81813,139989,115,117,"ECOLE BOLONAISE, XVII siecle, La Vierge, peinte sur cuivre, riche et ancien cadre sculpte; m.0.22X0.16.",332.0,98.0,False,positional,,Scuola Bolognese,Tableaux,,Sec. XVII
BO0624_81813,139990,116,118,"ECOLE VENITIENNE,XVI siecle,Le Christ avec la Vierge a sa gauche et un apotre adorant a sa droite,remarquables le dessin et les couleurs, esquisse surtoile, cadre ancien sculpte et dore;m.0.33X0.24. Provenant de la Galerie Franciosi.",333.0,78.0,False,positional,,Scuola Veneziana,Tableaux,,
BO0624_81813,139991,117,119,"ECOLE VENITIENNE,XVII siecle,Portrait d’enfant avec riche costume peint sur toile, cadre sculpte et dore; m. 0.40X0.30.",335.0,74.7,False,positional,,Scuola Veneziana,Tableaux,,
BO0624_81813,139992,118,120,"ECOLE DE FERRARE, XVI siecle, La Vierge avec l'Enfant et Sainte Catherine; paysage sur le fond, peinture sur bois, cadre sculpte et dore; m. 0.40X0.35.",337.0,98.3,False,positional,,Scuola Ferrarese,OGGETTI IN LEGNO,,Sec. XVI
BO0624_81813,139993,119,121,"DEL SARTO ANDRE (copie),La Sainte Famille,ancienne copie avec des varia tions au tableau de la Galerie Borghese, peinture sur toile, cadre ancien en ebene, m.0.85X0.70.",339.0,72.4,False,positional,DEL SARTO ANDREA,,OGGETTI VARI,,
BO0624_81813,139994,120,122,"ECOLE VENITIENNE,XVI siecle,Portrait dune jeune et belle femme qui va se parer de ses bijoux, elle prend des perles d' une besace que lui present sa suivante, toile tres interessante par la vivacite d'expression et la finesse des details, peinture sur toile cadre sculpte et dore; m.1.10x0.90.",341.0,83.4,False,positional,,Scuola Veneziana,BIGIOTTERIA,,
BO0624_81813,139995,121,123,"ECOLE FLAMANDE,XVII siecle,Fleurs etfruits,deuxbellespeintures sur toile, cadres dores; m.1X0.80.",342.0,97.4,False,positional,,Scuola Fiamminga,Tableaux,,
BO0624_81813,139996,122,124,"TIEPOLO (maniere), Episode historique, peint sur toile, cadre doré; m. 0.33X0.59.",343.0,97.3,False,positional,TIEPOLO DOMENICO,,Tableaux,,
BO0624_81813,139997,123,125,"BADARACO R.,1642-1726,Portrait de Stefano Lomellini noble genois,forte peinture sur toile d'une grande vigueur d' expression, riche encadrement dore; m.0.82X0.65.",346.0,95.4,False,positional,,,Tableaux,,Sec. XVII
BO0624_81813,139998,124,126,"JORDAENS,1594-1678,Portrait du prince Campofregoso doge de Genes,large et vigoureuse peinture sur toile parfaitement conservee, cadre dore; m. 0.97X0.80. Provenant de la GalerieDiena de Modene.",351.0,76.7,False,positional,JORDAENS JACQUES,,Tableaux,,Sec. XVII
BO0624_81813,139999,125,128,"MALATESTA A., Un groupe d’ admirateurs devant la Presentation au temple de Tiziano,vive peinture sur bois, cadre sculpte et dore; m.0.50x0.72.",353.0,67.3,False,positional,TIZIANO VECELLIO,,OGGETTI IN LEGNO,,
BO0624_81813,140000,126,129,"TEERIAH A.,Portrait d' Adelaide Ristori-Del Grillo, dans un riche costume, belle peinture signee ""A. Teeriah nata Muschi, f. 1856 , cadre dore; m. 0.96X0.77.",355.0,98.6,False,positional,,,Tableaux,,Sec. XIX
BO0624_81813,140001,127,130,"SUBLEIRAS TIBALDI,1669-1749,Les Noces de Canaan,large etvive composition pleine de grace et delégance,fraiche peinture sur toile aux couleurs brillantes et a la touche fine et sure,cadre sculpte et dore;m.4X2.",356.0,75.5,False,positional,,,Tableaux,,Sec. XVII
BO0624_81813,140002,128,131,"ECOLE HOLLANDAISE,XVII siecle,Le bapteme de Saint-Jean,belle composition peinte sur cuivre, cadre dore;m.0.32X0.22.",357.0,97.8,False,positional,,,Tableaux,,
BO0624_81813,140003,129,132,"DONDUZZI G.dit MASTELLETTO, Saint Francois en priere dans un beau paysage, esquisse sur toile, cadre dore; m.0.27X0.22.",358.0,98.3,False,positional,DUPRE GIOVANNI,,Tableaux,,
BO0624_81813,140004,130,133,"SEBASTIEN DEL PIOMBO (attribue),Portrait de Laure Dianti mattresse d'Alphonse d'Este duc de Modene,la belle femme est vetue d'un riche costume,peinture sur ardoise,bon le dessin et vif le coloris,riche cadre ancien sculpte et doré;m.0.31X0.23.",360.0,94.1,False,positional,,,Tableaux,,
BO0624_81813,140005,131,134,"SCHEDONE BART.,Portrait d'un jeune homme,peint sur toile, cadre dore; m.0.22X0.18.",362.0,97.5,False,positional,,,Tableaux,,
BO0624_81813,140006,132,135,"MALATESTA A.,Fleurs et fruits, deux belles peintures sur toile, cadres dores;m.0.40X0.65.",363.0,90.1,False,positional,,,Tableaux,,
BO0624_81813,140007,133,136,"SCHEDONE BART.,1560-1616,Saint Jean-Baptiste,peinture sur toile, cadre dore;m.0.31X0.23.",365.0,97.7,False,positional,,,Tableaux,,Sec. XVI
BO0624_81813,140008,134,137,"VAN DYCK,1599-1641 (attribue), Portrait d’Almeric dEste, fls de Francois I",366.0,97.2,False,positional,VAN DYCK ANTON,,Tableaux,,Sec. XVII
BO0624_81813,140009,135,138,"DOLCI CHARLES,1616-1686,La Sainte Famille,superbe peinture sur toile, cadre sculpte et dore;m.0.64X0.62. Provenant de la Galerie Coccapani-Imperiali de Genes. DOSSO DOsSI,XVI siecle (école),La Madone avec PEnfant peinte sur bois, cadre dore;m.0.18X0.15.",368.0,38.3,False,positional,DOLCI CARLO,,OGGETTI IN LEGNO,,Sec. XVII
BO0624_81813,140010,136,139,"ECOLE LOMBARDE,XVI siecle,Le repos en Egypte,interessante et curieuse peinture sur bois, d' une exquise execution, cadre dore; m.1X0.85. Provenant de la Collection Molza de Modene.",372.0,54.7,False,positional,,Scuola Lombarda,OGGETTI IN LEGNO,COLLEZIONE MOLZA-VITI,
BO0624_81813,140011,137,140,"DOSSO DOSSI,XVI siecle (école),La Madone avec l'Enfant peinte sur bois, cadre dore;m.0.18X0.15.",373.0,96.2,False,positional,,,OGGETTI IN LEGNO,,
BO0624_81813,140012,138,141,"ZAMBONINI P.,Le Christ sur la croix, a ses pieds la Vierge, Sainte Marie Madeleine et Saint Jean, peinture sur toile, signe ""P. P. Zamboninus inventor, ca dre sculpte et dore; m.0.65X0.48.",375.0,98.9,False,positional,,,Tableaux,,
BO0624_81813,140013,139,142,"F. GUARDI, Capricci,deux visions fantasques avec des ruines et un petit port avec des navires, tous les deux animes par de petits personnages gracieux et vibrants. Peinture sur parchemin, cadres dores de l'époque; m. 0.19X0.13.",379.0,98.6,False,positional,GUARDI FRANCESCO,,Tableaux,,
BO0624_81813,140014,140,143,"CAVEDONE JACQUES,XVII siecle,Saint Philippe Neri,peinture sur carton, cadre doré;m.0.20X0.13.",412.0,97.8,False,positional,,,Tableaux,,
BO0624_81813,140015,141,144,"CAMPI BERNARDIN,1522-1584,La descente de la croixet devot adorant,vive composition peinte sur bois, cadre dore; m.0.68X0.46.",413.0,91.8,False,positional,,,OGGETTI IN LEGNO,,Sec. XVI
BO0624_81813,140016,142,145,"F. CLOUET,1506-1572,XVI siecle,Portrait d'Elisabeth de Valois dans unriche costume,peinture sur bois, cadre sculpte; m.0.21X0.30.",414.0,70.3,False,positional,,,OGGETTI IN LEGNO,,Sec. XVI
BO0624_81813,140017,143,146,"ECOLE FLAMANDE,XVI siecle,La descente de la croix,tres belle composition peinte sur toile,cadre dore;m.0.31X0.23.",415.0,53.1,False,positional,,Scuola Fiamminga,Tableaux,,
BO0624_81813,140018,144,147,"LANJEAN REMY, Le Christ sur la croix,belle peinture sur toile d'une grande force,riche encadrement sculpte et dore;m.1.30X0.90.",416.0,52.3,False,positional,,,Tableaux,,
BO0624_81813,140019,145,148,"ECOLE BOLONAISE,XVII siecle,Portrait d’un cardinal,peinture sur toile;m.0.98X1.20.",417.0,89.6,False,positional,,Scuola Bolognese,Tableaux,,
BO0624_81813,140020,146,149,"ECOLE FLORENTINE,XVII siecle,La Vierge de la Purete,belle peinture sur toile, cadre dore; m.1.55X1.05.",418.0,98.0,False,positional,,Scuola Fiorentina,Tableaux,,
BO0624_81813,140021,147,150,"ECOLE VENITIENNE, XVI siecle, La descente de la croix, sur le fond beau paysage, bonne composition peinte sur bois, cadre peint; m. 0.37X0.32.",420.0,68.6,False,positional,,Scuola Veneziana,OGGETTI IN LEGNO,,Sec. XVI
BO0624_81813,140022,148,151,"APPIANI A.(ecole), Portrait d'A.Volta en costume d' academicien peint sur toile, cadre doré; m.0.30X0.23.",421.0,98.0,False,positional,,,Tableaux,,
BO0624_81813,140023,149,152,"ECOLE VENITIENNE,XVIII siecle,LaVierge peinte sur toile,riche cadre sculpte et dore;m.0.54X0.52.",423.0,97.4,False,positional,,Scuola Veneziana,Tableaux,,
BO0624_81813,140024,150,153,"DELLA VECCHIA PIERRE,16051698,Portrait dhomme peint sur toile,cadre sculpte et dore; m.0.22X0.16.",425.0,80.7,False,positional,,,Tableaux,,
BO0624_81813,140025,151,154,"RIGAUD JACINTHE,1659-1743,Portrait de Marie Mancini, charmante peinture sur toile pleine delegance et de grande expression,la touche est sure,les cou-",426.0,98.7,False,positional,RIGAUD HYACINTHE,,Tableaux,,Sec. XVII
BO0624_81813,140026,152,155,"BREUGHEL ABRAAM,1672-1729 (attribue),Les femmes visitent le tombeau du Christ,peinture sur bois, notable la finesse du paysage,les beaux eets de lumiere, leurs delicates, cadre ancien sculpte et doré; cadre dore;m.0.47X0.33.",427.0,80.5,False,positional,BRUEGEL,,OGGETTI IN LEGNO,,Sec. XVII
BO0624_81813,140027,153,156,"PIAZZETTA J.B.,1683-1754 (attribue),La Resurrection, forte et vive peinture sur toile, parfaite conservation, cadre dore;m.1.50X0.90.",428.0,34.1,False,positional,,,Tableaux,,Sec. XVIII
BO0624_81813,140028,154,157,"ECOLE DE PARME,XVII siecle,La Sainte Famille et Saint Jean,ond de paysage,belle peinture sur bois, cadre richement sculpte,peint et dore; m.0.32X0.22.",433.0,98.7,False,positional,,Scuola Parmigiana,OGGETTI IN LEGNO,,
BO0624_81813,140029,155,158,"SASSOFERRATO (copie), Le mariage de Sainte Catherine, peinture sur cuivre,cadre dore;m.0.13X0.10.",435.0,83.6,False,positional,,,Tableaux,,
BO0624_81813,140030,156,159,"DOSSO DOSSI (copie ancienne), L'Archange Gabriel de la Galerie de Dresde, peinture sur toile, cadre ancien sculpte et dore;m.1.25X0.90.",436.0,98.5,False,positional,METSU GABRIEL,,Tableaux,,
BO0624_81813,140031,157,160,"MIGNARD PIERRE,Portrait d'un jeune homme, fine et belle peinture sur toile. Ce portrait est vraiment interessant pour la noblesse d'expression, cadre sculpte et doré.",438.0,95.3,False,positional,MIGNARD PIERRE,,Tableaux,,
BO0624_81813,140032,158,161,"ECOLE BOLONAISE,XVIII siecle,Samson et Judith,deux belles peintures sur toile,riche cadre ancien sculpte et dore; m.1.20X0.90.",443.0,71.4,False,positional,,Scuola Bolognese,Tableaux,,
BO0624_81813,140033,159,162,"RICCI SEBASTIEN,XVII siecle,L'adoration des Mages,forte esquisse sur toile, cadre en ébene guillochee;m.0.22X0.26.",445.0,98.2,False,positional,SEBASTIANO RICCI,,Tableaux,,
BO0624_81813,140034,160,163,"SCHEDONE BART.,1560-1616,Un ange,peinture sur toile,cadre dore;metres 0.30X0.36.",446.0,97.5,False,positional,,,Tableaux,,Sec. XVI
BO0624_81813,140035,161,164,"CAMUCCINI, Portrait de dame, peinture sur toile, cadre dore; m. 0.74X0.55.",447.0,97.1,False,positional,,,Tableaux,,
BO0624_81813,140036,162,165,"SOMASCHINI HORACE,1532-1577,Le mariage de Sainte Catherine,peinture sur bois,cadre dore;m.0.68X0.53. Provenant de la Galerie Franciosi.",448.0,98.5,False,positional,,,OGGETTI IN LEGNO,,Sec. XVI
BO0624_81813,140037,163,166,"ECOLE GENOISE,XVII siecle,Portrait dejeune dame,peinture sur toile,cade dore; m.0.72X0.58.",449.0,97.2,False,positional,,Scuola Genovese,Tableaux,,
BO0624_81813,140038,164,167,"REMBRANDT (école),La descente de la croix,interessante et vigoureuse peinture sur bois,cadre dore;m.0.40X0.58.",450.0,98.2,False,positional,REMBRANDT VAN RIJN,,OGGETTI IN LEGNO,,
BO0624_81813,140039,165,168,"MORONE J.B.,Portrait d'un gentilhomme,vive et charmante peinture sur toile, belle piece de galerie,remarquable pour la delicatesse de la touche et la bonne conservation, cadre sculpte et dore;m.1.02X0.80.",451.0,95.9,False,positional,,,Tableaux,,
BO0624_81813,140040,166,169,"SASSO FERRATO (ecole),La Madone avec lEnfant,belle peinture sur toile aux couleurs brillantes,riche encadrement sculpte et doré; m.0.65X0.50.",452.0,98.2,False,positional,,,Tableaux,,
BO0624_81813,140041,167,170,"ECOLE VENITIENNE,XVII siecle,Portrait de gentilhomme peint sur toile,ri che encadrement sculpté et dore;m.0.50X0.36.",453.0,98.3,False,positional,,Scuola Veneziana,Tableaux,,
BO0624_81813,140042,168,171,"VAN DER HELST BART.,1613-1671,Portrait de jeune dame,bonne peinture sur toile remarquable pour la verite et force d'expression, cadre dore; metres 0.74X0.58.",454.0,93.8,False,positional,,,Tableaux,,Sec. XVII
BO0624_81813,140043,169,172,"TITIEN (ecole), Le Christ qui porte la croix, vigoureuse et belle peinture sur toile, cadre dore;m.0.90X0.72. Provenant de la Galerie Franciosi.",455.0,98.6,False,positional,TIZIANO VECELLIO,Scuola di Tiziano,Tableaux,,
BO0624_81813,140044,170,173,"ECOLE DE RAPHAEL, XVI siecle, Sainte Catherine,beau paysage au fond,bon ne peinture sur cuivre au dessin bien soigne, cadre ancien sculpte et dore;metres 0.33X0.23.  Jadis dans la Galerie Franciosi de Carpi.",457.0,61.9,False,positional,SANZIO RAFFAELLO,Scuola di Raffaello Sanzio,Tableaux,,Sec. XVI
BO0624_81813,140045,171,174,"BLEES HENRY, 1480-1529, L'extase de la Madeleine, peinture sur bois, signee avec la chouette, cadre doré;m.0.42X0.35.",461.0,98.2,False,positional,,,OGGETTI IN LEGNO,,Sec. XVI
BO0624_81813,140046,172,175,"ECOLE DE FERRARE,XVI siecle,Saint Sebastien,peinture sur toile, cadre doré;m.1.80X0.60.",462.0,96.6,False,positional,,Scuola Ferrarese,Tableaux,,
BO0624_81813,140047,173,176,"SPINELLO dit L'ARETIN,Saint Jean Baptiste et Saint Jean l'Evangeliste,piece du plus haut interet pour sa valeur artistique et pour sa rarete. Cette table precieuse est une des bonnes de lAretin, le dessin est bien soigne, la couleur vigou reuse, cadre sculpte et doré.",463.0,73.1,False,positional,,,Tableaux,,
BO0624_81813,140048,174,177,"ROSSI FRANCOIS dit SALVIATI,1510-1563,Portrait d'un gentil homme,bonne peinture sur toile, cadre sculpté et dore;m.0.60X0.42. Provenant de la Collection Bentivoglio de Modene.",466.0,97.7,False,positional,,,Tableaux,COLLEZIONE BENTIVOGLIO DI MODENA,Sec. XVI
BO0624_81813,140049,175,178,"ROSSI FRANCOIS dit SALVIATI,1510-1563,Portrait de gentil homme,peinture sur toile, cadre sculpte et dore;m.0.60X0.42.",470.0,97.0,False,positional,,,Tableaux,,Sec. XVI
BO0624_81813,140050,176,179,"DELLA MORTE DI MARIA,XVI siecle,La Vierge et Sainte Anne avec lEnfant sur le throne, fond de paysage, charmante composition pleine de verite et douceur, peinture sur bois parfaitement conservee.La date 1590, cadre doré; metres 0.58X0.68.",472.0,99.1,False,positional,,,OGGETTI IN LEGNO,,Sec. XVI
BO0624_81813,140051,177,180,"WILSON RICHARD,Paysage avec fgures,belle et fine peinture sur toile,conservation parfaite, cadre noir;m.0.59X0.85.",473.0,98.2,False,positional,,,Tableaux,,
BO0624_81813,140052,178,181,"STEINFELD W., Paysage avec figure, tres belle peinture aux couleurs fraiches, signee,cadre dore;m.0.43X0.52. Provenant du Palais ducal de Modene.",474.0,98.6,False,positional,,,Tableaux,,
BO0624_81813,140053,179,182,"NOGARI,Un vieux lisant,peinture sur toile aux couleurs vigoureuses,cadre dore; m.0.80X0.60.",475.0,97.8,False,positional,,,Tableaux,,
BO0624_81813,140054,180,183,"ECOLE FRANCAISE,XIX siecle,Flore,peinture sur toile,cadre doré; metres 0.67X0.47.",476.0,97.5,False,positional,,,Tableaux,,
BO0624_81813,140055,181,184,"ECOLE BOLONAISE,XVII siecle,L'adoration des Mages,belle et vive composition peinte sur cuivre, beau cadre en ébene guilloche avec ornements en bronze et tetes d'anges en argent repousse; m. 0.12X0.15.",477.0,99.0,False,positional,,Scuola Bolognese,OGGETTI VARI,,
BO0624_81813,140056,182,185,"ECOLE FLAMANDE,XVIII siecle,La Madeleine dans la grotte,beau paysage sur le fond, peinture sur toile de fine execution, cadre peint et dore; m.0.45X0.35.",478.0,98.7,False,positional,,Scuola Fiamminga,Tableaux,,
BO0624_81813,140057,183,186,"ECOLE BERGAMASQUE,XVII siecle,L'enfance,La vieillesse,peinture sur toile, cadre sculpte et dore;m.1X0.80.",479.0,98.1,False,positional,,,Tableaux,,
BO0624_81813,140058,184,187,"ECOLE OLONAISE,XVII siecle Saint Dominique peint sur cuivre,cadre ovale sculpte et dore; m.0.21X0.20.",480.0,75.9,False,positional,,,Tableaux,,
BO0624_81813,140059,185,188,"ECOLE ALLEMANDE,XVIII siecle,Portrait de W.A. Mozart peint sur toile,  cadre sculpte et dore;m.0.45X0.35.",482.0,77.9,False,positional,,,Tableaux,,
BO0624_81813,140060,186,189,"CONSETTI ANTOINE de Modene,1686-1766,Portrait d'une jeune dame,peinture sur bois, cadre dore;m.0.38X0.28.",484.0,97.6,False,positional,,,OGGETTI IN LEGNO,,Sec. XVIII
BO0624_81813,140061,187,190,"ECOLE BOLONAISE,XVII siecle,La Madone, peinture sur toile,cadre dore;m.0.55X0.42.",485.0,89.3,False,positional,,Scuola Bolognese,Tableaux,,
BO0624_81813,140062,188,191,"SQUARCIONE,XV siecle,e crucifement,belle composition,peint sur bois,cadre noir; m.1.05X0.40.",487.0,85.4,False,positional,,,OGGETTI IN LEGNO,,
BO0624_81813,140063,189,192,"CRESPI DANIEL,XVII siecle (attribue),Une sybille, bonne peinture sur toile,cadre doré; m.1X0.80.",489.0,85.5,False,positional,CRESPI DANIELE,,Tableaux,,
BO0624_81813,140064,190,193,"RENI GUIDE,XVII siecle (attribue),La Vierge en pleurs,peinture sur toile,cadre sculpté et dore;m.0.65X0.57.",491.0,80.7,False,positional,GUIDO RENI,,Tableaux,,
BO0624_81813,140065,191,194,"ECOLE DEFERRARE,XVI siecle,Saint Roch et Sainte Catherine,sur le fond paysage, interessant diptique peint sur bois. Couleurs vives, parfaite conservation, (PLANCHE XVII). cadre dore;m.0.95X0.75.",493.0,98.9,False,positional,,,OGGETTI IN LEGNO,,
BO0624_81813,140066,192,195,"ECOLE ITALIENNE,XVII siecle,Portrait d'un militaire, toile,cadre dore;metres 0.57X0.32.",494.0,97.7,False,positional,,,Tableaux,,
BO0624_81813,140067,193,196,"ECOLEFLAMANDE,XVII siecle,La messe avant le depart,L'embarquement sur la galere, deux belles peintures sur toile;m.0.65X0.35.",495.0,98.0,False,positional,,Scuola Fiamminga,Tableaux,,
BO0624_81813,140068,194,197,"SANTACROCE,La Sainte Famille,peinture sur bois, cadre dore;m.0.40X0.36.",496.0,97.2,False,positional,,,OGGETTI IN LEGNO,,
BO0624_81813,140069,195,198,"BAROCCI FREDERIC, 1528-1612, Le mariage de Sainte Catherine, peinture sur toile, cadre sculpte et dore; m.0.70X0.52.",497.0,73.3,False,positional,,,Tableaux,,Sec. XVI
BO0624_81813,140070,196,199,"PRIMATICCIO,1490-1570,Unconcert,bonne compositionpeinte sur toile,riche cadre sculpte et dore;m.1X0.80.",499.0,79.1,False,positional,,,Tableaux,,Sec. XVI
BO0624_81813,140071,197,200,"ECOLE GENOISE,XVII siecle,Portrait d'ungentilhomme des Gambara de Genes avec un riche costume et les attributs du Jeu del Ponte, sur le casque armoiries de la famille Gambara,belle peinture sur toile, cadre dore; m.1.05X0.85.",501.0,99.1,False,positional,,Scuola Genovese,Tableaux,,
BO0624_81813,140072,198,201,"CARACCI AN.,1555-1619,Portrait de Pierre Louis Farnese peint sur toile,cadre dore;m.0.42X0.32.",502.0,97.9,False,positional,CARRACCI,,Tableaux,,Sec. XVI
BO0624_81813,140073,199,202,"FRANCESCHINI M. ANTOINE,1648-1729,L’innocence, adoree et protegee pardeux anges,interessante et jolie composition peinte sur toile,remarquable surtout pour la delicatesse des couleurs et la douceur d'expression,cadre dore;metres 1.20X0.95.",504.0,81.2,False,positional,,,Tableaux,,Sec. XVII
BO0624_81813,140074,200,203,"FARINATI PAUL,1522-1606,Flore,vivepeinture sur toile,cadrenoire;metres  0.50X0.40.",505.0,90.2,False,positional,,,Tableaux,,Sec. XVI
BO0624_81813,140075,201,204,"CORREGIO (maniere),Un ange (fragment),peinture sur toile, cadre sculpte et dore. Provenant de la Collection Franciosi de Carpi,jadis appartenant a la Collection d'Andre Corbolani de Modene.",507.0,98.9,False,positional,CORREGGIO,,OGGETTI VARI,COLLEZIONE FRANCIOSI DI CARPI,
BO0624_81813,140076,202,205,"ECOLE OMBRIENNE,XVI siecle,Le bapteme de Saint Jean,a gauche quatre anges agenouilles,sur le fond paysage;belle et fraiche composition,peinte sur bois, cadre dore; m.1X0.65.",508.0,98.8,False,positional,,Scuola Umbra,OGGETTI IN LEGNO,,
BO0624_81813,140077,203,206,"SIMONDE CROCIFISSI,Bologne,XIV siecle,aVierge couronnee,belleetotable peinture sur bois de bonne conservation, cadre dore; m. 0.58X0.70.",509.0,98.1,False,positional,,,OGGETTI IN LEGNO,,
BO0624_81813,140078,204,207,"GIORDANO LUCA,1632-1705,La descente de la croix,sur le fond noble figure d'un ange qui s'impose par lévidence de son angoisse, cadre sculpte et dore; metres 0.40x0.30",511.0,94.0,False,positional,LUCA GIORDANO,,Tableaux,,Sec. XVII
BO0624_81813,140079,205,208,"ASCANI SIMON de Carpi,XVIII siecle,Fleurs, quatre peintures sur bois,cadre dore;m.0.15X0.25.",512.0,87.4,False,positional,,,OGGETTI IN LEGNO,,
BO0624_81813,140080,206,209,"RAPHAEL (ecole), La Vierge au chardonneret avec l'Enfant sur les genoux et Saint Jean, sur le fond paysage; cette table du plus haut interet artistique est surement due a un des eleves de Raphael qui sest servi des dessins du grand maitre. L'Enfant Jesus rappelle la Madone de Loreto, celebre table perdue. Remarquable la fraicheur des couleurs, riche et beau cadre artistement sculpte et dore; metres 1.20X0.90.",514.0,98.2,False,title_direct,SANZIO RAFFAELLO,Scuola di Raffaello Sanzio,Dessins,,
BO0624_81813,140081,207,210,"ECOLE VENITIENNE, XVII siecle,Figure d'un jeune homme tenant un arc dans ses mains,beau costume moresque d'un rouge vif et frais,peinture sur toile, cadre dore de l'époque; m.1X0.80.",516.0,89.0,False,positional,,Scuola Veneziana,Tableaux,,Sec. XVII
BO0624_81813,140082,208,211,"ECOLE VENITIENNE,XVII siecle,Episode dehistoire romaine,belle et inte ressante composition peinte sur toile aux beaux costumes,aux couleurs vives et d'une parfaite conservation, cadre dore; m.1X0.80.",517.0,98.5,False,positional,,Scuola Romana,Tableaux,,
BO0624_81813,140083,209,212,"SALMEGGIA (attribue),XVII siecle,Les Apotres Saint Pierre, Saint Andre et Saint Barthelemy, trois peintures sur toile, cadres dores; m.1X0.55. Provenant de la Galerie Franciosi.",518.0,98.8,False,positional,,,Tableaux,,
BO0624_81813,140084,210,213,"ZAMPIERI DOMENICO dit DOMINICHINO,La communion de Saint Onofre, le saint,mourant, soutenu par deux anges,recoit le aint arement,belle in ture sur toile,le dessin y est bien soigne et la couleur vive et fraiche,parfait conservation,cadre dore;m.2.10X1.40.",519.0,92.4,False,positional,,,Tableaux,,
BO0624_81813,140085,211,214,"JEAN DE SAINT JEAN,XVII siecle,Palafrenier aux armes des Medicis,bonne et vive peinture sur toile,remarquable pour la grande verite et harmonie des couleurs,riche encadrement sculpté et dore;m.1.10X1.50.",521.0,83.3,False,positional,,,Tableaux,,
BO0624_81813,140086,212,215,"EYCKENS J.,XVII siecle,Diane et les Nymphes surprises par Acteon,peinture sur toile, signee, cadre dore; m.0.40X0.60.",523.0,98.2,False,positional,,,Tableaux,,
BO0624_81813,140087,213,216,"JOLIANTOINE,1700-1777,L'incendie dupalais dePriame,Samsonfait ecrouler le Temple, deux peintures sur toile interessantes pour la grandiosite de la perspective, signees, cadres anciens sculptes et dores; m.1.15Xl. Provenants de la Collection Diena de Modene. L'abbe Lanzi considere le Joli un des meilleurs peintres d'architecture de son epoque.",524.0,94.3,False,positional,,,Tableaux,,Sec. XVIII
BO0624_81813,140088,214,217,"FATTORI JOSEPH,Amour,belle peinture sur toile,signature et la date 1857, cadre dore;m.0.60X0.75.",526.0,84.0,False,positional,Fattori Giovanni,,Tableaux,,Sec. XIX
BO0624_81813,140089,215,218,"UZIOLI JEAN,Tete devieille femme,bonne peinture sur toile,signe,cadre oré;m.0.33X0.25.",592.0,96.5,False,positional,Muzioli,,Tableaux,,
BO0624_81813,140090,216,219,"MUZIOLI JEAN,Jeune et belle dame en costume Pompadour,vive et riante peinture sur toile, cadre dore;m.0.30X0.20.",593.0,98.2,False,positional,Muzioli,,Tableaux,,
BO0624_81813,140091,217,220,"MUZIOLI JEAN, Figure de jeune personne dansant sur les epees, esquisse sur toile, signe, cadre doré; m. 0.40X0.19.",594.0,98.2,False,positional,Muzioli,,Tableaux,,
BO0624_81813,140092,218,221,"MUZIOLI JEAN,Tete de vieux, peut-etre le pere de Iartiste,belle peinture sur toile, signee, cadre doré; m.0.32X0.71.",596.0,98.2,False,positional,Muzioli,,Tableaux,,
BO0624_81813,140093,219,222,"MUZIOLI JEAN,A la fontaine,un jeune homme romain fait sa declaration a sa belle. Charmante peinture sur toile pleine de vie et d'harmonie, cadre finement (PLANCHE XXIV). sculpté; m. 1X0.55.",597.0,98.9,False,positional,Muzioli,,Tableaux,,
BO0624_81813,140094,220,223,"MUZIOLI JEAN,Paysage,belle peinture sur bois, signee, cadre doré; metres m.0.16X0.10.",598.0,97.6,False,positional,Muzioli,,OGGETTI IN LEGNO,,
BO0624_81813,140095,221,224,"MUZIOLI JEAN, Idylle,un garcon joue de la double fute devant deux jeunes poesie, signee, cadre dore; m. 1.26X0.61.",599.0,93.1,False,positional,Muzioli,,Tableaux,,
BO0624_81813,140096,222,225,"MUZIOLI JEAN,Tete de vieux,bonne esquisse sur toile, signee,cadre dore;me tres 0.52X0.32.",634.0,97.8,False,positional,Muzioli,,Tableaux,,
BO0624_81813,140097,223,226,"MUZIOLI JEAN,Dans le peristyle du Parthenone,vigoureuse esquisse sur toile, cadre dore;m.0.56X0.22.",635.0,49.7,False,positional,Muzioli,,Tableaux,,
BO0624_81813,140098,224,227,"MUZIOLI JEAN,Tete du Christ, étude pour son grand et celebre tableau Adul tere,peinture sur toile, signee,cadre dore;m.0.27X0.23.",636.0,98.4,False,positional,Muzioli,,Tableaux,,
BO0624_81813,140099,225,228,"MUZIOLI JEAN, lot de deux aquarelles et deux dessins, signes, cadre dore.",640.0,97.2,False,title_direct,MUZIOLI,,Dessins,,
BO0624_81813,140100,226,229,"MUZIOLI JEAN, Antignone pres de Livourne, esquisse sur bois, signe, cadre doré;m.0.16X0.10.",641.0,97.7,False,positional,Muzioli,,OGGETTI IN LEGNO,,
BO0624_81813,140101,227,230,"MUZIOLI JEAN,Figure d'un homme en costume de senateur romain, étude interessante pour le tableau La vendetta di Poppea,conserve au Musee de Modene, peinture sur toile, cadre dore;m.0.27X0.21.",642.0,98.9,False,positional,Muzioli,,Tableaux,,
BO0624_81813,140102,228,231,"MUZIOLI JEAN,Dans le peristyle du Parthenone,fort beau dessin au crayon,la premiere idee de 1esquisse, cadre dore; m. 0.29X0.13.",643.0,98.4,False,positional,Muzioli,,Tableaux,,
BO0624_81813,140103,229,232,"MUZIOLI JEAN, Etude de plante, esquisse sur toile, signe, cadre doré; 0.28X0.40.",644.0,56.9,False,positional,Muzioli,,Tableaux,,
BO0624_81813,140104,230,233,"MUZIOLI JEAN,Le Christ,figure pleine de noblesse,peinte sur toile,etude pour le grand tableau L′Adultere, signe, cadre dore; m. 0.52X0.32.",645.0,56.9,False,positional,Muzioli,,Tableaux,,
BO0624_81813,140105,231,234,"MUZIOLI JEAN, quatre aquarelles, signes, cadre dore.",646.0,96.0,False,positional,Muzioli,,Tableaux,,
BO0624_81813,140106,232,235,"MUZIOLI JEAN,Figure de femme arabe, vigoureuse esquisse sur toile, signee, cadre dore;m.0.40X0.33.",647.0,97.9,False,positional,Muzioli,,Tableaux,,
BO0624_81813,140107,233,236,"Plat ovale en faience deVenise,XVII siecle,decoration bleue a relief,avec personnages et paysage;m.0.26X0.22.",652.0,81.5,False,positional,,,PIATTI,,
BO0624_81813,140108,234,237,"Plat en faience de Savone, decoration a relief sur le bord; au centre figures et animaux;m.0.30.",653.0,97.9,False,positional,,,PIATTI,,
BO0624_81813,140109,235,238,"Plat en faience de Savone,XVII siecle,decor polychrome,bord a relief,au centre et animaux;m.0.20.",655.0,86.4,False,positional,,,PIATTI,,
BO0624_81813,140110,236,239,"Grand bassin en faience de Castelli,XVII siecle,decoration polychrome sur fond marbre, au centre paysage; m. 0.33.",657.0,81.2,False,positional,,,Faiences; Porcelaines,,
BO0624_81813,140111,237,240,"Quatre plats en porcelaine de la Chine, XVIlI siecle. Famille rose decoree de feurs et animaux;m.0.20.",658.0,98.0,False,positional,,,PIATTI,,
BO0624_81813,140112,238,241,"Theiere avec couvercle en faience de Savone,XVIlI siecle, decor polychrome de figures, marque.",660.0,88.9,False,positional,,,Faiences; Porcelaines,,
BO0624_81813,140113,239,242,"Petit seau en faience de Faenza,decor polychrome d’oiseaux et ornements.",661.0,97.3,False,positional,,Scuola Faentina,OGGETTI VARI,,
BO0624_81813,140114,240,243,"Deux petits Amours en ancienne porcelaine de Saxe,marque.",663.0,86.2,False,positional,,,Faiences; Porcelaines,,
BO0624_81813,140115,241,244,"Plat ovale en ancienne faience de Savone, decoration polychrome de figures; metres 0.35X0.25.",665.0,89.4,False,positional,,,PIATTI,,
BO0624_81813,140116,242,245,"Deux plats en porcelaine de la Chine,XVIlI siecle,famille rose decoree de feurs; m.0.23.",666.0,97.7,False,positional,,,PIATTI,,
BO0624_81813,140117,243,246,"Plat en porcelaine du Japon, XVIlI siecle, decoration polychrome de feurs; me-",667.0,97.4,False,positional,,,PIATTI,,
BO0624_81813,140118,244,247,"Plat en ancienne faience du Japon, decore de feurs; m. 0.22.",669.0,96.6,False,positional,,,PIATTI,,
BO0624_81813,140119,245,248,"Deux vases en ancienne faience de Carpi, decoration de caricatures.",670.0,97.0,False,positional,,,OGGETTI VARI,,
BO0624_81813,140120,246,249,"Petite soupiere en ancienne porcelaine de Doccia (Ginori), XVIlI siecle, decoree de fleurs.",671.0,97.7,False,positional,,,Faiences; Porcelaines,,
BO0624_81813,140121,247,250,"Tres beaux plats en faience de Deruta,XVI siecle,riche decoration de feuilles a imitation de Mastro Giorgio. (PLANCHE XXVIII).",672.0,98.4,False,positional,,,PIATTI,,
BO0624_81813,140122,248,251,"Petite bouteille en faience de Carpi,XV siecle, decoree en blanc sur fond vert.",673.0,97.5,False,positional,,,Faiences; Porcelaines,,
BO0624_81813,140123,249,252,Deux vases en forme de chouette en ancienne faience de Carpi.,674.0,96.8,False,positional,,,VASI,,
BO0624_81813,140124,250,253,"Plat en faience de style raphaelesque,ancienne imitation de Ginori,XVIlI siecle.",675.0,97.5,False,positional,,,PIATTI,,
BO0624_81813,140125,251,254,"Lot de onze coupes en porcelaine de diverses fabriques, XVilI siecle.",676.0,97.1,False,positional,,,OGGETTI VARI,,
BO0624_81813,140126,252,255,"Saint Jean Baptiste,belle brique polychrome en faience des Abruces,XVIlI siecle.",677.0,97.5,False,positional,,,Faiences; Porcelaines,,
BO0624_81813,140127,253,256,"Interessant verre avec le “Pater Noster"", piece curieuse.",678.0,96.4,False,positional,,,Faiences; Porcelaines,,
BO0624_81813,140128,254,257,"Beau service en cristal de Boheme, avec decoration en couleurs et a relief. Cet important service est compose de verres de diverses grandeurs, de bouteilles et cuvettes pour gateaux,et appartenait a la princesse Woronzoff qui I herita du prince Demidof.",679.0,99.2,False,positional,,,OGGETTI VARI,,
BO0624_81813,140129,255,258,"Plat en ancienne porcelaine de Castelli,XVII siecle,au centre figure de berger et paysage;m.0.23.",680.0,98.0,False,positional,,,PIATTI,,
BO0624_81813,140130,256,259,"Plat ovale en faience de Venise, XVlI siecle, decoration a relief, au centre paysage; m.0.36X0.30.",681.0,97.9,False,positional,,,PIATTI,,
BO0624_81813,140131,257,260,"Vase en forme de bouteille en faience d'Urbin,XVI siecle,decoration polychrome a la raphaelesque. (PLANCHE XXVIII).",682.0,98.2,False,positional,,,VASI,,
BO0624_81813,140132,258,261,"Plat ovale en faience de Venise,XVII siecle,decoration polychrome a relief,au centre paysage; m.0.32X0.25.",683.0,98.1,False,positional,,,PIATTI,,
BO0624_81813,140133,259,262,"Plat en faience de Sassuolo, decor jaune de feurs et animaux sur fond vert; metres 0.22.",684.0,97.7,False,positional,,,PIATTI,,
BO0624_81813,140134,260,263,"Plat avec piedouche en faience de Castelli, bord a relief, decoration de paysage polychrome.",685.0,97.8,False,positional,,,PIATTI,,
BO0624_81813,140135,261,264,"Deux femmes,l'une jouant de la cornemuse, lautre tenant un pigeon, deux bel les statuettes en porcelaine de Saxe, marques, XVIII siecle. (PLANCHE XXVII).",686.0,98.6,False,positional,,,Faiences; Porcelaines,,Sec. XVIII
BO0624_81813,140136,262,265,"Plat en ancienne faience de Toscane du XVI siecle, au centre Adame et Eve chasses du paradis terrestre;m.0.20.",687.0,98.2,False,positional,,,PIATTI,,Sec. XVI
BO0624_81813,140137,263,266,"Trois plats ovales festonnes en faience de Savone, XVIlI siecle, decoration polychrome de figures, fleurs et animaux.",688.0,98.3,False,positional,,,PIATTI,,
BO0624_81813,140138,264,267,"Deux vases en faience de Sassuolo,XVIlI siecle, decor a relief de figures;m.0.28.",689.0,97.5,False,positional,,,VASI,,
BO0624_81813,140139,265,268,"Deux saucieres avec plat en faience de Sassuolo, decoration a relief de festons en blanc.",690.0,97.8,False,positional,,,PIATTI,,
BO0624_81813,140140,266,269,"Plat festonne en ancienne faience de Pavie, XVIlI siecle; m. 0.23.",691.0,96.9,False,positional,,,PIATTI,,
BO0624_81813,140141,267,270,"Deux plats en faience de Lodi, XVIlI siecle, decoration polychrome; m. 0.18.",692.0,97.3,False,positional,,,PIATTI,,
BO0624_81813,140142,268,271,"Plat en vieille porcelaine du Japon, decoration de feur; m. 0.26.",693.0,55.3,False,positional,,,PIATTI,,
BO0624_81813,140143,269,272,"Coupe avec couvercle et plat en porcelaine francaise, decor a relief de feurs.",694.0,55.3,False,positional,,,PIATTI,,
BO0624_81813,140144,270,273,"Petite soupiere avec couvercle et plat en faience de Moustier, XVIlI siecle, decoration polychrome de fleurs et festons.",695.0,98.3,False,positional,,,PIATTI,,
BO0624_81813,140145,271,274,"Petite soupiere avec couvercle et plat en faience de Nove,XVIlI siecle,decoration polychrome.",696.0,97.9,False,positional,,,PIATTI,,
BO0624_81813,140146,272,275,"Deux beaux vases en forme de bouteille en faience d'Urbin,XVI siecle, tres interessante decoration polychrome avec divers emblemes et sujets macabres.",697.0,98.7,False,positional,,,VASI,,
BO0624_81813,140147,273,276,"La creche, bas-relief en faience polychrome, cadre noir; m. 0.18X0.13.",701.0,97.0,False,positional,,,BASSORILIEVI,,
BO0624_81813,140148,274,277,"Le triomphe de Neptun,belle brigue en faience des Abruces, XVII siecle; metres 0.21X0.14.",702.0,96.6,False,positional,,,Faiences; Porcelaines,,Sec. XVII
BO0624_81813,140149,275,278,"Petite bouteille en ancienne faience de Florence,decoree du lis de Florence et les armoiries de la Chartreuse.",703.0,97.3,False,positional,,,Faiences; Porcelaines,,
BO0624_81813,140150,276,279,"Coupe avec anses en cristal de Boheme, decor d’armoiries.",704.0,96.5,False,positional,,,Faiences; Porcelaines,,
BO0624_81813,140151,277,280,"Deux verres et deux tasses avec anses, en pate de verre de Murano.",705.0,97.0,False,positional,,Scuola di Murano,Faiences; Porcelaines,,
BO0624_81813,140152,278,281,"Plat en porcelaine ancienne du Japon, au centre figure d’un heros tuant une aigle, et decoration rouge rehaussee en or; m.0.35.",706.0,76.6,False,positional,,,PIATTI,,
BO0624_81813,140153,279,282,"282.Beau plat en faience de Cafaggiolo, decoration polychrome avec le Christ au tombeau,et la date 1524;m.0.32.",708.0,85.0,False,positional,,,PIATTI,,Sec. XVI
BO0624_81813,140154,280,283,"Plat en ancienne faience toscane aux armoiries de pape Innocent XII, XVII siecle.",710.0,97.5,False,positional,,,PIATTI,,Sec. XVII
BO0624_81813,140155,281,284,Trois plats en porcelaine decores de feurs; m. 0.19.,711.0,96.1,False,positional,,,PIATTI,,
BO0624_81813,140156,282,285,"Plat en faience de Venise, XVII siecle, decor polychrome et a relief avec figures; m.0.27.",712.0,97.7,False,positional,,,PIATTI,,Sec. XVII
BO0624_81813,140157,283,286,"Coupe et soucoupe en porcelaine de Vienne decorees de medaillons avec le portrait de la reine Caroline de Naples sur fond bleu, epoque Empire.",713.0,72.0,False,positional,,,Faiences; Porcelaines,,
BO0624_81813,140158,284,287,"Sujet chinois, tres beau groupe en ancienne porcelaine de Saxe, marque, bonne conservation.",715.0,90.6,False,positional,,,Faiences; Porcelaines,,
BO0624_81813,140159,285,288,"Plat en ancienne porcelaine de Chine, famille rose, decor de feurs; m. 0.24.",716.0,95.3,False,positional,,,PIATTI,,
BO0624_81813,140160,286,289,"Deux vases en faience de Faenza,XVIlI siecle, avec décoration polychrome de festons.",717.0,88.2,False,positional,,Scuola Faentina,VASI,,
BO0624_81813,140161,287,290,"Plat en faience d''Urbin, decor polychrome, au centre sujet biblique (accomode); m.0.30.",718.0,95.9,False,positional,,,PIATTI,,
BO0624_81813,140162,288,291,"Riche et beau service pour table en faience anglaise du XVIlI siecle, ce service est compose par quatre-vingt-treize pieces, telles que plats rondes et ovales de diverses grandeurs, porte-feurs, paniers et cuvettes, toutes les pieces ont la marque de J. Wedgwood.",719.0,95.2,False,positional,,,OGGETTI VARI,,
BO0624_81813,140163,289,292,"Riche et beau service pour dessert en porcelaine tendre anglaise (Queen's Ware, XVIlI siecle),decoration de feston a relief sur fond tendre,remarquable pour sa delicatesse; le service est compose par 32 pieces: douze tasses avec soucoupes, une sucriere,un pot-aulait,une thiere,une grande coupe,des vases et des statuets sur socles. Le service base sur un parterre en bois sculpte et dore. Tout les pieces ont la marque de J.Wedgwood.",721.0,98.0,False,positional,,,OGGETTI IN LEGNO,,
BO0624_81813,140164,290,293,"Plat festonne en ancienne porcelaine de Faenza, decoration polychrome de fleurs; m.0.38.",722.0,97.7,False,positional,,Scuola Faentina,PIATTI,,
BO0624_81813,140165,291,294,"Plat en ancienne faience de Castelli, XVII siecle, decoration polychrome de paysage et feurs; m.0.30.",723.0,98.0,False,positional,,,PIATTI,,Sec. XVII
BO0624_81813,140166,292,295,"Plat avec piedouche en faience de Turin, decoration bleue avec armoiries; m. 0.31.",724.0,97.5,False,positional,,,PIATTI,,
BO0624_81813,140167,293,296,"Plat en ancienne faience de Faenza, au centre figure polychrome de Saint Geminien; m.0.40.",725.0,97.8,False,positional,,Scuola Faentina,PIATTI,,
BO0624_81813,140168,294,297,"Plat avec piedouche en faience de Faenza, XVIlI siecle, decor polychrome de feurs; m. 0.32.",726.0,97.7,False,positional,,Scuola Faentina,PIATTI,,
BO0624_81813,140169,295,298,"Coupe et soucoupe en porcelaine de Vienne,decoration en or sur fond blanc a medaillons, epoque Empire.",727.0,98.0,False,positional,,,Faiences; Porcelaines,,
BO0624_81813,140170,296,299,"Deux petites coupes en ancienne porcelaine de Capodimonte, decoration polychrome a relief sur fond blanc.",728.0,98.1,False,positional,,,Faiences; Porcelaines,,
BO0624_81813,140171,297,300,"Coupe et soucoupe en porcelaine decoree de feurs, époque Louis-Philippe.",729.0,97.2,False,positional,,,Faiences; Porcelaines,,
BO0624_81813,140172,298,301,"Petite coupe en forme de conquille en faience de Faenza,XVIlI siecle,decor bleu de festons.",730.0,97.3,False,positional,,Scuola Faentina,Faiences; Porcelaines,,
BO0624_81813,140173,299,302,"Coupe avec piedouche en faience d’Urbin,XVI siecle, decoration polychrome a la raphaelesque, au centre petit amour (accomodè); m. 0.26.",731.0,71.8,False,positional,,,Faiences; Porcelaines,,
BO0624_81813,140174,300,303,"Petite bomboniere en faience de Milan,XVIlI siecle,decoree de feurs sur fond blanc.",732.0,97.6,False,positional,,,Faiences; Porcelaines,,
BO0624_81813,140175,301,304,"L' Hiver, l Ete, deux belles statuettes en porcelaine de Saxe.",733.0,85.9,False,positional,,,Faiences; Porcelaines,,
BO0624_81813,140176,302,305,"Plat en faience de Vicenza,XVIlI siecle, decoration polychrome de feurs;m.0.25.",735.0,97.5,False,positional,,,PIATTI,,
BO0624_81813,140177,303,306,"Petite corbeille octagonale a-jour, en ancienne faience de Sassuolo, decor polychrome de feurs.",736.0,28.0,False,positional,,,Faiences; Porcelaines,,
BO0624_81813,140178,304,307,"Joueur de cornemuse et bergere avec feurs, deux belles statuettes en porcelaine de Saxe,XVIlI siecle.",737.0,91.7,False,positional,,,Faiences; Porcelaines,,
BO0624_81813,140179,305,308,"Deux beaux vases porte feurs avec couvercle a-jour, delicate decoration a relief de figures et ornements sur fond bleu, porcelaine anglaise J. Wedgwood, Queen's Ware,XVIII siecle.",738.0,70.1,False,positional,,,OGGETTI VARI,,
BO0624_81813,140180,306,309,"Petit vase en bisquits de Wedgwood, avec socle en bronze dore, epoque Louis XVI.",740.0,97.5,False,positional,,,OGGETTI VARI,,
BO0624_81813,140181,307,310,"Deux beaux et elegants vases rectangulaires en porcelaine anglaise J. Wedgwood, Queen's Ware,XVIlI siecle, decoration de medaillons a figures en bleu sur fond jaune.",744.0,68.3,False,positional,,,OGGETTI VARI,,
BO0624_81813,140182,308,311,"Une bouteille et cinq verres en cristal de Boheme, XVIlI siecle, decores d’or.",745.0,97.4,False,positional,,,Faiences; Porcelaines,,
BO0624_81813,140183,309,312,"Figure allegorique de l Abondance entouree d' Amours, groupe en porcelaine de Saxe,XVIII siecle.",746.0,91.2,False,positional,,,Faiences; Porcelaines,,
BO0624_81813,140184,310,313,"313.Bouteille et plat en cristal de Boheme,XVIlI siecle, decoré d’or.",747.0,98.5,False,positional,,,PIATTI,,
BO0624_81813,140185,311,314,"314.Lot de trois plats en faience de Milan,Lodi,Moustier,XVII siecle,decoration polychrome de feurs.",748.0,99.0,False,positional,,,PIATTI,,
BO0624_81813,140186,312,315,"Deux plats en faience de Turin, XVIlI siecle, decoration polychrome de feurs; m.0.28.",749.0,97.6,False,positional,,,PIATTI,,
BO0624_81813,140187,313,316,"Deux grands plats festonnes en faience de Nove, decor polychrome d'oiseaux; metres 0.38.",750.0,96.6,False,positional,,,PIATTI,,
BO0624_81813,140188,314,317,"Deux plats en faience de Milan,XVIlI siecle,belle decoration a medaillons avec figures sur fond bleu,m.0.24.",751.0,91.5,False,positional,,,PIATTI,,
BO0624_81813,140189,315,318,"Cafetiere avec couvercle en faience de Turin,XVIlI siecle,decor polychrome de fleurs.",752.0,97.7,False,positional,,,Faiences; Porcelaines,,
BO0624_81813,140190,316,319,"Deux plats festonnes en faience de Nove,XVIlI siecle, decoration polychrome de fleurs et fruits;m.0.33.",753.0,83.2,False,positional,,,PIATTI,,
BO0624_81813,140191,317,320,"Plat festonne en faience de Vicenza,XVIHI siecle,decor polychrome de feurs.",755.0,95.5,False,positional,,,PIATTI,,
BO0624_81813,140192,318,321,"Plat en porcelaine de Doccia (Ginori) imitant Saxe, decor polychrome de feurs;m.0.25.",756.0,93.1,False,positional,,,PIATTI,,
BO0624_81813,140193,319,322,"Figures de jeunes filles en ancienne porcelaine de Saxe, marques.",758.0,94.7,False,positional,,,Faiences; Porcelaines,,
BO0624_81813,140194,320,323,"Bocal en ancienne faience de Faenza, decoration de figures polychromes.",762.0,97.2,False,positional,,Scuola Faentina,Faiences; Porcelaines,,
BO0624_81813,140195,321,324,"Grand vase en porcelaine de J. Wedgwood, Queen's Ware, XVIlI siecle, delicate decoration a relief de figures et festons sur fond turquoise.",763.0,98.5,False,positional,,,OGGETTI VARI,,
BO0624_81813,140196,322,325,"Coupe avec piedouche en verre de Murano, decore par des dauphins.",764.0,96.9,False,positional,,Scuola di Murano,Faiences; Porcelaines,,
BO0624_81813,140197,323,326,"Deux bouteilles et six verres en cristal de Boheme,XVIlI siecle, decores dor.",765.0,97.4,False,positional,,,Faiences; Porcelaines,,
BO0624_81813,140198,324,327,"Cinq petits vases en ancienne porcelaine de Faenza, decoration polychrome de festons.",766.0,97.6,False,positional,,Scuola Faentina,VASI,,
BO0624_81813,140199,325,328,"Deux petits vases en ancienne porcelaine de Faenza, decor polychrome.",767.0,97.1,False,positional,,Scuola Faentina,VASI,,
BO0624_81813,140200,326,329,"Grand plat en faience de Faenza, decoration bleue sur fond claire,au centre armoiries des Gonzaga;m.0.45.",768.0,83.7,False,positional,,Scuola Faentina,PIATTI,,
BO0624_81813,140201,327,330,"Plat en ancienne faience toscane, decoration polychrome, au centre un petite amour chevauchant un cigne, signature de George Andreoli, 1525; m. 0.23.",770.0,98.6,False,positional,,,PIATTI,,Sec. XVI
BO0624_81813,140202,328,331,"Plat en porcelaine de Sevres,decorrouge et or,au centre monogramme et couronne, et petits amours, epoque Louis-Philippe; m.0.25.",771.0,98.4,False,positional,,,PIATTI,,
BO0624_81813,140203,329,332,"Bergere, statuette en porcelaine de Saxe,XVIlI siecle.",772.0,85.2,False,positional,,,Faiences; Porcelaines,,
BO0624_81813,140204,330,333,"Coupe avec soucoupe en porcelaine de Sevres,decoration polychrome sur fond bleu d'un monogramme couronne et amours,époque Louis-Philippe. Provenant du Chateau des Tuilleries.",773.0,98.9,False,positional,,,Faiences; Porcelaines,,
BO0624_81813,140205,331,334,"Encrier en faience blanche de Sassuolo, en forme de bassin avec figures.",774.0,97.2,False,positional,,,Faiences; Porcelaines,,
BO0624_81813,140206,332,335,"Portefleur en forme d’éventail en faience de Sassuolo,XVIlI siecle.",775.0,97.1,False,positional,,,Faiences; Porcelaines,,
BO0624_81813,140207,333,336,"Bassinoire en faience de Sassuolo,XVIlI siecle, decor de fleurs a relief.",776.0,97.3,False,positional,,,Faiences; Porcelaines,,
BO0624_81813,140208,334,337,"Bassinoire en faience de Sassuolo,XVIlI siecle,decoration polychrome a relief de fleurs.",777.0,93.6,False,positional,,,Faiences; Porcelaines,,
BO0624_81813,140209,335,338,"Encrier en ancienne faience de Pavie,XVIlI siecle.",779.0,96.1,False,positional,,,Faiences; Porcelaines,,
BO0624_81813,140210,336,339,"Soupiere avec couvercle de belle forme en faience de Pavie,XVIlI siecle.",780.0,97.3,False,positional,,,Faiences; Porcelaines,,
BO0624_81813,140211,337,340,"Bocal en faience de Vicenza, XVIlI siecle, decor de feurs et animaux polychromes.",781.0,97.5,False,positional,,,Faiences; Porcelaines,,
BO0624_81813,140212,338,341,"Deux fruitieres a-jour en porcelaine francaise, décorees a festons et armoiries couronnes.",782.0,97.8,False,positional,,,Faiences; Porcelaines,,
BO0624_81813,140213,339,342,"Figures d'homme et de femme avec des fleurs,deux interessantes statuettes en porcelaine,XVIll siecle.",783.0,84.4,False,positional,,,Faiences; Porcelaines,,
BO0624_81813,140214,340,343,"Deux vases en faience de Nove,XVIlI siecle, decor polychrome de feurs.",785.0,97.1,False,positional,,,VASI,,
BO0624_81813,140215,341,344,"Corbeille octogone a-jour en faience de Sassuolo, XVIlI siecle, decor polychrome de fleurs",786.0,90.5,False,positional,,,Faiences; Porcelaines,,
BO0624_81813,140216,342,345,"Petite corbeille a-jouree en faience de Sassuolo,XVIlI siecle, decoration de feurs.",788.0,97.6,False,positional,,,Faiences; Porcelaines,,
BO0624_81813,140217,343,346,"Coupe avec piedouche en ancienne faience de Faenza, au centre la figure de Judith.",789.0,97.6,False,positional,,Scuola Faentina,Faiences; Porcelaines,,
BO0624_81813,140218,344,347,"Interessante coupe en faience “a stecco"" avec les armoiries des familles Rangoni de Modene et Bentivoglio de Bologne. Cette piece sans doute se rattache au mariage de Nicolas Rangoni avec Blanche Bentivoglio fille de Jean II seigneur de Bologne,XV siecle.",791.0,66.8,False,positional,,,Faiences; Porcelaines,,
BO0624_81813,140219,345,348,"Petit carreau en ancienne faience de Florence,XVI siecle, avec la figure de Saint Christophe et le lis de Florence; m.0.30X0.18.",793.0,98.4,False,positional,,,Faiences; Porcelaines,,
BO0624_81813,140220,346,349,"Petit tabernacle en faience de Carpi,XVI siecle,avec la figure de la Vierge et l'Enfant.",794.0,97.8,False,positional,,,Faiences; Porcelaines,,
BO0624_81813,140221,347,350,Trois verres en cristal de Boheme avec armoiries.,795.0,96.0,False,positional,,,Faiences; Porcelaines,,
BO0624_81813,140222,348,351,Elegant verre en forme de coupe en ancien verre de Murano.,796.0,96.6,False,positional,,Scuola di Murano,Faiences; Porcelaines,,
BO0624_81813,140223,349,352,"Flacon en ancienne faience des Abruces, decor polychrome d' un cheval et paysage.",797.0,97.5,False,positional,,,Faiences; Porcelaines,,
BO0624_81813,140224,350,353,"Quatre vases en ancienne faience de Faenza, decoration de festons polychromes.",798.0,97.4,False,positional,,Scuola Faentina,VASI,,
BO0624_81813,140225,351,354,"Quatre petits vases en ancienne porcelaine de Faenza, decoration polychrome. 356.Coupe et soucoupe en porcelaine de Vienne, decorees d'or sur fond vert, poque Empire.",801.0,61.9,False,positional,,Scuola Faentina,VASI,,
BO0624_81813,140226,352,355,"Coupe et soucoupe en porcelaine decoree d’ or et fleurs, epoque Louis-Philippe.",802.0,72.0,False,positional,,,Faiences; Porcelaines,,
BO0624_81813,140227,353,356,"Coupe et soucope en porcelaine de Vienne, decorees d'or sur fond vert, epoque Empire.",803.0,72.8,False,positional,,,Faiences; Porcelaines,,
BO0624_81813,140228,354,357,"Coupe et soucope en porcelaine de Vienne, decoration couleur de ciel et or et dé dicace ""Anne Geoffroy"", epoque Empire.",804.0,98.3,False,positional,,,Faiences; Porcelaines,,
BO0624_81813,140229,355,358,"Femme avec enfant en costume chinois, porcelaine de Saxe.",805.0,84.6,False,positional,,,Faiences; Porcelaines,,
BO0624_81813,140230,356,359,"Six coupes et soucoupes en ancienne porcelaine du Japon, decoration polychrome, or et fleurs.",806.0,97.8,False,positional,,,Faiences; Porcelaines,,
BO0624_81813,140231,357,360,"Une coupe en faience de Mantoue,XV siecle, belle decoration.",807.0,96.7,False,positional,,,Faiences; Porcelaines,,
BO0624_81813,140232,358,361,"Soupiere avec plat,en faience de Faenza,XVIll siecle, decoration de feurs sur fond blanc.",808.0,97.8,False,positional,,Scuola Faentina,PIATTI,,
BO0624_81813,140233,359,362,"Coupe en forme de coquille en faience de Faenza, XVIlI siecle, decoration de festons bleus et figures.",809.0,98.0,False,positional,,Scuola Faentina,Faiences; Porcelaines,,
BO0624_81813,140234,360,363,"Deux plats en porcelaine de Venise, XVIll siecle, decoration polychrome de feurs; m.0.23.",810.0,96.0,False,positional,,,PIATTI,,
BO0624_81813,140235,361,364,"Danseuse,belle statuette en ancienne porcelaine de Saxe.",811.0,84.0,False,positional,,,Faiences; Porcelaines,,
BO0624_81813,140236,362,365,"Deux plats lun ovale,lautre ronde en ancienne faience de Lodi,XVIlI siecle, decoration polychrome de fleurs.",812.0,96.8,False,positional,,,PIATTI,,
BO0624_81813,140237,363,366,"Deux plats en porcelaine de Doccia (Ginori), XVIlI siecle, decoration polychrome de feurs;m.0.24.",813.0,96.3,False,positional,,,PIATTI,,
BO0624_81813,140238,364,367,"Petit bassin ovale, en faience blanche decoree de feurs.",814.0,93.9,False,positional,,,Faiences; Porcelaines,,
BO0624_81813,140239,365,368,"Plat en faience des Abruces, decoration polychrome de feurs et animaux; m. 0.55.",815.0,97.4,False,positional,,,PIATTI,,
BO0624_81813,140240,366,369,"Deux plats en faience anglaise, XVIlI siecle, decores de feurs bleus; m. 0.27.",816.0,95.4,False,positional,,,PIATTI,,
BO0624_81813,140241,367,370,"Deux vases en porcelaine de Sevres, decor de medaillons a figures et feurs sur fond bleu,monture en bronze cisele et doré.",817.0,98.4,False,positional,,,VASI,,
BO0624_81813,140242,368,371,"Vase en faience d’ Urbin, decore de deux aigles et le mot “Flammas extinguit"".",818.0,95.4,False,positional,,,VASI,,
BO0624_81813,140243,369,372,"Vase en faience de Castelli, XVII siecle, avec le figure de Saint Martin et le pauvre,marque et la date 1698 (accomode).",819.0,79.2,False,positional,,,VASI,,Sec. XVII
BO0624_81813,140244,370,373,Vase en pate de verre de Murano decore de lis d'or a relief.,821.0,96.7,False,positional,,Scuola di Murano,VASI,,
BO0624_81813,140245,371,374,"Coupe avec piedouche en verre de Murano, couleur d’opale.",822.0,96.5,False,positional,,Scuola di Murano,Faiences; Porcelaines,,
BO0624_81813,140246,372,375,"Plat ouale en faience de Venise,XVII siecle,decoration polychrome a relief,au centre paysage;m.0.36X0.30.",823.0,96.7,False,positional,,,PIATTI,,
BO0624_81813,140247,373,376,"Deux pommes de chenet en bronze cisele decores de mascarons,XVII siecle.",830.0,97.3,False,positional,,,Bronzes,,
BO0624_81813,140248,374,377,"Grande plaque pour serrure de caisson, fine et elegante decoration de figures, emblemes et rabesques, au centre figure de Flore, XVI siecle. (PLANCHE XXIX). Cette piece,attribuee a B. Cellini, est un des specimens plus riches et fins de lart de la Renais sance italienne. Cette piece,attribuee a B. Cellini, est un des specimens plus riches et fins de lart de la Renais sance italienne.",831.0,81.8,False,positional,,,Bronzes,,Sec. XVI
BO0624_81813,140249,375,378,Tete de cheval en bronze ciselé.,832.0,93.9,False,positional,,,Bronzes,,
BO0624_81813,140250,376,379,"Beau marteau de porte en bronze finement ciselé, decore d'un mascaron et anneau,XVI siecle.",833.0,97.8,False,positional,,,Bronzes,,
BO0624_81813,140251,377,380,"PROSPERO SPANI dit IL CLEMENTE de Reggio,XVI siecle,Beau marteau de porte en bronze artistement cisele et decore de mascaron, dauphins et coquille. Tres remarquable.",834.0,94.2,False,positional,,,Bronzes,,
BO0624_81813,140252,378,381,"Belle clochette en bronze finement cisele, decoree de festons et surmonte d'une elegante statuette de Neptun,XVI siecle.",835.0,92.5,False,positional,,,Bronzes,,
BO0624_81813,140253,379,382,"Elegant mortier en bronze cisele,finement decore de feuillage, signe A.Rampol di,XVI siecle.",836.0,90.5,False,positional,,,Bronzes,,
BO0624_81813,140254,380,383,"Napoleon, clochette en bronze cisele, epoque Empire.",837.0,96.1,False,positional,,,Bronzes,,
BO0624_81813,140255,381,384,"384.Elegant et beau mortier en bronze cisele du XVI siecle; fine et belle decoration de petits amours et satyres dansants, date 1517; m. 0.13.",838.0,74.8,False,positional,,,Bronzes,,Sec. XVI
BO0624_81813,140256,382,385,"Deux interessants marteaux de porte en bronze artistement ciseles formes par deux dauphins, XVI siecle.",840.0,96.7,False,positional,,,Bronzes,,Sec. XVI
BO0624_81813,140257,383,386,"Saint Jean,petit buste en bronze,XV siecle.",841.0,95.5,False,positional,,,Bronzes,,
BO0624_81813,140258,384,387,"Mortier en bronze avec deux petites anses, decore de festons,les armoiries d’une confrerie et I'inscription F. B. C. B. B. -F. P. CRESTA -A. D. MDCCLXX; m. 0.15.",842.0,69.0,False,positional,,,Bronzes,,
BO0624_81813,140259,385,388,"Beau et elegant marteau de porte en bronze finement cisele, decore de mascarons.",844.0,90.2,False,positional,,,Bronzes,,
BO0624_81813,140260,386,389,"Lot de six pieces en bronze cisele (une Madone, un monogramme,et des ornements).",847.0,94.0,False,positional,,,OGGETTI VARI,,
BO0624_81813,140261,387,390,"Benitier en forme d’ange avec la croix,bronze ciselé.",849.0,96.3,False,positional,,,Bronzes,,
BO0624_81813,140262,388,391,"Tete de cheval,bronze a cire perdue finement ciselé,XVIlI siecle.",850.0,97.0,False,positional,,,Bronzes,,
BO0624_81813,140263,389,392,"Beau mortier en bronze finement cisele, decore d'une danse bachique et ornements sur le bord,XVI siecle;m.0.12.",851.0,92.8,False,positional,,,OGGETTI VARI,,
BO0624_81813,140264,390,393,"Croix processionelle en plaque de bronze repousse et cisele du XVI siecle, decore des figures de Saints et du Christ en bronze artistement cisele et dore, conserva",852.0,98.8,False,positional,,,Bronzes,,Sec. XVI
BO0624_81813,140265,391,394,"Beau et elegant mortier en bronze artistement cisele avec deux anses a tortillon,",854.0,97.6,False,positional,,,Bronzes,,
BO0624_81813,140266,392,395,"Figure d’un homme de guerre blesse,belle statuette en bronze cisele,XVIlI siecle.",856.0,97.6,False,positional,,,Bronzes,,
BO0624_81813,140267,393,396,"Voltaire,petit buste en bronze, socle en marbre.",857.0,95.8,False,positional,,,Bronzes,,
BO0624_81813,140268,394,397,"Clochette en bronze artistement cisele, decore de la figure d'Orphée et les animaux, XVI siecle. (PLANCHE XXIX).",858.0,98.1,False,positional,,,Bronzes,,Sec. XVI
BO0624_81813,140269,395,398,"Grand marteau deporte en bronze finement cisele surmonte par un avant-bec,",859.0,97.3,False,positional,,,Bronzes,,
BO0624_81813,140270,396,399,"Beau mortier en bronze cisele du XVI siecle,fine decoration a relief de coquilles et ornements;m.0.08. (PLANCHE XXIX).",861.0,98.3,False,positional,,,OGGETTI VARI,,Sec. XVI
BO0624_81813,140271,397,400,"Elegant mortier en bronze cisele,avec anses,decore d’animaux et feuillage;metres",862.0,97.6,False,positional,,,Bronzes,,
BO0624_81813,140272,398,401,"Belle clochette en bronze cisele du XVI siecle,fine decoration de festons et les armoiries de la Congregation de ""Tre Spade"".",864.0,98.4,False,positional,,,Bronzes,,Sec. XVI
BO0624_81813,140273,399,402,"Poids en bronze,serie complete.",865.0,93.8,False,title_direct,,,Bronzes,,
BO0624_81813,140274,400,403,"Ecce Homo,belle statuette en bronze a cire perdue, artistement cisele et finement dore.",866.0,90.9,False,positional,,,Bronzes,,
BO0624_81813,140275,401,404,"Petit mortier d'une forme tres élegante enbronze ciselé du XVI siecle,fine decoration de feuillage, armoiries et le portrait de Guido Ubaldo de Montefeltro, date 1508;m.0.08.",867.0,95.3,False,positional,,,Bronzes,,Sec. XVI
BO0624_81813,140276,402,405,"Quatre petites colonnes en ébene avec la base et les capiteaux en bronze ciselé, XVI siecle.",868.0,91.3,False,positional,,,Bronzes,,Sec. XVI
BO0624_81813,140277,403,406,"Venus dansante,bronze,socle en marbre.",870.0,94.9,False,title_direct,,,Bronzes,,
BO0624_81813,140278,404,407,"Venus,belle et fine statuette en bronze finement cisele, epoque Empire.",871.0,97.2,False,positional,,,Bronzes,,
BO0624_81813,140279,405,408,"Belle clochette en bronze artistement cisele du XVI siecle,riche decoration de festons,armoiries et animaux.",872.0,84.4,False,positional,,,Bronzes,,Sec. XVI
BO0624_81813,140280,406,409,"Neuf bracelets ethuit bossettes de formes diverses,XVII siecle.",874.0,96.9,False,positional,,,OGGETTI VARI,,
BO0624_81813,140281,407,410,"Belle et elegante clochette en bronze finement cisele,riche decor de portraits,armoiries,ornements et linscription OPUS MARINI FANZAGI DE GHLUSONO,1568,XVI sciele.",875.0,96.6,False,positional,,,OGGETTI VARI,,Sec. XVI
BO0624_81813,140282,408,411,"Petit marteau de porte en bronze cisele du XVI siecle, decore de deux dauphins qui tiennent un mascaron.",880.0,84.2,False,positional,,,Bronzes,,Sec. XVI
BO0624_81813,140283,409,412,Clochette en bronze ciselé en forme de femme en costume suisse.,882.0,96.9,False,positional,,,Bronzes,,
BO0624_81813,140284,410,413,"Elegant mortier en bronze avec deux anses lisses, decore de vases de feurs,XVI siecle.",883.0,97.7,False,positional,,,VASI,,
BO0624_81813,140285,411,414,"Belle clochette en bronze finement cisele,decore de tetes de taureau et medaillons, flocons en soie de l'epoque,XVI siecle.",884.0,93.4,False,positional,,,Bronzes,,
BO0624_81813,140286,412,415,"Curieux vase avec anses en fer forge en forme d’animal, et pilon en forme d’animal.",885.0,93.1,False,positional,,,VASI,,
BO0624_81813,140287,413,416,"Le temps, porte-monture en bronze,XVIlI siecle.",887.0,95.7,False,positional,,,Bronzes,,
BO0624_81813,140288,414,417,"Belle clochette en bronze artistement cisele decore de griffons et ornements,XVI siecle.",888.0,91.1,False,positional,,,OGGETTI VARI,,
BO0624_81813,140289,415,418,"Tete d’ange,bronze cisele en partie dore,XVII siecle.",889.0,96.3,False,positional,,,Bronzes,,
BO0624_81813,140290,416,419,Clef de chambellan en fer dore aux armes de Charles IHI de Naples.,890.0,97.0,False,positional,,,Bronzes,,
BO0624_81813,140291,417,420,Petit buste de Leopold Gran Duc de Toscane en bronze ciselé.,891.0,96.7,False,positional,,,Bronzes,,
BO0624_81813,140292,418,421,"Beau mortier en bronze finement cisele, avec tres belle decoration a relief; metres 0.10; XV siecle.",892.0,91.9,False,positional,,,Bronzes,,Sec. XV
BO0624_81813,140293,419,422,"Clochette en bronze cisele, en forme de dame en costume,XVIlI siecle.",893.0,97.1,False,positional,,,Bronzes,,
BO0624_81813,140294,420,423,"Petit amour dansant, statuette en plomb finement cisele,XVI siecle.",894.0,97.0,False,positional,,,Bronzes,,
BO0624_81813,140295,421,424,"Mortier en bronze cisele, fine decoration de festons et mascarons; m. 0.09; XVI siecle.",895.0,89.5,False,positional,,,Bronzes,,Sec. XVI
BO0624_81813,140296,422,425,"Grand mortier en bronze cisele avec anses forme par des tetes d'aigles,decoration de festons et linscription ""Corrado Tognoni e C.,li 20 novembre 1805,Opus Riat Regi ""; m. 0.37, kilos 77.",896.0,91.1,False,positional,,,Bronzes,,Sec. XIX
BO0624_81813,140297,423,426,"Six bracelets en bronze cisele, decore de mascarons et dauphins,XVII siecle.",898.0,97.4,False,positional,,,OGGETTI VARI,,
BO0624_81813,140298,424,427,"Mortier en bronze cisele,avec deux anses formees par des tetes d'enfants; metres 0.17,XVIII siecle.",899.0,98.0,False,positional,,,Bronzes,,
BO0624_81813,140299,425,428,"Le Christ ressuscite, statuette en bronze,socle en marbre.",900.0,96.6,False,title_direct,,,Bronzes,,
BO0624_81813,140300,426,429,"Belle clochette en bronze cisele du XVI siecle, fine decoration d'ornements et les armoiries de la maison Del Carretto.",901.0,93.2,False,positional,,,OGGETTI VARI,,Sec. XVI
BO0624_81813,140301,427,430,"Marteau de porte en bronze finement cisele du XVI siecle; la decoration, exquise, est formee par deux dauphins qui soutiennent une cartouche avec armoiries, sur les dauphins une chimere et armoiries, conservation parfaite.",905.0,74.9,False,positional,,,Bronzes,,Sec. XVI
BO0624_81813,140302,428,431,"Lot de quatre piedouches de coupe en bronze cisele et dore, XV et XVI siecle.",907.0,97.4,False,positional,,,Bronzes,,Sec. XVI
BO0624_81813,140303,429,432,Lotde deux cariatides et deux batons en bronze cisele.,908.0,91.7,False,positional,,,Bronzes,,
BO0624_81813,140304,430,433,Animal fantasque en bronze finement cisele.,909.0,93.3,False,positional,,,Bronzes,,
BO0624_81813,140305,431,434,"Deux enfants en bronze finement ciselé,XVI siecle.",910.0,94.2,False,positional,,,Bronzes,,
BO0624_81813,140306,432,435,"Bacchus et Arianne,beau groupe en bronze finement cisele,XVII siecle.",911.0,95.8,False,positional,,,Bronzes,,
BO0624_81813,140307,433,436,"Petit et beau mortier en bronze cisele,avec anses et fine decoration de figures et armoiries,XVI siecle;m.0.08.",912.0,68.8,False,positional,,,Bronzes,,
BO0624_81813,140308,434,437,"Beau mortier en bronze finement ciselè, décoré de quatre sirènes et armoires; XVI siècle; m. 0.07.",913.0,64.9,False,positional,,,Bronzes,,Sec. XVI
BO0624_81813,140309,435,438,"438.Belle clochette en bronze cisele du XVI siecle, élegante decoration de festons et pampres.",914.0,98.9,False,positional,,,Bronzes,,Sec. XVI
BO0624_81813,140310,436,439,"439.Marteau de porte en bronze a tortillon, XVIlI siecle.",915.0,98.2,False,positional,,,Bronzes,,
BO0624_81813,140311,437,440,"Grand mortier en bronze cisele avec deux anses formees par des tetes d'aigle, decor de festons et cartouches et I′ inscription ""F. F. Reati Raege, fecit ""; m. 0.24. socle en marbre (reproduction de la statue du musee Vatican); m. 0.50.",916.0,81.4,False,positional,,,Bronzes,,
BO0624_81813,140312,438,441,"MESSINA A., Apoxyomenos de Lisippo, belle statuette en bronze a cire perdue,",918.0,97.3,False,positional,,,Bronzes,,
BO0624_81813,140313,439,442,"Coupe en bronze finement ciselé, art persan.",919.0,95.5,False,positional,,,Bronzes,,
BO0624_81813,140314,440,443,"Petit marteau de porte en bronze cisele, decore d'une tete de Meduse, dauphins et mascaron,XVI siecle.",920.0,48.0,False,positional,,,Bronzes,,
BO0624_81813,140315,441,444,"Lot d’un Christ, d’un dragon, un buste et une main en bronze ciselé.",921.0,42.4,False,positional,,,Bronzes,,
BO0624_81813,140316,442,445,"Belle tete d'enfant enbronze finement ciseleet dore,XVI siecle.",922.0,94.7,False,positional,,,Bronzes,,
BO0624_81813,140317,443,446,Brule parfum en bronze japonais.,923.0,89.9,False,positional,,,Bronzes,,
BO0624_81813,140318,444,447,"Buste d’un homme revetu de la cuirasse,en bronze finement ciselé,XVI siecle.",924.0,95.5,False,positional,,,Bronzes,,
BO0624_81813,140319,445,448,"Pomme de croix processionnelle en bronze cisele et dore,riche decoration de mascarons,XVI siecle.",925.0,86.2,False,positional,,,Bronzes,,
BO0624_81813,140320,446,449,"Marteau de porte en bronze finement cisele, decore finement de la figure de Bacchus avec pampres, et tetes de lions,XVI siecle.",927.0,92.5,False,positional,,,Bronzes,,
BO0624_81813,140321,447,450,"Deux beaux marteaux de porte en bronze finement cisele, decores de rocaille et coquilles,XVIlI siecle.",929.0,83.7,False,positional,,,Bronzes,,
BO0624_81813,140322,448,451,"Clochette en bronze argente, decore de petits amours en relief, XVIlI siecle. Mortier en bronze cisele, avec anse lisse, decore d'un lion et d'un cerf, XVI siecle;m.0.23. Mortier en bronze cisele, decore de pampres; m. 0.12.",930.0,50.9,False,positional,,,Bronzes,,Sec. XVI
BO0624_81813,140323,449,452,"Mortier en bronze cisele, decore de pampres; m. 0.12.",931.0,61.0,False,positional,,,Bronzes,,
BO0624_81813,140324,450,453,"Mortier en bronze cisele, avec anse lisse, decore d'un lion et d'un cerf, XVI siecle;m.0.23.",932.0,61.0,False,positional,,,Bronzes,,Sec. XVI
BO0624_81813,140325,451,454,"Le triomphe de Bacchus, grande plaque en bronze cisele, XVII siecle.",933.0,97.0,False,positional,,,Bronzes,,Sec. XVII
BO0624_81813,140326,452,455,"Casque de janissaire en fer decore de roses, XVIlI siecle.",938.0,96.6,False,positional,,,Armes,,
BO0624_81813,140327,453,456,"Casque en fer grave, XVIII siecle.",939.0,94.1,False,positional,,,Armes,,Sec. XVIII
BO0624_81813,140328,454,457,"457.Misericorde avec manche en os,riche decoration de figures,lame finement ciselée,XVII siecle.",940.0,92.2,False,positional,,,Armes,,
BO0624_81813,140329,455,458,"Beau fusil a pierre arabe-mauresque,riche incrustation en fer,finement decore a rabesque. (PLANCHE XXX).",942.0,97.1,False,positional,,,Armes,,
BO0624_81813,140330,456,459,Lame depee en bronze de fouilles.,946.0,94.1,False,positional,,,Armes,,
BO0624_81813,140331,457,460,Couteau avec manche a tortillon en os.,947.0,94.9,False,positional,,,Armes,,
BO0624_81813,140332,458,461,"Epee avec garde decore en argent avec figures a l′interieur et a 1' exterieur, em- poignure en argent.",948.0,87.3,False,positional,,,ARREDAMENTI,,
BO0624_81813,140333,459,462,Langue de boeuf decoree en or avec les armoiries et le portrait de Borso d’Este.,950.0,97.5,False,positional,,,Armes,,
BO0624_81813,140334,460,463,Epee d'honneur pour I'entree de Napoleon III a Milan.,951.0,96.3,False,positional,,,Armes,,
BO0624_81813,140335,461,464,"Baliste en fer grave, avec la date 1558.",952.0,82.6,False,positional,,,Armes,,Sec. XVI
BO0624_81813,140336,462,465,"465.Paix en bronze cisele representant la Descente de la croix, XVII siecle.",953.0,98.7,False,positional,,,Armes,,Sec. XVII
BO0624_81813,140337,463,466,"466.Paix en bronze ciselé, avec le crucifiement et linscription JAcoMo DE ToRo FF., XVI siecle.",954.0,98.9,False,positional,,,Armes,,Sec. XVI
BO0624_81813,140338,464,467,"Heaume de tournois, avec gorgerin et visiere en fer finement decore, bonne conservation,XVI siecle.",955.0,86.4,False,positional,,,Armes,,
BO0624_81813,140339,465,468,"468.Marteau de porte en fer forge, en forme de lyre,XVI siecle.",957.0,97.6,False,positional,,,Armes,,
BO0624_81813,140340,466,469,Fusil a pierre arabe-mauresque avec incrustation en fer.,958.0,94.0,False,positional,,,Armes,,
BO0624_81813,140341,467,470,"Curieux fusil reduisible a pistolet, canne et baton, crosse en forme de botte en bronze ciselé.",959.0,97.9,False,positional,,,Armes,,
BO0624_81813,140342,468,471,"471.Belle hallebarde en fer,riche et elegante decoration ciselée,avec mascarons et chimeres,XVII siecle.",960.0,93.2,False,positional,,,Armes,,
BO0624_81813,140343,469,472,"Poignard, avec traces de dorure,XVI siecle.",963.0,95.3,False,positional,,,Armes,,
BO0624_81813,140344,470,473,"Casque avec nasal en fer, XVII siecle.",964.0,94.7,False,positional,,,Armes,,Sec. XVII
BO0624_81813,140345,471,474,"Misericorde avec la lame richement ciselee,manche en os,XVII siecle.",965.0,97.1,False,positional,,,Armes,,
BO0624_81813,140346,472,475,"Misericorde avec la lame decore et ciselee, manche en os,XVII siecle.",966.0,97.1,False,positional,,,Armes,,
BO0624_81813,140347,473,476,"Epee de cour avec garde en bronze dore et flocon,XvilI siecle.",967.0,96.8,False,positional,,,Armes,,
BO0624_81813,140348,474,477,"Sceptre termine par une tete de taureau a l' extremite superieure et par un tete de tigre a l'autre bout, le tout en acier finement decore en or, specimen d'art ancien de la Perse.",968.0,95.7,False,positional,,,Armes,,
BO0624_81813,140349,475,478,"Epee avec garde en fer grave et decore en argent, XVII siecle. Lame de Solingen.",972.0,97.5,False,positional,,,Armes,,Sec. XVII
BO0624_81813,140350,476,479,"Epee de cour avec garde en bronze dore et flocon, XVIlI siecle.",973.0,96.8,False,positional,,,Armes,,
BO0624_81813,140351,477,480,"Porte-parfum, curieux et beau bronze ancien cisele du Japon.",974.0,95.1,False,positional,,,Armes,,
BO0624_81813,140352,478,481,"Marteau d armes en fer forge et cisele,XVI siecle.",975.0,84.5,False,positional,,,Armes,,
BO0624_81813,140353,479,482,"Marteau de porte en fer forge, en forme de lyre,XVI siecle.",977.0,95.0,False,positional,,,Armes,,
BO0624_81813,140354,480,483,"Verrou a secret en fer finement forge,decore de figures et festons,XVI siecle.",978.0,96.2,False,positional,,,Armes,,
BO0624_81813,140355,481,484,"Fusil a pierre et a roue,XVI siecle.",979.0,92.1,False,positional,,,Armes,,
BO0624_81813,140356,482,485,"Pistolet a pierre avec deux cannes et empoignure en ébene, decore en argent ciselé,XVIII siecle.",980.0,88.0,False,positional,,,Armes,,
BO0624_81813,140357,483,486,"Hallebarde avec banniere decoree des armoiries des Medicis,XVII siecle.",982.0,95.2,False,positional,,,Armes,,
BO0624_81813,140358,484,487,"Fusil a poudre, en fer repousse,avec armoiries.",983.0,92.8,False,positional,,,Armes,,
BO0624_81813,140359,485,488,"Petite hallebarde,XVIlI siecle.",984.0,89.6,False,positional,,,Armes,,
BO0624_81813,140360,486,489,"Paire d' etriers en fer decore en argent, XVI siecle. Provenant du Musee Panciatichi.",985.0,95.9,False,positional,,,Armes,,Sec. XVI
BO0624_81813,140361,487,490,"Couteau de chasse avec belle empoignure en ivoire artistement sculptee, decoree de mascarons,XVI siecle. (PLANCHE XXX).",986.0,98.3,False,positional,,,Armes,,
BO0624_81813,140362,488,491,"Grand pistolet avec ornements en fer finement grave, signature de Laz.Bertoglio et Montini de Brescia,XVIlI siecle. (PLANCHEXXX).",987.0,98.4,False,positional,,,OGGETTI VARI,,
BO0624_81813,140363,489,492,"Deux pistolets a pierre, finement ciseles, signes Lazzarino Cominazzi de Gardone, XVII siecle.",988.0,97.8,False,positional,,,Armes,,Sec. XVII
BO0624_81813,140364,490,493,"493.Deux pistolets a pierre,belle decoration en argent,poque Empire, signes Lepage a Paris.",989.0,93.6,False,positional,,,Armes,,
BO0624_81813,140365,491,494,"Epee de cour avec garde en acier bruni, XVIlI siecle.Lame triangulaire de Solingen.",994.0,97.6,False,positional,,,Armes,,
BO0624_81813,140366,492,495,"Epee de cour avec garde en bronze dore, nacre de perle et focon, epoque Empire.",995.0,97.4,False,positional,,,Armes,,
BO0624_81813,140367,493,496,"Epee de cour avec garde a jour et lame triangulaire, XVIlI siecle.",1000.0,97.0,False,positional,,,Armes,,
BO0624_81813,140368,494,497,Moule pour croquants en fer avec armoiries.,1001.0,95.5,False,positional,,,Armes,,
BO0624_81813,140369,495,498,"Pistolet a poudre en os grave, decore de figures et animaux, XVII siecle.",1002.0,97.2,False,positional,,,Armes,,Sec. XVII
BO0624_81813,140370,496,499,"Pistolet a poudre en cuire, decore d’ armoiries, XVlI siecle.",1003.0,95.0,False,positional,,,Armes,,
BO0624_81813,140371,497,500,"Levier pour artillerie en fer grave, XVII siecle.",1004.0,94.0,False,positional,,,Armes,,Sec. XVII
BO0624_81813,140372,498,501,Lot de deux pommes en fer pour epee et une cartouche pour pistolet.,1005.0,97.1,False,positional,,,Armes,,
BO0624_81813,140373,499,502,"502.Poignard en fer avec manche en or,XVI siecle.",1006.0,98.0,False,positional,,,Armes,,
BO0624_81813,140374,500,503,"503.Petite hallabarde en fer grave,XVI siecle.",1007.0,97.8,False,positional,,,Armes,,
BO0624_81813,140375,501,504,"Deux pistolets a roue, belle piece, avec élegants ornements a jour, finement ciselé, XVI siecle. (PLANCHE XXX).",1008.0,97.2,False,positional,,,OGGETTI VARI,,Sec. XVI
BO0624_81813,140376,502,505,"Deux couteaux, avec decoration en argent,XVII siecle.",1012.0,96.2,False,positional,,,Armes,,
BO0624_81813,140377,503,506,"Pomme d’ epee en fer cisele, decore de figures,XVI siecle.",1013.0,96.5,False,positional,,,Armes,,
BO0624_81813,140378,504,507,"Poignard du XVII siecle,lame triangulaire, empoignure en or.",1014.0,87.9,False,positional,,,Armes,,Sec. XVII
BO0624_81813,140379,505,508,"Grand pistolet du XVIlI siecle,avec ornements en fer grave et cisele, sur la canne signature de Vinc. Cominazzi. Provenant du Musee Panciatichi.",1015.0,98.6,False,positional,,,OGGETTI VARI,,
BO0624_81813,140380,506,509,"Petit pistolet a pierre,XVIlI siecle.",1016.0,94.7,False,positional,,,Armes,,
BO0624_81813,140381,507,510,"Grande épee pour tournois, interessante et belle garde artistement ciselee et fnement decoree d'un grand nombre de combattants; lame de Tolede. Piece de Musee.",1017.0,95.1,False,positional,,,Armes,,
BO0624_81813,140382,508,511,"Petite epee avec garde decoree a-jour et figure,XVlI siecle.",1018.0,96.7,False,positional,,,Armes,,
BO0624_81813,140383,509,512,"Deux elegantes epees de cour avec la garde en bronze dore,XVIlI siecle.",1019.0,97.2,False,positional,,,Armes,,
BO0624_81813,140384,510,513,"Epee de cour avec la garde decoree en nacre de perle et flocon, et le monogramme de Marie Louise de Parme.",1020.0,98.1,False,positional,,,Armes,,
BO0624_81813,140385,511,514,Moule pour croquants finement decore avec armoiries.,1021.0,96.2,False,positional,,,Armes,,
BO0624_81813,140386,512,515,"Pomme d’ epee en fer cisele, decore de figure, XVI siecle.",1022.0,96.4,False,positional,,,Armes,,Sec. XVI
BO0624_81813,140387,513,516,"Pomme d’ épee en fer grave, XVI siecle.",1023.0,94.7,False,positional,,,Armes,,Sec. XVI
BO0624_81813,140388,514,517,"Casque avec maille, bouclier et brassard en fer grave, beau specimen de I art hispano-mauresque,XVI siecle.",1024.0,84.5,False,positional,,,Armes,,
BO0624_81813,140389,515,518,"Belle epee, avec garde incrustee d'argent et d'or, lame a jour a double tranchant et l'inscription:HORTUNO DE AQVIRE DE TOLEDo,XVI siecle.",1026.0,94.4,False,positional,,,Armes,,
BO0624_81813,140390,516,519,Couteau avec manche en ivoire et gaine en cuire.,1028.0,95.9,False,positional,,,Armes,,
BO0624_81813,140391,517,520,Poignard avec manche et lame damasquinee.,1029.0,95.2,False,positional,,,Armes,,
BO0624_81813,140392,518,521,"Couteau a tariere avec la lame en forme de famme, sur l'empoignure un dragon. 523.Belle epee d' honneur ciselee et niellee, decoree par vingt-deux medaillons en relief, avec portraits et armoiries des Medicis, XVI siecle.",1035.0,70.0,False,positional,,,Armes,,Sec. XVI
BO0624_81813,140393,519,522,"Grande epee, garde en fer, XVI siecle.",1036.0,94.6,False,positional,,,Armes,,Sec. XVI
BO0624_81813,140394,520,523,"Belle epee d'honneur ciselee et niellee, decoree par vingt-deux medallions en relief, avec portrais et armonies des Medicis, XVI siecle.",,0.0,True,none,,,,,Sec. XVI
BO0624_81813,140395,521,524,"524.Epee avec garde richement ajoure et ciselee,lame de Solingen,XVI siecle. Provenant du Musee Panciatichi.",1037.0,99.1,False,positional,,,Armes,,
BO0624_81813,140396,522,525,"Grande épee avec garde en fer gravee et en partie doree,avec ornements en cuivre dore, sur la pomme armoiries de Modene.",1038.0,98.3,False,positional,,,OGGETTI VARI,,
BO0624_81813,140397,523,526,Lot de cinq mors de cheval en fer de formes diverses.,1039.0,37.8,False,positional,,,OGGETTI VARI,,
BO0624_81813,140398,524,527,"Fusil a pierre et a roue, du XV siecle,rare exemplaire.",1040.0,41.8,False,positional,,,Armes,,Sec. XV
BO0624_81813,140399,525,528,Cuirasse en fer decoree des armoiries du pape Paul V.,1041.0,44.4,False,positional,,,Armes,,
BO0624_81813,140400,526,529,"Curieux bassin en fer,XVI siecle.",1042.0,43.2,False,positional,,,Armes,,
BO0624_81813,140401,527,530,"Grande pertuisane,XVI siecle,lame de 80 cm.de longueur.",1043.0,93.9,False,positional,,,Armes,,
BO0624_81813,140402,528,531,"Epee incrustee d'or,piece tres interessante,riche ornementation sur la garde et la lame,XVI siecle.",1044.0,79.7,False,positional,,,Armes,,
BO0624_81813,140403,529,532,"Hallebarde, avec decoration en bronze et l’inscription:“Angelo Cassanelli di Guiglia"",XVIII siecle.",1045.0,86.7,False,positional,,,Armes,,
BO0624_81813,140404,530,533,"Grande hallebarde en fer,XVII siecle,décoration a jour.",1047.0,93.9,False,positional,,,Armes,,
BO0624_81813,140405,531,534,"Pistolet a pierre, avec canon richement decore en or et argent, signe ""Giov.Batt. Francino di Gardone"",XVII siecle.",1048.0,96.9,False,positional,,,Armes,,
BO0624_81813,140406,532,535,"Deux pistoles a pierre avec canon en bronze dore avec ornement en argent, signes Theodorus Coop, Utrecht, XVIII siecle.",1049.0,78.6,False,positional,,,Armes,,Sec. XVIII
BO0624_81813,140407,533,536,"Pistolet a pierre de Lazare Cominazzi de Brescia,belle decoration sur fer et I'inscription ""Dio guardi me e voi - non sempore sta 1731""",1050.0,73.4,False,positional,GUARDI FRANCESCO,,Armes,,Sec. XVIII
BO0624_81813,140408,534,537,"Petite epee avec garde en fer grave, et avec incrustation en argent, XVII siecle.",1053.0,97.5,False,positional,,,Armes,,Sec. XVII
BO0624_81813,140409,535,538,"Epee de chasse, avec garde en bronze cisele, lame demasquinee representante une chasse au sanglier, XVIlI siecle.",1054.0,44.8,False,positional,,,Armes,,
BO0624_81813,140410,536,539,"Couteau de chasse avec empoignure en bronze cisele et decoree en nacre de perle, XVII siecle.",1055.0,97.8,False,positional,,,Armes,,Sec. XVII
BO0624_81813,140411,537,540,"Marteau de porte en fer finement forge en forme de lyre, XVI siecle.",1056.0,97.1,False,positional,,,Armes,,Sec. XVI
BO0624_81813,140412,538,541,"Casque de janissaire en fer decore de roses, XVIll siecle.",1057.0,96.6,False,positional,,,Armes,,
BO0624_81813,140413,539,542,"Eventail en parchemin avec dessin a la plume, representant une allegorie, monture en ivoire,XVIII siecle.",1063.0,82.9,False,positional,,,Objets d'art,,
BO0624_81813,140414,540,543,Grand tapis en soie avec grandes armoiries des Ducs de Modene. Ce tapis dans les ceremonies servait pour decorer le balcon du palais ducal.,1065.0,98.6,False,positional,,,Objets d'art,,
BO0624_81813,140415,541,544,"Couverture de lit en soie couleur de ciel,bordure brode a point dOngrie,XVII siecle.",1066.0,97.6,False,positional,,,Objets d'art,,
BO0624_81813,140416,542,545,"Enfant,miniature sur ivoire,cadre dore,XVIlI siecle.",1067.0,96.2,False,positional,,,MINIATURE,,
BO0624_81813,140417,543,546,"Merlet “a rete"",m.2.50X0.20.",1068.0,92.6,False,positional,,,Objets d'art,,
BO0624_81813,140418,544,547,"Montre en or avec la caisse decoree en email bleu, epoque Louis XVI.",1069.0,97.1,False,positional,,,Objets d'art,,
BO0624_81813,140419,545,548,"La Madone avec l Enfant,interessant stuc en haut-relief d'école forentine du XVI siecle, traces de dorure, tiré d' une terrecuite de Luca della Robbia; m. 0.60X0.46.",1070.0,98.8,False,positional,DELLA ROBBIA LUCA,Scuola di Giovanni Della Robbia,Objets d'art,,Sec. XVI
BO0624_81813,140420,546,549,"Tete d'une bacchante, superbe et fine sculpture en bois, due a un artiste de la Renaissance, applique a un riche cadre sculpte et dore du XVlI siecle.",1071.0,98.6,False,positional,,,OGGETTI IN LEGNO,,
BO0624_81813,140421,547,550,"Tete d'enfant, beau medaillon en marbre finement sculpte,bon exemplaire de 1 art du XVIlI siecle.",1072.0,90.9,False,positional,,,Objets d'art,,
BO0624_81813,140422,548,551,"Montre en bronze cisele et dore, decore d'émail, caisse en écaille (Moricaud), epoque Louis XVI.",1073.0,97.8,False,positional,,,Objets d'art,,
BO0624_81813,140423,549,552,"Montre en bronze cisele et dore avec email representant un idylle (Isaac Soret et fils), époque Louis XVI.",1074.0,98.1,False,positional,,,Objets d'art,,
BO0624_81813,140424,550,553,"Montre en argent a double caisse, epoque Louis XVI.",1075.0,96.1,False,positional,,,Objets d'art,,
BO0624_81813,140425,551,554,"Montre en argent cisele, epoque Louis XVI.",1076.0,95.2,False,positional,,,Objets d'art,,
BO0624_81813,140426,552,555,"Deux gueux, curieuse et belle terrecuite,XVIlI siecle.",1077.0,96.3,False,positional,,,Objets d'art,,
BO0624_81813,140427,553,556,"GUILLERMIN J.B.,1623-1679,Le Christ,grande et vigoureuse sculpture en ivoire,remarquable sourtout pour la noblesse d'expression de douleur et d'amour; m.0.43.",1078.0,94.8,False,positional,,,Objets d'art,,Sec. XVII
BO0624_81813,140428,554,557,"Petit necessaire pour dame en email decore de paysage,XVIlI siecle,conservation parfaite.",1081.0,97.8,False,positional,,,Objets d'art,,
BO0624_81813,140429,555,558,"Tabatiere en buis finement sculpte par J. Spagiari,au centre figure de Saint Jean Baptiste.",1082.0,97.8,False,positional,,,Objets d'art,,
BO0624_81813,140430,556,559,"L'Annonciation,bas-relief en ivoire sculpte.",1083.0,95.6,False,positional,,,BASSORILIEVI,,
BO0624_81813,140431,557,560,Petite fourchette avec manche en nacre de perle.,1084.0,95.9,False,positional,,,Objets d'art,,
BO0624_81813,140432,558,561,"Un petit amour arretant un cerf, beau groupe en corail sculpte.",1086.0,96.8,False,positional,,,Objets d'art,,
BO0624_81813,140433,559,562,Boite en os avec un medaillon en bronze dore avec les portraits de la famille de Napoleon.,1087.0,16.5,False,positional,,,SCATOLE,,
BO0624_81813,140434,560,563,"Napoleon I,miniature sur ivoire,cadre noir,époque Empire.",1088.0,96.6,False,positional,,,MINIATURE,,
BO0624_81813,140435,561,564,"Deux boites, en bois peint et en papier mache.",1089.0,95.7,False,positional,,,OGGETTI IN LEGNO,,
BO0624_81813,140436,562,565,"Lampe en argent finement cisele representant Mercure, epoque Louis XVI; gr. 920.",1091.0,97.4,False,positional,,,Objets d'art,,
BO0624_81813,140437,563,566,"Beau coffret avec six tiroirs en noyer d' Inde, fine marqueterie en ivoire, belle decoration en bronze cisele et dore,XVII siecle.",1092.0,40.0,False,positional,,,Objets d'art,,
BO0624_81813,140438,564,567,"La Madone,fine broderie en couleur sur soie, signee I.Baroni Mant.1768,cadre ovale;m.0.42X0.31.",1093.0,30.9,False,positional,,,Objets d'art,,Sec. XVIII
BO0624_81813,140439,565,568,"Interieur de cuisine,curieux dessin sur verre, attribue a Francois Bassani,XVI siecle.",1094.0,97.7,False,title_direct,BASSANO GIACOMO,,ARREDAMENTI,,
BO0624_81813,140440,566,569,"Tres beau coffre de mariage en noyer finement sculpte,riche decoration avec armoiries et cariatides,bonne conservation,XVII siecle.",1098.0,73.6,False,positional,,,BAULI,,
BO0624_81813,140441,567,570,"Coffre a mariage en noyer, XVI siecle, riche decoration en marqueterie avec les armoiries des ducs de Ferrare, bonne conservation.",1099.0,98.4,False,positional,,,BAULI,,Sec. XVI
BO0624_81813,140442,568,571,"Ecritoire en bene,XVlI siecle,avec riche incrustation en ivoire a figures,ornements en bronze.",1101.0,97.9,False,positional,,,OGGETTI VARI,,
BO0624_81813,140443,569,572,"Eventail en soie avec paillettes d'or,monture en os a-jour.",1102.0,96.7,False,positional,,,Objets d'art,,
BO0624_81813,140444,570,573,"Euentail en tulle avec paillettes,batons a-jour en os dore, epoque Empire.",1104.0,97.3,False,positional,,,Objets d'art,,
BO0624_81813,140445,571,574,"Belle couverture de lit en damas vert clair,XVII siecle,conservation parfaite.",1105.0,44.1,False,positional,,,Objets d'art,,
BO0624_81813,140446,572,575,"Mouchoir avec bord en merlet a point Milan,XVIlI siecle.",1106.0,38.7,False,positional,,,Objets d'art,,
BO0624_81813,140447,573,576,"Montre en or cisele, a double caisse decore d’ émail avec la figure d’une femme, (Patrys Chaudoir, Geneve), époque Louis XV.",1107.0,78.2,False,positional,,Periodo di Luigi XV,Objets d'art,,
BO0624_81813,140448,574,577,"PROSP. SPANI de Reggio,XVI siecle,Le mariage de Sainte Catherine,bonne composition representant la Vierge,l' Enfant et Sainte Anne en throne; Sainte Catherine recoit la bague de l'Enfant,belle terrecuite, cadre sculpte et dore;metres 0.32X0.27.",1108.0,98.5,False,positional,,,Objets d'art,,
BO0624_81813,140449,575,578,"Petit buste en marbre romain, representant Vitelius.",1111.0,96.2,False,positional,,,Objets d'art,,
BO0624_81813,140450,576,579,Eventail en soie peinte et monture a-jour.,1112.0,82.8,False,positional,,,Objets d'art,,
BO0624_81813,140451,577,580,"Montre en cuire repousse et cisele, cadrant émaillé (O. Rigaud, Geneve), époque Louis XVI.",1113.0,97.0,False,positional,RIGAUD HYACINTHE,,Objets d'art,,
BO0624_81813,140452,578,581,"Montre a repetition, cadrant en cuivre repousse et dore, avec l'Annonciation, epoque Empire.",1114.0,94.9,False,positional,,,Objets d'art,,
BO0624_81813,140453,579,582,"Porte-horloge en bronze, style Empire.",1115.0,94.7,False,positional,,,Objets d'art,,
BO0624_81813,140454,580,583,"Reliquaire en argent cisele, avec émail representant la Vierge, bonne euvre de Rinaldi de Modene,epoque Empire.",1116.0,82.7,False,positional,,,Objets d'art,,
BO0624_81813,140455,581,584,"Petit encadrement en buis artistement sculpte par J. Spagiari, decor de festons.",1118.0,97.5,False,positional,,,Objets d'art,,
BO0624_81813,140456,582,585,"Petite bomboniere en émail bleu,avec decor polychrome.",1119.0,94.4,False,positional,,,Objets d'art,,
BO0624_81813,140457,583,586,"Napoleon, statuette en bronze sur une colonne decore de festons.",1120.0,96.9,False,title_direct,,,Bronzes,,
BO0624_81813,140458,584,587,Deux elegants et petits monocles en nacre de perle avec pierres.,1121.0,96.9,False,positional,,,Objets d'art,,
BO0624_81813,140459,585,588,"Quatre bagues decorees de strass,XVIlI siecle.",1122.0,95.7,False,positional,,,Objets d'art,,
BO0624_81813,140460,586,589,"Le martyre de Saint Sebastien,peinture a guache,cadre de Pepoque,XVIl siecle.",1123.0,97.4,False,positional,,,Objets d'art,,
BO0624_81813,140461,587,590,"L'Annonciation,fine composition sur cuir repousse,cadre en cuir, traces de dorure, beau et rare specimen de 1 art de la Renaissance; m. 0.40X0.28.",1124.0,98.6,False,positional,,,Objets d'art,,
BO0624_81813,140462,588,591,"DEARE JOHN, 1760-1798, Buste d'une jeune personne, vive sculpture en marbre, pleine de sentiment et d'expression.",1125.0,78.2,False,positional,,,Objets d'art,,Sec. XVIII
BO0624_81813,140463,589,592,Lot de deux encadrements en argent et plaquette en bois avec incrustation de nacre de perle.,1127.0,92.7,False,positional,,,OGGETTI IN LEGNO,,
BO0624_81813,140464,590,593,"BONOMI F.,Portrait de Dante,cuir repousse,signé. F.Bonomi,artiste distingue,modenais,du XVI siecle.Voir Tiraboschi: Notizie degli artisti.",1129.0,98.5,False,positional,,,Objets d'art,,Sec. XVI
BO0624_81813,140465,591,594,"La Vierge avec l'Enfant, fine miniature sur parchemin, signee “Palude faciebat - 1764"", cadre en ebene.",1130.0,85.5,False,positional,,,MINIATURE,,Sec. XVIII
BO0624_81813,140466,592,595,"Garniture complete pour lit,composee de quatorze pieces de damas rouge avec ornements en velours de Genes, conservation parfaite,XVII siecle.",1132.0,98.6,False,positional,,,OGGETTI VARI,,
BO0624_81813,140467,593,596,"Bel eventail en parchemin,avec monture en nacre de perle decor de figures, surle parchemin,miniature representante le triomphe d’amour,XVIlI siecle.",1133.0,67.8,False,positional,,,MINIATURE,,
BO0624_81813,140468,594,597,"Eventail avec monture a vernis-martin, decore de figures et feurs, XVIlI siecle.",1135.0,97.5,False,positional,,,Objets d'art,,
BO0624_81813,140469,595,598,"Deux petits eventails avec monture en bronze dore et avec paysage,epoque Empire.",1136.0,97.5,False,positional,,,Objets d'art,,
BO0624_81813,140470,596,599,"Deux eventails avec paillettes d’or et batons en écaille, epoque Empire.",1137.0,97.2,False,positional,,,Objets d'art,,
BO0624_81813,140471,597,600,"Couverture de lit en damas jaune,XVII siecle,belle conservation.",1138.0,96.9,False,positional,,,Objets d'art,,
BO0624_81813,140472,598,601,Merlet brode sur tulle; m.0.46X4.35.,1139.0,94.4,False,positional,,,Objets d'art,,
BO0624_81813,140473,599,602,"Montre en or finement cisele, double caisse decore d'un email representant un idylle (Delisle et P. Moricaud), époque Louis XVI.",1140.0,98.4,False,positional,,,Objets d'art,,
BO0624_81813,140474,600,603,"Tete de vieux,vigoureuse sculpture en marbre remarquable pour la bonne execution et la vive expression, XV siecle.",1141.0,45.2,False,positional,,,Objets d'art,,Sec. XV
BO0624_81813,140475,601,604,"BEGARELLI ANT.,Flore,sculpture en marbre,XVI siecle.",1142.0,41.5,False,positional,,,Objets d'art,,
BO0624_81813,140476,602,605,"Montre en argent cisele sur le cadrant calendrier, epoque Empire.",1143.0,96.9,False,positional,,,Objets d'art,,
BO0624_81813,140477,603,606,"JACOPO DELLA QUERCIA,1371-1438,La Vierge avec lEnfant, superbe terrecuite polychrome,vrai bijou d'art toscan, de parfaite conservation,remarqua ble 1'exactitude du dessin,la grande et puissante expression,veritable piece de Musee.",1145.0,95.6,False,positional,,,Objets d'art,,Sec. XV
BO0624_81813,140478,604,607,Petite pendule en bronze doré.,1146.0,33.3,False,positional,,,Objets d'art,,
BO0624_81813,140479,605,608,"Montre en bronze cisele avec petit émail, époque Louis XVI.",1147.0,39.4,False,positional,,,Objets d'art,,
BO0624_81813,140480,606,609,"Porte-parfum en cristal, riche decoration en argent cisele,XVIlI siecle.",1148.0,95.9,False,positional,,,Objets d'art,,
BO0624_81813,140481,607,610,"La Madone du lait, bas-relief en stuc polychrome, art toscan du XV siecle; metres 0,77X0,63.",1149.0,28.6,False,positional,,,BASSORILIEVI,,Sec. XV
BO0624_81813,140482,608,611,"Beau encadrement en buis finement sculpte par J. Spagiari, riche feuillage.",1150.0,95.4,False,positional,,,Objets d'art,,
BO0624_81813,140483,609,612,"Petite bomboniere en émail vert decore de feurs,XVIlI siecle.",1151.0,40.8,False,positional,,,Objets d'art,,
BO0624_81813,140484,610,613,"Porte-bijoux representant un Victoire qui porte un feston,bronze finement ciselé.",1152.0,40.8,False,positional,,,BIGIOTTERIA,,
BO0624_81813,140485,611,614,"Petit etui en cuir grave et dore a petits fers, art oriental,XVI siecle.",1153.0,95.2,False,positional,,,Objets d'art,,
BO0624_81813,140486,612,615,"Napoleon a Saint Helene,petite statuette en bronze cisele et dore, socle en marbre noir.",1154.0,96.1,False,positional,,,Objets d'art,,
BO0624_81813,140487,613,616,"Deux miniatures sur ivoire,portrait de dame et la Madone, monture en or.",1155.0,95.2,False,positional,,,MINIATURE,,
BO0624_81813,140488,614,617,"Boite en buis finement sculpte,representant une caricature.",1156.0,94.3,False,positional,,,SCATOLE,,
BO0624_81813,140489,615,618,"Grand et beau coffre a mariage, meuble en noyer finement decore et marqueterie a linterieur,a lexterieur riche decoration en fer finement ciselé,art du XV siecle.",1157.0,70.9,False,positional,,,BAULI,,Sec. XV
BO0624_81813,140490,616,619,"MATTEO FORNARI,XVII siecle,petite peinture ovale sur cuivre.",1158.0,94.4,False,positional,,,Objets d'art,,
BO0624_81813,140491,617,620,"Francois IV duc de Modene,miniature sur ivoire,cadre en bronze dore.",1160.0,95.0,False,positional,,,MINIATURE,,
BO0624_81813,140492,618,621,"Grand armoire richement sculpte, style Renaissance; m.2.60X2.",1161.0,58.6,False,positional,,,Objets d'art,,
BO0624_81813,140493,619,622,"Grande et belle table a deux tiroir,en noyer finement sculpte,avec ornements et mascarons, style Renaissance; m.2.70X1.05.",1162.0,58.6,False,positional,,,OGGETTI VARI,,
BO0624_81813,140494,620,623,"Six chaises en noyer sculpte,XVI siecle.",1163.0,91.8,False,positional,,,Objets d'art,,
BO0624_81813,140495,621,624,"Eventail en tortue, decoration peinte de feurs et festons dores, epoque Empire.",1165.0,97.4,False,positional,,,Objets d'art,,
BO0624_81813,140496,622,625,"Curieuse couverture en soie, composee de vingt-neuf pieces d’ etoffe imprimee avec des vers se referant a des personnages de Reggio, XVIlI siecle.",1166.0,60.2,False,positional,,,Objets d'art,,
BO0624_81813,140497,623,626,Beau merlet a rete;m.0.13X2.75.,1169.0,93.8,False,positional,,,Objets d'art,,
BO0624_81813,140498,624,627,"Montre en bronze dorè avec email (Colladon, Geneve), epoque Luis XVI",,0.0,True,none,,,,,
BO0624_81813,140499,625,628,Centre de sarcophage romain en marbre avec le portrait de femme.,1170.0,96.9,False,positional,,,Objets d'art,,
BO0624_81813,140500,626,629,"Montre en bronze dore avec émail, parfaite conservation, époque Louis XVI.",1171.0,97.3,False,positional,,,Objets d'art,,
BO0624_81813,140501,627,630,"Montre en bronze cisele et dore decore d'émail, époque Louis XV.",1172.0,96.9,False,positional,,Periodo di Luigi XV,Objets d'art,,
BO0624_81813,140502,628,631,Lot d’un porte-feuille et d’ une bomboniere en ivoire.,1173.0,96.3,False,positional,,,Objets d'art,,
BO0624_81813,140503,629,632,"Fourchette, cuillere et couteau avec manche en agathe, etui en cuire grave, XVI siecle.",1174.0,93.3,False,positional,,,Objets d'art,,Sec. XVI
BO0624_81813,140504,630,633,"Emboiture en bois, finement sculpte par J. Spagiari.",1176.0,96.1,False,positional,,,OGGETTI IN LEGNO,,
BO0624_81813,140505,631,634,"Beau et legant tapis persan, riche decoration polychrome de feurs sur fond rouge, XV siecle.",1177.0,90.8,False,positional,,,Objets d'art,,Sec. XV
BO0624_81813,140506,632,635,"Beau et legant tapis persan, riche decoration polychrome de fleurs sur fond rouge, XV siecle.",1178.0,90.9,False,positional,,,Objets d'art,,Sec. XV
BO0624_81813,140507,633,636,Petite bomboniere en email bleu.,1179.0,93.9,False,positional,,,Objets d'art,,
BO0624_81813,140508,634,637,"Deux eventails en ecaille finement a-jouree, 1’un de forme ronde avec glace et lunette a longue vue, epoque Empire.",1180.0,81.6,False,positional,,,Objets d'art,,
BO0624_81813,140509,635,638,"Clef de chambellan en bronze dore avec le monogramme de Francois Joseph,focon en argent doré.",1182.0,87.1,False,positional,,,Objets d'art,,
BO0624_81813,140510,636,639,Porte billets en marqueterie et peigne en bronze avec pierres.,1184.0,96.8,False,positional,,,Objets d'art,,
BO0624_81813,140511,637,640,"Pipe en bois sculpte decoré d'un lion abattant un crocodrile surmonte de deux aigles avec un petit portrait de Napoléon dans un medaillon, monture en argent,le couvercle forme par un casque surmonte d’un dragon.",1185.0,84.2,False,positional,,,OGGETTI IN LEGNO,,
BO0624_81813,140512,638,641,Quatre bagues avec strass.,1187.0,92.6,False,positional,,,Objets d'art,,
BO0624_81813,140513,639,642,"Portraits de Raymond Montecuccoli, cuir repousse,XVII siecle; m.0.42X0.22.",1188.0,97.3,False,positional,,,Objets d'art,,
BO0624_81813,140514,640,643,"MELLAN G.,Tete du Redempteur,curieuse et bonne gravure,interessante pour la tecnique, cadre en bois.",1189.0,82.6,False,positional,,,OGGETTI IN LEGNO,,
BO0624_81813,140515,641,644,"La Madone et les mysteres de Saint Francois, miniature sur parchemin.",1191.0,97.1,False,positional,,,MINIATURE,,
BO0624_81813,140516,642,645,Eventail décore de feurs et monture a jour.,1192.0,95.5,False,positional,,,Objets d'art,,
BO0624_81813,140517,643,646,"Belle couverture en soie a rayures, epoque Empire.",1193.0,96.0,False,positional,,,Objets d'art,,
BO0624_81813,140518,644,647,Fin merlet “a rete ancien; m. 0.30X4.60.,1194.0,94.7,False,positional,,,Objets d'art,,
BO0624_81813,140519,645,648,"Montre en or avec ornements en or et pierre, cadrant en argent, epoque Empire.",1195.0,97.4,False,positional,,,OGGETTI VARI,,
BO0624_81813,140520,646,649,"Montre en bronze cisele et doré, decore d’ émail et strass, epoque Louis XVI.",1196.0,97.3,False,positional,,,Objets d'art,,
BO0624_81813,140521,647,650,"Montre a double caisse en argent de forme curieuse et écaille (Seb. Dauman), XVIII siecle.",1197.0,97.7,False,positional,,,Objets d'art,,Sec. XVIII
BO0624_81813,140522,648,651,"Coupe en bronze cisele soutenue par une petite Victoire, sur le plat une bataille, epoque Empire.",1198.0,89.9,False,positional,,,PIATTI,,
BO0624_81813,140523,649,652,"Benitier en argent repousse et cisele, style Louis XV; gr.120.",1200.0,96.7,False,positional,,Periodo di Luigi XV,Objets d'art,,
BO0624_81813,140524,650,653,Empoignure de sceau en buis artistement sculpte par J. Spagiari.,1201.0,95.4,False,positional,,,Objets d'art,,
BO0624_81813,140525,651,654,"Ciseaux avec étui en fer grave,XVI siecle,rare.",1202.0,95.8,False,positional,,,Objets d'art,,
BO0624_81813,140526,652,655,Deux paires de lorgnettes en bronze dore et ecaille.,1203.0,96.2,False,positional,,,Objets d'art,,
BO0624_81813,140527,653,656,Trois idoles chinois en ivoire finement sculpte.,1204.0,94.0,False,positional,,,Objets d'art,,
BO0624_81813,140528,654,657,Boite en laque avec le portrait de Charles Albert.,1205.0,94.2,False,positional,,,SCATOLE,,
BO0624_81813,140529,655,658,"Bague en or avec turquoise, XVIll siecle.",1206.0,92.9,False,positional,,,Objets d'art,,
BO0624_81813,140530,656,659,"Petit coffret en bois peint a laque avec incrustations en nacre de perle, XVIII siecle.",1207.0,96.0,False,positional,,,OGGETTI IN LEGNO,,Sec. XVIII
BO0624_81813,140531,657,660,"Petit coffret en bois et ivoire,XVI siecle.",1208.0,92.3,False,positional,,,OGGETTI IN LEGNO,,
BO0624_81813,140532,658,661,"Petit coffret en noyer d'Inde, decoration de fine incrustation en ivoire et pierres dures,XVI siecle,m.0.38X0.42.",1209.0,91.4,False,positional,,,Objets d'art,,
BO0624_81813,140533,659,662,"Beau coffre en ebene en forme de temple,avec nombreux tiroirs,riche decoration en bronze dore et argent repousse,pierres dures et fines statuettes en ivoire et bronze, le meuble est soutenu par des lions en bronze, XVI siecle.",1210.0,81.7,False,positional,,,BAULI,,Sec. XVI
BO0624_81813,140534,660,663,Porte-fleur a suspension en bronze a jour decore de fleurs et oiseaux.,1217.0,97.2,False,positional,,,Objets d'art,,
BO0624_81813,140535,661,664,"La descente de la croix, belle plaquette en cuivre repousse, cadre artistement",1218.0,97.4,False,positional,,,Objets d'art,,
BO0624_81813,140536,662,665,"Plat chinois en cuivre repousse, decoration polychrome de figures.",1220.0,97.0,False,positional,,,PIATTI,,
BO0624_81813,140537,663,666,"Belle pendule en forme de bigue en bronze cisele et dore, socle en marbre, epo-",1222.0,97.4,False,positional,,,Objets d'art,,
BO0624_81813,140538,664,667,"Marie Madeleine,bel email signe par G. Nonalher a Limoges,belle conservation.",1223.0,97.4,False,positional,,,Objets d'art,,
BO0624_81813,140539,665,668,"Deux petits eventails,epoque Empire.",1224.0,94.6,False,positional,,,Objets d'art,,
BO0624_81813,140540,666,669,Belle portiere finement brodee en soie avec cornucopes et ornements.,1225.0,97.1,False,positional,,,OGGETTI VARI,,
BO0624_81813,140541,667,670,Beau merlet a 1aiguille;m.0.19X3.90.,1226.0,94.6,False,positional,,,Objets d'art,,
BO0624_81813,140542,668,671,"Montre en or cisele avec decoration en pierre et petits emaux, epoque Empire.",1227.0,97.4,False,positional,,,Objets d'art,,
BO0624_81813,140543,669,672,"Don Celestino Cavedone,numismate de Modene,beau buste en terrecuite.",1228.0,97.1,False,positional,,,Objets d'art,,
BO0624_81813,140544,670,673,Deux tetes en marbre ancien.,1229.0,93.1,False,positional,,,Objets d'art,,
BO0624_81813,140545,671,674,"Montre a double caisse en argent cisele, epoque Louis XVI",1230.0,68.5,False,positional,,,Objets d'art,,
BO0624_81813,140546,672,675,"Montre en argent a double caisse, époque Louis XV.",1231.0,68.5,False,positional,,Periodo di Luigi XV,Objets d'art,,
BO0624_81813,140547,673,676,"Benitier en argent repousse et finement cisele, au centre figure de Saint Joseph; gr.200.",1232.0,93.5,False,positional,,,Objets d'art,,
BO0624_81813,140548,674,677,"Encrier en argent decore de festons, style Louis XV; gr. 325.",1236.0,96.6,False,positional,,Periodo di Luigi XV,Objets d'art,,
BO0624_81813,140549,675,678,"Elegante couverture de liure en argent repousse et cisele,XVII siecle, decoree de medaillons et ornements.",1237.0,98.1,False,positional,,,OGGETTI VARI,,
BO0624_81813,140550,676,679,"Diane surprise par Acteon,bas-relief en ivoire.",1238.0,95.8,False,positional,,,BASSORILIEVI,,
BO0624_81813,140551,677,680,"Boite en laque avec les portrait de Charles Albert,Pie IX et Leopold de Toscane.",1239.0,97.5,False,positional,,,SCATOLE,,
BO0624_81813,140552,678,681,"Coffret en ébene avec nombreux tiroirs, le meuble est decore de plaques en verre eglomise avec de perspectives; m.0.60X0.92; XVI siecle.",1240.0,80.5,False,positional,,,Objets d'art,,Sec. XVI
BO0624_81813,140553,679,682,"Coffret en ébene et écaille,nombreux tiroirs et secrets, fine decoration en bronze cisele avec statuettes et mascarons, conservation parfaite; m. 0.65X1.05; XVI siecle.",1241.0,94.7,False,positional,,,Objets d'art,,Sec. XVI
BO0624_81813,140554,680,683,Boite en ivoire avec medaillon en bronze dore representant le tombeau de Napoleon.,1243.0,97.6,False,positional,,,SCATOLE,,
BO0624_81813,140555,681,684,Boite en racine avec le portrait de Napoleon premier consul.,1244.0,96.7,False,positional,,,SCATOLE,,
BO0624_81813,140556,682,685,"Bague en or avec cristal, XVIlI siecle.",1245.0,94.9,False,positional,,,Objets d'art,,
BO0624_81813,140557,683,686,"Panneaux avec vases de feurs,XVIlI siecle, deux fines broderies en soie,parfaite conservation, cadres sculptes;m.0.30X0.18.",1246.0,98.4,False,positional,,,PANNELLI,,
BO0624_81813,140558,684,687,"Deux panneaux en soie brodes d' argent, XVIlI siecle, representant des sujets mytologiques.",1247.0,97.8,False,positional,,,PANNELLI,,
BO0624_81813,140559,685,688,"Grand plat chinois en cuivre repousse, decoration polychrome de figures.",1248.0,97.2,False,positional,,,PIATTI,,
BO0624_81813,140560,686,689,"Eventail en nacre de perle, decore de turquoise.",1249.0,95.8,False,positional,,,Objets d'art,,
BO0624_81813,140561,687,690,"FONTANESI ANTOINE,Vingt dessins,signes.",1256.0,95.0,False,title_direct,,,Dessins,,
BO0624_81813,140562,688,691,"GANDOLFI etRIZZOLI,Lot de trois dessins.",1258.0,95.1,False,title_direct,,,Dessins,,
BO0624_81813,140563,689,692,Lot de trentetrois dessins de diverses epoques et auteurs.,1260.0,96.6,False,title_direct,,,OGGETTI VARI,,
BO0624_81813,140564,690,693,Lot de vingtsix dessins d’ auteurs divers.,1262.0,95.2,False,title_direct,,,Dessins,,
BO0624_81813,140565,691,694,"GIORDANO L.,XVII siecle,Danae et épisode biblique,beau dessin signé.",1264.0,97.1,False,title_direct,LUCA GIORDANO,,Dessins,,
BO0624_81813,140566,692,695,"GUERCINO, Paysage avec figures, beau dessin.",1266.0,95.3,False,positional,GUERCINO,,Dessins,,
BO0624_81813,140567,693,696,"PASSAROTTI T.,Tetes,trois beaux dessins.",1268.0,95.0,False,title_direct,,,Dessins,,
BO0624_81813,616183,694,697,"GUERCINO,Tete de femme,dessin.",1270.0,93.5,False,positional,GUERCINO,,Dessins,,
BO0624_81813,616200,695,698,"ROSA SALV.,Paysage,beau dessin, signé.",1272.0,94.6,False,positional,ROSA SALVATOR,,Dessins,,
BO0624_81813,616201,696,699,"ECOLE BOLONAISE,La Madone sur le throne.",1274.0,95.1,False,positional,,Scuola Bolognese,Dessins,,
BO0624_81813,616202,697,700,"ORSI LELIO de Novellara,Allegorie,deux beaux dessins. Ces deux dessins ont étepubliespar A.Venturi sur L'Arte.",1276.0,98.2,False,title_direct,,,Dessins,,
BO0624_81813,616206,698,701,"TIEPOLO (ecole), Sujet allegorique, belle esquisse pour un plafond.",,0.0,True,none,TIEPOLO DOMENICO,,,,
BO0624_81813,616207,699,702,"POLYDORE de Caravaggio,Allegorie,beau dessin.",1278.0,95.7,False,positional,CARAVAGGIO,,Dessins,,
BO0624_81813,616208,700,703,"Initiales,curieuse étude.",1280.0,92.3,False,positional,,,Dessins,,
