catalogue_id,chunk_db_id,chunk_id,num,title,matched_line,match_score,low_confidence,entity_match_method,artist,school,object_type
BO0624_4399,24714,1,1,"MARs ET LA VICTOIRE, par Moderno. Plaquette rectangulaire en bronze.",201.0,95.0,False,positional,,,Emaux peints
BO0624_4399,24715,2,2,JEUx D'AMoURs.Deux plaquettes en bronze. Ecole de Donatello.,207.0,82.3,False,positional,,,Emaux peints
BO0624_4399,24716,3,3,"LE CHRIST DEVANT PILATE et LA FLAGELLATIoN, deux plaquettes en bronze. Petits ovales.",211.0,97.1,False,positional,,,Emaux peints
BO0624_4399,24717,4,4,LA MIsE AU TOMBEAU. Deux plaquettes en,215.0,93.7,False,positional,,,Emaux peints
BO0624_4399,24718,5,5,"LA CRUCIFIxION,par Moderno.Plaquette en bronze.",223.0,86.9,False,positional,,,Emaux peints
BO0624_4399,24719,6,6,"BUSTE DE JEUNE-HOMME, plaquette ovale en bronze.",229.0,84.1,False,positional,,,Emaux peints
BO0624_4399,24720,7,7,"LA REsURRECTIoN, plaquette en bronze.",236.0,90.9,False,positional,,,Emaux peints
BO0624_4399,24721,8,8,"HERCULE ET ANTEE,plaquette en bronze. Haut.M.o.07-Larg.M.o.06. Molinier N.202.",242.0,63.5,False,positional,,,Emaux peints
BO0624_4399,24722,9,9,"HERCULE ET LE LION DE NEMEE,plaquette en bronze.",246.0,74.0,False,positional,,,Emaux peints
BO0624_4399,24723,10,10,"DIANE, plaquette ovale en bronze. o bis. MARs ET VENUs surpris par Vulcain. Plaquette octogonale en bronze.XVIe siecle.",258.0,69.2,False,positional,,,Emaux peints
BO0624_4399,24724,11,11,"LA MIsE AU ToMBEAU, plaquette en bronze. Signee M.(Moderno).",264.0,77.2,False,positional,,,Emaux peints
BO0624_4399,24725,12,12,"LEGENDE DU ROI DE MERCIE, Plaquette ronde en bronze dore. bis. LEs DIoscuREs devant Jupiter dans 1'Olympe. Plaquette oblongue a coins arrondis. XVIe siecle,",,56.0,True,none,,,
BO0624_4399,24726,13,13,TABATIERE rectangulaire en tortue avec ornements en relief.Monture en metal dore. Louis XV.,283.0,86.6,False,positional,,,Emaux peints
BO0624_4399,24727,14,12bis,"LEs DIoscuREs devant Jupiter dans 1'Olympe. Plaquette oblongue a coins arrondis. XVIe siecle,  Long.M.o.18-Haut.o.o8. Voir illustration,planche46.",,47.6,True,none,,,
BO0624_4399,24728,15,14,"TABATIERE rectangulaire, decoree sur le couvercle,au pourtour et a la partie infe rieure de masques italiens et d'ornements en couleurs sur fond blanc. Monture en metal dore. Vieille faience de Castelli. XVIIle siecle.",287.0,90.5,False,positional,,,Emaux peints
BO0624_4399,24729,16,15,"TABATIERE rectangulaire, en email blanc, avec guilloches dores. Monture en metal dore. Vieux Saxe.",897.0,60.9,False,positional,,,Meubles
BO0624_4399,24730,17,16,"PETITE BOMBONNIERE a cOquille,en por celaine blanche. Sur le couvercle et tout au tour des petits medaillons a sujets militaires et de marine en camaieu violet entoures d'arabesques et fleurs dorees et en couleurs. Le couvercle est orne d'une petite frise a rinceaux et rosaces en couleur rouge et a la partie inferieure est representee une villa avec un joueur de clari nette et une dame dansant. Au dessous, la boite est emaillee en bleu avec feurs et feuilles en couleurs et ornements dores. Monture en argent dore. Vieux Venise. Etui en peau noire et ornements dores.",,57.0,True,none,,,
BO0624_4399,24731,18,17,"BoiTE circulaire en acier bleui offrant sur les deux faces et tout au tour une riche ornementation de rinceaux feuillagesetfleuris,ajoures.Travail forentin du XVIe siecle.",,52.4,True,none,,,
BO0624_4399,24732,19,18,"PETITE BoITE ovale en cuivre dore,ornee de rinceaux feuillages et feuris ou jouent des oiseaux.Travail francais.Objet rare et admirablement cisele. Louis XIV.",,55.2,True,none,,,
BO0624_4399,24733,20,19,"TABATiERE ronde en ivoire,le couvercle orne d'une miniature sur ivoire,representant le portrait d'une belle jeune femme, vue a demi-corps, decolletee, son corsage garni de gaze et tenant dans les mains de la musique. Travail francais. Epoque Louis XVI.",,51.3,True,none,,,
BO0624_4399,24734,21,20,TABATIERE en jaspe sanguin et or. Monture de Beche.Etui en chagrin noir.Epoque,,45.0,True,none,,,
BO0624_4399,24735,22,21,"TABATIERE en cristal de roche,forme oblongue,cintree aux extremites;portrait de jeune dame grave sur le couvercle. Monture en or. Louis XV.",,50.0,True,none,,,
BO0624_4399,24736,23,22,"MoRTIER en bronze, avec deux anses formees par des cariatides a tetes de femmes et orne au pourtour de figures,de feuilles et de fleurs en relief. XVIIe siecle.",2104.0,67.7,False,positional,,,Etoffes; Tapis
BO0624_4399,24737,24,23,"DEUx AIGLES, d'une griffe appuyes sur un globe et de l'autre soutenant un ecusson.",,49.7,True,none,,,
BO0624_4399,24738,25,24,"ENcRIER triangulaire en bronze.Les angles decores de tetes de lions et de feuilles d'acanthe, terminant dans le bas a volute, et de mascarons avec ornements en relief BaccHUs,ivre,tenant une grappe de raisin dans la main gauche. Bronze du XVII siecle.",,56.8,True,none,,,
BO0624_4399,24739,26,25,SAINT GEORGEs tuant a coups de lance le Dragon renverse. Groupe en bronze sur base rectangulaire supportee par quatre griffes de lions. Dan le bas un tiroir dans lequel se trouvent places un encrier et un sablier. Patine verte foncee. XVIe siecle.,,50.3,True,none,,,
BO0624_4399,24740,27,26,"DEUx FEMMEs,drapees,a demi couchees sur un sofa et soutenant une corbeille de feurs. Pieces de decoration pour chenets. Bronze dore. Louis XVI.",,48.9,True,none,,,
BO0624_4399,24741,28,27,"JEUNE-HOMME nu, soulevant un vase. Base",,40.9,True,none,,,
BO0624_4399,24742,29,28,PETIT MORTIER en bronze a deux anses a,,51.5,True,none,,,
BO0624_4399,24743,30,29,"CHEVAL en bronze, au moment ou il franchit l'obstacle. Base rectangulaire en mar- bres colories. XVIe siecle.",,50.3,True,none,,,
BO0624_4399,24744,31,30,DEUX MARTEAUX DE PORTE.Les anneaux formes par deux serpents avec des mascarons au centre. Bronzes du XVIe siecle. Haut.M.o.15.,,48.5,True,none,,,
BO0624_4399,24745,32,31,"ENcRIER triangulaire en bronze, supporte par trois pattes de lions, surmontees de volutes.Ia frise ornee de palmettes en relief. Sur le couvercle un amour soutenant un écusson. XVIe siecle.",3815.0,60.9,False,positional,VAN LOO,,
BO0624_4399,24746,33,32,"BaccHUs, ivre, tenant une grappe de raisin dans la main gauche. Bronze du XVII siecle.  Haut.M.o.05. Voir illustration,planche 43.",,47.4,True,none,,,
BO0624_4399,24747,34,33,"ATLAs appuye sur le genou droit et le bras droit en l'air. Statuette en bronze,belle patine foncee. Belle piece du XVIe siecle.",,58.1,True,none,,,
BO0624_4399,24748,35,34,"VAsE de pharmacie a cylindre ressere au milieu, decore d'un buste de femme et d'ornements de branches feuillagees. Fabrique de Faenza. XVIe siecle.",,51.3,True,none,,,
BO0624_4399,24749,36,35,"LE TRIOMPHE DE GALATEE. Brique rectangulaire en faience emaillee de couleurs. Fabrique de Castelli, Abruzzi.XVIIIe siecle.",,49.3,True,none,,,
BO0624_4399,24750,37,36,"DEUXJARDINIERES,forme octogonale,decor or,fleurs et ornements en couleurs sur fond blanc. Monture en metal. XVIlle siecle.",,51.0,True,none,,,
BO0624_4399,24751,38,37,PLAT circulaire a piedouche. Un medaillon rond offrant un petit amour en bleu forme le centre de la decoration a ecailles polychromes a relief. Fabrique d'Urbino. Seconde moitie du XVI siecle.,,48.0,True,none,,,
BO0624_4399,24752,39,38,"VasE sur pied,a panse spherique et a large rangees superposees.Decorbleu,jaune,t et manganese. Faience de Faenza. XV siecle",,41.8,True,none,,,
BO0624_4399,24753,40,39,"GRAND-PLAT creux a bord etroit. Representant: La manne dans le desert.Moise fait venir la manne du ciel pour le peuple d'Israel qui la recueille. Fond de paysage, mulets charges de la manne benie, campements des Juifs. Dans les airs ecusson avec trois roses et un corbeau. Au revers linscription:Il popolo et Mose raccolgono la manna nel deserto. Fabrique d'Urbino. Atelier des Fontana. Fin du XVIe siecle.  Diam.M.0.42.  Voir illustration,planche 34.",,47.3,True,none,,,
BO0624_4399,24754,41,40,AssiETTE a large marli representant Alexandre et Diogene. Alexandre est a cheval accompagne de plusieurs personnages et parle avec Diogene assis dans son tonneau. Beau decor polychrome. Au revers 1'inscription tracee en bleu:《Alisandro Magnio 》 et la date 1543 et au dessous la marque FX Vrbino. Belle piece du maitre Francois Xanto da Rovigo.,,45.7,True,none,,,
BO0624_4399,24755,42,41,"GRAND-PLAT creux a bord festonne. Au centre un vase avec des fleurs, tout au tour des paysages avec animaux,repetes en trois reserves divisees par des compartiments a bandes menues,chargees de feurs et quadrillages. Decor bleu et rouge rehausse d'or.Porcelaine, vieux Japon.",,49.5,True,none,,,
BO0624_4399,24756,43,42,"SERvIcE a cafe et chocolat compose de 24tasses,12 soucoupes et un sucrier en porcelaine blanche,ornee de medaillons a petits personnages sur fond de paysage. Decor polychrome et dorures.Vieux Venise.",,49.4,True,none,,,
BO0624_4399,24757,44,43,"VAsE de pharmacie, forme cylindrique,resserre au milieu, decore de bandes croisees, formant des losanges a fond clair avec fleurs au centre. Email vert, jaune ocre et manganese. Cafaggiolo.",,52.6,True,none,,,
BO0624_4399,24758,45,44,"PETIT PLAT creux a large bord dit tondino, au centre une sainte martyre, dé core sur le marli de grotesques en bianco fisso sur fond bleu sombre. Au verso des arabesques bleus sur fond bleu clair. Au centre la marque 《C. Pirota &gt;. Epoque: vers 1530.",,56.5,True,none,,,
BO0624_4399,24759,46,45,"PLAT creux sur piedouche dit 《fruttiera 》 a godrons et festons echancres. Au centre, sur lombilic saillant,a fond jaune, buste d'Heros drape,vu de profl a gauche; sur une banderole linscription: Oracio &gt;.Au pourtour, decor en jaune et bleu sur fond blanc. Piece superbe de couleur et de brillant. Fabrique de Faenza. Vers 1540.",,48.6,True,none,,,
BO0624_4399,24760,47,46,"ALEXANDRE TURCHI  （dit lOrbetto,158o-1650). VENUS AU BAIN. Peinture d'invention originale. Cadre en bois sculpte et dore.",,46.7,True,title_direct,ALEXANDRE TURCHI,,
BO0624_4399,24761,48,47,FRANCOIS ZUCCARELLI.  (1702-1788). DEUx PAYSAGES avec fgures (pendant). Peinture sur toile. Tres beaux cadres en,,42.0,True,title_direct,FRANCOIS ZUCCARELLI,,
BO0624_4399,24762,49,48,"LAURENT COSTA.  (1530). L'ADORATION DES BERGERs. La Vierge et Saint Joseph a droite,les berger a gauche adorent leDivin Enfant;dans le fond trois anges agenouilles chantentl' Hosanna.Fond de paysage,bel effet de lumiere et tres bon bis. SAINTE FAMILLE. Figures a demi corps. Dessin ferme et precis,nuances monochromes dans le vetement de laVierge.Piece interessant. Peinture sur bois.",,47.4,True,title_direct,,,Dessins
BO0624_4399,24763,50,49,"ROSALBA CARRIERA.  (1675-1757). PoRTRAIT de femme (buste). Representee de trois quarts a droite,coiffure poudree et frisee a petites boucles et ornee d'un bijou en brillants,robe decolletee en brocart blanc a grandes feurs de couleurs,fermee sur le devant par des agrafes en pierreries, laissant a decouvert le corsage garni de guipure de Venise,manteau bleu tombant",,49.4,True,none,,,
BO0624_4399,24764,51,48bis,"MATHURIN DE FLORENCE.  (XVI siecle). - 48 bis. SAINTE FAMILLE. Figures a demi corps. Dessin ferme et precis,nuances monochromes dans le vetement de laVierge.Piece interessant. Peinture sur bois.  HautM. 0.53X0.40.",,44.8,True,title_direct,,,Dessins
BO0624_4399,24765,52,50,ROSALBA CARRIERA.  (1675-1757). PoRTRAIT d'homme de lettres. Cadre en ebene,,46.4,True,none,,,
BO0624_4399,24766,53,51,MARC PALMEZZANO.  (1540). LE REDEMPTEUR la main levee en benissant. Fond d'architecture et paysage; a droite un petit cartouche avec la signature:《Marcus Palmezzanus&gt;.Sur bois.Cadre ancien en pastille.,,42.9,True,none,,,
BO0624_4399,24767,54,52,VITTORIO CARPACCIO.  (Ecole de XIVe-XVe siecle). LE CHEVAL DE TROIE.Fond d'architecture d'un tres bel effet et tres heureuse distribution des figures. Peinture sur toile.,,47.0,True,none,,,
BO0624_4399,24768,55,53,"SIMONE MARTINI  （dit Sinon Memmi,1280-1344）. PANNEAU central de grand retable a fond dore,orne de petites colonnes torses soutenant un arc ogive avec ornements et surmonte de cuspide. Au centre Saint Antoine Eveque de la Thebaide,represente de face, assis sur un siege bas, garni d'un coussin de brocart plein or,tient a la main droite un livre qu'il appuie sur les genoux et de le gauche le tau. Deux anges avec des instruments musicaux sont agenouilles a droite et a gauche devant le Saint. Audessus deux autres anges soutiennent une draperie en brocart a feurons dores qui couvre presque entierement le fond du panneau. Dans lentablement, au centre d'un medaillon trilobe, le Pere Eternel.",,49.2,True,none,,,
BO0624_4399,24769,56,54,ECOLE DU TITIEN. LA SAINTE FAMILLE. Figures a demi corps.,,45.5,True,none,,,
BO0624_4399,24770,57,55,ECOLE ANGLAISE.  (Commencement du XIX siecle). PORTRAIT D'ANTOINE CANOVA. Cadre en bois sculpte et dore.,,45.6,True,title_direct,,ECOLE ANGLAISE,
BO0624_4399,24771,58,56,"G.VAN WITTEL  (dit Vanvitelli,1647-1736). SoUVENIR DE TIvol.I.L'Aniene formant la grande cascade,au dessus Tivoli. Chutes d'eau (le Cascatelle). Deux petits tableaux formant pendant. Cadres dores.",,38.0,True,title_direct,G.VAN WITTEL,,Tableaux
BO0624_4399,24772,59,57,"J.B.LE PRINCE.  (1733-1781). SAINTE FAMILLE. La Vierge est representee assise de face aupres d'une construction a colonnes,vetue de blanc avec un grand manteau bleu qui vient se draper sur ses genoux; la tete est enveloppee d'une echarpe. Elle tient entre les mains une colombe et regarde en souriant l'Enfant qui s'appuie aux genoux de la mere et se retourne vers le petit Saint Jean; celui-ci courbe la tete en adoration devant lui. Saint Joseph a droite de la Madonne se penche pour mieux contempler. Paysage au fond.",,55.2,True,title_direct,J.B.LE PRINCE,,
BO0624_4399,24773,60,58,TENIERS DAVID. UN PETIT PATINEUR. Aquarelle en couleurs. Joli cadre en bois dore et sculpte.,,48.5,True,title_direct,TENIERS DAVID,,
BO0624_4399,24774,61,59,TENIERS DAVID. UN CHEVALIER. A la plume. Cadre en bois noir.,,48.2,True,title_direct,TENIERS DAVID,,
BO0624_4399,24775,62,60,POLLAJOLO ANT. FEMME nue a cheval sur un lyon. A la plume. Cadre en bois sculpte.,,52.5,True,title_direct,POLLAJOLO ANT,,
BO0624_4399,24776,63,61,REMBRANDT. TROIs GRIFFONNAGEs. A la plume et a la sanguine. Cadres en bois dore et en bois noir.,,51.9,True,title_direct,REMBRANDT,,
BO0624_4399,24777,64,62,PRIMATICCIO. NYMPHES DE FoNTAINEBLEAU. A la Sanguine. Cadre en bois brun.,,46.4,True,title_direct,PRIMATICCIO,,
BO0624_4399,24778,65,63,"LE REDEMPTEUR. Tete nimbee, de profl a droite. Bas-relief rectangulaire en terre cuite, attribue a Michelozzo et trouve dans les demolitions du couvent de Montepulciano. XVI siecle.",,47.3,True,none,,,
BO0624_4399,24779,66,64,"SAINT SEBAsTIEN,les mains liees, attachees a un tronc d'arbre, expirant sous les coups de feches. Statuette en marbre blanc. XIVe siecle.",,49.4,True,none,,,
BO0624_4399,24780,67,65,"BENEDETTO DA ROVEZZANO. BENITIER quadrilobe,en marbe blanc,forme par quatre coquilles a striures menues et separees par quatre anges les ailes deployees,le ecorps termine en feuilled'acanthe. A l'interieur, les quatre coquilles sont ouvertes et sculptees artistiquement et completent la belle decoration de cemarbre. L'admirable modele des anges,l'elegante simplicite de forme de la coupe et la finesse d'execution la font attribuer au celebre maitre.",,47.9,True,none,,,
BO0624_4399,24781,68,66,"BENEDETTO DA ROVEZZANO. HAUT-RELIEF rectangulaire,representant sur trois rangs superposes une procession de huit saints,eveques,martyres etpapes, precedes de quatre anges.",,44.3,True,none,,,
BO0624_4399,24782,69,67,"G.L.BERNINI. L'ADORATION DE L'ENFANT JESUS.La Vierge au centre et un ange de chaque cote, sont agenouilles et adorent l'Enfant Jesus couché sur un petit banc recouvert de paille.Une gloire de tetes de seraphins entoure le nimbe de la Vierge et en haut des anges jettent des fleurs a pleines mains.",,50.3,True,none,,,
BO0624_4399,24783,70,70bis,"TAPISSERIE, reprisentant un sujet histode dorure. Italie du Nord.XVe siecle. riqueScenea personnages,fond de paysage, encadre dans une belle borbure, a branches, Haut.M.o.41 XLarg.M.o.26. fleurs et feuillage;le tout a plusieurs couVoirillustration,planche.41. leurs. Travail famand. XVIIe siecle.",,47.2,True,none,,,
BO0624_4399,24784,71,71,"CoUvERTURE en damasrouge,en trois les, dessin a rinceaux,renfermant les lis de France et au centre de chaque lé 《le soleil》 surmonte d'une couronne royale, embleme de Louis XIV. XVIIe siecle.",,49.5,True,none,,,
BO0624_4399,24785,72,72,"CHAsUBLE a fond jaune or, avec des ornements d'architecture, fruits et feurs tisses en soie de couleurs,broches argent.XVII siecle",,51.6,True,none,,,
BO0624_4399,24786,73,73,"CHAsUBLE a fond rouge damasse,avec des ramages et fleurs en or et soie bleue.",,52.3,True,none,,,
BO0624_4399,24787,74,74,BouRsE de velours vieil or avec des bou- quets de fleurs contretaillees.,,44.0,True,none,,,
BO0624_4399,24788,75,75,"MIROIR DE TOILETTE avec cadre echancre en metal, la frise plaquee d'ecaille et décoree d'incrustations en argent,entouree de deux cordons dores.A la base deux ecussons surmontes d'une couronne princiere. Dans le haut une coquille, des cornes d'abondance et une petite tete au milieu, en argent repousse. Epoque Louis XIV.  Voir illustration,planche49.  Haut.M.o.72.",,48.6,True,none,,,
BO0624_4399,24789,76,76,PANNEAU en noyer representant Saint Jean prechant dans le desert. Sculpture en basrelief. XVII siecle.,,51.9,True,title_direct,,,Sculptures
BO0624_4399,24790,77,76bis,"GRANDE PENDULE Louis XIV avec console d'applique incrustee d'ecaille, nacre et feurs en couleurs sur cuivre, richement garnie de bronzes dores, surmontee d'un ange. Cadran en bronze avec le soleil au milieu, et arabesques ciselees;les heures marquees en noir sur fond d'email blanc. Au dessous du cadran une figure en bas relief et ornements en metal dore.",,57.3,True,none,,,
BO0624_4399,24791,78,68,"CHRISTOPHE SOLARI. ENFANT, nu, couche par terre, gonfant une boule.Marbre blanc.Parfaite conservation.",,40.2,True,none,,,
BO0624_4399,24792,79,69,"PETIT TAPIs en velours venitien de style orientale,contretaille,a fond rouge avec des rosaces chargeesd'ceillets en couleurbleue et rouge sur fond blanc satine et petites rosaces brocheesor.Aux extremites une bande d'ecussons a tulipes bleues et rouges sur fond blanc.XVIe siecle.",,48.9,True,none,,,
BO0624_4399,24793,80,70,"BANDE D'EToFFE a fond jaune,broche en argent; ornements de feurs polycrhomes. XVI siecle.",,50.3,True,none,,,
BO0624_4399,24794,81,77,"CANAPE en bois sculpte et dore, forme de baignoire, garniture en soie rayee a fond clair, bouquets de feurs et ramages serpentants. Louis XVI.",,53.6,True,none,,,
BO0624_4399,24795,82,78,"CoFFRE en bois dore,a dessus plat, couvert de fleurs et feuilles sculptees en relief. La facade est decoree de palmettes alternees avec de volutes feuillageeset encadreed'une moulure denticulee en haut et d'un rang de godrons sur la base legerement bombee. Travail italien. Fin du XVe siecle.",,56.0,True,none,,,
BO0624_4399,24796,83,79,"LE JUGEMENT DE PARIS et BACCUS ET ARIADNE.Deux petits bas-reliefs rectangulaires en cire, renfermes en cadres sculptes et dores. Travail francais. Epoque Louis XVI.",,45.8,True,none,,,
BO0624_4399,24797,84,80,TABLEAU en mosaique florentine representant portique et terrasse sur la mer avec petites figures.,,48.3,True,none,,,
BO0624_4399,24798,85,81,"DEUX PORTE-CIERGE en fer forge,ornes de feuilles. XVe siecle.",,46.9,True,none,,,
BO0624_4399,24799,86,82,"RELIQUAIRE a dessin architectonique sur verre a fond de glace avec ornements emailles et dores.Au centre unmedaillon rond avec l'inscription:PIUS IIII PONT. MAX,a l'interieur un bas-relief en cire coloriee representant le Christ et les deux Maries. Cadre en ebene.XVIe siecle.",,49.4,True,none,,,
BO0624_4399,24800,87,83,"JEsus chasse du temple les vendeurs. Petit bas-relief en albatre, dans un cadre en pastille doree. XVIIe siecle.",,51.3,True,none,,,
BO0624_4399,24801,88,84,"LE SAUVEUR en benissant. Haut-relief en bronze,finement cisele et dore.XVIle siecle. Cadre ovale en metal dore.",,46.6,True,none,,,
BO0624_4399,24802,89,85,"SAINTE CATHERINE assise Sur une chaire. La figure en bronze dore, la chaire en noyer. XVIIle siecle.",,57.7,True,none,,,
BO0624_4399,24803,90,86,FLAMBEAU de mosquee en cuivre a large pied circulaire avec inscriptions et ornements graves. Travail venitien.,,49.4,True,none,,,
BO0624_4399,24804,91,87,"PIED DE BRASIER en fer forge, avec les noeuds de la Maison de Savoie. XVe siecle.",,48.2,True,none,,,
BO0624_4399,24805,92,88,MoRTIER en porphyre. Base et couvercle en bois sculpte et dore.,,57.1,True,none,,,
BO0624_4399,24806,93,89,TETE DU CHRIsT. Travail en pierre du XIVe siecle.,,52.1,True,none,,,
BO0624_4399,24807,94,90,"SAINT JEROME en priere.Demi corps, sculpte en bas-relief en buis. Cadre en poirier guil loche.",,52.3,True,none,,,
BO0624_4399,24808,95,91,"SAINT JEROME en priere, plaquette en bronze doree.",,45.1,True,none,,,
BO0624_4399,24809,96,92,"PLAQUETTE a deux faces, d'un cOte une tete d'homme et del'autre une tete de femme.Personnages antiques.",,45.6,True,none,,,
BO0624_4399,24810,97,93,"UNE ALLocUTIoN, plaquette ovale en bronze par Valerio Belli, Vicentino.",,40.7,True,none,,,
BO0624_4399,24811,98,94,"BAISER DE PAIX.LA CRUCIFIXION, plaquette en bronze.",,47.9,True,none,,,
BO0624_4399,24812,99,95,"JAsoN, plaquette ronde en bronze.",,47.1,True,none,,,
BO0624_4399,24813,100,96,"LA PRESENTATION AU TEMPLE,Plaquette en bronze.",,46.9,True,none,,,
BO0624_4399,24814,101,97,BACCHANTE ENDORMIE ET SATYRES.Deux plaquette rondes en bronze.,,43.9,True,none,,,
BO0624_4399,24815,102,98,ARIADNE DANS L'iLE DE NAXOS. Deux plaquettes rondes en bronze.,,45.6,True,none,,,
BO0624_4399,24816,103,99,"TRIOMPHE DE L'AMOUR, plaquette en bronze.",,47.3,True,none,,,
BO0624_4399,24817,104,100,"JuDITH, plaquette en bronze.",,42.5,True,none,,,
BO0624_4399,24818,105,101,"LA VIERGE ET L'ENFANT JESUS, plaquette en bronze semblable a celle du n.367",,51.1,True,none,,,
BO0624_4399,24819,106,101bis,BATAILLE. Plaquette ovale en bronze. XVI siecle,,54.5,True,none,,,
BO0624_4399,24820,107,102,SEPT PLAQUETTES rectangulaires a sujets mythologiques. o2bis. VuLCAIN forgeant les armes d'Enee.,,41.5,True,none,,,
BO0624_4399,24821,108,103,"TABATIERE en forme de coquille,en email, decoree sur les deux surfaces du couvercle,au pourtour et a la partie inferieure de sujetsmythologiques et d'amours peints en miniature en couleurs sur fond blanc:a 1'interieur de la boite un papillon, des fleurs et la marque B en couleurs. Monture en metal dore.",,51.4,True,none,,,
BO0624_4399,24822,109,104,"TABATIERE rectangulaire en email blanc decoree de feurs et arabesques en couleurs, Couvercle ajoure et a double fond.Monture en metal dore.Vieux Saxe.Piece de curiosite.",,48.5,True,none,,,
BO0624_4399,24823,110,105,"TABATIERE en email blanc, forme oblongue,a couvercle bombe,ornee d'arabesques symetriques a relief, au milieu desquelles des fleurettes en couleurs.Monture en metal dore. Vieux Saxe.",,50.0,True,none,,,
BO0624_4399,24824,111,106,"TABATIERE ronde en os,imitation de porphyre, sur le couvercle la carte geographique de la France divisee en Departements, avec la date 1797.",,47.3,True,none,,,
BO0624_4399,24825,112,107,"TABATIERE rectangulaire en porcelaine blanche avec portrait de jeune femme, avec un bonnet rouge sur la tete,decolletee,avecmanteau egalement rouge peint en miniature en couleurs;sur le devant des feurs. Monture en metal dore. Vieux Venise.",,50.2,True,none,,,
BO0624_4399,24826,113,108,"TABATIERE, forme coquille en agate saphi rine, montee en or. XVIle siecle.",,52.2,True,none,,,
BO0624_4399,24827,114,109,"BoirE rectangulaire en email, decoree sur le couvercle et tout au tour de sujets militaires, en grisaille.A 1'interieur du couvercle le portrait de Frederic le Grand, en couleurs.Monture en metal doré.Vieux Saxe.",,52.5,True,none,,,
BO0624_4399,24828,115,110,"TABATIERE, forme rectangulaire,a couvercle legerement bombe,offrant au pourtour et surlecouvercle 27petitsportraits d'Empereurs et d'Imperatrices romains, imitation de camees, quelques-uns dans de petits medaillons egalement en relief sur fond dore, d'autres sur le fond de la boite en email noir.",,50.0,True,none,,,
BO0624_4399,24829,116,111,TaBATlERE rectangulaire en porcelaine blanche avec des paysages en camaieu violet. Monture en metal dore.,,51.5,True,none,,,
BO0624_4399,24830,117,112,"MoRTIER en bronze, a deux anses, formees de demi bustes de femmes; decore au pourtour de cariatides,au milieu desquelles des animaux en relief. D'un cote une Sainte famille, de l'autre un ecusson en relief, sur le bord linscription: CUMINIO ETALBANO GUELFI·A·D MDCXXIII.",,53.5,True,none,,,
BO0624_4399,24831,118,113,"LA VIERGE, agenouillee devant un priedieu.Petit bas-relief, contourne.Belle patine brune, polie. Fin du XVIe siecle.",,56.2,True,none,,,
BO0624_4399,24832,119,114,"MAISON DE LORETTE, au dessus la Vierge et l'Enfant Jesus assis et transportespar des anges. Bas-relief en bronze, ayant decore les armoires de la sacristie de S.M. de Lorette, disparues dans les dernieres guerres du XVIIIe siecle.",,46.9,True,none,,,
BO0624_4399,24833,120,115,"DEUx LIoNs au repos,la tete soulevee, regardant devant eux.Bronze,patine foncee.XVIe siecle.",,41.7,True,none,,,
BO0624_4399,24834,121,116,"ENcRiER en bronze. Sur une base hexagonale supportee par des griffes de lions, sont places l'encrier et le poudrier;au centre un satyre agenouille a gauche, la main droite en l'air. XVIe siecle.",,50.8,True,none,,,
BO0624_4399,24835,122,117,"ENCRIER triangulaire en bronze, soutenu par trois griffes de lions, surmontees de volutes, la frise decoree de motifs en relief.Le couvercle orne egalement de motifs en relief et surmonte d'une deesse de la mer, tenant une voile.Fin du XVe siecle.",,52.0,True,none,,,
BO0624_4399,24836,123,118,"DEUX AMoURs,nus, assis, couronnes des pampres,un petit manteau fotte sur leurs epaules. Bronze dore. Base ronde en ci pollin,le plinthe en marbre noir. Travail francais. XVIIIe siecle.",,49.1,True,none,,,
BO0624_4399,24837,124,119,PETIT AMoUR tenant dans les mains la torchedu dieuHymen.Statuetteenbronze,,44.8,True,none,,,
BO0624_4399,24838,125,120,"MARTEAU de porte, forme d'une sirene se terminant en feuille d'acanthe.Bronze,pa tine foncee. XVIIe siecle.",,49.6,True,none,,,
BO0624_4399,24839,126,121,ToRsE D'HoMME en bronze. Reproduction d'un chef-d'ceuvre de 1'antiquite.Tres belle patine brune. XVIe siecle.,,48.3,True,none,,,
BO0624_4399,24840,127,122,DEUx BUsTEs en bronze. Un representant un ancien philosophe et l'autre un homme deloi du XVIIe siecle.Patine foncee;les,,51.6,True,none,,,
BO0624_4399,24841,128,123,"HERcULE abattant le lion de Nemee. Groupe en bronze,patine brune.XVIe siecle.Objet de collection.",,48.2,True,none,,,
BO0624_4399,24842,129,124,"PETIT PLAT creux a ombilic saillant,décore d'un buste de jeune femme de profil a gauche fanque de tiges de feurs.Le marli est orne de tiges de fleurs et palmettes alternees. Decor bleu et chamois",,53.6,True,none,,,
BO0624_4399,24843,130,125,PETITE cOUPE sur pied a forme de coportee par deux dauphins; a l'exterieure des striures peintes.Decor polychrome.,,45.3,True,none,,,
BO0624_4399,24844,131,126,"VAsE a panse ovoide,a pied bas,decoree de trophees guerriers et de deux medail- lons entoures de couronnes, de feuilles et",,50.0,True,none,,,
BO0624_4399,24845,132,127,VAsE de pharmacie avec anse et bec. Decor bleu et manganese. Cafaggiolo. Epoque primitive.,,43.5,True,none,,,
BO0624_4399,24846,133,128,"GRAND PLAT en porcelaine, orne de petits personnages en bleu sur fond blanc. Vieux Japon.",,56.2,True,none,,,
BO0624_4399,24847,134,129,"VASE DE PAGODE avec couvercle et anses aplaties et ajourees, en porcelaine a decor bleu. Vieux Chine.",,52.6,True,none,,,
BO0624_4399,24848,135,130,"FoND DE PLAT a piedouche dit fruttiera.Au centre d'un medaillon,entouré de couronne de feuilles, un Amour sur fond de paysage. Email polychrome a refets metalliques, Fabrique de Gubbio. XVIe siecle. Cadre en bois sculpte,peints et dore.",,49.9,True,none,,,
BO0624_4399,24849,136,131,"DEUx BOUTEILLES en porcelaine blanche. La panse decoree d'animaux chimeriques et le goulot d'ornements varies,peints en couleurs verte,rouge et bleue.Vieux Japon.",,47.2,True,none,,,
BO0624_4399,24850,137,132,"GRAND PLAT grave a la pointe, au centre un cheval en liberte;fond de rinceaux feuris. Sur le marli palmettes et triangles denticules.Emaux jaune,verte et bleu sur fond clair.Fab.de La Fratta.Seconde moitie du XVe siecle.",,48.4,True,none,,,
BO0624_4399,24851,138,133,"GRANDE coUPE a piedouche et a bord evase,dite Confettiera,decoree a linterieur et a l'exterieur de rinceaux fleuris et feuilles en chamois,a refets nacres et d'or sur fond d'email blanc. Fab. de Deruta.XVIe siecle.",,49.0,True,none,,,
BO0624_4399,24852,139,134,"GRAND PLAT creux avec vase de feurs au centre et decore tout au tour avec reserves a branches feuillagees et chrysanthemes.Decor bleu et rouge,rehausse d'or.",,52.2,True,none,,,
BO0624_4399,24853,140,135,"AssIETTE a large marli dite Tondino. Au centre des armoiries;le marli a fond jaune clair est orne de feuilles et de fruits a reflets rouge-rubis,releves de bleu.Au verso quatre rinceaux avec les memes refets.Fab. de Gubbio. Epoque: vers 1530.",,50.6,True,none,,,
BO0624_4399,24854,141,136,"PoRTRAIT du celebre physicien Louis Gal. vani,dbout,a demifgure,tournepresqu deface;la main gauche sur un livre ouvert pose sur une petite table. De la droite il prise dans une tabatiere placee pres du bis.LA PRESENTATION de la Vierge au temple.La Vierge,tete nue,vetue d'un robe blanche et d'un manteau bleu s'agenouille devantlegrand-pretre Simeon qui est debout, sur le haut de lescalier du temple. Plusieurs personnages dans le temple et des anges en haut assistent",,50.0,True,none,,,
BO0624_4399,24855,142,136bis,"ECOLE DE TIEPOLO.  (XVII siecle).LA PRESENTATION de la Vierge au temple.La Vierge,tete nue,vetue d'un robe blanche et d'un manteau bleu s'agenouille devantlegrand-pretre Simeon qui est debout, sur le haut de lescalier du temple. Plusieurs personnages dans le temple et des anges en haut assistent a la presentation.Belle entente du coloris et heureuse disposition de les figures. Cadre en bois dore et sculpte.  Toile,haut.1.12Xo.52.",,48.0,True,none,,,
BO0624_4399,24856,143,137,MACRINO D'ALBA.  (1460-1520). SAINT EMIDIO ET SAINT BERNARDIN DE SIENNE.Deux peintures sur bois. Cadres en pastille.,,42.2,True,none,,,
BO0624_4399,24857,144,138,"MICHEL LAMBERTINI  (dit Michele di Matteo,1455). LE COURONNEMENT DELA VIERGE.La fgure du Christ et celle de Marie se detachent sur une tenture rouge a feurs brochees or.En haut, une gloire de seraphins. Encadrement adherent forme de petites colonnes en spirale et arc en ogive. Peinture a la detrempe sur bois.",,49.0,True,none,,,
BO0624_4399,24858,145,139,"J.B.GREUZE.  (1725-1805). PoRTRAIT de jeune femme a demi corps, robe blanche, serree a la taille par un ruban bleu. Charmante expression et delicat coloris. Peinture sur toile. Cadres en bois dore.",,50.1,True,none,,,
BO0624_4399,24859,146,140,"J.GOSSAERT  （dit DeMaubeuge,1470). LA VIERGE ET L'ENFANT JESUS. Au dessous d'un baldaquin en etoffe verte foncee, avec lambrequin rouge a galon dore,la Vierge donne le sein au Divin Enfant,qui en meme temps presse de ses petites mains le sein de la Mere et tourne la tete a droite. Dans le lointain,paysage avec maisons et petits personnages. Peinture de tout premier ordre. Cadre a tabernacle en bois dore.",,51.5,True,title_direct,J.GOSSAERT,,
BO0624_4399,24860,147,141,"J.PALMA IL VECCHIO. PROPHETE.Demi fgure, tete a longue barbe blanche,recouverte d'un manteau rouge retombant le long de la figure;un livre ouvert entre les mains. Tres belle peinture. L'expression de la tete est d'une venerable serenite. Coloris vigoureux,touche admirable,execution tres soignee. Cadre en bois sculpte et dore.",,47.9,True,none,,,
BO0624_4399,24861,148,142,"LUCA SUNDER（dit Cranack,1472-1553). LE PATRIARCHE LoT au milieu de ses deux filles.Dans le lointain la ville de Sodome en flammes.Peinture sur bois. Beau cadre",,43.6,True,none,,,
BO0624_4399,24862,149,143,"NICOLAS MIGNARD. (1605-1668). PoRTRAIT de jeune femme,representee presque de face,chevelure blonde divisee en bandeaux frises avec boucles tombant nonchalamment sur les paules,vetue d'un joli neglige blanc, garni d'une den telle de Flandre,laissant decouverte la poitrine et se drapant dans un manteau de velours bleu,double d'hermine, ferme sur le devant par une agrafe en brillant. L'expression charmante du visage,la douceur du regard et le flou du coloris donnent a ce tableau une attraction irresistible. Cadre en bois sculpte et dore.",,49.9,True,none,,,
BO0624_4399,24863,150,144,"CARAVAGGIO.  (Michelange Amerighi, dit le-1569-1609). HERoDIADE.La courtisane redresse la tete sans se montrer effrayee par la vue de la tete de Saint Jean, qu'un bourreau lui presente sur un plateau; au contraire, elle",,44.9,True,title_direct,CARAVAGGIO,,
BO0624_4399,24864,151,145,ANDREA DEL SARTO.  (1488-1530). LE DIVIN SAUVEUR (buste). Peinture sur bois.Cadre sculpte et dore.,,48.3,True,none,,,
BO0624_4399,24865,152,146,"PAUL PIAZZA.  (1557-1621). MADoNE soulevant avec tendresse l'Enfant Jesus dans ses bras. Peinture d'un dessin tres vigoureux,expression douce et gracieuse des physionomies, belle harmonie des couleurs, ombres diaphanes. Cadre richement sculpte et dore.",,50.2,True,title_direct,PAUL PIAZZA,,
BO0624_4399,24866,153,147,"JACINTHE RIGAUD.  (1659-1743). PORTRAIT D'HOMME (buste) de face avec chevelure a longues boucles noires. Jus. taucorps de brocart orne de fines dentelles, manteau de velours cramoisi formant draperie.",,48.6,True,none,,,
BO0624_4399,24867,154,148,"ANTOINE CANAL  (dit Canaletto,1697-1768). LA RIVE DES EsCLAVONs. Cette toile est sans aucun doute une des belles repliques des vues de Venise,que cet artiste de valeur a peintes avec une si grande finesse d'execution,et dans lesquelles il rend avec tant d'evidence le jeu de la lumiere reféchie dans la lagune, allant se perdre dans le lointain de 1'horizon. Cadre en bois dore.",,47.4,True,none,,,
BO0624_4399,24868,155,149,VAN OSTADE ADRIEN. PETIT INTERIEUR. A la plume.De la Collection de Sir Th. Lawrence.Cadre en bois noir.,,46.7,True,none,,,
BO0624_4399,24869,156,150,VAN OSTADE ADRIEN. PETITE ECoLE.A la plume. De la Collection de Sir Th.Lawrence. Cadre en bois brun.,,48.3,True,none,,,
BO0624_4399,24870,157,151,REMBRANDT. LA BENEDICTION.A la plume. Cadre en bois noir.,,44.4,True,title_direct,REMBRANDT,,
BO0624_4399,24871,158,152,"CALIARI PAUL  (dit le Veronese). JUNoN. Esquisse pour un plafond. A la plume, ombre en bistre. Cadre en bois noir. Centim.14X17.",,41.5,True,none,,,
BO0624_4399,24872,159,153,VAN DYCK ANTOINE. L'ENLEVEMENT D'EUROPE. A la plume. Cadre en bois dore.,,53.7,True,none,,,
BO0624_4399,24873,160,154,"VENUS ET ADoNIs. Deux bustes formant pendant, signes M. G. (Mazzuoli Giuseppe da Volterra),17o5.Terre-cuite.Piedouche en bois verni noir et or.",,40.4,True,none,,,
BO0624_4399,24874,161,155,"BAs-RELIEF rectangulaire representant le portrait de Baccio Bandinelli de profl a droite,sur le cote oppose linscription suivante:Baccius Bandinellus·Eques·Florentinus·Anno M·D·L·Au dessousdu portrait une plaque rectangulaire avecl'inscription:",,45.5,True,none,,,
BO0624_4399,24875,162,156,LA SoURcE. Une naiade dans une pose tres gracieuse etendue sur le sol d'ou elle fait jaillir l'eau.Terre-cuite. Euvre fran- caise. XVIIIe siecle.,,45.6,True,none,,,
BO0624_4399,24876,163,157,"SILENE couronne de lierre, couche sur une peau de lion, appuye sur le bras droit. Marbre blanc. XVIe siecle.",,50.0,True,none,,,
BO0624_4399,24877,164,158,"DEUx AMoURs se disputant un arc. Tres beau groupe en marbre de G. L. Bernini. Base-cintree en marbre blanc et jaspe de Sicile. bis. DEUX PETITS BAS RELIEFS en marbre blanc formant partie d'une decoration architecturale.Dans l'un est represente Apollon, dans lantre Venus. Sur une plaque on lit AL.D.III (Alphonse III Duc de Ferrare).*",,46.2,True,none,,,
BO0624_4399,24878,165,158bis,"A.LOMBARDO. DEUX PETITS BAS RELIEFS en marbre blanc formant partie d'une decoration architecturale.Dans l'un est represente Apollon, dans lantre Venus. Sur une plaque on lit AL.D.III (Alphonse III Duc de Ferrare).*  Haut.0.27X0.18.",,43.9,True,none,,,
BO0624_4399,24879,166,159,"PETITE BANNIERE en brocart, fond lame",,43.9,True,none,,,
BO0624_4399,24880,167,160,UNE CHAPE et deux morceaux de ve-,,43.3,True,none,,,
BO0624_4399,24881,168,161,"CHAPE en velours rouge contretaille a rayes horizontales, fond or. Orfroi et chaperon ornes de rinceaux et feuillages en or sur fond en soie rouge. Frange en or.  XVIle siecle.",,51.3,True,none,,,
BO0624_4399,24882,169,168,"DEUX coFFREs en noyer,a dessus plat, formant pendant.La facade divise par de pilastres en trois panneaux,presente celui du milieu decore d'une armoiries entouree  d'une couronne de feuilles, feurs et fruits. La base est bombee et garnie d'un rang de godrons.",,56.6,True,none,,,
BO0624_4399,24883,170,169,"MEUBLE a deux corps, en noyer.La partie inferieure a abattant et tiroirs,la partie superieure a deux vantaux. Une gracieuse et fine marqueterie a figures d'enfants, d'animaux, de couronnes et d'arabesques en bois jaune angelino et en ebene decore ce meuble sur tous ses cotes.Au centre de labattant les armoiries de la famille de Brignano. A l'interieur meme decoration qu'a l'exterieur.XVIle siecle. 50XI.07.",,48.9,True,title_direct,,,Meubles
BO0624_4399,24884,171,170,"GLAcE de cheminee en noyer, forme rectangulaire,divisee en trois parties,a moulures sculptees, en partie dorees. Fin du XVIII siecle.",,51.0,True,none,,,
BO0624_4399,24885,172,171,"CoNVERSION DE SAINT PAUL Sur le chemin de Damas.Belle peinture a 1'huile sur medaillon ovale en amethyste.Cadre a moulures en bronze dore,a bordure garnie de lapis-lazuli, agates et jaspes va ries et decoree d'ornements en argent enrichis de pierreries.",,49.0,True,none,,,
BO0624_4399,24886,173,172,"PoRTE DE CIBOIRE, Jesus misericordieux entoure de seraphins. Tres beau travail a bas-relief en bronze dore.Fin du XVe siecle.",,51.1,True,none,,,
BO0624_4399,24887,174,162,"CHAsUBLE, fond marron, a petits feurs brochees, or et argent. Galons en argent. XVI siecle.",,48.6,True,none,,,
BO0624_4399,24888,175,162 bis,"PANNEAU, compose de quatre lés en velour contretaille. Dessin a larges ramages de fleurs rouges sur fond 1or. XVIe siecle.",,52.5,True,title_direct,,,Dessins
BO0624_4399,24889,176,163,"MoRCEAUX DE CHASUBLE broche or et argent, orne de grands ramages et feuil lages en rouge grenat. Voile de calice de la meme etoffemais aveclesornements en vert.Pieces de collectionneur.XVIe siecle.",,50.0,True,none,,,
BO0624_4399,24890,177,164,"CHAsUBLE a fond bleu avec entrelacs tisses, or et argent. XVIIIe siecle.",,46.9,True,none,,,
BO0624_4399,24891,178,165,"GRANDE BANDE aplusieurs les,fond lame argent, ornements, emblemes religieux, bouquets de feurs, etc.,brodes en soie en couleurs et or, enrichis de pierreries. XVIIe siecle.",,51.8,True,none,,,
BO0624_4399,24892,179,166,"TAPIS DE L'AsIE MINEURE en laine, décor jaune sur fond rouge; d'un cote manque la bordure.Des tapis de ce genre ont ete souvent reproduits sur des tableaux de peintres Flamands du XVIIe siecle.",,50.0,True,title_direct,,,Tableaux
BO0624_4399,24893,180,167,"EcRiToiR a abattant et tiroir en noyer, marqueterie a dessins geometriques en differents bois.Tiroirs a l'interieur.XVIII siecle.",,48.4,True,title_direct,,,Dessins
BO0624_4399,24894,181,173,MEDAILLON-RELIQUAIRE en cristal de roche.Sur la fermeture du reliquaire estrepresente en or a relief Christ sur la croix et les trois Maries. Fond emaille bleu. Monture egalement en or et en partie emaille.,,48.5,True,none,,,
BO0624_4399,24895,182,174,"DEUX RELIQUAIRES en metal dore avec ornements au repousse.Le pied lobe et a pointes,avec nceud a petites fleurs emaillees,soutient trois arches a dome,surmontees d'anges portant les emblemes de la Passion. XVIe siecle.",,50.1,True,none,,,
BO0624_4399,24896,183,175,"BoiTE RECTANGULAIRE,a couvercle plat, borde,comme sa base et ses quatre aretes, de moulures formant saillie.Ses quatre faces et le dessous sont recouvert d'ornements dans le style des azziministes,peints en or sur fond d'ebene. Sur deux faces opposees la decoration forme encadrement a les armoiries des Medici et Borromeo. Travail venitien.XVIe siecle.",,53.1,True,none,,,
BO0624_4399,24897,184,176,LA VIERGE assise tenant dans ses bras 1'Enfant Jesus.Derriere et au dessus deux anges soutiennent une draperie. Sculpture en bois peint de couleurs et dorures.XVe siecle.,,48.7,True,title_direct,,,Sculptures
BO0624_4399,24898,185,177,"ENcENsoIR en bronze,forme spherique,a dessus dome et a compartiments avec ornements a relief et decoupes a jour. A la partie inferieure deux medaillons avec animaux symboliques et une croix byzantine. XVe siecle.",,50.3,True,none,,,
BO0624_4399,24899,186,178,"ETUI-NECEssAIRE pour toilette en émail rose,avec ornements blancs en relief et medaillon a fleurs en couleurs sur fond blanc. Louis XV.",,57.4,True,none,,,
BO0624_4399,24900,187,179,DEUX PORTE-CIERGE en fer forge. XVe siecle.,,47.2,True,none,,,
BO0624_4399,24901,188,180,"PLAT en cuivre argente et au repousse, avec ecusson au centre, couronne de feuilles,godrons evides en spirale et fleurs tout au tour, feuilles et fleurs sur le bord.",,50.7,True,none,,,
BO0624_4399,24902,189,181,"VENUS ET L'AMoUR, travail francais.Plaquette ovale en bronze.",,42.5,True,none,,,
BO0624_4399,24903,190,182,"SAINT JERoME, plaquette en bronze.",,44.2,True,none,,,
BO0624_4399,24904,191,183,ALLEGORIE SUR LA CALOMNIE par Andrea Briosco appele《il Riccio 》.,,35.5,True,none,,,
BO0624_4399,24905,192,184,"HERcULE ET ANTEE, plaquette en bronze.",,44.4,True,none,,,
BO0624_4399,24906,193,185,LE JUGEMENT DE PARIS par Giovanni dalle Corniole. Plaquette ronde en bronze.,,45.3,True,none,,,
BO0624_4399,24907,194,186,DEsCENTE DE CROIx.Plaquette en bronze. Ecole de Padoue.,,39.7,True,none,,,
BO0624_4399,24908,195,187,"ENTREE DU CHRIST A JERUSALEM.Le Christ monte sur un ane, suivi de cinq apotres,s'avance vers Jerusalem.Divers personnages tenant des rameaux viennent a sa rencontre. Bronze, fragment.",,43.5,True,none,,,
BO0624_4399,24909,196,188,"HEBE, par Moderno.Plaquette en bronze.",,51.1,True,none,,,
BO0624_4399,24910,197,189,SAINT GEORGEs tuant le dragon.Plaquette carree en bronze.,,43.3,True,none,,,
BO0624_4399,24911,198,190,ALEXANDRE. Plaquette ovale en bronze dore..,,56.8,True,none,,,
BO0624_4399,24912,199,191,L'ENLEVEMENT DE GANYMEDE.L'aigle de Jupiter enleve Ganymede dans le ciel. Plaquette ovale en bronze.,,41.2,True,none,,,
BO0624_4399,24913,200,192,"MEDAILLE ayant sur un face: Hercule et le lion de Nemee. Hercule,nu, de profl a gauche luttant avec le lion.Derriere lui un carquois est pendu a un arbre: a terre la massue du heros. Sur l'autre:  Jupiter et Leda.  Leda debout vetue d'une draperie fottante et d'une ceinture de fleurs,embrasse et caresse le cygne debout pres d'elle.A terre Castor et Pollux,l'un a droite,l'autre a gauche de Leda.  Bronze -XVI siecle.",,47.7,True,none,,,
BO0624_4399,24914,201,193,"TABATIERE rectangulaire en email avec feurs et petits personnages en couleurs sur lecouvercle;au pourtour eta lapartie inferieure du couvercle, des paysages en camaieu violet et ornements dores sur fond blanc. Monture en metal dore.",,52.9,True,none,,,
BO0624_4399,24915,202,194,"PETITE BONBONNIERE a forme de panier, en porcelaine blanche,le fond dore et exterieurement gaufree a vannerie:sur la partie interieure du couvercle un petit chien sur un coussin. Monture en argent dore.Vieux Capodimonte.",,52.2,True,none,,,
BO0624_4399,24916,203,195,"BoiTE a mouches en ivoire de forme oblongue a angles arrondis, decoree sur lecouvercle dedeux ovales en email bleu a petites etoiles et montee en or. Ouverture a secret. Louis XVI.",,49.9,True,none,,,
BO0624_4399,24917,204,196,"TABATIERE rectangulaire en émail, avec musique sur le couvercle,a l'interieur et",,43.2,True,none,,,
BO0624_4399,24918,205,197,"TABATIERE rectangulaire en email blanc avec petites feurs en couleurs. Sur le couvercle une demi figure de femme appuyee a une table,tenant dans les mains une guirlande de feurs en couleurs sur fond noir. Monture en metal dore.Vieux Saxe.",,55.2,True,none,,,
BO0624_4399,24919,206,198,"TABATIERE ovale en email,fond vert clair a ornements blancs et arabesques dorees a relief, formant cadres a trois medaillons a paysages decorant l'un le couvercle,les deux autresle pourtour de la tabatiere. Monture en metal dore. Vieux Battersee.",,50.6,True,none,,,
BO0624_4399,24920,207,199,"TABATIERE ronde en buis, doublee a l'interieur d'une plaquette en orbas et ornee sur le couvercle d'une corbeille de feurs et fruits finement sculptes en relief. Louis XVI.",,53.6,True,none,,,
BO0624_4399,24921,208,200,"TABATIERE circulaire en olivier avec《 tarsia 》 en paille coloriee, offrant sur le couvercle Adam et Eve chasses du Paradis terrestre.Travail florentin finement execute. Tres rare. XVIe siecle.",,48.1,True,none,,,
BO0624_4399,24922,209,201,"TABATIERE en or emaille,forme rectangulaire a angles echancres,bords a listel bleu et or, fond blanc. Sur le couvercle un paysage avec des ruines antiques, paysans et animaux.Louis XVI. bis.MARQUISE en or, entourage de petites perles,fond en email bleu sur lequel sont deux cadrans,l'un pour lesheuresetl'autre pour les minutes. Epoque Louis XVI.",,48.7,True,none,,,
BO0624_4399,24923,210,202,"L'ANGE de Tobie. Bronze. Patine verte. XVII siecle,",,50.5,True,none,,,
BO0624_4399,24924,211,201bis,"MARQUISE en or, entourage de petites perles,fond en email bleu sur lequel sont deux cadrans,l'un pour lesheuresetl'autre pour les minutes. Epoque Louis XVI.  Voir illustration,planche 24.  Diam.0.03.",,46.2,True,none,,,
BO0624_4399,24925,212,203,"PALLAs, coiffee d'un casque et armee d'une lance et d'un bouclier. Belle statuette en bronze.Fin du XVI siecle. Base",,47.6,True,none,,,
BO0624_4399,24926,213,204,"PETIT MORTIER en bronze orne de tetes d'amours,de feuillages,d'oiseauxet de festons soutenus par des mascarons en relief.Patine verte. Piece remarquable. XVIe siecle.",,57.0,True,none,,,
BO0624_4399,24927,214,205,"MoRTIER en bronze decore au pourtour d'une frise representant sujets de chasse,",,53.0,True,none,,,
BO0624_4399,24928,215,206,"ENCRIER triangulaire soutenu par trois griffes de lions, le bord orne de tres beaux mascarons et ornements en relief. Les angles garnis d'une feuille d'acanthe. Le couvercle manque.Bronze de patine",,52.1,True,none,,,
BO0624_4399,24929,216,207,"SAINTE SUSANNE ET L'ANGE. Tres beau groupe en bronze, patine foncee:base en bois.Attribue a G.L.Bernini.",,44.4,True,none,,,
BO0624_4399,24930,217,208,"DeUX MARTEAUX de porte en bronze formes d'un anneau ovale, orne d'une guirlande et d'une grecque au centre.Louis XVI.",,52.2,True,none,,,
BO0624_4399,24931,218,209,"MoRTIER en bronze, les deux anses formees de protomes de lions. Les lettres C.A.R. entrelacees et surmontees de la croix sur le pourtour. Xve siecle.",,52.3,True,none,,,
BO0624_4399,24932,219,210,ENFANT 《 Modele de nu 》. Tres belle patine rouge. XVIe siecle.,,50.0,True,none,,,
BO0624_4399,24933,220,211,"FEMME 《Modele de nu 》,statuette en bronze d'une tres belle patine rouge. XVIe siecle.",,53.6,True,none,,,
BO0624_4399,24934,221,212,HoMME 《modele anatomique 》.Bronze d'une tres belle patine rouge. XVIe siecle. Haut o.31.,,45.1,True,none,,,
BO0624_4399,24935,222,213,"ENcRIER rond avec bord cotele,supporte par trois taureaux, separes par trois ecus-",,43.6,True,none,,,
BO0624_4399,24936,223,214,"HERcULE nu, arme d'une massue. Belle statuette en bronze sur base, signee A.G. Patine brune. XVIe siecle.",,54.3,True,none,,,
BO0624_4399,24937,224,215,"PETIT VAsE a panse ronde, a piedouche",,40.5,True,none,,,
BO0624_4399,24938,225,216,"VAsE de forme ovoide avec base,couvercle et deux anses. Decore de deux paysages et ornements en couleurs sur fond blanc. Signe G.B.Faience de Nove.",,50.6,True,none,,,
BO0624_4399,24939,226,217,TassE a bouillon avec couvercle et soucoupe en porcelaine decoree de dorures; au centre de la soucoupe la vue de la porte Capuana et dans les deux medaillons du couvercle:La tombe de Virgile a Posillipo et des antiquites de Capoue. Vieux Naples. Etui recouvert de peau noire.,,50.9,True,none,,,
BO0624_4399,24940,227,218,"DEUX PLATs CREUx, ornes de feurs et feuillages. Decor bleu et rouge rehausse d'or sur fond blanc.Porcelaine: vieux Japon.",,49.5,True,none,,,
BO0624_4399,24941,228,219,"VAsE siculo-arabe a forme de cornet. Decor de petites feurs bleues, melangees a d'autres feurs et feuilles chamois a re flets metalliques,irises.Piece tres interessante. XVe siecle.",,51.3,True,none,,,
BO0624_4399,24942,229,220,"PETIT PLAT creux sur piedouche bas, dit 《fruttiera》.Au pourtour une decoration de poires et cerises en relief et a refets de rubis et de feuilles a reflets d'or.Au centre, circonscrit d'un listel, deux genies ailes tenant un écusson avec la croix latine,armoiries du peuple de Bologne et dans lexergue l'inscription:OPUS SPERANDEI.Reproduction du revers d'une medaille,executee du fameux medailleur Sperandio pour Giovanni II Bentivoglio. C'est sans aucun doute un des premiers travaux de Mastro Giorgio.Piece tres interessante.",,47.6,True,none,,,
BO0624_4399,24943,230,221,"GRAND VASE a forme de bouteille,avec medaillon offrantVenus et Amour etinscription pharmaceutique a la partie inferieure. Orne de rinceaux, decor bleu, jaune et vert. XVe siecle. Cafaggiolo.",,48.9,True,none,,,
BO0624_4399,24944,231,222,"DEUx VAsEs de pagode,a forme hexagonale, a col evase et a anses ajourees, decores de fleurs et personnages rehausses d'or sur fond bleu. Vieux Chine.",,50.3,True,none,,,
BO0624_4399,24945,232,223,"AIGUlERE en porcelaine decoree de personnages en bleu et rehausses d'or sur fond blanc.Anse en forme de bec,et couvercle en metal dore,orne de tetes de vautours. Vieux Chine. bis. THEIERE en porcelaine. Coqs et feurs",,52.2,True,none,,,
BO0624_4399,24946,233,223bis,THEIERE en porcelaine. Coqs et feurs  en couleurs sur fond blanc. Indo-Chine.,,54.5,True,none,,,
BO0624_4399,24947,234,224,"PLAQUE en faience en couleurs et hautrelief, ornee de deux petites colonnes supportant un arc trilobe. Au milieu la Vierge assise avec l'Enfant Jesus sur les genoux. Fond d'etoffe a feurs et sur une banderole en bas, on lit la date 1477. Ce travail qui par sa composition,par l'expression des tetes et par son ornementation reflete toute la simplicite,toute la grace du style d'or de la Renaissance, est attribue,par le renomme prof. Argnani, au celebre Sperandio.L'opinion du professeur Argnani, d'incontestable autorite, est confirmee par un acte notarial dans les archives de Faenza a la date du 7 juin 1477,qui nous apprend que le fameux medailleur Sperandio fut stipendie a la Cour des Manfredi,et que,dans son contrat,il prit 1'engagement de travailler de brongio,de marmore,de terra,etc....Il est",,50.6,True,none,,,
BO0624_4399,24948,235,225,"TETE-A-TETE.Plateau rectangulaire, deux tasses et une cafetiere en porcelaine decoree de paysages et d'oiseaux en cou-",,49.4,True,none,,,
BO0624_4399,24949,236,226,"VAsE de forme ovoide a large pied eta col cylindrique.Dans le bas,ornements et rinceaux feuillages et a decor varie disposes sur trois zones et d'un medaillon representant Jesus discutant avec les Docteurs;a la partie superieure inscription pharmaceutique en caracteres gothiques. Tres belle coloration polychrome dans laquelle domine le bleu et le vert. Faience de Castel Durante. XVIe siecle.",,51.1,True,none,,,
BO0624_4399,24950,237,227,"PETIT PLAT creux siculo-arabe.Au centre, une rose et au pourtour une branche de petites feurs, couleurs bleu et rubis a refets metalliques sur fond d'email clair. Epoque: premiere moitie du XVIe siecle.",,51.1,True,none,,,
BO0624_4399,24951,238,228,"PETIT PLAT ROND,ancienne porcelaine des Medicis, orne de petits fleurs bleues sur fond blanc. Au revers meme decor: au centre, comme marque,la coupole de Sainte-Marie del Fiore et au dessous linitiale F. Tres rare.",,49.1,True,none,,,
BO0624_4399,24952,239,229,ANDRE LUCATELLI  (XVIII siecle). SUJETS CHAMPETREs. Deux peintures fai sant pendant. Cadre en bois dore avec riche decoration de feuilles sculptees en relief.,,56.9,True,none,,,
BO0624_4399,24953,240,230,"PANETTI. SAINT RocH. Le saint represente debout, de face,les yeux leves au ciel, vetu en costume depelerin,tient dela main droite un baton et de la gauche il releve un pan de sa tunique pour montrer la plaie de sa cuisse. Fond de paysage avec batiments et cours d'eau. Cadre en bois sculpte et dore.",,52.8,True,none,,,
BO0624_4399,24954,241,231,"NICOLAS VAN DER HORST.  (1598-1646). LA CENE D'EMMAUs.Peinture remarquable pour les effets de lumiere,le modele soi gne,et le coloris caracteristique de cet eleve de Rubens. Signee sur la traverse inferieure de la table.Tres beau cadre dore",,46.7,True,none,,,
BO0624_4399,24955,242,232,"VITALE. (dit aux Madones,1345). CoURONNEMENT DELA VIERGE.Le Christ pose la couronne sur la tete de la Madone qui,les bras croises,s'agenouille devant lui dans une attitude d'humilite infinie.En haut le Pere Eternel entoure d'anges. Fond doreetorne dereliefsverslapartie superieure avec arc ogival a reliefs. Pein- ture a la detrempe.",,46.0,True,none,,,
BO0624_4399,24956,243,233,"JUSTE SUTTERMANS.  (1597-1681). PoRTRAIT (buste) du Cardinal Giancarlo de Medici,fls de Cosimo II Duc de Flo- bis. PANNEAU central de triptyque a fond dore. La Vierge, assise sur un trone go thique a haut dossier,vetue d'une robe rouge et d'un long manteau bleu, donne le sein au divin Enfant.Elle est entouree de plusieurs Saints, Saintes et Anges. Cadre en ogive sculpte et dore.",,47.4,True,none,,,
BO0624_4399,24957,244,234,"F. BOUCHER.  (1703-1770). TRIOMPHE DE VENUs. La belle et blonde deesse,nue, tournant a demi le dos au spectateur,et la tete tourneedetrois quarts a gauche, est a demi couchee sur une coquille recouverte d'une draperie couleur d'or. Elle tient de la main gauche une colombe qu'elle approche de sa bouche.Des petits Amours voltigent autour, et d'autres, ensemble a des Naiades et des Tritons,entourent la coquille portee par des dauphins voguant sur les fots. Charmant sujet traite avec une grace et un coloris incomparables,par le brillant maitre. On admire dans la collection de Mr.le baron Alfred de Rothscild un autre tableau du meme maitre representant le Triomphe de Venus et qui ne differe du tableau en vente que par quelques details et par la disposition inverse de groupe. Cadre en bois dore et richement sculpte.",,49.9,True,none,,,
BO0624_4399,24958,245,235,"FRANCOIS CLOUET.  (1510-1572). PoRTRAIT de Prince. Demi corps, tourne",,45.9,True,title_direct,FRANCK,,
BO0624_4399,24959,246,236,"LORENZO ZACCHIA.  (XVI siecle). GRoUPE de deux musiciens et de deux musiciennes vus a demi corps. Belle ordonnance et bon dessin. Toile signee en haut,adroiteLAUR·ZACCHIAS-LU CEN FACIEBAT cIO I XXVI. Cadre orne de feuillages et de fruits dores et sculptes.",,47.3,True,none,,,
BO0624_4399,24960,247,237,J.HOLBEIN LE VIEUX.  (I450-1524). PoRTRAIT de personnage (buste) d’un age,,41.6,True,none,,,
BO0624_4399,24961,248,238,P. P. RUBENS.  (1577-1640). EBAUCHE representant le Sauveur qui ap- parait a Sainte Claire dans une extase. Peinture sur bois. Cadre en noyer et or. Piece de connaisseur.,,49.8,True,none,,,
BO0624_4399,24962,249,239,"JACOMETTO DA VENEZIA.  (1472). PoRTRAIT de jeune fille (buste) vue de trois quarts,tournee vers la droite.Robe avec corsage decollete et revers de four-",,48.4,True,none,,,
BO0624_4399,24963,250,240,"VINCENT CATENA.  (1460-1520). ADORATION DE SAINT JEROME.La Vierge accompagnee de Saint Jean, presente son Divin Fils a Saint Jerome.Fond de paysage.",,40.1,True,none,,,
BO0624_4399,24964,251,241,HOPFER DANIEL. UN SoLDAT. Aquarelle. Cadre en bois noir.,,41.5,True,none,,,
BO0624_4399,24965,252,242,REMBRANDT. SoN PoRTRAIT. Dessine par lui-meme a la sanguine. Cadre en bois noir et dore. 0.18X0.25.,,54.5,True,title_direct,REMBRANDT,,Dessins
BO0624_4399,24966,253,243,REMBRANDT. UN JuGEMENT.A la plume. Cadre en bois noir.,,45.8,True,title_direct,REMBRANDT,,
BO0624_4399,24967,254,244,ORCAGNA. LE JUGEMENT DERNIER. Dessin pour une fresque. Aquarelle. Cadre en bois sculpte.,,43.1,True,title_direct,ORCAGNA,,Dessins
BO0624_4399,24968,255,245,REMBRANDT. JoSEPH ET LA FEMME DE PUTIPHAR.A 1a plume et a la terre de Sienne. Cadre en bois dore.,,51.9,True,title_direct,REMBRANDT,,
BO0624_4399,24969,256,246,BusTE en marbre de Carrare representant d'une etoffe retenue par une bande sur l'epaule gauche. Sculpture de forte expression. Piedouche en marbre de Carrare.,,48.5,True,title_direct,,,Sculptures
BO0624_4399,24970,257,247,"CLEOPATRE nue, debout,appuyee a un cippe, et tenant dans la main l'aspic qui lui mord le sein. Sculpture en marbre de",,48.5,True,title_direct,,,Sculptures
BO0624_4399,24971,258,248,"MINO DA FIESOLE. BAs-RELIEF rectangulaire en marbre blanc representant la Vierge a demi corps, tenant l'Enfant Jesus debout sur ses genoux. Le Divin Enfant tient dans la maine droite un petit oiseau et la gauche levee en benissant.A la partie superieure, deux che rubins portent une couronne; des deux cotes tombe une guirlande de feuilles et de fruits et dans les angles inferieurs deux ecussons,a droite,celui de une confrairie, a gauche celui des Ginori. Pour la douceur souriante de la Vierge et pour les autres qualites caracteristiques de grace, et de simplicite si l'on compare ce bas-relief avec celui conserve au Musee National de Florence et l'autre du Musee de Berlin,on reconnait de suite qu'il est de Mino da Fiesole,le grand maitre de la Renaissance.",,52.9,True,none,,,
BO0624_4399,24972,259,249,"MATTEO CIVIDALE. SAINT SEBAsTIEN.Ebauche en terre cuite de la statue, qu'on admire a Lucques dans l'eglise de Saint-Fredien.",,41.0,True,none,,,
BO0624_4399,24973,260,250,"PETIT TAPis a fond jaune,feurs brochees en argent, bordure de dentelle en argent. 20X1.07. CoussiN recouvert de velours contretaille a larges ornements et fleuronsen couleurs, cramoisi sur fond jaune tisse or. XVIe siecle.",,51.0,True,none,,,
BO0624_4399,24974,261,251,"251. CoussiN recouvert de velours contretaille a larges ornements et fleuronsen couleurs, cramoisi sur fond jaune tisse or. XVI siecle.",,52.9,True,none,,,
BO0624_4399,24975,262,252,"PETIT TAPIS en velours contretaille de Venise sur fond or,les angles ornes de vases et de fleurs, au centre une rosace geometrique composee de feuillages et de feurs, le tout renferme dans une bordure double aux extremites. Les feuillages sont en couleur verte,les feurs et les rosaces polychromes. Doublure en soie, frange en soie et or.XVIe siecle.",,54.0,True,none,,,
BO0624_4399,24976,263,253,"PeTIT TAPIS en brocart, a sujet de chasse sur fond clair;figures,animaux et fleurs en couleurs et or. XVI siecle.",,52.0,True,none,,,
BO0624_4399,24977,264,254,"TAPIS DEL'AsIE MINEURE, en laine,a dessins geometriques sur fond rouge et vert fonce. On trouve souvent ces tapis sur les tableaux de maitres du XVe et XVIe siecle:Mantegna, Ghirlandaio,Bassano,etc. XVI siecle.",,46.4,True,title_direct,,,Tableaux
BO0624_4399,24978,265,255,"GRAND PANNEAUen peluche,a fond rouge, ornements et bordure a feuillages polycromes.Venitien. XVII siecle.",,51.2,True,none,,,
BO0624_4399,24979,266,256,"TAPIs SYRIEN Damas) en laine angora, arabesques et feurs sur fond rouge, les coins fond bleu. A l'origine ce genre de tapis provenaient,disait-on,du Maroc,mais d'apres de nouvelles recherches, il a ete prouve qu'ils proviennent de Damas.XVIe siecle. 39X2.00.",,48.5,True,none,,,
BO0624_4399,24980,267,257,"PETITs PORTRAITS ronds de Louis XVI, de Marie Antoinette,de Louis XVII,de ses soeur Elisabeth et Marie Therese et de L.P. J. le Duc d'Orleans, peints a 1'huile. Cadres en metal dore garnis de perles, surmontes d'un ruban. bis. GRAND PLAT en argent au repousse. Ornements au centre entoure de festons repetes sur le bord. XVIlle siecle.",,47.8,True,none,,,
BO0624_4399,24981,268,257bis,GRAND PLAT en argent au repousse. Ornements au centre entoure de festons repetes sur le bord. XVIlle siecle.  Diam.0.52.,,51.6,True,none,,,
BO0624_4399,24982,269,258,QuENoUiLLE en buis avec la tige ornee de petites figures sculptees a haut-relief. Travail allemand du XVIIe siecle.,,52.9,True,none,,,
BO0624_4399,24983,270,259,"BAISER DE PAIX en bronze dore.Au dessus d'un soubassementa moulures se dressent deux pilastres decores de feuilles et de feurettes, surmontes de chapiteaux corinthiens soutenant un entablement et un fronton semi-circulaire offrant en bas-relief la Madone et deux anges soutenant le Christ mort. Entre les colonnes est representee en bas-relief la Vierge assise,tenant l'Enfant Jesus sur son genou gauche.Un ange de chaque cote en bas. Les figures de Sainte Cecile et de Saint Antoine gravees sur le fond fanquent le bas-relief. Au revers la date gravee M·D·X·V.Poi gnee en forme de S terminant en volutes. Ecole forentine.XVI siecle.",,47.4,True,none,,,
BO0624_4399,24984,271,260,BAssiN en cuivre avec ornements et entrelacs graves au pourtour.Travail venitien de style oriental. XVIe siecle.,,51.4,True,none,,,
BO0624_4399,24985,272,260bis,PENDULE d'Allemagne en metal avec ornements graveset surmontee de trois rangs de petites balustres circulaires.XVI siecle.,,50.0,True,none,,,
BO0624_4399,24986,273,261,"GRAND VASE rituel chinois a trois anses, en bronze avec la figure du Tao-Tie (le glouton)repete en relief quatre fois. XII siecle.",,49.4,True,none,,,
BO0624_4399,24987,274,262,"ETUI-NECEssAIRE pour toilette, en argent, ornementa fleurs et animaux ciseles.en relief. Louis XV.",,48.7,True,none,,,
BO0624_4399,24988,275,263,PEIGNE EN BUIS avec traverse et montants a ornements sculptes et ajoures. XVI siecle.,,47.7,True,none,,,
BO0624_4399,24989,276,264,PIED DE BRASIER orne de noeuds gothiques en fer forge. XVe siecle.,,50.8,True,none,,,
BO0624_4399,24990,277,265,BAisER DE PAIx en metal dore avec Crucifix sur fond d'argent. XV siecle.,,45.3,True,none,,,
BO0624_4399,24991,278,266,PENDULE en metal surmontee de trois rangs circulaires de petits balustres. Travail allemand.XVIe siecle.,,50.4,True,none,,,
BO0624_4399,24992,279,267,"CALIcE en metal dore avec ornements re pousses, a piedouche lobe et échancre,a large nceud orne de six tetes de Meduse en argent. Coupe en argent. Travail de Lineburg. XVe siecle.",,50.9,True,none,,,
BO0624_4399,24993,280,268,"PLAT RoND en cuivre,a ornement et animaux repousses,au centre ecusson.Travail allemand. XVIIe siecle.",,46.2,True,none,,,
BO0624_4399,24994,281,268bis,"PLATEAU ovale,fond de glace,bord en metal dore, decore d'ornements et fleurs ciseles et ajoures. Epoque: Empire.",,46.6,True,none,,,
BO0624_4399,24995,282,269,"CouPE a couvercle plat, en cuivre, entierement recouverte de rosaces,de bandes de rinceaux et d'ornements enlaces,graves. Au milieu du couvercle un ecusson.Travail venitien. XVIe siecle.",,54.2,True,none,,,
BO0624_4399,24996,283,270,"VAsE en metal dore,forme ovale,a haut piedouche,decore sur les deux faces de figures et festons en relief, sur base egalement en metal dore. Empire.",,48.9,True,none,,,
BO0624_4399,24997,284,271,SAINT GEORGE TUANT LE DRAGON.Plaquette ovale en bronze. Molinier N.583.,,37.4,True,none,,,
BO0624_4399,24998,285,272,"L'ADORATION DES BERGERS. A l'entree de la creche,la Vierge agenouillee et Saint Joseph adorent l'Enfant.Des bergers,dont un s'agenouille,portent des agneaux et des corbeilles de fruits. Plaquette carree en bronze.",,47.5,True,none,,,
BO0624_4399,24999,286,273,UN TRIOMPHE ROMAIN. Plaquette ronde en bronze.,,38.8,True,none,,,
BO0624_4399,25000,287,274,L'AMOUR ACCOMPAGNE DE DEUX GENIES. Plaquette en bronze.,,44.9,True,none,,,
BO0624_4399,25001,288,275,APOLLON ET MARSYAs. Deux plaquettes ovales en bronze.,,45.7,True,none,,,
BO0624_4399,25002,289,276,"HENNE, DUC DE GIOIosA. Buste,en ar mure,regardant a gauche. Bordure de grenetis. Medaillon rond en bronze.",,40.7,True,none,,,
BO0624_4399,25003,290,277,L'ENLEVEMENT DE DEJANIRE. Le centaure entoure Dejanire de ses bras et fuit a,,42.3,True,none,,,
BO0624_4399,25004,291,278,"PERSEE DELIVRANT ANDROMEDE.A droite Andromede,nue, enchainee a un rocher. Du haut des airs Persee,l'epee a la main, fond sur le monstre qui s'approche d'elle. Plaq.octogone,en bronze. XVI siecle.",,46.0,True,none,,,
BO0624_4399,25005,292,279,L'ADORATION DES BERGERs.A droite la Vierge et Saint Joseph agenouilles devant l'Enfant Jesus etendu a terre.A gauche,,44.1,True,none,,,
BO0624_4399,25006,293,280,LE TRIoMPHE.Le triomphateur debout et portant des branches de laurier dans un quadrige se dirigeant a droite.Plaquette ronde en bronze bordee d'une moulure. XVIe siecle.,,50.6,True,none,,,
BO0624_4399,25007,294,281,"LE CHRIST. Buste, nimbe, barbu, les cheveux longs. A 1'entour linscription: IHS·XPS·SALVATOR·MVNDI.Re lief tres fort. Plaquette ronde en bronze. XVI siecle.",,45.9,True,none,,,
BO0624_4399,25008,295,282,"DAVID VAINQUEUR DE GOLIATH. David, debout, s'appuie sur une colonne tronquee et de la main droite il tient la tete du geant qu'il place sur un socle carre a gauche. A ses pieds un'enorme sabre.",,48.2,True,none,,,
BO0624_4399,25009,296,283,"CoRsELET en fer decore de bandes disposees verticalement, ornees de rinceaux graves. Travail italien. XVIe siecle.",,55.5,True,none,,,
BO0624_4399,25010,297,284,BoURGUIGNOTE de fer poli.Manquent les oreilleres. Travail italien. Fin du XVI,,47.3,True,none,,,
BO0624_4399,25011,298,285,"MoRioN de fer avec ornements,animaux etfigures graves.Travail allemand. XVIIe siecle.Mauvais etat de conservation.",,52.6,True,none,,,
BO0624_4399,25012,299,286,"PETIT MoRTIER en bronze avec doubles ailettes, decore d'ornements et d'un ecusson a relief. Affit en bois verni vert. XVIIe siecle. bis.PAIRE D'ETRIERS orientaux, en bronze, a palette large.XVIe siecle.",,49.6,True,none,,,
BO0624_4399,25013,300,287,"GRANDE EPEE DE CEREMONIE.La poignee en bronze dore et grave se compose de longs quillons droits, d'une large fusee et d'un pommeau meplats. Sur les deux faces sont enchassees des pierres dures, differentes (jaspes, agates, etc.).",,49.8,True,none,,,
BO0624_4399,25014,301,288,"PETITE COULEUVRINE en bronze fondu et cisele, decoree de plusieures zones d'ornements en relief et d'un'ecusson entouree d'une couronne de laurier. Dans un cartouche l'inscription:FRANCISCUS",,48.8,True,none,,,
BO0624_4399,25015,302,289,"RAPIERE. Lame a nervure mediane, cannelee vers son talon, portant sur chaque cote la signature:TOLEDO. Monture a branches cintrees,reliees a pas d'ane,quillons recourbes en dehors,fusee recouverte de tresses de fer, pommeau a bossettes",,46.8,True,none,,,
BO0624_4399,25016,303,290,"MARTEAU de porte forme par un petit Bacchus tenant dans les mains une coupe et une grappe de raisin,au milieu de deux lions formant l'anneau.Patine verte foncee.",,47.2,True,none,,,
BO0624_4399,25017,304,291,"VENUS,nue, debout, soutenant une draperie de la main gauche. Le pied droit manque,le gauche est abime.Bronze du XVIIe siecle.",,57.7,True,none,,,
BO0624_4399,25018,305,292,"JuPiTER,nu,debout, avec le foudre dans la main droite. Bronze du XVIle siecle. Haut.0.27. Voir illustration,planche 42.",,49.8,True,none,,,
BO0624_4399,25019,306,293,"HoMME BARBU, le corps couvert d'une courte tunique,les jambes nues ainsi que les bras. Il a les bras en l'air,en position de soutenir quelque chose.Statuette",,50.7,True,none,,,
BO0624_4399,25020,307,294,"Six ANGEs,en bronze, portant les emblemes de la Passion, sur petites bases carrees en palissandre,le devant plaque de lapis-lazuli avec deux cariatides sur les angles. XVIIe siecle.",,53.0,True,none,,,
BO0624_4399,25021,308,295,"ENCRiER rond, orne de volutes et tetes d'anges ailes, soutenu par trois chevaux",,45.6,True,none,,,
BO0624_4399,25022,309,296,"MoRTiER en bronze,les anses formees par deux pommes de pin; orne au pourtour de fruits, d'animaux et de quatre fri- ses a dessins differents. XVIle siecle.",,52.6,True,title_direct,,,Dessins
BO0624_4399,25023,310,297,LE TAUREAU FARNESE. Ancienne reproduction en bronze du fameux groupe. Patine verte.Base en marble blanc ornee de guirlandes en metal dore.,,50.5,True,none,,,
BO0624_4399,25024,311,298,"SERVICE DE TABLE en faience de 《Del Vecchio,de Naples 》.Decore de medaillons a paysages,les bords peints imitation albatre, compose de 18 assiettes creuses, 2 soupieres avec leurs plateaux,59 assiettes plates,16 plats,14 assiettes a dessert, 9 tasses a cafe,etc...Total 136 pieces,",,45.0,True,none,,,
BO0624_4399,25025,312,299,"PETIT VAsE de pharmacie de forme cylindrique,retrecie a la base et au col, orne de feuilles, de feurs et d'animaux, Couleurs bleue,verte,jaune or et ocre sur fond blanc pointille bleu. Email brillant Faenza.XVe siecle.",,53.6,True,none,,,
BO0624_4399,25026,313,300,"PLAT a bord etroit. Fond d'email blanc decore d'une rosace,occupant tout le avec reflets metalliques. Fab. de Deruta.",,46.5,True,none,,,
BO0624_4399,25027,314,301,"BusTE DE SATYRE en pate ibride, coloriee, de la fabrique des Medicis de Florence, modele par Buontalenti. Piedouche en marble blanc. Piece remarquable.XVI",,42.9,True,none,,,
BO0624_4399,25028,315,302,DEUX PETITES BOUTEILLES a panse ronde,,44.7,True,none,,,
BO0624_4399,25029,316,303,"GRAND VASE en forme de bouteille,a la partie inferieure deux mascarons en relief. Orne de larges feuilles peintes en jaune et vert sur fond blanc; au centre les armoiries des Medicis. Faience de Faenza. XVIe siecle.",,55.7,True,none,,,
BO0624_4399,25030,317,304,"CoUPE de forme cylindrique,surpied,dite 《confettiera 》, avec deux anses en S. Décoree au pourtour de palmettes en chamois relevees en bleu a reflets nacres irises, alternees d'oves en relief sur fond d'email blanc. Superbe conservation.Piece d'une rarete extraordinaire. Fab. de Deruta. XV siecle.",,48.0,True,none,,,
BO0624_4399,25031,318,305,"CouPE de forme cylindrique,sur pied,dite 《confettiera&gt;.Au fond un medaillon circulaire representant Saint Francois agenouille devant la croix et recitant le chapelet. Le pourtour est orne de triangles, d'une frise d'imbrications et de tiges de feurs. A l'exterieur des feuilles disposees en triangle,alternees avec des tiges de feurs. Decor bleu et chamois a reflets nacrés sur fond d'email blanc.Fab.de Deruta. Vers 1500.",,49.6,True,none,,,
BO0624_4399,25032,319,306,"ETUI recouvert de maroquin noir contenant, un couvert en argent dore,une sa liere,un coquetier, une petite soupiere avec couvercle et un plateau en ancienne porcelaine de Sevres (pate tendre), decoree de festons de feurs peints en couleurs et dorure sur fond blanc.Au dessous la marque de Sevres avec deux L (1787).",,51.5,True,none,,,
BO0624_4399,25033,320,307,"ENCRIER de style gothique en faience coloriee de Faenza. Sur une base polygonale sont assises quatre f figures:la Prudence,la Justice,la Temperance et la Force, separees par quatre petits encriers. Piece tres rare a cause surtout de l'epoque reculee de sa fabrication,remontant a la moitie du XVe siecle, epoque primi tive ou predomine la zaffera dans la co loration; par la valeur artistique de son style et enfin par le caractere symbolique des figures correspondant au but moral et philosophique de l'ecrivain.",,47.4,True,none,,,
BO0624_4399,25034,321,308,"STATUETTE en ivoire representant Venus, nue,debout,la jambe gauche pliee en avant et appuyee sur la tete d'un dauphin. XVII siecle.",,48.0,True,none,,,
BO0624_4399,25035,322,309,"CoUTEAU DE CHAssE, avec gaine en cuir noir et garniture en argent.Le manche en ivoire sculpte,representant Adam et Eve sous un arbre.",,49.4,True,none,,,
BO0624_4399,25036,323,310,"PETIT TABERNACLE en ivoire decore d'ornements symetriques. A l'interieur Jesus crucifie et les trois Maries pleurant. Sur les panneaux sont representes huit saints, martyrs et apotres sur deux registres a bas-relief.Traces de polychromie et dorure.Le dessous presente en caracteres gothiques 1'inscription:Mastro Berton intaja. Tres restauree. XVe siecle.",,48.8,True,none,,,
BO0624_4399,25037,324,311,DIPTYQUE en ivoire sculpte a bas-relief. Sur un volet Jesus crucife avec la Madonne et la Madeleine pleurant; sur l'autre la Madonne et l'Enfant au milieu de deux anges.,,47.6,True,none,,,
BO0624_4399,25038,325,312,RAPE-A-TABAC en ivoire formee d’une figure d’ecclesiastique avec rabats.,,40.6,True,none,,,
BO0624_4399,25039,326,313,"BoiTE RONDE en ivoire, offrant une de coration d'ornements et animaux en style byzantin. Serrure et ornements en metal dore.Piece tres remarquable.XIIl siecle. bis CADRAN solaire rectangulaire ayant trois",,48.8,True,none,,,
BO0624_4399,25040,327,313bis,CADRAN solaire rectangulaire ayant trois - faces plaquees d'ivoire et la quatrieme de cuivre argente portant la date 1597. Grand cote du rect.: o.ogo ——Petit cote o.055.,,52.3,True,none,,,
BO0624_4399,25041,328,314,"ECOLE DE GIOTTO. RETABLE a cinq panneaux, surmontes de cuspides. Dans celui du centre la Madonne avec l'Enfant,un saint dans tous",,47.7,True,none,,,
BO0624_4399,25042,329,315,"ECOLE DE GIOTTO.  L'EMPEREUR CONSTANTIN LE GRAND et 1imperatrice Sainte Helene,debouts,de face, couronnes,avec longs vetements de pourpre a ornements d'or,tenant une teret tres grand comme portraits d'une epoque tres reculee.Petit panneau a fond",,45.8,True,none,,,
BO0624_4399,25043,330,316,"J.A.WATTEAU.  (1684-1721). PORTRAIT DE JEUNE DAME assise SOus un arbre tenant un livre dans la main gauche. Robe de faille blanche, coiffure a rangees de petites frisures poudrees.Au fond,une villa avec balustrade,un rosier et des ba timents.Portraitcharmant.Cadre en bois dore a ornements et reliefs.",,51.0,True,none,,,
BO0624_4399,25044,331,317,ECOLE LOMBARDE. SAINT JEAN. Cadre sculpte et dore. Bois haut.o.82Xo.60.,,45.3,True,none,,,
BO0624_4399,25045,332,318,"J.B.VAN LOO.  (1684-1745). PORTRAIT DE JEUNE FEMME.Demi-corps,",,35.3,True,title_direct,VAN LOO,,
BO0624_4399,25046,333,319,"BARTOLOMEO VENETO. PORTRAIT DE JEUNE HOMME. BuSte,la tete estlegerement inclinee et tournee de trois quarts vers la droite. Les cheveux lui descendent le long des joues,il est coiffe d'un bonnet noir,orne sur le devant de grandes houppes blanches, couvert d'un vetementbleu sombre quilaisse depasser la chemisette blanche autour du cou. Il soutient de la main droite une boule posee sur un appui en marbre, qui occupe le devant du tableau. Peinture tres agreable. Cadre en bois dore avec ornements en relief. bis. QUATRE PANNEAUX a fond d'or,repre Evangeliste, Saint Paul et Saint Dominique, encadres de colonnettes torses supportant des arceaux et un'entablement en",,49.4,True,none,,,
BO0624_4399,25047,334,320,"J.B. PATER.  (1695-1736). LEs BAIGNEUsEs. Dans la riviere d'un parc, trois dames se baignent. Au bord de la riviere une autre se prepare a joindre obis. HERODIADE entoure de divers personna ges,regarde avec complaisance la tete ensanglantee de Saint Jean Baptiste que le bourreau souleve d'un bassin de cuivre. Beau fond d'architecture.Les attitudes variees et pleines de naturel,la correction du dessin et la vivacite du coloris,revelent dans cette ceuvre toute la valeur du celebre artiste. Cadre en bois sculpte et dore.",,47.8,True,none,,,
BO0624_4399,25048,335,320bis,"SEBASTIEN RICCI.  (1662-1734). HERODIADE entoure de divers personna ges,regarde avec complaisance la tete ensanglantee de Saint Jean Baptiste que le bourreau souleve d'un bassin de cuivre. Beau fond d'architecture.Les attitudes variees et pleines de naturel,la correction du dessin et la vivacite du coloris,revelent dans cette ceuvre toute la valeur du celebre artiste. Cadre en bois sculpte et dore.",,47.7,True,none,,,
BO0624_4399,25049,336,321,"LORENZO LOTTO.  (XVIe siecle). PORTRAIT D'HOMME (TETE), tourne de trois",,45.0,True,title_direct,LORENZO LOTTO,,
BO0624_4399,25050,337,322,"FRANCK. LE soUPER. Interieur de cuisine d'auberge avec table dressee,autour de laquelle une joyeuse compagnie de dames et de cavaliers s'amusent avec de la musique, des chants et des danses. Cadre en bois noir et dore.",,50.2,True,title_direct,FRANCK,,
BO0624_4399,25051,338,323,"LORENZO LOTTO  (attribue a: XVl siecle). PoRTRAIT D'HOMME,demi corps,jouant le clavecin.La tete couverte d'une toque noire est tournee de trois quarts vers la droite.ll est vetu de noir avec col et garnitures blanches a petits plis aux manches. Cadre dore. bis.PoRTRAIT DE PRINCE. Le personnage est represente a mi-corps, de trois quart a gauche, vetu d'un pourpoint et d'un manteau noir brode d'or; une fraise au cou et le collier de lordre de la Toison d'or. Cadre guilloche noir et or.",,49.7,True,title_direct,LORENZO LOTTO,,
BO0624_4399,25052,339,323bis,LORENZO LOTTO  (attribue a: XVl siecle).,,41.5,True,title_direct,LORENZO LOTTO,,
BO0624_4399,25053,340,324,"A.VAN DYCK  (attribue a) DIANE CHAssEREssE. La deesse est representee tournee de trois quarts a gauche, et debout; corsage garni de bijoux, laissant le sein nu; une rangee de grosses perles autour du cou, un voile fotte derriere la tete, le front est orne du croissant et de plusieurs rangees de perles. De la main gauche elle caresse la tete d'un levrier,la droite pose sur un cippe recouvert d'une draperie rouge. Paysage au fond. Cadre sculpte et dore.",,51.3,True,none,,,
BO0624_4399,25054,341,325,"RAPHAEL MENGS.  (1728-1779). PORTRAIT (BUSTE)DU ROI AUGUSTE DE SAXE, de profl,en perruque,tete tournee de trois quarts;garniture de dentelles au cou et aux manches; manteau de velours rouge glissant de l'epaule gauche.Riche cadre en bois sculpte et dore.",,51.4,True,none,,,
BO0624_4399,25055,342,326,TIZIANO VECELLIO. SAINT JERoME dans le desert. A la plume .et terre de Sienne. Cadre en bois noir.,,49.1,True,none,,,
BO0624_4399,25056,343,327,DEL SARTO ANDREA. EsQuissE pour la fresque de la maison De' Scalzi a Florence. A la plume. Cadre en bois dore.,,48.0,True,none,,,
BO0624_4399,25057,344,328,DURER ALB. SANSON TUANT LE LYON NEMEE. A la plume. Cadre en bois brun.,,53.1,True,none,,,
BO0624_4399,25058,345,329,"SAINT FRANCOIs debout prechant et tenant un livre dans la main gauche. Dans une niche, decoree de pilastres ornes de tresses,soutenantun arc.Haut-relief en marbre blanc. XVe siecle.",,50.6,True,none,,,
BO0624_4399,25059,346,330,"ANDREA VERROCCHIO.  (1432-1488). BUSTE DE JEUNE HOMME, de grandeur nature,la tete legerement tournee a gauche,vetu d'une tunique serree,avec deux glands tombant des epaules sur la poi trine. Base élliptique en bois verni noir. Splendide travail en stuc de grand caractere. Un peu abime.",,46.6,True,none,,,
BO0624_4399,25060,347,331,"ANDREA VERROCCHIO.  (1432-1488). LE SaUvEUR, figure a demi corps en marbre blanc,la tete tournee a gauche,les cheveux longs tombant sur les épaules, les bras croises; sur base exagonale formant corps avec la figure. XVIe siecle.",,47.6,True,none,,,
BO0624_4399,25061,348,332,ANDREA VERROCCHIO.  (1432-1488). OLYMPE ET PAN. Groupe en terre-cuite. Travail forentin de XVIe siecle.Piece tres remarquable.,,45.1,True,none,,,
BO0624_4399,25062,349,333,ECOLE DE SIENNE. LA MADONE ET L'ENFANT JESUS. La,,34.4,True,none,,,
BO0624_4399,25063,350,334,"N. BEGARELLI.  (XVI siecle). BusTEs en terre cuite de la Vierge, de St.Jean Baptiste et de la Madeleine, fragments de figures faisant partie d'un grand groupe,probablement une Mise au tombeau Touches de l'expression de douleur qui dans cesf figures est étudiee etrendue avec un art parfait,nousnous souvenons des paroles de Michelange qui disait devant les ceuvres de ce fameux modeleur: 《Si cette terre devenait marbre,malheur aux statues antiques!&gt;Le lotsera divise et les bustes vendus piece par piece.*",,48.3,True,title_direct,N.BEGARELLI,,
BO0624_4399,25064,351,335,"TETE DE SAINT JEAN BAPTISTE, peinture en email de couleurs sur fond or. Tout au tour l'inscription en lettres dorees:LE",,45.3,True,none,,,
BO0624_4399,25065,352,336,"PETIT MEDAILLON en or, formant croix grecque a cinq compartiments en forme d'octogone, dans chacun desquels est represente un episode de la Passion de Jesus, en email peint en grisaille. Au revers fleurs egalement sur email.",,51.1,True,none,,,
BO0624_4399,25066,353,337,"SAINT JERoME a genoux, se frappant la poitrine avec une pierre. Plaque cintree par le haut,peinte en emaux et portant 1inscription:SANTE·IRONMEE en",,42.7,True,none,,,
BO0624_4399,25067,354,338,"DIX-NEUF EMAUX de forme ovale, colories,representant des episodes de la vie de Jesus et de la Madone, disposes sur fond de velours vert dans un cadresculpte",,46.2,True,none,,,
BO0624_4399,25068,355,339,"PLAQUE cintree par le haut,peinte en emaux de couleurs translucides,avec rehauts d'or,representant la Salutation angelique.Au revers le poincon de Jean I",,45.7,True,none,,,
BO0624_4399,25069,356,340,"PLAQUE ronde, peinte en emaux de couleurs translucides,representant Saint Martin et le pauvre. Laudin. Limoges.",,43.5,True,none,,,
BO0624_4399,25070,357,341,"DEUx CABINETs (pendant) plaques de pa- bis. DEUX CHAIsEs a haut dossier, en noyer sculpté, recouvertes en cuir de Cordoue, a rinceaux feuillages et feurs,garnies de",,52.4,True,none,,,
BO0624_4399,25071,358,342,"HARPE en bois sculpte, noir et or, de bis. DEUX CHAISEs a haut dossier en noyer sculpte,recouvertes en cuir de Cordoue, a rinceaux feuillages et fleurs, garnies de",,56.3,True,none,,,
BO0624_4399,25072,359,342 bis,"DEUX CHAISEs a haut dossier en noyer sculpte,recouvertes en cuir de Cordoue, a rinceaux feuillages et fleurs, garnies de - clous en cuivre.  Travail portugais. Louis XV. Prove- nant de la collection Villegas.",,54.2,True,none,,,
BO0624_4399,25073,360,343,"CorFRE en noyer sculpte,a dessus plat et reposant sur quatre pieds a griffes de ecusson soutenu par des sphinx, de vod'enfants et d'animaux chimeriques. Les angles sont garnis de dauphins, la base bis. DEUX CADREs de glace en cuivre a large bordure,sur laquelle sont representes des sujets de l'art classique antique et",,52.1,True,none,,,
BO0624_4399,25074,361,344,"BEAU CABINET de forme rectangulaire,a (lapis-lazuli, agates, jaspes, onyx) mon- facade architectonique,plaquee de pierres ture en ebene et garnie de bronzes. Au milieu de la facade deux petites colonnes en jaspe radicellato rosso supportent un fronton;les chapiteaux,les bases,les ornements et les pieds sont en bronze dore.",,55.9,True,none,,,
BO0624_4399,25075,362,345,GRAND BALDAQUIN en damas venitien a fond blanc. Riche broderie de fleurs en couleurs et rinceaux en argent et or. Au milieu il y a la place pour poser un ta- bleau. Epoque Louis XV.,,51.9,True,none,,,
BO0624_4399,25076,363,346,"TROIS BORDURES en tapisserie, deux horizontales,une verticale,avec motifs composes d'amours et de trophees d'armes. Composition splendide pour l'elegance du dessin et la fraicheur du coloris. Tres indique pour encadrement de porte. Louis XVI. 'autre 3.10X0.60.",,46.3,True,none,,,
BO0624_4399,25077,364,347,"PETIT TAPIs oriental en laine, fond bleu avec oiseaux et rosaces de couleurs.Bor-",,50.3,True,none,,,
BO0624_4399,25078,365,348,"TAPis persan (Ispahan) en laine.Fleurs semees sur fond rouge, bordure a guirlandes de fleurs sur fond vert clair.Tisfleurs sur fond vert clair.Tis- sage tres fin et tres serre, piece d'un merveilleux effet de couleurs. Ces tapis se trouvent souvent reproduits sur des tableaux famands du XVIIe siecle.Res- taure. Fin du XVI siecle.",,49.4,True,title_direct,,,Tableaux
BO0624_4399,25079,366,348bis,TENTURE en soie satinee a fond blanc et bandes bleu ciel fane a ramages serpen tants. Epoque: Louis XVI,,50.0,True,none,,,
BO0624_4399,25080,367,349,"NEcEssAiRE en ebene. Pieces en acier martele pour coudre et broder.Sur l'interieur du couvercle linscription en lettres d'acier:Pour,loin de moi, penser a ton ami.Epoque Empire. bis. Coupe sur pied et a couvercle et deux autres coupes basses, en cuivre avec ornements graves.",,48.6,True,none,,,
BO0624_4399,25081,368,350,"PETIT BRuiE-PARFUMS en laque noire, de core de feurs dorees.Monture en bronze dore et cisele avec ornements a rocaille",,50.8,True,none,,,
BO0624_4399,25082,369,351,"CRoix en metal argente,avec ornements sur les deux cotes,enrichie de onze niel les en argent,representant laVierge avec 1'Enfant Jesus,les Evangelistes et plu- sieurs martyrs. XVe siecle.",,45.9,True,none,,,
BO0624_4399,25083,370,352,"GROs ANNEAU papal en bronze dore, orne surles cotes des emblemes desEvangelistes et de la Papaute en relief;dans la partie inferieure du cercle est gravee linscription:PIUS|PAPA|SECUN DUS. Dans le chaton un rectangle en serpentin.",,50.5,True,none,,,
BO0624_4399,25084,371,353,"SERVICE DE TABLE en cristal de.Boheme a quadrille,a petites feurs dorees, compose de: huit carafes, vingt-cinq verres, deux dessous de carafes,un petit flacon et sept petits verres a rosolio.",,48.0,True,none,,,
BO0624_4399,25085,372,354,"PANIER, forme octogonale, divise en compartiments formes par des cristaux,ornes de feurs et ornements peints. Monture en metal dore avec garniture en argent. Bord a ornements a jour.",,50.7,True,none,,,
BO0624_4399,25086,373,355,"FLAMBEAU de mosquee en cuivre,a large pied circulaire campanule, avec inscriptions et ornements graves.",,47.9,True,none,,,
BO0624_4399,25087,374,356,"CRossE d'eveque, en bois dore. La volute decoree de feuillage finement sculpte. Travail forentin XVIe siecle.",,53.9,True,none,,,
BO0624_4399,25088,375,357,"SERRURE en fer,a riche decoration d'ornements,fontaines,cariatides,mascarons et fgures gravees, tant sur la partie externe,comme sur le mouvement du mecanisme.Travail allemand du XVI siecle.",,47.8,True,none,,,
BO0624_4399,25089,376,358,"PAIRE DE CANDELABRES en bronze dore. L'un forme par un petit Bacchus assis, l'autre par un petit faune,supportant chacun deux branches avec feuilles et feurs.Travail francais fnement cisele.",,49.1,True,none,,,
BO0624_4399,25090,377,359,BENITIER PORTATIF en cuivre grave avec anse mobile.Ornements et forme de style oriental.Travail venitien du XVIe siele. Diam.0.23-Haut.0.16.,,48.9,True,none,,,
BO0624_4399,25091,378,360,"PIED DE BRASIER en fer forge avec tige soutenant un bras mobile auquel est suspendu un seau en bronze, avec anse trilobee et mobile;decore en bas d'un mascaron avec robinet,et sur le bord de deux tetes de Meduse a relief.XVe siecle.",,49.1,True,none,,,
BO0624_4399,25092,379,361,"UN CENTAURE,vu de profl et marchant vers la droite,tient dela main droite une corbeille, qu'il porte sur ses epaules; de la gauche il tient le thyrse.Unepeau de lion tombe derriere de les epaules. Pla- quette en bronze.",,49.7,True,none,,,
BO0624_4399,25093,380,362,"PoRTRAIT DE FEMME.Tete de profla gauche, les cheveux divises en bandeaux ondes. Plaquette en bronze.XVI siecle.",,48.0,True,none,,,
BO0624_4399,25094,381,363,"MINERVE,representee en buste, de profl a droite. Sur son casque a cimier on voit un hippogriffe.Plaquette ovale en bronze.",,45.8,True,none,,,
BO0624_4399,25095,382,364,"BACCHANALE. Bacchus,nu,couronne de lierre,une coupe dans la main droite et une grappe de raisin dans la gauche, danse,entoure de satyres et de petits amours.Plaquette ronde,en bronze.XVI siecle.",,48.4,True,none,,,
BO0624_4399,25096,383,365,"SAINT PAUL,en buste,de profl a droite, tete nimbee;al'entourlinscription:Vas Electionis—S.Paulus Apostolus.Pla- quette ronde. XVIe siecle.",,42.9,True,none,,,
BO0624_4399,25097,384,366,"PoRTRAIT DE MICHEL-ANGE,en buste,de profl a droite, avec l'inscription al'entour: Michaelangelus Bonarrotus Flo.aetas s.",,37.6,True,none,,,
BO0624_4399,25098,385,366bis,"SUJET ALLEGORIQUE. Plaquette en bronze decoree d'un encadrement. Long.0.125—Haut.o.075. Voir illustration,planche47.",,47.4,True,none,,,
BO0624_4399,25099,386,367,"LE DESESPOIR DE RHEA SYLVIA:Elle est a droite,nue,de face,les cheveux denoues,flottants, se tordant les mains dans la douleur desesperee pour l'enlevement de ses deux fils Romulus et Remus que l'executeur du commandement du roi Numitor, se dirigeant vers la gauche, porte dans ses bras. Au fond,paysage;a droite, un arbre;a gauche, en haut,un cartouche rectangulaire avec inscription.Plaquette en bronze. XVIe siecle.",,46.4,True,none,,,
BO0624_4399,25100,387,368,"JuPITER, en demi buste, couronne de laurier, de profl a gauche. Plaquette ovale en bronze. XVI siecle.",,55.6,True,none,,,
BO0624_4399,25101,388,369,L'ENLEVEMENTDU PALLADIUM.Plaquette en bronze.,,45.4,True,none,,,
BO0624_4399,25102,389,370,BeUF avec un livre ouvert; attribut de Saint Luc. Plaquette ronde a tres haut relief. XVIe siecle.,,48.7,True,none,,,
BO0624_4399,25103,390,371,"PARTIE DE FRISE d'ornement. Petite figurine dans une niche cintree eta pilastres, fanquee en bas d'un sphinx a tete et sein de femme,et, en haut, d'un animal chimerique,alternant avec un cartouche rond avec encadrement orne de volutes et d'une étoile au milieu. Bronze dore, delicatement sculpte,attribue a Giovanni delle Corniole.",,50.9,True,none,,,
BO0624_4399,25104,391,372,LE MARTYRE DE SAINT ANDRE.BaSrelief ovale en bronze.Fin du XVIe siecle. Diam.0.30X0.26.,,43.4,True,none,,,
BO0624_4399,25105,392,373,"VENUS ET L'AMOUR. La deesse, nue, est assise, de profl a droite,la jambe gauche",,42.8,True,none,,,
BO0624_4399,25106,393,374,PAIRE DE PISTOLETS. Les canons sont decores de trophees sculptes en relief sur fond d'or vers la culasse et de damasquinures dorees dans le reste.Monture en bois de noyer ornee de plaques gravees et dorees. Pommeau et sous-garde en bronze dore a trophees et ornements varies en relief. Les platines portent la si gnature: P. A. Bizallon et Cessier.,,57.9,True,none,,,
BO0624_4399,25107,394,375,"EPEE de ceinture, a lame hexagonale,",,41.3,True,none,,,
BO0624_4399,25108,395,376,"PoRTE-MECHE. Lame courte,large, decoree sur ses deux faces de figures gravees. Au dessous de la lame se developpent en volutes deux branches terminees",,52.1,True,none,,,
BO0624_4399,25109,396,377,"ARBALETE. Le fuit est de noyer termine par une crosse semblable a celle d'une arquebuse, garni de plaques d'ivoire avec animaux graves. Travail allemand. XVII siecle.",,49.3,True,none,,,
BO0624_4399,25110,397,378,EPEE DE CEINTURE. Poignee de fer incruste de fines arabesques suivant les procedes des azziministes.Elle se compose,,44.8,True,none,,,
BO0624_4399,25111,398,379,"MoRION A POINTE,avec porte-plumail, en fer,decore de bandes d'ornements et de medaillons a figures gravees. Traces de bis. EPEE A L'ESPAGNOLE. La coquille he mispherique et decoree de rinceaux,de feurons et d'animaux ouvres a jour. Quillons droit etgarde-mainreplie surlepommeau cisele. Sur la lame hexagonale, cannelee vers le talon,on lit:Valenc.Me fecit.XVIe siecle.",,49.1,True,none,,,
BO0624_4399,25112,399,380,"PAIRE DE PISTOLETS a deux coups et a un seul canon. Le canon, tres long et de petit calibre, est decore sur la culasse et autour de la gueule de fleurs et feuilles gravees en creux et dorees. Sur les platines sont representes de sujets militaires graves au burin. Monture en ebene terminee par un crosse elliptique garnie d'un pommeau a fleurs et feuillages en bronze cisele, ajoure et dore. Sur les canons la signature:Nicolas Colas—Sedan.Pieces de travail distingue. Epoque Louis XIV. obis. BRIN D'EsTOc. Sur le deux petites lames liscription: Al segno ——Del Gato. XVIe siecle.",,47.3,True,none,,,
BO0624_4399,25113,400,380bis,BRIN D'EsTOc. Sur le deux petites lames liscription: Al segno ——Del Gato. XVIe siecle.  Haut.tot.2.15.,,42.8,True,none,,,
BO0624_4399,25114,401,381,"SoNNETTE en bronze, decoree de beaux festons et animaux en relief. L'Amour qui surmonte la sonnette est d'epoque moin reculee mais d'une belle patine et tres bien modele.XVIe siecle.",,53.5,True,none,,,
BO0624_4399,25115,402,382,SAINT PIERREetSAINT PAUL.DeuX sta- tues en bronze.XVIle siecle.,,38.3,True,none,,,
BO0624_4399,25116,403,383,"SocRATE. Demi buste en bronze. Patine foncee.Base en bois verni,imitant le marbre vert.",,44.8,True,none,,,
BO0624_4399,25117,404,384,"ENcRIER en bronze, supporte par trois lions,assis sur leurs pattes posterieures et separes l'un de l'autre par des ecussons. XVIIe siecle.",,50.1,True,none,,,
BO0624_4399,25118,405,385,"GRAND MARTEAU DE PORTE,forme d'une tete de lion,tenant dans la gueule un anneau compose de deux dauphins affrontes. Belle patine vert fonce.XVI",,46.9,True,none,,,
BO0624_4399,25119,406,386,"CREUGANTE et DAMOSSENO, statuettes en bronze. Patine brune et parfaite conservation. Sur bases carrees en albatre,le plinthe et la cimaise en marbre rouge",,48.3,True,none,,,
BO0624_4399,25120,407,387,"DEUX ANGES,assis,les mains leves, dans la position de soutenir quelque chose. Style d'Algardi.XVIle siecle.",,47.1,True,none,,,
BO0624_4399,25121,408,388,"STATUE EQUESTRE, representant MarcAurele.Reproduction en bronze du XVIIe siecle. Base en bronze.Patine vert-fonce.",,48.2,True,none,,,
BO0624_4399,25122,409,389,"PLAQUE rectangulaire,reproduction du fameux tableau de J.A.Bazzi,surnomme: Le Sodoma,representant l'extase de Sainte Catherine. A l'angle inferieur,a droite, les initiales S.M. Ecusson sur chaque base des deux pilastres qui decorent la plaque. Faience de Sienne du XVIlle siecle.",,48.5,True,none,,,
BO0624_4399,25123,410,390,GRAND PLAT rond a decor grave sous engobe. Au marli et a la chute une succession d'ornements en email blanchatre sur fond jaune. Au centre un écusson armoirie entoure d'une guirlande de feuilles en couleurs jaune et verte. Fab. de la,,56.7,True,none,,,
BO0624_4399,25124,411,391,"PLAT hispano-arabe, sur piedouche,a six cavites rangees autour d'une cavite au centre. Le plat est decore sur les deux surfaces de fleurs et ornements a reflets cuivreux. Seconde moitie du XVII siecle. Diam.0.285.",,54.1,True,none,,,
BO0624_4399,25125,412,392,"PLAT ovale, offrant dans le fond Jesus baptise par Saint Jean,a decor polychrome et en relief. Revers jaspe. Travail de B.Palissy.",,46.8,True,none,,,
BO0624_4399,25126,413,393,"GRAND BASSIN circulaire a deux anses, formees de tetes d'animaux chimeriques. A 1interieur est represente le passage de la mer Rouge par les Juifs, poursuivis par les soldats de Pharaon.A 1'exterieur",,45.1,True,none,,,
BO0624_4399,25127,414,394,"GRANDE PENDULE en porcelaine de Saxe, representant Le Temps entoure d'Amours symbolisant les Arts. Tres belle piece. Louis XVI.",,47.4,True,none,,,
BO0624_4399,25128,415,395,"SERVICE DE TABLE en porcelaine Vieux Japon, decore de feurs et ramages de couleurs sur fond blanc, compose de:4 soupieres,2 grands plats ovales,24 assiettes creuses, 61 assiettes plates,12 petites assiettes creuses,12 assiettes a dessert, 6plats de differente grandeur,2 saladiers, etc. Total 187 pieces.",,48.5,True,none,,,
BO0624_4399,25129,416,396,"SIx VAsEs A THE,forme carree,ornes de fleurs sur deux cotes et de paysages sur les deux autres. Decor bleu et rouge rehausse d'or sur fond blanc. Porcelaine. Vieux Japon.",,50.5,True,none,,,
BO0624_4399,25130,417,397,"PLAT a marli etroit. Au centre, dans un medaillon circonscrit d'un listel saillant, un buste de femme de profl a gauche, accoste d'une tige de feurs; autour, sur la chute,tiges de feurs et triangles alternes. Sur le marli une bande courante d'oves.Decor bleu et chamois a tres beaux reflets metalliques sur fond d'email blanc. Au verso cercles concentriques.Fab.de Deruta.Fin du XVe siecle.Beau cadre en bois sculpte et dore. Piece superbe.",,48.9,True,none,,,
BO0624_4399,25131,418,398,"PLAT creux sur pied,representant les metamorphoses d'Acteon.A droiteDiane et ses nymphes, dans un bassin;a gauche, les chiens de la deesse poursuivant Acteon change en cerf. Au fond paysage montueux.Fab.d'Urbino: Atelier des Fontana.",,46.3,True,none,,,
BO0624_4399,25132,419,399,"PETIT PLAT creux a large bord,dit tondino,|4o3. BoiTE cylindrique en ivoire,offrant au orne d'arabesques chamois, rehaussees de bleu,a reflets metalliques sur fond blanc nacré.Fab. de Deruta,XVIe siecle.",,53.2,True,none,,,
BO0624_4399,25133,420,400,"LA CREcHE. Quatre petites figures et plusieurs petits animaux en ivoire, sculptes en ronde bosse, renfermes dans une niche. Cadre en metal dore.",,49.4,True,none,,,
BO0624_4399,25134,421,401,"L'ADORATION DES MAGES. La Vierge, assise et tournee vers la gauche,presente 1'Enfant a ladoration d'un des rois Mages, qui, agenouille, lui offre un vase. Plaquette en ivoire sculpte en bas-relief.",,49.7,True,none,,,
BO0624_4399,25135,422,402,"GAiNE a couteaux en ivoire, de forme carree, se retrecissant a la base;il est soutenu par quatre petites figures posant sur un pied circulaire, et est decore d'en trelacs et meandres enlaces.En haut, sur chaque cote, une figure armee d'une epee.",,52.6,True,none,,,
BO0624_4399,25136,423,403,"BOITE cylindrique en ivoire, offrant au pourtour un sujet de chasse au faucon, avec deux cavaliers, deux cerfs et oiseaux. Sur le bord du couvercle une inscription en caracteres orientaux. Piece - tresrare de 1'artpersan du XIl siecle.*",,50.2,True,none,,,
BO0624_4399,25137,424,404,"LAVIERGEETL'ENFANTJESUS,Statuette en ivoire, sur base hexagone,en bois dore avec frise plaquee en nacre et ornements incrustes.XVIle siecle.",,46.9,True,none,,,
BO0624_4399,25138,425,405,PLAQUETTE en ivoire a arc trilobe. Jesus sur la croix et les trois Maries. Sculpture et bas-reliefs polychromes.,,45.2,True,title_direct,,,Sculptures
BO0624_4399,25139,426,406,"ECOLE FLAMANDE.  (XVIl siecle). PORTRAIT DEVIEILLEFEMME.En buSte,",,43.8,True,none,,,
BO0624_4399,25140,427,407,"INNOCENT FRANCUCCI D'IMOLA.  (1480-1550). LE MARIAGE DE SAINTE CATHERINE. SaintJoseph etla Madone tenant dans ses bras l'Enfant, qui se penche vers Sainte Catherine,contemplent avec une expression de douceur le mariage mystique. Belle composition. Cadre en bois dore avec volutes et feuillages sculptees.",,51.8,True,none,,,
BO0624_4399,25141,428,408,"PARIS BORDONE.  (1500-1570). LA FEMME DE PUTIPHAR, s'efforce de retenir le chaste Joseph qui se derobe a son insistence lascive.D'une verite saisissante l'expression de desir mele de stupeur sur les traits de la femme. On peut admirer le coloris vigoureux si caracteristique de cet artiste, digne eleve du Titien. Cadre dore.",,47.5,True,none,,,
BO0624_4399,25142,429,409,"ALESSANDRO ALLORI  (dit le Bronzino, 1535-1607). PORTRAIT D'ELEONORE DE TOLEDE, femme de Cosme Ier duc de Florence, avec son fils don Francois. Figures aux trois quarts,debouts,presque de face,en vetements de Cour.",,42.7,True,none,,,
BO0624_4399,25143,430,410,"J.BHERENS. FLEURS, FRUITS ET PETITS OISEAUX.La disposition heureuse,le vif coloris uni a la parfaite imitation de la nature,sont les qualites distinctives de ces deux peintures (pendant) qui ne peuvent échapper au gout des connaisseurs intelligents.",,45.8,True,none,,,
BO0624_4399,25144,431,411,"ECOLE DE GIORGIONE.  (Commencement du XVI siecle). LE CHRIST, SAINT PIERRE ET SAINT JEAN, figure a demi corps. Beau fond de paysage.Peinture d'un coloris superbe de la maniere admirable de lecole de Barbarelli.Riche cadre sculpte et doré. bis. PAYSAGE AVEC RUINES. Le paysage est 1'oeuvre de P. Patel et les figures sont de Le Sueur.",,46.6,True,none,,,
BO0624_4399,25145,432,411bis,PAYSAGE AVEC RUINES. Le paysage est 1'oeuvre de P. Patel et les figures sont de Le Sueur.  Cette cevre est d'un grand interet artistique ayant ete tresprobablement peinte pendant les voyages en Italie de ces deux maitres. Cadre en bois dore.  Toile:Haut.o.65Xo.50.,,47.6,True,none,,,
BO0624_4399,25146,433,412,"G.M.CRESPI  （dit l'Espagnol,1665-1747）. JoUEUR DE GUITARE. Figure a demi corps, de profl, la tete tournee de trois quarts regarde en souriant le spectateur. Cadre dore avec ornements en relief.",,47.4,True,none,,,
BO0624_4399,25147,434,413,DAVID TENIERS.  (1610-1690). LES JOUERS DE BOULEs. Scene champetre d'une verite et d'une simplicite frappantes.Ebauche d'une etude presque achevee.Cadre dore.,,44.4,True,none,,,
BO0624_4399,25148,435,414,"JEAN-BAPTISTE PIAZZETTA.  (1683-1754). DEUX COMPOSITIONs d'une originalite interessante faisant pendant: Grandes figures de dames,de patres,etc.Beaux effets de clair-obscur, du charme dans le coloris. Cadre surmonte d'une riche cimaise a ornements et feuillage en bois sculpte et dore.",,51.0,True,none,,,
BO0624_4399,25149,436,415,"LUCAS DE LEYDE.  (1494-1533). LE TRIOMPHE DE DAVID.Des personnages et des femmes portant des instruments de musique et des dons acclament le jeune berger vainqueur du geant Goliath,dont la tete est portee aubout de 1enorme epee que David tient avec les deux mains.Bonne composition et coloris agreable. Sur cuivre. L'eau-forte par l'auteur existe aussi. Cadre en noyer dore et sculpte.",,48.4,True,none,,,
BO0624_4399,25150,437,416,"FILIPPINO LIPPI.  (1460-1505). LA VIERGE ADORANT L'ENFANT JESUS. Panneau cintre par le haut.La Mere de Dieu agenouillee,les mains jointes,la tete couverte d'un leger voile, drapee dans un manteau bleu a galon d'or est en adoration devant l'Enfant Jesus,couche nu sur un coussin;le petit Saint Jean a cote,également en adoration.En haut, dans le lontain, paysage avec des bergers. Encadrement formant corps avec le panneau,a bordure,peint en bleu avec etoiles dorees et moulures sculptees et dorees. Au bas, sur le frise l'inscription: Ave Maria gratia plena,en lettres dorees et deux ecussons a les extremites. Composition pleine de grace et de ce charme qui a rendu celebres les tableaux de ce maitre.",,47.2,True,title_direct,,,Tableaux
BO0624_4399,25151,438,417,"F.H.DROUAIS.  (1727-1775). PORTRAIT DE JEUNE DAME decolletée, regardant le spectateur avec attitude gracieuse de la tete. Un bijou dans les cheveux et trois files de perles autour du cou. Agreable portrait. Cadre dore.",,52.6,True,none,,,
BO0624_4399,25152,439,418,TIEPOLO. PAysAGE avec hommes et chevaux.Aquarelle a la terre de Sienne. Cadre en bois noir.,,45.2,True,none,,,
BO0624_4399,25153,440,419,"CORREGGIO. DANAE, assise, nue, le dos tourne au spectateur,recoit les caresses de Jupiter. Le tableau existe dans le Musee de Vienne. Crayon sur papier.",,44.2,True,none,,,
BO0624_4399,25154,441,420,DURER ALB. MARTYRE D'UN SAINT. A la plume. Ca dre en bois dore.,,55.7,True,none,,,
BO0624_4399,25155,442,421,PIERRE PERUGINO. UN SAINT. Dessin a la plume pour la banniere du Bienheureux Jacques de la Marca qui se conserve a la Pinacotheque de Perouse. Cadre en bois dore.,,43.9,True,title_direct,,,Dessins
BO0624_4399,25156,443,422,"DEUX GAiNEs en bois noir, decore de marbres anciens en couleurs. XVIle siecle. Haut.M.1.03.",,48.9,True,none,,,
BO0624_4399,25157,444,429,"ECOLE DE PISE. FIGURE VIRILE,debout,les cheveuxlongs retombant sur les epaules,une couronne royale sur la tete, drapee d'un long vétement agrafe sur la poitrine. Statuette en marbre. XIVe siecle.",,52.7,True,none,,,
BO0624_4399,25158,445,424,"ECOLE DE PISE. MADONE AVEC L'ENFANT.La Madone a la tete couverte d'unvoile qui vient s'arreter sur sa poitrine, vetue d'une robe serree a la taille et d'un ample manteau qui vient se reunir en larges plis sur le devant,elle tient lEnfant sur le bras gauche. Statuette en marbre blanc.",,52.6,True,none,,,
BO0624_4399,25159,446,425,"ECOLE DE PISE.CHEMINEE monumentale. La partie inferieure est en pierre et se compose de montants et d'une frise ornee d'un feurons au centre et de volutes a feuillage dans lesquelles jouent quatre genies representant:la Chasse,la Vendange,la Moisson et la Peche.Deux moufles de lion tiennent dans la bouche un feston de fruits et de feuilles,descendant lelong des mon-",,49.1,True,none,,,
BO0624_4399,25160,447,426,"SUPERBE TAPISSERIE de Beauvais,repre sentant Renaud et Armide dans un jardins. Tres belle bordure composee de guirlandes de roses.",,44.8,True,none,,,
BO0624_4399,25161,448,427,"BALDAQUIN en brocart venitien,fond",,37.2,True,none,,,
BO0624_4399,25162,449,428,"LoNGUE BANDE en brocart argent glace, avec ornements et feuillages en broderie appliquee. XVIe siecle.",,53.8,True,none,,,
BO0624_4399,25163,450,423,"GRAND TAPIS syrien (Damas),en laine de chevre angora, a fond rouge; decor, reproduction de carreaux polychromes a dessins differents. Bordure meme decor fond bleu. Une piece de telle grandeur, appartenant a S. M. 1'Empereur d'Autriche,a figuree a 1'Exposition des tapis en 18g1 a Vienne. XVI siecle.",,43.7,True,title_direct,,,Dessins
BO0624_4399,25164,451,430,"GRANDE ET MAGNIFIQUE TAPISSERIE famande, avec groupes de personnages et d'animaux,representant des scenes champetres, de chasse et de peche.Au fond un chateau avec parc. Large bordure dont les angles sont ornes de groupes de figures, et dans les autres parties",,53.4,True,none,,,
BO0624_4399,25165,452,431,"MEDAILLON circulaire en email translu- cide, cloisonne,representant aint George. XIVe siecle.",,44.9,True,none,,,
BO0624_4399,25166,453,432,"PLAQUE, faisant partie d'une garniture, peinte en emaux de couleurs, representant un genie nu, portant sur les epaules une grande aiguiere.Ornements rehaus-",,47.5,True,none,,,
BO0624_4399,25167,454,433,"PLAQuE ronde, peinte en emaux de couleurs translucides representant la Descente de la croix. Au revers le poincon de Penicaud. Entouree d'une cercle en metal dore.",,47.9,True,none,,,
BO0624_4399,25168,455,434,"DoUZE PETITS MEDAILLONS ovales,representant portraits d'Empereurs romains; en camaieu bleu sur fond noir, ayant chacun le nom respective en lettres do-",,46.7,True,none,,,
BO0624_4399,25169,456,435,"HUIT MEDAILLONS ronds,peints en emaux de couleurs et rehauts d'or sur fond noir, encadres d'une couronne en feuilles de laurier,representant:Saint Pierre,Saint Paul, Saint Andre, Saint Barthelemy, Saint Jean, Saint Giudas, Saint Simone, Saint Philippe. Diam.M.o.125.",,48.4,True,none,,,
BO0624_4399,25170,457,436,"PLAQUE cintree par le haut,peinte en emaux de couleurs,representant Jesus crucifie,et de chaque cote de la croix la Vierge et Marie Madeleine.",,43.5,True,none,,,
BO0624_4399,25171,458,437,"DoUZE PETITS MEDAILLONS ovales,representant des Empereurs romains et des personnages anciens, peints en emaux",,42.8,True,none,,,
BO0624_4399,25172,459,438,"CoFFRE-FORT en fer, de forme rectanguplique,occupant toute la partie inferieure. laire, avec serrure a mecanisme tres comdu couvercle. Rare et beau specimen d'art du serrurier-mecanicien du XVIe siecle.",,49.9,True,none,,,
BO0624_4399,25173,460,439,"CABINET en noyer sculpte a deux corps, la partie inferieure et la partie superieure decorees des colonnes. Cemeuble est orne de gracieux ornements, de feuillages, d'élegantesf figures sur les panneaux, des sujets mythologiques et des animaux sur le tiroir, le tout sculpte et dore et avec des pierres de couleurs. Renaissance francaise.",,55.4,True,none,,,
BO0624_4399,25174,461,440,"GRAND COFFRE en noyer sculpte.La facade,bombee,est divisee en trois panneaux par des montants canneles. Dans le panneau du milieu deux genies ailes soutienent les armoiries des Borghese; dans les autres une cariatidefemme le corps terminant en feuillage a volutes. Travail superbe du XVIIe siecle.",,56.2,True,none,,,
BO0624_4399,25175,462,441,"BELLE COMMoDE en noyer, de forme bombee,richement decoree de bronzes feuillages dores. Style Louis XV.",,44.5,True,none,,,
BO0624_4399,25176,463,442,"CoFFRE en noyer sculpte, a couvercle plat et reposant sur quatre pieds a mascarons replies a volute. La facade presente une armoiries au milieu avec mascaron au dessous et deux panneaux a sujets mythologiques.",,51.7,True,none,,,
BO0624_4399,25177,464,443,"BocAL en argent dore. Ce bocal,en forme de cone renverse,repose sur une tige qui nait d'une base circulaire ornee de gros godrons spheriques. L'extremite superieure de la base et la partie inferieure du vase sont garnies d'une collerette de feuillages frisees sur le borde du couvercle, godronne, se redresse un rang de fleurs frises,sortant d'un petit vase a deux anses. Travail allemand. XVIe siecle.",,56.3,True,none,,,
BO0624_4399,25178,465,444,"PEIGNE en buis, traverse decoree d'ornements sculptes et ajoures. XVIe siecle.",,52.1,True,none,,,
BO0624_4399,25179,466,445,"CALIcE en metal dore, avec ornementation finement gravee;piedouche lobee et apointes,avec nceud enrichi de trois nielles en argent. L'etui en cuir a ornements graves. Sur le couvercle les ar- moiries de l'abbe Loderingi des Frati Gaudenti de Bologna.XVe siecle.",,50.1,True,none,,,
BO0624_4399,25180,467,446,"CRUCIFIx. Le Christ en ivoire sculpte,la croix en bois noir. XVIe siecle.",4236.0,62.0,False,positional,ANDRE DE MILAN,,
BO0624_4399,25181,468,447,"PETIT TEMPLE carre en pierres antiques. Quatre colonnes en granit vert,montees en bronze dore,posent sur une plateforme en granit rouge egiptien.Le dome en africain et rouge antique. Au milieu du temple une statue de Napoleon Ier,reproduction d'apres Chaudet.",,46.8,True,none,,,
BO0624_4399,25182,469,448,"MEDAILLON-RELIQUIAIRE en bronze dore, de forme octagonale,avec ornements graves et ajoures dans la partie centrale.Ce reliquiaire s'ouvre sur les deux faces,et dans linterieur dela face inferieure est le certificat d'authenticite de la relique avec sceau de cardinal.",,50.8,True,none,,,
BO0624_4399,25183,470,449,"CouPE ronde, en cuivre rouge, entierement decore a lexterieur de bandes d'entrelacs, d'inscriptions et de medaillons a fgures et animaux symboliques dans le style oriental.Travail venitien. XVIe siecle.",,50.7,True,none,,,
BO0624_4399,25184,471,450,"AIGuIERE en cuivre grave a anse formee par un griffon aile. Decor a feuillage, mascarons et d'un écusson avec un lion au milieu.",,41.6,True,none,,,
BO0624_4399,25185,472,451,"CADRAN solaire, de forme octogonale,en cuivre,avec ornements graves autour du logement de la boussole. Signe:I.T. Muller Augsp.",,39.1,True,none,,,
BO0624_4399,25186,473,452,"BoussoLE formant montre solaire,forme octogonale.Au revers sont graves les latitudes d'un certain nombre de villes. Si gne: Buterfield, Paris.",,42.3,True,none,,,
BO0624_4399,25187,474,453,"CALENDRIER perpetuel en cuivre, forme circulaire avec poignee de suspension. XVIIe siecle.",,38.9,True,none,,,
BO0624_4399,25188,475,454,AsTROLABE geografique et astronomique en cuivregravedeforme circulaire.XVII,,34.1,True,none,,,
BO0624_4399,25189,476,455,"CoMPAs astronomique en cuivre dore, avec boussole. Signe:Iac. Ema.Laminit a.Augsp.",,34.4,True,none,,,
BO0624_4399,25190,477,456,LoT de cinq istruments astronomiques en cuivre.,,39.2,True,none,,,
BO0624_4399,25191,478,457,"CADRAN solaire et lunaire portatif en ivoire et en cuivre grave, de forme ovale, s'ouvrant a charniere sur chaque face.",,45.6,True,none,,,
BO0624_4399,25192,479,458,"ARQUEBUsE. Le canon est taille a pans vers la culasse.Le fuit et la crosse sont de bois de noyer incrustes de rinceaux, en ivoire et nacre.XVIIe siecle.",,45.5,True,none,,,
BO0624_4399,25193,480,459,PAIRE D'ETRIERS EN BRONZE. Sur les branches une faunesse soutenant un chaton enchassant une pointe de diamant et un grand vase surmonte de tetes d'animaux fantastiques. Le passant de courroie est orne d'un mascaron. Travail ita-,,49.3,True,none,,,
BO0624_4399,25194,481,460,ARQUEBUsE A ROUET.Le fut est incruste de rinceaux et de plaquettes d'ivoiregrave. Dans l'une des joues de la crosse est creuse un magasin ferme par une plaque a ressort. Travail allemand.XVIle siecle.,,50.9,True,none,,,
BO0624_4399,25195,482,461,"ARMET de fer avec mezail, baviere et colletin. Fin du XVe siecle.",,41.7,True,none,,,
BO0624_4399,25196,483,462,"ARQUEBUSE A PIERRE. Le canon raye et taille a pans vers la culasse, est decore de deux plaques de mire en argent repousse. Le fut et la crosse son de bois de noyer sculpte,avec ornements en fer decoupe et grave. La platine, le chien et la sous-garde sont ciseles de rinceaux et tetes de femme. Travail espagnol. XVIII siecle.",,57.4,True,none,,,
BO0624_4399,25197,484,463,"DEUX BASSINETS DE FER. Le timbre de forme conique,la pointe reportee en arriere. Un de ces bassinets est muni de porte-plumail en cuivre et de clous aussi de cuivre bordent la visiere.",,45.3,True,none,,,
BO0624_4399,25198,485,464,"EPEE DE CEINTURE. La poignee se compose de quillons droits, d'un triple gardemain et d'anneaux se developpant en avant de la sous-garde,au dessus du pas d'ane. Pommeau ovoide a pans. Fusee recouverte de tresses de fer.La lame, cannelee vers son talon,porte pour marque deux + et un animal incruste de cuivre. XVIe siecle.",,48.9,True,none,,,
BO0624_4399,25199,486,465,GUISARME. Muni a sa base de deux aretes horizontales et sur la lame d'une arete horizontale aussi et d'un crochet en forme de faucille. Sur les deux faces de la lame est gravee une armoiries. XVIIe siecle.,,51.3,True,none,,,
BO0624_4399,25200,487,466,"CINQUEDEA (Sangdede).Lame large, faconnee a cannelures,decoree sur ses deux faces de fines gravures en partie dorees. Les quillons se recourbant vers la lame, la fusee et le pommeau de forme aplatie sont ornees de trophees en argent repousse. Style Renaissance.",,50.0,True,none,,,
BO0624_4399,25201,488,467,"TroussE en cuir frappe a relief et cisele, decoree d'ornements varies et dans une reserve Saint Francois en priere recevant les stigmates.Travail forentin. XVI siecle.",,45.0,True,none,,,
BO0624_4399,25202,489,468,"ETuI en cuir pour coupe, semispherique, decore au pourtour et sur le couvercle de chimeres,d'ornements et de feuillage en relief et cisele. Au centre du couvercle un ecusson de famille noble et a la partie superieure les lettres V. C. I.V.D. Q.E. Piece tres remarquable,de tres bonne conservation avec traces de dorure.Travail venitien du XVIe siecle.",,48.9,True,none,,,
BO0624_4399,25203,490,469,"ETUI en cuir, rectangulaire, se retrecissant a la base,et posant sur pied de forme circulaire,decore d'ornements et de feuillages en relief.",,45.7,True,none,,,
BO0624_4399,25204,491,470,"ETUI pour coupe, semispherique,en cuir avec ornements et godrons,sur le couvercleun écusson de famille noble.XVI siecle. obisTROUssE en cuir noir estampe,decoree de rinceaux.",,44.4,True,none,,,
BO0624_4399,25205,492,471,ETUI en cuir pour calice avec ornements en relief et sur le couvercle les armoiries Del Carretto.,,47.1,True,none,,,
BO0624_4399,25206,493,472,"ETUI cylindrique, en cuir frappe en relief et cisele,decore de lions, de griffons et de centaures encadres de frises avec ornements et animaux. Travail venitien du XVI siecle. Objet de grande valeur.",,50.0,True,none,,,
BO0624_4399,25207,494,473,"PETIT PLAT CREUx, maille bleu, avec les armoiries des Farneses rehausse d'or au centre et tout au tour une succession de rinceaux en vert avec rehauts d'or.Fab. Premiere moitie du XVII",,43.5,True,none,,,
BO0624_4399,25208,495,474,"QUATRE APPLIQUEs a deux bras pour bougies, decorees de feurs,fruits en couleurs sur fond blanc, le bord a decor rocaille. Faience de Faenza du XVIII",,42.7,True,none,,,
BO0624_4399,25209,496,475,"PLAT avec rosace au centre et deux rubans entrelaces sur le bord. Decor jaune, vert, rouge et bleu sur fond blanc. Ca- faggiolo.",,44.9,True,none,,,
BO0624_4399,25210,497,476,"VASE DE PHARMACIE a panse cylindri que, plus étroit a la base et au col, décore de feurs bleues sur fond blanc. Ca-",,40.0,True,none,,,
BO0624_4399,25211,498,477,"SERVICE DE TABLE en vieux Ginori decore de feurs en couleurs et or, compose de 2 soupieres avec leurs plateaux,6 grands plats ovales,4 idem plus petits, 4 grands ronds, 24 assiettes creuses, 41 assiettes plates,6a dessert,3 saucieres avec leurs plateaux,2 grands moutardiers, Iplus petit.",,45.5,True,none,,,
BO0624_4399,25212,499,478,"PLAT CREUx sur piedouche,a bord festonne,dit《fruttiera》aombilic saillant a fond jaune, offrant un buste de guerrier, casque, de profl a gauche,autour duquel rayonnent des godrons evides,disposes sur deux zones concentriques, ornes de feuillages en brillants emaux polychromes. Au verso, decor sommaire bleu etjaune sur fond blanc. Fab.de Faenza. Seconde moitie du XVIe siecle.",,48.8,True,none,,,
BO0624_4399,25213,500,479,"PLAT CREUX orne de feurs et feuilles au centre, et tout au tour d'une couronne egalement a feuilles et fleurs sur le bord. Decor bleu, vert et jaune sur fond bleu clair 《berettino 》.Au verso decor simple en bleu et au centre la marque de Cafaggiolo.",,49.5,True,none,,,
BO0624_4399,25214,501,480,"VASE DE PHARMACIE en forme de bouteille,orne de petites feuilles et fruits en couleurs verte et jaune et de superbes ornements en bleu sombre rehausse de blanc sur fond bleu clair. Au centre les armoiries des Este ducs de Ferrara,et au dessous inscription pharmaceutique en caracteres gothiques.Email brillant. Goulot, pied et anse en argent cisele d'epoque plus recente. Faenza. XVIe siecle. Piece superbe. Provenant de la vente Milius.",,49.9,True,none,,,
BO0624_4399,25215,502,481,"PLAT CREUx. Decor dit 《grotesque 》|4 compose d'arabesques, de personnages, d'oiseaux et d'animaux fantastiques,en couleurs bleu,jaune et vert sur fond blanc. Au centre les armoiries du cardinal Salviati.Fab.d'Urbino.Premiere moitie du XVIe siecle.",,44.8,True,none,,,
BO0624_4399,25216,503,482,"GRAND VASE a deux anses formees de deux serpents entrelaces, se rattachant a la panse par de mascarons en relief. La decoration est divisee par deux thermes a bustes de femmes,representant d'un cote,une scene biblique:《La recolte de la manne》 et de lautre un écusson entoure d'ornements grotesques. Sur le pied de forme circulaire l'inscription:URBINI ALFONSUSPATANAZZIUS.FECIT. Emaux brillants.",,49.3,True,none,,,
BO0624_4399,25217,504,483,ExTAsE de Saint Jerome. Travail a haut relief en ivoire. XVIlIe siecle. Cadre en bois noir et or.,,40.4,True,none,,,
BO0624_4399,25218,505,484,"PLAQUETTE RECTANGULAIRE divisee en deux parties:a la partie inferieure l'adoration des Rois Mages,et a la partie superieure Jesus crucife et les deux Maries. Applique en ivoire sculpte et a relief. XVe siecle.",,45.3,True,none,,,
BO0624_4399,25219,506,485,FLAGELLATION DU CHRIST. Groupe de nombreuses petites figures en ronde-bosse devant un temple sculpte en haut relief. Ce groupe pose sur un appui a ornements d'architecture.Travail en ivoire duXVII siecle. Cadre en bois noir et or.,,49.8,True,none,,,
BO0624_4399,25220,507,486,"CoFFRET oblong en ivoire avec couvercle aforme de toit,serrure et garniture en metal dore.Parfaite conservation.Piece rare du XIVe siecle.",,44.4,True,none,,,
BO0624_4399,25221,508,487,L'ANNONCIATION.Deux plaquettes gravees a la pointe. Signees: Jo. Bapt. Decurtis. Cadre en ebene.,,35.4,True,none,,,
BO0624_4399,25222,509,488,"CoFFRET RECTANGULAIRE en ivoire a couvercle a rampes et plat a la partie superieure.Le coffret et le couvercle entierement decores de plusieurs frises de rosaces et de festons relies par de rubans, decoupes a jour et encadrees de frises ornees de successions defleurs et de feuilles peintes de couleurs. Tres belle conservation.XVIe siecle.Piece de collection.",,51.9,True,title_direct,,,Dessins
BO0624_4399,25223,510,489,ECOLE HOLLANDAISE. ANACHORETE ET ANGE. Fond de paysage. Peinture sur bois.XVIe siecle. Cadre en bois dore.,,34.2,True,none,,,
BO0624_4399,25224,511,490,"ECOLE FRANCAISE. PoRTRAIT DE DAMEregardant le spectateur presque de face. Cheveux blonds, coiffure haute frisee.Robe decolletee garnie de galons. Toile ovale.",,38.4,True,none,,,
BO0624_4399,25225,512,491,ECOLE ITALIENNE. PETIT PORTRAIT de G.Medici. Cadre en bois noir et or.Peinture ovale sur bois.,,33.5,True,none,,,
BO0624_4399,25226,513,492,"J.A.FASOLO.  (1528-1572). PoRTRAIT D'ENFANT en costume richement orne de dentelles, assis sur une petite chaise pres d'une table couverte d'un tapis rouge,sur laquelle est pose le chapeau orne de plumes de l'enfant.Devant la table est un petit chien avec les lettres P.C. L. sur son collier.Un rideau drape dans le fond a droite;a gauche paysage. Tres beau coloris. Cadre en bois sculpte et dore.",,48.9,True,none,,,
BO0624_4399,25227,514,493,"VAN LOO. PoRTRAIT de Prince, en demi buste, profil a gauche, la tete encadree par une perruque, tournee de trois quarts a droite, habille en armure, manteau flottant sur 1epaule droite,avec le baton de comman dement dans la main gauche et indiquant l'horizon lointain avecla main droite.Au fond le ciel. Cadre recouvert de velours rouge.",,48.1,True,title_direct,VAN LOO,,
BO0624_4399,25228,515,494,ECOLE DE RAPHAEL. PoRTRAIT d'un cardinal (tete) tourne de trois quarts vers la droite. Grande finesse d'execution.XVIe siecle. Sur bois.,,39.2,True,none,,,
BO0624_4399,25229,516,495,"SIMONE DA BELLUNO.  (XIVe siecle). PANNEAU CENTRAL d'un triptyque, formant ogive dans la partie superieure avec petites colonnes laterales.Au milieu Jesus crucifie et les saintes femmes pleurant au pied de la croix.Peinture a la detrempe sur fond.dore.",,49.4,True,none,,,
BO0624_4399,25230,517,496,"A.BRONZINO  (attribuee a: 1501-1572). PORTRAIT DE PIERRE SODERINI.Figure aux trois quarts.Le venerable patricien forentin,debout,vetu d'une simarre de velours noir a doublure rouge,regardant le spectateur, tient la main droite appuyee au dossier d'une chaise,dans la gauche les gants. Peinture de caractere tres accentue. Beau cadre richement dore et sculpte avec oiseaux et fruits en reliefet ajoures.",,45.9,True,none,,,
BO0624_4399,25231,518,497,ECOLE DE P. VERONESE. L'ADORATION DES MAGEs. Belle peinture sur toile avec cadre dore.,,32.4,True,none,,,
BO0624_4399,25232,519,498,"DENIS CALVAERT.  (1540-1619). SAINTE-FAMILLE.Interieur de la maison de la Vierge Marie qui offre la nourriture a l'Enfant, tandis que des anges s'occupent des soins domestiques. Au fond,a gauche,au seuil d'une porte, s'avance Saint Joseph. Beau coloris,invention originale et maniere caracteristique de draperie. Cadre dore et sculpte.",,45.0,True,none,,,
BO0624_4399,25233,520,499,"BOTTICELLI  (detto Alessandro Filipepi).  (1447-1515). LE BAPTEME DE JESUs. Le Redempteur agenouille dans les eaux du Jourdan,les mains jointes et la tete inclinee,recoit le bapteme des mains de Saint Jean, qui couvert d'unepeau d'agneau et d'un manteau rouge, est debout,a droite, sur la rive. A gauche deux anges agenouilles, les mains jointes dans l'attitude de la priere assistent a l'institution du sacre-",,42.4,True,none,,,
BO0624_4399,25234,521,500,"PIERRE DE MESSINE. MADoNE ET ENFANT. Tres sobre de composition et de coloris; paysage d'une grande finesse dans l'eloignement a droite, sur le fond du tableau.Beau cadre en bois dore richement sculpte.",,45.9,True,none,,,
BO0624_4399,25235,522,501,"J.F.VAN BLOMEN (dit Orizzonte,1662-1740). QuATRE PAYSAGES animes de petites fi gures. Cadre dore.",,31.8,True,title_direct,VAN LOO,,
BO0624_4399,25236,523,502,G.DEZIANI  (attribue a). L'ADORATION DES MAGEs. Belle et riche composition. Peinture sur toile.Cadre sculpte et dore.,,36.1,True,none,,,
BO0624_4399,25237,524,503,BARTOLOMEO SCHEDONE.  (1570-1615). SAINTE FAMILLE.L'expression des figures de Saint Joseph et de la Madone révelent une joie pleine de tendresse a la vue de Jesus et du petit Saint Jean qui s'embrassent dans une attitude pleine de grace.Peinture agreable de style et de coloris. Toile de forme octogonale. Cadre en bois dore richement sculpte.,,46.4,True,none,,,
BO0624_4399,25238,525,504,"BARTOLOMEO SCHEDONE.  (1570-1615). QUATRE PASTELS ovales, representant chacun une jeune femme a demi buste,les cheveux ornes de feurs. Epoque:XVIII siecle. Cadres dores.",,41.7,True,none,,,
BO0624_4399,25239,526,505,REMBRANDT VAN RHYN. AGAR CHASSEE PAR ABRAHAM. A la plume. Cadre en bois noir.,,35.8,True,title_direct,REMBRANDT,,
BO0624_4399,25240,527,506,"JUSTE SUTTERMANS.  (1597-1681). PoRTRAIT de femme tres agee representee en buste de trois quarts a droite,les cheveux releves sur le front et les tempes sontrecouverts d'un escoffion.Crayon noir, retouches en blanc. Papier. Cadre doré. Haut.M.o.38—Larg.M.o.27.",,44.2,True,none,,,
BO0624_4399,25241,528,507,FRA BARTOLOMEO. UN PORTRAIT.Au crayon. Cadre en bois noir.,,32.7,True,none,,,
BO0624_4399,25242,529,508,NAPOLEON I. Tete en marbre de Carrare. Piedouche en marbre vert.,,35.1,True,none,,,
BO0624_4399,25243,530,509,PAULINE BoRGHESE. Buste en marbre de de Carrare. Piedouche en marbre vert. Haut.M.o.48.,,34.6,True,none,,,
BO0624_4399,25244,531,510,"STATUETTE en marbre,representant une femme nue,assise sur un tronc d'arbre, tenant dans ses bras un enfant lui caressant le visage.",,42.5,True,none,,,
BO0624_4399,25245,532,511,"LA MADONE ET L'ENFANT AVEC DEUX ANGEs.Bas-relief de forme ovale en terrecuite d'un beau style severe et vigoureux, attribue a Michel-Ange. Cadre en bois noir.",,38.4,True,none,,,
BO0624_4399,25246,533,512,"BusTE de donzelle a coiffure basse avec petites boucles tombant le long des joues, robe collante,la colerette en dentelle gotique et le cou entoure d'un rang de grosses perles.Marbre blanc, base ovale aderente. XVIe siecle.",,48.8,True,none,,,
BO0624_4399,25247,534,513,"PANNEAU de mosquee en laine de Smyrne, a fond rouge et decore sur son pourtour et a ses angles de petits dessins et motifs geometriques polychromes.Sur le fond on lit, en caracteres orientaux, tisses en laine verte,l'iscription suivante (traduite): Cequi arriveest heureux.Autres-haut ettres-puissant,etc.etc.Grand Souverain qui nous donne le pain,le tres-fort,la lu miere des yenux du monde,dont le pareil nest jamais venu au monde.Sa Majeste leGhazi Ebaul Seif Nadir,que son royaume soit glorieux.1159 de 1'hegire.",,42.0,True,title_direct,,,Dessins
BO0624_4399,25248,535,514,"TAPIS DE SMIRNE en laine de Cachemir, a dessins geometriques,ornes,de feurs sur fond rouge. Riche bordure a medaillons, rinceaux etfeurs eta tripleencadrement. Le tout est policrome.",,44.3,True,title_direct,,,Dessins
BO0624_4399,25249,536,515,"PETIT LE DE VELOURS rouge contretaille sur fonds or et argent, orne de fleurons disposes en sens inverse.",,41.4,True,none,,,
BO0624_4399,25250,537,516,"GRANDE ET BELLE TAPISSERIE a sujet de chasse dans un bois, fond de paysage. La scene est representee par un grand nombre de figures et animaux,elle est renfermee dansunelarge etcharmantebordure composee de feurs, feuillages et medaillons contenant des petites et allegoriques figures soit en groupe que isolee.L'ensemble de la composition est a plusieurs couleurs. Piece splendide pour la decoration.",,49.1,True,none,,,
BO0624_4399,25251,538,517,"CHASUBLE en velours cramoisi ayant au milieu une bande en broderie de soie,couleurs et or,representant la Madone,1'Enfant et des saints. XVIe siecle.",,46.9,True,none,,,
BO0624_4399,25252,539,518,"CHASUBLE fond vert, ornements et paysages et feuillages broches en or et argent. XVIIe siecle.",,43.1,True,none,,,
BO0624_4399,25253,540,519,"MAGNIFIQUE TAPISSERIE,paysage et bois au fond, anime par des groupes de figures et d'animaux.Composition pittoresque renfermee dans une large bordure,riche aussi de figures allegoriques, scenes champetres,paysages,ornementations de feurs et feuillages,le tout a plusieurs couleurs. Travail Flamand du XVIIe siecle.",,48.2,True,none,,,
BO0624_4399,25254,541,520,"GRANDE SOUPIERE en argent avec anses, bord du couvercle et du pied ornes de feuil- les finement ciselees.",,40.7,True,none,,,
BO0624_4399,25255,542,521,"PLATEAU porte-cartes rectangulaire,en argent, avec monogramme surmonte d'une couronne,ornements et mascarons au re-",,42.1,True,none,,,
BO0624_4399,25256,543,522,"BoUILLoIRE avec son rechaud et deux cafetieres en argent richement decorees de fleurs,fruits et animaux,au milieu des motifs genre rocaille en relief et ciseles. Louis XV.",,48.2,True,none,,,
BO0624_4399,25257,544,523,PENDULE en metal avec des écussons sur trois cotes. Travail allemand. bis. PENDULE en bronze dore. Empire.,,43.4,True,none,,,
BO0624_4399,25258,545,523bis,PENDULE en bronze dore. Empire.,,35.7,True,none,,,
BO0624_4399,25259,546,524,"PENDULE en metal dore. Le cadran surmonte d'un ornement et decore d'un feston de fleurs en relief dans la partie inferieure et encaisse dans le vif d'une colonne, placee sur une base formee d'un tore et d'une plinthe.La cimaise presente surson pourtour des losanges en email bleu clair avec les signes du Zodiaque en email en couleurs et au dessus une bande argentee avec les noms des mois. La cimaise tourne au moyen du mecanisme de la pendule et sur le plan des instruments minus. cules d'astronomie a mouvement mecanique. Piece de curiosite tres interessante. Empire.",,46.5,True,none,,,
BO0624_4399,25260,547,525,"DIANE avec les nymphes au bain surprise par Acteon. Petit bas-relief rectangulaire en cire,renferme dans un cadre en bois dore. Travail francais.Louis XVI.",,43.0,True,none,,,
BO0624_4399,25261,548,526,"CHRIST en bronze, croix en bois verni noir. XVIle siecle.",,45.0,True,none,,,
BO0624_4399,25262,549,527,"EccE HoMo. Miniature sur parchemin dans un ovale en metal dore avec ornements graves a la pointe, place dans un cadre en ebene,enrichi de fins ornements en metal dore. XVIle siecle.",,54.5,True,none,,,
BO0624_4399,25263,550,528,"CENTRE DE SURTOUT de table en bronze dore. Sur une base circulaire decoree de petits Amours tenant des guirlandes de feurs surmontees de palmettes,trois Bacchantes,la tete couronnee de pampres,la poitrine a demi couverte d'un peau de lion dansent,tenantle thyrse dansla main droiteet de lagauchesoutenant unegrande corbeille ajouree. Epoque: Empire.",,47.8,True,none,,,
BO0624_4399,25264,551,529,CHRIST sculpte en ivoire sur la croix en bois noir avec garniture en argent.,,39.8,True,none,,,
BO0624_4399,25265,552,530,"MARTEAU en agate saphirine ayant servi a un Pape pour la ceremonie de louverture de la Porte Sainte. Etui recouvert de peau rouge avec ornements au petit fer, dores. bis, TETE DE JUPITER, couronne de laurier, presque de face. Camee ovale, de relief tres fort, en jaspe jaune fleuri.",,49.8,True,none,,,
BO0624_4399,25266,553,530bis,"DOMINIQUE DES CAMEES.  (XVI siecle). TETE DE JUPITER, couronne de laurier, presque de face. Camee ovale, de relief tres fort, en jaspe jaune fleuri.  Haut.0.04.",,41.4,True,none,,,
BO0624_4399,25267,554,531,"CouPE basse, circulaire en cuivre grave, decoree au pourtour d'ornements de style oriental et de deux ecussons avec armoiries. Traces d'argenture. Travail venitien. XVIe siecle.",,46.0,True,none,,,
BO0624_4399,25268,555,532,"ETUI en cuir noir a ornements dores, et contenant six couteaux de table,dont deux avec manches en nacre et les autres en ecaille, se terminant par une tete de griffon en corail. Travail venitien.XVIII siecle.",,49.6,True,none,,,
BO0624_4399,25269,556,533,"CoFFRE en noyer a couvercle plat,reposant sur quatre pieds griffes de lion.La facade est decoree de rinceaux feuillus,de une armoiries au milieu et de feuilles d'acanthe aux angles.",,52.7,True,none,,,
BO0624_4399,25270,557,534,"DEUx GLAcEs en bois sculpte et dore a double encadrement,le fronton et labase egalement a fond de glace.Decoration de cariatides, des sphinx,volutes,feuillages et feurs.Louis XIV.",,44.5,True,none,,,
BO0624_4399,25271,558,535,"CADRE en bois. Groupes d'enfants et aux coins des bouquets de fleurs encadres par des ornements noirs,le tout peint en couleurs sur fond or. XVIe siecle.",,48.8,True,none,,,
BO0624_4399,25272,559,536,"CHAISE A PORTEUR,en bois.Des panneaux avec de jolis et delicats ornements en peinture polycrome sur fond or,genre Berain,decorent toute la partie exterieure. Chaque panneau est renferme dans.des encadrements en bois dores et sculptes.A l'interieur doublure en brocatelle verte. Louis XV.",,49.7,True,none,,,
BO0624_4399,25273,560,537,"TROIs CHAISEs a haut dossier, en noyer sculpte,recouvertes en cuir de Cordoue repousse,a personnages,rinceaux feuillages et fleurs, garnies de clous en cuivre.",,44.6,True,none,,,
BO0624_4399,25274,561,538,"CoFFRET en ébene et ecaille, au centre une niche entre deux colonnes et au milieu une statue en bois sculpte representant la Vierge et l'Enfant Jesus. Tablesupport en bois noir a quatre pieds tournes. bis.QUATRE FAUTEUILS en noyer,accotoirs avolute, siege et dossier garnis en damas rouge. XVIIe siecle.",,49.4,True,none,,,
BO0624_4399,25275,562,538bis,"QUATRE FAUTEUILS en noyer,accotoirs avolute, siege et dossier garnis en damas rouge. XVII siecle.",,37.1,True,none,,,
BO0624_4399,25276,563,539,"TROIS CADRES venitiens dont deux formant pendant,plaques de petites glaces et de tortillons en verre,avec garniture en metal dore.",,42.6,True,none,,,
BO0624_4399,25277,564,540,"SECRETAIRE en noyer. Decore de marqueterie,arabesques, feuillage et feurs en bois colories. Travail de Maggiolini. Empire. obis. MEUBLE artistique en noyer sculpte. Au dessus d'un soubassement decore de mascarons se dressent deux cariatides fantastiques en haut relief supportant un entablement ayant la frise et les moulures tres richement sculptees. XVIe siecle.",,55.7,True,none,,,
BO0624_4399,25278,565,540bis,MEUBLE artistique en noyer sculpte. Au dessus d'un soubassement decore de mascarons se dressent deux cariatides fantastiques en haut relief supportant un entablement ayant la frise et les moulures tres richement sculptees. XVIe siecle.  Haut 1.12-Long.1.50.,,53.3,True,none,,,
BO0624_4399,25279,566,541,"CoRsELET en fer, a quatre pieces articulées,imbriquees de bas en haut. Travail italien.XVIe siecle.",,40.7,True,none,,,
BO0624_4399,25280,567,542,PETIT TROMBLON.Le fut et la crosse sont incrustes de nacre et d'ivoire.XVII siecle.Allemagne.,,38.1,True,none,,,
BO0624_4399,25281,568,543,"PAIRE DE PISTOLETs. La monture de bois de noyer est entierement decoree de rinceaux et ornements varies incrustes d'argent, et d'appliques aussi d'argent decoupes a jour,representant des feuillages et des trophees. Les canons, vers la culasse et vers la gueule portent quelques ornements sculptes et dores. Sur les platines la signature:Vasselon. Cadet. Marseille.",,53.1,True,none,,,
BO0624_4399,25282,569,544,PERTUISANE.La lame est decoree d'un mascaron grave.Travail allemand.XVII,,38.1,True,none,,,
BO0624_4399,25283,570,545,"EPEE DE CEINTURE. La poignée se compose de quillons droits, d'un garde-main rejoignantlepommeau et de branches saillantes developpees devant la sous-garde et au dessus du pas d'ane. La lame est a double cannelure dans toute sa longueur. Travail italien.XVIe siecle.",,50.7,True,none,,,
BO0624_4399,25284,571,546,"CoRSELET,dossiere,paulieres,cubitieres et garde-bras en fer poli, bords dores. XVIe siecle.",,38.6,True,none,,,
BO0624_4399,25285,572,547,PAIRE D'ETRIERS en bronze. Sur les branches un vase avec fleurs et au dessus des cannelures. Travail italien.XVI,,40.4,True,none,,,
BO0624_4399,25286,573,548,"ARQUEBUSE A PIERRE.Le canon taille a pans vers la culasse ornee d'un mascaron sculpte, porte deux plaques de mire en argent repousse. Le fit et la crosse richement sculptes de feuillages,petits Amours et mascarons, sont decores d'ornements en fer decoupe et grave. La platine et la sous-garde sont ornees de tetes",,54.9,True,none,,,
BO0624_4399,25287,574,549,"MoRIoN en fer decore sur le timbre et sur la crete de bandes de rinceaux graves en creux. Manque la visiere. Travail italien.XVIe siecle. bis. PoMMEAU D'EPEE en fer noirci, de forme ovoide,avec quatre petits medaillons ovales en relief, orne de rinceaux et feurettes d'argent incruste a l'agemina. Travail italien.XVIe siecle.",,53.8,True,none,,,
BO0624_4399,25288,575,549bis,"PoMMEAU D'EPEE en fer noirci, de forme ovoide,avec quatre petits medaillons ovales en relief, orne de rinceaux et feurettes d'argent incruste a l'agemina. Travail italien.XVIe siecle.  Haut.0.07.",,43.9,True,none,,,
BO0624_4399,25289,576,550,"PETIT MoRTIER en bronze, decore tout au tour d'une file de petits arceaux gothiques. Belle patine foncee. XVe siecle.",,42.5,True,none,,,
BO0624_4399,25290,577,551,"DEUx LIoNs 《 supports 》, la tete redressee et les yeux fixes en sens contraire. Bronze d'une superbe patine brune, d'une remarquable finesse et d'une parfaite conservation. XVe siecle.",,46.8,True,none,,,
BO0624_4399,25291,578,552,HIPPOGRYFFE en bronze; sur base ronde. Patine verte foncee. XVIe siecle.,,44.4,True,none,,,
BO0624_4399,25292,579,553,"SATyRE a pieds de bouc, marchant. Statuette sur base triangulaire en bronze, orne sur le bord de palmettes en relief. La statue est de belle patine brune.XVI siecle.",,53.5,True,none,,,
BO0624_4399,25293,580,554,"MoRTIER en bronze decore tout au tour de festons, couronnes, tetes d'anges,vases et animaux en relief. Patine foncee. XVIe siecle.",,45.2,True,none,,,
BO0624_4399,25294,581,555,"JUPITER nu, en pied, tenant le foudre dans la main droite. Statuette en bronze, patine brune. XVIIe siecle.",,44.7,True,none,,,
BO0624_4399,25295,582,556,"TROIS POMMEAUX en bronze pour rampe d'escalier, forme de vase, ornes de godrons et de palmettes en relief. Patine foncee.XVIe siecle.",,47.4,True,none,,,
BO0624_4399,25296,583,557,MIroIR etrusque avec figures gravees; le manche a ornements en relief termine par une tete de belier.,,46.4,True,none,,,
BO0624_4399,25297,584,558,"L'ABONDANCE. Statuette en bronze, pa tine verte.",,42.9,True,none,,,
BO0624_4399,25298,585,559,AvANT-BRAs droit plus grand que nature provenant d'une statue en bronze dore de lepoque imperiale romaine.Belle patine verte emaillee avec traces de dorure.,,48.9,True,none,,,
BO0624_4399,25299,586,560,"FIGURE étrusque en bronze,marchant, coiffee d'un tres haut tutulus,le corps recouvert d'une tunique ouverte sur le cote gauche, les jambes et les bras nus. Patine verdatre. Base circulaire en bois noir..",,49.7,True,none,,,
BO0624_4399,25300,587,561,"VENus Anadyomene nue, debout pressant de sa main gauche sa chevelure hu-",,38.1,True,none,,,
BO0624_4399,25301,588,562,"SyMPoSIUM.Trois personnages sont etendus,chacun sur un kline,celui du milieu éleve dans la main droite un rhyton,les autres deux tiennent dans une main le calatus et de l'autre donnent a manger, un a un coq l'autre aun serpent.Au milieu du triclinium qui est orne de guirlandes defeursle cilibantumavecdeux esclaves de chaque cote; a gauche un candelabre avec deux torches allumees.A la partie inferieure un focarius place du bois dans un rechaud et un peu plus loin une amphore placee sur un trepied.Fragment de bas-relief en marbre grec. Etrusque. IIIe siecle av. C.",,46.6,True,none,,,
BO0624_4399,25302,589,563,"FoND de patere chretienne avec quatre bustes,de face,drapes,representant un homme, une femme et deux enfants. Au milieu et en haut le signe R. La dorure est prise dans le verre. Epoque IVe siecle.",,46.9,True,none,,,
BO0624_4399,25303,590,563bis,"FoND de patere avec deux bustes dores dans l'epaisseur du verre, dont l'un represente un personnage couronne,l'autre une femme,les cheveux frises,la poitrine recouverte d'une draperie agrafee sur l'epaule gauche. Epoque VIlle siecle.",,51.2,True,none,,,
BO0624_4399,25304,591,564,"PATERE CHRETIENNE en verre translucide,offrant au centre une figure de martyr, debout,une palme a gauche,la tete nimbee, tournee a droite regardant une femme inclinant la tete devant lui.Deux bandes d'ornements autour du medaillon central et sur le bord de la patere. le siecle.Piece d'extreme rarete.",,48.3,True,none,,,
BO0624_4399,25305,592,565,PETITE AsSIETTE a bord étroit.Au cen-,,34.5,True,none,,,
BO0624_4399,25306,593,566,"PLAT a large bord decore d'arabesques et d'une couronne de feuilles et de fruits centre un trophee, de boucliers et de tambours.Au revers decor tres simple, couleur bleue et au couleur bleue.Au centre la marque de Cafaggiolo.",,48.4,True,none,,,
BO0624_4399,25307,594,567,"QUATRE APPLIQUEs a deux bras pour bougies, finement decorees de fruits et feurs en couleurs sur fond blanc;lebord en relief,formant cadre,termine a la partie superieure par une coquille. Faience de",,48.4,True,none,,,
BO0624_4399,25308,595,568,SERVICE DE TABLE en porcelaine blanche a fleurs et differents dessins en bleu.Vieux Japon. 81 picces.,,39.7,True,title_direct,,,Dessins
BO0624_4399,25309,596,569,PLAT a large bord et ombilic saillant. Sur le marli godrons a helice ornes de petites fleurs et de petites étoiles.Decor bleu et ora reflets metalliques.Siculo-arabe.Seconde moitie du XVe siecle.,,45.1,True,none,,,
BO0624_4399,25310,597,570,LA VIERGE ET L'ENFANT. Brique emaillée en couleurs et en relief. Majolique,,37.5,True,none,,,
BO0624_4399,25311,598,571,"PETIT PLAT CREUx a large bord. Au centre un amour, sur le bord de magni fiques ornements a tres vifs reflets de rubis et nacre sur fond bleu sombre.L'or-",,50.0,True,none,,,
BO0624_4399,25312,599,572,"PETIT PLAT rond. Au centre un ecusson surmonte d'un casque, tout au tour des fleurs et de feuilles. Decor bleu, vert, jaune et rouge sur fond blanc. Au verso des cercles concentriques,bleu sur fond clair. Cafaggiolo.",,45.5,True,none,,,
BO0624_4399,25313,600,573,"AssIETTE creuse a large bord.Decor bleu et chamois a reflets nacres. Au centre ombilic,legerement saillant surlequel une rosace a quatre petales. Sur le marli fleurs et triangles alternes.Fab.de Deruta.Epo que:vers 1520.",,46.1,True,none,,,
BO0624_4399,25314,601,574,"ETUI contenant un service a cafe et a the, compose de douze tasses avec soucoupes, une cafetiere, un bol, un petit plat pour biscuits, une boite a the,un sucrier, un pot a lait et une theiere,en porcelaine blanche a feurs en couleurs rehaussees d'or. Vieux Saxe.",,44.7,True,none,,,
BO0624_4399,25315,602,575,"ECOLE VENITIENNE. PoRTRAIT DE DAME venitienne a demie figure, debout,regardant presque de face, avec une coiffure tres original.Peinture sur toile. Cadre en bois sculpte et dore.",,43.1,True,none,,,
BO0624_4399,25316,603,576,"JEAN LANFRANCO.  (1581-1647). LA DESCENTE DU SAINT ESPRIT. La Vierge, au centre, agenouillee est entouree des Apotres qui attendent la descente du Saint Esprit. Composition admirable pour la parfaite execution et la savante distribution de la lumiere.Cadre en bois dore a grandes feuilles sculptees. bis RETABLE decore de demi colonnes soutenant des arcs ogives encadrant cinq panneaux a fond dore. Dans celui du milieu est representee la Madone avec l'Enfant Jesus, dans les autres l'Archange Saint Michel, Saint Jean, Saint Antoine",,42.3,True,none,,,
BO0624_4399,25317,604,576bis,"ECOLE FLORENTINE.  (XIVe siecle). RETABLE decore de demi colonnes soutenant des arcs ogives encadrant cinq panneaux a fond dore. Dans celui du milieu est representee la Madone avec l'Enfant Jesus, dans les autres l'Archange Saint Michel, Saint Jean, Saint Antoine - et Saint Paul. Belle conservation.  Long.M.1.93 -Haut.M.1.40.",,41.8,True,none,,,
BO0624_4399,25318,605,577,LUCA LONGHI  (attribuee a)(1507-1580). ALLEGORIE DE LA CHARITE. La Vierge,,25.4,True,none,,,
BO0624_4399,25319,606,578,"LUCA LONGHI  (attribuee a)(1507-1580). PoRTRAIT DE DAME (demi corps) assise devant une petite table sur laquelle on voit un livre.Regarde le spectateur presque de face.Les cheveux sur lesquels pose un diademe,ornees de perles et d'un gros rubis, sont legerement releves.Le corsage decollete est garni de dentelles et de pierreries.Cadre en bois dore avec ornements sculptes.",,48.4,True,none,,,
BO0624_4399,25320,607,579,"ECOLE DE P. BORDONE. PoRTRAIT du patricien venitien Jean Canal a demi corps, tourne de trois quarts a droite,vetu de grande robe rouge;la main droite pose surl'appui d'une fenetre ouverte. En haut,a droite, linscription: OANNESCANALISMDLXXXXEQUES.Cadre enbois dore surmonte d'un mascaron et orne de volutes.",,46.1,True,title_direct,,ECOLE DE P.BORDONE,
BO0624_4399,25321,608,580,"JACQUES BERTUCCI.  (XVI siecle). LE COURONNEMENT DE LA VIERGE.Ce panneau de forme semi-circulaire surmontait le grand retable forme de cinq panneaux,peints par Bertucci, de la chapelle erigee en 15o8 par les Comtes Mengolini dans l'eglise annexe au monastere de SteCatherine de Faenza, supprime a l'epoque de Napoleon Ier. Le panneau central, re presentant l'Epiphanie, fut vendu en ce temps par l'acquereur du couvent et de 1'eglise, Camille Bertoni,au Musee de Berlin ou il a ete catalogue sous le nom de Pinturicchio, jusqu'a peu d'annees arriere quand le prof. Bode,directeur du susdit Musee, depuis avoir examines les deux panneaux laterales,representant St. Jean et Sainte Marie Madeleine,conserves dans la Pinacotheque de Faenza et le panneau dont il s'agit,a reconnu qu'il fallait rendre au tableau de Berlin le nom de son auteur. Le panneau qu'a present on met en vente appartenait depuis longtemps a la famille Guidi,et il est sans contredit superieur aux autres du retable parla composition, la purete du dessin,le modele des figures et la vivacite du coloris. obis.PoRTRAIT de jeune femme poete. Pastel.Cadre en bois sculpte et dore.",,32.8,True,none,,,
BO0624_4399,25322,609,581,"BOTTICELLI  (Alessandro Filipepi).  (1447-1515). LA VIERGE ET L'ENFANT JESUS. La Vierge est representee a mi corps sur un siege bas,la tete couverte d'un legervoile qui retombe sur son front et sur ses epaules, vetue d'une robe rouge a manches collantes, serree a la taille par une echarpe et d'un manteau bleu ferme sur la poitrine. Ses regards s'abaissent tendrement sur le divin Fils qu'elle soutient sur ses genoux, vetu d'une chemisette blanche.Fond de paysage montagneux dans l'eloignement.Tableau tres precieux. Cadre en bois dore.",,43.3,True,title_direct,,,Tableaux
BO0624_4399,25323,610,582,"LUCA LONGHI.  (1507-1580). NoCES DE SAINTE CATHERINE.La Madone, assise, tient sur les genoux l'Enfant Jesus qui presente l'anneau nuptial a Sainte Catherine agenouillee devant Lui; la main gauche de la Sainte pose sur la roue du martyre.Saint Joseph,debout,der riere la Madone contemple le mariage mystique. Peinture de la belle maniere de Luca Longhi. Beau cadre en bois dore avec pampres et grappes de raisin sculptes et ajoures.",,43.2,True,none,,,
BO0624_4399,25324,611,583,"ANDRE DE MILAN.  (XIV-XVe siecle). SAINT JEAN (demi corps）. Bien modele,fin",,34.4,True,title_direct,ANDRE DE MILAN,,
BO0624_4399,25325,612,584,"SIR JOSHUA REYNOLDS.  (1723-1792). PORTRAIT D'ENFANT de trois quarts,avec petites feurs dans les cheveux, caressant un petit chien accroupi iaupres d'elle. Dans. ce tableau ce qui frappe a premiere vue c'est la scrupuleuse imitation dela nature ce qui a toujours distingue ce maitre. Sur toile. Riche cadre sculpte et dore.",,47.2,True,none,,,
BO0624_4399,25326,613,585,"PIERRE ROTARI.  (I707-1762). PoRTRAIT DE JEUNE FILLE,a demi buste, de face,avec coiffure haute,robe bleue a broderie d'or, en grand decollete et manches garnies de dentelles,manteau en satin blanc tombant du cote droit;des fleurs dans la main gauche. Cadre sculpté et dore. bis.LA PIETE du Samaritain. Peinture sai sissante. Cadre en bois dore.",,45.6,True,none,,,
BO0624_4399,25327,614,585bis,J. RIBERA. LA PIETE du Samaritain. Peinture sai sissante. Cadre en bois dore.,,35.1,True,none,,,
BO0624_4399,25328,615,586,LORENZO COSTA.  (1530). SAINTE MARGUERITE.Avec la croix dans la main droite et un livre dans la main gauche. Cadre en bois sculpte et dore.,,43.5,True,none,,,
BO0624_4399,25329,616,587,"VITTORIO PISANELLO.  (XV siecle). L'ADORATION DES MAGEs. Carton pour tapisserie d'une ordonnance tres riche,representant, 1'arrivee des Mages a Bethleem,avec une nombreuse suite de personnages a cheval, de serviteurs, etc.",,38.6,True,none,,,
BO0624_4399,25330,617,588,VAN DYCK ANT. PoRTRAIT d'une famille composee de deux femmeset deux hommes dontun en armure de fer.Au crayon de charbon. Cadre en bois noir.,,42.6,True,none,,,
BO0624_4399,25331,618,589,REMBRANDT. ToBIE ET L'ANGE. A la plume. Joli cadre en bois sculpte.,,38.9,True,title_direct,REMBRANDT,,
BO0624_4399,25332,619,590,DEL PIOMBO SEBAST. UNE SAINTE. Au crayon. Grand cadre en bois noir. M.0.12X0.25.,,36.5,True,none,,,
BO0624_4399,25333,620,591,GUARDI. UNE VUE DU PONT DE RIALTO A VENISE. A la plume. Grand cadre en bois dore.,,33.6,True,none,,,
BO0624_4399,25334,621,592,CORREGGIO (d'apres). LE MARIAGE mystique de Sainte Catherine. Cadre en bois dore.,,33.1,True,none,,,
BO0624_4399,25335,622,593,"DEUX cOLONNES en albatre oriental,bases et chapiteaux en marbre de Carrare.",,38.4,True,none,,,
BO0624_4399,25336,623,594,"MAZZONI. LA VIERGE AUX DOULEURS. Buste en terre cuite,polychrome,grandeur nature. Emouvante.XVe siecle.",,36.9,True,none,,,
BO0624_4399,25337,624,595,"MAZZONI. DEUx cOLONNES en marbre cipolin, bases 6 en marbre de Carrare.",,34.7,True,none,,,
BO0624_4399,25338,625,596,"JEAN BOLOGNE.  (1524-1608). NEPTUNE.Le dieu nu, debout, la tete tournee vers la gauche, est dans un'attitude imposante et de la main gauche inclinee et portee en avant il fait un geste imperatif et menacant....Quos ego...comme dit Virgile. Statuette en terre cuite.",,45.3,True,none,,,
BO0624_4399,25339,626,597,JEAN BOLOGNE.  (1524-1608). DEUx GAiNEs en marbres antiques. Haut.1.40.,,34.8,True,none,,,
BO0624_4399,25340,627,598,"ToILEs PEINTEs. Six toiles et cinq panneaux peints a suc d'herbes, imitation tapisserie, sujets champetres a differentes couleurs.XVIIle siecle.",,39.5,True,none,,,
BO0624_4399,25341,628,599,"TAPIS DE SMIRNE en poils de chameau, au centre grande etoile et panneaux aux cotes renfermant fleurs,ramages et feuillages,des autres ornements du meme genre completent la decoration du reste. Belle bordure a motives uniformes et a double encadrement. Le tout polycrome. M.4.30X1.90.",,48.7,True,none,,,
BO0624_4399,25342,629,600,"6o0. TENTURE en cuir de Cordoue a grand dessin de ramages et feuillages entremeles d'oiseaux a plusieurs couleurs,imprime sur fond chamois. XVIle siecle. 60 metres carres.",,47.2,True,none,,,
BO0624_4399,25343,630,601,"LAMPAs a fond blanc avec festons,ramages, feuillages, feurs et medaillons renferment des figures en couleur rouge. XVIlIe siecle.",,42.8,True,none,,,
BO0624_4399,25344,631,602,"VELoURs vert entierement en soie,divise en plusieurs les, largeur M. o.6o.",,34.4,True,none,,,
BO0624_4399,25345,632,603,"VELOURS rouge entierement en soie, divise en les: Largeur M. o.6o.",,40.0,True,none,,,
BO0624_4399,25346,633,604,"DAMAs en soie bleu ciel, dessin a palmes: Largeur M. o.65.",,38.9,True,none,,,
BO0624_4399,25347,634,605,"PETIT CABINET en ebene avec tiroirs de differentes grandeurs,decore d'incrusta tions en ivoire.La porte du milieu entre deux colonnes, soutenant une balustrade. XVIIe siecle.",,48.1,True,none,,,
BO0624_4399,25348,635,606,"CoFFRET en fer, de forme rectangulaire, a couvercle plat,il repose sur quatre boules.Des pilastres en balustres garnissent les angles. Des plaques de fer decoupees a jour et superposees,ornees de feurs et feuillages gravees et dorees decorent les panneaux. XVIe siecle.",,59.4,True,none,,,
BO0624_4399,25349,636,607,"CoFFRET de forme rectangulaire a couvercle plat, recouvert de cuir brun fonce, orne de feuillages, de lions et griffons gra ves.Travail venitien. Commencement du XVIe siecle.",,49.0,True,none,,,
BO0624_4399,25350,637,608,"CADRE plaque de glaces ornees de rinceaux feuris et feuillages ou se jouent de petits Amours, dores.Des plaques gravees et en applique completent la decoration. Travail venitien du XVIe siecle.",,49.6,True,none,,,
BO0624_4399,25351,638,609,"PETIT CABINET en bois de noyer,forme architectonique et a petits tiroirs.Au centre une niche entre deux colonnes,et au milieu une figure en bronze. Sur les cotes des cariatides de femmes portant des corbeilles de fleurs. XVlle siecle.",,55.9,True,none,,,
BO0624_4399,25352,639,610,"DEUX ENCOIGNURES avec peintures,feuillages, fleurs et oiseaux sur fond jaune. Medaillon avec figures au centre.Louis XV.",,39.3,True,none,,,
BO0624_4399,25353,640,611,"SECRETAIRE en bois de palissandre. De core de marqueterie,arabesques, ornements et paysage en bois colories.Tiroirs et rayons a l'interieur. Travail de Maggiolini.Empire.",,45.8,True,none,,,
BO0624_4399,25354,641,612,"CADRE en bois sculpte et dore avec rinceaux feuillages ou se jouent des oiseaux,",,41.6,True,none,,,
BO0624_4399,25355,642,613,"FAUTEUILen noyer a haut dossier,les bras se terminant a volute,les pieds relies entr'eux par des traverses tournees.Le siege et le dossier sont recouverts de velours rouge contretaille a petites fleurs.XVII siecle.",,45.4,True,none,,,
BO0624_4399,25356,643,614,"DEUX SUITES DE QUATRE STALLES de chceur, en noyer, decorees sur les panneux,sur les traverses,sur les dossiers et sur les accotoirs de festons,feuilles et ornements varies en marqueterie de bois d'erable. Les panneaux sont separes par des pilastres a cannelures qui soutiennent des modillons sur lesquels pose un'entablement a triglyphes.XVI siecle. On vendra quatre stalles a la fois avec preference.",,48.2,True,none,,,
BO0624_4399,25357,644,615,"CADRE en bois dore, decore de moulures a ornements en relief, de deux pilastres en balustres, de feuillages et dauphins sur les parties laterales et d'un vase, surmonté d'un aigle au milieu de ramages, sur la partie inferieure.XVIe siecle.",4252.0,60.8,False,positional,ANDRE DE MILAN,,
BO0624_4399,25358,645,616,"LAMBRIS en noyer sculpte,forme de douze panneaux ayant au milieu un medaillon ovale,decore tout au tour d'ornements de mascarons, de fleurs, de cornes d'abondance, de genies et de fruits, varies sur chaque panneau.Un pilastre termine dans le haut d'une tete d'ange et surmonte d'une volute, divise les panneaux entreux. Fin du XVIe siecle.Le lot sera vendu a quatre panneaux a la fois avec prefe-",,46.0,True,none,,,
BO0624_4399,616116,646,617,"FAUTEUIL en bois peint bleu clair,richement sculpte et dore,recouvert en damas rouge. Louis XV.",,37.2,True,none,,,
BO0624_4399,616117,647,618,"CoNsoLE en bois peint bleu clair, sculpte et dore. Dessus en albatre.Louis XVI.",,34.1,True,none,,,
BO0624_4399,616119,648,619,CABINET.La facade a petits tiroirs est recouverte de maroquin rouge decore d'ornements dores au petit fer.Travail italien. XVIe siecle.,,41.6,True,none,,,
BO0624_4399,616120,649,620,"GROsSE MONTRE en cuivre dore.Le boitier est de cuivre decoupe a jour, on y a represente des fleurs et des feuillages finement gravees. Le cadran, sur lequel est rapporte un cercle d'argent, est decore de feurs gravees et est place sous un verre bombe. Travail francais. XVlle siecle. Signe: Gregoire. Blois.",,51.2,True,none,,,
BO0624_4399,616121,650,621,"OsTENsoIR en argent avec riche decoration d'ornements au repousse, a tete de seraphins a bas-relief et en ronde bosse. XVIIe siecle.",,44.6,True,none,,,
BO0624_4399,616122,651,622,"GRANDE PENDULEavec console.Louis XV. Boite vernie vert avec fleurettes en couleurs, garnie de bronzes a rocailles feuil lagees. Cadran en email blanc, les heures marquees en noir.",,43.4,True,none,,,
BO0624_4399,616123,652,623,"DIx-HUIT BOUToNS avec un papillon dif ferent en mosaique a couleurs, sur chaque bouton.Montes en argent dore.Empire.",,36.0,True,none,,,
BO0624_4399,616127,653,624,"PENDULE avec console,en marqueterie de Boulle, garnie de bronzes dores. Cadran en bronze portant les heures marquees en noir sur fond d'email blanc; au dessous du cadran un bas-relief contourne representant Brighella et Colombina.Mouvement par Bailly l'aine. Paris.",,48.3,True,none,,,
BO0624_4399,616128,654,625,"CRUcIFIx.La base plaquee d'ebene,croix en palissandre. Le Christ est en ivoire. XVe siecle.",,32.6,True,none,,,
BO0624_4399,616131,655,626,"PETIT CABINET en fer et en bronze repousse cisele et dore,monture en bois de noyer.La facade est formee de trois rangees de petits tiroirs. Ils sont decores de plaques en bronze dore avec figures, mascarons et ornements a relief. Quatre cariatides femmes separent les tiroirs de la",,51.8,True,none,,,
BO0624_4399,616132,656,627,PENDULE en bronze dore. Un negre marchant et portant sur les epaules nu ballot sur lequel est place le cadran de la pendule. Base en bronze dore avec ornements en relief.,,44.9,True,none,,,
BO0624_4399,616134,657,628,"CADRE en bois de noyer dore et en partie peint noir, decore de deux pilastres a candelieri dores sur fond noir, supportant un entablement amouluresfinement sculptees surmonte d'une cimaise formee d'un vase et de deux griffons. Sur la base une armoiries au milieu de feuillages. Travail forentin du commencement du XVI siecle.",,50.0,True,none,,,
BO0624_4399,616135,658,629,"CoFFRET en fer. De forme rectangulaire a couvercle plat, il repose sur quatre boules. Sur le couvercle muni d'une poignee se trouve l'entree de la serrure. Sa decoration represente de figures de femmes et d'hommes encadrees de bandeaux a rinceaux graves a leau-forte. Travail allemand. XVIe siecle.",4258.0,87.5,False,positional,ANDRE DE MILAN,,
BO0624_4399,616138,659,630,"CoFFRET oblong a couvercle a rampants, termine en partie saillante en son milieu, decore au pourtour de petits bas-reliefs en hauteur representant de figures groupees deux a deux.Monture ornee d'incrustations executees alla certosina.",4263.0,90.7,False,positional,ANDRE DE MILAN,,
