catalogue_id,chunk_db_id,chunk_id,num,title,matched_line,match_score,low_confidence,entity_match_method,artist,school,object_type,collection,period
BO0624_4389,85928,1,1,COLLANA di fusaiole in terracotta e due altre di vaghi in smalto di scavo a colori.,49,86.5,False,none,,,,,
BO0624_4389,85929,2,2,"TRE FRAMMENTI di fregio in terracotta (Rilievi Campana), due dei quali con satiri vendemmiatori e uno con testa di Medusa.",51,98.3,False,none,,,,,
BO0624_4389,85930,3,3,URNA CINERARIA in terracotta policromata con bassorilievo rappresentante guerrieri combattenti con figura giacente sul coperchio,54,96.4,False,none,,,,,
BO0624_4389,85931,4,4,QUATTRO VASETTI riuniti su base circolare ornata di foglie e teste.,56,93.0,False,none,,,,,
BO0624_4389,85932,5,5,DUE FIASCHETTE lenticolari di terracotta con figure chiare su fondo verde.Imitazione di vasi cristiani.,57,99.0,False,none,,,,,
BO0624_4389,85933,6,6,QUATTRO PAALSTAB di bronzo di scavo.,61,97.2,False,none,,,,,
BO0624_4389,85934,7,7,BATTENTE in ferro e 5 chiavi.(Secolo XVI).,62,97.5,False,none,,,,,
BO0624_4389,85935,8,8,MORTAIO di bronzo con foglie e conchiglie a rilievo.,63,98.1,False,none,,,,,
BO0624_4389,85936,9,9,PIATTO di metallo sbalzato a disegni geometrici. (Secolo XVII).,67,86.8,False,none,,,,,
BO0624_4389,85937,10,10,LOTTO di circa 85 chiavi di bronzo di scavo.,68,94.5,False,none,,,,,
BO0624_4389,85938,11,11,CALICE di metallo dorato a largo piede e nodo con ornati.(Secolo XV).,69,97.8,False,none,,,,,
BO0624_4389,85939,12,12,"DUE CAMPANELLI, un lume, una lampada, due piattini di candelabro e un coperchio di bronzo di scavo",73,72.7,False,none,,,,,
BO0624_4389,85940,13,13,"MANICHI di vasi, guarnizioni di cassone, testa di leone, ecc. Dodici pezzi di bronzo di scavo.",75,97.3,False,none,,,,,
BO0624_4389,85941,14,14,OTTO STRIGILI di bronzo di scavo.,76,95.5,False,none,,,,,
BO0624_4389,85942,15,15,CANDELABRO di bronzo di scavo con asta recante volpe che insegue una gallina.,77,98.1,False,none,,,,,
BO0624_4389,85943,16,16,"ALBERELLO strozzato in mezzo, dipinto a piu colori, ornato con ritratto di San Domenico. Manifattura palermitana.",81,68.6,False,none,,,,,
BO0624_4389,85944,17,17,DUE VASETTI con anse.,87,93.0,False,none,,,,,
BO0624_4389,85945,18,18,BOCCALE con stemma dei Farnese. Viterbo. (Secolo XVII).,88,97.1,False,none,,,,,
BO0624_4389,85946,19,19,DUE PAIA DI VASI da farmacia con stemma circondato da corona di frutta e fiori policromati su fondo bianco. (Secolo XVIII).,92,94.4,False,none,,,,,
BO0624_4389,85947,20,20,FIASCA con stella a rilievo e colori sulle due parti. (Sec. XVII).,93,89.7,False,none,,,,,
BO0624_4389,85948,21,21,"ALBERELLO strozzato in mezzo, dipinto a piu colori, ornato con ritratto di guerriero e iscrizione farmaceutica. Manifattura palermitana.",95,70.2,False,none,,,,,
BO0624_4389,85949,22,22,BOCCALE con pesce dipinto a colori su fondo bianco. Fab. Faenza. (Secolo XVII).,99,98.0,False,none,,,,,
BO0624_4389,85950,23,23,"ALBERELLO strozzato al mezzo,dipinto a piu colori, ornato da una figura di Minerva. Manifattura palermitana. Proveniente dalla Vendita Cavalletti.",103,98.3,False,none,,,,,
BO0624_4389,85951,24,24,COPRICALICE in broccatello a fiori e 2 stole di velluto controta- gliato.,109,92.8,False,none,,,,,
BO0624_4389,85952,25,25,"PALIOTTO di velluto rosso con ricchi ricami a riporto a fiori e ornati d'oro e seta gialla, bianca e verde laminata d'oro.(Se-",111,98.8,False,none,,,,,
BO0624_4389,85953,26,26,"PALIOTTO in seta con ricami policromati a volute e fiori, e con riporti di figure di angeli, di ornati e di galloni in oro ed argento: nel mezzo ritratto di prelato sovrapposto. Ricco lavoro del XVII secolo.",115,94.1,False,none,,,,,Sec. XVII
BO0624_4389,85954,27,27,SCUOLA DI FRANCESCO DI GIORGIO. MADONNA e Bambino. Tavola su fondo d'oro.,125,71.4,False,none,,,,,
BO0624_4389,85955,28,28,SCUOLA FIORENTINA. MADONNA e Bambino.Tavola.,131,72.5,False,none,,,,,
BO0624_4389,85956,29,29,SCUOLA MARCHIGIANA-VIVARINESCA. DUE SPORTELLI d'un trittico rappresentanti un santo vescovo e Sant'Antonio abate,137,57.0,False,title_direct,,SCUOLA UMBRA,,,
BO0624_4389,85957,30,30,SCUOLA DEL VERROCCHIO. LA MADONNA e San Giovannino adoranti il Bambino Gesu. Tavola senza cornice con sfondo di paesaggio.,143,88.6,False,none,,,,,
BO0624_4389,85958,31,31,"NERI DI BICCI (1415-1451). GESU CROCIFISSO con le sante donne preganti appie della croce, San Giovanni, San Francesco e San Girolamo.Pittura a tempera su tavola con fondo oro.",151,91.5,False,none,,,,,Sec. XV
BO0624_4389,85959,32,32,SCUOLA FIORENTINA (Prima metà del Quattrocento). MADONNA e Bambino in trono coi Santi Giovanni Battista ed Antonio abate e due Angeli,159,61.1,False,none,,,,,
BO0624_4389,85960,33,33,"BERNARDINO FUNGAI (secolo XV). MADONNA adorante il Bambino, con paesaggio, e, in alto, angioletti.",168,74.8,False,none,,,,,
BO0624_4389,85961,34,34,SCUOLA UMBRO-SENESE (1300). LE SANTE Flora e Lucilla; in alto tre Angeli.,177,62.5,False,title_direct,,SCUOLA UMBRA,,,Sec. XIV
BO0624_4389,85962,35,35,GIOVANNI BOCCATI DA CAMERINO. (Secolo XV). MADONNA e Bambino con due Angeli. Quadro su tavola con tabernacolo dorato.,185,78.5,False,none,,,,,
BO0624_4389,85963,36,36,SCUOLA BIZANTINA. LA MADONNA col Bambino fra le Sante Caterina e Lucia: sfondo di paesaggio. Tavola con cornice nera e oro.,193,92.0,False,none,,,,,
BO0624_4389,85964,37,37,SCUOLA VENEZIANA PRIMITIVA(Infuenza bizantina). CONCERTO di Angeli sopra la volta stellata del cielo. Iscrizione: REGINA CELI LETARE ALELVIA. Tavola in cornice a tortiglione dorato.,201,74.7,False,title_direct,,SCUOLA VENEZIANA,,,
BO0624_4389,85965,38,38,"ANTONIO VIVARINI (Secolo XV). POLITTICO: Santi Cristoforo, Niccolo da Bari,Giacomo e An- tonio abate. Tavola su fondo oro e cornice dorata.",220,78.2,False,none,,,,,
BO0624_4389,85966,39,39,SANO DI PIETRO. (Prima meta del secolo xV). TRITTICO: Madonna e Bambino con due Angeli e donatore: in alto l'Eterno benedicente;ai lati Santi Girolamo e Caterina,229,85.0,False,title_direct,SANO DI PIETRO,,,,
BO0624_4389,85967,40,40,SCUOLAMARCHEGIANA. MADONNA e Bambino fra due Santi. Quadro in tavola.,241,83.8,False,title_direct,,SCUOLAUMBRO-MARCHEGIANA,,,
BO0624_4389,85968,41,41,"SCUOLA DEI VIVARINI. POLITTICO: Nel centro l'assunzione della Madonna con San Tommaso e vari devoti; ai lati Santa Chiara, Sant'Ambrogio, San Nicolo da Tolentino,Sant'Agostino,Sant'Antonio abate e Sant'Apollonia.Tavola.",247,92.2,False,none,,,,,
BO0624_4389,85969,42,42,"SCUOLA MARCHEGIANA. DUE SPORTELLI d’organo raffiguranti 1Annunciazione, dipinti su",255,84.1,False,title_direct,,SCUOLA UMBRA,,,
BO0624_4389,85970,43,43,SCUOLA MARCHEGIANA. QUATTRO SANTI su tavola. Cornice dorata.,260,79.6,False,title_direct,,SCUOLA UMBRA,,,
BO0624_4389,85971,44,44,"SCUOLA MARCHEGIANA. TAVOLA votiva raffigurante da un lato la Madonna col Bambino ed Angeli protettrice del popolo; in alto Dio Padre portante fascie di dardie circondato da cherubini;dall'altro lato San Giovanni Battista e San Sebastiano,in fondo una citta, in alto Cristo risorto dalla tomba.",266,84.5,False,title_direct,,SCUOLA UMBRA,,,
BO0624_4389,85972,45,45,OTTAVIANO NELLI. UN SANTO vescovo. Affresco.,275,75.4,False,title_direct,OTTAVIANO NELLI,,,,
BO0624_4389,85973,46,46,SCUOLA DI ANTONIAZZO ROMANO. MADONNA con Bambino. Pittura a tempera su tavola entro edicola a due colonnine e timpano semicircolare.,281,87.6,False,none,,,,,
BO0624_4389,85974,47,47,MAINERI (attribuito). CRiSTO che porta la croce. Tavola e cornice dorata.,287,83.3,False,none,,,,,
BO0624_4389,85975,48,48,"IGNOTO. MADoNNA, Bambino e San Francesco.Pittura su tavola. Cornice intagliata e dorata.",295,95.1,False,none,,,,,
BO0624_4389,85976,49,49,MATTEO DA GUALDO. MADONNA e Bambino. Tavola ridotta a forma ovale con fondo d'oro. Tabernacolo dorato.,299,90.1,False,none,,,,,
BO0624_4389,85977,50,50,BERNARDINO DI MARIOTTO. SPOSALIZIO di Santa Caterina. Quadro su tavola. Tabernacolo dorato.,305,84.4,False,none,,,,,
BO0624_4389,85978,51,51,DETTO. SAN SEBASTIANO e San Domenico adoranti in ginocchio l'emblema eucaristico. Pittura su tavola. Cornice a tabernacolo dorato.,309,97.2,False,none,,,,,
BO0624_4389,85979,52,52,SCUOLA MARCHEGIANA. LA FUGA in Egitto. Tavola in cornice dorata.,319,81.1,False,title_direct,,SCUOLA UMBRA,,,
BO0624_4389,85980,53,53,"STEFANO DI SAN GINESIO. LA MADONNA col Bambino in una gloria di angioletti, in fondo due Angioli, ai lati i Santi Tommaso e Sebastiano. Tavola su fondo d'oro senza cornice.",325,67.2,False,none,,,,,
BO0624_4389,85981,54,54,NEROCCIO DI BARTOLOMEO LANDI. (Secolo XV). MADoNNA e Bambino fra un santo ed una santa. Tavola con fondo d'oro senza cornice.,331,80.2,False,none,,,,,
BO0624_4389,85982,55,55,SCUOLA UMBRO-SENESE. L'ASSUNZIONE. Dipinto su tavola a fondo d'oro.,337,81.1,False,title_direct,,SCUOLA UMBRA,,,
BO0624_4389,85983,56,56,SCUOLA ROMANA. FRAMMENTO di quadro in tela.Cornice dorata.,343,85.1,False,none,,,,,
BO0624_4389,85984,57,57,SCUOLA ITALO-BIZANTINA. S. FRANCESCO che riceve le stimmate. Tavola.,349,77.8,False,none,,,,,
BO0624_4389,85985,58,58,SCUOLA FIORENTINA. (Ultima meta del Quattrocento). L'ADORAZIONE del Bambino con diversi santi ed angioli ed il donatore.Pittura in tavola.,357,78.4,False,none,,,,,
BO0624_4389,85986,59,59,"SCUOLA LOMBARDA. MADONNA, Bambino ed Angelo; quadro in tavola. Cornice dorata.",363,87.2,False,none,,,,,
BO0624_4389,85987,60,60,IGNOTO. MADONNA e Bambino in trono. Dipinto su tavola a fondo d'oro.,374,41.4,False,none,,,,,
BO0624_4389,85988,61,61,NEROCCIO DI BARTOLOMEO LANDI. MADONNA e Bambino coi Santi Girolamo e Maria Maddalena.,378,66.3,False,none,,,,,
BO0624_4389,85989,62,62,SCUOLA UMBRA. AFFRESCO rappresentante l'Agnus Dei. Frammento di arco. Alt. M.o.49 Larg.M.o.8o.,384,74.5,False,title_direct,,SCUOLA UMBRA,,,
BO0624_4389,85990,63,63,SCUOLA FIORENTINA (Ultima meta del Secolo XV). L'ADORAZIONE del Bambino. Tondo in tavola con cornice intagliata e dorata.,391,76.4,False,none,,,,,
BO0624_4389,85991,64,64,"SCUOLA FIORENTINA (Ultima meta del Secolo XV). TRENTATRE PANNELLI in legno dipinto per soffitto,raffiguranti",395,63.2,False,none,,,,,
BO0624_4389,85992,65,65,CROCIFISSO di avorio. Scultura del secolo XV.,399,96.6,False,none,,,,,Sec. XV
BO0624_4389,85993,66,66,"Riccio di pastorale in avorio dipinto e dorato con Agnus Dei nel centro. Pezzo da collezione. Vedi Illustrazione,Tav.20.",405,86.3,False,none,,,,,
BO0624_4389,85994,67,67,"DUE MOSAICI, l'uno rappresentante leone e toro ed altro con due figure.",407,89.2,False,none,,,,,
BO0624_4389,85995,68,68,Lotto di vari frammenti di encausti romani fra i quali notevole un mascherone.,412,98.1,False,none,,,,,
BO0624_4389,85996,69,69,"ELMO di ferro ornato di figure, trofei e cavalieri. Sec. XVII. Alt.M.0.32.",416,97.9,False,none,,,,,Sec. XVII
BO0624_4389,85997,70,70,ELMO di ferro con orecchie e mancante della visiera. Sec. XVII. Alt.M.0.32.,417,89.6,False,none,,,,,Sec. XVII
BO0624_4389,85998,71,71,PAlO DI PISTOLE a pietra con guarnizioni in bronzo e argento. Secolo XVII.Portano la marca in oro della fabbrica di Napoli.,420,66.7,False,none,,,,,
BO0624_4389,85999,72,72,SPADA moschettiera con guardia traforata e cesellata. Sec. XVII. Alt.M.1.32.,421,98.0,False,none,,,,,Sec. XVII
BO0624_4389,86000,73,73,"FUCILE arabo a pietra con ricco intarsio in avorio, batteria cesellata. Secolo XVII.",422,87.2,False,none,,,,,Sec. XVII
BO0624_4389,86001,74,74,LANCIA da parata in ferro con incisioni e asta di legno. Secolo XVII.,427,90.6,False,none,,,,,Sec. XVII
BO0624_4389,86002,75,75,MADONNA e Bambino. Figura in legno policromato. Sec. XVIII.,432,88.7,False,none,,,,,Sec. XVIII
BO0624_4389,86003,76,76,"CASSONE da matrimonio di noce, sorretto da zampe di leone con ornati e stemmi scolpiti. Secolo XVII.",433,71.8,False,none,,,,,Sec. XVII
BO0624_4389,86004,77,77,"DUE SEGGIOLoNI a dossale centinato con braccioli a volute, ri coperte di stoffa rossa a fiorami. Secolo XVII.",438,97.2,False,none,,,,,Sec. XVII
BO0624_4389,86005,78,78,"SCRIGNO di palissandro con parte centrale architettonica, colonnine a tortiglione e statuette di bronzo dorato. Sec. XvII. Alt.M.o.8o—Larg.I.37.",439,96.8,False,none,,,,,
BO0624_4389,86006,79,79,"URNA di ebano e cristalli con intarsi in avorio, contenente sedici",443,82.8,False,none,,,,,
BO0624_4389,86007,80,80,SANTO VESCOVO. Grande statua di legno scolpito e policromato. Secolo XVII.,444,96.6,False,none,,,,,Sec. XVII
BO0624_4389,86008,81,81,LUCERNA a olio in argento. Secolo XVIII.,448,87.4,False,none,,,,,Sec. XVIII
BO0624_4389,86009,82,82,"SOTTOBOTTIGLIE argento gr. 1.843, 18 sottobicchieri argento",449,95.0,False,none,,,,,
BO0624_4389,86010,83,83,"POSACENERE argento con figure ""Mosè salvato dalle acque"". Genere orientale.",454,84.4,False,none,,,,,
BO0624_4389,86011,84,84,"PRESSACARTE. Figura di Minerva seduta, in argento con base di pietra.",459,97.8,False,none,,,,,
BO0624_4389,86012,85,85,TESTA arcaistica di Efebo. Marmo.,463,95.4,False,none,,,,,
BO0624_4389,86013,86,86,TESTA di Venere in marmo su pieduccio di nero. Epoca romana. Alt.M.0.38.,467,97.9,False,none,,,,,
BO0624_4389,86014,87,87,TESTA di Giunone in marmo.,470,94.3,False,none,,,,,
BO0624_4389,86015,88,88,DUE TESTE e un mascherone per fontana in marmo. Una testa dipietra.,474,97.0,False,none,,,,,
BO0624_4389,86016,89,89,FRONTONE in marmo con tre busti ad altorilievo ed iscrizione nell'alto.,475,97.9,False,none,,,,,
BO0624_4389,86017,90,90,FRAMMENTO di bassorilievo ellenistico.,476,96.1,False,none,,,,,
BO0624_4389,86018,91,91,TRE GUTTI di varie forme.,487,94.1,False,none,,,,,
BO0624_4389,86019,92,92,TRE PICCOLI VASETTI terracotta.,488,95.2,False,none,,,,,
BO0624_4389,86020,93,93,FIASCA decorata sulle due parti con testa di donna a rilievo e colori. (Secolo XVIII).,489,98.2,False,none,,,,,
BO0624_4389,86021,94,94,"VASO di farmacia a cilindro ristretto nel mezzo, con iscrizione farmaceutica e stemma con leone rampante entro corona poli cromata su fondo bianco. Faenza. (Secolo XVII).",493,84.0,False,none,,,,,
BO0624_4389,86022,95,95,VASO cilindrico a due anse con ornati policromi su fondo bianco e 1iscrizione: SOR ANESTASIA -16o3. Cafaggiolo.,498,72.8,False,none,,,,,
BO0624_4389,86023,96,96,"VASO cilindrico con due medaglioni con ritratto di guerriero, fiori ed ornati policromi. Venezia.(Secolo XVIl).",503,71.0,False,none,,,,,
BO0624_4389,86024,97,97,DUE MATTONELLE di forma circolare smaltate a colori.,505,87.2,False,none,,,,,
BO0624_4389,86025,98,98,DUE PICCOLI LECYTHI a figure nere su fondo rosso.,506,97.0,False,none,,,,,
BO0624_4389,86026,99,99,DUE VASETTI a forma di bottiglia con figure bianche su fondo nero.,507,93.8,False,none,,,,,
BO0624_4389,86027,100,100,PICCOLO CRATERE in terracotta.,509,93.5,False,none,,,,,
BO0624_4389,86028,101,101,SCALDAVIVANDE di maiolica a smalto bianco. Manifattura di Faenza. (Secolo XVII).,510,83.0,False,none,,,,,
BO0624_4389,86029,102,102,VASO a pancia dipinto a colori verdi su fondo verde scuro. Manifattura persiana.,515,82.0,False,none,,,,,
BO0624_4389,86030,103,103,"SERVIZIO in maiolica decorata a fiori su fondo bianco, composto di 63 piatti piani, 19 piatti fondi, una terrina con coperchio e piatto, 6 fiamminghe di varie dimensioni, 2 legumiere e 4 fruttiere con 2 piatti. In totale 98pezzi della Fabbrica Ginori. (Secolo XVIII).",520,98.7,False,none,,,,,
BO0624_4389,86031,104,104,DUE SALIERE in argento di forma ovale su quattro piedi. (Epoca Impero).,524,97.1,False,none,,,,,
BO0624_4389,86032,105,105,COPPA in argento con coperchio e ornamenti in rilievo dorati.,528,81.6,False,none,,,,,
BO0624_4389,86033,106,106,BICCHIERE di vetro incolore con baccelli ed orlo dorati.,529,96.5,False,none,,,,,
BO0624_4389,86034,107,107,SANTA VERONICA. Smalto di Limoges in cornice dorata.,530,96.2,False,none,,,,,
BO0624_4389,86035,108,108,VASO a collo alto con ansa di vetro color violetto con ornati dorati. Venezia.,531,97.4,False,none,,,,,
BO0624_4389,86036,109,109,CROCE in cristallo di rocca.,532,93.1,False,none,,,,,
BO0624_4389,86037,110,110,DUE PICCOLI LEONI antichi in cristallo di rocca con piedestallo di cristallo affumicato avente agli angoli stelle smaltate. Bari.,533,64.3,False,none,,,,,
BO0624_4389,86038,111,111,"UN SECCHIELLO senza manico, un vaso a pancia schiacciata. Bronzi.",538,90.9,False,none,,,,,
BO0624_4389,86039,112,112,RYTON di bronzo a testa di cervo con occhi d'argento.,540,96.3,False,none,,,,,
BO0624_4389,86040,113,113,UN SISTRo ed un fodero di gladio.,541,94.1,False,none,,,,,
BO0624_4389,86041,114,114,"QUATTORDICI PIEDI di cista rappresentanti figure, vittorie, leoni, aquile, ecc.",542,97.4,False,none,,,,,
BO0624_4389,86042,115,115,PICCOLA CISTA sormontata da anitra.,543,94.4,False,none,,,,,
BO0624_4389,86043,116,116,"DUE VASI di bronzo, un piattino di candelabro, un piatto grande e un colatoio. Cinque pezzi.",549,79.7,False,none,,,,,
BO0624_4389,86044,117,117,"PICCOLA COLLEZIONE di braccialetti, fibbie, ecc., fissati sopra tavoletta ricoperta di stoffa rossa. Pezzi 37.",551,70.7,False,none,,,,,
BO0624_4389,86045,118,118,LOTTO composto di sei Cristi in bronzo. Varie epoche.,553,94.4,False,none,,,,,
BO0624_4389,86046,119,119,"OTTO STATUINE di bronzo: idoletti, ecc. di scavo.",554,93.8,False,none,,,,,
BO0624_4389,86047,120,120,OENOCHOE in bronzo.,555,85.0,False,none,,,,,
BO0624_4389,86048,121,121,CROCIFISSO in bronzo dorato. (Secolo XIl). Cornice nero e oro.,559,86.8,False,none,,,,,
BO0624_4389,86049,122,122,DUE ANGELI in bronzo dorato. (Secolo XVIII).,560,95.2,False,none,,,,,
BO0624_4389,86050,123,123,CROCE processionale di metallo dorato con figure di evangelisti in argento su fondo di smalto turchino.,561,70.7,False,none,,,,,
BO0624_4389,86051,124,124,"STATUETTA in bronzo rappresentante una figura muliebre, vestita di peplo, con il braccio proteso. Lavoro romano. Patina verde.",567,94.2,False,none,,,,,
BO0624_4389,86052,125,125,IGNOTO. RITRATTO: mezza figura di gentiluomo in costume del 1500 con capelli alla raffaellesca.,573,77.4,False,none,,,,,Sec. XVI
BO0624_4389,86053,126,126,IGNOTO (Secolo XVII). FESTA VENEZIANA sulla Piazzetta di San Marco. Dipinto su tela con cornice dorata,585,88.4,False,none,,,,,
BO0624_4389,86054,127,127,IGNOTO (Secolo XVII). CRISTO MORTO compianto dalla Madonna e Santi. Tavola in cornice dorata.,591,87.0,False,none,,,,,
BO0624_4389,86055,128,128,IGNOTO (Secolo XV). FRAMMENTO di affresco rappresentante San Cristoforo che porta il Bambino.,597,88.5,False,none,,,,,
BO0624_4389,86056,129,129,SCUOLA MARCHEGIANA. GESU CROCIFISSO con ai lati un santo e la Madonna ed un altro santo inginocchiato ai piedi della Croce. Tavola su fondo oro.,603,91.4,False,title_direct,,SCUOLA UMBRA,,,
BO0624_4389,86057,130,130,"SCUOLA DI FILIPPINO LIPPI. LA MADONNA adorando il Bambino, con S. Giuseppe e S. Giovannino. Tavola con cornice dorata.",609,86.1,False,none,,,,,
BO0624_4389,86058,131,131,SCUOLA FERRARESE. LA CROCIFISSIONE. Dipinto su tavola in cornice dorata.,615,84.8,False,none,,,,,
BO0624_4389,86059,132,132,SCUOLA DEL COSIDETTO MAESTRO DELLE MEZZE FIGURE FEMMINILI. (Tedesca). LUCREZIA ROMANA. Dipinto su tavola in cornice nero e oro.,627,55.2,False,none,,,,,
BO0624_4389,86060,133,133,"SCUOLA MARCHEGIANA. PALA DI ALTARE. Madonna e Bambino con Sant'Onofrio, San Giovanni Battista, San Girolamo e Sant'Agostino: ai piedi della Vergine piccole figure di un santo e del donatore. Sotto l'iscrizione: s'aiuto ano dm mensis januari facto fuit opus.",634,94.8,False,title_direct,,SCUOLA UMBRA,,,
BO0624_4389,86061,134,134,"SCUOLA SENESE (Prima metà del secolo XVII). MADONNA e Bambino, dipinto su tela in cornice dorata.",642,61.2,False,positional,SANO DI PIETRO,,,,
BO0624_4389,86062,135,135,SCUOLA BOLOGNESE. SANTO APOSTOLO: quadro in tela. Cornice dorata,646,68.2,False,positional,SANO DI PIETRO,,,,
BO0624_4389,86063,136,136,SCUOLA DEL VERROCCHIO. LA VERGINE in ginocchio adorante il Bambino Gesu. Dipinto su tavola con sfondo di paesaggio entro cornice nero e oro.,650,82.4,False,positional,SANO DI PIETRO,,,,
BO0624_4389,86064,137,137,SANO DI PIETRO. (Prima meta del secolo XV). PREDELLA D'ALTARE. Il Cristo morto fra la Madonna e San Giovanni. Tavola fondo d'oro.,656,64.1,False,title_direct,SANO DI PIETRO,,,,
BO0624_4389,86065,138,138,"SCUOLA TOSCANA. MADONNA e Bambino in trono sotto un baldacchino di panneggio rosso, fra santi ed angeli. Tavola.",665,91.7,False,positional,SANO DI PIETRO,,,,
BO0624_4389,86066,139,139,"SCUOLA UMBRA PRIMITIVA.  (Principio del Trecento). LA MADONNA col Bambino in trono: in alto due angioli, in basso i Santi Giovanni Ev. e Maria Maddalena. Tavola su fondo oro.",674,55.9,False,title_direct,,SCUOLA UMBRA,,,
BO0624_4389,86067,140,140,"SCUOLA FIORENTINA. MADONNA in trono con Bambino contornata da quattro Sante Vergini e diversi Angeli. Nella predella Cristo morto frai Santi Onofrio,Girolamo, San Pietro martire ed altro Santo domenicano. Tavola.",681,94.8,False,positional,SANO DI PIETRO,,,,
BO0624_4389,86068,141,141,BARTOLOMEO VIVARINI. (Secolo XV). MADONNA e Bambino in trono con quattro angioletti musicanti. Quadro in tavola. Cornice dorata. Perfetta conservazione.,695,87.0,False,positional,SANO DI PIETRO,,,,
BO0624_4389,86069,142,142,SCUOLA UMBRA. (Secolo XV). LUNETTA DI POLITTICO. Cristo benedicente e l'Annunciazione. Tavola.,703,83.9,False,title_direct,,SCUOLA UMBRA,,,
BO0624_4389,86070,143,143,IGNOTO. TRE RITRATTI di fanciulli a mezzo busto con cane. Tela in cornice.,709,30.2,False,positional,OTTAVIANO NELLI,,,,
BO0624_4389,86071,144,144,OTTAVIANO NELLI. QUATTRO AFFRESCHI a chiaroscuro. Figure allegoriche.,711,71.3,False,title_direct,OTTAVIANO NELLI,,,,
BO0624_4389,86072,145,145,"SCUOLA UMBRO-SENESE. (Secolo XV). MADONNA ed una Santa. Due dipinti su tavola: il primo a fondo oro in cornice dorata, e l'altro a fondo nero con fiori in cornice nera a fregi dorati.",717,90.1,False,title_direct,,SCUOLA UMBRA,,,
BO0624_4389,86073,146,146,SCUOLA UMBRA-MARCHEGIANA. TRITTICO: al centro Madonna e Bambino con Angeli: ai lati quattro Santi e l'Annunciazione. (Stephani Opus). Tavola.,722,89.0,False,title_direct,,SCUOLA UMBRA,,,
BO0624_4389,86074,147,147,IGNOTO. L'ANNUNCIAZIONE. Dipinto su tavola.,727,88.3,False,positional,OTTAVIANO NELLI,,,,
BO0624_4389,86075,148,148,IGNOTO (Antica copia del Durer). ADAMO ED EVA. Dipinto su tavola con cornice dorata.,731,75.8,False,positional,OTTAVIANO NELLI,,,,
BO0624_4389,86076,149,149,"VINCENZO PAGANI.  (Prima meta del secolo XVI). PALA D'ALTARE. In alto Madonna e Bambino con gloria; nel basso San Sebastiano, San Rocco, l'Arcangelo Michele e Sant'Antonio che presenta il donatore. Tavola.",739,87.4,False,positional,OTTAVIANO NELLI,,,,
BO0624_4389,86077,150,150,"SCUOLA DI NERI BICCI.  (Secolo XV). L'ANGELO e Tobia, dipinto su tavola.",749,68.0,False,positional,OTTAVIANO NELLI,,,,
BO0624_4389,86078,151,151,SCUOLA FIORENTINA. (Prima meta del secolo XV). MADONNA e Bambino in trono con Santi ed Angeli. Predellino con strage degli Innocenti. Pittura su tavola. Tabernacolo dorato.,761,55.5,False,positional,OTTAVIANO NELLI,,,,
BO0624_4389,86079,152,152,"SCUOLA BIZANTINA. MADONNA, Bambino e San Giovannino. Tavola, cornice intagliata e dorata.",765,75.7,False,positional,OTTAVIANO NELLI,,,,
BO0624_4389,86080,153,153,BALDASSARE PERUZZI.  (Secolo xVI). LEDA e il Cigno. Quadro su tavola in cornice dorata.,777,76.1,False,positional,OTTAVIANO NELLI,,,,
BO0624_4389,86081,154,154,SCUOLA ITALO-BIZANTINA. SANTI Domenico e Girolamo. Due figure su tavola a fondo d'oro,785,83.0,False,positional,OTTAVIANO NELLI,,,,
BO0624_4389,86082,155,155,SCUOLA DI LORENZO DI CREDI. MADONNA e Bambino con fondo di paesaggio. Tavola. Cornice intagliata e dorata,791,84.0,False,positional,OTTAVIANO NELLI,,,,
BO0624_4389,86083,156,156,SCUOLA FIAMMINGA. IL RATTO DI ELENA. Dipinto su tavola in cornice dorata.,797,72.0,False,positional,OTTAVIANO NELLI,,,,
BO0624_4389,86084,157,157,SCUOLA NAPOLETANA. CALVARIO. Dipinto su tavola con molte figure.,801,81.5,False,title_direct,,SCUOLA NAPOLETANA,,,
BO0624_4389,86085,158,158,SCUOLA FIORENTINA. (Ultima meta del secolo xV). LA MADONNA e San Giovanni adoranti il Bambin Gesu: fondo di paesaggio. Tondo in tavola con cornice intagliata e dorata.,809,79.5,False,positional,OTTAVIANO NELLI,,,,
BO0624_4389,86086,159,159,SCUOLA MARCHEGIANA. LA SS. ANNUNZIATA. Dipinto su tavola senza cornice.,813,69.0,False,title_direct,,SCUOLA UMBRA,,,
BO0624_4389,86087,160,160,FALCIONE in ferro con stemma inciso ai due lati e asta di legno. (Secolo XVI).,816,97.4,False,positional,OTTAVIANO NELLI,,,,
BO0624_4389,86088,161,161,ELMO a calata in ferro cesellato. Lavoro italiano. (Secolo XVI).,817,96.7,False,positional,OTTAVIANO NELLI,,,,
BO0624_4389,86089,162,163,CASCO persiano ageminato in argento. (Secolo XVII).,820,95.9,False,positional,OTTAVIANO NELLI,,,,
BO0624_4389,86090,163,164,SPADA moschettiera con guardia finamente traforata e cesellata. Porta la firma: Sebastiano Ernandez en Toledo. (Secolo XVII),821,98.3,False,positional,OTTAVIANO NELLI,,,,
BO0624_4389,86091,164,165,"CASSETTA con scacchiera ad intarsio da una'parte e figura di donna a cavallo in rilievo dall'altra. Trenta pezzi da giuoco con soggetti storico-allegorici del Secolo XVII, ritratti, stemmi,ecc.,in rilievo ed iscrizioni.",827,78.9,False,positional,OTTAVIANO NELLI,,,,Sec. XVII
BO0624_4389,86092,165,166,"GRANDE POLTRONA di noce a dossale alto rettangolare con braccioli e traverse intagliate,ricoperta di velluto controtagliato giallo-oro.(Secolo XVII).",834,98.6,False,positional,OTTAVIANO NELLI,,,,
BO0624_4389,86093,166,167,CROCE in legno con Cristo e Sante Donne ed Angeli dipinti su fondo dorato.(Secolo XV).,835,79.2,False,positional,OTTAVIANO NELLI,,,,
BO0624_4389,86094,167,168,CORNICE a tabernacolo con ornati a rilievo in pastiglia.,840,85.9,False,positional,OTTAVIANO NELLI,,,,
BO0624_4389,86095,168,169,DUE GRANDI COLONNE di legno scannellate con base e capi telli scolpiti. Provenienti dalla Vendita del barone Lazzaroni.,842,90.7,False,positional,OTTAVIANO NELLI,,,,
BO0624_4389,86096,169,170,GRANDE VETRINA di mogano con colonne a tortiglione e specchi al fondo. Prov.dal cardinale Antonelli.,845,74.1,False,positional,OTTAVIANO NELLI,,,,
BO0624_4389,86097,170,171,CASSONE da matrimonio in noce decorato da pannelli ad intarsio.Lavoro fiorentino. (Secolo XVI).,850,74.2,False,positional,OTTAVIANO NELLI,,,,
BO0624_4389,86098,171,172,GRANDE STIPO a decorazione architettonica in ebano e palissandro filettato di avorio.(Secolo XVII).,855,98.0,False,positional,OTTAVIANO NELLI,,,,
BO0624_4389,86099,172,173,QUATTRO SANTI in legno intagliato e dipinto.,861,95.6,False,positional,OTTAVIANO NELLI,,,,
BO0624_4389,86100,173,174,DUE COLONNE scannellate in legno bianco e oro con capitelli e cornicione.,862,97.3,False,positional,OTTAVIANO NELLI,,,,
BO0624_4389,86101,174,175,TESTA DI AFRODITE. Lavoro importante di arte ellenistica. Il naso e frammentato all'apice.,870,96.6,False,positional,OTTAVIANO NELLI,,,,
BO0624_4389,86102,175,176,"IL PADRE ETERNO in atto di benedire. Bassorilievo in marmo a forma di tebernacolo cou candelabro e architrave scolpiti a ornato, frutta e spiche.",874,98.6,False,positional,OTTAVIANO NELLI,,,,
BO0624_4389,86103,176,177,TESTA di uomo in marmo.,875,91.7,False,positional,OTTAVIANO NELLI,,,,
BO0624_4389,86104,177,178,COPERCHIO di urna cineraria con ritratti di coniugi defunti.,881,96.7,False,positional,OTTAVIANO NELLI,,,,
BO0624_4389,86105,178,179,ROCCHIO di marmo giallo paonazzo con base di rosso di Carrara,882,96.8,False,positional,OTTAVIANO NELLI,,,,
BO0624_4389,86106,179,180,"DUE ANTICHI FRAMMENTI di bassorilievo, uno a rami di quercia in bigio e l'altro a figure in marmo bianco.",886,100.0,False,positional,OTTAVIANO NELLI,,,,
BO0624_4389,86107,180,181,SALVADANARO con figura di Mercurio nella parte anteriore. Scavo.,893,96.9,False,positional,OTTAVIANO NELLI,,,,
BO0624_4389,86108,181,182,MASCHERA comica di caricatura e di fauno. Tre pezzi.,894,96.2,False,positional,OTTAVIANO NELLI,,,,
BO0624_4389,86109,182,183,UNDICI TESTINE in terracotta.,895,93.3,False,positional,OTTAVIANO NELLI,,,,
BO0624_4389,86110,183,184,GUTTUS formato da porcellino con putto.,896,95.0,False,positional,OTTAVIANO NELLI,,,,
BO0624_4389,86111,184,185,URNA CINERARIA di terracotta con bassorilievo rappresentante combattenti e figura della defunta sul coperchio.(Etrusco).,897,98.3,False,positional,OTTAVIANO NELLI,,,,
BO0624_4389,86112,185,186,PICCOLA COPPA con ornato e giglio di Firenze a colore turchino su fondo bianco,898,82.5,False,positional,OTTAVIANO NELLI,,,,
BO0624_4389,86113,186,187,GRANDE CINERARIO policromato con testa di Medusa ed ai lati protome di cavallo in altorilievo. (Prov. Puglie).,899,70.2,False,positional,OTTAVIANO NELLI,,,,
BO0624_4389,86114,187,188,"DUE FRAMMENTI di bassorilievo Campana, ed uno di muro policromato.",904,97.0,False,positional,OTTAVIANO NELLI,,,,
BO0624_4389,86115,188,189,RYTHON falisco a testa di cervo.,905,79.5,False,positional,OTTAVIANO NELLI,,,,
BO0624_4389,86116,189,190,"UN VASO, una figurina alata con cetra e due figure a cavallo in terracotta policromata. (Prov. scavi delle Puglie)",906,98.2,False,positional,OTTAVIANO NELLI,,,,
BO0624_4389,86117,190,191,TRE PACI in bronzo.,907,90.0,False,positional,OTTAVIANO NELLI,,,,
BO0624_4389,86118,191,192,PICCOLA CISTA di bronzo di scavo con coperchio sormontato da statuetta di Apollo.,908,97.6,False,positional,OTTAVIANO NELLI,,,,
BO0624_4389,86119,192,193,PICCOLA CISTA di bronzo di scavo con coperchio.,912,86.0,False,positional,OTTAVIANO NELLI,,,,
BO0624_4389,86120,193,194,VASO e lebete di bronzo di scavo.,913,94.1,False,positional,OTTAVIANO NELLI,,,,
BO0624_4389,86121,194,195,PICCOLO CANDELABRO in bronzo di scavo con piattino decorato. di quattro palombe e pendagli.,914,97.8,False,positional,OTTAVIANO NELLI,,,,
BO0624_4389,86122,195,196,"PICCOLA COLLEZIONE di bronzi di scavo: idoli, protome di ani mali, specilli, braccialetti, ecc., fissata sopra quadro di legno. Pezzi 85,",918,98.1,False,positional,OTTAVIANO NELLI,,,,
BO0624_4389,86123,196,197,ARPAGO in bronzo di scavo.,919,92.6,False,positional,OTTAVIANO NELLI,,,,
BO0624_4389,86124,197,198,DIECI COLTELLI di ferro e diversi altri frammenti in bronzo di scavo.,920,92.5,False,positional,OTTAVIANO NELLI,,,,
BO0624_4389,86125,198,199,DUE GRANDI CINERARI emisferici di bronzo. (Epoca romana).,922,96.4,False,positional,OTTAVIANO NELLI,,,,
BO0624_4389,86126,199,200,DUE CINERARl emisferici di bronzo con coperchio. (Epoca romana).,923,91.7,False,positional,OTTAVIANO NELLI,,,,
BO0624_4389,86127,200,201,CINQUE FIBULE in bronzo di scavo di varie grandezze.,925,96.2,False,positional,OTTAVIANO NELLI,,,,
BO0624_4389,86128,201,202,"SPECILLI, stili, vulselle,ecc. Bronzi di scavo.",926,95.6,False,positional,OTTAVIANO NELLI,,,,
BO0624_4389,86129,202,203,DUE CINERARI emisferici in bronzo con coperchio (Epoca romana).,927,96.8,False,positional,OTTAVIANO NELLI,,,,
BO0624_4389,86130,203,204,QUATTRO SPECCHI di bronzo di scavo.,928,94.4,False,positional,OTTAVIANO NELLI,,,,
BO0624_4389,86131,204,205,DUE VASI di forma rettangolare di vetro incolore con fiori smaltati bianco e turchino.,933,78.9,False,positional,OTTAVIANO NELLI,,,,
BO0624_4389,86132,205,206,VETRO CRISTIANO ornato in oro con l'effige del Redentore fiancheggiato da due angeli.,937,81.9,False,positional,OTTAVIANO NELLI,,,,
BO0624_4389,86133,206,207,VASETTO a collo alto di vetro incolore.,945,95.0,False,positional,OTTAVIANO NELLI,,,,
BO0624_4389,86134,207,208,PIATTO di vetro incolore a nastri bianco e nero intrecciati e fiori nel centro (rotto). Vecchio Murano.,948,74.4,False,positional,OTTAVIANO NELLI,,,,
BO0624_4389,86135,208,209,BOCCALE di vetro incolore. Murano.,953,94.1,False,positional,OTTAVIANO NELLI,,,,
BO0624_4389,86136,209,210,VASO di vetro incolore a larga apertura ottagonale con anse di vetro turchino. Murano.,954,97.7,False,positional,OTTAVIANO NELLI,,,,
BO0624_4389,86137,210,211,BICCHIERE a calice di vetro incolore. Murano.,955,95.6,False,positional,OTTAVIANO NELLI,,,,
BO0624_4389,86138,211,212,PIATTO di vetro incolore con bordo a fiorellini smaltati. Antico Murano.,959,97.2,False,positional,OTTAVIANO NELLI,,,,
BO0624_4389,86139,212,213,TRE FRAMMENTI di vetri cristiani fondo oro.,963,95.5,False,positional,OTTAVIANO NELLI,,,,
BO0624_4389,86140,213,214,VETRO CRISTIANO ornato in oro con le effigi affrontate di Pietro e Paolo. Frammentario.,964,97.7,False,positional,OTTAVIANO NELLI,,,,
BO0624_4389,86141,214,215,POCULA cristiana di vetro bianco con il fondo azzurro ornato in oro con le effigi di quattro santi.,968,76.4,False,positional,OTTAVIANO NELLI,,,,
BO0624_4389,86142,215,216,CINQUE DIFFERENTI TAPPETINI persiani in velluto controtagliato.,976,96.9,False,positional,OTTAVIANO NELLI,,,,
BO0624_4389,86143,216,217,FRAMMENTO di tessuto stampato in oro a quadrupedi affrontati racchiusi da dischi.(Secolo XIII).,977,73.7,False,positional,OTTAVIANO NELLI,,,,
BO0624_4389,86144,217,218,ARAZZO rappresentante un banchetto sotto una tenda in mezzo a lussureggiante verdura. Bordura a festoni di fiori e figure. (Secolo XVIl).,979,97.8,False,positional,OTTAVIANO NELLI,,,,
BO0624_4389,86145,218,219,"METRI 5 di merletto punto guipure, appartenuto al cardinale Micara defunto sotto il pontificato di S. S.Leone XIlI.",985,66.7,False,positional,OTTAVIANO NELLI,,,,
BO0624_4389,86146,219,220,LOTTO n. 18 ritagli di ricamo in oro del XV secolo.,987,94.1,False,positional,OTTAVIANO NELLI,,,,Sec. XV
BO0624_4389,86147,220,221,SCUOLA VENEZIANA.  (Prima meta del secolo XV). TRITTICO. Nella parte centrale Madonna che protegge il popolo; nelle parti laterali S. Giovanni Battista e S.Antonio abate. Nella predella sta l'iscrizione: mccccvii ·adis 8 marzo · gnncmeria =maiestro jacometo deftor depenre.,995,88.7,False,title_direct,,SCUOLA VENEZIANA,,,
BO0624_4389,86148,221,222,"SCUOLA SENESE-FIORENTINA. DUE PARTI di polittico: in una i santi Giacomo e Pietro, in alto 1'Angelo annunziante; nell'altra S.Francesco ed un altro Santo, in alto la Madonna. Tavola a fondo oro.",1001,91.8,False,positional,OTTAVIANO NELLI,,,,
BO0624_4389,86149,222,223,SCUOLA TOSCANA. (Prima meta del secolo XV). CENTRO DI TRITTICO. Madonna e Bambino in trono con gloria di angeli. Tavola a fondo oro.,1008,61.6,False,positional,,SCUOLA VENEZIANA,,,
BO0624_4389,86150,223,224,SCUOLA VENEZIANA. SANTA AGNESE e SANTA CECILIA. Due tavole riunite senza cornice.,1015,86.7,False,title_direct,,SCUOLA VENEZIANA,,,
BO0624_4389,86151,224,225,SCUOLA DI PIETRO LORENZETTI. TRITTICO con nella parte centrale Madonna e Bambino in trono e nelle parti laterali Santa Caterina e San Giovanni. Tavola a fondo oro.,1021,89.9,False,positional,,SCUOLA VENEZIANA,,,
BO0624_4389,86152,225,226,SCUOLA DI CRIVELLI. AFFRESCO. Cristo morto sorretto da due angeli.,1027,81.1,False,positional,,SCUOLA VENEZIANA,,,
BO0624_4389,86153,226,227,DETTA. AFFRESCO. Santa Maria Maddalena.,1033,88.6,False,positional,,SCUOLA VENEZIANA,,,
BO0624_4389,86154,227,228,SCUOLA EMILIANA. MADONNA e Bambino adorati da Santi. Dipinto su tela in cornice intagliata e dorata.,1039,90.1,False,title_direct,,SCUOLA EMILIANA,,,
BO0624_4389,86155,228,229,SCUOLA LOMBARDA-LEONARDESCA. IL SALVATORE. Tavola con cornice dorata.,1043,58.1,False,title_direct,,SCUOLA LOMBARDA-LEONARDESCA,,,
BO0624_4389,86156,229,230,IGNOTO. (Secolo XVII). RITRATTo di gentiluomo a mezza figura. Tela in cornice dorata.,1045,49.6,False,positional,,SCUOLA LOMBARDA-LEONARDESCA,,,
BO0624_4389,86157,230,231,SCUOLA FIORENTINA. MARTIRIO di un santo. Frammento su tavola.,1047,33.7,False,positional,,SCUOLA LOMBARDA-LEONARDESCA,,,
BO0624_4389,86158,231,232,CARLO CRIVELLI. (Secolo XV). LA PIETA. Cristo morto tra la Madonna e la Maddalena piangenti.,1058,76.7,False,positional,,SCUOLA LOMBARDA-LEONARDESCA,,,
BO0624_4389,86159,232,233,SCUOLA BIZANTINA. MADONNA col Bambino e due angeli su fondo oro. Tavola con cornice dorata.,1068,88.3,False,positional,,SCUOLA LOMBARDA-LEONARDESCA,,,
BO0624_4389,86160,233,234,SCUOLA MARCHEGIANA. (Secolo XV). POLITTICO. Madonna e Bambino fra quattro Santi. Tavola.,1076,66.2,False,title_direct,,SCUOLA UMBRA,,,
BO0624_4389,86161,234,235,GIOVANNI BOCCATI DA CAMERINO. (Secolo XV). MADONNA seduta in trono adorante il Bambino circondata da sei angeli. Pittura su tavola in cornice dorata.,1082,83.7,False,positional,,SCUOLA LOMBARDA-LEONARDESCA,,,
BO0624_4389,86162,235,236,SCUOLA MARCHEGIANA. (Secolo XVI). PALA d'altare. Madonna e Bambino in trono trai Santi Cristoforo e Sebastiano.In alto Dio benedicente e due angeli.In basso predella con diverse scene della vita di Cristo. Tavola.,1103,91.5,False,title_direct,,SCUOLA UMBRA,,,
BO0624_4389,86163,236,237,SCUOLA MARCHEGIANA. MADONNA e Bambino coi Santi Girolamo e Domenico. Frammento di pala d'altare su tavola.,1109,66.7,False,title_direct,,SCUOLA UMBRA,,,
BO0624_4389,86164,237,238,"SCUOLA FIORENTINA.  (Prima meta del Quattrocento). POLITTICO in tavola: al centro Madonna con Bambino; ai lati S.Girolamo, S. Pietro, S.Paolo e S. Francesco; in alto lo Spirito Santo e l'Annunciazione; nella predella l'Adorazione dei Magi e scene delle vite dei santi sunnominati.",1120,90.2,False,positional,,SCUOLA LOMBARDA-LEONARDESCA,,,
BO0624_4389,86165,238,239,IGNOTO. RITRATTO di ugonotto con corazza e la mano sinistra poggiata sull'elsa della spada: mezza figura su tela. Cornice dorata.,1126,64.6,False,positional,,SCUOLA LOMBARDA-LEONARDESCA,,,
BO0624_4389,86166,239,240,SCUOLA MARCHEGIANA. (Secolo XVI). MADONNA e Bambino fra i Santi Francesco e Lodovico: angeli e sfondo di paesaggio. Tavola.,1135,65.5,False,title_direct,,SCUOLA UMBRA,,,
BO0624_4389,86167,240,241,SCUOLA DI TADDEO BARTOLI. (Secolo XVI).S. FRANCESCO. Dipinto in tavola su fondo oro.,1143,69.4,False,positional,,SCUOLA LOMBARDA-LEONARDESCA,,,
BO0624_4389,86168,241,242,SCUOLA TOSCANA.  (Fine XIV secolo). MADONNA con bambino e donatore in adorazione. Tavola su fondo oro.,1152,79.8,False,positional,,SCUOLA LOMBARDA-LEONARDESCA,,,Sec. XIV
BO0624_4389,86169,242,243,SCUOLA BIZANTINA. RELIQUIE di una santa adorate da angeli. Tavola.,1158,83.2,False,positional,,SCUOLA LOMBARDA-LEONARDESCA,,,
BO0624_4389,86170,243,244,SCUOLA DI LUCAS KRANACH. (Secolo xV). LUCREZIA ROMANA. Dipinto su tavola con iscrizione: SATIUS. EST. MORIQUAM. INDECORE. VIVERE. LVCRECIA ROMANA.,1166,81.0,False,positional,,SCUOLA LOMBARDA-LEONARDESCA,,,
BO0624_4389,86171,244,245,SCUOLA BIZANTINA. CALVARIO. Dipinto su tavola con molte figure e panorama di Gerusalemme. Fondo d'oro.,1172,89.6,False,positional,,SCUOLA LOMBARDA-LEONARDESCA,,,
BO0624_4389,86172,245,246,SCUOLABIZANTINA. MADONNA col Bambino. Tavola con cornice dorata.,1178,83.6,False,positional,,SCUOLA LOMBARDA-LEONARDESCA,,,
BO0624_4389,86173,246,247,COPIA FIAMMINGA. S. GIORGIO. Copia della pittura di Raffaello che conservasi nell'Hermitage di Pietroburgo: su tavola. Cornice veneziana.,1184,92.8,False,positional,,SCUOLA ITALIANA DEL DUGENTO,,,
BO0624_4389,86174,247,248,SCUOLA DI ANGELO GADDI.  (Secolo XIV). SANTO MARTIRE: mezza figura su tavola a fondo dorato. Cornice dorata.,1192,70.4,False,positional,,SCUOLA NAPOLETANA,,,
BO0624_4389,86175,248,249,SCUOLA ITALIANA DEL DUGENTO. CROCIFISSO su tavola.,1198,72.0,False,title_direct,,SCUOLA ITALIANA DEL DUGENTO,,,
BO0624_4389,86176,249,250,SCUOLA NAPOLETANA. VECCHIO che legge. Mezza figura su tela.,1206,79.6,False,title_direct,,SCUOLA NAPOLETANA,,,
BO0624_4389,86177,250,251,SCUOLA DEL PERUGINO. MADONNA col Bambino. Tavola fondo oro con cornice dipinta.,1212,71.7,False,positional,,SCUOLA UMBROSENESE,,,
BO0624_4389,86178,251,252,"SCUOLA UMBRA. DUE SANTI benedettini. Quadro su tavola, fondo oro.",1216,86.7,False,title_direct,,SCUOLA UMBRA,,,
BO0624_4389,86179,252,253,SCUOLA UMBROSENESE.  (Seguace dei Lorenzetti). NAZZARENO. Mezza figura su fondo dorato. Pittura a tempera su tavola. Cornice a tabernacolo con ornati di pastiglia a rilievi dorati.,1224,80.4,False,title_direct,,SCUOLA UMBROSENESE,,,
BO0624_4389,86180,253,254,SCUOLA DI PIERO DI COSIMO. RITRATTO d'uomo con in mano un libro. Tavola in cornice nera e oro.,1231,82.5,False,positional,,SCUOLA UMBROSENESE,,,
BO0624_4389,86181,254,255,PIETRO DI DOMENICO. MADONNA e Bambino coi Santi Girolamo e Antonio da Padova. Quadro in tavola con cornice dorata.,1237,89.9,False,positional,,SCUOLA UMBROSENESE,,,
BO0624_4389,86182,255,256,SCUOLA DI FIORENZO DI LORENZO. (Secolo xV). AFFREsco in tre parti: nella centrale SS. Trinita; nelle laterali figura di S. Sebastiano.,1244,79.4,False,positional,,SCUOLA UMBROSENESE,,,
BO0624_4389,86183,256,257,ELMO di ferro ornato da figure di guerrieri e trofei incisi (Secolo XVII).,1254,89.1,False,positional,,SCUOLA UMBROSENESE,,,
BO0624_4389,86184,257,258,"FUCILE arabo a pietra, canna damaschinata, calcio con intarsi di madreperla.",1259,86.8,False,positional,,SCUOLA UMBROSENESE,,,
BO0624_4389,86185,258,259,CASCO in ferro cesellato. Lavoro tedesco del secolo XVII.,1264,96.5,False,positional,,SCUOLA UMBROSENESE,,,Sec. XVII
BO0624_4389,86186,259,260,MEZZA CORAZZA in ferro con Crocifisso inciso. Lavoro tedesco,1265,96.7,False,positional,,SCUOLA UMBROSENESE,,,
BO0624_4389,86187,260,261,FUCILE a pietra con guarnizioni di bronzo dorato e incisioni di argento sulla canna. (Secolo XVII).,1267,97.9,False,positional,,SCUOLA UMBROSENESE,,,
BO0624_4389,86188,261,262,ALABARDA in ferro con asta di legno. Porta la firma Giovanardi.,1268,92.6,False,positional,,SCUOLA UMBROSENESE,,,
BO0624_4389,86189,262,-,LINGUA DI BOVE in ferro con incisioni e asta di legno. (Secolo XVII).,1270,100.0,False,positional,,SCUOLA UMBROSENESE,,,
BO0624_4389,86190,263,263,FUCILE orientale a pietra con canna ad arabeschi damaschinati; calcio ornato di madreperla.,1271,76.0,False,positional,,SCUOLA UMBROSENESE,,,
BO0624_4389,86191,264,264,FUCILE a pietra con la canna ageminata in oro.(Secolo XVII). Porta la marca in oro della fabbrica di Napoli.,1276,98.1,False,positional,,SCUOLA UMBROSENESE,,,
BO0624_4389,86192,265,265,PORTA GOTICA di noce a due battenti. Ogni battente e diviso Rovere d'Urbino e l'emblema della Carita. Proveniente dalla cappella della Carita del palazzo ducale di Urbino. cappella della Carità del palazzo ducale di Urbino.,1279,73.3,False,positional,,SCUOLA UMBROSENESE,,,
BO0624_4389,86193,266,266,"PORTA GOTICA di noce, ad un sol battente, con otto riquadri scolpiti. Simile alla precedente.",1283,97.8,False,positional,,SCUOLA UMBROSENESE,,,
BO0624_4389,86194,267,267,"PORTA GOTICA di noce, ad un sol battente, con otto riquadri scolpiti. Simile alla precedente.",1287,97.8,False,positional,,SCUOLA UMBROSENESE,,,
BO0624_4389,86195,268,268,CASSONE di noce intagliato con stemma.,1291,94.9,False,positional,,SCUOLA UMBROSENESE,,,
BO0624_4389,86196,269,269,"g. CIMASA in legno dorato, scolpito a figure e volate.",1292,96.2,False,positional,,SCUOLA UMBROSENESE,,,
BO0624_4389,86197,270,270,QUATTRO COLONNE in legno intagliato e dorato.,1293,95.7,False,positional,,SCUOLA UMBROSENESE,,,
BO0624_4389,86198,271,271,BOCCALE con giglio dei Farnese circondato da ornati a colori su fondo bianco. Viterbo. Secolo XVII.,1300,75.0,False,positional,,SCUOLA UMBROSENESE,,,Sec. XVII
BO0624_4389,86199,272,272,BOCCALE con testa di serafino policromata su fondo bianco. Urbino. Secolo XVII.,1305,97.4,False,positional,,SCUOLA UMBROSENESE,,,Sec. XVII
BO0624_4389,86200,273,273,VASO a casco rovesciato (casquiere) con mascherone a rilievo ed ornati a colori su smalto bianco. Urbino. Secolo XVII. Alt.NI.0.20.,1309,96.4,False,positional,,SCUOLA UMBROSENESE,,,Sec. XVII
BO0624_4389,86201,274,274,PIATTO a largo bordo con ornati a colori giallo e bleu su fondo bianco; nel centro San Francesco in atto di ricevere le Sacre Stimmate. Smalto a riflessi iridescenti. Fab. Deruta. Sec.XVII.,1310,98.7,False,positional,,SCUOLA UMBROSENESE,,,
BO0624_4389,86202,275,275,FIGURINA muliebre drappeggiata. Tanagra.,1314,83.5,False,positional,,SCUOLA UMBROSENESE,,,
BO0624_4389,86203,276,276,PIATTO a pieduccio basso con San Francesco nel centro. Faenza.,1315,88.2,False,positional,,SCUOLA UMBROSENESE,,,
BO0624_4389,86204,277,277,GRANDE VASO circolare a bordo cilindrico decorato esternamente con ornati policromi e nel fondo dipinto San Giovanni nel l'atto di battezzare il Redentore; all'intorno l'iscrizione: Filius meus dilectus e la data 1677. Abruzzo.,1316,98.9,False,positional,,SCUOLA UMBROSENESE,,,Sec. XVII
BO0624_4389,86205,278,278,"ALBERELLO strozzato in mezzo, dipinto a piu colori, ornato con ritratto d'imperatore e trofei. Porta la data 1606 e la leggenda: S. P. Q. R. Manifattura palermitana. Proveniente dalla Vendita del marchese Cavalletti.",1319,98.3,False,positional,,SCUOLA UMBROSENESE,,,Sec. XVII
BO0624_4389,86206,279,279,DUE VASI di forma cilindrica dipinti a colori bleu con iscrizione farmaceutica. Manifattura di Faenza.,1323,73.2,False,positional,,SCUOLA UMBROSENESE,,,
BO0624_4389,86207,280,280,VASO di forma cilindrica dipinto a piu colori con due ritratti di figure maschili. Manifattura di Casteldurante.,1327,97.3,False,positional,,SCUOLA UMBROSENESE,,,
BO0624_4389,86208,281,281,VASO di forma cilindrica dipinto a colori verde su fondo azzurro. Manifattura di Faenza.,1331,97.7,False,positional,,SCUOLA UMBROSENESE,,,
BO0624_4389,86209,282,282,"SERVIZIO da tavola in maiolica di antica Faensa decorata a fori, composto di 2 terrine,13 piatti da portata,11 fiamminghe grandi e 15 piccole, 22 piatti fondi e 48 piatti piani.",1335,77.8,False,positional,,SCUOLA UMBROSENESE,,,
BO0624_4389,86210,283,283,FRAMMENTO in maiolica di Urbino con cornice legno.,1337,94.1,False,positional,,SCUOLA UMBROSENESE,,,
BO0624_4389,86211,284,284,"SEICENTO MATTONI dipinti a guazzo con stemmi, figure ed ornati componenti un soffitto proveniente dalla città di Todi. Epoca: secolo XV.",1338,98.5,False,positional,,SCUOLA UMBROSENESE,,,Sec. XV
BO0624_4389,86212,285,285,PAIO CANDELIERI in argento con figure e stemma. Sec. XVIII. Argento,1342,84.2,False,positional,,SCUOLA UMBROSENESE,,,Sec. XVIII
BO0624_4389,86213,286,286,PAIO CANDELIERI argento. Epoca Impero.,1343,94.7,False,positional,,SCUOLA UMBROSENESE,,,
BO0624_4389,86214,287,287,SALIERA in argento a forma di tripode. Epoca Impero.,1347,96.2,False,positional,,SCUOLA UMBROSENESE,,,
BO0624_4389,86215,288,288,"ASTUCCIO da viaggio con necessaire de toilette di argento, in mogano e guarnizioni di bronzo. Porta la scritta: Fait par - Vandekerchove Ebeniste—Paris",1352,73.8,False,positional,,SCUOLA UMBROSENESE,,,
BO0624_4389,86216,289,289,CROCEFISSO di avorio. Bella scultura del secolo XVI.,1354,96.2,False,positional,,SCUOLA UMBROSENESE,,,Sec. XVI
BO0624_4389,86217,290,290,CROCE gotica in argento con ornati e teste di angelo a rilievo su fondo di smalto turchino.,1360,79.5,False,positional,,SCUOLA UMBROSENESE,,,
BO0624_4389,86218,291,291,"CROCE in bronzo dorato con figure allegoriche, Agnus Di, angeli, ecc. Secolo XII.",1366,96.8,False,positional,,SCUOLA UMBROSENESE,,,Sec. XII
BO0624_4389,86219,292,292,"DUE CROCI bizantine in bronzo con figure di santi, angeli ed evangelisti.",1367,97.3,False,positional,,SCUOLA UMBROSENESE,,,
BO0624_4389,86220,293,293,"RELIQUIARIO di bronzo dorato a forma di edicola, sulla cupola la croce dell'ordine di Santo Spirito. Secolo XV.",1368,98.2,False,positional,,SCUOLA UMBROSENESE,,,Sec. XV
BO0624_4389,86221,294,294,PAIO DI CANDELIERI da chiesa in bronzo tornito; portano una dedica e la data 1716..,1372,81.7,False,positional,,SCUOLA UMBROSENESE,,,Sec. XVIII
BO0624_4389,86222,295,295,PIATTO di metallo sbalzato con stella al centro. Sec. XVII.,1377,87.5,False,positional,,SCUOLA UMBROSENESE,,,Sec. XVII
BO0624_4389,86223,296,296,LAMPADA da chiesa di bronzo argentato e dorato a forma di vaso sorretto da tre catene con ornati di bronzo applicati. Secolo·XVII.,1378,97.3,False,positional,,SCUOLA UMBROSENESE,,,
BO0624_4389,86224,297,297,PISSIDE di metallo dorato con teste di santo smaltate nel nodo.,1382,96.9,False,positional,,SCUOLA UMBROSENESE,,,
BO0624_4389,86225,298,298,VARI FRAMMENTI di stadera in bronzo di scavo.,1383,95.7,False,positional,,SCUOLA UMBROSENESE,,,
BO0624_4389,86226,299,299,CANDELABRO etrusco di scavo a forma di tripode. Proveniente dagli scavi di Orvieto.,1384,81.1,False,positional,,SCUOLA UMBROSENESE,,,
BO0624_4389,86227,300,300,RICCIO di pastorale in bronzo con ornati a smalto e ad alto rilievo e con angelo nel centro della voluta formata da serpente.,1389,95.9,False,positional,,SCUOLA UMBROSENESE,,,
BO0624_4389,86228,301,301,SCUOLA DI FIORENZO DI LORENZO. IL CROCIFISSO fra quattro Santi. Tavola.,1401,70.9,False,positional,,SCUOLA UMBROSENESE,,,
BO0624_4389,86229,302,302,SCUOLA CREMONESE. MADONNA e Bambino con un santo vescovo. Tavola con tabernacolo dorato.,1407,87.9,False,positional,,SCUOLA UMBROSENESE,,,
BO0624_4389,86230,303,303,"SCUOLA BOLOGNESE.《EccE HoMo.Quadro in tela, cornice dorata.",1413,71.4,False,positional,,SCUOLA UMBROSENESE,,,
BO0624_4389,86231,304,304,SCUOLA UMBRA. PINACOLO raffigurante Cristo benedicente. Tavola.,1419,86.5,False,title_direct,,SCUOLA UMBRA,,,
BO0624_4389,86232,305,305,"SCUOLA UMBRA. SAN LORENZO fra due santi vescovi. Tavola, carnice intagliata e dorata.",1425,90.2,False,title_direct,,SCUOLA UMBRA,,,
BO0624_4389,86233,306,306,SCUOLA PISANA. LA MADONNA col Bambino in trono fra due sante. Tavola.,1431,86.9,False,positional,,SCUOLA UMBROSENESE,,,
BO0624_4389,86234,307,307,SCUOLA MARCHEGIANA. CROCEFISSO sorretto dal Divin Padre. Cimasa di un polittico su tavola.,1437,86.8,False,title_direct,,SCUOLA UMBRA,,,
BO0624_4389,86235,308,308,"SCUOLA UMBRO-SENESE. MADONNA col Bambino, due Santi e due Angioli. Tavola con cornice legno.",1442,86.2,False,title_direct,,SCUOLA UMBRA,,,
BO0624_4389,86236,309,309,SCUOLA DI BERNARDO DADDI. (Secolo XIV). VERGINE e Bambino in trono coi Santi Caterina e Paolo. Tavola sn fondo oro.,1454,79.6,False,positional,,SCUOLA UMBROSENESE,,,
BO0624_4389,86237,310,310,"SCUOLA FIORENTINA. (Principio del Quattrocento). PICCOLO TRITTICO. Nella parte centrale l'Annunciazione, nelle parti laterali Santa Caterina e Sant'Antonio abate. Tavola, fondo oro.",1462,80.5,False,positional,,SCUOLA UMBROSENESE,,,
BO0624_4389,86238,311,311,SCUOLA DE'LORENZETTI. LUNETTA su tavola rappresentante la Pieta.,1469,76.6,False,positional,,SCUOLA OLANDESE,,,
BO0624_4389,86239,312,312,SCUOLA DI GIOTTO. DUE PICCOLI TONDI rappresentanti Angeli. Tavole su fondo d'oro.,1475,86.7,False,positional,,SCUOLA OLANDESE,,,
BO0624_4389,86240,313,313,SCUOLA BIZANTINA. SAN GIROLAMO pregante. Tavola.,1481,75.3,False,positional,,SCUOLA OLANDESE,,,
BO0624_4389,86241,314,314,SCUOLA OLANDESE. DUE MARINE su tela in cornice dorata.,1487,80.4,False,title_direct,,SCUOLA OLANDESE,,,
BO0624_4389,86242,315,315,"SCUOLABOLOGNESE.《EccE HoMo》. Tavola, cornice dorata.",1496,58.5,False,positional,,SCUOLA OLANDESE,,,
BO0624_4389,86243,316,316,SCUOLA UMBRO-SENESE.  MADONNA e Bambino su tavola. Tabernacolo intagliato e dorato.,1502,50.6,False,title_direct,,SCUOLA UMBRA,,,
BO0624_4389,86244,317,317,"SCUOLA FIORENTINA. TRITTICO. Madonna e Bambino con santi ed angeli; tavola, fondo oro.",1506,78.3,False,positional,,SCUOLA OLANDESE,,,
BO0624_4389,86245,318,318,SCUOLA GIOTTESCA. Gesu in atto di coronare la Madonna. Frammento di quadro a tempera su fondo dorato. Cornice nera e oro.,1512,62.5,False,positional,,SCUOLA OLANDESE,,,
BO0624_4389,86246,319,319,"SCUOLA DEL VEROCCHIO. MADONNA con Bambino sostenuto da un angelo. Pittura su tavola, cornice intagliata e dorata.",1519,88.6,False,positional,,SCUOLA OLANDESE,,,
BO0624_4389,86247,320,320,"SCUOLA ROMANA. MADONNA e Bambino con angioli. Tela, cornice dorata.",1525,86.2,False,positional,,SCUOLA OLANDESE,,,
BO0624_4389,86248,321,321,SCUOLA SENESE. CRISTO nella tomba fra la Madonna e San Giovanni. Lunetta su tavola.,1531,89.3,False,positional,,SCUOLA OLANDESE,,,
BO0624_4389,86249,322,322,VITTORE CRIVELLI.  (Secolo XV). SANT'ANTONIO da Padova con libro e giglio nelle mani. Pittura su tavola a fondo dorato con ornati cesellati. Cornice dorata.,1538,89.4,False,positional,,SCUOLAUMBRO-MARCHEGIANA,,,
BO0624_4389,86250,323,323,SCUOLA FIORENTINA. (Fine del secolo XIV). L'ANNUNCIAZIONE; dipinto su tavola.,1544,68.5,False,positional,,SCUOLAUMBRO-MARCHEGIANA,,,
BO0624_4389,86251,324,324,SCUOLA UMBRO-MARCHEGIANA. AFFRESCO. Madonna e Bambino con tabernacolo intagliato e dorato.,1552,82.4,False,title_direct,,SCUOLA UMBRA,,,
BO0624_4389,86252,325,325,SCUOLA DI BARTOLOMEO VIVARINI. SAN FRANcESCO d'Assisi. Tavola su fondo d'oro con ricca cornice dorata.,1558,81.4,False,positional,,SCUOLAUMBRO-MARCHEGIANA,,,
BO0624_4389,86253,326,326,SCUOLA BOLOGNESE. DEPOSIZIONE dalla croce su tavola. Cornice dorata.,1566,83.8,False,positional,,SCUOLAUMBRO-MARCHEGIANA,,,
BO0624_4389,86254,327,327,SCUOLA ITALIANA. RITRATTO d'uomo su tela. Cornice intagliata e dorata.,1572,85.2,False,title_direct,,SCUOLA EMILIANA,,,
BO0624_4389,86255,328,328,SCUOLA ROMAGNOLA (?). CRISTO morto e santi; dipinto su tavola in cornice dorata.,1578,73.1,False,positional,,SCUOLAUMBRO-MARCHEGIANA,,,
BO0624_4389,86256,329,329,SCUOLA UMBRA. MADONNA e Bambino; tavola a fondo di stelle d’oro con cornice nera.,1581,89.2,False,title_direct,,SCUOLA UMBRA,,,
BO0624_4389,86257,330,330,IGNOTO. RITRATTO d'uomo su tela. Cornice dorata.,1589,89.7,False,positional,,SCUOLAUMBRO-MARCHEGIANA,,,
BO0624_4389,86258,331,331,"SCUOLA DEL CORREGGIO. DISEGNO rappresentante Madonna, Bambino e San Giovanni. Cornice intagliata e dorata.",1593,67.9,False,positional,,SCUOLAUMBRO-MARCHEGIANA,,,
BO0624_4389,86259,332,332,"SCUOLA FIAMMINGA. LA CROCIFISSIONE. Pittura su tavola, con tabernacolo dorato.",1601,70.3,False,positional,,SCUOLA NAPOLETANA,,,
BO0624_4389,86260,333,333,SCUOLA BIZANTINA. DUE DIPINTI su tavola: Santi. Cornici dell'epoca dipinte e dorate.,1605,73.1,False,positional,,SCUOLA NAPOLETANA,,,
BO0624_4389,86261,334,334,"SCUOLA TOSCANA.  (Ultima meta del Quattrocento). LA MADONNA adorando il Bambino, accompagnata da due angioli. Tavola con cornice traforata e dorata.",1611,80.8,False,positional,,SCUOLA NAPOLETANA,,,
BO0624_4389,86262,335,335,SCUOLA NAPOLETANA. LA SCOPERTA del San Sebastiano ferito. Dipinto su tela in cornice dorata.,1617,87.8,False,title_direct,,SCUOLA NAPOLETANA,,,
BO0624_4389,86263,336,336,"TADDEO BARTOLI. (1363-I422). DUE PARTI DI POLITTICO: in una San Luca, San Lodovico, San Pietro martire cd altro santo; nell'altra San Matteo, santo vescovo, Santo Stefano e santo domenicano; angelo sulle cimase. Tavole, fondo oro.",1624,93.9,False,positional,,SCUOLA NAPOLETANA,,,Sec. XIV
BO0624_4389,86264,337,337,"MOBILE di noce a due corpi, con ricca ornamentazione di putti e figure scolpite ad altorilievo; genere Bambocci.",1630,98.2,False,positional,,SCUOLA NAPOLETANA,,,
BO0624_4389,86265,338,338,TAVOLO rettangolare di noce con piedi a colonne collegati fra di loro da traverse. Secolo XVII.,1634,77.2,False,positional,,SCUOLA NAPOLETANA,,,Sec. XVII
BO0624_4389,86266,339,339,DUE CANTONIERE di legno a riquadri intarsiati di mogano. Epoca Luigi XV.,1639,85.3,False,positional,,SCUOLA NAPOLETANA,,,
BO0624_4389,86267,340,340,VETRINA-CANTONIERA in legno scolpito e dorato. Epoca Luigi XV. Proveniente dalla Vendita del Principe Orsini.,1644,70.2,False,positional,,SCUOLA NAPOLETANA,,,
BO0624_4389,86268,341,341,"POLTRoNA di noce a braccioli piani, spalliera e sedile ricoperti di damasco rosso. Secolo XVII.",1649,97.9,False,positional,,SCUOLA NAPOLETANA,,,Sec. XVII
BO0624_4389,86269,342,342,SEGGIOLONE antico di noce ricoperto di cuoio.,1650,95.7,False,positional,,SCUOLA NAPOLETANA,,,
BO0624_4389,86270,343,343,TRE TAPPETINI persiani antichi di differente disegno.,1654,96.3,False,positional,,SCUOLA NAPOLETANA,,,
BO0624_4389,86271,344,344,"QUATTRO CAMPIONI di stoffa di due tipi di disegno: uno ispano-arabo del XV secolo, l'altro italiano del XIV secolo. Cfr. Isabelle Errer,《 Catalogue d'etoffes anciennes》,n.84 e 103.",1655,96.2,False,positional,,SCUOLA NAPOLETANA,,,Sec. XV
BO0624_4389,86272,345,345,PALIOTTO ricamato argento e oro e fiori su raso celeste. Epoca Luigi XV.,1657,97.2,False,positional,,SCUOLA NAPOLETANA,,,
BO0624_4389,86273,346,346,DUE PICCOLI SCUDI persiani con ageminature in argento e oro. Secolo XVII.,1661,97.3,False,positional,,SCUOLA NAPOLETANA,,,Sec. XVII
BO0624_4389,86274,347,347,DuE ALABARDE in ferro con incisioni e asta di legno. Sec. XVII.,1662,96.8,False,positional,,SCUOLA NAPOLETANA,,,Sec. XVII
BO0624_4389,86275,348,348,CASCO persiano in ferro ageminato in oro e argento.,1663,96.2,False,positional,,SCUOLA NAPOLETANA,,,
BO0624_4389,86276,349,349,SCUDO in ferro con ageminature in argento. Lavoro persiano. Secolo XVII.,1664,97.2,False,positional,,SCUOLA NAPOLETANA,,,Sec. XVII
BO0624_4389,86277,350,350,FUCILE a pietra con montatura legno intarsiato e guarnizioni argento. Lavoro spagnolo. Secolo XVIII.,1668,74.5,False,positional,,SCUOLA NAPOLETANA,,,Sec. XVIII
BO0624_4389,86278,351,351,FUCILE a pietra con montatura legno intagliato e guarnizioni argento. Lavoro spagnolo. Porta la data 1788.,1670,71.9,False,positional,,SCUOLA NAPOLETANA,,,Sec. XVIII
BO0624_4389,86279,352,352,"ELMO di ferro ornato da animali, figure di guerrieri e trofei incisi. Secolo XVII.",1672,83.9,False,positional,,SCUOLA NAPOLETANA,,,Sec. XVII
BO0624_4389,86280,353,353,"STATUETTA in marmo rappresentante una donna nuda seduta sopra un tronco d'albero, tiene in braccio un fanciullo che le accarezza il viso. Secolo XV.",1680,86.7,False,positional,,SCUOLA NAPOLETANA,,,Sec. XV
BO0624_4389,86281,354,354,LA VERGINE col Bambino. Bassorilievo in stucco. Sec. XV.,1685,96.3,False,positional,,SCUOLA NAPOLETANA,,,Sec. XV
BO0624_4389,86282,355,355,RITRATTO muliebre in marmo bianco su pieduccio di bigio. Epoca degli Antonini.,1690,81.5,False,positional,,SCUOLA NAPOLETANA,,,
BO0624_4389,86283,356,356,"URNA cineraria di marmo con iscrizione e figura della defunta giacente sul kline, sfingi e piccoli geni dai due lati. Epoca romana.",1698,67.3,False,positional,,SCUOLA NAPOLETANA,,,
BO0624_4389,86284,357,357,URNA cineraria di marmo con encarpi e teste di ariete e coperchio a foglie imbricate. Epoca romana.,1700,73.0,False,positional,,SCUOLA NAPOLETANA,,,
BO0624_4389,86285,358,358,CIPPO funerario etrusco con bassorilievo rappresentante rito funebre. Pietra. Secolo V av. Cr.,1703,77.9,False,positional,,SCUOLA NAPOLETANA,,,Sec. V
BO0624_4389,86286,359,359,MASCHERONE in marmo. Secolo XV.,1708,93.5,False,positional,,SCUOLA NAPOLETANA,,,Sec. XV
BO0624_4389,86287,360,360,DUE ROCCHI di granito rosso orientale con base ad ornati intagliati in marmo di Carrara.,1709,97.8,False,positional,,SCUOLA NAPOLETANA,,,
BO0624_4389,86288,361,361,"VASO di farmacia a forma di bottiglia, decorato di stemmi cir- condato da corona di frutta e fiori policromata, fondo bianco. (Secolo XVIII).",1718,98.2,False,positional,,SCUOLA NAPOLETANA,,,
BO0624_4389,86289,362,362,"VASO di farmacia, di forma cilindrica ristretta nel mezzo, con stemma, iscrizione farmaceutica ed Agnus Dei entro corona di fiori e foglie a colori su fondo bianco. Faenza. (Secolo XVII).",1722,98.9,False,positional,,SCUOLA NAPOLETANA,,,
BO0624_4389,86290,363,363,PICCOLA COPPA con ritratto muliebre nel fondo ed ornati nella parte esterna a colore giallo filettato di bleu con riflessi iridescenti. Fab.Deruta.,1730,72.8,False,positional,,SCUOLA NAPOLETANA,,,
BO0624_4389,86291,364,364,SETTE MATTONELLE di maiolica persiana con falconieri e cacciatori a cavallo a smalti policromi.,1731,97.9,False,positional,,SCUOLA NAPOLETANA,,,
BO0624_4389,86292,365,365,QUATTRO MATTONELLE in maiolica persiana con fiori e ornati diversi.,1732,97.1,False,positional,,SCUOLA NAPOLETANA,,,
BO0624_4389,86293,366,366,"DUE VASI di farmacia a brocchetta con beccuccio ed ansa, ornati di medaglioni con ritratto nella parete anteriore e figure di santi nella posteriore, fiori e foglie a vari colori su fondo turchino. Venezia. (Secolo XVII).",1733,99.1,False,positional,,SCUOLA NAPOLETANA,,,
BO0624_4389,86294,367,367,"PIATTO con pieduccio, lobato nel contorno, dipinto in azzurro, giallo e verde rappresentante il Rapimento di Europa. Manifattura di Urbino.",1736,86.4,False,positional,,SCUOLA NAPOLETANA,,,
BO0624_4389,86295,368,368,"ALBERELLO strozzato in mezzo, dipinto a piu colori, ornato con ritratto d'imperatore e trofei. Porta la leggenda S. P. Q. S. Manifattura palermitana. Proveniente dalla vendita del marchese Cavalletti.",1740,74.8,False,positional,,SCUOLA NAPOLETANA,,,
BO0624_4389,86296,369,369,"VASO a beccuccio con manico, dipinto a piu colori a disegni ornati raffaelleschi,al centro medaglione con amorino.Manifattura d'Urbino.",1746,71.8,False,positional,,SCUOLA NAPOLETANA,,,
BO0624_4389,86297,370,370,VASO di forma cilindrica dipinto a colori bleu su fondo bianco. Targa con iscrizione farmaceutica. Manifattura di Faenza.,1750,98.3,False,positional,,SCUOLA NAPOLETANA,,,
BO0624_4389,86298,371,371,"PIATTO di forma ottagonale dipinto a più colori,ornato al centro da un paesaggio, un santo e due pellegrini. Bordo traforato a disegno. Manifattura Abruzzi. Cornice di noce scolpita.",1754,98.9,False,positional,,SCUOLA NAPOLETANA,,,
BO0624_4389,86299,372,372,SEDICI MASCHERETTE in terracotta ed alcune punte di lancia. Epoca preistorica americana.,1758,78.4,False,positional,,SCUOLA NAPOLETANA,,,
BO0624_4389,86300,373,373,"URNA cineraria in terracotta con bassorilievo rappresentante il duello di Eteocle e Polinice, con figura giacente sul coperchio.",1760,98.4,False,positional,,SCUOLA NAPOLETANA,,,
BO0624_4389,86301,374,374,DUE PICCOLE BOTTIGLIE esagonali di vetro incolore con ornati a rilievo di colore turchino. Murano.,1764,75.0,False,positional,,SCUOLA NAPOLETANA,,,
BO0624_4389,86302,375,375,LAMPADINA in argento con mercurio e abbat-jour.,1766,74.8,False,positional,,SCUOLA NAPOLETANA,,,
BO0624_4389,86303,376,376,PROFUMIERA in argento. Epoca Impero.,1768,94.4,False,positional,,SCUOLA NAPOLETANA,,,
BO0624_4389,86304,377,377,"PIATTO d'argento centinato ornato, sul bordo, di perle, al centro un canestro con mazzo di fiori. Lavoro a sbalzo. (Secolo XVIII).",1772,66.0,False,positional,,SCUOLA NAPOLETANA,,,
BO0624_4389,86305,378,377bis,"SPORTELLO da finestra in vetro dipinto a colori, rappresentante Santa Reparata ritratta entro edicola ad intera figura: nel basso stemma inquadrato con giglio nel centro.",1777,97.7,False,positional,,SCUOLA NAPOLETANA,,,
BO0624_4389,86306,379,378,"IL BACIO DI GIUDA, placchetta bronzo in bassorilievo. (Secolo XVII)",1783,96.9,False,positional,,SCUOLA NAPOLETANA,,,
BO0624_4389,86307,380,379,CRISTO in bronzo con smalti. (Secolo XIll).,1784,90.2,False,positional,,SCUOLA NAPOLETANA,,,
BO0624_4389,86308,381,380,"CROCE bizantina di metallo dorato con Santi,angeli e figure simboliche di Evangelisti.",1785,79.7,False,positional,,SCUOLA NAPOLETANA,,,
BO0624_4389,86309,382,381,TRE CROCI in bronzo: una con riporti alzati in piastra e due cesellate.,1790,97.2,False,positional,,SCUOLA NAPOLETANA,,,
BO0624_4389,86310,383,382,MORTAIO di bronzo a due anse formate da due sfingi ornato da figure e fogliame in rilievo.,1791,76.0,False,positional,,SCUOLA NAPOLETANA,,,
BO0624_4389,86311,384,383,BATTENTE in ferro e 4 chiavi. (Secolo XVI).,1796,95.1,False,positional,,SCUOLA NAPOLETANA,,,
BO0624_4389,86312,385,384,"DuE CORNICI di bronzo dorato a forma di tabernacolo, in alto tre teste di serafini. (Secolo XVII).",1797,75.6,False,positional,,SCUOLA NAPOLETANA,,,
BO0624_4389,86313,386,385,MORTAIO di bronzo a due anse con stemmi e festoni a rilievo.,1802,96.7,False,positional,,SCUOLA NAPOLETANA,,,
BO0624_4389,86314,387,386,"ANELLO di forza, braccialetti ecc.: 7 pezzi di scavo.",1804,96.1,False,positional,,SCUOLA NAPOLETANA,,,
BO0624_4389,86315,388,387,PICCOLO CALICE gotico in metallo dorato.,1805,95.1,False,positional,,SCUOLA NAPOLETANA,,,
BO0624_4389,86316,389,388,Peso di stadera rappresentante il busto di Mercurio. Lavoro romano. Patina verde. Raro.,1807,80.0,False,positional,,SCUOLA NAPOLETANA,,,
BO0624_4389,86317,390,389,CANDELABRO etrusco di bronzo a tripode.Proveniente dagli scavi di Orvieto.,1809,97.3,False,positional,,SCUOLA NAPOLETANA,,,
BO0624_4389,86318,391,390,TRE DIFFERENTI TAPPETINI orientali di velluto controtagliato.,1813,96.8,False,positional,,SCUOLA NAPOLETANA,,,
BO0624_4389,86319,392,391,"VELLUTO unito verde in seta, alto m. o.6o.",1815,90.2,False,positional,,SCUOLA NAPOLETANA,,,
BO0624_4389,86320,393,392,"VELLUTO verde unito in seta, alto m. o.6o.",1821,90.2,False,positional,,SCUOLA NAPOLETANA,,,
BO0624_4389,86321,394,393,SCUOLA VERONESE. SOGGETTO GUERRESCO. Dipinto su tavola.,1829,80.4,False,positional,,SCUOLA NAPOLETANA,,,
BO0624_4389,86322,395,394,SCUOLA PISANA(?) MADONNA e Bambino coi Santi Giovanni Battista e Antonio Abate:due angeli in alto.Tavola su fondo d'oro.,1835,92.8,False,positional,,SCUOLA NAPOLETANA,,,
BO0624_4389,86323,396,395,"SCUOLA DI MICHELANGELO. LA PIETA, quadro copiato liberamente dal gruppo di Michelangelo in San Pietro. Tavola con cornice dorata.",1841,88.3,False,positional,,SCUOLA NAPOLETANA,,,
BO0624_4389,86324,397,396,"SCUOLA UMBRA. (Prima meta del-Quattrocento). MADoNNA col Bambino, dipinto su tavola con fondo a panneggio rosso con fiori d'oro.",1849,79.2,False,title_direct,,SCUOLA UMBRA,,,
BO0624_4389,86325,398,397,COPIA ANTICA DI RAFFAELLO. SACRA FAMIGLIA. Dipinto su tavola in cornice dorata.,1858,78.5,False,positional,,SCUOLA NAPOLETANA,,,
BO0624_4389,86326,399,398,SCUOLA UMBRO-SENESE.  (Secolo XV). SANTA LUCIA e Santa Caterina. Due dipinti su tavola a fondo oro in cornice dorata.,1866,83.5,False,title_direct,,SCUOLA UMBRA,,,
BO0624_4389,86327,400,399,SCUOLA FERRARESE. SANT'ANTONIO seduto con libro nelle mani. Paesaggio nel fondo. Su tavola. Cornice dorata.,1874,90.1,False,positional,,SCUOLA NAPOLETANA,,,
BO0624_4389,86328,401,400,MADONNA con Bambino. Pittura su tavola. Cornice intagliata e dorata.,1880,97.0,False,positional,,SCUOLA NAPOLETANA,,,
BO0624_4389,86329,402,401,SCUOLA UMBRA. MADONNA adorante il Bambino fra San Francesco e Santa Chiara. In alto sta l'iscrizione: M·FRA·FALCON·MI. PROVIC·S·FRA·FECIT. Tavola in cornice dorata.,1886,77.6,False,title_direct,,SCUOLA UMBRA,,,
BO0624_4389,86330,403,402,SCUOLA BIZANTINA. LA NATIVITA. Dipinto su tavola in cornice.,1895,79.2,False,positional,,SCUOLA NAPOLETANA,,,
BO0624_4389,86331,404,403,SCUOLA FIORENTINA. (Quattrocento). SPOSALIZIO di Santa Caterina. Tavola fondo oro con cornice dorata.,1903,79.8,False,positional,,SCUOLA NAPOLETANA,,,
BO0624_4389,86332,405,404,"SCUOLA DI AMBROGIO LORENZETTI. TRITTico. Nella parte centrale, la Madonna col Bambino; nelle parti laterali i Santi Francesco e Lodovico. Tavola su fondo oro.",1910,88.5,False,positional,,SCUOLA NAPOLETANA,,,
BO0624_4389,86333,406,405,SCUOLA DI PIETRO LORENZETTI. CRisTo morto. Tavola a fondo oro in cornice nera.,1918,64.4,False,positional,,SCUOLA NAPOLETANA,,,
BO0624_4389,86334,407,406,ZAGANELLI(?) LA PIETA. Tavola; cornice dorata.,1922,81.1,False,positional,,SCUOLA EMILIANA,,,
BO0624_4389,86335,408,407,SCUOLA DI GIOVANNI BOCCATI. (Secolo xV). MADoNNA e Bambino con santi ed angeli: quadro su tavola con cornice dorata su cui sta l'iscrizione: HOC·OPUS. FUIT·FACTM·PROAMIA·&amp; IOHANI BORGARUTUI DE BONONIOLIA.,1928,90.0,False,positional,,SCUOLA EMILIANA,,,
BO0624_4389,86336,409,408,SCUOLA EMILIANA. SAN SEBASTIANO. Pittura su tavola. Cornice. Alt.M.o.26—Larg.M.o.17.,1936,66.7,False,title_direct,,SCUOLA EMILIANA,,,
BO0624_4389,86337,410,409,"COPIA FIAMMINGA DAL PERUGINO. GESU coronato di spine, su tavola. Cornice nero e oro.",1942,75.6,False,positional,,SCUOLA EMILIANA,,,
BO0624_4389,86338,411,410,COPIA DAL GUIDO RENI. ECCE HOMO. Pastello in cornice.,1948,72.3,False,positional,,SCUOLA EMILIANA,,,
BO0624_4389,86339,412,411,SCUOLA DI MASOLINO. (Secolo XIV). CRISTO nella tomba colla Vergine e simboli della Passione. Tavola con cornice nera.,1955,83.7,False,positional,,SCUOLA EMILIANA,,,
BO0624_4389,86340,413,412,SCUOLA GIOTTESCA. SAN GIOVANNI BATTISTA fra quattro Sante. Tavola su fondo oro. Cornice dorata.,1961,74.7,False,positional,,SCUOLA EMILIANA,,,
BO0624_4389,86341,414,413,"SANO DI PIETRO. (Secolo xV). CRISTO in croce compianto dalla Madonna, da Sante e Santi. Tavola. Con cornice.",1971,84.9,False,title_direct,SANO DI PIETRO,,,,
BO0624_4389,86342,415,414,SCUOLA ITALO-BIZANTINA. L?ADORAZIONE de' Magi. Tavola. Cornice dorata.,1977,77.5,False,positional,,SCUOLA EMILIANA,,,
BO0624_4389,86343,416,415,SCUOLA FIORENTINO-SENESE. LA CROCIFISSIONE. Miniatura su pergamena. Segnato Nicolaus f.,1983,73.8,False,positional,,SCUOLA EMILIANA,,,
BO0624_4389,86344,417,416,SCUOLA EMILIANA. UN SANTO francescano. Tavola con cornice dorata.,1989,83.9,False,title_direct,,SCUOLA EMILIANA,,,
BO0624_4389,86345,418,417,SCUOLA PISANA. MADONNA e Bambino con quattro santi. Tavola su fondo oro.,1995,87.5,False,positional,,SCUOLA EMILIANA,,,
BO0624_4389,86346,419,419,SCUOLA TOSCANA. (Secolo xV). MADONNA e Bambino con due angioli. Tavola a fondo oro con,2010,80.9,False,positional,,SCUOLADIBARTOLO DIFREDI,,,
BO0624_4389,86347,420,420,SCUOLA DI BARTOLO DI FREDI. QUATTRO PITTURE su tavola a fondo d’oro. Storia di Gioacchino ed Anna: 1 Gioacchino espulso dal Tempio; 2 L'Angelo apparisce a Gioacchino; 3 L'incontro di Gioacchino ed Anna; 4 L'orazione di Gioacchino ed Anna.,2018,92.6,False,title_direct,,SCUOLADIBARTOLO DIFREDI,,,
BO0624_4389,86348,421,421,VINCENZO PAGANI. (Prima meta del Secolo XVI). FRAMMENTO di pala d'altare. Madonna e Bambino in gloria adorati da Santi.,2026,64.3,False,positional,,SCUOLADIBARTOLO DIFREDI,,,
BO0624_4389,86349,422,422,"SCUOLA UMBRA. MADONNA e Bambino su tavola, fondo di paesaggio. Tabernacolo dorato.",2032,89.2,False,title_direct,,SCUOLA UMBRA,,,
BO0624_4389,86350,423,423,SCUOLA UMBRA.  (Secolo XV). DUE TAVOLE: Sau Giovanni Battista e San Girolamo. (Molto deterorate).,2040,83.3,False,title_direct,,SCUOLA UMBRA,,,
BO0624_4389,86351,424,424,SCUOLA BOLOGNESE. MARTIRIO di una Santa. Pittura su tavola. Cornice a pastiglia dorata.,2047,87.6,False,positional,,SCUOLADIBARTOLO DIFREDI,,,
BO0624_4389,86352,425,425,"SCUOLA MARCHIGIANA. CRISTO in croce con angeli, la Madonna e una Santa piangenti. Dipinto a tempera deteriorato.",2053,89.6,False,title_direct,,SCUOLA UMBRA,,,
BO0624_4389,86353,426,426,SCUOLA UMBRA.  (Secolo xV). MADONNA e Bambino in trono. Dipinto su tavola.,2061,78.3,False,title_direct,,SCUOLA UMBRA,,,
BO0624_4389,86354,427,427,SCUOLA DI TADDEO BARTOLI. (Secolo XV). DuE FRAMMENTI di polittico raffiguranti due Santi. Due dipinti su tavola a fondo d'oro.,2067,63.3,False,positional,,SCUOLADIBARTOLO DIFREDI,,,
BO0624_4389,86355,428,428,"PAPPAGALLO di marmo col becco e i piedi di bronzo, su base di legno intagliata e dorata. Scultura del Secolo XVI.",2072,98.2,False,positional,,SCUOLADIBARTOLO DIFREDI,,,Sec. XVI
BO0624_4389,86356,429,429,LA VERGINE in trono col Bambino. Gruppo in alabastro del Secolo XV.,2078,88.7,False,positional,,SCUOLADIBARTOLO DIFREDI,,,Sec. XV
BO0624_4389,86357,430,430,"MARIA MADDALENA, statua di marmo. (Secolo XV).",2085,95.3,False,positional,,SCUOLADIBARTOLO DIFREDI,,,
BO0624_4389,86358,431,431,ERCOLE che atterra il leone. Marmo di scavo. Proveniente dalla Villa Borghese.,2088,81.2,False,positional,,SCUOLADIBARTOLO DIFREDI,,,
BO0624_4389,86359,432,432,ERMA. Testa di marmo arcaica di scavo.,2093,94.7,False,positional,,SCUOLADIBARTOLO DIFREDI,,,
BO0624_4389,86360,433,433,EDICOLA in marmo di scavo con due teste ad altorilievo.,2097,96.4,False,positional,,SCUOLADIBARTOLO DIFREDI,,,
BO0624_4389,86361,434,434,TRE TESTE in marmo di scavo.,2101,56.2,False,positional,,SCUOLADIBARTOLO DIFREDI,,,
BO0624_4389,86362,435,435,URNA cineraria di marmo con due piccole cicogne sul fronte e coperchio a fogliame intagliato.,2102,75.3,False,positional,,SCUOLADIBARTOLO DIFREDI,,,
BO0624_4389,86363,436,436,TABERNACOLO di marmo con colonnine scannellate e mensola con testa di serafino.,2107,81.2,False,positional,,SCUOLADIBARTOLO DIFREDI,,,
BO0624_4389,86364,437,437,DuE ANTICHI FRAMMENTI in marmo con teste di cavallo ad altorilievo.,2112,85.2,False,positional,,SCUOLADIBARTOLO DIFREDI,,,
BO0624_4389,86365,438,438,QUATTRO TESTE in marmo di scavo.,2114,68.1,False,positional,,SCUOLADIBARTOLO DIFREDI,,,
BO0624_4389,86366,439,439,MASCHERONE barbuto in pietra.,2115,93.3,False,positional,,SCUOLADIBARTOLO DIFREDI,,,
BO0624_4389,86367,440,440,"SEDIA di noce con gambe e traverse a tortiglione, spalliera e sedile ricoperti di cuoio impresso a fiori e ornati. (Secolo XVII).",2122,67.7,False,positional,,SCUOLADIBARTOLO DIFREDI,,,
BO0624_4389,86368,441,441,"DODICI SEDIE di noce con gambe e traverse a tortiglione, spalliera e sedile ricoperti di cuoio con guarnizioni di gallone giallo. (Secolo XVII).",2123,81.4,False,positional,,SCUOLADIBARTOLO DIFREDI,,,
BO0624_4389,86369,442,442,"POLTRONA di noce con braccioli piani, spalliera e sedile ricoperti di cuoio. (Secolo XVII).",2125,80.0,False,positional,,SCUOLADIBARTOLO DIFREDI,,,
BO0624_4389,86370,443,443,"POLTRONA di noce con braccioli piani, spalliera e sedile ricoperti di cuoio impresso a fiori e ornati. (Secolo XVII).",2127,68.2,False,positional,,SCUOLADIBARTOLO DIFREDI,,,
BO0624_4389,86371,444,444,NOVE POLTRONE a braccioli in noce verniciata nero e oro con sedile ricoperto di cuoio. (Luigi XV).,2129,75.2,False,positional,,SCUOLADIBARTOLO DIFREDI,,,
BO0624_4389,86372,445,445,COMO-SCRIVANIA in noce intarsiata con tiretti e sportello calatore. (Epoca Luigi XV).,2131,97.6,False,positional,,SCUOLADIBARTOLO DIFREDI,,,
BO0624_4389,86373,446,446,MADONNA con Bambino: figure in legno policromato. (Secolo XV),2135,90.1,False,positional,,SCUOLADIBARTOLO DIFREDI,,,
BO0624_4389,86374,447,447,DUE BRACCI portaceri da chiesa di legno scolpito a grandi volute dorati e dipinti di colore bleu.,2144,74.2,False,positional,,SCUOLADIBARTOLO DIFREDI,,,
BO0624_4389,86375,448,448,"QUATTRO PANNELLI di noce scolpita a festoni di fiori, frutta e teste di serafini.",2145,84.7,False,positional,,SCUOLADIBARTOLO DIFREDI,,,
BO0624_4389,86376,449,449,GRANDE CORNICE D'ALTARE di legno nero scolpito e dorato con pannelli e pilastri di scagliola ad imitazione di marmi antichi. (Secolo XVI).,2150,94.3,False,positional,,SCUOLADIBARTOLO DIFREDI,,,
BO0624_4389,86377,450,450,"QUATTRO SEDIE di legno nero intagliate, spalliera e sedile impagliati di canna d'India. (Luigi XIV).",2154,97.9,False,positional,,SCUOLADIBARTOLO DIFREDI,,,
BO0624_4389,86378,451,451,"GRADUALE de Tempore et de Sanctis, iuxta ritum sacros. Rom. Ecclesiae cum cantu... Ratisbonae, Fr. Pustet, 1872, voll. 2 in-fol. mass.,leg. in cuoio rosso, taglio dorato.",2162,66.1,False,positional,,SCUOLADIBARTOLO DIFREDI,,,Sec. XIX
BO0624_4389,86379,452,452,"BIBLIA LATINA..His accesserunt schemata Tabernaculi Mosaici et Templi Salomonis...summa arte et fide expressa.Parisiis, Rob.Stephanus (Estienne),1540,1538,1539; sui frontesp. delle div. parti 1'impresa tipogr. degli Estiennes. In-fol. mass. di cc. num. X,268, 104, 89, 92, in bei car. rot. e grandi iniziali fregiate, perfettamente impressi su carta reale.Esempl. ben conservato, leg. in cuoio scuro, con fregi in oro di stile Grolier e taglio dorato.",2164,79.5,False,positional,,SCUOLADIBARTOLO DIFREDI,,,Sec. XVI
BO0624_4389,86380,453,453,"BIBLIA LATINA, miniata. Codice membran. del secolo XV （m.o.28 X o.2o) di carte scritte 631, num.recentem., con ri chiami ai singoli quaderni. Car.semigotico rotondeggiante a 2 col.,nitido e uniforme, titoli e numeri romani in rosso e turchino.",2166,97.6,False,positional,,SCUOLADIBARTOLO DIFREDI,,,Sec. XV
BO0624_4389,86381,454,454,"a) BIBLIA LATINA. (Vet. et nov. Testam.) s. 1. Excudebat Floricus Prevost 1564.In-fol. di pp.num. 9o4, 235,car.rot. 2. con eleganti grandi iniziali. - b) SAYRUS GREG.Clavis Sacerdotum casuum conscientiae. Venetiis,B.Barebius,1615. - c) Liber Prophetarum. Venetis, L.A. Juncta, 1533, in-16. Legat.artistica del tempo con taglio dor.",2178,43.0,False,positional,,SCUOLADIBARTOLO DIFREDI,,,Sec. XVI
BO0624_4389,86382,455,455,"TESTAMENTUM (NOVUM)... cuius Graeco contextui res- pondent interpretationes duae... THEODoRI BEZAE. [Genevae]. E. Vignon, 1598, in-fol., leg. in pergam.",2182,82.8,False,positional,,SCUOLADIBARTOLO DIFREDI,,,Sec. XVI
BO0624_4389,86383,456,456,"a) NEW (The) TESTAMENT... in the Original Greek. London, Rivingtons,186o.67,vol. II1. b) BOOK (The) of PSALMS. In the authorized Version. London, Rivingtons,1867.",2186,53.5,False,positional,,SCUOLADIBARTOLO DIFREDI,,,Sec. XIX
BO0624_4389,86384,457,457,"a) ENGLISHMAN (The) GREEK CONCORDANCE of the NEW TESTAMENT. London,S. Bagster, 1870. London, Macmillan,1871. b) TRENCH Rich. Chen.- Synonyms of the New Testament. London,Macmillan,1871.",2188,60.6,False,positional,,SCUOLADIBARTOLO DIFREDI,,,Sec. XIX
BO0624_4389,86385,458,458,"a) SWEDENBORG Emanuel. The Apocalypse explained. London, Swedenborg Society,1871 (vol. I e VI). b)LANGE John Peter. Genesis, or, the First Book of Moses, translated from the German by Lewis Th. New York, Ch. Scribner, 1868.",2193,66.5,False,positional,,SCUOLADIBARTOLO DIFREDI,,,Sec. XIX
BO0624_4389,86386,459,459,"a) PSALTERIUM TETRAGLOTTUM, gr. syr. chald. lat... imprimendum curavit NEsTLE Eberardus. Tubingae, 1879. b)Il N.Testam.volgarizzato da C.M. CuRcI. Napoli, Giannini, 188o, vol. 3°.",2194,72.4,False,positional,,SCUOLADIBARTOLO DIFREDI,,,Sec. XIX
BO0624_4389,86387,460,460,"a) GESENIUS William. A Hebrew and English Lexicon of old Testament. Boston, Crocker and Brewster, 1865; leg.in mezzo cuoio. - b) Biblia Hebraica secundum editiones Jos. Ahthiae, Jo.Leusden...Lipsiae, Tauchnitz, 1831.",2200,67.8,False,positional,,SCUOLADIBARTOLO DIFREDI,,,Sec. XIX
BO0624_4389,86388,461,461,"BIBLIA PAUPERUM... With the Proper Descrypciouns therof extracted from the original Text of John WIcLIF. New York, Amstrong, 1885; leg.in pergam. con fermagli.",2204,78.7,False,positional,,SCUOLADIBARTOLO DIFREDI,,,Sec. XIX
BO0624_4389,86389,462,462,"a) MOZLEY J. B. Ruling Ideas... and their relation to Old Testament Faith. London,1878. - d) LEWIS W.P.Lectionaries, English and Irish. Philadelphia,1878.",2205,70.9,False,positional,,SCUOLADIBARTOLO DIFREDI,,,Sec. XIX
BO0624_4389,86390,463,463,"a) TESTAMENTUM (NOVUM) Graece. Halis Saxonum,1824. b)—et LATINE. Textus lat. ex yulg. versione Sixti V. Lip- - c) NEW (The) TESTAMENT.. translated out of the Greek. - Cambridge, University Press, 1881; leg. in marocchino. - d) The authorised English Version.. Leipzig, Tauchnitz, 1869; leg. in pergam.",2212,53.6,False,positional,,SCUOLADIBARTOLO DIFREDI,,,Sec. XIX
BO0624_4389,86391,464,464,"SMITH William. A Dictionary of the Bible. Boston, Little, Brown, 1863, voll. 3.",2214,97.3,False,positional,,SCUOLADIBARTOLO DIFREDI,,,Sec. XIX
BO0624_4389,86392,465,465,"a) PALMER William. Origines liturgicae, or Antiquities of the English Ritual. London,Rivington, 1845,voll.2. b) SARVM(The) MISSAL in English.London,1868.",2215,81.6,False,positional,,SCUOLADIBARTOLO DIFREDI,,,Sec. XIX
BO0624_4389,86393,466,466,"a) CONYBEARE W. J. The Life and Epistles of St. Paul. London, 1872, voll.2. - b) COTTERILL Henry. The Genesis of the Church. Edinburgh and London,1872. - c) GRESLEY W. Thoughts on the Bible. London, 1872.",2219,41.6,False,positional,,SCUOLADIBARTOLO DIFREDI,,,Sec. XIX
BO0624_4389,86394,467,467,"a) MC GARVEY WILL. Liturgiae Americanae... To which is added a Bibliographical Sketch.Philadelphia, 1895, voll.2. b) BERSIER Eug. Liturgie des Eglises reformees, Paris, 1876.",2223,53.4,False,positional,,SCUOLADIBARTOLO DIFREDI,,,Sec. XIX
BO0624_4389,86395,468,468,"THOMAS DE AQUINO. Summa totius Theologiae. Venetiis, ap. Juntas, 1612, voll. 5 in-fol. leg. in perg.",2225,67.6,False,positional,,SCUOLADIBARTOLO DIFREDI,,,Sec. XVII
BO0624_4389,86396,469,469,"a) LAUNOIUS Joh. Epistolae omnes. Cantabrigiae, 1699, in-fol. b) PEARSONIUS Joh.Opera posthuma chronologica. Londini, 1688, in-fol.",2227,61.5,False,positional,,SCUOLADIBARTOLO DIFREDI,,,Sec. XVII
BO0624_4389,86397,470,470,"MALLEOLUS Felix, vulgo Hemmerlem. De Nobilitate et Kastitate dialogus, etc. S. e. a. e tipogr. (Sec. XV), in-4°, di cc. CLI, car. got. con iniziali in rosso. Vi sono uniti: a) FRANCISCUS DE PLATEA. Tractatus restitutionum... Spire impressum finit feliciter. | Anno domini MccccLxxxix (1489). Seguono Casus papales. In-4°, car. gat. con iniziali in rosso (segn.a-q.). b) VEGIUS Maffeus. Liber e iureconsultorum scriptis excerptus... Vincentiae industria...Philippi albini| aquitani. Milesimo quadringentesimo LXXVI1 (1477). In-4°(segn.a-f),",2236,47.4,False,positional,,SCUOLADIBARTOLO DIFREDI,,,Sec. XV
BO0624_4389,86398,471,471,"AEGIDIUS Romanus. Quodlibet et Theoremata. OCHAM (De) Gulielmus. De Sacramento altaris. Venetiis, Peregr. de Pasqualibus, 1492; ibid., Simo de Luere, 1502, in-fol. car. got.",2241,80.6,False,positional,,SCUOLADIBARTOLO DIFREDI,,,Sec. XV
BO0624_4389,86399,472,472,"THOMAS (S.) DE AQUINO.Explicit Secundus liber secunde n-fol. p. di cc. . .. . num. recent., bei car. got. a 2 col. Esempl. assai ben conservato, con iniziali miniate e adorno di un'elegante cornice ad oro e colori che inquadra il testo della c.9.",2244,87.4,False,positional,,SCUOLADIBARTOLO DIFREDI,,,
BO0624_4389,86400,473,473,"THOMAS AQUINAS. Summa Angelica de Casibus conscientiae. Venetiis,Bernardinus Stagninus,1525,in-8°;legat. coeva in assi e mezzo cuoio.",2246,98.1,False,positional,,SCUOLADIBARTOLO DIFREDI,,,Sec. XVI
BO0624_4389,86401,474,474,"ALBERTUS MAGNUS. Methaurorum libri quatuor. S. 1., Ren. de Nouimagio theutonicus,1488 Vi sono uniti: De apprehensione. Venetiis, Simo de Luere, 1504. - 一 De celo et mundo. Ven. per Ioh. de Forlivio etc. 1490, in-fol. car. got. a 2 col.",2249,52.7,False,positional,,SCUOLADIBARTOLO DIFREDI,,,Sec. XV
BO0624_4389,86402,475,475,"CANON MISSAE. Venetis, ap. Cieras, 163o, in-fol. gr. con figure in rame; leg. in cuoio rosso con ornati a piccoli ferri.",2254,96.4,False,positional,,SCUOLADIBARTOLO DIFREDI,,,
BO0624_4389,86403,476,476,"a) MISSALE ROMANUM.. cum textu et cantu a S. Rituum Congreg. approbato. Mechliniae, 1886, in-4°, leg. in pelle rossa. b) Pontificale Romanum.. a Bened. XIV recognitum. Mechliniae, 1862, in-8°, leg. in pelle verde con taglio dorato.",2255,66.2,False,positional,,SCUOLADIBARTOLO DIFREDI,,,Sec. XIX
BO0624_4389,86404,477,477,"BREVIARIUM ROMANUM... Urbani VIII et Leonis XIII auctoritate recognitum...  Tornaci Derviorum, Desclee, Lefebure,1884,2 vol. in-4° Esemplare novissimo, leg. in pelle rossa, e taglio dorato.",2257,55.3,False,positional,,SCUOLADIBARTOLO DIFREDI,,,Sec. XIX
BO0624_4389,86405,478,477bis,"a) LIBRO D'ORE del sec. XV. Codicetto in membrana sottilissima (millim. 85X68) di cc.19o, scritte elegantissimamente da una sola mano in semigot.assai nitido e uniforme: rubriche in rosso,iniziali di 4 dimens. e maniere diverse,in oro, o vagamente alluminate. Un gentilissimo lavoro di minio distingue e nobilita questo libriccino di squisitissima eleganza artistica e grafica, e ricco di 2o cornicette intorno allo scritto della pagina, adorne d'intrecciamenti vari e fantastici, nonche di 5 quadretti illustrativi del testo, finemente disegnativi, 3 de' quali assai ben conservati.  Precede, da c. 2-13, senza rubrica, il consueto calendario. Com.a c.15Missa de sancta maria&gt;.Fin. a c.188v  - &lt;Requiescant in pace Amen &gt;. Chiuso in un vecchio astuccio. - b) HEURS GOTHIQUES. Paris, Pigouchet Philippe imprimeur? 1502? Esempl. mutilo in principio e in fine.",2263,76.7,False,positional,,SCUOLADIBARTOLO DIFREDI,,,Sec. XV
BO0624_4389,86406,479,478,"a) BREVIARUM ROMANUM cum psalterio proprio et officiis Sanctorum. Urbini, 1740, voll. 4 in-8°, leg. in pelle rossa, taglio dorato. b) BREVIARIUM MARIANUM...a JosEPHo EsCOLA presb. Missionum.. concinnatum. Herdae, 1859, in-4° leg.in pelle scura.",2271,69.2,False,positional,,SCUOLADIBARTOLO DIFREDI,,,Sec. XVIII
BO0624_4389,86407,480,479,"a) Cantus Vesperarum.. ad usum Ord. Praedicatorum. Pari siis,17o4,in-4°leg.in pelle con taglio dor. b) OFFICIA PROPRIA FESTORUM Bas. S. Mariae Transtyberim. Romae,1646,in-8° leg. in pelle con lo stemma dei principi Altieri impressovi in oro. c) ORDO ROM.PERPETUUS recitandi div. offcium. Romae, 1665,in-8°, leg.in pelle rossa con stemma cardinalizio, impressovi in oro.",2275,44.3,False,positional,,SCUOLADIBARTOLO DIFREDI,,,Sec. XVII
BO0624_4389,86408,481,480,"GESANGE und LIEDER (GEISTREICHE) auf alle SonntagsEvangelien und Episteln. Schweidnitz, Ch. Mullern,1725-26, 2 voll. in-4° obl. Bell'opera ornata di oltre 4oo artistiche figure, bene impresse in acciaio, e pagg. di musica in fine.",2280,48.8,False,positional,,SCUOLADIBARTOLO DIFREDI,,,Sec. XVIII
BO0624_4389,86409,482,481,"a) BREVIARIUM ROMANUM. Romae,1869. b) MISSALE ROM.Mechiniae, 1866. c) RITUALE ROM. Romae, 1872. d) CATECHISMUS ROM. ex decr. S. Concili Trid. Romae,",2288,51.4,False,positional,,SCUOLADIBARTOLO DIFREDI,,,Sec. XIX
BO0624_4389,86410,483,482,ROMANA beatificationis... D. Camillae Ursinae Burghesiae fundatricis... Monasterij.. vulgo nuncupati 《 delle Turchine 》de Urbe. Esempl. leg. in perg. con impressovi in oro lo stemma dei Principi Borghese. Proveniente dalla Biblioteca Borghese.,2290,66.5,False,positional,,SCUOLADIBARTOLO DIFREDI,,,
BO0624_4389,86411,484,483,"IUNCTINUS Franc., Florentinus. Speculum Astrologiae. Lugduni, Tinghus Florentinus, 1583, voll. 2 in-fol., pergam. (con ritr. dell'autore). Proveniente dalla Biblioteca Borghese.",2295,66.1,False,positional,,SCUOLADIBARTOLO DIFREDI,,,Sec. XVI
BO0624_4389,86412,485,484,"a) KIRCHER Athanasius Soc.Jesu. Turris Babel, sive Archontologia. Amstelodami, Jansson-W., 1679, in-fol. leg. in perg. b) PICUS Mirandulae. Examen vanitatis doctrinae Gentium. [Mirandulae Joh. Maciochius, 152o]. Esempl. con postille per mano sincrona.",2297,68.8,False,positional,,SCUOLADIBARTOLO DIFREDI,,,Sec. XVII
BO0624_4389,86413,486,485,"BACCI Andrea. De Naturali vinorum historia de vinis Italiae, libri septem. Romae, Nic. Mutif, 1596, in-fol.p., con postille marginali del tempo; leg. antica in assi con borchie e fermagli di bronzo.",2299,75.0,False,positional,,SCUOLADIBARTOLO DIFREDI,,,Sec. XVI
BO0624_4389,86414,487,486,"PTOLEMAEUS CLAUD. Geographiae libri octo Graeco-latini. Francofurti, Jod. Honduis, 16o5, in-fol.; legat. coeva in pergam.con fregi dorati. Proven. dalla Biblioteca Borghese.",2301,76.6,False,positional,,SCUOLADIBARTOLO DIFREDI,,,
BO0624_4389,86415,488,487,"RITRATTI IN RAME dei Re di Portogallo, di Polonia, dei Gran Maestri della Religione militare di S. Giov. Gerosolimitano e dellOrdine di Malta. Un vol. in-fol. di cc. 183; leg. in pelle scura.",2306,98.6,False,positional,,SCUOLADIBARTOLO DIFREDI,,,
BO0624_4389,86416,489,488,"FATTI TRAGICI e GIUSTIZIE clamorose in Roma nei secoli XVI e XVII (Famiglia CENCI, VITTORIA ACCORAMBONI, ecc.). Ms.del sec. XVIII, di 58 ff. Proven. dalla Biblioteca Borghese.",2307,93.3,False,positional,,SCUOLADIBARTOLO DIFREDI,,,Sec. XVIII
BO0624_4389,86417,490,489,"PANTALEO Henricus. Militaris Johannitarum, Rhodiorum, aut Melitensium Equitum,Rerum memorabilium a sexcentis fere annis... usque 1581 annum Historia.. Basileae, 1581, in-fol. p.; leg. antica in cuoio rosso con fregi e taglio dorati.",2310,74.7,False,positional,,SCUOLADIBARTOLO DIFREDI,,,Sec. XVI
BO0624_4389,86418,491,490,"WYTELIET Cornille. Histoire universelle des Indes orientales et occidentales. Dovay, Fr.Fabri [16o4], in-4°,leg. coeva. Descriptionis Ptolemaicae augmentum. Duaci, Fr. Fabri, 16o3;leg. coeva in perg.",2312,73.0,False,positional,,SCUOLADIBARTOLO DIFREDI,,,
BO0624_4389,86419,492,491,"GOETHE. Faust. Eine Tragodie. Mit Zeichnungen von Engelbert Seibertz. Stuttgart, Cotta, 1854, 2 parti in un vol. leg. in pelle e in pergam. artisticamente, con borchie figu- rate, taglio dorato.",2315,83.7,False,positional,,SCUOLADIBARTOLO DIFREDI,,,Sec. XIX
BO0624_4389,86420,493,492,"a) STRABO. Rerum Geographicarum libri XVII (Graece et latine). Lut. Parisiorum, typ.Regiis, 1620, in-fol. b) PTOLOMAEUS Cl.ALEX.La Geografia nuovamente tradotta di Greco in Italiano da Gio. RuscELLI. Venetia, Valgrisi, 1561.",2318,63.9,False,positional,,SCUOLADIBARTOLO DIFREDI,,,Sec. XVII
BO0624_4389,86421,494,493,"a) EUSEBIUS PAMPHILUS. Ecclesiast. historiae libri decem. (Graece et lat.). Aug. Taurinorum,1746,in-fol. Ecclesiastica.(Gr.et lat.). Aug. Taurinorum, 1748, in-fol. b) SOCRATES SCHOLASTICUS et SOZOMENUS HERMIAS. Hist. Ecclesiastica. (Gr. et lat.). Aug. Taurin., 1747, in-fol. - c) THEODORITUS Ep. et EVAGRIUS Scholasticus. Hist. 14. Ecclesiastica.(Gr.et lat.). Aug. Taurinorum,1748,in-fol.",2322,44.1,False,positional,,SCUOLADIBARTOLO DIFREDI,,,Sec. XVIII
BO0624_4389,86422,495,494,"《LUCANUS cum commento &gt;. Venetis, impensis O. Scoti, nec non arte Bartol. de Zanis, 4o2, in-fol.; bei car. .rot., testo inquadrato dai commenti, eleganti iniziali.",2323,96.3,False,positional,,SCUOLADIBARTOLO DIFREDI,,,
BO0624_4389,86423,496,495,"FRONTINUS (Sex. Julius). Frontinus and the Water Supply of the city of Rome. by Cl. Herschell. Boston, Un. Pressy, 1899, in-4°. (Riprod. del cod. originale di Montecassino).",2324,79.1,False,positional,,SCUOLADIBARTOLO DIFREDI,,,Sec. XIX
BO0624_4389,86424,497,496,"VERGILIUS (P.) Maro. The Aeneid translated into english blank verse by Chr. PEARSE CRANCH. Boston, R. Osgood, 1872,in-4°p.",2329,98.2,False,positional,,SCUOLADIBARTOLO DIFREDI,,,Sec. XIX
BO0624_4389,86425,498,497,"HORATIUS (Q. Fl.). Horatii Flacci Venusini poete lirici opera..cum imaginibus pulcherrimis aptisque ad Odarum concentus et sententias.. in urbe Argentina opera...Iohannis REINHARDI, cognomento Gurninger... (1498), in-fol. di 2o7 ff. num. Ediz. ornata di belle incisioni in legno, di cui la piu importante, a c. 2,rappresenta Orazio incoronato dalle Muse.",2330,98.5,False,positional,,SCUOLADIBARTOLO DIFREDI,,,Sec. XV
BO0624_4389,86426,499,498,"a) BEAUREGARD (DE) COSTA. La Jeunesse du roi Ch. Albert.Paris,1889. b) PEREY Lucien. Un petit neveu de Mazarin. Paris, 18g1. - c) HEMMER H. Vie du Cardinal Manning. Paris, 1898. d)BEATTY-KINGSTON W. M.William I. London,1883. - e) NOURRISSON. Machiavel. Paris, 1875.",2334,35.4,False,positional,,SCUOLADIBARTOLO DIFREDI,,,Sec. XIX
BO0624_4389,86427,500,499,"a) STANLEY Henry. Darkest Africa. London, 18go, voll. 2. 1890.",2337,87.9,False,positional,,SCUOLADIBARTOLO DIFREDI,,,Sec. XIX
BO0624_4389,86428,501,500,"a) SELOUS F. C. Travel and Adventure in South-East Africa. London,1893. b) NEUMANN Arthur. Elephant-Hunting in east Equatorial 14. Africa.London,1898.",2340,54.3,False,positional,,SCUOLADIBARTOLO DIFREDI,,,Sec. XIX
BO0624_4389,86429,502,501,"a) MACINTURE Donald, Major General. Hindu-Koh. Edinburgh, 1889. b) SANDERSON G. P.Thirteen Years among the Wild Beasts of India. London,1893. c) HUNTER W. The Indian Empire. London, Trubner, 1886.",2344,47.3,False,positional,,SCUOLADIBARTOLO DIFREDI,,,Sec. XIX
BO0624_4389,86430,503,502,"a) PENFIELD COURTLAND Fr. Present-DAy Egypt. London, 1899. b)HART Robert.These from the Land of Sinim &gt;.London, 1901. - c) STANLEY PENRHYN Arth. Sinai and Palestine. London, 1871.",2348,47.5,False,positional,,SCUOLADIBARTOLO DIFREDI,,,Sec. XIX
BO0624_4389,86431,504,503,"a) KIPLING RUDYARD. Out of India. New York, 1895. b) THOMPSON H. C. China and the Powers. London, 1go2. - c) STEVENSON Prob. L. David Balfour. New York, 1893.",2354,49.7,False,positional,,SCUOLADIBARTOLO DIFREDI,,,Sec. XIX
BO0624_4389,86432,505,504,"WHO'S WHO in America. Chicago, John W. Leonard, 1906-1907.",2356,91.4,False,positional,,SCUOLADIBARTOLO DIFREDI,,,Sec. XX
BO0624_4389,86433,506,505,"a) MCCLELLAN G. The Oligarchy of Venise. Boston, 1904. b) GUISDNER J.England. London,s.d. - c) MASSON G.France. London, s. d.",2358,60.1,False,positional,,SCUOLADIBARTOLO DIFREDI,,,Sec. XX
BO0624_4389,86434,507,506,"a) CARLYLE Thomas. Reminiscences edited by J. Ant. Fronde. London, 1881,2 voll. b) MULLER MAX F.Introduction of the Science of Religion. London,1873. - c) DAR WIN Charles. The Descente of Man and Selection in relation to sex. London,1871,voll. 2.",2362,55.5,False,positional,,SCUOLADIBARTOLO DIFREDI,,,Sec. XIX
BO0624_4389,86435,508,507,"a) NORTON Eliot Ch. Historical Studies.. Venice, Siena, Florence.New York,188o. - b) RUSKIN John. The Stones of Venice. Third ed. revised. London, 1884, voll.2.",2366,65.7,False,positional,,SCUOLADIBARTOLO DIFREDI,,,Sec. XIX
BO0624_4389,86436,509,508,"a) FLAMMARION Camille. The Atmosphere. New York, Harper, 1873. b) TYNDALL John. Fragments of Science. London,1872. - c)——Six lectures on Light.London,1873.",2367,56.0,False,positional,,SCUOLADIBARTOLO DIFREDI,,,Sec. XIX
BO0624_4389,86437,510,509,"a) ARMIES A. George. Ups and Downs, of an Army Officer. Washington,1900. - b) DA VIS HARDING R. With both Armies in South Africa. New York,1900. - c) MURPHY I. I. Life of col. Daniel E. Hungerford. Hartford,1891.",2370,50.6,False,positional,,SCUOLADIBARTOLO DIFREDI,,,Sec. XX
BO0624_4389,86438,511,510,"a) KIPLING RUDYARD. Traffics and Discoveries. N. York, 1904. b) ATHENIAN LETTERS... of on agent of the King of Persia. Basil,1800; voll.3 - c) PHILLIPS March. With Remington. London,1902.",2373,47.6,False,positional,,SCUOLADIBARTOLO DIFREDI,,,Sec. XX
BO0624_4389,86439,512,511,"LYDEKKER R. The Great et Small Game of Europe... London,1901.",2378,88.9,False,positional,,SCUOLADIBARTOLO DIFREDI,,,Sec. XX
BO0624_4389,86440,513,512,"ROOSEVELT Theodore. Big Game Hunting in the Rokies and on the great Plains. New York, 1899. (Con ritr. dell'Autore).",2381,69.9,False,positional,,SCUOLADIBARTOLO DIFREDI,,,Sec. XIX
BO0624_4389,86441,514,513,"GUIDE to the great Siberian Railway... Mit 2 phototypes, 360 grav., 3 maps, and 3 plans. St Petersburg, 1900.",2382,67.1,False,positional,,SCUOLADIBARTOLO DIFREDI,,,Sec. XX
BO0624_4389,86442,515,514,"a) TENNANT Robert. Sardinia and its resources. Rome, 1885. c)VOYAGE fait dans lesannees 1816 et 1817 de New-York a la Nouvelle-Orleans. Paris, 1818, voll.3: Proven. dalla Bibl. Borghese. d) GREEN J. R. A Short History of the English People. London,1876.",2386,65.5,False,positional,,SCUOLADIBARTOLO DIFREDI,,,Sec. XIX
BO0624_4389,86443,516,515,"a) COLQUHOUN Archibald. The Mastery of the Pacific. London,1902. b)BAKER W. Samuel. Wild Beasts and their Ways.London, Macmillan,18go,voll.2. - c) TYREE Cabell M. Housekeeping in old Virginia. Louisville, 1890.",2389,46.3,False,positional,,SCUOLADIBARTOLO DIFREDI,,,Sec. XX
BO0624_4389,86444,517,516,"a) CHOLMONDELEY-PENNELL. Fishing. London, 1888. b) GIOVIO Paolo.De'pesci romani. Venetia, Gualtieri, 1560. c) LAMBORN R. Dragon Filies Us. Mosquitoes. New York, 1890.",2395,52.2,False,positional,,SCUOLADIBARTOLO DIFREDI,,,Sec. XIX
BO0624_4389,86445,518,517,"a) BOITARD. Le Jardin des Plantes, description et mceurs des Mammiferes. Paris, Dubochet,1842. b) MIVART G. Types of Animal Life. London,1893.",2397,76.2,False,positional,,SCUOLADIBARTOLO DIFREDI,,,Sec. XIX
BO0624_4389,86446,519,518,"a) GRINDON Leopold. Life its Nature, varieties and phenomena. Philadelphia, 1872. b)—Sex in Nature. Boston,1869. c) NIAGARA (The) Falls electrical Handbook. Niagara Falls, 1904. d)LATHROP G.P.A Study of Hawthorne. Boston,1876. - e) THE UNSEEN UNIVERSE. New York, 1875.",2399,46.3,False,positional,,SCUOLADIBARTOLO DIFREDI,,,Sec. XIX
BO0624_4389,86447,520,519,"a) FORBES Archib. My Experiences of the War between France and Germany. London,1871,voll.2. b) DIARY of the besegied Resident in Paris. London, 1871. - c) HIMSELF.Memoirs of General William T. Sherman. New York, 1875,voll.2.",2407,48.6,False,positional,,SCUOLADIBARTOLO DIFREDI,,,Sec. XIX
BO0624_4389,86448,521,520,"a) ROWLAND WARD F. Z. Record of Big Game. London, 1899. b) COURTENEY SELOUS Fred. A Hunter's Wanderings in Africa. London,1895. c) AMERICAN Big-Game Hunting. New York, 1893.",2409,59.3,False,positional,,SCUOLADIBARTOLO DIFREDI,,,Sec. XIX
BO0624_4389,86449,522,521,"a) BUXTON NORTH Ed. Short Stalk. With numerous illustrations. London, 1893. 1894, voll. 2. b) HUTCHINSON H. N. Extinct Monsters. London, 1893. c) PHILLIPS-WOLLEY C. Big Game Shooting. London, 1894, voll. 2.",2411,53.7,False,positional,,SCUOLADIBARTOLO DIFREDI,,,Sec. XIX
BO0624_4389,86450,523,522,"a) BRYCE James. The American Commonwealth. New York, 1895, 2 voll. b) HISTORY of 122d. Regiment Penn'a Volunteers. Lancaster, 1885. (Con ritr. di A.LINCOLN). c) SMITH Goldwin. The Un.Stat. an outline of political history (1492-1871). New York, 1893.",2416,52.8,False,positional,,SCUOLADIBARTOLO DIFREDI,,,Sec. XVI
BO0624_4389,86451,524,523,"MOTTLEY LOTHROP John. History of the United Netherlands. London,1868.",2419,97.1,False,positional,,SCUOLADIBARTOLO DIFREDI,,,Sec. XIX
BO0624_4389,86452,525,524,"a) PENSILVANIA AT GETTYSBURG. Ceremonies at the Dedication of the Monuments. Harrisburg, 1893, voll. 2. b) RUTHERFORD Mark. The Revol.in Tanner's Lane.London,1887. - c) ADAMS BROOKS. America's Economic Supremacy. New York, 1900.",2423,42.5,False,positional,,SCUOLADIBARTOLO DIFREDI,,,Sec. XIX
BO0624_4389,86453,526,525,"a) DOOLEY Mr. Opinions. London, Heinemann, 1902. b) Mr. DOOLEY in Peace and in War. Boston, 1899. 25. Dooley).  c) Mr. DOOLEY Philosophy. London, 1900. (Con ritratto del Dooley). - d) DUNNE F. P. Mr. Dooley in the Hearts of His Countrymen. London,1900. - e) FROTHINGHAM E.L. Ontology. Boston,1864. - f) KIDD B. Social Evolution. New York, 1895.",2428,35.5,False,positional,,SCUOLADIBARTOLO DIFREDI,,,Sec. XX
BO0624_4389,86454,527,526,"a) ROOSEVELT Theodore. St. Clair and Wayne-Louisiana and Aaron Burr. New York, 19o5, voll. 2. b) THE TRUE HISTORY of Josua Davidson. Strahan, 1873. - c) ADAMS Ch. Fr. Richard Henry Diana. Boston, 1891, voll. 2.",2431,60.6,False,positional,,SCUOLADIBARTOLO DIFREDI,,,Sec. XIX
BO0624_4389,86455,528,527,"DEZOBRY Ch. Rome au siecle d'Auguste. Paris, 1875, voll. 4.",2434,94.5,False,positional,,SCUOLADIBARTOLO DIFREDI,,,Sec. XIX
BO0624_4389,86456,529,528,"a) BIORNER Ericus Julius. De orthographia Linguae Svio Gothicae tam Runica quam vulgari. Stockholmae, L. Salvius, 1742. Vi e unito:  - b)—— De Geographia Scandinaviae veteri et historis gothicis. Ibid,1726. c) SMITH A. STROTHER. The Tiber and its tributaries. Geneva,1871.",2435,59.1,False,positional,,SCUOLADIBARTOLO DIFREDI,,,Sec. XVIII
BO0624_4389,86457,530,529,"LAURI Jacopo. Antiquae Urbis splendor, hoc est praecipue eiusdem Templa,Amphitheatra.. Mausolea,aliaque sumptuosiora Aedificia.. Romae,1612,in-4°obl.,con 138 tavole in rame.",2443,98.5,False,positional,,SCUOLADIBARTOLO DIFREDI,,,Sec. XVII
BO0624_4389,86458,531,530,"LUCHINI Fr. M. Atti sinceri de' primi Martiri della Chiesa. Roma,1777-79, voll.4.",2444,97.4,False,positional,,SCUOLADIBARTOLO DIFREDI,,,Sec. XVIII
BO0624_4389,86459,532,531,"LITURGIA (La) Gallicana ne' primi otto secoli della Chiesa. Roma,1867,voll.2.",2445,97.3,False,positional,,SCUOLADIBARTOLO DIFREDI,,,Sec. XIX
BO0624_4389,86460,533,532,"MONTALEMBERT (Conte di). I Monaci d'occidente. Trad. di Aless. Carraresi. Firenze, 1864-71,voll.10.",2446,66.7,False,positional,,SCUOLADIBARTOLO DIFREDI,,,Sec. XIX
BO0624_4389,86461,534,533,"α) [ANDREA (Fra) d'Altagene]. Pubblica confessione d’un prigioniero dell'Inquisizione romana. Torino, 1865. - b) CICCHITTI-SURIANI Filippo.La religione nella Scienza e la tirannide della coscienza, con pref. di G. B. SAvARESE. Roma, 1885. (Due esemplari).",2449,73.0,False,positional,,SCUOLADIBARTOLO DIFREDI,,,Sec. XIX
BO0624_4389,86462,535,534,"a) POMPONIO LETO. Otto mesi a Roma durante il Concilio Vaticano.Firenze,1873. b) VILLARI Pasquale.La storia di Girolamo Savonarola e de'suoi tempi.Firenze,1882. - c) CAMPBELL Arabella Georgina. La vita di fra Paolo Sarpi. Firenze,1875.",2452,52.0,False,positional,,SCUOLADIBARTOLO DIFREDI,,,Sec. XIX
BO0624_4389,86463,536,535,"a) RECUEIL de piece... pour servir d'eclaircissement a l'Affaire concernant le Cardinal, Prince DE RoHAN, etc., etc. Strasbourg et Paris, 1786,voll.3. b) CONSTITUTION du pape Clement XI qui condanne le N. Testament du pere Quesnel. Amsterdam,1714. c) CLEMENS XIV, Pp. Epp. et Brevia. Florentiae, 1854. d) THEINER Ag. Storia del Pontef. Clemente XIV.Firenze, 1854.",2456,40.2,False,positional,,SCUOLADIBARTOLO DIFREDI,,,Sec. XVIII
BO0624_4389,86464,537,536,"OPUSCOLI dellarciv. P. R. KENRICK e di GLADSTONE sul1'Infallibilita Pontificia, il Vaticanismo, ecc. Voll. 2 leg.",2462,95.8,False,positional,,SCUOLADIBARTOLO DIFREDI,,,
BO0624_4389,86465,538,537,"a) ACTA Scitu dignissima docte | que concinnata Constantiensis | concili celebratissimi. | (In fine): Haganow per HENRICUM GRAU..(15oo), in-8°, car. got. Esempl. ben conservato, in perg. b)MIRABILIA VRBIS ROMAE. An english version of the Medieval Guide-Book... by NICHOLs MoRGAN FR.London, 1889.",2463,70.3,False,positional,,SCUOLADIBARTOLO DIFREDI,,,Sec. XIX
BO0624_4389,86466,539,538,"a) POLLINI Girol. Storia ecclesiastica della Rivoluz. d'Inghilterra. Fiorenza,Giunti,1591. ZACCARIA Fr.Ant. Dell'Anno Santo... Roma, 1824, voll. 2. 13. c) POTTER (De). Vie de Scipion de Ricci, éveque de Pistoie. Bruxelles, 1826, voll. 3.",2466,40.4,False,positional,,SCUOLADIBARTOLO DIFREDI,,,Sec. XVI
BO0624_4389,86467,540,539,"a) CURCI C. M. I1 Vaticano Regio. Firenze, 1883. b)MINGHETTI Marco.Stato e Chiesa.Milano,1878,1e 2aediz. - c) SAVARESE G. Battista. La Chiesa e la democrazia. Roma, 1882. - d) LA QUESTIONE religiosa-sociale-politica. Ginevra,1901. - e) NICCOLA da S. Giovanni. L'infallibilita pontificia e il signor Gladston. Roma, 1875.",2476,32.6,False,positional,,SCUOLADIBARTOLO DIFREDI,,,Sec. XIX
BO0624_4389,86468,541,540,"a) SANGUINETI Seb., d. C. d. G. Iuris ecclesiastici institutiones. Romae,1901. b) CECCONI Eug. Storia del Concilio Ecumenico Vaticano. P.I.Roma,1873. c) REGULAE Soc.Jesu. Avenione,1827. CONSTITUTIONES Soc. Jesu. Avenione, 1827. ACTA et Decreta Sacr. Oecumenici Concili Vaticani. Romae, 1872;2 esemplari. f) LIGUORI (De) Sant'Alfonso. Istruzioni e pratica pei con fessori. Ancona, 1842, voll.3.",2484,36.7,False,positional,,SCUOLADIBARTOLO DIFREDI,,,Sec. XX
BO0624_4389,86469,542,541,"a) SWEDENBORG Em. La Sapienza angelica sulla Provvidenza.Trad. dal lat. da LoR. ScocIA. Torino, 1874. - b) RENAN Ern. Gli Apostoli. Trad. di E. ToRELLI VIoLLIER. Milano,1866. - c) PULLER F. W. The primitive Saints and the see of Rome. London,1893. - d) CRONOLOGIA pontificale che contiene le vere effigie di tutti i Pontefici. Siena, Florimi, 1614.",2485,44.9,False,positional,,SCUOLADIBARTOLO DIFREDI,,,Sec. XIX
BO0624_4389,86470,543,542,SAVONAROLA Jer. Proemio di frate Hieronymo da Ferrara nell'expositione del psalmo LXXVIIII.Trad. in lingua fio- rentina.Firenze.(1496). Proven. dalla Biblioteca Borghese.,2491,98.5,False,positional,,SCUOLADIBARTOLO DIFREDI,,,Sec. XV
BO0624_4389,86471,544,543,"a) LES PREMIERS Anachoretes. Bellopera artistica composta di 92 incisioni in rame di SADELER e MARIETTE. Paris, Daumont, in-4°obl. b) SADELER Joannes et Raphael. Sylvae sacrae. Monumenta Anachoretarum. Monachii, 1594, in-4° obl., tavv. 3o. Pregiatissima opera d'incisione in rame eseguita dai Sadeler.",2493,71.2,False,positional,,SCUOLADIBARTOLO DIFREDI,,,Sec. XVI
BO0624_4389,86472,545,544,"[EMILIAN (D') G.]. Histoire des tromperies des Prestres et des Moines. Rotterdam, 1697, voll. 2.",2494,97.7,False,positional,,SCUOLADIBARTOLO DIFREDI,,,Sec. XVII
BO0624_4389,86473,546,545,"a) XENOPHON. Della Vita di Cyro re de' Persi, tradotto in lingua toscana da PoGGIo Fiorentino. In Tusculano, per Alexandro de Paganini, 1527. Vi e unito:  - b) CURTIUS (Q.) RUFUS. Quinto Curtio da P. Candido di Catinoni volgare tradotto et novamente corretto. Vineggia, 2. per Vettor. q. Pietro Rauano, 1531.  Legat. coeva in pelle scura con fregi, impresa, e taglio dorati.",2501,46.0,False,positional,,SCUOLADIBARTOLO DIFREDI,,,Sec. XVI
BO0624_4389,86474,547,546,"a) STATUTI della ven. Archiconfr. della santiss. Madonna della Consolatione. Roma, 1644. Vi e unito: REGOLE per il buon governo dell'Archiospedale della Sant. Consolatione di Roma. Ivi, 1686.  Legatura del tempo con fregi, stemma e taglio dorati.  - b) CAPRARA G.Seneca, della Clemenza.Lione, 1664. Elegante legat. in pelle rossa con piccoli fregi e taglio dorati. c) ROSSI L. A. Elia rivelante. Sestine. Napoli, 1653. Legat. artistica a piccoli ferri, taglio dor., con impressovi in oro su ambedue le guardie lo stemma del card. Ascanio Filamarino, Arciv. di Napoli.",2517,35.3,False,positional,,SCUOLADIBARTOLO DIFREDI,,,Sec. XVII
BO0624_4389,86475,548,547,"a) SMITHUS Th. De republica Anglorum. Lugd. Batav., ex off. Elzeviriana, 1625. Legat. a piccoli ferri. - b) BURCHIUS vander Lamb. Sabaudiae Respublica et historia.Lugd. Batav.,ex off. Elzeviriana,1634.Legat.a piccoli ferri. - c) BELLARMINUS Rob. Card. De Ascensione mentis in Deum.Col.Agrippinae,1626. Elegantissima legat. del tempo, a piccoli ferri e taglio dorato.",2521,49.8,False,positional,,SCUOLADIBARTOLO DIFREDI,,,Sec. XVII
BO0624_4389,86476,549,548,"ROSSETTI G. Battista. Dello Scalco. Nel quale si contengono le qualita d'uno scalco perfetto... Ferrara, Mammarello, 1584, in-4° p.,leg. coeva in perg.",2526,85.6,False,positional,,SCUOLADIBARTOLO DIFREDI,,,Sec. XVI
BO0624_4389,86477,550,549,"a) LYDIUS Jacob. De re Militari et de Juramento. Dordraci, 1698.  Proven. dalla Bibl. Borghese.  - b) LANTERI G. Del modo di fare le fortificationi. Vinegia, Marcolini, 1558;legatura coeva in pergam.  Proven. dalla Bibl. Borghese.  - c) GOLDMANNUS N. Architecturae militaris libri IV.Lugd. Batavorum, ex off. Elzeviriana, 1643; legat. coeva in perg. (Proven. dalla Bibl. Borghese).",2533,55.6,False,positional,,SCUOLADIBARTOLO DIFREDI,,,Sec. XVII
BO0624_4389,86478,551,550,"MAGGI Girol. Della Fortificatione delle citta. Venetia, C. Borgominiero, 1584. Legat. coeva in pergamena. Proven. dalla Bibl. Borghese.",2534,97.6,False,positional,,SCUOLADIBARTOLO DIFREDI,,,Sec. XVI
BO0624_4389,86479,552,551,"GROOTE (De) Aless. Neovallia. Dialogo... Nel quale con nuova forma di fortificare Piazze s'esclude il modo di fare fortezze alla Regale.. Monaco, 1617, in-fol. Legat. coeva in pergam. con fregi e taglio dor. Proven. dalla Bibl. Borghese.",2535,92.5,False,positional,,SCUOLADIBARTOLO DIFREDI,,,Sec. XVII
BO0624_4389,86480,553,552,"a) LORINI Buonaiuto. Delle Fortificationi.. libri cinque. Venetia, Rampazzetto, 1597, in-fol. Proven. dalla Bibl. Borghese. a) PURLILIARUM Jacob. De re militari. Venetis, 1530. Proven. dalla Bibl. Borghese. Antuerpiae, Plantin,1596.",2547,52.8,False,positional,,SCUOLADIBARTOLO DIFREDI,,,Sec. XVI
BO0624_4389,86481,554,553,"a) PURLILIARUM Jacob. De re militari. Venetis, 1530. Proven. dalla Bibl. Borghese. - b) LIPS Joest. Poliorceticon, sive de Machinis, tormentis.. Antuerpiae, Plantin, 1596.  Prov. dalla Bibl. Borghese.  - c) MAFFEI Scipione. Della Scienza chiamata Cavalleresca. Roma, Gonzaga,1710. Proven. dalla Bibl. Borghese.",2553,40.9,False,positional,,SCUOLADIBARTOLO DIFREDI,,,Sec. XVI
BO0624_4389,86482,555,554,"EISENBERG (D') Baron. L'art de monter a cheval, ou description du manege moderne., grave par B. PicART. La Haye, 3. 1733. in-4°obl.",2555,95.0,False,positional,,SCUOLADIBARTOLO DIFREDI,,,Sec. XVIII
BO0624_4389,86483,556,555,"SYSTEM (A general) of Horsemanship in all it's Branches... 5. London, J. Brindley, 1743, voll. 2 in-fol.",2556,96.8,False,positional,,SCUOLADIBARTOLO DIFREDI,,,Sec. XVIII
BO0624_4389,86484,557,556,"a) LIBERATI Fr. La perfettione del Cavallo. Roma, 1669; leg. coeva in pergam. - b) GRISONE Feder:Ordini di cavalcare et modi di conoscere le nature de'cavalli..Venetia, 1584. Provenienti dalla Bibl. Borghese.",2559,77.5,False,positional,,SCUOLADIBARTOLO DIFREDI,,,Sec. XVII
BO0624_4389,86485,558,557,"BONANNI Filippo, d. C. d. G. Numismata summorum Pontificum templi Vaticani fabricam indicantia. Romae, Caesarettus, 1696, in-fol.",2560,72.0,False,positional,,SCUOLADIBARTOLO DIFREDI,,,Sec. XVII
BO0624_4389,86486,559,558,"LELLO Luigi. Descriz. del Real Tempio e Monastero di Santa Maria Nuova di Monreale...ristampata d'ordine,etc.Palermo, Agost. Epiro, 17o2, in-fol. p.; legat. coeva in pelle scura. Proven. dalla Bibl. Borghese.",2561,97.9,False,positional,,SCUOLADIBARTOLO DIFREDI,,,
BO0624_4389,86487,560,559,"VITALIS Salvator. Annales Sardiniae. Florentiae, typ. Sermartelliana,1639. Proven. dalla Bibl. Borghese.",2563,80.5,False,positional,,SCUOLADIBARTOLO DIFREDI,,,Sec. XVII
BO0624_4389,86488,561,560,"a) IL MILIONE di Marco Polo. Testo di lingua, illustrato da G.B.BALDELLI BoNI. Firenze, Pagani, 1827, 2voll. di testo e uno di tavole. b) BALDELLI BONI G. B. Storia delle relazioni vicendevoli dell' Europa e dell'Asia. Firenze, Pagani, voll. 2 in-4 gr. Provenienti dalla Bibl. Borghese.",2567,63.1,False,positional,,SCUOLADIBARTOLO DIFREDI,,,Sec. XIX
BO0624_4389,86489,562,561,"a) CIACCONIUS Alphonsus. Vitae et res gestae Pontif. Rom. et S. R. E. Cardinalium... ab Augustino OLDoINo Soc. Jesu recognitae et ad quatuor tomos... productae... Romae, De Rubeis, 1677, voll. 4 in-fol. b) GUARNACCIUS Marius. Vitae et res gestae Pontif. Rom. et S. R. E. Cardinalium. quibus perducitur ad nostra haec tempora Historia eorumdem ab Alph. CIACCONIo descripta. Romae, Bernabo, 1751, voll. 2 in-fol.",2570,64.6,False,positional,,SCUOLADIBARTOLO DIFREDI,,,Sec. XVII
BO0624_4389,86490,563,562,"a) CEREMONIES et Coutumes Religieuses des Peuples idolatres, representees par des figures dessinees de la main de Bernard PicARD. Avec une explication historique... Amsterdam, J. F.Bernard, 1723-37,voll. 7 in-fol.  Legat. artistica in cuoio marmorizzato, con fregi dorati. b) SUPERSTITIONS Anciennes et Modernes: Prejuges vulgaires.. Avec des Figures qui representent ces pratiques. Amsterdam, J. Fred. Bernard, 1733, 2 tom. in un vol. in-fol. legat. in cuoio marmorizzato con fregi dorati. Edizioni assai ricercate.",2579,50.9,False,positional,,SCUOLADIBARTOLO DIFREDI,,,Sec. XVIII
BO0624_4389,86491,564,563,"MERCURIO geografico, overo guida geogr. in tutte le parti del Mondo, conforme le tavole geogr. di S. BAUDRAND e CANTELLI, Roma, s. d.,2 vol. in-fol. mass.,leg.in cuoio con fregi e lo stemma del card. Camillo Borghese, impressivi in oro",2580,97.5,False,positional,,SCUOLADIBARTOLO DIFREDI,,,
BO0624_4389,86492,565,564,"WIT (De) Frederick. Atlas. Amstelodami, ex off. Fr. De Wit, s. a., in-fol. mass. tavv. 151 colorate. Legatura in cuoio con cordoni e fregi dor. Proven. dalla Bibl. Borghese.",2583,65.5,False,positional,,SCUOLADIBARTOLO DIFREDI,,,
BO0624_4389,86493,566,565,"BLAEV Guillaume et Jean. Le theatre du Monde... contenant les Chartes et Descriptions de tous les Pais de la terre. Amsterdami, ap. Joh. Guil. F. Blaeu, 1646-47, voll. 4 in-fol. mass., tavv. colorate. Legatura artistica del tempo, in pergam. con fregi e taglio dor.",2587,95.1,False,positional,,SCUOLADIBARTOLO DIFREDI,,,Sec. XVII
BO0624_4389,86494,567,566,"TOSI Francesco. Raccolta di Monumenti sacri e sepolcrali scolpiti in Roma nei secoli XV e XVI, misurati e disegnati. Roma,1856, tomi 5 in-fol. leg.in un vol.",2590,77.4,False,positional,,SCUOLADIBARTOLO DIFREDI,,,Sec. XIX
BO0624_4389,86495,568,567,"LETAROUILLY Paul. Edifices de Rome Moderne, ou recueil des Palais,Maisons, Eglises,Couvents, etc. Paris, Morel et C., 1868, 3 voll. gr. in-fol. contenenti 355 piante incise, e 3 tomi di testo leg. in un volume. Opera ricercatissima, pubblicata al prezzo di 43o fr.  Proven. dalla Bibl. Borghese.",2592,82.6,False,positional,,SCUOLADIBARTOLO DIFREDI,,,Sec. XIX
BO0624_4389,86496,569,568,"VISCONTI P.E. Antichi monumenti sepolcrali scoperti nel ducato di Ceri. Roma, 1836,in-fol.,con piante in rame. Invio autografo dell'autore al Principe Borghese.",2596,79.8,False,positional,,SCUOLADIBARTOLO DIFREDI,,,Sec. XIX
BO0624_4389,86497,570,569,"PITTURE (Le) di Masaccio esistenti in Roma nella Basilica di S. Clemente. Roma, 1809, in-fol., con tavv. in rame, leg. in mezza pelle.",2598,98.4,False,positional,,SCUOLADIBARTOLO DIFREDI,,,Sec. XIX
BO0624_4389,86498,571,570,"VECCHIETTI Hier. De anno primitivo ab exordio mundi ad annum Julianum accomodato.. Aug. Vindelicorum, typ Andr. Aperger, 162 , in-fol. gr. Legat. artistica in marocchino rosso, con fregi e stemma del Principe Borghese, impressivi in oro. Opera assai rara e ricercata.",2599,99.2,False,positional,,SCUOLADIBARTOLO DIFREDI,,,
BO0624_4389,86499,572,571,"FONTANA Giacomo. Raccolta delle migliori Chiese di Roma e suburbane esposte con tavole disegnate ed incise. Roma, 1855,tomi 4 in-fol.,legati in 2 volumi. Opera assai rara e ricercata.",2600,98.9,False,positional,,SCUOLADIBARTOLO DIFREDI,,,Sec. XIX
BO0624_4389,86500,573,572,"DARTEIN (De) F. Etude sur l'Architecture Lombarde et sur les origines de l'Architecture romano-bysantine. Paris, Dunod, 1865, in-fol., 59 gr. tavv. delle quali mancano le 11,18 e 56.",2601,98.8,False,positional,,SCUOLADIBARTOLO DIFREDI,,,Sec. XIX
BO0624_4389,86501,574,573,"SCHULZ Heinrich W. Denkmaeler der Kunst des Mittelalters in Unteritalien. Dresden,1860, 3 voll. di testo e un grande Atlante di 100 tavole in-fol. mass., delle quali mancano i n.20-22,41,48,57, 65 e 81.",2602,72.5,False,positional,,SCUOLADIBARTOLO DIFREDI,,,Sec. XIX
BO0624_4389,86502,575,574,"WILSEN F. G. et BRUMUND F. G. Boro-Boudour dans l'ile de Java.. publie d'apres les ordres de S. E. le Ministre des Colonies par le Dr C. LEEMANs. Leide, E. J. Brill, s. d., 8voll. in-fol. mass. composti di 393 tavole. Opera assai rara.",2605,86.5,False,positional,,SCUOLADIBARTOLO DIFREDI,,,
BO0624_4389,86503,576,575,"ROSSI (De) Giancarlo. Commenti sopra suppellettili sacre di argento ed oro. 2 ed. Roma, 1890, voll. 2 (testo e tavole) 3 copie",2606,96.7,False,positional,,SCUOLADIBARTOLO DIFREDI,,,Sec. XIX
BO0624_4389,86504,577,576,"NOTRE-DAME de Lourdes. Ricco Album di 16 grandi fotografie della Basilica e del Santuario di Lourdes, dedicato al card. Bartolini. Suntuosa legat. in marocchino rosso con fregi e taglio dor.",2607,95.3,False,positional,,SCUOLADIBARTOLO DIFREDI,,,
BO0624_4389,86505,578,577,"STEVENSON R. A. M. The Devils of Notre Dame.A Series of eighteen Ilustrations by J. PENNELL. London, 1894, in-fol. gr. su carta giapponese. Conservato in apposita cartella.",2609,98.5,False,positional,,SCUOLADIBARTOLO DIFREDI,,,Sec. XIX
BO0624_4389,86506,579,578,"ROSINI Giovanni. Storia della pittura italiana, esposta coi Monumenti. Pisa, Capurro, 1839-47, tomi 7 in 21 voll. di testo, e 54 disp. dei Monumenti. Proven. dalla Bibl. Borghese.",2610,78.1,False,positional,,SCUOLADIBARTOLO DIFREDI,,,Sec. XIX
BO0624_4389,86507,580,579,"VINCI (Da) Leonardo. Trattato della pittura.. con la vita dell'istesso autore scritta da Rafaele Du FREsNE. Bologna, 1786, in-fol.",2615,92.8,False,positional,,SCUOLADIBARTOLO DIFREDI,,,Sec. XVIII
BO0624_4389,86508,581,580,"CAVALLUCCI J. et MOLINIER Emile. Les Della Robbia, leur vie et leur ceuvre d'apres des docum. inedits. Paris, 1884, in-4° gr.",2617,94.5,False,positional,,SCUOLADIBARTOLO DIFREDI,,,Sec. XIX
BO0624_4389,86509,582,581,"JAENNICKE Fried. Grundriss der Keramik.. Mit 46o Illustrationen und 2645 Marken und Monogrammen. Stuttgart, P. Neff, 1879, leg. in tela e taglio dor.",2618,97.9,False,positional,,SCUOLADIBARTOLO DIFREDI,,,Sec. XIX
BO0624_4389,86510,583,582,"CHAFFERS W. The Ceramic Gallery. with historical notices and descriptions. London, Chapman, 1872, voll. 2 1eg. in marocchino rosso.",2619,97.6,False,positional,,SCUOLADIBARTOLO DIFREDI,,,Sec. XIX
BO0624_4389,86511,584,583,"a) —Marks and Monograms on Pottery and Porcelain. London,1874. b) Id. of the Renaissance and Modern Periods. London, 1874. b) Id. of the Renaissance and Modern Periods.London, 1874.",2620,50.4,False,positional,,SCUOLADIBARTOLO DIFREDI,,,Sec. XIX
BO0624_4389,86512,585,12,,2621,0.0,False,positional,,SCUOLADIBARTOLO DIFREDI,,,
BO0624_4389,86513,586,584,"a) LACROIX Paul. Les Arts au Moyen Age et a l'epoque b)Vie militaire et religieuse au Moyen Age et a l'epoque de la Renaissance. Paris, Didot, 1869. b) Vie militaire et religieuse au Moyen Age et a l'epoque de la Renaissance. Paris, Didot,1869.",2625,37.2,False,positional,,SCUOLADIBARTOLO DIFREDI,,,Sec. XIX
BO0624_4389,86514,587,585,"SCHLUMBERGER G. L'Epopee Byzantine a la fin du dixieme siecle. Paris, Hachette, 1896-1900, voll.2.",2627,67.1,False,positional,,SCUOLADIBARTOLO DIFREDI,,,Sec. XIX
BO0624_4389,86515,588,586,"a) STREET G. Ed. Brick and Marble in the middle ages: Notes of Tours in the North of Italy. London, 1874. b) STENDHAL (De). The Chartrcuse of Parma... translatde from the French... with a Critical Introduction by M.HEWLETT. London, 1901.",2630,63.9,False,positional,,SCUOLADIBARTOLO DIFREDI,,,Sec. XIX
BO0624_4389,86516,589,587,"a) KUGLER. Handbook of Painting. The Italian Schools. London, 1887, voll.2. b) JAMESON Mrs. Sacred and Legendary Art. London, 1874.",2634,59.2,False,positional,,SCUOLADIBARTOLO DIFREDI,,,Sec. XIX
BO0624_4389,86517,590,588,"a) MORELLI Giovanni (Ivan Lermolieff). Italian Painters. The Borghese and Doria-Pamfili Galleries in Rome. London, 1892. b)—Italian Masters in German Galleries. Munich, Dresden, Berlin. London, 1883.",2635,74.7,False,positional,,SCUOLADIBARTOLO DIFREDI,,,Sec. XIX
BO0624_4389,86518,591,589,"a) LAFENESTRE G.La peinture en Europe. Belgique et Hollande. Ouvrage orne de reproductions photographiques. Paris, s.d. b) HUBBARD Elbert. Little Journeys to the homes of emi nent Artists. Leonardo, Raphael, Thorwaldsen, Bellini, Corot, Correggio, Cellini, Abbey, Gainsborough, Velasquez. New York, 1902, fasc. 10.",2640,74.9,False,positional,,SCUOLADIBARTOLO DIFREDI,,,Sec. XX
BO0624_4389,86519,592,590,"a) BURNE-JONES Georgiana. The beginning of the World: 25 pictures by Ed. BuRNE-JoNEs. London, 1902. b) RUSKIN. Frondes agrestes. Readings in Modern Painters. London,1878. - c) BERENSON Berrah.The Florentine Painters of the Renaissance.New York,1896.",2644,48.2,False,positional,,SCUOLADIBARTOLO DIFREDI,,,Sec. XX
BO0624_4389,86520,593,591,"a) CLAY J. G. The Virgin Mary and the traditions of Painters. London,1873. b)CREVEREUL M. E. The Laws of Contrast of Colour. London,s.d. - c) RIS-PAQUOT. L'art de restaurer les Tableaux. Amiens, 1872. d) CATALOGUE of the Pictures in the National Gallery, London, 1898.",2645,43.0,False,positional,,SCUOLADIBARTOLO DIFREDI,,,Sec. XIX
BO0624_4389,86521,594,592,"ORATIO Dominicalis. Opera egregia di miniatura, eseguita",2651,69.2,False,positional,,SCUOLADIBARTOLO DIFREDI,,,
