catalogue_id,chunk_db_id,chunk_id,num,title,matched_line,match_score,low_confidence,entity_match_method,artist,school,object_type,collection,period
BO0624_50794,386485,1,1,"ANDRE VANNUCCHI DIT ANDRE DEL SARTO 1488-1530, Florence. Sainte Famille.  Un des tableaux les plus remarquables de la collection par la vivacite des couleurs, l'expression des regards, la finesse du dessin et le naturel des poses.  A droite, la Vierge assise, vetue d’un corsage rouge avec manches jaunes, jupe bleue, est assise, la tete penchee et regarde avec tendresse le Divin Enfant, debout, au centre du tableau, tourne vers sa Mere.  A gauche Saint Jean-Baptiste, en habit marron avec parements de velours bleu, col de fourrure, cheveux longs epars est represente de profil, un genou en terre; il a les yeux fixes sur l'Enfant-Jesus.",15,48.6,False,title_direct,ANDRE DEL SARTO,,,,Sec. XVI
BO0624_50794,386486,2,2,"DANIEL CRESPI 1590-1630,Milan. Un Saint en extase. Vetu d'une aube garnie de dentelles que recouvre une pelerine, le Saint est assis, tenant un crucifix sur ses genoux. La tete inclinee, contemple avec extase la vue du Sauveur. La main gauche, posee sur le coeur, semble preter serment de foi et d'amour.",30,90.9,False,title_direct,DANIEL CRESPI,,,,Sec. XVII
BO0624_50794,386487,3,3,"GALEAZZO CAMPI 1477-1536, Cremone. Madone. Au premier plan,l'Enfant Jesus endormi, etendu sur une couverture, la tete posee sur le bras droit,rehaussee d'un coussin de velours.  La Vierge Mere, a genoux, les mains piensement croisees sur la poitrine,la tete penchee, contemple et adore son Divin Enfant. Elle est vetu d'une robe rouge ornee de pierreries et recouverte d'un manteau bleu.  Une balustrade et un coin de ciel bleu forment le fond du tableau.",36,63.3,False,title_direct,GALEAZZO CAMPI,,,,Sec. XVI
BO0624_50794,386488,4,4,"VITTORIO CRIVELLI, 1489, Venise. Saint Francois. Sur fond or, Saint Francois est represente debout, les bras etendus avec stigmates aux mains et aux pieds.  Vetu d'une robe de bure, on apercoit, par une dechirure une plaie a la poitrine.  Peinture sur bois formant cadre.",53,57.1,False,title_direct,VITTORIO CRIVELLI,,OGGETTI IN LEGNO,,Sec. XV
BO0624_50794,386489,5,5,"VITTORIO CRIVELLI 1489, Venise. Saint Sebastien. (Pendant du precedent).  Attache a un poteau, le corps perce de six fleches, les mains liees derriere le dos, la tete retombant sur l'epaule droite.  Dans les yeux du saint martyr, une expression de pro- fonde douleur.  Bois Haut. 122 larg. 53.",69,60.6,False,title_direct,VITTORIO CRIVELLI,,OGGETTI IN LEGNO,,Sec. XV
BO0624_50794,386490,6,6,"AMBROISE LORENZETTI  XIVme siecle, Sienne. Madone.  Sur fond or, entouree d’une nuee d’anges, la Vierge, vue de face, est assise tenant I' Enfant- Jesus.  Elle porte une robe rose recouverte d'un manteau cou- stelle d'or dont les plis entourent le Divin Enfant.  Un des meilleurs tableaux des temps primitifs.  Bois Haut. 68 larg. 61.",82,49.9,False,title_direct,AMBROISE LORENZETTI,,OGGETTI IN LEGNO,,
BO0624_50794,386491,7,7,"PHILIPPE MEMMI 1332,Sienne. Saint Paul et Saint Jean Baptiste. Sur fond or, Saint Jean, vu de profil, est debout, vetu d'une peau de mouton sur laquelle est drape un manteau rose de deux tons, borde dans le bas d'un galon or; les cheveux epars sont recouverts d'un fichu. ll tient dans la main droite, une bande avec l'inscription: "" Voix du desert,; la main gauche indique l' inscription.  Debout, a cote de lui, Saint Paul en tunique bleue ornee dans le bas d'un galon argent et recouverte d'une draperie. La tete est entouree d'une aureole. La main droite soutient une epee; un livre rouge est dans la main gauche.  Bois Haut. 112 larg. 73.",93,67.2,False,title_direct,PHILIPPE MEMMI,,OGGETTI IN LEGNO,,Sec. XIV
BO0624_50794,386492,8,8,"PHILIPPE MEMMI 1332, Sienne. Saint Pierre et Saint Francois d'Assise. Debout, portant une riche tunique rouge terminee par un galon or et recouverte d'un manteau bleu et jaune, Saint Pierre la tete nimbee d'une aureole, le visage encadre d'une barbe, tient une clef de la main droite et dans l'autre main un Evangile.  Saint Francois d'Assise, debout a cote de Saint Pierre est vetu d'une robe de bure et ceint d'une corde. A la poitrine, aux mains et aux pieds des stigmates.  Dans la main droite: un livre de prieres; dans la main gauche un baton surmonte d'une croix.  Ces deux portraits se detachent nettement sur fond or.  Bois Haut. 112 larg. 73.",105,55.6,False,title_direct,PHILIPPE MEMMI,,OGGETTI IN LEGNO,,Sec. XIV
BO0624_50794,386493,9,9,"ANGE ALLORI  DIT  LE BRONZINO 1502-1572, Florence. Portrait de femme. Vue de face, vetue d'un corsage noir, legerement échancre, decouvrant la naissance de la gorge, les cheveux soigneusement lisses en bandeaux et recouverts d'une gaze legere qui se perd dans l'écharpe enroule autour du cou.  Sur bois. Haut. 56 larg. 39.",124,82.8,False,title_direct,ANGE ALLORI,,OGGETTI IN LEGNO,,Sec. XVI
BO0624_50794,386494,10,10,"BERNARD STROZZI 1581-1644,Genes. Sainte Cecile. Assise, les deux mains posees sur l'orgue place devant elle; vetue d'une robe rouge sous une echarpe bleu claire negligemment jetee sur l'épaule.  Un manteau fonce enroule et drape gracieusement les contours de la taille.  Toile Haut. 130 larg. 110.",134,66.4,False,title_direct,BERNARD STROZZI,,,,Sec. XVII
BO0624_50794,386495,11,11,"ECOLE DE NUREMBERG XVllme siecle. Portrait de Ueuve. Vue de face, a mi-corps, vetue d'un corsage en velours broche noir avec parements de broderies, collerette en toile plissee, les cheveux dissimules sous une coiffe bordee autour du visage d''une bande en toile. Une somptueuse chaine en or a laquelle est suspendue un medaillon, enroule le cou et la poitrine de la veuve; une autre chaine dissimule la fermeture du corsage. Les mains, aux doigts fuseles, sont croisees l'une sur l'autre et ornees de bagues avec pierreries. Dans le haut du tableau, a droite, l' inscription suivante :  ETATIS SVE 75  du cote oppose un blason et au-dessous: 1615.  Bois Haut. 85 larg. 66.",145,88.8,False,title_direct,,ECOLE DE NUREMBERG,OGGETTI IN LEGNO,,Sec. XVII
BO0624_50794,386496,12,12,"FRANCOIS MAZZUOLI DIT LE PARMESAN, 1540, Parme.Madone. Peinture sur bois representant la Vierge tenant l' EnfantJésus.  Une echarpe de soie blanche couvre la tete de la Vierge et retombe en plis legers sur l'épaule.  L' Enfant-Jesus, represente debout, en grandeur naturelle, enlace de la main gauche, le cou de sa Mere; de la main droite, il arrache une fleche des mains de S.t Sebastien place a gauche du tableau, la tete levee, le regard ardent fixe sur Jesus.  Remarquable peinture d'une large execution et d'un beau coloris.  Bois Haut.75 larg.55.",166,61.6,False,title_direct,FRANCOIS MAZZUOLI,,OGGETTI IN LEGNO,,Sec. XVI
BO0624_50794,386497,13,13,"D.THEOTOCOPULI  DIT EL GRECO 1548-1625,Espagne. Le Couronnement de la Vierge. Representee debout, vetue d'une robe et d'un manteau dont les pans sont releves de cote par deux anges.  Une draperie en soie blanche, retenue a la poitrine par un medaillon en or, couvre le haut de la tete et les epaules de la Vierge. La tete, inclinee vers la gauche est posee de trois quarts; le regard est modestement baisse pendant que deux anges, places dans le haut du tableau, deposent sur la tete de la Vierge une riche Couronne.  Les bras etendus, en signe de protection, s'étendent audessus de quatre personnages, pieusement agenouilles a ses pieds. De ces quatre fideles deux hommes sont poses a gauche et deux femmes a droite.  Toile Haut. 135 larg. 100.",183,62.1,False,title_direct,D.THEOTOCOPULI,,LAMPADE,,Sec. XVI
BO0624_50794,386498,14,14,"CARLE VAN LOO 1705-1765. L'Enfant Jesus. Dans une partie retiree du Jardin des Oliviers, pres d'un bouquet d'arbres,l'Enfant Jesus, portant une robe rose aux plis flottants, est a genoux sur le gazon. Les yeux leves au ciel implorent ardemment le Pere Celeste. Les bras etendus dans une pose pleine d'abandon, il semble d'avance faire le sacrifice de sa personne et de sa vie.  A gauche du tableau, deux anges portes par un nuage et soutenus par trois cherubins; dans le fond, six autres tetes de cherubins émergent des nuages.  Signe a droite au bas.  Toile Haut. 110 larg. 195.",194,74.0,False,title_direct,CARLE VAN LOO,,OGGETTI VARI,,Sec. XVIII
BO0624_50794,386499,15,15,"JEAN DE VALDES LEAL 1630-1691,Espagne. Saint Francois. Nous represente Saint Francois dans le desert.  Vetu d'une robe de bure dont le capuchon recouvre la tete nimbee d'une aureole, ceint d'une corde dans laquelle est passe un rosaire suspendu au cote droit; le baton de pelerin pose a terre et appuye contre l'epaule gauche, le saint ermite a les mains jointes dans l'attitude du plus grand recueillement, il est agenouille devant un bloc de pierre ou l'on voit une tete de mort et un livre ouvert. Le visage, tourne de face est encadre d'une barbe blanche. Les yeux bleus sont leves et invoquent le ciel. Des anges —— places dans le haut du tableau — lui apparaissent en vision. L'un d'eux, lui montre le mot ""Charitas, dans une aureole.  A gauche, un mouton anime la solitude du desert. Au premier plan, a droite, un panier est pose contre le bloc de pierre.  Toile Haut. 150 larg. 78.",209,83.9,False,title_direct,JEAN DE VALDES LEAL,,,,Sec. XVII
BO0624_50794,386500,16,16,"ANTOINE RAPHAEL MENGS 1728-1779. Saint Francois de Sales. Vetu d'une aube recouverte d'une pelerine rouge. Une croix et une chaine ornent sa poitrine.  Un livre ouvert est pose sur une table,la main gauche est appuyee sur les feuillets du livre; la main droite tient une plume.  Toile Haut. 36 larg. 26.",222,59.3,False,title_direct,ANTOINE RAPHAEL MENGS,,,,Sec. XVIII
BO0624_50794,386501,17,17,"JUSTE SUSTERMANS 1597-1681,Anvers. Portait d'un cardinal de Medicis. Debout, revetu de la robe de cardinal bleue doublee de rouge et recouverte d'une riche aube en dentelles. La main gauche souleve et tient les plis du vetement; la main droite est posee sur le tricorne.  Dans le fond, une lourde draperie bleue, relevee d'un cote, decouvre la coupole de l'eglise Saint Pierre a Rome.  Toile Haut. 44 larg. 30.",232,66.6,False,title_direct,JUSTE SUSTERMANS,,,,Sec. XVII
BO0624_50794,386502,18,18,"JUSTE SUSTERMANS 1597-1681,Anvers. Petit portrait d'un guerrier represente de trois quarts, debout, revetu de son armure; la main gauche est appuyee sur le casque pose sur une table recouverte d'un tapis rouge. De la main droite il tient un baton de marechal.",242,93.5,False,title_direct,JUSTE SUSTERMANS,,,,Sec. XVII
BO0624_50794,386503,19,19,"JUSTE SUSTERMANN 1597-1681,Anvers. Portrait de Marie de Medicis. Assise dans un fauteuil, elle porte une robe noire avec collerette blanche qui entoure le cou et descend en pointe jusqu'au bas de la taille. Une chaine de jais vient s'enrouler plusieurs fois autour du cou et apres avoir forme un noeud sur la poitrine, retombe en pans sur la collerette.  Le front est orne de l'insigne des veuves.  De la main droite elle prend une tulipe dans un vase de fleurs pose sur une table recouverte d'un tapis.  Une fenetre ouverte e— a gauche dans le haut du tableau decouvre le phare du port de Genes.  Toile Haut. 188 larg. 133.",251,63.7,False,title_direct,JUSTE SUSTERMANN,,SCOMPARTI,,Sec. XVII
BO0624_50794,386504,20,20,"MAiTRE FLAMAND  XVllme siecle. Joyeux ebats. Dans une clairiere, six enfants se livrent a de charmants jeux. Un garconnet, vu de dos, a genoux se cache la tete couverte d'un bandeau; d'autres, aux mines éveillees, sautent et rient alentour. De grands arbres, au feuillage varie, places a droite et a gauche du tableau, encadrent les joueurs. L'un deux, essaie en vain de se dissimuler derriere un des arbres.  Au premier plan, vers la droite, une petite piece d'eau met une note claire dans la sombre verdure du gazon.  Un rameau de feuillages jonche le sol.  Dans le fond, on apercoit, par une trouee: une prairie, deux ruisseaux; des collines bornent l' horizon. Bois Haut. 43 larg. 64.",266,69.6,False,title_direct,,MAiTRE FLAMAND,OGGETTI IN LEGNO,,
BO0624_50794,386505,21,21,"JEAN HOREMANS 1682-1759,Anvers. Interieur de Cabaret. Dans une vaste salle, éclairee a gauche par une fenetre ouverte, plusieurs villageois sont reunis et devisent entre eux.  A droite,quatre joyeux comperes fument et jouent autour d'une table. Au centre du tableau, un jeune garcon, les bras leves, execute avec grace un pas de danse.  Deux cages sont suspendues a droite contre le mur.  Par la fenetre, une tete d'enfant se penche curieusement a l' inteToile Haut. 59 larg. 90.",282,50.2,False,title_direct,JEAN HOREMANS,,ARREDAMENTI,,Sec. XVIII
BO0624_50794,386506,22,22,"JACQUES JORDAENS 1593-1678,Anvers. Tete de vieillard. Chauve, penchee sur la poitrine;le visage encadre d'une barbe blanche, les yeux pensifs, plonges dans les profondeurs du passe.  La main droite est appuyee sur le pommeau d'une epee.  Toile Haut. 64 larg. 49.",296,66.0,False,title_direct,JACQUES JORDAENS,,,,Sec. XVII
BO0624_50794,386507,23,23,"GUILLAUME KALF 1693, Amsterdam. Nature morte. Sur une table recouverte d'un tapis vert, un citron entame, enroule dans sa pelure; un couteau est place a cote.  Au milieu de la table: une aiguiere en argent; a cote et renversee, une coupe finement ciselee; a droite, du pain sur un plateau. Dans le fond, une grappe de raisins noirs et une pomme.  A gauche; un coin de tapis souleve decouvrant la table en bois blanc; une noisette et des coquilles.  Bois Haut.29 larg. 38.",309,56.6,False,title_direct,GUILLAUME KALF,,OGGETTI IN LEGNO,,Sec. XVII
BO0624_50794,386508,24,24,"CONSTANTIN NETSCHER 1670-1722,La Haye. Portrait de femme. Une jeune femme blonde, decolletee, est mollement assise sur un coussin de velours rouge pose sur un banc de pierre. Le bras gauche est appuye sur une colonne; la main droite, qui tient quelques fleurs, glisse sur le genou.  Elle est coquettement vetue d'une robe de velours marron, dont la traine occupe dans le bas, la partie gauche du tableau.  Une écharpe en soie bleue enroule la colonne, couvre en partie le bras gauche et retombe en plis legers, jusqu'aux pieds de la jeune femme. De riches dentelles recouvrent les bras jusqu'au coude. Un collier de perles orne le cou.  Dans le fond, un coin de ciel bleu.  Toile Haut. 72 larg. 60.",325,50.0,False,title_direct,CONSTANTIN NETSCHER,,,,Sec. XVII
BO0624_50794,386509,25,25,"GEORGE MORLAND 1764-1804,Angleterre. Le Courrier. Un cheval blanc, tachete de marron est attele a une voiture recouverte d'une bache.  Criniere au vent, lance au galop a travers champs, il casquette, vetu dune blouse bleue, portant une sacoche et un semble bruler l'espace, excite par la course et plus encore par le fouet du jeune garcon qui le conduit. Celui-ci, coiffe d'une poignard en bandouliere, est debout, penche hors de la voiture. De la main gauche, il tient les guides et s'appuie au bord de la bache; la main droite brandit le redoutable fouet. La campagne est doree par les reflets du soleil.  Superbe tableau d'un ton chaud et lumineux.  Toile Haut. 86 larg. 61.",338,82.4,False,title_direct,GEORGE MORLAND,,,,Sec. XVIII
BO0624_50794,386510,26,26,"ECOLE ANGLAISE  XVIllme siecle. Portrait d'homme. Vu a mi-corps, de face, la tete tournee de trois quarts vers la gauche. Somptueusement vetu d'un habit noir sur lequel ressortent un jabot et des mauches de dentelle. Les cheveux noirs retombent en boucles sur les epaules.",349,60.7,False,title_direct,,ECOLE ANGLAISE,,,
BO0624_50794,386511,27,27,"GEORGES ROMNEY 1734-1802, Dalton. Bulles de Savon. Joli petit tableau representant une jeune femme decolletee, s'amusant a faire des bulles de savon.  Vetue d'une jupe rouge et d'un corsage bleu, le cou et les bras ornes de bijoux.  Les bras gauche est accoude sur une table ou l'on voit une assiette et un chalumeau; la main droite est gracieusement relevee,a la poursuite d'une bulle qui voltige dans lair.  Signe sur le rebord de la table.   Toile Haut. 24 larg. 21.",367,40.9,False,title_direct,GEORGES ROMNEY,,BIGIOTTERIA,,Sec. XVIII
BO0624_50794,386512,28,28,"JEAN HOPPNER 1579-1810,Londres. Portrait de jeune femme. 1802,Dalton. Peinte en medaillon, decolletee, vue de face, le corsage garni d'une fine dentelle.  Les cheveux vaporeux, d’un blond ardent, sont releves en bouffant au sommet de la tete; de chaque cote deux boucles retombent gracieusement sur les epaules.  De grands yeux bruns, pleins de malice, une bouche souriante ajoutent au charme de ce gracieux tableau.",385,40.0,False,title_direct,JEAN HOPPNER,,,,Sec. XVII
BO0624_50794,386513,29,29,"MAITRE FRANCAIS XIXme siecle. Portrait de Pauline Borghese.Somptueusement paree d'une robe Empire en soie blanche, laissant a découvert le haut de la poitrine.  Une fine dentelle borde l'échancrure du vetement;un manteau a franges est jete negligemment sur les épaules.  Les cheveux bruns sont releves sur le somment de la tete; d'épaisses meches s'en échappent et retombent en boucles regulieres sur les joues.  Toile Haut. 69 larg. 55.  Le visage, finement dessine, reflete la grace et la noblesse des patriciennes de l'époque.",404,42.4,False,title_direct,,MAiTRE FRANCAIS,OGGETTI VARI,,
BO0624_50794,386514,30,30,"CHARLES-JOSEPH NATOIRE 1700-1777,France. Portrait d’un jeune guerrier. Represente debout, a mi-corps, grandeur naturelle; il porte une cuirasse finement ciselee. La main droite ornee d'une ruche en dentelle, est appuyee sur la hanche; la main gauche est posee sur un casque surmonte d'un plumet, qui se trouve sur une table recouverte d'un tapis rouge.  Toile Haut. 98 larg.74.",416,85.7,False,title_direct,CHARLES-JOSEPH NATOIRE,,,,Sec. XVIII
BO0624_50794,386515,31,31,"SALOMON ADLER  XVllIme siecle, Milan. Portrait d'un compositeur. Vu de profil, la tete tournee de trois quarts, drape dans un manteau jaune, une cravate bleue autour du col de la chemise deboutonnee. Une opulente chevelure noire retombe en boucles sur ses épaules.  Toile Haut. 75 larg. 59.  Devant lui:un rouleau de musique.",426,77.0,False,title_direct,SALOMON ADLER,,,,
BO0624_50794,386516,32,32,"MICHEL-ANGE AMERIGHI  DIT LE  CARAVAGE 1569-1609, Caravaggio. Sainte Agnes.  Representee debout, decolletee, vetue d'une tunique mauve; le visage fin et regulier est penche sur l'agneau qu'elle tient dans ses bras. Toile Haut.102 larg.74.",441,81.5,False,title_direct,CARAVAGE,,,,Sec. XVI
BO0624_50794,386517,33,33,"FRANCOIS ZURBARAN 1598-1662,Espagne. Portrait de Sainte Marine. Representee debout, vetue d'une robe rouge avec col en dentelle. Sur les cheveux épars un chapeau de paille. Une sacoche double est glissee dans le bras gauche qui soutient une palme et un baton de pelerin. Les doigts sont passes dans les feuillets d'un livre qu'elle tient en main.  Toile Haut. 124 larg. 101.",449,86.6,False,title_direct,FRANCOIS ZURBARAN,,,,Sec. XVII
BO0624_50794,386518,34,34,"ECOLE ITALIENNE  XVllme siecle. Architecture. Dans la cour d'un somptueux palais que soutiennent plusieurs colonnes de marbre, des personnages historiques: guerriers, chevaliers de Malte etc. Toile Haut. 152 larg. 205.",459,88.5,False,title_direct,,ECOLE ITALIENNE,,,
BO0624_50794,386519,35,35,"ECOLE VENITIENNE  XVlllme siecle. Portrait de dame. Representee de face, assise,en robe bleue recouverte d'un manteau rouge borde d'hermine,une fleur dans les cheveux soigneusement releves en bouffant au sommet de la tete. Le bras droit est accoude sur une table ou se trouve un eventail. Une fleur rouge est piquee au cote gauche de la robe. Toile Haut. 82 larg. 66.",467,92.6,False,title_direct,,ECOLE VENITIENNE,,,
BO0624_50794,386520,36,36,"PIERRE LONGHI 1702,Venise. Portrait d'une grande Dame. Decolletee, elle est habillee d'un somptueux vetement de soie rouge brode; les manches et l'encolure sont garnies d'une fine dentelle blanche; de riches pendeloques ornent les oreilles. De la main gauche elle tient une rose.  Tableau d'un coloris vif avec de jolis tons de lumiere.  Toile (ovale) Haut. 93 larg. 74.",474,76.3,False,title_direct,PIERRE LONGHI,,,,Sec. XVIII
BO0624_50794,386521,37,37,"JEAN-BAPTISTE PIAZZETTA 1683-1754,Venise. Portrait d'un saint en prieres. Vu a mi-corps, vetu d'une aube avec galon de broderie au col et aux manches. La tete relevee, couverte d'une calotte est tournee de trois quarts vers la droite; les mains jointes sont tendues en un geste de sup- plication.  me l'ornement du tableau.  Une croix dont l'extremite est appuyee sur l'epaule du saint, forToile Haut.77 larg.59.",485,70.2,False,title_direct,JEAN-BAPTISTE PIAZZETTA,,,,Sec. XVIII
BO0624_50794,386522,38,38,"JEAN-BAPTISTE PIAZZETTA 1683-1754,Venise. Sainte Therese. Representee de face,a mi-corps, les cheveux noirs épars couverts d'une gaze blanche; les mains croisees sur la poitrine tiennent une fleur qui retombe sur le bras droit. Toile Haut. 59 larg. 45.",497,87.0,False,title_direct,JEAN-BAPTISTE PIAZZETTA,,BIANCHERIA,,Sec. XVIII
BO0624_50794,386523,39,39,"SEBASTIEN RICCI 1662-1734, Venise. Apollon: Allegorie du Jour. Apollon est represente assis, le corps a peine couvert d'une draperie aux reflets chatoyants, la main gauche posee sur la cithare.  Des arbres, a droite et dans le fond: ciel couvert de legers nuages. Toile Haut. 62 larg.51.  Dans le bas du tableau a droite:un amour portant une gerbe de ble;a terre: un melon et des pommes.",505,51.0,False,title_direct,SEBASTIEN RICCI,,,,Sec. XVII
BO0624_50794,386524,40,40,"SEBASTIEN RICCI 1662-1734, Venise. Diane:Allegorie de la Nuit.",515,63.6,False,title_direct,SEBASTIEN RICCI,,,,Sec. XVII
BO0624_50794,386525,41,41,"LUC GIORDANO 1632-1705, Naples. Ganymede.  Un chien blanc tachete de jaune et deux chiens noirs tachetes de blanc suivent du regard en aboyant le corps de Ganymede a cheval sur un aigle qui l'emporte dans l'espace.  A droite, un rocher; paysage accidente dans le fond.",532,79.3,False,title_direct,LUC GIORDANO,,,,Sec. XVII
BO0624_50794,386526,42,42,"VINCENT MALO 1610-1655,Cambrai. Un amour. Un petit enfant nu est etendu sur une draperie rouge, et appuye sur la main gauche. De la main droite,il tient une coupe levee.  Toile Haut. 63 larg.87.  Paysage boise dans le fond.",544,73.6,False,title_direct,VINCENT MALO,,,,Sec. XVII
BO0624_50794,386527,43,43,"MEINDERT HOBBEMA 1638-1709,Amsterdam. La Sieste. Il est midi: c'est l'heure de la sieste. Assis sur un tertre, au bord de la route, a l'ombre de grands arbres deux villageois, vus de dos, devisent gaiment apres avoir pris le frugal repas que leur a apporte une jeune femme placee devant eux. Debout, celle-ci s'apprete a rentrer au village que l'on apercoit au loin dans le fond du tableau, mais amusee par leurs joyeux propos, elle s'attarde sans prendre garde aux nuages qui couvrent le ciel.  On voit, sur le chemin, l'empreinte de profonds sillons laissee par une charrette de foin disparue au tournant de la route.  Bois Haut. 40 larg. 50.",555,82.1,False,title_direct,MEINDERT HOBBEMA,,OGGETTI IN LEGNO,,Sec. XVII
BO0624_50794,386528,44,44,"JEAN VAN RAVESTEIN 1580-1657,Lo Haye. Portrait d'homme. Vu a mi-corps, de face. Une fraise tuyautee se detache sur le vetement sombre. Barbiche et cheveux blonds.  De la main droite, il tient un livre entr'ouvert.  Toile Haut. 85 larg. 75.",566,62.2,False,title_direct,JEAN VAN RAVESTEIN,,,,Sec. XVII
BO0624_50794,386529,45,45,"CHARLES DOLCI 1616-1686,Florence. L'Assomption de la Uierge.  Plusieurs fideles agenouilles dans le bas du tableau, contemplent  Dans le haut du tableau,a droite: le Pere Eternel; a gauche, Jesus-Christ, couronnant la Vierge Mere. Au centre,a droite: l'ange Gabriel;a gauche: S.t Joseph, soutenus également par deux nuages.  Toile Haut. 61 larg. 48.",580,71.7,False,title_direct,CHARLES DOLCI,,,,Sec. XVII
BO0624_50794,386530,46,46,"CHRISTOPHE ALLORI DIT LE BRONZINO 1577-1621, Florence. Paysage.",590,46.2,False,title_direct,CHRISTOPHE ALLORI,,,,Sec. XVII
BO0624_50794,386531,47,47,"CHRISTOPHE ALLORI DIT LE BRONZINO 1577-1621, Florence. Paysage. (Pendant du precedent).  A droite: des ruines et de grands arbres se detachent sur le ciel. Au centre: trois hommes et deux femmes,dont l'une tient un amour par la main; plus loin, vers la gauche: un vieillard endormi sous les saules;  Vers le fond, un rocher emerge d'un bouquet d'arbres.  debout, a cote de lui, une jeune femme le regarde.  Cuivre Haut. 40 larg.53.",616,66.3,False,title_direct,CHRISTOPHE ALLORI,,,,Sec. XVII
BO0624_50794,386532,48,48,"DANIEL CRESPI 1590-1630,Milan. La Sainte Famille. Au centre, la Vierge assise, vetue de rouge. Sur ses genoux, 1'Enfant-Jesus, debout, tenant une croix dans la main gauche. A droite du tableau, Saint Joseph, les mains croisees sur un baton, contemple I' Enfant-Jesus.  Toile Haut. 38 larg. 32.",629,85.4,False,title_direct,DANIEL CRESPI,,,,Sec. XVII
BO0624_50794,386533,49,49,"ECOLE DE SIENNE  XVme siecle. Huit figures de saints. nteressante peinture sur fond or, composee de quatre tablettes reliees dans un cadre.",639,77.1,False,title_direct,,ECOLE DE SIENNE,,,
BO0624_50794,386534,50,50,"ECOLE DE FERRARE  XVme siecle. Jesus mis au tombeau. ,Florence. Trois disciples et deux saintes femmes entourent et soutiennent le corps de Jesus entoure d'un linceul.",649,77.6,False,title_direct,,ECOLE DE FERRARE,,,
BO0624_50794,386535,51,51,"BENOZZO GOZZOLI 1424,Florence. Le mariage mystique de Sainte Catherine. Au centre, la Vierge, habillee de bleu, est assise sur un tron et tient sur ses genoux I' Enfant-Jesus.  A gauche, Sainte Catherine, drapee dans un manteau rouge, la tete de profil, pose la main droite sur une roue; l EnfantJesus tourne verc elle se dispose a lui mettre l'anneau.  A droite du tableau, Saint Jerome pieusement agenouille, laquelle il se frappe la poitrine; un chapelet est dans l'autre suit avec ferveur la scene; la main troite tient une pierre avec main. A cote de lui un chapeau rouge.  Bois Haut. 78 larg. 51.",662,54.7,False,title_direct,BENOZZO GOZZOLI,,OGGETTI IN LEGNO,,Sec. XV
BO0624_50794,386536,52,52,"PIERRE BUONACCORSI DIT PERINO DEL VAGA 1500-1547,Florence. Madone.  Sur un fond de draperie verte, la Sainte Vierge tenant I'Enfant-Jesus qui est tourne a gauche vers Saint Dominique et fait le geste de le benir.  Bois Haut. 67 larg. 57.  A droite, Sainte Therese.",675,72.1,False,title_direct,PERINO DEL VAGA,,OGGETTI IN LEGNO,,Sec. XVI
BO0624_50794,386537,53,53,"ECOLE LOMBARDE  XVIme siecle. L'Enfant Jesus et Saint Jean. 1621,Venise. Charmant groupe forme par le petit Jesus vu de dos, la tete tournee de face, assis sur une draperie tenant un mouton; a cote de lui, son ami de predilection (Saint Jean) tourne de face, tenant une croix. Entre les deux enfants: la tete de l'agneau.  Bois Haut. 53 larg. 40.",687,84.1,False,title_direct,,ECOLE LOMBARDE,OGGETTI IN LEGNO,,Sec. XVII
BO0624_50794,386538,54,54,"HIPPOLYTE SCARSELLA DIT SCARSELLINO 1551-1621,Venise. Miracle de Saint Francois. Au premier plan, vetu d'une blouse rose, la tete penchee sur l'epaule droite, un jeune homme malade, soutenu par un vieillard qu'entoure une foule anxieuse.  Saint Francois, la tete entouree d'un cercle lumineux est debout au centre du tableau. Les mains levees sur le malade, les yeux fixes au ciel, il demande avec ferveur la guerison.  Toile Haut. 70 larg. 93.",703,57.9,False,title_direct,HIPPOLYTE SCARSELLA,,,,Sec. XVI
BO0624_50794,386539,55,55,"ANDRE MEDULA DIT LE SCHIAVONE 1522-1582. L'Enlevement de Proserpine. Dans un site sauvage, un torrent entre d'enormes rochers. A droite Proserpine emportee par un Centaure; Pluton surgit tendue dans la direction des fugitifs.  Toile Haut.74 larg. 109.",716,77.2,False,title_direct,ANDRE MEDULA,,,,Sec. XVI
BO0624_50794,386540,56,56,"ECOLE VENITIENNE  XVIme siecle. Portrait d'un magistrat. Vu a mi-corps, le visage encadre d’une barbe noire, vetu d'un costume rouge que recouvre une pelerine d'hermine. Toile Haut. 61 larg. 48.",726,82.9,False,title_direct,,ECOLE VENITIENNE,,,
BO0624_50794,386541,57,57,"BONIFAZIO VENITIEN 1500-1562, Venize. La Sainte Cene. Au centre du tableau; une table recouverte d'une nappe blanche au haut de quelques marches. Saint Pierre, a genoux, recoit la Sainte Communion des mains du Sauveur. A droite et a gauche; des apotres et des disciples. Sous la table un en fant lave les pieds du Christ. Une foule nombreuse a l'entree d'un temple place dans le haut du tableau vers la droite. Plus loin au centre: un attelage de boeufs tirant la charrue; des chevaux et des cavaliers.  Collines boisees dans le fond.  Toile Haut. 95 larg. 64.",734,89.4,False,title_direct,BONIFAZIO VENITIEN,,,,Sec. XVI
BO0624_50794,386542,58,58,"ANGE ALLORI DIT LE BRONZINO 1502-1572, Florence.Jeune Guerrier. Portrait d’un adolescent, vu de trois quarts.  Un pourpoint en velours noir recouvre une armure grisaille avec collier d'acier; une ruche blanche tuyautee orne le blancs et rouges. Sur l'un deux, se voit le blason de Venise avec le lion de Saint Marc.  L'expression du visage est empreinte d'energie.  Bois Haut. 62 larg. 48.",751,69.7,False,title_direct,ANGE ALLORI,,OGGETTI IN LEGNO,,Sec. XVI
BO0624_50794,386543,59,59,"HENRI VAN BALEN 1632,Anvers. Madone. Dans un oratoire, assise contre une porte surmontee d'une fenetre a croisillons, la Vierge Mere, en robe bleue drapee d'un manteau rouge, la tete nimbee d'une aureole, tenant en main le sein qui allaite son Divin Enfant place sur ses genoux, recouverts de langes. Un globe surmonte d'une croix est dans les mains de l'Enfant Jesus, qui a les bras tendus vers Saint Dominique, agenouille devant lui. A terre: un livre ouvert et a gauche du tableau, une table couverte d'un tapis a franges. Cuivre Haut. 30 larg.24.",762,96.6,False,title_direct,HENRI VAN BALEN,,OGGETTI VARI,,Sec. XVII
BO0624_50794,386544,60,60,"GONZALVE COQUES 1614-1684,Anvers. Portrait. Sur une terrasse,un prelat en habit avec collet bleu, est debout a cote d'une chaise recouverte d'un velours rouge. Une draperie soulevee, de la meme couleur, decouvre dans le fond un vaste paysage avec chateau  Toile Haut. 56 larg. 43.  au bord d'un lac sur lequel glisse une barque.",770,78.9,False,title_direct,GONZALVE COQUES,,,,Sec. XVII
BO0624_50794,386545,61,61,"GERBRAND VAN DEN EECKHOUT 1621-1674,Amsterdam. Mercure et Argus. A cote d'un arbre, un petit chien couche aux pieds d'un patre. Plus loin, Mercure, assis sur un banc de pierre le chapeau et les pieds garnis d'ailes; a terre, devant lui, le caducee. Le jeune dieu tire de sa flite enchantee, des sons qui endorment le vieillard Argus. Une vache couronnees blanche est debout au centre du tableau; une autre vache noire, des chevres et des brebis se reposent a l'abri d'un rocher.  Une chaine de montagnes couronnees de legers nuages forme le fond du tableau. Toile Haut. 88 larg.110.",782,83.1,False,title_direct,GERBRAND VAN DEN EECKHOUT,,,,Sec. XVII
BO0624_50794,386546,62,62,"JEAN VAN GOYEN 1596-1666, Leyde. Marine. Quelques barques de pecheurs, dont une, toutes voiles dehors, glissent sur la mer calme.  Tableau d'un coloris cuivre.",787,50.7,False,title_direct,JEAN VAN GOYEN,,,,Sec. XVII
BO0624_50794,386547,63,63,"BERNARD VAN SCHENDEL 1649,Weesp. Scene d'interieur. Debout, au milieu d'une grande salle, la maitresse de maison apres avoir fait les honneurs a ses invites, ecoute avec complaisance les propos aimables d'un homme place a cote d'elle. Assise a une table, une parente prepare le the. A sa droite,un gentilhomme portant perruque,et plusieurs garcons admirent les tours d'adresse d'un petit chien blanc. La grand' mere tourne le dos a l'atre de la cheminee placee sur la gauche; plus loin, un groupe de jeunes filles autour d'une table.  Dans le fond un jeune homme declame un morceau heroique.  A droite une fenetre et la porte de sortie.",805,86.3,False,title_direct,BERNARD VAN SCHENDEL,,ARREDAMENTI,,Sec. XVII
BO0624_50794,386548,64,64,"ADAM ELSHEIMER 1574-1620,Francfort. La Fuite en Egypte. Cheminant a travers d'epais bocages, Saint Joseph, muni d'un flambeau, conduit de la main droite un ane sur lequel est assis la Sainte Vierge tenant l'Enfant-Jesus. Entre une decoupure d'arbres a gauche, la lune essaie en vain de se faire jour a travers l'epaisseur du bois.  Bois Haut. 32 larg. 42.",819,87.7,False,title_direct,ADAM ELSHEIMER,,OGGETTI IN LEGNO,,Sec. XVI
BO0624_50794,386549,65,65,"FRANCOIS SNYDERS 1579-1657,Anvers. Quatre leuriers. Au centre,au premier plan, deux levriers anglais, dont un blanc et l'autre noir avec les pattes claires,sont attaches par une courroie retenue au collier; dans le fond,au deuxieme plan, deux autres chiens egalement attaches; l'un deux est appuye par les pattes de devant sur un bloc de pierre; la tete est dressee en l'air.  Tableau remarquable par la finesse de l'execution.  Toile Haut 123 larg. 95.",828,83.7,False,title_direct,FRANCOIS SNYDERS,,,,Sec. XVII
BO0624_50794,386550,66,66,"ECOLE FRANCAISE  XVIllme siecle. Portrait de dame francaise. Vue a mi-corps, tournee de trois quarts vers la droite. Dans les cheveux, une pointe en dentelle terminee par une pendeloque en pierreries.  Elle est decolletee, en robe bleue, chargee de bijoux qui rehaussent encore la somptuosite du vetement. Toile Haut. 75 larg.63.",841,55.7,False,title_direct,,ECOLE FRANCAISE,BIGIOTTERIA,,
BO0624_50794,386551,67,67,"ECOLE FRANCAISE  XVlllme siecle. Allegorie de la Science. Portrait de jeune femme assise, presque de profil s'appuyant mol- lement sur la main gauche.  Vetue d'un elegant manteau de velours rouge laissant a decouvert les epaules et la poitrine, les cheveux bruns releves en une legere torsade de laquelle s'échappe une boucle brune qui vient retomber sur l'épaule droite.La main droite tient une baguette a lextremite de laquelle est enroule un serpent,le coude repose sur une table ou l'on voit: un livre, une tete de mort et un parchemin.  Une draperie sombre et un rameau de feuillages forment le fond du tableau. Toile Haut. 138 larg. 100.",853,76.0,False,title_direct,,ECOLE FRANCAISE,,,
BO0624_50794,386552,68,68,"ECOLE FRANCAISE XVIIIme siecle. L'Innocence. Portrait pendant du precedent.  Jeune femme assise, tenant un bouquet de roses dans la main droite gracieusement relevee. La chemise, fine et transparente, decouvre le cote droit du buste; mollement retenue a la taille par un ruban et noeud bleus, elle se dissimule plus bas dans la draperie. Sur les genoux de la jeune femme, un amour joufflu tient une conque.  Un amour est place au premier plan du tableau a gauche; plus haut; deux colombes se becquetant, et un carquois contenant des fleches. Ce portrait se detache sur un fond de draperies mauve, jaune et blanche. Toile Haut. 138 larg.100.",863,68.2,False,title_direct,,ECOLE FRANCAISE,,,
BO0624_50794,386553,69,71,"CHARLES SANTOIRE DE VARENNE 1763, Paris. Paysage. Foret avec cascade; a gauche: un groupe de bergers bergeres et un chien. Au centre: une vache et deux brebis sous la garde d'un patre.  C.S. Varenne.  A droite sur un rocher,la signature.",870,73.1,False,title_direct,CHARLES SANTOIRE DE VARENNE,,POLTRONE,,Sec. XVIII
BO0624_50794,386554,70,69,"GASPARD DUGHET DIT POUSSIN 1613-1675. Paysage d'automne. Une femme a cheval descend de la colline sur une route bordee d'arbres touffus; un homme, a peine vetu d'une blouse, court apres elle et semble vouloir i'arreter. Vers le centre, une autre femme, appuyee sur un baton et suivie d'un enfant et d'un petit chien, gravit la colline et se dirige vers la ville que l'on apercoit dans le fond du tableau sur une hauteur. Une tourelle se dresse a gauche sur un monticule plante d'arbres.  Un ruisseau serpente dans la prairie et se perd dans le lointain.  Le soleii eclaire ce riant paysage.",886,84.4,False,title_direct,GASPARD DUGHET,,,,Sec. XVII
BO0624_50794,386555,71,70,MAiTRE FRANCAIS XVIIIme siecle. Portrait. Gracieux visage d'adolescente encadre d'une volumineuse chevelure aux reflets cuivres. D'epaisses boucles couvrent les epaules. Une bande de guipure bianche garnit le haut du vetement.  Toile Haut.55 larg. 44.,898,85.4,False,title_direct,,MAiTRE FRANCAIS,,,
BO0624_50794,386556,72,72,"JEAN-HONORE FRAGONARD 1732-1806,France. Le nid d'oiseaux. Sur un fond de paysage ombre par le crepuscule: cinq personnages et un chien. A droite, un jeune garcon,vetu de rouge,tient dans ses mains un nid d'oiseax.A gauche,une jeune fille tournee vers le nid, la main gauche gracieusement relevee donne la becquee aux petits affames; de la main droite, elle effleure legerement l'epaule d'un petit garcon qui se trouve a gauche au premier plan. Celuici, tourne de profil, suit avec vif interet les luttes et les debats des captifs ailes et dans un mou- vement de convoitise, tend avidement la main.  Sur le meme plan,a droite, un levrier suit avec non moins d' interet cette gentille scene.  Au fond se detache une allegorie de l' amour. Un ruban d'argent serpente dans la prairie et se perd au loin dans un ruisseau.  Quelques nuages sillonnent le ciel.  Toile Haut. 72 larg 91.",913,76.5,False,title_direct,JEAN-HONORE FRAGONARD,,,,Sec. XVIII
BO0624_50794,386557,73,73,"ECOLE VENITIENNE  XVIlIme siecle. Rosalinde. Sur un fond de draperie doree, se detache la petite siIhouette d'une petite fille vetue en dame de 1' epoque 17oo. De la main gauche, elle retire quelques oeillets d'un vase de fleurs place a cote d'elle. Tenant un pli de sa robe de la main droite, elle semble esquisser une reverence.  Haut.59 larg.102.",928,90.4,False,title_direct,,ECOLE VENITIENNE,VASI,,
BO0624_50794,386558,74,74,"PIERRE LONGHI 1702, Venise. Portrait d'un artiste. Assis dans un fauteuil rouge, vetu d'une robe de chambre verte avec revers roses au col et aux manches; le col de la chemise est deboutonne. Sur la tete une toque entouree d'une broderie qui se termine de cote par un gland.  La main gauche retient le croisement de la robe.  Cet portrait exprime d’une maniere frappante la mollesse  Toile Haut. 67 larg. 47.",938,71.5,False,title_direct,PIERRE LONGHI,,SCOMPARTI,,Sec. XVIII
BO0624_50794,386559,75,75,"ALEXANDRE LONGHI 1733,Venise. Portrait d'enfant. Tete d'enfant, rose et joufflue. De beaux yeux bleus augmentent le charme de ce gentil minois.  Toile Haut. 31 larg.23.",952,72.5,False,title_direct,ALEXANDRE LONGHI,,,,Sec. XVIII
BO0624_50794,386560,76,76,"ALEXANDRE LONGHI 1733,Venise. Portrait d'un magistrat venitien. Represente a mi jambes, grandeur naturelle, de trois quarts tourne vers la gauche, debout, la main droite montrant un parchemin timbre pose sur une table, tenant ses gants de la main gauche; il est vetu d''une robe en velours noir, de belles dentelles ornent le bas des manches; coiffe d' une perruque blanche, boucles descendant sur les épaules.  Un riche tapis orne le bas du tableau qui se detache sur un fond de draperie rouge,  Tres beau portrait ayant un grand caractere de distinction.  Toile Haut.235 larg.158.",961,74.6,False,title_direct,ALEXANDRE LONGHI,,STAMPE E INCISIONI,,Sec. XVIII
BO0624_50794,386561,77,77,"ALEXANDRE MAGNASCO  DIT LISSANDRINO. Marine. La mer est agitee et houleuse; une barque toutes voiles dehors, s'avance vers la droite,une autre est amarree sur la plage. Quelques pecheurs, pieds nus, cherchent les epaves de la mer.  Dans le lointain,un rayon de soleil obscurci par des nuages.  Toile Haut. 13 larg. 38.",977,74.3,False,title_direct,ALEXANDRE MAGNASCO,,,,
BO0624_50794,386562,78,78,"BERNARD BELLOTTO (CANALETTO) 1720-1780,Venise. Vue de Venise. Sur le quai du grand Canal, l'eglise Saint Georges qui dresse orgueilleusement sa tour et quelques maisons. Plusieurs gondoles glissent sur les eaux vertes du canal.  A gauche, se devine un bateau a voiles dont on n'entrevoit que les cordages.  Sur l'eau, jeux de lumiere reproduits avec vigueur et grande finesse d'execution.",984,60.3,False,title_direct,BERNARD BELLOTTO,,,,Sec. XVIII
BO0624_50794,386563,79,79,"ECOLE VENITIENNE. Vue de venise. Plusieurs personnes affairees animent la “Zattere , a gauche du tableau.  Une gondole longe le quai; le gondolier échange, tout en ramant, quelques paroles aimables avec deux personnes placees sur le trottoir.  Au premier plan: trois jeunes femmes dans une gondole;le rameur se prepare a contourner adroitement un bateau a voiles charge de bois.  A droite la place Saint Georges, l'eglise et la ""Giudecca ， Beau ciel bleu sur lequel flotte un leger nuage blanc.  Toile Haut. 32 larg. 45.",1005,42.0,False,title_direct,,ECOLE VENITIENNE,OGGETTI IN LEGNO,,
BO0624_50794,386564,80,80,"JOSEPH ZAIS 1784, Venise. Paysage. Sur une route bordee d'arbres touffus au pied de hautes montagnes;  un groupe de personnes.  Ca et la des édifices sur les hauteurs.  Plus loin, un lac aux eaux calmes et tranquilles, baigne le pied d'une montagne.  Le soleil perce les nuages et met une teinte doree sur ce ravissant Toile Haut. 50 larg. 78.",1025,42.8,False,title_direct,JOSEPH ZAIS,,,,Sec. XVIII
BO0624_50794,386565,81,81,"JOSEPH ZAiS 1784, Venise. Paysage. Encaisse entre d'enormes rochers; un torrent. Quelques bouquets d'arbres au vert feuillage se refletent dans ses eaux. Au loin, une petite ville batie sur une colline.  Plusieurs promeneurs animent cette charmante composition.  Toile Haut. 50 larg. 78.",1035,74.5,False,title_direct,JOSEPH ZAiS,,,,Sec. XVIII
BO0624_50794,386566,82,82,"JEAN-BAPTISTE PITTONI 1686-1766,Venise. Jesus a Emmaix. Apres sa resurrection, Jesus etant apparu a deux de ses disciples,les accompagna et accepta leur hospitalite. Sur une nappe blanche, sont poses: un plat de poissons, un linge et un couteau. Jesus, levant les yeux au Ciel, prit les pains et les benit.  A droite du tableau,au premier plan: un chien;a cote un serviteur tenant une carafe d'eau.  Par une etroite trouee, on apercoit un coin du bourg.  Toile Haut. 22 larg. 40.",1048,69.0,False,title_direct,JEAN-BAPTISTE PITTONI,,PIATTI,,Sec. XVIII
BO0624_50794,386567,83,83,"JEAN-BAPTISTE PITTONI 1686-1766,Venise. Jesus et les Uierges folles. Debout, au haut de trois marches, sur le seuil d'un temple avec colonnes en marbre, Jesus, en tunique rose recouverte d'un manteau bleu,le bras droit leve en un geste eloquent, essaie de ramener sur le bon chemin cinq vierges folles a l'at- titude humble et repentante.  Toile Haut. 60 larg. 81.",1062,85.5,False,title_direct,JEAN-BAPTISTE PITTONI,,,,Sec. XVIII
BO0624_50794,386568,84,84,"SEBASTIEN RICCI 1662-1734,Venise. Le roi Salomon.  Sur un socle de marbre orne de haut-reliefs se dresse une idole. Salomon, portant un manteau royal recouvert d'hermine avec chaine en or, agrafe en pierreries, est en adoration devant la fausse divinite. Deux femmes, dont l'une a genoux, vue de dos, tenant la main du roi,l'autre debout, semblent I'exhorter aux sacrifices. Derriere le socle,trois autres femmes.  Toile Haut. 69 larg. 82.  A gauche du tableau, plusieurs femmes portant des fleurs. Dans le haut une draperie soulevee.",1072,81.3,False,title_direct,SEBASTIEN RICCI,,,,Sec. XVII
BO0624_50794,386569,85,85,"JEAN-BAPTISTE TIEPOLO 1692-1770,Venise. Groupe de Saints aux pieds de la Madone. Au centre vers la gauche, la Sainte Vierge assise sur un nuage. De la main droite, elle enlace le corps de jesus, debout a cote d'elle.  A droite de la Vierge, Sainte Catherine courbee en ado- ration devant l'Enfant Jesus.  Au premier plan, une terrasse avec balustrade en marbre. Trois personnes, dont une a genoux et deux debout, sont placees derriere. Un patriarche a barbe blanche, drape dans un ample manteau, écrit sur un pupitre en marbre. La main gauche montre le ciel.  Un enfant de choeur, tenant un livre de prieres, est a genoux devant lui.  Derriere le patriarche, Saint Charles Borromee les yeux leves vers la Sainte Vierge.  Sur une colonne, un ange tenant les plis d’ une draperie.  Toile Haut. 54 larg.31.",1087,48.2,False,title_direct,JEAN-BAPTISTE TIEPOLO,,OGGETTI VARI,,Sec. XVIII
BO0624_50794,386570,86,86,"ECOLE HOLLANDAISE  XVllme siecle. Paysage. A travers un amoncellement de rochers, une cascade, plus loin une nappe d'eau. Une luxuriante vegetation forme le fond du tableau. Toile Haut. 43 larg. 61",1102,88.1,False,title_direct,,ECOLE HOLLANDAISE,,,
BO0624_50794,386571,87,87,"JEAN-BAPTISTE SALVI  DIT  LE SASSOFERRATO 1605-1685,Sassoferrato. Une Vierge Sainte. Representee de face, a mi-corps, elle porte un corsage blanc sur lequel est drape un manteau bleu.  Les cheveux noirs, epars sont couverts d'une fine gaze blanche. Les mains croisees sur la poitrine tiennent une fleur qui retombe mollement sur le bras droit. Toile Haut. 77 larg. 59.",1116,66.7,False,title_direct,JEAN-BAPTISTE SALVI,,BIANCHERIA,,Sec. XVII
BO0624_50794,386572,88,88,"BAPTISTE ZELOTTI 1532-1592,Verone. Sainte Justine. Une terrasse avec balustrade decouvrant un paysage éclaire par le soleil couchant.  Sainte Justine, a genoux la poitrine percee d'un poignard;elle expire entre les bras de son bourreau. Les yeux leves au ciel, refletent la foi profonde de la sainte martyre. Toile Haut. 76 larg.60.  Aux pieds de deux colonnes: deux hommes debout. Devant eux,",1126,67.0,False,title_direct,BAPTISTE ZELOTTI,,,,Sec. XVI
BO0624_50794,386573,89,89,"BAPTISTE ZELOTTI 1532-1592,Verone. Portrait de femme. Sur un fond de draperie rouge, assise dans un fauteuil, richement vetue d'une robe en soie avec semis de fleurs multicolores,et manches en  Les cheveux roux retombent en meches sur les epaules. Le bras droit est accoude sur une table recouverte d'un tapis rouge ou sont poses: un crucifix et une chaine sautoir en or. De la main gauche, elle touche une tete de mort placee sur ses genoux. Toile Haut. 113 larg.94.  mousseline blanche.",1138,71.9,False,title_direct,BAPTISTE ZELOTTI,,SCOMPARTI,,Sec. XVI
BO0624_50794,386574,90,90,"JACQUES PALMA LE VIEUX XVIme siecle, Venise. Trois Saints.  Un pan de draperie rouge retenue a une colonne. Au haut de quelques marches: Saint Andre, le visage encadre d'une barbe blanche,les yeux leves au ciel,la tete nimbee d'une aureole, tenant de la main droite une grande croix qui se dé tache nettement sur un fond bleu; la main gauche est posee sur le coeur.  A droite du tableau. adosse a la colonne, Saint Jean Baptiste, a peine couvert d'une draperie, tenant dans la main droite une croix a l'extremite de laquelle est enroule une bande blanche. Le regard est leve sur St. Andre.  A droite du tableau; Saint Biagio, éveque, coiffe de la mitre tenant de la main gauche la crosse et une carde.  Remarquable tableau par la vivacite des couleurs, la nettete du dessin et le fini de l'execution.  Toile Haut.188 larg.110.",1149,54.5,False,title_direct,JACQUES PALMA,,,,
BO0624_50794,386575,91,91,"JACQUES PALMA  LE JEUNE 1544-1628,Venise. Saint Sebastien. Le saint martyr est attache a un arbre, les mains liees derriere le dos. Sa poitrine est percee d'une fleche;de la blesleur cadaverique du corps.  Dans le fond, de riantes collines surmontees d'edifices bornent le paysage. Toile Haut. 156 larg. 108.",1166,64.8,False,title_direct,JACQUES PALMA,,,,Sec. XVI
BO0624_50794,386576,92,92,"ANDRE MEDULA  DIT LE SCHIAVONE 1522-1582,Venise. L'apparition de l'ange a Agar. Dans une vasis, au pied d'un arbre, Agaz, drapee dans un manteaux a fleurettes rouges, est a genoux devant un Ange. Celui-ci, debout, vetu de jaune avec grandes ailes blanches, porte a la malheureuse mere le message Divin.  Dans le fond la source miraculeuse au pied de riantes collines. Toile Haut.116 larg. 140.",1180,72.2,False,title_direct,ANDRE MEDULA,,,,Sec. XVI
BO0624_50794,386577,93,93,"JEAN-ANTOINE LICINIO  DIT  LE PORDENONE 1483-1539,Pordenone. Portrait de dame. Representee de face,a mi-corps, en robe noire avec guimpe en tulle blanc autour du decollete. Une grande chaine en forme un noeud a la naissance de la gorge et retombe sur le corsage en se dissimulant sous la main gauche posee sur la taille. De la main droite elle caresse un petit chien.  Toile Haut. 93 larg. 85.",1194,85.4,False,title_direct,JEAN-ANTOINE LICINIO,,,,Sec. XVI
BO0624_50794,386578,94,94,"TIZIANO VECELLI  DIT LE TITIEN, 1477-1576,Venise. Jesus. A michemin d'une colline, entre des rochers et des arbres,se detache la fine silhouette de Jesus vetu d'une robe rose recouverte d’un manteau brun.  Le pieds portent l'empreinte des clous, vestiges de Sa  Passion.  Les cheveux bruns, epars, tombent en boucles sur les epaules.  La tete est entouree de rayons d'or; le visage est empreint d'une grande douceur.  Dans la main gauche, le Christ tient le globe de la Terre surmonte d'une croix; ce globe est en verre pour bien nous montrer la fragilite,le neant des choses d' ici-bas; la main droite, levee au ciel,dirige nos regards en haut. Ce contraste nous enseigne qu'il faut nous detacher des biens passagers de la terre et ne rechercher que le royaume Eternel.  Et Jesus, prechant d'exemple, continue a gravir la colline.  Toile Haut 133 larg.90.",1209,59.0,False,title_direct,LE TITIEN,,,,Sec. XVI
BO0624_50794,386579,95,95,"JEAN-BAPTISTE MORONI 1510-1578,Albino. Portrait d'homme. Represente a mi-corps, portant un habit noir avec col blanc, coiffe d'un beret noir, tenant en mains un rouleau de papier.  Toile Haut. 67 larg. 52.",1228,75.4,False,title_direct,JEAN-BAPTISTE MORONI,,,,Sec. XVI
BO0624_50794,386580,96,96,"FRANCOIS DA PONTE  DIT BASSANO  XVIme siecle, Bassano. L'Agonie de Jesus. Jesus, ayant laisse ses disciples Pierre, Jacques et Jean profondement endormis a l'entree du Jardin de Gethsemani, cherche une retraite pour prier. A genoux, le corps incline;il demande a son Pere,d'eloigner — —lecalice qu' il doit vider jusqu' a la lie.   Un ange, entoure de clarte celeste, lui apparait et le fortifie.",1246,66.8,False,title_direct,BASSANO,,,,
BO0624_50794,386581,97,97,"LEANDRE DA PONTE  DIT  BASSANO 1558-1623,Bassano. Bapteme.  Au milieu d'une foule recueillie, une grande dame,pieusement agenouillee aux pieds d' un eveque, recoit le saint Bapteme.  Dans le haut: deux anges contemplent avec joie cette belle ceremonie.  Une croix se detache a droite du tableau.  Toile Haut. 80 larg. 60.",1260,55.7,False,title_direct,BASSANO,,,,Sec. XVI
BO0624_50794,386582,98,98,"SEBASTIEN LUCIANO  DIT  DEL PIOMBO 1485-1547,Venise.Resurrection de Lazare.  Jesus, suivi d’une foule nombreuse, se rend a la sepulture de Lazare.  La main droite levee, il implore son Pere Celeste et Lazare, sort de la tombe et est rendu a ses soeurs.  Celles-ci,placees derriere lui,pleurent de joie et d'emotion.  Un arbre formant arc, laisse apercevoir un coin de paysage.  A gauche, sur une hauteur, plusieurs edifices surmontes de tourelles.  Une chaine de montagnes borne I'horizon.",1279,35.6,False,title_direct,DEL PIOMBO,,,,Sec. XVI
BO0624_50794,386583,99,99,"SEBASTIEN LUCIANO  DIT  DEL PIOMBO 1485-1547,Venise. Portrait d'un jeune homme. Represente a mi-corps, grandeur naturelle, la tete coiffee d'un chapeau rouge, portant une blouse blanche,la main droite posee sur la poitrine.  Toile Haut. 96 larg. 73.",1305,73.9,False,title_direct,DEL PIOMBO,,,,Sec. XVI
BO0624_50794,386584,100,100,"ANTOINE ALLEGRI  DIT LE CORREGE 1494-1534,Correggio. L'Adoration des Mages. Sur un socle, la Sainte Vierge,assise. De la main droite, elle soutient l'Enfant Jesus, appuye contre elle; de la main gauche, elle tient un brule-parfums pose sur ses genoux.  Saint Joseph, debout derriere la Sainte Vierge, contemple avec amour sa Famille.  Au premier plan, un socle orne d'un bas relief representant un ange, surmonte deux gradins.  A genoux, un roi mage, apres avoir depose sa couronne sur le gradin, semble vouloir baiser le pied du petit Jesus qu'il tient respectueusement dans sa main gauche.  D'autres rois mages munis de presents, sont debouts a cote de la Sainte Vierge.  On voit, dans le fond du tableau, les colonnes d'un temple.  Trois personnes, sont placees,a droite au pied d'enormes rochers.  Bois Haut.74 larg.55.",1318,35.1,False,title_direct,ANTOINE ALLEGRI,,BASSORILIEVI,,Sec. XVI
BO0624_50794,386585,101,102,"ROSSO DEL ROSSO DIT MAiTRE ROUX 1496-1541,Florence. Un ange. Sur un nuage, un ange vu a mi-corps, les yeux leves au ciel, tenant une palme dans la main droite, et un lis dans la main gauche.  Bois Haut. 29 larg. 35.",1335,75.6,False,title_direct,ROSSO DEL ROSSO,MAiTRE ROUX,OGGETTI IN LEGNO,,Sec. XVI
BO0624_50794,386586,102,103,"ECOLE VENITIENNE  XVme siecle. Madone. Sur fond or, la Sainte Vierge en manteau bleu brode d'un galon or, la main droite ornee d'un bague posee sur la poitrine, tient sur ses bras l'Enfant Jesus qui fait le geste de benir.  Bois Haut. 56 larg.43.",1345,86.3,False,title_direct,,ECOLE VENITIENNE,OGGETTI IN LEGNO,,
BO0624_50794,386587,103,101,"JULES CAMPI 1502-1572,Cremone. Resurrection. Sur fond de paysage: un foret a gauche et une ville a droit.  Dans le fond, le mont Golgotha avec les trois croix; sur le devant du tableau, le Christ,la banniere a la main,ressuscite du tombeau entoure de soldats endormis. Le donateur est en prieres aupres du tombeau.  Bois Haut. 62 larg. 51.",1357,76.7,False,title_direct,JULES CAMPI,,OGGETTI IN LEGNO,,Sec. XVI
BO0624_50794,386588,104,104,"ANTOINE VIVARINI DIT DA MURANO 1460, Murano. Mater Dolorosa. La Vierge Mere, tient son cher Fils sur les genoux et le contemple  Une croix se detache sur le fond du tableau. Dans le haut sont places deux anges.  Bois Haut. 43 Larg. 30.",1382,52.1,False,title_direct,ANTOINE VIVARINI,Scuola di Murano,OGGETTI IN LEGNO,,Sec. XV
BO0624_50794,386589,105,105,"ECOLE VENITIENNE  XIVme siecle. Madone byzantine. , Santa Croce. La Vierge est assise avec l'Enfant-Jesus qui tient le globe de la terre dans la main gauche;la main droite fait le geste de benir. Saint Jean et Sainte Catherine entourent la Sainte Fanille.  Bois Haut. 46 larg. 61.",1392,67.0,False,title_direct,,ECOLE VENITIENNE,OGGETTI IN LEGNO,,
BO0624_50794,386590,106,106,"GIROLAMO de SANTA CROCE 1530, Santa Croce. Sainte Catherine. Representee debout, vue de face,la tete entouree d'une aureole, legerement inclinee vers la gauche; les cheveux blonds épars;vetue d'une tunique brune recouverte d'un manteau rose.   Dans la main gauche, elle tient un livre, dans la main droite une palme appuyee sur une roue.  Bois Haut. 104 larg.29.",1404,67.3,False,title_direct,GIROLAMO de SANTA CROCE,,OGGETTI IN LEGNO,,Sec. XVI
BO0624_50794,386591,107,107,"GIROLAMO de SANTA CROCE 1530, Santa Croce. Sainte Apolline. (Pendant du precedent).  Representee debout, les cheveux epars nimbes d'une aureole, vetue d'une robe rose que recouvre une draperie bleue.  des tenailles et une dent.  Dans la main gauche elle tient une palme, dans la main droite: Bois Haut. 104 larg. 29.",1416,54.3,False,title_direct,GIROLAMO de SANTA CROCE,,OGGETTI IN LEGNO,,Sec. XVI
BO0624_50794,386592,108,108,"BENEDETTO DIANA 1500,Venise. Madone. 1673, Naples. La Vierge est assise, vue de face, la tete couverte d'un voile blanc dont un pan flottant retombe sur le corsage d'un rouge vif.  De la main droite, elle soutient l'Enfant Jesus; de la main gauche elle emprisonne son petit pied. L'Enfant Jesus, debout au centre du tableau, tient une pomme dans la main gauche: la main droite est levee en un geste de benediction.  A gauche de la Vierge: Sainte Catherine les cheveux en bandeaux soigneusement lisses et recouverts d' un voile blanc en forme de turban; la Sainte a les mains jointes; elle est tournee vers l’ Enfant Jesus.  A droite, Saint Thomas,la tete coiffee d'une mitre,le visage encadre d' une longue barbe, tenant d' une main la crosse, de l' autre un Evangile.  Tous ces personnages se detachent sur un ciel clair, lumineux.  Au loin, des tourelles sur des collines.  Boit Haut. 58 larg. 82.",1433,41.7,False,title_direct,BENEDETTO DIANA,,,,Sec. XVI
BO0624_50794,386593,109,109,"SALVATOR ROSA 1615-1673, Naples. Un sinistre.Un incendie jette sa note sinistre dans la nuit.  Bois Haut. 33 larg. 45.  Un chateau est devore par les flammes. Le feu a deja fait son oeuvre et devant les ruines de cette belle construction, on voit de nombreux cavaliers qui cherchent a dompter leur monture.",1454,76.6,False,title_direct,SALVATOR ROSA,,OGGETTI IN LEGNO,,Sec. XVII
BO0624_50794,386594,110,110,"JEAN CARIANI 1510, Bergame. Sur la route du Calvaire. Jesus succombe sous le poids de la croix. A ses cotes un bourreau, tenant en mains un baton. Sainte Veronique emue de compassion a la vue du Sauveur, s'approche de lui avec un linge blanc pour essuyer son visage.  Devant Jesus, la Vierge Mere evanouie a la vue de son cher Fils. Quelques saintes femmes la soutiennent et partagent sa douleur. Parmi les gentilshommes formant escorte au Christ, on remarque le portrait d'un doge.  Haut 78. Larg. 98.",1462,59.9,False,title_direct,JEAN CARIANI,,,,Sec. XVI
BO0624_50794,386595,111,111,"ALEXANDRE BONVICINI  DIT  LE MORETTO 1530, Brescia. Portrait de jeune homme. Vu a mi-corps, debout, la tete coiffee d'une toque noire. Une pelerine noire jetee sur lepaule gauche, decouvre la tunique blanche ornee d'une fraise tuyautee au cou.  Toile Haut.96 larg. 75.",1482,77.4,False,title_direct,ALEXANDRE BONVICINI,,,,Sec. XVI
BO0624_50794,386596,112,112,"JEAN MEMLINC 1492, Bruges. Episodes de la vie de Saint Martin. Sur la 1ere moitie du tableau, a gauche: Saint Martin, vetu d'un riche costume damasse avec col et parements de velours que recouvre un ample manteau rouge, monte un cheval richement harnache et partage son manteau avec un pauvre qu'il a rencontre sur sa route. Au second plan: trois personnages en costumes orientaux, tenant une hallebarde, entourent un cheval. Plus haut, Saint Martin couche; on voit la chambre d'un chateau. Le saint, semble recevoir en songe, par les rayons du Pere Eternel, place dans le haut du tableau, l'inspiration de sa charitable mission.  La seconde moitie a droite du tableau represente le sacre de Saint Martin, a genoux sur un tapis, les mains jointes, entoure de plusieurs diacres et sous-diacres. Deux éveques, places derriere le saint, le benissent d'une main, de l'autre, soutiennent la mitre. Plus haut, quelques hommes d' eglise porteurs de crosses. A gauche, surmontee d'une fenetre a croisillons, une porte ouverte sur un long corridor ou se dresse un autel. Dans le haut du tableau: la mort de Saint Martin couche sur les dalles d'une cellule. Le Saint est entoure de plusieurs moines qui recitent des oraisons funebres. Un cierge allume est pose a terre, plus loin un goupillon, un benitier.  Un coin de paysage dans le fond.  Deux anges, dont l'un vetu de rose, l'autre de bleu, tiennent en suspension le Pere Eternel.  Bois Haut. 106 larg. 96.",1493,63.1,False,title_direct,JEAN MEMLINC,,OGGETTI IN LEGNO,,Sec. XV
BO0624_50794,386597,113,113,Portrait.,1500,80.0,False,positional,JEAN MEMLINC,,,,
BO0624_50794,386598,114,114,"L'Annonciation. , Brescia.",1522,70.0,False,positional,LUC MOMBELLI,,,,
BO0624_50794,386599,115,115,"GUIDO RENI DIT LE GUIDE 1575-1642, Bologne. Jesus a Gethsemani. A genoux au pied d’un rocher, Jesus, les mains jointes, prie avec ferveur. Dans le haut du tableau a gauche: une clarte celeste.  Bois Haut. 39 larg. 28.",1538,74.8,False,title_direct,GUIDO RENI,,OGGETTI IN LEGNO,,Sec. XVII
BO0624_50794,386600,116,116,"JEAN ROTTENHEMER 1564-1623,Munich. La mort de la Sainte Uierge. On la represente etendue sur un lit orne d' une draperie verte, les mains croisees sur la poitrine, couverte d'un manteau bleu, entouree de Saint Joseph, consterne et de nombreuses per- sonnes plongees dans la douleur.  Dans le haut, plusieurs anges qui sortent des nuages.  Toile Haut. 35 larg. 26.",1557,75.6,False,title_direct,JEAN ROTTENHEMER,,,,Sec. XVI
BO0624_50794,386601,117,117,"CHRISTOPHE ALLORI  DIT  LE BRONZINO 1577-1621,Florence. Judith et Holopherne. A gauche, Judith vetue d'une tunique rose, la manche du bras droit - arme d'un glaive - retroussee au-dessus du coude. La main gauche est passee dans la chevelure d' Holopherne. A droite une vieille femme, tournee de profil, le visage encadre d'un linge blanc sur lequel repose la tete du decapite qui represente le peintre lui-meme.  Toile Haut. 119 larg. 104.",1573,86.8,False,title_direct,CHRISTOPHE ALLORI,,,,Sec. XVII
BO0624_50794,386602,118,118,"LATTANZIO GAMBARO 1451-1574,Brescia. L'Assomption. Une foule nombreuse. les mains tendues, suit du regard la Vierge Marie. Elle monte au ciel escortee d' une nuee d'anges qui soutiennent le plis flottants de son ample manteau.  Toile Haut. 119 larg. 100.",1583,82.3,False,title_direct,LATTANZIO GAMBARO,,,,Sec. XVI
BO0624_50794,386603,119,119,"JACQUES CARRUCCI DIT PONTORMO 1493-1558,Pontormo. Madone. La Sainte Vierge est assise en robe rouge vif, la tete entouree d'une aureole, les cheveux epars couverts d''un voile blanc, tenant un livre dans la main droite.  Sur les marches d'un escalier, I' Enfant Jesus dont le petit corps potele est soutenu par sa Mere est debout et semble converser familierement avec deux anges places a gauche de la Madone.  A droite, deux autres anges-dont l'un a le pied pose sur un sac-font leurs confidences a la Vierge Mere qui prete une oreille complaisante a leurs gentils propos.  Groupe charmant ou les visages souriants sont pleins de naturel.  Bois Haut. 115 larg.95.",1596,44.6,False,title_direct,JACQUES CARRUCCI,,BIANCHERIA,,Sec. XVI
BO0624_50794,386604,120,121,"THOMAS MANZUOLI DIT MASO DI SAN FRIANO 1536-1575, San Friano. Madone. La Sainte Vierge est representee assise, somptueusement vetue d'une robe rouge avec manches vertes.   Elle tient dans ses bras I'Enfant-Jesus; ses yeux refletent tout l'amour qu'elle a pour son Divin Enfant.  Bois Haut. 41 larg. 27.",1605,50.3,False,title_direct,MASO DI SAN FRIANO,,OGGETTI IN LEGNO,,Sec. XVI
BO0624_50794,386605,121,120,"LAURENT LOTTO 1530, Venise. Portrait. Vieillard portant une longue barbe blanche, vetu d’un costume noir avec collet blanc.",1623,61.2,False,title_direct,LAURENT LOTTO,,,,Sec. XVI
BO0624_50794,386606,122,122,"JULES CAMPI 1502-1572,Cremone. Madone. Sur un fond de draperie verte, la Sainte Vierge est assise en robe rouge recouverte d'un manteau bleu. Un voile vert est pose sur les cheveux. L'Enfant Jesus, debout sur les genoux de sa Mere, a le regard baisse vers un saint invisible.  Haut. 52.Larg.43.",1639,89.7,False,title_direct,JULES CAMPI,,,,Sec. XVI
BO0624_50794,386607,123,123,"SALVATOR ROSA 1615-1673,Naples. Portrait d'un personnage oriental. Sur un fond de paysage montagneux se detache debout, en grandeur naturelle la silhouette d'un turc, tenant en laisse un chien attache a une chaine. ll porte une tunique flottante; les jambes sont nues, les pieds chausses de sandales. La tete est coiffee d'un turban. La main droite qui tient un glaive est repliee —— en un geste menacant — sur l'epaule gauche.  L'attitude et l'expression de ce jeune homme denotent la cruaute.",1648,84.2,False,title_direct,SALVATOR ROSA,,,,Sec. XVII
BO0624_50794,386608,124,124,"LE VALENTIN 1601-1634,France. Les quatre Euangelistes. Saint Mathieu, Saint Luc, Saint Jean et Saint Marc sont assis autour d'une table sur laquelle sont poses des livres.  Derriere eux, un ange; une tete de lion a gauche du tableau, une tete de boeuf a droite au premier plan.  Toile Haut. 120 larg. 168.",1660,55.9,False,title_direct,LE VALENTIN,,,,Sec. XVII
BO0624_50794,386609,125,125,"PAUL CALIARI DIT VERONESE 1528-1588,Venise. Portrait d'homme. Represente de face, a mi-corps, vetu d'un manteau borde de fourrure blanche.  Un col blanc, mou est rabattu sur l'habit noir.  Les yeux noirs, tres expressifs, donnent du caractere a cette physionomie. Un collier de barbe noire encadre le visage.  Toile Haut. 63 larg. 52.",1675,37.4,False,title_direct,PAUL CALIARI,,,,Sec. XVI
BO0624_50794,386610,126,126,"JACQUES ROBUSTI DIT LE TINTORET 1512-1594,Venise. Predication de Saint Jean. Dans un site sauvage, abrite par un énorme rocher, Saint Jean est debout au milieu d'une foule attentive et recueillie. Grisaille.  Toile Haut. 53 larg. 72.",1696,72.2,False,title_direct,JACQUES ROBUSTI,,,,Sec. XVI
BO0624_50794,386611,127,127,"JACQUES ROBUSTI DIT LE TINTORET 1512-1594,Venise.  Portrait de dame. Buste de jeune femme vue de face,vetue d'une robe en velours avec fine dentelle a I'encolure.  Les cheveux fauves font ressortir la blanche carnation du visage. Toile Haut. 51 larg. 41.",1710,54.6,False,title_direct,JACQUES ROBUSTI,,,,Sec. XVI
BO0624_50794,386612,128,128,"MAiTRE ESPAGNOL XVllme siecle. Bandit espagnol. Represente de face, en habit vert, la chemise deboutonnee laisse voir le cou et la poitrine. De la main droite, il tient un baton; son chapeau est sous le bras gauche. Une epaisse chevelure noire augmente encore l'air farouche de ce type vraiment meridional.",1718,70.3,False,title_direct,,MAiTRE ESPAGNOL,,,
BO0624_50794,386613,129,129,"DIONISE VERBURG  XVllme siecle, Hollande. Paysage. A gauche; un coin de foret plante d'arbres touffus; cinq personnes — dont trois a pied et deux a cheval -— sont arretees sur la route, et devisent gaiement.  Un vieillard est assis au pied d'un arbre denude; plus loin, un patre s'eloigne en conduisant une vache.  A droite, deux personnes suivent du regard une barque a voiles qui glisse sur l'eau; la riviere, apres avoir fait un coude, disparait de l'autre cote de la foret; quelques ruines s'elevent sur ses bords. A droite, les tourelles d'un chateau se dressent fierement sur la montagne.  Un village se voit au fond.  Le ciel est couvert de nuages blancs. Signe.  Bois Haut. 60 larg. 82.",1737,58.3,False,title_direct,DIONISE VERBURG,,OGGETTI IN LEGNO,,
BO0624_50794,386614,130,130,"BERNARD STROZZI  DIT LE PRETRE GENOIS 1581-1644, Genes. Jeune fille en extase. Sur un fond de paysage orageux, aux tons verts jaunatres, se detache le buste d'une jeune fille.  Vue de face, decolletee, portant un corsage cramoisi; un fine gaze blanche orne l'encolure.  Des cheveux admirables, aux nuances fauves cuivrees, encadrent le gracieux visage et retombent en boucles sur les epaules.  Toile Haut. 60 larg.50.",1759,46.0,False,title_direct,BERNARD STROZZI,,,,Sec. XVII
BO0624_50794,386615,131,131,"JUSTE SUSTERMANS 1597-1681,Anvers. Portrait d'un marechal. Revetu d'une armure sur laquelle est drape un manteau de soie bleue, coiffe d'un chapeau de feutre garni de plumes. La main gauche est posee sur la hanche. La main droite tient un baton de marechal qui est appuye sur une table recouverte d'un tapis de velours rouge. Le casque, faisant partie de l'armure est place sur la table.  Draperie verte dans le fond.  Toile Haut.110 larg. 87.",1769,85.6,False,title_direct,JUSTE SUSTERMANS,,,,Sec. XVII
BO0624_50794,386616,132,132,"SIR HENRI REABURN 1756-1823,Angleterre. Portrait. Un gentilhomme anglais est represente a mi-corps, vetu d'une riche simarre a deux rangees de boutons dores, garnie d'un col et jabot en dentelle.  Ce portrait se detache sur un fond de draperie rouge fonce dont les tons sont plus clairs vers le haut.   Visage tres expressif par la vivacite des yeux et la bonte du sourire.",1780,56.2,False,title_direct,SIR HENRI REABURN,,,,Sec. XVIII
BO0624_50794,386617,133,133,"MICHEL VAN MUSSCHER 1645-1705,Rotterdam. Portrait d’un Savant.  Assis dans un fauteuil de cuir, la main droite appuyee sur le dossier, la main gauche levee en un geste eloquent.  Vetue d'une robe de chambre verte, nouee a la taille par une cordeliere; la tete couverte d'une epaisse chevelure grise qui retombe en boucles epaisses sur les épaules.  Devant lui, sur une table recouverte d'un tapis brun, sont poses:  un encrier, un porte-plume et quelques livres.  bibliotheque.  Dans le fond,un rideau vert tire laisse apercevoir les rayons dune Toile Haut. 84 larg. 66.",1782,28.7,False,title_direct,MICHEL VAN MUSSCHER,,SCOMPARTI,,Sec. XVII
BO0624_50794,386618,134,134,"PIERRE PRUD'HON 1758-1823, Cluny. Apollon Citharede. Adolescent vu de face, a mi-corps. Une draperie rosatre laissant a decouvert le haut du corps, est posee negligemment vers le bas et retenue sur l'epaule gauche par un etroit ruban. La tete ressort finement sur un cercle lumineux bleu; une couronne de lauriers orne les belles boucles blondes. Dans les mains une cithare.  Gracieux portrait empreint de grace juvenile.  Toile Haut. 68 larg. 52.",1797,38.9,False,title_direct,PIERRE PRUD'HON,,,,Sec. XVIII
BO0624_50794,386619,135,135,"MAiTRE FRANCAIS XIXme siecle. Portrait de Napoleon. Revetu d'un justaucorps blanc, tunique bleue sombre; couvert de decorations, la main droite passee dans l'entrebaillement de la tunique.  Ce tableau est remarquable, car c'est le seul portrait connu de Toile Haut. 76 larg. 61.  Napoleon revetu de cet uniforme.",1805,36.7,False,title_direct,,MAiTRE FRANCAIS,,,
BO0624_50794,386620,136,136,"G.FITEL 1809. Portrait de Dame. Elle est assise dans un fauteuil en robe de soie noire Empire; un manteau rouge est jete negligemment sur le dossier. De beaux cheveux noirs, soigneusement releves au sommet de la tete,laissent echapper quelques boucles qui retombent sur le front. La tete fine est encadree d'un col genre Marie Stuart ouvert en pointe sur le devant du corsage;un collier a double rangee de perles orne le cou de la jeune femme. La main droite, tenant une plume, s'appuie sur un carton pose sur une table.  montagneux.  Une fenetre ouverte dans le fond, decouvre un coin de paysage Toile Haut. 120 larg. 84.",1813,43.3,False,title_direct,G.FITEL,,SCOMPARTI,,Sec. XIX
BO0624_50794,386621,137,137,"JEAN-AUGUSTE-DOMINIQUE INGRES 1780-1867,Montanban. Promethee. Represente debout, vu a mi-corps le bras droit replie sur la tete encadree de boucles blondes. L'autre bras est accoude sur un bloc de pierre place a gauche du tableau. Une draperie d'un rouge vif passe par dessus la tete, retombe negligemment dans le dos et contourne les hanches decouvrant le corps viril de l'adolescent.  Toile Haut.100 larg. 82.",1825,35.3,False,title_direct,JEAN-AUGUSTE-DOMINIQUE INGRES,,,,Sec. XIX
BO0624_50794,386622,138,138,"PIERRE VAN HANSELAERE 1786-1862,Gand. Portrait d’une jeune femme.Assise sur un fauteuil vert, portant une robe de velours noir avec manches de tulle. Une vaporeuse ruche en dentelle blanche orne le decollete de la robe. Les cheveux noirs sont  La main gauche est appuyee sur le fauteuil. Un livre est pose sur ses genoux, les doigts de la main droite sont  Toile Haut. 121 larg.88.",1827,29.9,False,title_direct,PIERRE VAN HANSELAERE,,SCOMPARTI,,Sec. XIX
BO0624_50794,386623,139,139,"JEAN BAPTISTE PERRONEAU 1715-1783,France Portrait. Portrait d'un gentilhomme coiffe d'une perruque poudree terminee par une natte et noeud de soie noire. L'habit de velours brun legerement entr'ouvert montre le somptuosite du gilet garni d’un riche jabot de dentelles.  La tete aux yeux profonds et expressifs est tournee de trois quarts vers la gauche.  Toile Haut.59 larg. 43.",1837,44.0,False,title_direct,JEAN BAPTISTE PERRONEAU,,,,Sec. XVIII
BO0624_50794,386624,140,140,"MAiTRE ANGLAIS XVllIme siecle. Portrait d’un Chasseur. Vu a mi-corps, debout, en habit vert, le col de la chemise qui est garnie d' un jabot en toile plissee, ouvert en pointe, sur la poitrine, tenant en mains un fusil. A droite du tableau, un petit chien qui regarde son maitre.  Ce portrait se detache sur un fond de paysage montagneux.",1841,29.0,False,title_direct,,MAiTRE ANGLAIS,,,
BO0624_50794,386625,141,141,"GUILLAUME JOSEPH-MALORD TURNER 1775-1851,Londres. Soleil Couchant. Un coin de lac entre de hautes montagnes. Au premier plan, assis sur un tertre, un jeune berger,vetu d'un habit rouge et bleu, chausse de guetres, tire d'une flute des sons melodieux dont les echos multiples se repercutent aux alentours.  A cote du tertre, un jeune couple se dispose a faire une promenade en barque.  Une gondole glisse sur les eaux paisibles du lac, laissant derriere elle un sillage argente. Un sentier boise mene a l'eglise placee sur une colline a droite du tableau.  Les tourelles d'un chateau en ruines se dressent fierement sur une montagne; le soleil passant par deux fenetres,y met une lueur d'incendie et depose, avant de se coucher, un dernier baiser sur les montagnes, et sur le lac.  Toile Haut. 20 larg.43.",1848,39.7,False,title_direct,GUILLAUME JOSEPH-MALORD TURNER,,,,Sec. XIX
BO0624_50794,386626,142,142,"NARCISSE-VIRGILE DIAZ  DE LA PENA 1808-1877,Bordeaux. Sous bois. Un coin de foret plante d'arbres touffus laissant filtrer les rayons du soleil qui depose, en se jouant a travers les branches et les troncs d'arbres, des taches lumineuses sur le gazon.  Au premier plan vers la gauche, un ruisseau sillonne le bois et, apres avoir contourne les arbres, se perd dans le lointain.  Ca et la,a travers le feuillage, des echappees de ciel bleu. Oeuvre des plus remarquables de ce maitre.  Signe en toutes lettres a droite dans le bas du tableau.  Toile Haut. 73 larg.95.",1857,35.3,False,title_direct,DE LA PENA,,OGGETTI IN LEGNO,,Sec. XIX
BO0624_50794,386627,143,143,"EDMOND HEDOUIN 1820, France. Soir d'ete.  Une jeune femme est assise sur un tertre au bord de l'eau; a peine couverte d'une gaze blanche, les yeux fixes au sol,le genou droit emprisonne de ses deux mains jointes, les pieds croises.  Des papillons blancs voltigent autour de la gracieuse silhouette.  A cote de la jeune femme, a droite un panier rempli de fleurs.  Des cimes d'arbres se detachent nettement sur un ciel couvert de legers. nuages.  Haut.40 larg.32.",1859,30.7,False,title_direct,EDMOND HEDOUIN,,,,Sec. XIX
BO0624_50794,386628,144,144,"FAUSTIN BESSON 1821,Dole. Portrait de dame. Jeune femme vue de profil, vetue d'une somptueuse robe d'interieur blanche avec semis de fleurs multicolores. La robe, legerement entr'ouverte,laisse apercevoir la chemise garnie de rubans roses.  De la main droite, elle s'appuie sur une table; la main gauche tient un chapelet. La jeune femme semble prier avant de gouter le repos, car les yeux sont leves au ciel; tout dans l'attitude indique le recueillement.  Signe a gauche au bas de la toile.  Toile Haut. 124 larg. 91.",1873,28.3,False,title_direct,FAUSTIN BESSON,,ARREDAMENTI,,Sec. XIX
BO0624_50794,386629,145,145,La Madone avec Jesus et Saint Jean bas relief oval (encadre) en faience polychrome de Pesaro. XVllime siecle.,1875,41.5,False,positional,JEAN BAPTISTE PERRONEAU,,BASSORILIEVI,,
BO0624_50794,386630,146,146,Plat en faience de Savone; scene allegorique; decor bleu. XVlme siecle.,1877,45.0,False,positional,JEAN BAPTISTE PERRONEAU,,PIATTI,,
BO0624_50794,386631,147,147,Vase en faience du Maroc; decor polychrome. XVme siecle.,1879,39.3,False,positional,JEAN BAPTISTE PERRONEAU,,VASI,,
BO0624_50794,386632,148,148,Vase en faience du Maroc; decor polychrome. XVme siecle.,1891,40.0,False,positional,,MAiTRE ANGLAIS,VASI,,
BO0624_50794,386633,149,149,Bouteille a deux anses en faience d’Urbagna; decor polychrome a personnages. XVIme siecle.,1895,42.0,False,positional,,MAiTRE ANGLAIS,,,
BO0624_50794,386634,150,150,Petit vase en faience de Caltagirone; decor polychrome autour d'un portrait. XVIme siecle.,1908,43.2,False,positional,GUILLAUME JOSEPH-MALORD TURNER,,VASI,,
BO0624_50794,386635,151,152,"Grand plat rond en faience de Venise; decor a paysage, ruines et plantes. XvllIme siecle.",1925,42.9,False,positional,DE LA PENA,,PIATTI,,
BO0624_50794,386636,152,153,Vase en faience de Montelupo avec saint au centre; riche decor polychrome. XVIme siecle.,1927,42.2,False,positional,DE LA PENA,,VASI,,
BO0624_50794,386637,153,154,"Broc en faience de Faenza; ornements bleu, vert et jaune. xVllme siecle.",1929,43.9,False,positional,DE LA PENA,Scuola Faentina,OGGETTI VARI,,
BO0624_50794,386638,154,155,Plat en faience de Faenza; decor a polycrome; au centre une tour. xVime siecle.,1942,41.7,False,positional,EDMOND HEDOUIN,Scuola Faentina,PIATTI,,
BO0624_50794,386639,155,156,Plat oval en faience d’ Urbino; decor raphaellesque. XVIme siecle.,1944,45.9,False,positional,EDMOND HEDOUIN,,PIATTI,,
BO0624_50794,386640,156,157,Grand vase en faience de Sicile; decor polychrome sur fond blanc: plusieurs figures de saints. xVllme siecle.,1966,56.2,False,positional,,,OBJETS DIVERS,,
BO0624_50794,386641,157,158,"Plat oval en faience de Venise; au centre, paysage entoure de decor a relief. Une felure. xvlllme siecle.",1967,64.0,False,positional,,,OBJETS DIVERS,,
BO0624_50794,386642,158,161,"Pendule en bronze cisele, renferme dans un écrin en bois avec pieds et amours en bronze egalement cisele. xvlllme siecle. Marquee Pietro Molinari di Pesaro.",1968,37.9,False,positional,,,OBJETS DIVERS,,
BO0624_50794,386643,159,159,Grand plat en faience d’Urbino; decor polychrome. XVime siecle.,1969,80.7,False,positional,,,OBJETS DIVERS,,
BO0624_50794,386644,160,160,Petit ecrin bois incruste. Travail flamand. xVIme siecle.,1973,53.7,False,positional,,,OBJETS DIVERS,,
BO0624_50794,386645,161,162,"Saint Jean, statuette en bois. XVlIme siecle.",1976,60.0,False,positional,,,OBJETS DIVERS,,
BO0624_50794,386646,162,163,La Deposition; bas-relief en bois polychrome. XVme siecle; cadredore.,1994,92.4,False,positional,,,OBJETS DIVERS,,
BO0624_50794,386647,163,164,Sainte Rose avec 1' Enfant-Jesus. Statue en bois sculpte polychrome; sur piedestal en bois dore; style baroque.,1996,96.4,False,positional,,,OBJETS DIVERS,,
BO0624_50794,386648,164,165,Modele de petit bureau en noyer avec garniture en bronze dore. Travail bolognais. XVllme siecle.,1997,74.8,False,positional,,,OBJETS DIVERS,,
BO0624_50794,386649,165,166,Un chien de chasse en bois sculpte. Empire.,1999,93.2,False,positional,,,OBJETS DIVERS,,
BO0624_50794,386650,166,167,"N, 167. Deux vases avec couvercles surmontes de deux citrons en verre de Murano. XVllme siecle.",2000,98.4,False,positional,,Scuola di Murano,OBJETS DIVERS,,
BO0624_50794,386651,167,168,Verre en forme de calice avec couvercle en cristal de Boheme; gravure guirlande et palme xVlime siecle.,2001,71.9,False,positional,,,OBJETS DIVERS,,
BO0624_50794,386652,168,169,Broc en cristal de Murano avec gravures or. xVllme siecle.,2003,94.9,False,positional,,Scuola di Murano,OBJETS DIVERS,,
BO0624_50794,386653,169,170,"Grand verre en forme de calice avec couvercle en cristal de Boheme; avec gravures: d'un cote, une femme assise sur un tonneau, de l'autre, les armoiries des Bourbons. XVllIme siecle.",2004,98.3,False,positional,,,OBJETS DIVERS,,
BO0624_50794,386654,170,171,N.171. Verre en forme de calice en cristal de Boheme grave et dore; medaillon representant un Bacchus. XVlllme siecle.,2005,98.7,False,positional,,,OBJETS DIVERS,,
BO0624_50794,386655,171,172,Bocal avec couvercle en cristal de Murano; gravures or. xVllme siecle...,2006,95.7,False,positional,,Scuola di Murano,OBJETS DIVERS,,
BO0624_50794,386656,172,173,Bocal avec couvercle en cristal de Murano; gravures or. xVlllme siecle.,2007,95.8,False,positional,,Scuola di Murano,OBJETS DIVERS,,
BO0624_50794,386657,173,174,Cassette style de Sansovino avec petites colonnes en albatre blanc et bronzes. XVime siecle.,2008,96.8,False,positional,SANSOVINO JACOPO,,OBJETS DIVERS,,
BO0624_50794,386658,174,175,Madone avec 1' Enfant Jesus; statue en bois polychrome dore; haut 1 m. 35. XVime siecile provenant de la collection du marquis Guidi de Faenza.,2009,97.9,False,positional,,Scuola Faentina,OBJETS DIVERS,COLLEZIONE DEL MARCHESE GUIDI DA FAENZA,
BO0624_50794,386659,175,176,Crucifix peint sur bois; aureole doree en relief. Ecole toscane. XIVme siecle.,2010,86.5,False,positional,,Scuola Toscana,OBJETS DIVERS,,
BO0624_50794,386660,176,177,Cassette avec incrustations de paille; a l'interieur une tablette peinte portant les armoiries de la famille Spada. xVime siecle.,2012,97.7,False,positional,,,OBJETS DIVERS,,
BO0624_50794,386661,177,178,"Deux porte-bijoux en argent cisele avec soucoupes en cristal de roche, émail et perles. XVime siecle; provenant de la collection Borghese.",2013,97.1,False,positional,,,OBJETS DIVERS,COLLEZIONE BORGHESE,
BO0624_50794,386662,178,179,Buste d'empereur romain en marbre XVIme siecle.,2014,93.9,False,positional,,,OBJETS DIVERS,,
BO0624_50794,386663,179,180,Grand vase en faience d'Urbino. Le centre represente un demi-buste d'eveque entoure de fruits et feuilles. Xvime siecle. Voir illustration.,2016,71.7,False,positional,,,OBJETS DIVERS,,
BO0624_50794,386664,180,181,"Grand vase en faience de Cafaggiolo; ornements vert, bleu et jaune a guirlande avec armoiries au centre. XVime siecle. Voir illustration.",2017,96.7,False,positional,,,OBJETS DIVERS,,
BO0624_50794,386665,181,182,Plat oval en faience d’ Urbino; medaillon au centre XVIme siecle.,2018,95.4,False,positional,,,OBJETS DIVERS,,
BO0624_50794,386666,182,183,La Vierge et l'Enfant Jesus; bas-relief en faience polychrome de Deruta.XVIme siecle.,2019,81.3,False,positional,,,OBJETS DIVERS,,
BO0624_50794,386667,183,184,Petit plat hispano-mauresque avec reflets or. XVime siecle.,2021,95.0,False,positional,,,OBJETS DIVERS,,
BO0624_50794,386668,184,185,Plat siculo-moresque avec reflets dores et cercles bleus. xVIme siecle.,2022,90.5,False,positional,,,OBJETS DIVERS,,
BO0624_50794,386669,185,186,Grand plat a pied en faience de Perse polychrome. XVme siecle.,2024,93.0,False,positional,,,OBJETS DIVERS,,
BO0624_50794,386670,186,187,Vase en faience des Abruzzes. XVIme siecle.,2025,93.2,False,positional,,,OBJETS DIVERS,,
BO0624_50794,386671,187,188,Broc en faience de Faenza; decor a feuilles. XVIme siecle.,2026,94.8,False,positional,,Scuola Faentina,OBJETS DIVERS,,
BO0624_50794,386672,188,189,"Plat en faience de Venise, sur fond bleu decor blanc et jaune. XVIllme siecle. Phototypie G.Modiano &amp; C.",2027,82.0,False,positional,,,OBJETS DIVERS,,
BO0624_50794,386673,189,190,Deux vases avec couvercles en faience de Sassuolo; decor: figures a relief.,2030,85.3,False,positional,,,OBJETS DIVERS,,
BO0624_50794,386674,190,191,Plat oval en faience de Caltagirone; decor polychrome representant Moise faisant jaillir l'eau d'un roc. XVIme siecle.,2035,97.5,False,positional,,,OBJETS DIVERS,,
BO0624_50794,386675,191,192,Vase en faience de Faenza; decor bleu. XVme siecle.,2037,94.1,False,positional,,Scuola Faentina,OBJETS DIVERS,,
BO0624_50794,386676,192,193,Broc en faience de Casteldurante; decor polychrome a couleurs vives; sur l'anse la date 16o6.,2039,96.8,False,positional,,,OBJETS DIVERS,,
BO0624_50794,386677,193,194,Bouteille en faience de Pavie. XVIme siecle.,2041,93.3,False,positional,,,OBJETS DIVERS,,
BO0624_50794,386678,194,195,Grand plat en faience de Venise; decor polychrome a paysage et architecture. XVillme siecle.,2043,96.7,False,positional,,,OBJETS DIVERS,,
BO0624_50794,386679,195,196,Vase en faience de Cafaggiolo; decor bleu. XVIme siecle.,2045,94.6,False,positional,,,OBJETS DIVERS,,
BO0624_50794,386680,196,197,Bouteille en faience de Padova; decor a stecco. XVme siecle.,2047,95.0,False,positional,,,OBJETS DIVERS,,
BO0624_50794,386681,197,198,"Grand plat ajoure en faience allemande; decor polychrome; une legende autour du plat. xVime siecle,",2049,96.9,False,positional,,,OBJETS DIVERS,,
BO0624_50794,386682,198,199,Ecuelle avec couvercle et soucoupe en faience de Rouen; decor polychrome a fleurs avec armoiries. xvlllme siecle.,2051,97.3,False,positional,,,OBJETS DIVERS,,
BO0624_50794,386683,199,200,"Plat en faience francaise; au centre, un serpent entoure d'écrevisses, de lézards, poissons, grenouilles, coquillages, feuilles etc. Oeuvre de Bernard Palissy. XVIme siecle. (Voir illustration).",2053,98.4,False,positional,,,OBJETS DIVERS,,
BO0624_50794,386684,200,201,Etoffe ancienne en brocart; dessins or sur fond argent.,2055,94.6,False,positional,,,OBJETS DIVERS,,
BO0624_50794,386685,201,202,"Gravure representant le ""Fils Puni , peinte par J. B. Greuze, gravee par B. Gaillard.",2057,96.2,False,positional,GREUZE J. B.,,OBJETS DIVERS,,
BO0624_50794,386686,202,203,"Gravure representant la ""Malediction Paternelle , peinte par J. B. Greuze, gravée par B. Gaillard.",2059,96.8,False,positional,GREUZE J. B.,,OBJETS DIVERS,,
BO0624_50794,386687,203,204,"Gravure representant la ""Mere Bienaimee , peinte par J. B. Greuze, gravee par B. Gaillard.",2061,96.5,False,positional,GREUZE J. B.,,OBJETS DIVERS,,
BO0624_50794,386688,204,205,"Pendule en bronze dore; char de triomphe tire par deux chevaux et deux personnages mythologiques; Epoque Empire. Ayant appartenue a la soeur de Napoleon I, Comtesse Baciocchi de Bologne, passee par heritage a la famille Jussi de Bologne.",2064,68.8,False,positional,,,OBJETS DIVERS,,
BO0624_50794,386689,205,206,Boite a jeux; laque de Venise blanc et vert avec decor a fleurs et figurines chinoises; a l'interieur petites soucoupes et boite. XVIllme siecle.,2066,97.9,False,positional,,,OBJETS DIVERS,,
BO0624_50794,386690,206,207,Boite a jeux; laque de Venise blanc et vert avec decor a fleurs terieur trois boites semblables et cinq soucoupes. Xvlllme siecle.,2067,67.4,False,positional,,,OBJETS DIVERS,,
BO0624_50794,386691,207,208,Centre de table Empire finement cisele; Travail francais.,2068,94.8,False,positional,,,OBJETS DIVERS,,
BO0624_50794,386692,208,209,Encrier en porcelaine de Sevres avec ornements dores sur fond noir. Epoque Empire.,2069,83.0,False,positional,,,OBJETS DIVERS,,
BO0624_50794,386693,209,210,,2070,0.0,False,positional,,,OBJETS DIVERS,,
BO0624_50794,386694,210,211,Idole indienne en bronze. xVlIme siecle.,2072,92.7,False,positional,,,OBJETS DIVERS,,
BO0624_50794,386695,211,212,Grand plat porcelaine de Perse; riche decor bleu a feuillages. XVIme siecle.,2073,86.3,False,positional,,,OBJETS DIVERS,,
BO0624_50794,386696,212,213,Plat en porcelaine de Chine avec dessins bleus sur fond blanc. XVlIme siecle.,2075,96.2,False,positional,,,OBJETS DIVERS,,
BO0624_50794,386697,213,214,Bouteille en porcelaine de Chine; decor bleu sur fond blanc. Xllme siecle.,2076,85.9,False,positional,,,OBJETS DIVERS,,
BO0624_50794,386698,214,215,Plat en porcelaine de Chine avec dessins bleus sur fond blanc.XlIme siecle.,2078,86.5,False,positional,,,OBJETS DIVERS,,
BO0624_50794,386699,215,216,"Plat, porcelaine de Chine avec dessins bleus sur fond blanc. XVlllme siecle.",2080,96.1,False,positional,,,OBJETS DIVERS,,
BO0624_50794,386700,216,217,Vase en porcelaine de Chine du xVllme siecle.,2081,93.6,False,positional,,,OBJETS DIVERS,,
BO0624_50794,386701,217,218,Plat en porcelaine de Chine; decor polychrome a fleurs; larges bords verts avec reserves de paysages. xvlime siecle.,2082,97.4,False,positional,,,OBJETS DIVERS,,
BO0624_50794,386702,218,219,"Potiche ancienne porcelaine de Chine, fond blanc, decor poly chrome a paysage. xVllme siecle.",2083,95.2,False,positional,,,OBJETS DIVERS,,
BO0624_50794,386703,219,220,"Potiche ancienne porcelaine de Chine, fond blanc; decor polychrome a paysage. XVllme siecle. Phototypie G.Modiano &amp;C  Milan",2084,81.9,False,positional,,,OBJETS DIVERS,,
BO0624_50794,386704,220,221,"Plat en porcelaine de Chine, fond blanc avec ornements de fleurs couleur rose. xvilIme siecle.",2089,78.8,False,positional,,,OBJETS DIVERS,,
BO0624_50794,386705,221,222,Plat en porcelaine de Chine; decor polychrome a fleurs et or. XVllme siecle.,2091,85.5,False,positional,,,OBJETS DIVERS,,
BO0624_50794,386706,222,223,Deux vases a anses en porcelaine de Chine bleu fouette avec arabesques en or et légende. XvllIme siecle.,2093,70.7,False,positional,,,OBJETS DIVERS,,
BO0624_50794,616435,223,224,"Grand plat en porcelaine de Chine sur fond blanc, dessins gris-rouges. XVlllme siecle.",2095,77.2,False,positional,,,OBJETS DIVERS,,
BO0624_50794,616436,224,225,"Grand vase chinois avec couvercle ajoure; sur fond blanc, decor polychrome a fleurs, paysages et oiseaux.",2097,72.6,False,positional,,,OBJETS DIVERS,,
BO0624_50794,616437,225,226,Grand plat en porcelaine de Chine famille verte; marque. XVIme siecle.,2099,85.0,False,positional,,,OBJETS DIVERS,,
BO0624_50794,616438,226,227,Plat chinois marque. XVlllme siecle.,2101,91.9,False,positional,,,OBJETS DIVERS,,
BO0624_50794,616439,227,228,Deux grands vases bleu fouette en porcelaine de Chine;riches decors et dessinsen or; famille bleu; anses imitant le Bambou.XVllme siecle.,2102,92.3,False,positional,,,OBJETS DIVERS,,
BO0624_50794,616442,228,229,Bouteille en faience de Pesaro; decor polychrome a personnes et paysages sur fond blanc. xVlIme siecle.,2104,71.5,False,positional,,,OBJETS DIVERS,,
BO0624_50794,616443,229,230,Plat en faience de Pavia; decor a fleurs vertes. XVIme siecle.,2106,95.2,False,positional,,,OBJETS DIVERS,,
BO0624_50794,616444,230,231,Bouteille ronde polychrome en faience de Montelupo avec deux tetes a relief. xVllme siecle.,2107,96.7,False,positional,,,OBJETS DIVERS,,
BO0624_50794,616445,231,232,Vase en faience de Cafaggiolo; decor bleu. XVime siecle.,2108,94.6,False,positional,,,OBJETS DIVERS,,
BO0624_50794,616446,232,233,Porte-bijoux en faience d' Urbino; decor et figure de guerrier. XVIme siecle.,2109,96.1,False,positional,,,OBJETS DIVERS,,
BO0624_50794,616447,233,234,Vase en faience de Cafaggiolo; decor bleu et jaune; couleurs vives. XVIme siecle.,2110,94.5,False,positional,,,OBJETS DIVERS,,
BO0624_50794,616448,234,235,"Plat en faience d'Urbino (Patanassa) a couleurs fortes et vives; au centre, un amour sur fond de paysage; 1ere moitie du xVIme siecle.",2111,97.7,False,positional,,,OBJETS DIVERS,,
BO0624_50794,616449,235,236,Vase en faience de Cafaggiolo; decor bleu. xVIme siecle.,2112,94.6,False,positional,,,OBJETS DIVERS,,
BO0624_50794,616450,236,237,"Plat en faience de Faenza; au centre, deux mains enlaces; une couronne de noblesse et les lettres F C; le bord est formé d'un ruban tresse bleu et vert.",2113,98.0,False,positional,,Scuola Faentina,OBJETS DIVERS,,
BO0624_50794,616452,237,238,"Vase en faience de Montelupo avec portrait d'homme, demibuste; decor polychrome. XVime siecle.",2114,96.8,False,positional,,,OBJETS DIVERS,,
BO0624_50794,616453,238,239,La Vierge et Saint Joseph; haut-relief en faience de Faenza a couleurs vives (fragment). xVme siecle.,2115,73.2,False,positional,,Scuola Faentina,OBJETS DIVERS,,
BO0624_50794,616454,239,240,Sainte tenant en mains un livre; sculpture du XIVme siecle en pierre dure.(Travail francais).,2117,77.4,False,positional,,,OBJETS DIVERS,,
BO0624_50794,616455,240,241,Petit coffre recouvert d'etoffe rouge et bronze. XVme siecle. (Travail lombard).,2119,96.2,False,positional,,,OBJETS DIVERS,,
BO0624_50794,616456,241,242,Plat oval en metal avec ornements et figures en relief. XVlllme siecle.,2120,95.8,False,positional,,,OBJETS DIVERS,,
BO0624_50794,616457,242,243,Deux lions couches en bronze cisele du XVlllme siecle.,2121,94.6,False,positional,,,OBJETS DIVERS,,
BO0624_50794,616458,243,244,Coffret recouvert d'etoffe en bronze XVme siecle.(Travail lombard).,2122,95.5,False,positional,,,OBJETS DIVERS,,
BO0624_50794,616459,244,245,Sculpture doree baroque. Porte d'un ciborium Sainte Verisimo martyre.,2123,87.4,False,positional,,,OBJETS DIVERS,,
BO0624_50794,616460,245,246,Madone avec lEnfant-jesus;haut-relief en bois avec traces de polychromie xVme siecle.,2125,94.9,False,positional,,,OBJETS DIVERS,,
BO0624_50794,616461,246,247,"Statue en bois sculpte, dore, polychrome; representant la Vierge avec l'Enfant Jesus appuye sur son genou. xVme siecle.",2126,97.4,False,positional,,,OBJETS DIVERS,,
BO0624_50794,616462,247,248,"Coffret en bois sculpte laque noire avec peintures, dorures et incrustations de nacre. Ouvrage venitien. XVme siecle.",2127,67.8,False,positional,,,OBJETS DIVERS,,
BO0624_50794,616463,248,249,Buste d'une sainte en terre cuite. XVme siecle.,2129,90.9,False,positional,,,OBJETS DIVERS,,
BO0624_50794,616464,249,250,Saint Sebastien. Sculpture en bois de buis. Travail allemand. XVIme siecle.,2130,95.9,False,positional,,,OBJETS DIVERS,,
BO0624_50794,616465,250,251,Noeud dore en bronze cisele et dore. Inscription et date 1680; marque.,2131,95.7,False,positional,,,OBJETS DIVERS,,Sec. XVII
BO0624_50794,616466,251,252,"Buste d’empereur romain en porphyre rouge, provenant de fouilles.",2132,87.8,False,positional,,,OBJETS DIVERS,,
BO0624_50794,616467,252,253,Petit plat rond en email blanc avec arabesques. XVlllme siecle.,2136,95.3,False,positional,,,OBJETS DIVERS,,
BO0624_50794,616468,253,254,Deux chandeliers en cuivre émaille bleu et or. XVillme siecle.,2137,95.2,False,positional,,,OBJETS DIVERS,,
BO0624_50794,616469,254,255,Buste de grande dame en terre cuite. XVme siecle attribue a Pollajolo.,2138,95.8,False,positional,,,OBJETS DIVERS,,
BO0624_50794,616470,255,256,Vase en faience italienne bleue; marque 1566.,2139,93.5,False,positional,,,OBJETS DIVERS,,Sec. XVI
BO0624_50794,616471,256,257,Statuette de satyre en bois sculpte tenant en main une grappe de raisins. XVIme siecle.,2140,80.3,False,positional,,,OBJETS DIVERS,,
BO0624_50794,616472,257,258,Deux figures en bois (saints éveques). xVme siecle.,2142,94.0,False,positional,,,OBJETS DIVERS,,
BO0624_50794,616473,258,259,"Jesus de Nazareth. Oeuvre remarquable par la finesse de la sculpture, la conservation de la polychromie; des rubis incrustes dans le bois marquent les gouttes de sang. Sculpture florentine du XVime siecle",2143,96.7,False,positional,,Scuola Fiorentina,OBJETS DIVERS,,
BO0624_50794,616474,259,260,Madone avec 1’ Enfant Jesus; en pierre; haut relief. Travail toscan du xVme siecle. Ecole de Donatello.,2145,70.4,False,positional,,,OBJETS DIVERS,,
BO0624_50794,616475,260,261,Deux bustes en marbre sur socle en marbre rose. Ecole de Bernini. XVllme siecle.,2147,96.2,False,positional,BERNINI GIOVANNI LORENZO,Scuola di Bernini,OBJETS DIVERS,,
BO0624_50794,616476,261,262,Grand plat en faience de Cafaggiolo; decor polychrome. XVIme siecle.,2148,95.6,False,positional,,,OBJETS DIVERS,,
BO0624_50794,616477,262,263,Grand plat en faience de Faenza; au centre une figure de saint. XVllme siecle.,2149,85.9,False,positional,,Scuola Faentina,OBJETS DIVERS,,
BO0624_50794,616478,263,264,Grand plat en faience de Cafaggiolo; decor polychrome. xVIme siecle.,2151,95.6,False,positional,,,OBJETS DIVERS,,
BO0624_50794,616479,264,265,Saint Bernardin; buste en terre cuite; provenant de la collection du marquis Guidi de Faenza. (Voir illustration).,2152,97.3,False,positional,,Scuola Faentina,OBJETS DIVERS,COLLEZIONE DEL MARCHESE GUIDI DA FAENZA,
BO0624_50794,616480,265,266,Cassette ecrin en noyer avec plusieurs tiroirs a 1' interieur; angles et pieds en bronze cisele; sur les poignees et les charnieres traces de dorures. XVime siecle.,2153,98.1,False,positional,,,OBJETS DIVERS,,
BO0624_50794,616481,266,267,Statuette en terre cuite representant un declamateur. Travail ve nitien du XVllme siecle.,2154,96.7,False,positional,,,OBJETS DIVERS,,
BO0624_50794,616482,267,268,Plat creux earre an porcelaine blanche; decor a fleurs; marque. Provenant de la fabrique imperiale de Catherine de Russie.,2155,97.5,False,positional,,,OBJETS DIVERS,,
BO0624_50794,616483,268,269,Plat creux carre en porcelaine; decor a fleurs; marque. Provenant de la fabrique imperiale de Catherine de Russie.,2156,66.7,False,positional,,,OBJETS DIVERS,,
BO0624_50794,616484,269,270,Paravent en porcelaine de Chine; divise en huit parties.,2158,94.7,False,positional,,,OBJETS DIVERS,,
BO0624_50794,616485,270,271,"Bouteille en faience de Padova; ornements jaune, vert et brun.XVme siecle.",2159,86.8,False,positional,,,OBJETS DIVERS,,
BO0624_50794,616486,271,272,Vase en faience de Cafaggiolo; decor bleu et jaune. xVIme siecle.,2161,93.9,False,positional,,,OBJETS DIVERS,,
BO0624_50794,616487,272,273,"Petit plat en faience de Faenza; au centre le mot “Laura&gt;: ornements bleu, vert et jaune. xVme siecle.",2162,72.3,False,positional,,Scuola Faentina,OBJETS DIVERS,,
BO0624_50794,616488,273,274,Vase en faience de Cafaggiolo; decor bleu. xVIme siecle.,2164,94.6,False,positional,,,OBJETS DIVERS,,
BO0624_50794,616489,274,275,"Petit plat en faience de Faenza: decor blanc sur fond cendre. Au centre, le mot “Gulia B.,, XVme siecle.",2165,73.3,False,positional,,Scuola Faentina,OBJETS DIVERS,,
BO0624_50794,616490,275,276,Vase en faience de Caltagirone; decor polychrome a couleurs vives. XVIme siecle.,2167,96.2,False,positional,,,OBJETS DIVERS,,
BO0624_50794,616491,276,277,Vase en faience de Cafaggiolo; decor bleu et jaune. xVime siecle.,2168,95.4,False,positional,,,OBJETS DIVERS,,
BO0624_50794,616492,277,278,Grand plat en faience d'Urbino; decor polychrome; au centre un saint. Cadre en bois. XVme siecle.,2169,72.2,False,positional,,,OBJETS DIVERS,,
BO0624_50794,616493,278,279,Grand plat en faience d’' Urbino; decor polychrome; au centre un saint. Cadre en bois. XVime siecle.,2171,71.7,False,positional,,,OBJETS DIVERS,,
BO0624_50794,616494,279,280,"Bas-relief en faience de Pavia, forme tabernacle a colonnes, representant la Vierge et l’ Enfant Jesus. XVme siecle.",2173,68.5,False,positional,,,OBJETS DIVERS,,
BO0624_50794,616495,280,281,"Statuette en faience anglaise, polychrome portant 1' inscription: “Mower,. XVllIme siecle.",2175,82.1,False,positional,,,OBJETS DIVERS,,
BO0624_50794,616496,281,282,"Statuette en faience anglaise polychrome, portant l inscription: ""Falconer,. xVllme siecle.",2177,96.6,False,positional,,,OBJETS DIVERS,,
BO0624_50794,616497,282,283,"Deux statuettes -pendant - en faience anglaise, polychrome,portant les inscriptions: “ Gardener et Galego ,. XVllme siecle.",2179,67.4,False,positional,,,OBJETS DIVERS,,
BO0624_50794,616498,283,284,Deux statuettes en terre cuite. XVllme siecle.,2180,93.6,False,positional,,,OBJETS DIVERS,,
BO0624_50794,616499,284,285,Deux statuettes en terre cuite. XVlllme siecle.,2181,93.8,False,positional,,,OBJETS DIVERS,,
BO0624_50794,616500,285,286,"Cassette écrin, cadeau de noces, en fer cisele; sur le couvercle sont gravees les figurines des epoux.",2182,97.0,False,positional,,,OBJETS DIVERS,,
BO0624_50794,616501,286,287,Deux mascarons en bronze cisele. XVIme siecle.,2183,91.7,False,positional,,,OBJETS DIVERS,,
BO0624_50794,616502,287,288,Quatre lions en bronze. XVIme siecle.,2184,92.1,False,positional,,,OBJETS DIVERS,,
BO0624_50794,616503,288,289,"Un Christ pour crucifix, les bras etendus bronze,cisele du xVllIme siecle.",2185,96.0,False,positional,,,OBJETS DIVERS,,
BO0624_50794,616504,289,290,Deux anges · pendant - en bronze dore etendus sur socles en marbre. XVlllme siecle.,2186,75.9,False,positional,,,OBJETS DIVERS,,
BO0624_50794,616505,290,291,Deux chandeliers en bronze cisele. xVlIme siecle.,2188,94.0,False,positional,,,OBJETS DIVERS,,
BO0624_50794,616506,291,292,Amour en bronze dore sur piedestal de marbre; tenant une couronne et une corne d'abondances. xVIme siecle.,2189,97.2,False,positional,,,OBJETS DIVERS,,
BO0624_50794,616507,292,293,"Faune dansant, tenant des plats en mains; bronze sur piedestal de pierre. xVIme siecle.",2190,80.5,False,positional,,,OBJETS DIVERS,,
BO0624_50794,616508,293,294,Statuette en bronze dore cisele representant une femme; sur,2192,92.8,False,positional,,,OBJETS DIVERS,,
BO0624_50794,616509,294,295,Satyre ivre qui danse; bronze cisele sur piedestal en marbre. XVIme siecle.,2194,86.1,False,positional,,,OBJETS DIVERS,,
BO0624_50794,616510,295,296,Encrier avec couvercle; bronze; cisele travail oeuvre de Ricci. XVIme siecle.,2196,96.1,False,positional,SEBASTIANO RICCI,,OBJETS DIVERS,,
BO0624_50794,616511,296,297,"Saint Jean, bronze du xVme siecle.",2197,91.4,False,positional,,,OBJETS DIVERS,,
BO0624_50794,616512,297,298,Jeune homme jouant du fifre; bronze sur piedestal de marbre. XVime siecle.,2198,95.9,False,positional,,,OBJETS DIVERS,,
BO0624_50794,616514,298,299,Aigle royal aux ailes deployees. Travail toscan du XVme ou XVIme siecle.,2199,94.0,False,positional,,,OBJETS DIVERS,,
BO0624_50794,616515,299,300,Deux amours - pendant - tenant deux torches. Bronze. xVlme siecle. (Voir illustration).,2200,94.5,False,positional,,,OBJETS DIVERS,,
BO0624_50794,616516,300,301,"Deux bases en porcelaine de Sevres couleur rose; decor or, fruits et fleurs; monture bronze dore et cisele. Epoque Louis XVI.",2201,97.6,False,positional,,,OBJETS DIVERS,,
BO0624_50794,616517,301,302,Groupe en porcelaine blanche de Venise. XVIme siecle.,2202,94.4,False,positional,,,OBJETS DIVERS,,
BO0624_50794,616518,302,303,"Groupe en porcelaine blanche de Saxe,representant une Muse tenant une cithare; marquee.",2203,96.6,False,positional,,,OBJETS DIVERS,,
BO0624_50794,616519,303,304,Statuette en porcelaine blanche de Saxe representant Vulcain; marquee.,2204,95.8,False,positional,,,OBJETS DIVERS,,
BO0624_50794,616520,304,305,"Groupe en porcelaine de Saxe representant une aventure galante. Dans le haut, un singe temoin de la scene; marquee. xvlime siecle.",2205,97.7,False,positional,,,OBJETS DIVERS,,
BO0624_50794,616521,305,306,"Amours groupes sous un arbre, en porcelaine blanche de Vienne; marquee. XVllIme siecle.",2206,96.5,False,positional,,,OBJETS DIVERS,,
BO0624_50794,616522,306,307,Tasse et soucoupe en porcelaine de Vienne sur fond gris-vert et or. Epoque Empire.,2207,96.4,False,positional,,,OBJETS DIVERS,,
BO0624_50794,616523,307,308,Tasse Trembleuse en porcelaine de Sevres blanche: decor a fleurs; bords peints en bleu; marquee. XVilIme siecle.,2208,97.3,False,positional,,,OBJETS DIVERS,,
BO0624_50794,616524,308,309,Beurrier avec couvercle en porcelaine de Sevres; pate tendre en bleue avec fleurs; marquee XVillme siecle.,2209,97.2,False,positional,,,OBJETS DIVERS,,
BO0624_50794,616525,309,310,"Garniture composee d'une pendule et de deux candelabres Louis XVI en bronze dore decoree de guirlandes. Travail francais signe "" Gille Laine Paris ,. (Voir illustration).",2210,98.2,False,positional,,,OBJETS DIVERS,,
BO0624_50794,616526,310,311,Deux vases en porcelaine blanche de Capodimonte; ornements mythologiques a relief. L'un des vases est marque avec la lettre N surmontee d'une couronne.,2211,98.0,False,positional,,,OBJETS DIVERS,,
BO0624_50794,616527,311,312,Madone avec 1 Enfant Jesus. Statue en marbre: haut. 8o centm. XVIllme siecle.,2212,96.0,False,positional,,,OBJETS DIVERS,,
