catalogue_id,chunk_db_id,chunk_id,num,title,matched_line,match_score,low_confidence,entity_match_method,artist,school,object_type
BO0624_4513,90369,1,1,MAsQuE comique en terre.cuite.,152.0,68.8,False,positional,,,Terres cuites
BO0624_4513,90370,2,2,"BAS-RELlEF en terre cuite offrant au mi lieu une tete barbue et aux cotes des dauphins; en haut, frise.Traces de polychromie. Epoque romaine.",156.0,89.4,False,positional,,,Terres cuites
BO0624_4513,90371,3,3,"BAs-RELIEF en terre cuite a volutes,palmettes et tete de femme au milieu.",160.0,73.3,False,positional,,,Terres cuites
BO0624_4513,90372,4,4,"LoT de:une petite tete d'homme couronne,un fragment d'une tete delion et une base a decor de palmettes etde feuilles.",164.0,80.0,False,positional,,,Terres cuites
BO0624_4513,90373,5,5,"FRAGMENT de frise en terre cuite.Tete de lion,la bouche beante.",172.0,87.0,False,positional,,,Terres cuites
BO0624_4513,90374,6,6,CoMBAT d'un lion avecun taureau.Basrelief en terre cuite.Traces de polycrho mie. Epoque romaine.,176.0,75.1,False,positional,,,Terres cuites
BO0624_4513,90375,7,7,"BusTE de jeune homme imberbe,a la chevelure longue et bouclée.La tetelé gerement tournee a gauche.(Alexandre ?). Applique.Patine verte,rugueuse.Epoque romaine.",182.0,67.3,False,positional,,,Bronzes
BO0624_4513,90376,8,8,LoT de six anses de vases. Differentes epoques et decorations.,186.0,80.3,False,positional,,,Bronzes
BO0624_4513,90377,9,42,"DEUX STATUETTES D'ANGES debout, drapes de long, portant un vase. Socle carre.Les tetes sont peintes au naturel, les robes a feurs dorees. Travail venitien en bois polychrome et dore du XVe siecle.Pieces tres rares.",191.0,88.8,False,positional,,,Bronzes
BO0624_4513,90378,10,43,"S.e CATHERINE, debout, drapee d'un manteau rouge retenu sur la poitrine par une agrafe formee d'une tete de seraphin. Une couronne royale sur la tete, palme et livre dans les mains. Statue en bois polychrome et doree.XVe siecle.Art ombrien.",197.0,85.5,False,positional,,,Bronzes
BO0624_4513,90379,11,44,"DEEssE de la mer,nue, debout, sur dauphin.La chevelure blonde, longue, fottant en l'air.Bois polychrome.Le bras gauche manque. XVIe siecle.",203.0,88.5,False,positional,,,Bronzes
BO0624_4513,90380,12,45,UNE PAIRE de ciseaux a ornements encroustes d'or. XVI siecle.,209.0,89.8,False,positional,,,Bronzes
BO0624_4513,90381,13,46,FOPPA VINCENZO. ST SEBASTIEN lie a larbre. Statuette en bois polychrome. Travail tres remarqua ble pour le modele et l'expression. Bonne conservation.,215.0,72.9,False,positional,,,Bronzes
BO0624_4513,90382,14,47,"FOPPA VINCENZO. PLAQUE cintree par le haut,peinte en emaux de couleurs,representant la Descente de la Croix. Limoges.",221.0,67.9,False,positional,,,Bronzes
BO0624_4513,90383,15,48,"DONATELLO. La Vierge et IEnfant Jesus a mi-corps. Bas-relief en stuc peint,renferme dans un encadrement parseme d'etoiles dorees sur fond bleu,cintre du haut et enrichi de rosaces. Piece de tout premier ordre.",227.0,84.1,False,positional,,,Bronzes
BO0624_4513,90384,16,49,PLAT CREUX a marli et fond decores d'ornements executes par le procede dit: bianco su bianco. Rare. Fabrique de Faenza. Marli casse.,233.0,83.6,False,positional,,,Bronzes
BO0624_4513,90385,17,50,"Broc avec inscription pharmaceutique encadree dans une couronne de feuilles. Emaux vert,bleu et jaune. Fabrique de Faenza.",237.0,79.5,False,positional,,,Bronzes
BO0624_4513,90386,18,51,"PLAT CREUX,Deux saints sur un bu cher.A gauche des soldats,a droite des cavaliers.Dans le lointain,ville,riviere et montagnes.En haut armoiries.Fabrique d'Urbino.",241.0,75.2,False,positional,,,Bronzes
BO0624_4513,90387,19,52,GRAND PLAT a decor de figures mythologiques et fantastiques et ornements varies de couleurs bleues sur fond blanc.Fabrique de Moustier.Felee.,247.0,83.0,False,positional,,,Bronzes
BO0624_4513,90388,20,53,"PETIT BROc de forme ovoide, a bec et goulot droit relie a la pause avec anse plate.Inscription pharmaceutique, feuil les,oiseaux en couleurs bleues sur fond berettino.Sous le bec les armoiries des Piccolomini.Aubas du vase,mascaron.Sur l'anse la date 1573.Fabrique de Faenza.",251.0,79.9,False,positional,,,Bronzes
BO0624_4513,90389,21,54,"GRAND PLAT a large bord divise en compartiments avec ornements varies de couleurs jaune, bleu,vert a refets irises sur fond clair. Au centre armoiries du cardinal Farnese. Le revers en jaune fonce. Fabrique de Pesaro.",256.0,94.1,False,positional,,,Bronzes
BO0624_4513,90390,22,55,"BoUCLE D'oREILLE en forme de coffre, orneed'une cotedepalmettes et del'autre d'un pendentif en perle Sur les fancs une grecque en fligrane. Art é trusque.",264.0,72.2,False,positional,,,Bronzes
BO0624_4513,90391,23,56,"QUATRE ORNEMENTS formes par une base rectangulaire surmontee d'un feuron a plusieurs petales en feuille dor, offrant au milieu un petit oiseau.",270.0,84.8,False,positional,,,Bronzes
BO0624_4513,90392,24,57,"Deux bullae,offrant d'un cote l'Archange Michel debout, tenant la crosse de la main droite et la croix dela main gauche;et de l'autre cote un chaton rond et quatre autres a losange, entoures d'un rang de petites oreillettes.Le bord de core d'une branche au repousse. Art byzantjn. Tres rares.",278.0,81.9,False,positional,,,Bronzes
BO0624_4513,90393,25,58,"PAIRE DE BOUCLES D'OREILLE.ErOSSuspendu a une rosace, tient d'une main une feur et de l'autre une branche. La figurine est en or souffle.Art grec.",284.0,82.7,False,positional,,,Bronzes
BO0624_4513,90394,26,59,"TRENTE-CINQ BOUCLES en or souffe, de differentes grandeurs, en partie ornees d'ornements au repousse.",290.0,96.6,False,positional,,,Bronzes
BO0624_4513,90395,27,60,o.DEUX ESCABEAUx a large dossier convexe.Ornements sculptes.XVI siecle.,294.0,64.9,False,positional,,,Bronzes
BO0624_4513,90396,28,61,Bureau en acajou Louis XVI. Haut.1.45-Larg.o.89.,298.0,73.8,False,positional,,,Bronzes
BO0624_4513,90397,29,62,"BAsE triangulaire de candelabre a tete de beliers,cartouche,cariatides et ornements en bois sculpte et dore.",299.0,75.3,False,positional,,,Bronzes
BO0624_4513,90398,30,63,MEUBLE D'APPUI a riche decoration architectonique. Noyer et ébene. Travail allemand.,307.0,81.4,False,positional,,,Bronzes
BO0624_4513,90399,31,64,L'ANNONCIATION. Panneau. XVe siecle. M0.24X0.24.,315.0,71.3,False,positional,,,Bronzes
BO0624_4513,90400,32,65,ECOLE FLORENTINE.  (XVe siecle). La MADONE et STE MARIE MADELEINE pleurant au pied de la Croix.Fragment de tableau.XVe siecle.,321.0,80.0,False,positional,,,Tableaux
BO0624_4513,90401,33,66,"ROSUSTREMIERES. FLEURs. Peinture sur toile. Signe en bas, a gauche. Cadre dore.",327.0,81.4,False,positional,,,Tableaux
BO0624_4513,90402,34,67,"ECOLE FLORENTINE.  (XVe siecle). PETIT TRIPTYQUE. La Vierge et lEnfant, St Jean et St Pierre dans le panneau central. Saints sur le volet gauche. Le Christ en croix et les Saintes femmes sur le volet droit. Le triptyque pose sur un soubassement colorie et grave. Belle conservation.",334.0,92.5,False,positional,,,Tableaux
BO0624_4513,90403,35,68,ECOLE DES VIVARINI.  (XVIe siecle). ST EMIDE et ST ANTOINE eveque de la Thebaide.Deux volets de triptyque a fond dore. Bois.Perkins Cat. Nevin n.29.,342.0,66.9,False,positional,,,Tableaux
BO0624_4513,90404,36,69,ECOLE FLORENTINE.  (XVe siecle). LE MARIAGE DE LA VIERGE. XVe siecle.,,53.3,True,none,,,
BO0624_4513,90405,37,70,TAMAROCCIO.  (Eleve de F.Francia). LA VIERGE tenant entre ses bras son Divin Fils. Peinture sur bois. Cadre dore.,364.0,80.4,False,positional,,,Tableaux
BO0624_4513,90406,38,71,"ECOLE DI LORENZO DI CREDI.  (XVIe siecle). SAINTE FAMILLE. La Vierge en adoration devant l'Enfant Jesus couche sur la terre, St Joseph a gauche. Fond de paysage boise. Peinture sur panneau rond.",374.0,82.8,False,positional,,,Tableaux
BO0624_4513,90407,39,72,"BARTOLOMEO VIVARINI.  (XVe siecle). LA VIERGE tenant sur ses genoux le Divin Enfant, assise sur trone enguirlande,entouree de quatre anges jouant des instruments musicaux.Le fond est dore. Bois. Superbe conservation.Chef d'ceuvre provenant de la renommee collection du marquis Caccialupi de Macerata,achetee par le Rev.R.Nevin.Perkins, Cat. Nevin n. 141. Rome, 1907.",386.0,80.0,False,positional,,,Tableaux
BO0624_4513,90408,40,73,"ECOLE DE GIORGIONE.  (G.Barbarelli). (XVIe siecle). JoUEUR DE FLOTE a mi-buste, vu de dos et tournant la tete vers le spectateur. Bois. Cadre a frise ornee de feuillages dorees en relief, en pate.",397.0,65.3,False,positional,,,Tableaux
BO0624_4513,90409,41,74,PESELLINO.  (Peselli Francesco). (1426-1457). LE MARIAGE DE LA VIERGE.La cere monie des fiancailles a lieu dans une campagne. Bois.,,59.1,True,none,,,
BO0624_4513,90410,42,75,"NICCOLO'DE L'ARCA. DEUx ANGEs,les mains croisees en acte de priere,debout dans niches. Euvre extraordinaire par douceur d'expression et delicatesse d'execution.Les sculptures de ce maitre sont d'une extreme rarete et nous croyons qu'aucun musee n'en possede.Parfaite conservation.",416.0,77.4,False,title_direct,NICCOLO'DE L'ARCA,,Sculptures
BO0624_4513,90411,43,76,"NICCOLO'DE L'ARCA. BASE TRIANGULAIRE de candelabre ornee aux angles de sphinx ailees, a corps de femme; sur les trois faces de fri ses a ornements a volutes, tetes de lions, et festons et dans la partie superieure de guirlandes et tetes de seraphins.Deux tetes des sphinx manquent.",422.0,71.8,False,title_direct,NICCOLO'DE L'ARCA,,
BO0624_4513,90412,44,77,"ANDREA DELVERROCCHIO.  (1435-1488). LA PuDEUR, debout, serrant avec les deux mains sa longue robe au corps. Statue posant sur base. Travail admirable, par la suavite de l'expression et la viguur d'execution du celebre artiste florentin.",439.0,80.2,False,positional,NICCOLO'DE L'ARCA,,
BO0624_4513,90413,45,78,BACCIO BANDINELLI. (1487-1559). SoN PORTRAIT plus grand que nature.,,52.3,True,none,,,
BO0624_4513,90414,46,79,BACCIO BANDINELLI. (1487-1559).  DEUX COLONNES en porphyre ayant les chapiteaux et les bases en bois sculpte et dore.,455.0,80.0,False,positional,NICCOLO'DE L'ARCA,,
BO0624_4513,90415,47,80,"BACCIO BANDINELLI. (1487-1559). FEMME ASSISE sur chaise couverte d'un coussin. De la main gauche souleveen haut le manteau qui descend de la tete et enveloppe tout le corps,laissant a decouvert les bras. Les pieds posent sur un tabouret. Haut-relief de la belle epoque grecque. Le visage et les mains abimes. Marbre grec.—Prov. du Musee Nani.  manquent.XVIe siecle.  - —《Cl. Biagi,Monumenta Graeca ex museo equitis ac senatoris Iac. Nanii Veneti illustra. Romae 1785 .",460.0,69.1,False,title_direct,,,Marbres
BO0624_4513,90416,48,81,"BACCIO BANDINELLI. (1487-1559). CEREs,debout, drapee,tenant de la main gauche -une corne d'abondance,de la droite des épis. Statuette.Bonne conser-",469.0,64.3,False,positional,NICCOLO'DE L'ARCA,,
BO0624_4513,90417,49,82,BACCIO BANDINELLI. (1487-1559). CoRTEGE de cavaliers.Fragment de basrelief en pierre. Interessante piece de l'epoque de Charles d'Anjou.,,58.3,True,none,,,
BO0624_4513,90418,50,83,"PAGNO DI LAPO.  (XVe siecle). LA VIERGE,a mi-figure,assise sur trone, tenant l'Enfant Jesus qui tendrement la caresse. Bas-relief en marbre. Belle patine et conservation.CEuvre remarquable.",484.0,82.7,False,positional,NICCOLO'DE L'ARCA,,
BO0624_4513,90419,51,84,"DEUX BAsEs de piliers en marbre,ornees de coquilles et de feuillages a volutes. XVI siecle",491.0,70.2,False,positional,NICCOLO'DE L'ARCA,,
BO0624_4513,90420,52,85,BUSTE D'ENFANT.Le sommet du crane manque. XVe siecle.,495.0,70.3,False,positional,NICCOLO'DE L'ARCA,,
BO0624_4513,90421,53,86,PoRTRAIT de jenne homme de profl a gauche. Bas-relief. XV siecle.,500.0,91.2,False,positional,NICCOLO'DE L'ARCA,,
BO0624_4513,90422,54,87,"FACE PRINCIPALE de socle, ornee de candelabre,boucliers et vase sculptes en relief. Fond peint en vert.XVIe siecle.",504.0,83.1,False,positional,NICCOLO'DE L'ARCA,,
BO0624_4513,90423,55,88,LA MISE AU TOMBEAU. Fragment de bas-relief en marbre. Travail allemand du XIVe siecle. Belle patine.,509.0,97.1,False,positional,NICCOLO'DE L'ARCA,,
BO0624_4513,90424,56,89,GENIE relevant de la main droite une draperie recouvrant une amphore. Le bras gauche et les jambes manquent. Marbre grec. Hellenistique.,513.0,89.2,False,title_direct,,,Marbres
BO0624_4513,90425,57,90,TRoNcoN de colonne cannelee en bigio. Base et chapiteau en marbre blanc. Epoque romaine.,517.0,92.3,False,positional,NICCOLO'DE L'ARCA,,
BO0624_4513,90426,58,91,FRAGMENT de vase ofrant un genie a cheval d'une panthere.Bas-relief.Epoque d'Adrien.,521.0,72.0,False,positional,NICCOLO'DE L'ARCA,,
BO0624_4513,90427,59,92,URNE cineraire ornee de festons et bucranes. Inscription sur le devant.Epoque romaine. Le couvercle manque.,525.0,90.4,False,positional,NICCOLO'DE L'ARCA,,
BO0624_4513,90428,60,93,CHAPITEAU a cul-de-lampe. Marbre. XVIe siecle.,529.0,89.6,False,title_direct,,,Marbres
BO0624_4513,90429,61,94,EcussoN armoirie de forme ovale. XVIe siecle.,533.0,89.4,False,positional,NICCOLO'DE L'ARCA,,
BO0624_4513,90430,62,95,TeTE d'un saint sculptee en pierre. Pie douche en bois.Epoque fin du IVe siecle.,537.0,78.0,False,positional,NICCOLO'DE L'ARCA,,
BO0624_4513,90431,63,96,TETE d'enfant. XVe siecle.,539.0,85.7,False,positional,NICCOLO'DE L'ARCA,,
BO0624_4513,90432,64,97,"LoT d'une tete a bas-relief, d'une tete de femme en ronde bosse et d'un torse de Minerve.",543.0,87.9,False,positional,NICCOLO'DE L'ARCA,,
BO0624_4513,90433,65,98,TeTE d'un seraphin. Bas-relief decoupe. XVe siecle.Art florentin.Le nez et le menton casses.,551.0,78.9,False,positional,NICCOLO'DE L'ARCA,,
BO0624_4513,90434,66,99,TETE D'ENFANT de profil.Fragment de bas-relief d'époque romaine.,555.0,82.7,False,positional,NICCOLO'DE L'ARCA,,
BO0624_4513,90435,67,100,o. FRAGMENT de tete de Bes.Archaique.,559.0,75.3,False,positional,NICCOLO'DE L'ARCA,,
BO0624_4513,90436,68,101,ENFANT couche sur un cochon. Terre cuite.Traces de polychromie.,570.0,83.6,False,positional,NICCOLO'DE L'ARCA,,
BO0624_4513,90437,69,102,MAsQUE COMIQUE en terre cuite.Casse. Epoque romaine.Provenant de la collection P. Sarti.,574.0,72.2,False,positional,NICCOLO'DE L'ARCA,,
BO0624_4513,90438,70,103,"DEUX VENDANGFURs.A gauche un faune qui joue de la fute. En haut, frise. Fragment de bas-relief en terre cuite. Epoque romaine.",575.0,91.1,False,positional,NICCOLO'DE L'ARCA,,
BO0624_4513,90439,71,104,FRAGMENT de frise.Tete de lion.Terre cuite.Archaique.,2122.0,63.6,False,positional,RIZZO ANTONIO,,
BO0624_4513,90440,72,105,CARICATURE de nourrice. Lampe en terre cuite.Epoque romaine.,,55.9,True,none,,,
BO0624_4513,90441,73,106,"MAsQUE dejeune femme,de trois quarts a gauche, coiffure finement frisee. Terre cuite.Epoque romaine.",,51.3,True,none,,,
BO0624_4513,90442,74,107,LoT de:une tete d'homme barbu;un genie;un petit Mercure en bronze. Epoqueromaine.,,48.3,True,none,,,
BO0624_4513,90443,75,108,ERos nu; l'aile droite brisee. Patine verte brune. Epoque romaine.,2628.0,63.3,False,positional,RIZZO ANTONIO,,
BO0624_4513,90444,76,109,AMouR tenant de la main gauche une colombe serree sur sa poitrine.Applique. Patine verte.Epoqueromaine.,,57.0,True,none,,,
BO0624_4513,90445,77,110,AuRIGE dans l'attitude de conduire le char en course.Patine rugueuse. Prov. du Tibre.,,47.8,True,none,,,
BO0624_4513,90446,78,111,PeTIT BUsTE de femme. Patine rugueuse.Prov. du Tibre.Epoque romaine.,,55.6,True,none,,,
BO0624_4513,90447,79,112,FRAGMENT de face humaine barbue. Patine brune. Epoque des Antonins.,,54.1,True,none,,,
BO0624_4513,90448,80,113,"IsIs EPHESIENNE:la tete surmontee de latef, sur la poitrine tete de Meduse, du bras gauche tenant la corne d'abondance sur laquelle sont perchees des oiseaux; main droite brisee. Epoque romaine.",,59.0,True,none,,,
BO0624_4513,90449,81,114,"DEUX LAMPEs,dont une avec chainette. Epoque romaine. Patine verte.",2657.0,66.1,False,positional,RIZZO ANTONIO,,
BO0624_4513,90450,82,115,LAMPE avec anse ornee d'une feuille de 'lierre. Patine verte. Epoque romaine. Bonne conservation.,3116.0,66.3,False,positional,RIZZO ANTONIO,,
BO0624_4513,90451,83,116,"PETIT CHIEN couche,aboyant.Patine brune. Epoque romaine.",,52.0,True,none,,,
BO0624_4513,90452,84,117,CAMILLE tenant une pathere.dans la main droite et une cornucope dans la gauche. Patine verte. Bonne conservation. Epoque romaine.,3570.0,61.5,False,positional,P.P.RUBENS,,
BO0624_4513,90453,85,118,"HyMENEE, debout, levant de ses deux mains un fambeau en haut.Patine verte. Epoque romaine.",,50.6,True,none,,,
BO0624_4513,90454,86,119,"HERcULE debout,nu,tenant avec la main droite la massue levee au dessus de sa tete. Patine verte. Archaistique.",,48.4,True,none,,,
BO0624_4513,90455,87,120,LAMpe avec anse formee d'une feuille. Patine verte.Epoque romaine. Bonne conservation.,3582.0,62.1,False,positional,P.P.RUBENS,,
BO0624_4513,90456,88,121,"OisEAU marchant, la tete tournee a gauche. Base en marbre vert. Patine verte, rugueuse. Belle conservation. Epoque romaine.",,51.9,True,none,,,
BO0624_4513,90457,89,122,"SuENE barbu et nu, portant une am phore sur lepaule gauche et tenant un coq de la main droite. Patine rugueuse. Epoque romaine.Prov. du Tibre.",,51.6,True,none,,,
BO0624_4513,90458,90,123,GRAND VAsE de forme presque hemispherique a large orifice a bord plat. Belle patine verte. Etrusque. Prov. de Faleria.,,46.0,True,none,,,
BO0624_4513,90459,91,124,LAMPE a manche sureleve portant une tete de bouc. Patine brune rugueuse. Epoque romaine.,,51.5,True,none,,,
BO0624_4513,90460,92,125,PETITE LAMPE a tete de negrillon.Pa tine verte-brune. Epoque romaine.,,44.3,True,none,,,
BO0624_4513,90461,93,126,"CAsQuE italique avec mentonnieres (paragnathides),au sommet bouton.Bord en torsade.Belle patine verte.IVe siecle a. C.Bonne conservation. 》.",,40.0,True,none,,,
BO0624_4513,90462,94,127,"LAMPE a deux meches, ornee de deux tetes des tigres a haut-relief ed de deux feuilles d'acanthe.Anse formee de deux dauphins.Patine verte.Epoque romaine. Belle piece. Haut.019.",,50.1,True,none,,,
BO0624_4513,90463,95,128,DEUx BAs-RELIEFs aure pousse rep.:,,42.1,True,none,,,
BO0624_4513,90464,96,129,"ENCRIER a forme de base cylindrique, posant sur trois pattes de lion. Couvercle forme d'une coquille sur laquelle un Amour assis. Patine brune. XVIe siecle.",,52.1,True,none,,,
BO0624_4513,90465,97,130,MADELEINE la tete levee au ciel.Belle statuette. Patine brune. XVIle siecle. Base carree en bronze dore.,,48.6,True,none,,,
BO0624_4513,90466,98,131,MoRTIER a decoration de feuilles en relief. XVIe siecle.,,52.6,True,none,,,
BO0624_4513,90467,99,132,TROIs POIGNEEs demeuble.Tete de Méduse tenant dans la bouche un anneau apointe de diamant.(Armoiries des Medicis). Epoque:XVIe siecle.,,43.9,True,none,,,
BO0624_4513,90468,100,133,SoNNETTE a ornements varies.La poi-,,41.2,True,none,,,
BO0624_4513,90469,101,134,"ENcRIER de forme hemispherique, orne de festons,supporte par trois chevaux marins.Couverclea teted'angesurmonte d'une figure de jeune homme debout. (Mercure?)Patine brune.Bonne conservation. Fin du XVe siecle.",,49.2,True,none,,,
BO0624_4513,90470,102,135,"APPLIQUE en bronze,representant une femme montee sur un cheval aile entre des nuages. XVIIe siecle.",,48.1,True,none,,,
BO0624_4513,90471,103,136,LAMPE a forme de crocodile. Patine brune.XVe siecle.,,47.4,True,none,,,
BO0624_4513,90472,104,137,"PoiRE a poudre, en cuir brun, ornée des godrons ciseles et d'un ecusson entre deux griffons.XVIe iecle.",,48.4,True,none,,,
BO0624_4513,90473,105,138,L'ANNONCIATION. Medaillon ovale en,,39.4,True,none,,,
BO0624_4513,90474,106,139,PARTIE SUPERIEURE de cadre; ecusson soutenu par deux Amours et deux ca-,,47.1,True,none,,,
BO0624_4513,90475,107,140,LoT de:un coffret dit a la certosina; autre coffret en pate et un étuit en marroquin.,,45.9,True,none,,,
BO0624_4513,90476,108,141,"CoFFRET en pastille, decore de feuagneau en couleurs.",,46.8,True,none,,,
BO0624_4513,90477,109,142,"LA ViERGE representee a mi-corps, tenant l'Enfant Jesus debout a gauche. Bas-relief polychrome. XVIe siecle.",,55.4,True,none,,,
BO0624_4513,90478,110,143,SAiNTE AssISE drapee d'un manteau dore et double de rouge. Statue en bois polychrome. Art forentin.XVe siecle.,,44.8,True,none,,,
BO0624_4513,90479,111,144,"BERNINI G.L. DEUX ANGEs chantant.Dessin a la plume, lave de bistre.",,41.9,True,none,,,
BO0624_4513,90480,112,145,"CoFFRET en os,de forme oblongue,a couvercle bombe,entierement decore d'animaux symboliques sculptes a relief. XIVe siecle.",,49.8,True,none,,,
BO0624_4513,90481,113,146,"CADRE a tabernacle,a colonnes detachees,soutenant un fronton decore de chimeres.Traces de dorures.XVIe siecle.",,46.4,True,none,,,
BO0624_4513,90482,114,147,"SAINT JEAN tenant dans la main gauche l'agneau,qu'il indique de sa droite,de laquelle descende une banderole avec la legende:《Ecce agnus Dei qui tollit pec.... Sculpture en bois polychrome. XVe siecle.",,49.1,True,title_direct,,,Sculptures
BO0624_4513,90483,115,148,"PLAT creux a marli etroit, decor poly chrome de quadrille, losanges et ornements. Fabrique de Faenza. Casse.",,51.6,True,none,,,
BO0624_4513,90484,116,149,"PETiT PLAT creuxamarli decoré derubans bleus, entrelacs et feurs.Au fond une banderole avec le nome:MARIA. Fabrique de Faenza.",,50.5,True,none,,,
BO0624_4513,90485,117,150,PLAT creux avec marli decore de rubans s'entrelacant et au milieu une rosace bleue et jaune sur fond blanc. Fabrique de Faenza. Restaure.,,57.0,True,none,,,
BO0624_4513,90486,118,151,VAsE a forme de bouteille; Initiales G.F.et inscription pharmaceutique surmontee d'un aigle dans une couronne de feurs a decor polychrome. Fab.de Castel-Durante.,,49.8,True,none,,,
BO0624_4513,90487,119,152,"PLAT a ombilic saillant, entoure de godrons en spirale（crispino). Sur l'ombilic est represente Apollon assis,jouant du violon, et au pourtour rinceaux feuillages en couleur bleue sur fond bleu clair. Le revers est decore d'ornements bleus.Fab.de Faenza.",,46.8,True,none,,,
BO0624_4513,90488,120,153,"FoRT-BRoC de forme ovoide, a deux anses formees par des dauphins emailles en vert. Couronne de feuilles de lierre renfermant le monogramme du Christe. Decor polychrome sur fond blanc. Fab. de Faenza.",,48.6,True,none,,,
BO0624_4513,90489,121,154,"BuLLA en or repousse, dont la beliere est decoree de filigrane. Art etrusque.",,45.4,True,none,,,
BO0624_4513,90490,122,155,DEux DIsQuEs. Mamelon au milieu entoure d'un rang de petites fleurs et de plusieurs cercles concentriques avec filigrane. Art etrusque.,,48.3,True,none,,,
BO0624_4513,90491,123,156,"PENDENTIF. Croix grecque offrant au milieu un chaton avec une grenat; sur les bras, decor a forme d'epi. Art byzantin.",,46.0,True,none,,,
BO0624_4513,90492,124,157,"DEUx TETEs bifrontes, en or souffe, ayant une base cylindrique ornee de filigrane. Art grec.",,50.6,True,none,,,
BO0624_4513,90493,125,158,"DeUx DisQuEs,decores de filigrane. Au milieu un fleuron entoure d'un rang de mamelons.Derriere,marge saillant,avec quatre trous. Art etrusque.",,46.1,True,none,,,
BO0624_4513,90494,126,159,DEUX CHAPITEAUX a cul-de-lampe Noyer. XVI siecle.,,45.0,True,none,,,
BO0624_4513,90495,127,160,LUTRIN en bois. Travail de tour. XVI siecle.,,49.1,True,none,,,
BO0624_4513,90496,128,161,PETIr CoFFRE a forme d'urne rectangulaire.Noyer.XVI siecle.,,49.0,True,none,,,
BO0624_4513,90497,129,162,"DEUX coNsOLEs d'applique,ornees d'un écusson aux armes des Princes Colonna, surmontees d'une tete de sphinx. Noyer sculpte et rehausse de dorures. XVI siecle.",,48.1,True,none,,,
BO0624_4513,90498,130,163,INCONNU. PoRTRAIT DU PERUGINO.Ancienne copie de l'original existant a Perugia. Bois. Haut.0.15X0.12.,,37.7,True,none,,,
BO0624_4513,90499,131,164,ECOLE DE NICCOLO ALUNNO. CHRIST EN CROIX et de deux cOtes les deux Saintes Femmes pleurantes. Des anges portent les symboles de la Passion. Fond dore.,,44.7,True,none,,,
BO0624_4513,90500,132,165,INCONNU. SAINT-JEROME a mi-buste. Cadre dore.,,37.5,True,none,,,
BO0624_4513,90501,133,166,"INCONNU.SaINTE a mibuste, priant devant un symbole de la Passion. Au bas l'inscription: NON VI SI PENSA QUANTO SANGE (sic) COSTA. Cadre moderne. XVI siecle.",,44.4,True,none,,,
BO0624_4513,90502,134,167,"ECOLE VENITIENNE.  (XVIe siecle). PORTRAIT DE JEUNE FEMME,de troiS quarts a droite; cheveux en tresses nouees d'un ruban.Les épaules couvertes d'une fourrure. Cadre en pastille doree. Bois.",,42.8,True,none,,,
BO0624_4513,90503,135,168,"SICIOLANTE JEROME.  (dit le Sermoneta). (XVIe siecle). PoRTRAIT DE DAME representee en buste,vetue de une robe decolletee de cou-",,43.6,True,none,,,
BO0624_4513,90504,136,169,"LORENZETTI AMBROGIO.  (XIVe siecle). LA ViERGE avec le Divin Enfant sur ses genoux.Peinture a la detrempe sur fond dore. Bonne conservation. Cadre a tabernacle, dore.",,46.1,True,none,,,
BO0624_4513,90505,137,170,"CARLO CRIVELLI  (XVe siecle). LA PiETE. Le Redempteur mort est soutenu par sa divine Mere et Sainte Marie Madeleine.L'expression dechirante dela douleur deles Saintes Femmes produit une impression saisissante dans ce chef-d'ceuvre.Provenant de la collection du Marquis Caccialupi de Macerata,achetee par le R.R.Nevin.Perkins. Cat.Nevin,n.232,Rome 1907.",,42.1,True,none,,,
BO0624_4513,90506,138,171,MARCOPALMEZZANO DAFORLI.  (XVIe siecle). LE BAPTEME DE JEsUS sur les bords du Jourdan. Signe:Marcus de Melotius Forlivensis. Cadre dore.,,40.5,True,none,,,
BO0624_4513,90507,139,172,"Muse AssisE sur rocher se penchant a gauche, drapee de chiton et d'himation, La tete et la main droite manquent. Marbre grec. Ep. romaine.",,50.3,True,title_direct,,,Marbres
BO0624_4513,90508,140,173,"DEMI-cOLoNNE richement ornee de feuil. lages et fleurs sculptees, surmontee dun chapiteau,XVI siecle.",,49.5,True,none,,,
BO0624_4513,90509,141,174,"MANTEGAZZA A.  (XVe siecle). LA SALUTATION ANGELIQUE.SouS deuX arcades de portique un ange en genoux salue la Vierge. Derriere lange des jeunes femmes debouts. Haut relief en marbre,malheureusement endommages. Art lombard.XVe siecle.",,44.4,True,none,,,
BO0624_4513,90510,142,175,"ANTONIO AVERLINO  (dit Il Filarete). PAPE en genou, baisant la main a St Pierre; pres de lui St Paul. En haut, trois seraphins et des guirlandes. Basrelief en marbre. Rare exemplaire de cet artiste celebre qui,avec Simon frere de Donatello,a compose et execute les merveilleux bas-reliefs en bronze de la porte de l'eglise de St Pierre a Rome.",,42.3,True,none,,,
BO0624_4513,90511,143,176,"AGOSTINO DI DUCCIO. GENIE NU,aile,debout, de face,posant sur une grande rosace, tenant de la 1. ain gauche les rubans d'un feston de fruits et feuilles et s'apuyant de la main droite sur une embleme basilical. Bas-relief en marbre.xV siecle. Euvre tres interessante.Haut. 1.55sX o.75. Voir illustration,plancheXxx.",,46.3,True,none,,,
BO0624_4513,90512,144,177,DESIDERIO DA SETTIGNANO. TABERNACLE. Piliers et frise de l'entablement a ornements en reliefetde chaque cotes de la porte deux anges en adoration.,,46.4,True,none,,,
BO0624_4513,90513,145,178,PORTRAIT D'OLIMPIE PAMPHILI.BuSte en marbre sur piedouche de portasanta. Piece tres interessante.Prov. de la noble famille Altoviti.,,48.5,True,title_direct,,,Marbres
BO0624_4513,90514,146,179,TABERNACLE en marbre avec l'embleme eucaristique et sur la porte le SaintEsprit. Traces de polychromie et de do rures.XV siecle.,,50.2,True,none,,,
BO0624_4513,90515,147,180,"ENFANT pecheur, assis sur rocher, enveloppe d'un manteau a capuchon. Marbre grec. Epoque romaine.",,50.2,True,title_direct,,,Marbres
BO0624_4513,90516,148,181,"ENCADREMENT en marbre de petite fenetre carree. Moulures a feuilles, denticules et perles sculptes. Grille en fer. XVe siecle.",,54.7,True,none,,,
BO0624_4513,90517,149,182,LE SAuvEUR donnant la benediction. Haut-relief de fort saillie. XVI siecle. Belle patine ivoire. Les avant-bras et les pieds manquent.Art florentin.,,48.5,True,none,,,
BO0624_4513,90518,150,183,TETe de faune riant. Grec.Marbre des iles. Tres belle piece.,,50.0,True,title_direct,,,Marbres
BO0624_4513,90519,151,184,"GeNie jouant de la flute assis sur le dorse d'un centaure. Fragment d'un vase en bas-relief.(La tete,les jambes,le bras droit et la maingauche du centaure manquent). Beau style grec. Marbre des iles.",,48.1,True,title_direct,,,Marbres
BO0624_4513,90520,152,185,ENFANT assis sur rocher. Le bras droit manque.Marbre blanc.XV siecle.Art pisan.,,49.3,True,title_direct,,,Marbres
BO0624_4513,90521,153,186,"Ecoussoy ovale, bombe au milieu, of frant une tete de Meduse et au pourtour des serpents. Bas-relief en marbre blanc. XVI siecle.",,48.6,True,none,,,
BO0624_4513,90522,154,187,PoRTRAITs de deux conjuges. Hautrelief funebre.Epoque romaine.,,49.2,True,none,,,
BO0624_4513,90523,155,188,CoLoNNE decoree de trois zones de feuillages.Partie de candelabre？ XVI siecle.,,50.9,True,none,,,
BO0624_4513,90524,156,189,"PORTRAIT DE JEUNE HOMME de profl a droite,en mi-buste.Bas-relief.XV siecle.",,46.2,True,none,,,
BO0624_4513,90525,157,190,LA VIERGE ETL'ENFANT JESUS.Terre cuite.Ecole forentine.,,41.7,True,none,,,
BO0624_4513,90526,158,191,TETE de l'Empereur Vespasien. XVe siecle.,,46.6,True,none,,,
BO0624_4513,90527,159,192,LE PAPE INNOCENT XIII. Profl en bas-relief. Medaillon rond.,,41.9,True,none,,,
BO0624_4513,90528,160,193,"STATUETTE d'homme debout,vetu de la toge, posant sur une base carree.La tete, l'avant-brasgaucheet une petitepartiede la base manquent. Epoque romaine.",,49.7,True,none,,,
BO0624_4513,90529,161,194,"FEMME NUF,debout.Statuette en albatre appliquee dans un cadre noir et or. Les cheveux sont dores.",,45.2,True,none,,,
BO0624_4513,90530,162,195,"DEUX CHAPITEAUX de piliers,a decoration de feuillages et volutes. Marbre. XVI siecle.",3781.0,65.9,False,title_direct,,,Marbres
BO0624_4513,90531,163,196,FRAGMENT d'unebase a decor de sphinx ailees. Hellenistique.,,42.0,True,none,,,
BO0624_4513,90532,164,197,DEUX BAsEs circulaires en pierre.,,50.7,True,none,,,
BO0624_4513,90533,165,198,FRAGMENTorne defeuilles etdesfleurs. Beau specimen d'art decoratif. XVIe siecle.,,45.1,True,none,,,
BO0624_4513,90534,166,199,ANGE agenouille. Bas-relief en pierre. XVe siecle.,,53.4,True,none,,,
BO0624_4513,90535,167,200,"SIGILLUM? Sur une face tete de Silene, sur l'autre figure de Mars debout.Dans la partie inferieure les lettres TAIIA.P. Sculpte en pierre. Epoque romaine.",,51.5,True,none,,,
BO0624_4513,90536,168,201,"ENFANT tenantun oiseau dans la main gauche, assis sur un sanglier. Terre cuite.",,45.2,True,title_direct,,,Terres cuites
BO0624_4513,90537,169,202,RyTHoN a tete de cerf. Terre cuite. M.0.18.,,45.2,True,none,,,
BO0624_4513,90538,170,203,"TETE DE MARs etde Neptune (?)de profl. Bas-relief en terre cuite avec traces de polychromie,Epoque romaine.",,50.0,True,none,,,
BO0624_4513,90539,171,204,DEUx FEMMEs casquees qui soutiennent un medaillon avec tete de Meduse.Frise debas-relief d'epoqueromaine.,,42.3,True,none,,,
BO0624_4513,90540,172,205,FeMMes qui portent des offrandes. Fragment de bas-relief en terre cuite. Grec. Abime.,,48.8,True,none,,,
BO0624_4513,90541,173,206,LAMPE en terre cuite. Caricature de vieille femme.Epoque romaine.Prov de la Vente Sarti.,,51.5,True,none,,,
BO0624_4513,90542,174,207,"LoT de: Deux anses de vase, ornees de palmettes.Patine verte.Epoque romaine. Deux anses de vase, terminees par deux tetes de silene. Patine verte rugueuse.Archaistique.",,47.3,True,none,,,
BO0624_4513,90543,175,208,PeTIT GENIE assis sur une panthere.Base carre. Patine brune. Epoque romaine.,,45.3,True,none,,,
BO0624_4513,90544,176,209,"GENIE de ceremonie (2). Nu, aile. Pa tine rugueuse. Epoque romaine.",,47.7,True,none,,,
BO0624_4513,90545,177,210,210. Lor de:Rhyton a tete de cerf (fragment de statuette de camille). Tete a haut bonnet (etrusque). Petit buste (poids de statera).,,42.4,True,none,,,
BO0624_4513,90546,178,211,TeTe de jeune femme. Epoque romaine.Patine verte rugueuse.,,49.3,True,none,,,
BO0624_4513,90547,179,212,"BAsE DE FoRME elliptique, ornee d'un dauphin sur le devant. Patine brune. Epoque romaine.",,51.2,True,none,,,
BO0624_4513,90548,180,213,"CHieN reposant sur les jambes posterieures,la tete levee. Patine brune.",,42.2,True,none,,,
BO0624_4513,90549,181,214,LAMPE avec anse repliee et terminant en tete de cygne. Patine verte claire. Epoque romaine.,,50.0,True,none,,,
BO0624_4513,90550,182,215,"Deux bases de trepieds a griffes de lions, dont une de patine verte,l'autre brune. Epoque romaine.",,52.8,True,none,,,
BO0624_4513,90551,183,216,LoT de:Fragment de figure virile avec chlamyde. Chien couche. Fragment de mascaron. Saphirine.,,43.9,True,none,,,
BO0624_4513,90552,184,217,"GENIE AILE, debout,les bras leves.Statuette.Epoque romaine.Belle patine verte.",,42.2,True,none,,,
BO0624_4513,90553,185,218,TETE DE CHIEN. Final d'un timon de bige.Epoque romaine.,,49.5,True,none,,,
BO0624_4513,90554,186,219,GoRGoNEioN en relief. Applique circulaire. Patine verte. Archaique.,,41.9,True,none,,,
BO0624_4513,90555,187,220,"LAMPE a deux meches, ornee de palmettes, couvercle surmonte de une oie. Patine verte. Epoque romaine.",,53.0,True,none,,,
BO0624_4513,90556,188,221,"FAUNE capripede,nu,accroupi. Patine brune. Arcahistique.",,41.5,True,none,,,
BO0624_4513,90557,189,222,"HeRcuLe etouffant le lion de Nemee, posant sur un base carree, garnie de deux anneaux. Manche d'ustensile? Epoque romaine. Patine brune.",,48.8,True,none,,,
BO0624_4513,90558,190,223,LAMPe formee d'un dauphin avec coquille dans la bouche. Chainettes a souspendre en fils tresses. Patine verte rugueuses. Objet curieux d'epoque romaine.,,47.4,True,none,,,
BO0624_4513,90559,191,224,LaMPE avec anse a feur de lotus. Belle patine verte.Epoque romaine. Conservation parfaite.,,51.0,True,none,,,
BO0624_4513,90560,192,225,"CaNDELABRE a tige cannele posant sur trepied a griffes de lion, separees par des palmettes. Couronnement:Un disque godronne, surmonte de quatre crochets et d'une statuette d'ephebe.Patine verte. Ep.IIIe siecle a. C.",,48.3,True,none,,,
BO0624_4513,90561,193,226,"FRisE de base carree avec moulures, decorees defeuilles,denticules et tresses en relief. Patine verte foncee.Epoque romaine.Bonne conservation.Tresbeau specimen d'ornementation.",,46.4,True,none,,,
BO0624_4513,90562,194,227,JAMBE gauche de statue plus grande que nature. Le pied brise etait chausse du calceus patricius.Patine verte.Epoque imperiale romaine.,,46.3,True,none,,,
BO0624_4513,90563,195,228,"GeNIe dans 1'attitude de s'elancer,courtvetu,chausse de brodequins (cothurni). Les bras brises. Patine verte rugueuse. Epoque imperiale romaine.Base carree, decoree aux angles de dauphins.",,43.7,True,none,,,
BO0624_4513,90564,196,229,"AMouR jouant avec une chevre couchee. Patine brune, brillante. XVIe siecle. Base rectangulaire de africano.",,50.6,True,none,,,
BO0624_4513,90565,197,230,TETE DE cHEvAL sur base en bois noir decoree d'une tete de lion.XVI siecle. Haut.0.15.,,45.0,True,none,,,
BO0624_4513,90566,198,231,LoT de: Petit couteau. Un manche en nacre et a ornements en cuivre et os. XVe siecle. Trousse en cuir avec fourchette et couteau.XVI siecle.,,45.6,True,none,,,
BO0624_4513,90567,199,232,DeUx PoUPEEs formees de deux cariatides ailees. XVIe siecle.,,44.4,True,none,,,
BO0624_4513,90568,200,233,"HaCHE DE FER decore de feuillages,mascaron et un lion. Travail allemand. XVIe siecle.",,51.7,True,none,,,
BO0624_4513,90569,201,234,MorTreR orne au pourtour d'une suite de festons et au bas de godrons a re-,,47.9,True,none,,,
BO0624_4513,90570,202,235,"PLAQUETTE decoupee,repr.le buste de St.Francois applique sur fond de ve lours rouge dans un cadre en bois sculpte et rehausse de dorures. XVIe siecle.",,49.3,True,none,,,
BO0624_4513,90571,203,236,"ApoLLoN assis sur un tronc d'arbre, jouant de la fute (manque). Patine brune. Base en bronze.XVIIe siecle.",,45.8,True,none,,,
BO0624_4513,90572,204,237,MoRTiER a bord decore d'une frise d'ornements et de deux tetes de lion en relief. Patine brune. XVe siecle.,,48.3,True,none,,,
BO0624_4513,90573,205,238,"PeTITE cHassE en bois en forme d'urne, vitree,avec colonnettes et frises a ornements peints et dores sur fond noir. XVIe siecle. Travail venitien.",,48.2,True,none,,,
BO0624_4513,90574,206,239,"Boire en poirier, de forme ronde, ornee de godrons dores. XVIe siecle.",,51.3,True,none,,,
BO0624_4513,90575,207,240,PETIT coffre fort recouvert de cuir noir avec ornements ciseles. Ferrures anciennes. xVe siecle.,,44.3,True,none,,,
BO0624_4513,90576,208,241,"CoFFRET en bois. Couvercle richement decore des mascarons, cariatides, grif fons. Sur le pourtour scenes de sujets heroiques. Travail florentin du plus beau style.XVe siecle.",,47.1,True,none,,,
BO0624_4513,90577,209,242,"PoRTRaIT de jeune homme,a demi-buste. Sculpture en bois polycrhome. Art toscan du XVI siecle.",,47.3,True,title_direct,,,Sculptures
BO0624_4513,90578,210,243,GIOVANNI DELLA ROBBIA  (Atelier de). LE BAPTEME DE SAINT-JEAN.Groupe en terre cuite emaillee de couleurs.,,37.6,True,none,,,
BO0624_4513,90579,211,244,"LA VIERGE son Divin Fils, Saint Jean et deux seraphins. Bas-relief en stuc polychrome. Cadre avec armoiries au bas.",,54.7,True,none,,,
BO0624_4513,90580,212,245,PETITE coUPE en ecaille brune avec deux anses et marli en argent.Etui en ma roquin rouge avec ornements travailles au petit fer.XVI siecle. Travail ve nitien.,,46.1,True,none,,,
BO0624_4513,90581,213,246,CRuciFix en ivoire. Sculpture du XVI siecle.Provenant de la collection Nevin.,,47.3,True,title_direct,,,Sculptures
BO0624_4513,90582,214,247,"GIAN BOLOGNA. SAMSON TUANT LES PHILISTINS. GrOupe en terre cuite.Superbe patine brune.De ce chef-d'oeuvre existe une autre replique en bronze,mais de plus petites pro portions.",,40.7,True,title_direct,GIAN BOLOGNA,,
BO0624_4513,90583,215,248,POLIDORO DE CARAVAGGIO.  (XVIe siecle). Le sAcRIFIcE deAbraham.Dessin a la sepia.,,36.6,True,none,,,
BO0624_4513,90584,216,249,PETIT PLAT; decor noir sur fond blanc Epoque primitive.Rare.,,42.2,True,none,,,
BO0624_4513,90585,217,250,"PeTIT BRoc a orifice trilobe, decore sur ledevantd'unpoisson etd'ornements polychromes. Fabrique de Castel Durante.",,46.3,True,none,,,
BO0624_4513,90586,218,251,"PeTITE couPe a fond brun.Decor des feuilles et rubans verts, en relief. Exterieur emaille vert.Fabrique dePadoue. XIV siecle.",,47.2,True,none,,,
BO0624_4513,90587,219,252,Vase de pharmacie de forme cylindri que. Armoiries entourees de feurs. Decor polychrome.Fab. de Faenza.,,49.2,True,none,,,
BO0624_4513,90588,220,253,PLAT a pied bas; offrant au milieu Saint Francois enpriere devantla croix; dans le lointain une eglise.Fabrique de Gubbio.,,47.2,True,none,,,
BO0624_4513,90589,221,254,"PLAT a large bord et fond creux avec ornements jaunes entrelaces et terminant de chaque cote en tete chimerique. Au bas,autour dela tete d'un seraphin, se deroule un rubans aveclenome: LUCRETIA. Tout le champ du plat est emaille en bleu. Fabrique de Caffaggiolo.",,45.9,True,none,,,
BO0624_4513,90590,222,255,"PAIRE DE BOUCLES D'OREILLE.Un cygne emaille blanc, posant sur un chaton, est suspendu a une rosace entre quatre chainettes ayant aux extremites des pendeloques en pate de verre. Art grec.",,46.7,True,none,,,
BO0624_4513,90591,223,256,"PA1RE DE DIsqUEs, decores d'une rosace, ornee de filigrane et mamelons,ayant le marge perle. Art etrusque. Provenant de la collection Martinetti.",,45.5,True,none,,,
BO0624_4513,90592,224,257,"CoLLIER, compose de perles, de saphirs entremeles de perles fines, dont plusieures manquent, enflees par des baguettes en or. Au centre une corbeille pleine de raisins. Art etrusque.",,49.3,True,none,,,
BO0624_4513,90593,225,258,PAIRE DE BOUCLE D'oREILLE. Anneau orne de filigrane;en bas assemblage de petites boules disposees en pyramide. Art. grec.,,43.8,True,none,,,
BO0624_4513,90594,226,259,"LoT de differentes boucles d'oreille, et deux petites fibules.",,45.3,True,none,,,
BO0624_4513,90595,227,260,"FEUILLE EN oR, sur laquelle estestampee l'inscription suivante:",,40.0,True,none,,,
BO0624_4513,90596,228,261,CoFFRRT en noyer sculpte posant sur quatre pattes de lion.XVI siecle.,,43.6,True,none,,,
BO0624_4513,90597,229,262,ToRcHERE en bois. Ornements bleus sur fond clair. Venitien.XV siecle.,,41.1,True,none,,,
BO0624_4513,90598,230,263,MeUBLe a deux corps. La parte infe rieure a quatre tiroirs;la superieure a deux vanteaux.Noyer.,,42.3,True,none,,,
BO0624_4513,90599,231,264,BuREAu et serre papier en acajou:panneaux en racine decitronnier:abattant a coulisse.Louis XVI.,,44.0,True,none,,,
BO0624_4513,90600,232,265,MEMLING H.  (Ecole de). LA SAINTE FAMILLE.Fond de paysage. Bois.,,35.1,True,none,,,
BO0624_4513,90601,233,266,"ECOLE DE GIOTTO. Le REDEMPTEUR couronnant la Vierge. Fragment de tableau.Fond dore. Perkins. Catalogo Nevin Rome, 19o7. N.318.",,38.4,True,none,,,
BO0624_4513,90602,234,267,LA SOEUR DE LAZARE priant le Sauveur pour la resurrection du frere. Jesus l'ecoute entoure des apotres. Fond de pay-,,50.0,True,none,,,
BO0624_4513,90603,235,268,"ECOLE FLORENTINE.  (XVe siecle). LE CRisT en croix,Les saintes femmes, et Saint Bernardin pleurant.Fond de paysage. Bois.",,42.7,True,none,,,
BO0624_4513,90604,236,269,ECOLE VENITIENNE.  (XVe siecle). LA vIERGE a mi-corps tenant son Divin Fils. A gauche deux anges. Peinture sur bois.,,50.6,True,none,,,
BO0624_4513,90605,237,270,"SAINT NIcoLAs DE BARI et un Donateur agenouille, ecoutant son ange gardien. Deux miniatures de livre de priere en velin,encadrees dans deux feuilles de reliure en maroquin rouge, travaillees aux petits fers.XVe siecle.",,48.8,True,none,,,
BO0624_4513,90606,238,271,"NICCOLO'ROVERBELLA DITOMMASO  (Eleve de Simon Memmi). (XIVe siecle). CHRIST EN CRoIx:Au pied de la croix le Madeleine,de chaque cote,la Madone et S. Marthe.Des anges recueillent dans des calices le sang sortant delesblessures duSauveur.Lefondest richement decore d'ornements dores a imitation du brocart.Miniature sur parchemin, signee:Nicolaus R. Cadre doree.",,41.4,True,none,,,
BO0624_4513,90607,239,272,"ANTONIO BAZZI  (dit le Sodoma) (1479-1554). LA MaDoNE porte 1'Enfant Jesus. Saint Jean a gauche et Sainte Catherine a droite,en adoration.Fond drape de brocart. Au bas, un cartouche",,41.9,True,none,,,
BO0624_4513,90608,240,273,SIMONE MARTINI  (dit Simon Memmi). (1280-1344). PANNEAU central de triptyque. La Vierge assise sur trone tient sur les genoux l'Enfant Jesus.En haute des anges soutiennent une draperie.,,44.1,True,none,,,
BO0624_4513,90609,241,274,"ECOLE SIENNOISE  (XVe siecle). LE MARIAGE MISTIQUE de Sainte Catherine.La Madone sur trone,entouree de Saintes. Jesus donne l'anneau symbolique a Ste Catherine. Des anges soutiennent une draperie derriere le trone. Panneau cintre.",,41.8,True,title_direct,,ECOLE SIENNOISE,
BO0624_4513,90610,242,275,S.MIcHEL ARCHANGE foulant de ses pieds le dragon. Haut-relief en pierre. XVe siecle.,,47.3,True,none,,,
BO0624_4513,90611,243,276,"BUGGIANO  (Eleve de Brunellesco). TABERNACLE a fronton, offrant la Vierge en priere devant l'Enfant Jesus couche en terre et posant la tete sur un coussin. Soubassement avec armoiries. Marbre avec traces de couleurs.XVe siecle.",,51.1,True,title_direct,,,Marbres
BO0624_4513,90612,244,277,Les PARQUEs. Bas-reliefs provenant du Musee Nani de Venise.,,42.9,True,none,,,
BO0624_4513,90613,245,278,"BaccHus jeune,debout,posant le pied gauche sur une panthere couchee. Le corps a demi decouvert. La tete couronnee des pampres. Manquent le bras droit et l'avant-bras gauche. Statuette d'epoque romaine. Prov. du Tibre.",,47.7,True,none,,,
BO0624_4513,90614,246,279,"APOLLON COMBATTANT HERCULE qUi enléve le trepied de Delphes. Bas-relief grec, provenant du Musee Nani. 《Biagi, op. cit.&gt;.——Cfr. les bas-reliefs du Musee du Louvre et deVilla Albani.—Voir 《Frohner:Notice de la sculpture antique au Louvre, 92 &gt;. Piece tres remarquables.",,40.3,True,none,,,
BO0624_4513,90615,247,280,"PaLLas debout,posant sur base ronde brisee.Les-avant bras manquent,la tete est antique mais, probablement,n'appartien pas a la statue. Marbre grec: Style archaisant.",,42.3,True,title_direct,,,Marbres
BO0624_4513,90616,248,281,"MATTEO DEI PASTI. PoRTRAIT de Isotta Malatesta,de profl a gauche. Bas-relief rectangulaire. XIVe siecle.",,47.0,True,none,,,
BO0624_4513,90617,249,282,META RosTRATA.Sur le devant buste de Diane sculpte en haut relief. Epoque romaine.,,49.0,True,none,,,
BO0624_4513,90618,250,283,"MINO DA FIESOLE  (XVe siecle). ANGE en adoration,debout,la tete tournee a gauche.Fragment de tabernacle de ciboire.",,43.4,True,none,,,
BO0624_4513,90619,251,284,LA ViERGE represente ami-corps portant l'Enfant Jesus entre ses bras. Hautrelief. XVe siecle.Art toscan.,,44.4,True,none,,,
BO0624_4513,90620,252,285,BEUF MARCHANT a droite. Bas-relief d'epoque romaine.,,47.8,True,none,,,
BO0624_4513,90621,253,286,"TABERNACLE en pierre,offrant une porte decoree de piliers surmontes d'un fronton.XVe siecle.",,46.4,True,none,,,
BO0624_4513,90622,254,287,"ANGE a micorps, en adoration. Frag ment de medaillon.Ecole florentine.",,42.8,True,none,,,
BO0624_4513,90623,255,288,"PoRTRAIT de femme,de profil,a gauche.",,38.8,True,none,,,
BO0624_4513,90624,256,289,"ARMoIREs de cardinal, dans encadre-",,40.4,True,none,,,
BO0624_4513,90625,257,290,"CHAPiTEAu deforme rectangulaire,orne sur le quatre faces des dauphins formant volutes,des coquilles et des feuilles.Epoque d'Auguste.",,51.0,True,none,,,
BO0624_4513,90626,258,291,TeTe de Pallas casquee. Marbre grec.,,40.0,True,title_direct,,,Marbres
BO0624_4513,90627,259,292,"DEUx FRAGMENTs de colonnes en spirale,sur base triangulaire,surmontees de chapiteaux.Marbre de Carrara.",,49.8,True,title_direct,,,Marbres
BO0624_4513,90628,260,293,"MEDaiLLoN rond,offrant un portrait de profil a droite en bas-relief.XVe siecle.",,47.5,True,none,,,
BO0624_4513,90629,261,294,Ecusson heraldique avec armoiries surmontees d'un armet avec panache. Marbre de Carrara. XVe siecle. XV siecle.,,55.4,True,title_direct,,,Marbres
BO0624_4513,90630,262,295,TETE DE GANYMEDE.Epoque d'Adrien. Haut.0.17.,,37.2,True,none,,,
BO0624_4513,90631,263,296,"LoT DE TROIS FRAGMEMTs de marbre de fouilles.Un petit buste,une tete etun petit torse de Venus.",,48.9,True,none,,,
BO0624_4513,90632,264,297,"LoT DE DEUX FRAGMENTs de bas-relief. Petit torse de genie, satyre qui joue de la syrinx. Epoque romaine.",,52.8,True,none,,,
BO0624_4513,90633,265,298,CHAPiTEAU offrant sur les quatre faces un animal symbolique de l'Apocalypse Pierre.XIlIe siecle.,,44.4,True,none,,,
BO0624_4513,90634,266,299,DEUX FRAGMENTS DE PILIER.DeCOration,,37.0,True,none,,,
BO0624_4513,90635,267,300,PANTHERE entre volutes feuillagees. Fragment de bas-relief en paonazzetto. Epoque romaine.,,48.8,True,none,,,
BO0624_4513,90636,268,301,MAsQUE DE FAuNE. Traces de couleurs. Ep. romaine.,,50.5,True,none,,,
BO0624_4513,90637,269,302,"MuFLE DE LIoN. Relief de fort saillie. Ve siecle, A. C.",,45.4,True,none,,,
BO0624_4513,90638,270,303,FRAGMENT de frise ornee de masques sceniques.,,56.3,True,none,,,
BO0624_4513,90639,271,304,FRAGMENT de frise offrant deux sphinx ailees qui posent le pied droit sur une feur.Epoque romaine.,,47.3,True,none,,,
BO0624_4513,90640,272,305,TETE DE Baccus Indien et buste de jeune homme.Deux fragments debasrelief.,,43.5,True,none,,,
BO0624_4513,90641,273,306,SILENE couche tenant un rython dela main gauche. Traces de polychromie. Le bord du rython brise. Archaistique.,,43.3,True,none,,,
BO0624_4513,90642,274,307,PETIT LIoN couche. Patine verte. Epoque romaine.,,57.8,True,none,,,
BO0624_4513,90643,275,308,AMouR dans l'attitude de tendre 1l'arc La jambe gauche manque. Prov. du Tibre. Patine rugueuse.,,46.9,True,none,,,
BO0624_4513,90644,276,309,CHEvRE en lutte. Patine brune. Base de marbre blanc. XVIe siecle.,,52.1,True,none,,,
BO0624_4513,90645,277,310,"Deux simpulum a manche replie et terminant en tete d'oiseaux. Patine verte,rugueuse.Epoque romaine.",,42.3,True,none,,,
BO0624_4513,90646,278,311,PassoIRE. Patine emaillee tourquoise. Epoque romaine.,,48.4,True,none,,,
BO0624_4513,90647,279,312,"PETIT TREPIED, support de lampe ou de thymiaterion.Prov.des environs de Pompei.",,41.7,True,none,,,
BO0624_4513,90648,280,313,"Deux,ANsEs: une a figure de danseuse lautre offrant un genie nu, aile,en reliet. Patine verte.Epoque romaine. Haut.0.14",,46.4,True,none,,,
BO0624_4513,90649,281,314,PETITE LAMPE a forme de navire. Chai nettes a suspendre et bouchon. Patine brune. Epoque romaine.,,50.2,True,none,,,
BO0624_4513,90650,282,315,Busre de genie soutenant un chien du bras gauche:induusium ferme sur les epaules par une agrafe formee d'une rosace en argent.Le bras droit brise. Applique. Patine verte emaillee.Epo-,,47.6,True,none,,,
BO0624_4513,90651,283,316,DiANE levant une feche. Statuette. Pa tine verte.Bonne conservation.Epoque romaine.,,43.7,True,none,,,
BO0624_4513,90652,284,317,"SATyRE, nu, dansant. Applique d'un vase. Patine verte,rugueuse.Prov. du Tibre.",,40.4,True,none,,,
BO0624_4513,90653,285,318,"AuRIGE,nu,le manteau fottant en l'air lavant bras droit brise. Patine verte brune. Epoque romaine.",,49.5,True,none,,,
BO0624_4513,90654,286,319,"CouREUR de cirque,coiffe du pileus.Patine verte.Epoque etrusque.",,43.4,True,none,,,
BO0624_4513,90655,287,320,LAMPE de belle forme avec anse a feuille. Bouchon a charniere.Patine verte claire. Epoque romaine.Parfaite conservation.,,48.1,True,none,,,
BO0624_4513,90656,288,321,"HeRcuLE nu, debout. Base circulaire antique. Patine verte foncee. Epoque romaine.",,48.2,True,none,,,
BO0624_4513,90657,289,322,"MAsQUE sCENIQUe, la bouche perforée. Applique. Patine verte. Epoque romaine.",,52.8,True,none,,,
BO0624_4513,90658,290,323,"CANDELABRE a tige octogonale sur trépied termine a griffes d'aigle, surmonte de quatre crochets et d'une statuette d'Hercule tenant de la main droite la massue.Patine verte.Epoque romaine.",,45.9,True,none,,,
BO0624_4513,90659,291,324,"FIGURE VIRILE debout,la tete couronnee de laurier et coiffe du pileus. De l'epaule gauche la chlamyde descend sur lavant-bras:un drap est nue autour des reins. Les bras sont tendus en avant. (Neron en athlete?). Patine brune. Epoque romaine. Belle conservation.",,46.0,True,none,,,
BO0624_4513,90660,292,325,"PLAQUE centrale de bouclier,ornee de deux rangs de bossettes et de huits figurines en relief. Patine verte,rugueuse. Casse. Primitive, etrusque.",,45.3,True,none,,,
BO0624_4513,90661,293,326,"TETE DE LIoN, la gueule beante,les yeux en email. Applique.Patine verte claire.Archaique.",,40.4,True,none,,,
BO0624_4513,90662,294,327,LAMPE a forme de pied.,,50.0,True,none,,,
BO0624_4513,90663,295,328,"DEITE ITALIQUE.Figure virile, nue, coif fée du pilenus, les cheveux longs,retombant sur les epaules et en deux tresses sur la poitrine. Les pieds brises. Belle patine verte. Ve siecle A.C.",,45.9,True,none,,,
BO0624_4513,90664,296,329,LE SAuvEuR portant 1'Agnus-Dei. Ap plique doree. XVIl siecle.,,45.5,True,none,,,
BO0624_4513,90665,297,330,CHRisT lie a une colonne surmontee d'une gloire des seraphins. Sculpture doree.XVI siecle.,,50.5,True,title_direct,,,Sculptures
BO0624_4513,90666,298,331,"PeGAse sur base en bois rectangulaire, Patine brune foncee.XVe siecle.",,44.3,True,none,,,
BO0624_4513,90667,299,332,SoNNETTE a decor de festons. La poignee brisee XVIe siecle.,,54.7,True,none,,,
BO0624_4513,90668,300,333,"BoucLIER RoND a bord orne de volutes feuillagees,et offrant au milieu de trophees, chimeres,animaux et genies graves a l'eau fort. Allemand. XVIle siecle.",,49.2,True,none,,,
BO0624_4513,90669,301,334,"LA VENDANGE. Statuette allegorique en bronze, posee sur un piedouche en pier re noire. Travail francais. XVIIIe siecle.",,47.8,True,none,,,
BO0624_4513,90670,302,335,"S, SEBAsTIEN lie a larbre. Base triangulaire. Fin du XVIe siecle Patine brune.",,47.1,True,none,,,
BO0624_4513,90671,303,336,"FIGURE DE FEMME nue, assise sur nuages avec une drapperie fottant derriere le dos,tenant un loup sur la jambe droite. Allegorie de la Prudence? Rapportee sur un panneau en bois dore,garni d'un cadre de bronze a lobes et a pointes. XVle siecle.",,49.0,True,none,,,
BO0624_4513,90672,304,337,"MoRTIER en bronze, ayant les anses a tetes d'animaux,et decore de petits mascarons, de rinceaux et feuillages, en relief. Patine foncee.",,52.9,True,none,,,
BO0624_4513,90673,305,338,BoiTE decoree d'ornements a relief en pate.,,47.1,True,none,,,
BO0624_4513,90674,306,339,"PerITE cHAssE en bois en forme d'urne, vitree,couvercle en toit,colonnettes et encadrements a decoration doree sur fond noir.XVI siecle.Travail venitien.",,44.2,True,none,,,
BO0624_4513,90675,307,340,PETITE POUDRIERE avec feurettes en ivoire incroustees.XVI siecle.,,42.9,True,none,,,
BO0624_4513,90676,308,341,Erur circulaire en cuir noir a ornements gaufres. Xve siecle.,,46.3,True,none,,,
BO0624_4513,90677,309,342,"CorrRET en pastille imprimee a dessins geometriques,et decore d'animaux peints a grisaille sur fond brun. XV siecle.",,49.2,True,none,,,
BO0624_4513,90678,310,343,"LA VIERGE assise,tenant surles genoux lEnfant Jesus qui lit un petit livre. La Madone est enveloppee d'un manteau bluatre,richement decore d'ornements",,43.3,True,none,,,
BO0624_4513,90679,311,344,",FRAGMENT DE FRISE en email polycrhome a decoration de feurs et fruits relies de rubans. Atelier des Della Robbia.",,44.0,True,none,,,
BO0624_4513,90680,312,345,PIETRO LOMBARDO  (attribué a) Entablement et fronton de tabernacle de cyboire a riche decoration.Terre cuite.,,42.9,True,title_direct,,,Terres cuites
BO0624_4513,90681,313,346,"MADoNE avec 1'Enfant Jesus.Haut-relief decoupe,en terre cuite,peinte en noir. Ecole florentine.",,42.1,True,none,,,
BO0624_4513,90682,314,347,NavETTE a encens. Le pied et le corps decores de feuilles d'acanthe a relief. Patine rougeatre foncee. XVI siecle. Le couvercle manque.,,51.7,True,none,,,
BO0624_4513,90683,315,348,"CaDRE rond,a frise de feurs et de fruits sculptes en relief.Au bas, ecusson entre deux cornucopes et du haut vase avec fruits. Traces de dorures. XVe siecle.",,52.9,True,none,,,
BO0624_4513,90684,316,349,PETIT BAs-RELIEF en albatre dans un cadre en pastille doree.,,43.2,True,none,,,
BO0624_4513,90685,317,350,"ANTONIO DEL POLLAJUOLO. JEUNE HoMME nu debout, le bras droit leve.(Apollon ?) Statuette en bois. Euvre de parfaite science du modele et d'execution.",,40.1,True,none,,,
BO0624_4513,90686,318,351,PeTIT PLAT;emaille vert avec ornements geometriques et feuilles en creux.Fabrique de Bologna. Epoque primitive. Rare.,,48.5,True,none,,,
BO0624_4513,90687,319,352,"AssiETTE. Email vert, irise et dessins geometriques graves sous engobe.Fabrique de Deruta.",,43.1,True,none,,,
BO0624_4513,90688,320,353,"Deux petits vases de pharmacie avec inscriptions,armoiries et ornements en couleur bleue sur fond clair.Fabrique de Faenza.",,49.8,True,none,,,
BO0624_4513,90689,321,354,Vase de forme ovoide avec deux anses ornees de tetes de lions a relief.Festons defleurs en couleurs et trophees d'armes et d'instruments musicaux sur le corps.Porcelaine.Empire.,,48.9,True,none,,,
BO0624_4513,90690,322,355,"PETITE CoUPE. Saint Sebastien lie a l'arbre; fond de paysage.Emaux vert, jaune, bleu clair,rehausses des refets metalliques.Fabrique de Gubbio.Restaure.",,42.1,True,none,,,
BO0624_4513,90691,323,356,"VasE de pharmacie a forme de cornet, decore d'un medaillon avec portrait de femme et de dessins geometriques, feurs et feuillages polycrhomes. Fabri que de Faenza.XVI siecle.",,52.1,True,none,,,
BO0624_4513,90692,324,357,"PAIRE DE BOUCLES D'oREILLE.Anneau creux orne de deux palmettes separees par la foudre ailée, En bas un feuron au milieu duquel est suspendu un anneau en filigrane, et une amphore dé. coree d'une grecque. Art grec.",,46.0,True,none,,,
BO0624_4513,90693,325,358,"PAIRE DE DIsQUEs,ombeliques, decores au pourtour de cinq coquilles ornees de filigrane, separees par des globules.",,47.4,True,none,,,
BO0624_4513,90694,326,359,"CoLLiER compose de petits cylindres en primes d'emeraude,enfles par des baguettes en or. Art etrusque. 福",,45.8,True,none,,,
BO0624_4513,90695,327,360,"o.PENDENTIr en forme de petit navire, decore de palmettes en fligrane, suspendu a une chainette.",,43.8,True,none,,,
BO0624_4513,90696,328,361,"BoUcLE D'oREILLE orne de tetes couronnees,accoste de deux lions,rosace et petite feur. Beau specimen de l'orfe. vrerie etrusque.",,44.5,True,none,,,
BO0624_4513,90697,329,362,"CorFRET en noyer sculpte, decore aux angles de mascarons,posant sur pattes de lion.XVI siecle.",,46.0,True,none,,,
BO0624_4513,90698,330,363,"PETIT coFrRE de forme rectangulaire, orne de godrons et d'armoiries au centre,posant sur pattes de lion.XVI siecle.",,53.4,True,none,,,
BO0624_4513,90699,331,364,PETIT MEUBLE D'APPUI decore de colonnes cannelees.Armoiries au milieu des vanteaux.Noyer. XVII siecle.,,43.6,True,none,,,
BO0624_4513,90700,332,365,DeUx EsCABEAUx en noyer a mascarons et a volutes sculptees. Belle patine.XVI siecle.Autre presque semblable.,,43.4,True,none,,,
BO0624_4513,90701,333,366,LOCATELLI A.  (XVIII siecle).《SANTI QUATTRO 》pres de Rome.Paysage. Cadre.,,42.0,True,none,,,
BO0624_4513,90702,334,367,"LA LETTRE INITIALE Poffrant 《la Nativite &gt;.Miniature sur parchemin,de coupee et appliquee sur papier. Cadre en pastille doree.",,43.2,True,none,,,
BO0624_4513,90703,335,368,"EPISTOLA DE LA VIERGE aux habitants de Messine,renfermee dansun encadrement orne des medaillons avec Saints, anges et ornements en miniature sur parchemin.XVI siecle.",,46.2,True,none,,,
BO0624_4513,90704,336,369,Le CrisT en croix et les saintes femmes. Peinture sur bois. XIVe siecle.,,51.3,True,none,,,
BO0624_4513,90705,337,370,NERI DE BICCI  (XVe siecle). LA VIERGE tenant lEnfant Jesus entre ses bras. Peinture sur bois cintre du haut. Nimbes et decoration dores.,,43.6,True,none,,,
BO0624_4513,90706,338,371,ECOLE FLORENTINE.  (XVe siecle). LA SALUTATION ANGELIQUE. Bois.,,37.3,True,none,,,
BO0624_4513,90707,339,372,ECOLE FLORENTINE. LE MARIAGE de Sainte Catherine.,,42.7,True,none,,,
BO0624_4513,90708,340,373,MAZZOLINO L.  (detto Mazzolino da Ferrara). (1481-1530). LA SAINTE FAMILLE;S.Francois rece. vant les S. Stigmates et S. Veronique en priere. Fond de paysage.Les nimbes et les arbres sont rehausses d'or. Beau cadre venitien du XVI siecle. Une des meilleurs peintures du celebre maitre de Ferrara.Tres-bonne conservation.,,43.6,True,title_direct,,,Marbres
BO0624_4513,90709,341,374,"GENTILE BELLINI.  (XVe siecle). PoRTRAIT DE PERSONNAGE, Vu de trois quarts, en buste, coiffe de une toque.",,43.7,True,none,,,
BO0624_4513,90710,342,375,"ANDREA DEL VERROCCHIO.  (1432-1488). LA VIERGE representee a mi-figure, assise sur une chaisemonumentale,tenant 1'Enfant Jesus debout sur l'appui d'un balcon, en benissant.Au bas,a droite, le portrait du donateur offrant un ra meau de lis. Cadre a frise et entablement ornements en relief et dores, en pate sur fond brun. Le feu J.Fer-",,43.5,True,none,,,
BO0624_4513,90711,343,376,"FIGURE de jeune homme nu, debout. La tete,les avant-bras,la jambe gauche et le pied droit manquent. Marbre grec. Ve siecle A.C.",,52.3,True,title_direct,,,Marbres
BO0624_4513,90712,344,377,"CoQ TERRASsSANT UNE FOUiNE. Groupe en marbre. Restaurations:le bec du coq, le mufle de la fouine. XVI siecle.",,51.0,True,none,,,
BO0624_4513,90713,345,378,"FRAGMENT de portail d'eglise avec trois saints sculptes a bas-relief,renfermes dans niches superposees. Epoque XV siecle.",,51.4,True,none,,,
BO0624_4513,90714,346,379,"PoRTRAIT de personnage. Tete en marbre sur base carree,ornee de volutes et des cartouches.",,48.4,True,title_direct,,,Marbres
BO0624_4513,90715,347,380,"LA VIERGE (mi-figure) avec 1'Enfant assis a droite sur un coussin. Bas-relief dans encadrement dont le soubassement porte,au milieu,les armoiries du donateur et linscription:VITE MATER JO-PHILIPPOVITALI SUCCURRE 1526.—Art forentin.",,48.0,True,none,,,
BO0624_4513,90716,348,381,"RIZZO ANTONIO.  (XVe siecle). FIGURE ALLEGORIQUE (lAbondance?) nue,debout,tenant dans la main gauche la corne d'abondance, appuyant la main droite sur un ecusson avec la devise: NEC TEMPUS CONTRA NOS. Haut-relief en pierre d'Istrie.",,41.8,True,title_direct,RIZZO ANTONIO,,
BO0624_4513,90717,349,382,"S. JERoME dans la grotte,priant devant le Crucifix.Haut-relief dans un encadrement.XV siecle.",,44.8,True,none,,,
BO0624_4513,90718,350,383,TorsE de centaure en marbre rouge grec antique.,,48.2,True,none,,,
BO0624_4513,90719,351,384,ToRsE DE OsIRIs? Basalte noir.,,33.3,True,none,,,
BO0624_4513,90720,352,385,LE BATIMENT de la Tour de Babele. Medaillon ovale en relief.Fin du XVe siecle.Marbre de Carrara.,,46.7,True,title_direct,,,Marbres
BO0624_4513,90721,353,386,JACOPO DE LA QUERCIA.  (XVe siecle). ANGE dans une niche dont la partie superieure gauche est brisee. Basrelief.,,47.3,True,none,,,
BO0624_4513,90722,354,387,ECOLE DE BERNINI. DEUx MEDAILLoNs formant pendants avec tete de jeune femme a relief de haute saillie.,,45.0,True,none,,,
BO0624_4513,90723,355,388,PiLIER a decoration de candeliere surmonte de chapiteau.Travail d'une extraordinaire delicatesse de ciseaux. Marbre.XVe siecle.,,48.3,True,title_direct,,,Marbres
BO0624_4513,90724,356,389,TeTE d'enfant en marbre. Epoque romaine.,3943.0,61.0,False,positional,P.P.RUBENS,,
BO0624_4513,90725,357,390,"PoRTRAIT de jeune dame forentine,de profil,a gauche.Bas-relief cintre du haut.XVIe siecle.",,42.2,True,none,,,
BO0624_4513,90726,358,391,PoRTRAIT D'HOMME.Tete en marbre.,,34.3,True,none,,,
BO0624_4513,90727,359,392,LA VIERGE ET L'ENFANT a mi-fgure. L'enfant Jesus mangeant une pomme. Bas-relief ebauche.XVe siecle.,,36.3,True,none,,,
BO0624_4513,90728,360,393,TeTE de tigre en granit gris. Egyptien. Haut.0.30X0.23.,,45.2,True,none,,,
BO0624_4513,90729,361,394,CHAPITEAU de forme rectangulaire a decoration des grappes de raisin et de feuilles.XIIIe.siecle.,,38.7,True,none,,,
BO0624_4513,90730,362,395,"TETE de Saint, en marbre. Epoque XVe siecle.",,44.0,True,none,,,
BO0624_4513,90731,363,396,CAVALIER et SANGLIER. Sujet de chasse. Fragment de bas-relief. XVe siecle.,,36.4,True,none,,,
BO0624_4513,90732,364,397,"LoT DE deux tetes: une de genie, lautre d'enfant qui pleure.Epoque romaine.",,41.4,True,none,,,
BO0624_4513,90733,365,398,CHAPITEAU de forme rectangulaire of frant sur les deux faces principales des animaux sculptes.XIe siecle. AuTRE CHAPITEAU de forme et decoration presque semblables au precedent.,,43.2,True,none,,,
BO0624_4513,90734,366,399,CHAPITEAU rectangulaire decore de feuilles et d'une tresse sur la corniche. XIVe siecle.,,42.6,True,none,,,
BO0624_4513,90735,367,400,"LoT DE:une petitet ete de Minerve,une tete de femme,une tete d'enfant.Marbre.Epoque romaine.",,42.7,True,title_direct,,,Marbres
BO0624_4513,90736,368,401,TIRELIRE. Sur le devant Mercure dans un temple.Epoque romaine.,,42.8,True,none,,,
BO0624_4513,90737,369,402,CHiEN. Fragment de bas-relief en terre cuite.,,45.8,True,none,,,
BO0624_4513,90738,370,403,LEKYTHos vernis noir.Provenant de Capoue.,,40.5,True,none,,,
BO0624_4513,90739,371,404,FRAGMENT de bas-relief offrant une sphinx et un Bes. Terre cuite.,,40.5,True,title_direct,,,Terres cuites
BO0624_4513,90740,372,405,FRAGMENT de frise en terre cuite.Epo que romaine.,,48.3,True,none,,,
BO0624_4513,90741,373,406,URcEUs. Sur la panse une sirene peinte en noir sur fond rouge. Provenant de Capoue.,,47.0,True,none,,,
BO0624_4513,90742,374,407,TETE D'HOMME et tete de femme de profil a droite.Fragment de bas-relief en terre cuite.,,38.5,True,none,,,
BO0624_4513,90743,375,408,"GuTTus, peint en noir, decore d'un masque de Gorgone en relief.",,39.7,True,none,,,
BO0624_4513,90744,376,409,"FRAGMENT d'antefixe en terre cuite, de coree d''un masque de Gorgone en reliet.Provenant des fouilles de Capoue. Haut.cm.24.",,39.1,True,none,,,
BO0624_4513,90745,377,410,RYTHoN en forme de tete de femme couronnee: traces de polychromie.Provenant des fouilles de Ruvo.,,41.0,True,none,,,
BO0624_4513,90746,378,411,"FIGURINE de femme assise, peinte en blanc; type archaique. Provenant des fouilles de Canosa.",,39.3,True,none,,,
BO0624_4513,90747,379,412,"PELiKE, offrant une figure d'homme et de femme peintes en rouge. Fabrique apulienne. Provenant des fouilles de Capoue.",,43.0,True,none,,,
BO0624_4513,90748,380,413,DiviNITE egyptienne en terre cuite.Provenant de Cuma.,,46.5,True,none,,,
BO0624_4513,90749,381,414,"RyTHoN en forme de tete de femme, a decor blanc, jaune et rouge sur fond noir. Provenant des fouilles de Ruvo.",,41.2,True,none,,,
BO0624_4513,90750,382,415,"STATUETTE de femme a micorps,nue, coloriee en blanc avec traces de poly chromie. Provenant des fouilles de Canosa.",,39.1,True,none,,,
BO0624_4513,90751,383,416,"Deux iekitoi decores de personnages. peints en rouge sur fond noir, represen tant des ephebes.Provenant des fouilles de Capoue.",,42.3,True,none,,,
BO0624_4513,90752,384,417,"FIGURE muliebre debout, drapee.Terre cuite de fouille.Les avant-bras et la tete manquent.",,39.8,True,none,,,
BO0624_4513,90753,385,418,GRANDE OLLA avec anses. Sur le corps masque de Gorgone entre deux figures de centaures (ou tritons) et figure d'enfant.Sur le bord deux figures de femmes. Traces de polychromie. Style et technique de Canosa. Provenant des fouilles de Canosa.,,37.6,True,none,,,
BO0624_4513,90754,386,419,"FIGURE virile,nue, debout.Patine verte. Archaique.",,40.9,True,none,,,
BO0624_4513,90755,387,420,PETITE CHEVRE.Patine brune. Epoque romaine.,,34.6,True,none,,,
BO0624_4513,90756,388,421,"VERTUMNE debout, avec la cornucope. Patine brune.Epoque romaine.",,35.1,True,none,,,
BO0624_4513,90757,389,422,"PIED TRIANGULAIRE de petit candelabre, decore de festons et un petit candelabre. Patine verte.Epoque romaine.",,39.8,True,none,,,
BO0624_4513,90758,390,423,"DANsEUsE nue s'arcboutant,les bras leves en haut.Les chevilles ornees d'armillae.Anse de vase.Patine verte,rugueuse. Hellenistique.",,42.4,True,none,,,
BO0624_4513,90759,391,424,APPLIQUE decorative (antefixe?) ornee de volutes et palmettes a relief et ajourees. Patine verte.Bonne conservation. Du beau style romain.,,40.0,True,none,,,
BO0624_4513,90760,392,425,LAMPE de forme oblongue. Epoque romaine.,,41.0,True,none,,,
BO0624_4513,90761,393,426,FRAGMENT de bas-relief representant un Doryphore.Applique.Patine verte. Hellenistique.,,41.4,True,none,,,
BO0624_4513,90762,394,427,DEUx PLAQUEs a decoration de palmettes en relief. Appliques de vase.Patine verte.Bonne conservation.Provenant de la Vente Sarti.,,40.7,True,none,,,
BO0624_4513,90763,395,428,"LoT de:Amour assis, applique de meuble.Patine brune.—Figure de femme couronnee,applique doree.",,37.3,True,none,,,
BO0624_4513,90764,396,429,"PETIT GENIE avec la chlamyde. Le bras droit levedansl'attitudede frapper avec une lance. Patine verte,rugueuse.Epoque romaine.",,38.8,True,none,,,
BO0624_4513,90765,397,430,TETE de panthere. Applique. Patine verte.Art grec.,,40.9,True,none,,,
BO0624_4513,90766,398,431,FRAGMENT de bas-relief representant une Muse et Baccus. jeune s'appuyant a un Genie.Patine verte foncee.Epoque romaine.,,41.4,True,none,,,
BO0624_4513,90767,399,432,LAMpe avec anse a feuille de lierre. Deux petites oies bouchent lorifice. Forme originale. Patine verte.Provenant du Tibre.,,44.4,True,none,,,
BO0624_4513,90768,400,433,"ENFANT nu,jouant. Les mains brisees. Epoque romaine.",,37.8,True,none,,,
BO0624_4513,90769,401,434,HACHE DE LJCTEUR. Belle patine verte. Conservation parfaite.Epoque romaine.,,37.2,True,none,,,
BO0624_4513,90770,402,435,LAMPE en bronze avec anse a feuille. Patine rugueuse. Epoque romaine.,,39.5,True,none,,,
BO0624_4513,90771,403,436,MAIN DROITE provenant d'une statue de grandeur naturelle. Endommagee. Patine verte. Epoque romaine.,,42.3,True,none,,,
BO0624_4513,90772,404,437,"VENus nue, diademee dans lattitude de chausser le pied gauche.Patine verte foncee. Epoque romaine.",,43.3,True,none,,,
BO0624_4513,90773,405,438,"HYPNOS et THANATOS nus, emportant le corps de Sarpedon? Anse de ciste. Patine verte. Epoque etrusque.",,38.0,True,none,,,
BO0624_4513,90774,406,439,"PERsONNAGE assis, vetu de la toge. L'avant-bras droit brise, la tete manque.",,36.5,True,none,,,
BO0624_4513,90775,407,440,"PERsONNAGE a cheval (Dace?).Applique.Patine verte,rugueuse.Epoque des Antonins.",,31.0,True,none,,,
BO0624_4513,90776,408,441,L'ERcULE.La tete recouverte de la peau de lion qui lui sert de chlamyde. Conservation superbe.Tres belle patine.Art greco-italique.Provenant des fouilles de Capoue.,,39.9,True,none,,,
BO0624_4513,90777,409,442,GRoUpE de trois Amours. Celui du milieu portant un globe orne d'etoiles.Applique en haute-relief. Patine brune. XVI siecle.,,46.7,True,none,,,
BO0624_4513,90778,410,443,BASE avec deux protomes de taureaux sur les angles anterieurs. Patine brune avec traces de dorure.XV siecle.,,43.1,True,none,,,
BO0624_4513,90779,411,444,SoNNETTE ornee de deux medaillons a tetes de personnages entre couronnes et cornucopes a tetes humaines.La poignee manque.XVI siecle.,,47.9,True,none,,,
BO0624_4513,90780,412,445,DEUX CANDELABRES. Ange tenant une cornucope. Sur base octogonale a volutes et ornements. Les anges sont en metal plaque d'argent; les bases et les cornucopes dorees. XVII siecle.,,44.9,True,none,,,
BO0624_4513,90781,413,446,"PeTIT AMOUR aile,nu, assis sur base carree. Patine rougeatre.XVI siecle.",,38.9,True,none,,,
BO0624_4513,90782,414,447,"CoFFRET en bois a couvercle plat, decore au pourtour de representations triomphales a relief et doree,en pate. XV siecle.Travail florentin.",,42.7,True,none,,,
BO0624_4513,90783,415,448,"JEsus chassant du temple les marchands. Petit bas-relief en albatre, dans un cadre en pastille doree.XVIl siecle.",,40.0,True,none,,,
BO0624_4513,90784,416,449,"BAIsER DE PAIX en bois en forme de tabernacle encadrant une miniature sur parchemin,representant la Vierge,lEnfant, Saint Jean et un ange.XVIl siecle.",,43.8,True,none,,,
BO0624_4513,90785,417,450,o. Noix DE cocco decoree de sujets my thologiques sculptes a relief. Marli en argent.,,41.4,True,none,,,
BO0624_4513,90786,418,451,"FRAGMENT de frise a feuillages, genies et animaux sculptes en relief. Noyer.",,43.9,True,none,,,
BO0624_4513,90787,419,452,BoiTE de forme ovale; decor polychrome a dessins geometriques.,,48.0,True,none,,,
BO0624_4513,90788,420,453,"MAsQUE de fer,grandeur naturelle.Piece interessante.xV siecle.Venitienne.",,39.6,True,none,,,
BO0624_4513,90789,421,454,LA VIERGE ET L'ENFANT SouS baldaquin. Stuc polychrome. Terre cuite.,,33.1,True,title_direct,,,Terres cuites
BO0624_4513,90790,422,455,TETE de jeune femme; les cheveux caches sous un drap frange. Terre cuite. XVII siecle.,,42.1,True,none,,,
BO0624_4513,90791,423,456,LA NATIVITE. Bas-relief en terre cuite. XVI siecle.,,40.9,True,none,,,
BO0624_4513,90792,424,457,"DEUx CADRES ronds,a decoration de feuilles a relief et dorees, en pate.",,44.3,True,none,,,
BO0624_4513,90793,425,458,"CoFFRET en fer,ofirant de petites perspectives,dont les encadrements sont a a dessins geometriques et a feuillages. Travail italien d'agemina en or et argent du XVI siecle.",,40.8,True,none,,,
BO0624_4513,90794,426,459,"VAsE a forme de bouteille, emaille vert. Goulot, anses et pied endommages.Fabrique primitive (Padoue?).",,40.0,True,none,,,
BO0624_4513,90795,427,460,"DEUX CARREAUX dont lun decore d'un serpent,lautre de Saint Roch.Fabri ques de Cafaggiolo et Faenza.",,38.2,True,none,,,
BO0624_4513,90796,428,461,"VAse de forme cylindrique seretrecissant au milieu；inscription pharmaceutique surmontee d'un 《Agnus Dei》posant sur un livre. Au bas, armoiries encadrees dans une couronne de laurier. Couleurs diverses,sur fond blanc. Fabrique de Faenza.Restaure.",,42.9,True,none,,,
BO0624_4513,90797,429,462,"PETITE TABLE-CONSOLE en majolique, a dessus cintre, decore de paysages et feurs en couleurs sur fond clair. Fabrique de Milano.Louis XIV.",,38.7,True,none,,,
BO0624_4513,90798,430,463,"DEUx vAsEs de pharmacie, de forme cylindrique. Inscription surmontee d'armoiries,dans une couronne de feuilles en couleurs sur fond clair.Fabrique de Faenza.",,42.1,True,none,,,
BO0624_4513,90799,431,464,"SALtERE de forme ovale, soutenue par quatre chimeres ailees posant sur une base. Decor bleu, vert et jaune d'ocre. Au fond de la saliere une aigle, les initiales W.W.etla date 1614 en couleur bleue.",,45.8,True,none,,,
BO0624_4513,90800,432,465,"SIX DIFFERENTES PAIRES DE BOUCLES DOREILLE en fil d'or, ornees de perles, primes d'emeraude et grenats.",,39.8,True,none,,,
BO0624_4513,90801,433,466,"DisQuE ombelique,decore de cercles concentriques ornes de petites feurs et mamelons entremeles de globules. Art etrusque.",,40.3,True,none,,,
BO0624_4513,90802,434,467,"CoLLIER compose d'annelets oblongs, alternes par des petits cylindres en pri- mes d'emeraude. Art etrusque.",,40.9,True,none,,,
BO0624_4513,90803,435,468,"LAMELLES en or pointille,montees en collier.Probablement ce genre de lamelles etait employe comme ornement de vetements. Art étrusque.",,44.1,True,none,,,
BO0624_4513,90804,436,469,"BAGUE,offrant le buste d'Hercule en or repousse.",,36.6,True,none,,,
BO0624_4513,90805,437,470,BAGUE en or. Jaspe rouge enchasse. Cheval paturant grave.Epoque romaine.,,40.0,True,none,,,
BO0624_4513,90806,438,471,MEMLING G.(Ecole de). LE MARTYRE DE SAINT SEBASTIEN.Fond de paysage. Bois.,,31.8,True,none,,,
BO0624_4513,90807,439,472,"ECOLE VENITIENNE.  (XVe siecle). PoRTRAIT de jeune homme de profil a gauche, coiffe de barrette noire. Bois.",,37.0,True,none,,,
BO0624_4513,90808,440,473,"La lettre initiale A offrant un Saint jouant du psalterion au milieu de moines franciscains. Au-dessous,le Sauveur benissant. Miniature sur parchemin. XVe siecle.",,44.0,True,none,,,
BO0624_4513,90809,441,474,"ECOLE OMBRIENNE.  (XVe siecle). SAINT BERNARDIN debout,benissant le donateur agenouille a droite. Fond de",,37.5,True,none,,,
BO0624_4513,90810,442,475,INCONNU. FRAGMENT d'un tableau representant la Crucifission.Peinture sur bois.,,42.2,True,none,,,
BO0624_4513,90811,443,476,"ECOLE UMBRO-ROMAINE.  (XVIe siecle). LA VIERGF de face,a mi-figure,la tete couverte d'un voile,porte entre ses bras 1'Enfant qui souriant tend le bras droit en avant. Toile.",,40.1,True,none,,,
BO0624_4513,90812,444,477,INCONNU. LE CHRisT en croix et les saintes femmes.Fond de paysage.Miniature sur par-,,42.7,True,none,,,
BO0624_4513,90813,445,478,HEISS JEAN.  (1640-1704). BERsABEE et une ancelle au bain. Cadre dore.,,40.8,True,none,,,
BO0624_4513,90814,446,479,"MEMLING G. LA MISE AU TOMBEAU.Le Redempteur mort, soutenu par Joseph d'Arimathie entre les Saintes Femmes. Dans le lointain le mont Calvaire. Chef-d'ceuvre par l'expression des personnages,la finesse de l'execution et la fraicheur du coloris. Parfaite conservation. Cadre dore.",,36.3,True,none,,,
BO0624_4513,90815,447,480,o.LES QUATRE PARTIFSDU MONDErepre sentees par quatre figures de femme a mi-bustes. Pastels du XVIII siecle. Ca dres dores.,,41.5,True,none,,,
BO0624_4513,90816,448,481,"L'ABONDANCF,trois quarts de figure,de profl a droite,drapee,tenant une corne d'abondance dans la main gauche. Fragment de bas-relief. Epoque: Ier siecle d.C.",,39.5,True,none,,,
BO0624_4513,90817,449,482,"UN CHAMBRANLE de porte et deux fragments de chambranle a decoration de mascarons, feuillages et fruits sculptes enrelief.Marbre de Carrare.XVI siecle. 48X0.17.",,41.8,True,title_direct,,,Marbres
BO0624_4513,90818,450,483,EccE HoMo. Buste a bas-relief en pierre polychrome. Sculpture forentine du XVI siecle.,,43.6,True,title_direct,,,Sculptures
BO0624_4513,90819,451,484,"SPERANDIO.  (XVe siecle). PoRTRAIr d'homme, de profil a gauche, coiffe d'un bonnet conique.Bas-relief en marbre.Provenant de la collection du celebre sculpteur Prof.Kopf.",,36.7,True,none,,,
BO0624_4513,90820,452,485,SAINT LAURENT avec la palme du martyre et un livre dans la main droite. La tete manque. XV siecle.,,41.6,True,none,,,
BO0624_4513,90821,453,486,"MADoNE avec IEnfant Jesus.Stuc poly chrome,offrant dansl'encadrement depe tites armoiries.Art toscan du XVI siecle. Haut.o.69—Larg.0.49. Voir illustration,planche Xxxix.",,36.3,True,none,,,
BO0624_4513,90822,454,487,"GIO. ANT. DE' AMADEI.  (XVe siecle). ANGE agenouille en priere.Fragment de bas-relief. Haut.0.45X0.52. Voir illustration,planche XXxII1.",,43.8,True,none,,,
BO0624_4513,90823,455,488,"TABERNACLE representant l'interieur d'une chapelle.Porte surmontee d'une coquille,deux fenetres gothiques,piliers avec chapiteaux.Au bas,armoiries entre deux cornucopes. Marbre de Carrare.",,40.6,True,title_direct,,,Marbres
BO0624_4513,90824,456,489,"FRAGMENT de frise avec les symboles de la Passion de Jesus, sculptes en relief. Marbre de Carrare. XVI siecle,",,40.5,True,title_direct,,,Marbres
BO0624_4513,90825,457,490,"FRisE avec les symboles de la Passion deJesus.Marbre de Carrare.XV siecle. Haut.1.60X0.15. Voriltustration,plancheXLII.",,40.9,True,title_direct,,,Marbres
BO0624_4513,90826,458,491,TETE de femme plus grande que nature. Epoque des Antonins.,,43.8,True,none,,,
BO0624_4513,90827,459,492,"HERMEs bifronte,a tete de femme et homme barbu. Epoque romaine. Haut.0.29X0.25.",,36.8,True,none,,,
BO0624_4513,90828,460,493,CoNsoLE ornee sur la face d'une chimere. Sur les cotes des oiseaux. Marbre. Romanique.,,40.3,True,title_direct,,,Marbres
BO0624_4513,90829,461,494,CIpPE avec inscription.Epoque romaine. Haut.o.72.,,39.6,True,none,,,
BO0624_4513,90830,462,495,TROIS CHAPITEAUX de piliers a feuil lages et feurs.Epoque romaine. M.0.30X0.35.,,42.7,True,none,,,
BO0624_4513,90831,463,497,PIED de table (monopodum en rouge grec antique.,,43.2,True,none,,,
BO0624_4513,90832,464,498,"CoFFRE de mariage a decoration de feuil. les, mascarons et armoiries en marque. teries de bois jaune-angelino.",,41.2,True,none,,,
BO0624_4513,90833,465,499,"CoFFRET en noyer sculpte.XVI siecle, Dim.0.8oX0.35.",,37.0,True,none,,,
BO0624_4513,90834,466,496,"CipPE decore de deux piliesr, soutenant une frise a tetes de beliers. Inscription. Epoque romaine.",,44.3,True,none,,,
BO0624_4513,90835,467,500,"PETIT cOFFRE de forme rectangulaire. Mascarons aux angles, armoiries sur le devant.Noyer.XVI siecle.Le couvercle manque",,38.3,True,none,,,
BO0624_4513,90836,468,501,"TiRELiRe ronde en terre cuite,avec Mercure dans un temple a colonnes. Epoque romaine.",,39.3,True,none,,,
BO0624_4513,90837,469,502,"BAs-RELIEF en terre cuite,offrant aumilieu, une tete de Meduse et un aigle. Beau style. Abime.",,48.6,True,none,,,
BO0624_4513,90838,470,503,MAsQUE DE FAUNE et fragment de basrelief representant un enfant nu. Terre cuite.,,41.7,True,title_direct,,,Terres cuites
BO0624_4513,90839,471,504,"BAs RELIEF rectangulaire representant deux tigres,des instruments et un vase. En haut les lettres M et A. Decadence romaine.",,45.4,True,none,,,
BO0624_4513,90840,472,505,FRAGMENT de figure de Genie. Bas-relief en terre cuite.Beau style. Haut.o.16-Larg.0.17.,,33.6,True,none,,,
BO0624_4513,90841,473,506,FIGuRE de femme sur un couvercle de vase.Provenant de Canosa.,,37.0,True,none,,,
BO0624_4513,90842,474,507,GuTTus decore de une chouette et d'une figure virile peintes en rouge. Provenant des fouilles de Capoue.,,43.0,True,none,,,
BO0624_4513,90843,475,508,RyTHoN en forme de tete de femme couronnee.Provenant des fouilles de Ruvo.,,36.2,True,none,,,
BO0624_4513,90844,476,509,PELIKE. Figures viriles et muliebres qui portent des offrandes. Provenant de l'A pulie.,,42.4,True,none,,,
BO0624_4513,90845,477,510,STATUETTE de femme.Terre cuite.Provenant des fouilles de Capoue.,,39.6,True,none,,,
BO0624_4513,90846,478,511,"TeTE de lion, la bouche perforee. Haut relief en terre cuite.",,44.4,True,none,,,
BO0624_4513,90847,479,512,GRAND CRATERE.Figure de femme assise entre deux figures debout.Fabrique Apulienne. Provenance: fouilles de Canosa.,,36.8,True,none,,,
BO0624_4513,90848,480,513,"URceus offrant des oiseaux, dont un a corps de coq et tete d'homme. Interes. sant specimen de《antropalection》.Tres bonne conservation. Provenant de Ca poue.",,40.3,True,none,,,
BO0624_4513,90849,481,514,GRAND AsKos. Sur le corps masque de Gorgone sourmonte de trois deites ailees et couronnees de feuilles. Traces de polycromie. Style et tecnique de Canosa. Fouilles de Canose.,,43.0,True,none,,,
BO0624_4513,90850,482,515,"CaNopE a tete de deite avec couronne, surmontee de deux petites tetes de femmes et de deux oiseaux. Couvercle forme par une statuette de deite ailee. Style et tecnique de Canosa.Fouilles de Canosa.",,43.6,True,none,,,
BO0624_4513,90851,483,516,"SEMELLE de sandale.La partie inferieure et le bord garnis d'une mince feuille de metal, cloute. Articulation a charniere. Provenant de Civita Castellana.Etrusque.",,38.8,True,none,,,
BO0624_4513,90852,484,517,GRANDE FIBULE. Patine verte. Bonne conservation. Epoque romaine.,,39.2,True,none,,,
BO0624_4513,90853,485,518,OsIRIs assis. Statuette avec traces de placage d'or. Patine verte.Provenant de Stabia.,,35.5,True,none,,,
BO0624_4513,90854,486,519,"MasQuE de jeune femme a haute chevelure,frisee a boucles.Endommage, Epoque romaine.",,38.3,True,none,,,
BO0624_4513,90855,487,520,"ERos. Statuette nue,debout.La main gauche et l'aile droite brisees. Patine verte foncee. Hellenistique.",,39.6,True,none,,,
BO0624_4513,90856,488,521,"OisEau, les pieds brises. Base en bois. Patine verte.Epoque romaine.",,43.4,True,none,,,
BO0624_4513,90857,489,522,Trois petites lampes. Patine rugueuse. Epoque romaine.,,43.5,True,none,,,
BO0624_4513,90858,490,523,LaMPe a deux becs. Epoque romaine.,,39.4,True,none,,,
BO0624_4513,90859,491,524,"PETITE CAssERoLE,manche decore de la figure de Mercure tenant le caducee et une bourse en relief. Patine verte. Endommagee.",,38.5,True,none,,,
BO0624_4513,90860,492,525,Deux PieDs de ciste ornes d'une panthere luttant avec une harpie en relief. Patine verte. Epoque romaine.,,42.9,True,none,,,
BO0624_4513,90861,493,526,"FoRTUNE assise, tenant de la main droite le gouvernail, de la main gauche la cornucope. Patine verte rugueuse. Belle conservation.Epoque romaine.",,43.8,True,none,,,
BO0624_4513,90862,494,527,PETITE LAMPE en bronze a forme de pied chausse de sandale. Epoque romaine.,,39.8,True,none,,,
BO0624_4513,90863,495,528,"DEUx LAMPEs.Epoque romaine.Patine brune rugueuse,",,42.2,True,none,,,
BO0624_4513,90864,496,529,"SiLENE barbu,la tete couronnee de feuil les de lierre,tenant dans le main droite une grappe de raisin.Le bras gauche levé manque de la main.Patine brune.",,42.0,True,none,,,
BO0624_4513,90865,497,530,TETE DE LIoN.La gueule beante.Applique de roue de char. Patine brune. Epoque romaine.,,38.8,True,none,,,
BO0624_4513,90866,498,531,"DEiTE ARcAiQUE en bronze (type deité en combat). Provenant de Cuma, DIANE TRIFORME.Statuette.Patine verte. Epoque romaine.",,35.7,True,none,,,
BO0624_4513,90867,499,532,LoT de 30 pieces en bronze de fouilles. Remarquables:deux petites idoles de belle patine. Fouilles de Crema.,,41.6,True,none,,,
BO0624_4513,90868,500,533,"ARTEMis, debout,le bras droit leve.Patine vertebrune. Base circulaire.Epoque romaine.",,39.0,True,none,,,
BO0624_4513,90869,501,534,"SATyRE nu, debout.L'avant-bras droit brise.Patine brune. Hellenistique.",,35.8,True,none,,,
BO0624_4513,90870,502,535,"LAMPe a deux becs,manche a feur de lotus.Patine rugueuse.Epoque romaine. Provenant du Tibre.",,36.0,True,none,,,
BO0624_4513,90871,503,536,"Acus cRINALIs.Tige cannelee terminant en fleur surmontee d'une Venus qui de le main gauche ramene ses cheveux.Elle est paree d'un collier, et une draperie,",,46.4,True,none,,,
BO0624_4513,90872,504,537,CasQuE grec a nasal. Patine verte. Brise dans la partie posterieure.,,41.5,True,none,,,
BO0624_4513,90873,505,538,Lor de 32 pieces en bronze des fouilles. Fouilles de Cuma.,,45.8,True,none,,,
BO0624_4513,90874,506,539,"LeBEs en bronze, avec anse mobile. Decor a mascarons de femmes. Fouilles de Cuma.",,40.4,True,none,,,
BO0624_4513,90875,507,540,DEUx PLAQUETTEs carrees:Portrait de 1'Empereur Vespasien;Tete de Minerve casquee.,,36.1,True,none,,,
BO0624_4513,90876,508,541,"PLAQUETTE RONDE, doree: Vulcan,Amour et Mercure ().",,30.4,True,none,,,
BO0624_4513,90877,509,542,PLAQUETTE RONDE:Saint Jean debout entre des arbres.,,36.0,True,title_direct,,,Marbres
BO0624_4513,90878,510,543,PLAQUETTE doree:Le feuve Nil.,,34.0,True,none,,,
BO0624_4513,90879,511,544,PLAQUETTE RONDE: Baccus enfant sur lion.,,35.6,True,none,,,
BO0624_4513,90880,512,545,PLAQUETTE OVALE a relief bilaterale: tete de satyre et tete de nymphe.,,39.6,True,none,,,
BO0624_4513,90881,513,546,PLAQUETTE oVALE: tete de femme de profl a droite.,,36.8,True,none,,,
BO0624_4513,90882,514,547,PLAQUETTE RECTANGULAIRE:La Vierge tenant l'Enfant Jesus sur les genoux. Saint Jean. L'angle superieur a gauche brise.,,41.7,True,none,,,
BO0624_4513,90883,515,548,PLAQUETTE decoupee:La Piete.,,32.8,True,none,,,
BO0624_4513,90884,516,549,LA VIERGE avec l'Enfant Jesus et St. Joseph.Plaquette en bronze avec encadrement a tabernacle.XVI siecle.,,36.5,True,none,,,
BO0624_4513,90885,517,550,"AMoun debout, la main gauche brisee. Statuette en bronze dore. Base circulaire en bois.",,39.3,True,none,,,
BO0624_4513,90886,518,551,"DEUx FLAMBEAUx. Un amour, les bras leves pour soutenir un flambeau,posant sur base circulaire. Patine brune.XVI siecle.",,43.6,True,none,,,
BO0624_4513,90887,519,552,"Deux GENies nus, debout, dont lun avec cornucope pleine de feurs,l'autre avec feurs dans les deux mains. Patine noire, brillante.XVI siecle.",,41.1,True,none,,,
BO0624_4513,90888,520,553,MoRTiER offrant au pourtour cinq tetes de seraphins et cinq ecussons relies par des festons. Patine brune.,,41.8,True,none,,,
BO0624_4513,90889,521,554,CLOUET JEAN.  (1485-1451). PoRTRAIT de jeune fille avec fraise tuyautee.Bois. Cadre dore.,,36.3,True,none,,,
BO0624_4513,90890,522,555,PIERO DI COSIMO. (1441-1521). La NATIvITE. Fond de paysage avec bergers et brebis.,,32.7,True,none,,,
BO0624_4513,90891,523,556,"ECOLE OMBRIENNE. (XVe siecle). LE CHRIsT en croix; quatre anges recueillent son divin sang dans des calices. Au pied de la croix les Saintes femme. Auxcotes Saint Antoine, Sainte Catherine,la Vierge, Saint Jean, Saint Francois,et Saint Barthelemy.Bois,fond dore.",,32.8,True,none,,,
BO0624_4513,90892,524,557,"ECOLE ITALO-BYZANTINE. LE SAuvEUR debout, Panneau a fond d'or.",,31.7,True,none,,,
BO0624_4513,90893,525,558,MARATTA CARLO.  (Maniere de). SAINTE THERESE le Christ en croix. Peinture sur bois.,,30.3,True,none,,,
BO0624_4513,90894,526,559,"REMBRANDT.  (Attribue a). PoRTRAIT d'homme, a mi-buste, regardant a gauche. Cadre.",,34.1,True,none,,,
BO0624_4513,90895,527,560,INCONNU. La MaDoNE assise donnant le sein a son Divin Fils. Panneau cintre par le haut. Encadrement en bois. XVI siecle.,,36.7,True,none,,,
BO0624_4513,90896,528,561,"ECOLE VENETIENNE.  (XVIe siecle). PoRTRAIT de gentilhomme,a mi-buste, presque de face,vetu de just-au-corp noir avec colleret blanc. Cadre.",,40.0,True,none,,,
BO0624_4513,90897,529,562,"ECOLE FLORENTINE.  (XVe siecle). MaDoNE, l'Enfant Jesus et Saint Jean. Boit:Haut.o,82Xo.76.",,34.4,True,none,,,
BO0624_4513,90898,530,563,"MARCO ZOPPO.  (1480). SAINT JEROME agenouille,en adoration devant la Croix. Fond de paysage montueux. Cadre en noyer. Bois.",,35.1,True,none,,,
BO0624_4513,90899,531,564,"BasE triangulaire de candelabre offrant aux angles des chimeres ailees, et sur les trois faces les armoiries desMedicis. Les tetes des chimeres manquent.",,43.3,True,none,,,
BO0624_4513,90900,532,565,"MERLIANO GIOVANNI, dit GIOVANNI DA NOLA  (Attribue a). PoRTRAIT de dame inconnue. Buste de marbre sur piedouche d'africano.",,32.7,True,title_direct,,,Marbres
BO0624_4513,90901,533,566,"LE TRois GRACEs. Groupe posant sur socle oblong. Les tetes des Graces manquent,mais,ce groupe,par la beaut lexecution et la belle conservation des corps, est incomparablement superieur aux repliques de ce chef-dceuvre existant dans les Musees du Louvre et del'Opera de la Cattedrale de Sienne.",,37.3,True,none,,,
BO0624_4513,90902,534,567,"PoRTRAIT de personnage du XVIe siecle, sur buste d'epoque romaine. Piedouche enportasanta",,48.5,True,none,,,
BO0624_4513,90903,535,568,"LA VIeRGE assise tenant dans ses bras 1Enfant Jesus. Derriere, dans le haut, deux anges soutiennent une draperie. Relief en marbre.Ecole lombarde du XV siecle.",,39.9,True,none,,,
BO0624_4513,90904,536,569,F'LoRE. Buste. Une draperie descendant de l'epaule droite laisse a decouvert le sein gauche. Marbre blanc. Piedouche en bigio.XVIII siecle.,,39.5,True,title_direct,,,Marbres
BO0624_4513,90905,537,570,"BENITIER. Bassin a bord en torsade, decore d'armoiries. Pied orne de feuilles d'eau sculptees. Epoque XV siecle.",,40.9,True,none,,,
BO0624_4513,90906,538,571,MADELEINE agenouillee en priere. Basrelief en marbre. Ecole de Bernini. Haut.0.44X0.53,,35.5,True,none,,,
BO0624_4513,90907,539,572,Ecusson rond avec les armoiries de la famille Visconti.Marbre de Carrare.XVe,,38.6,True,title_direct,,,Marbres
BO0624_4513,90908,540,573,FRAGMENT de decoration architectonique avec fruits et deux dauphins sculptes.,,36.5,True,none,,,
BO0624_4513,90909,541,574,DeUx MoNTANTs de chambranle de porte,,38.4,True,none,,,
BO0624_4513,90910,542,575,LA CEREMONIE DE LA CONCLAMATION. BaSrelief en pierre avec traces de couleurs. Etrusque.,,33.8,True,none,,,
BO0624_4513,90911,543,576,GeNiE entre deux festons de fruits et feuilles. Devant de sarcophage. Epoque romaine.,,45.5,True,none,,,
BO0624_4513,90912,544,577,LioN posant sur base rectangulaire. Marbre. XIVe siecle.,,46.6,True,title_direct,,,Marbres
BO0624_4513,90913,545,578,"URNe cineraire ornee d'encarpe, tetes de beliers,mascarons et oiseaux.Inscription au milieu. Epoque romaine.",,40.0,True,none,,,
BO0624_4513,90914,546,579,FRAGMENT de sarcophage. Feston de fruits et deux masques sceniques. Epoque romaine.,,40.0,True,none,,,
BO0624_4513,90915,547,580,"URNE cineraire en marbre a deux loculi. Inscription et decoration de vases,oiseaux et chapiteaux corinthiens.",,38.6,True,none,,,
BO0624_4513,90916,548,581,CoLoNNE cannelee avec base et chapi teau. Marbre jaune antique.Epoque romaine.,,38.2,True,title_direct,,,Marbres
BO0624_4513,90917,549,582,SAINT LAURENT tenant un libre et la palme du martyre. La tete manque. XV siecle.,,45.4,True,none,,,
BO0624_4513,90918,550,583,PETITE CoMMoDE a quatre tiroirs.Noyer. Louis XIV.,,35.0,True,none,,,
BO0624_4513,90919,551,584,BERNINI J.L.TeTE d'enfant. Ebauche. Sur base en bois Haut.0.30.,,37.0,True,none,,,
BO0624_4513,90920,552,585,"Boite cylindrique en ivoire, decoree sur le couvercle de poissons peints,et sur le fond d'oiseaux.Piece rare de l'art arabopersan, introduit en Sicile au XII siecle.",,39.7,True,none,,,
BO0624_4513,90921,553,586,LA VIERGE et l'Enfant. Stuc blanc. Ecole forentine. Fin du XVe siecle.,,42.7,True,none,,,
BO0624_4513,90922,554,587,DEUX HALLEBARDEs.XVI siecle.,,36.9,True,none,,,
BO0624_4513,90923,555,588,"DeUx FEUILLEs de reliure,en bois avec incrustations de nacre et decorees d'arabesques et ornements dores et en couleurs: XVI siecle. Travail venitien.",,41.8,True,none,,,
BO0624_4513,90924,556,589,CaDRE rond a decoration des palmettes a relief et dore en pate. XVe siecle.,,44.3,True,none,,,
BO0624_4513,90925,557,590,"CorFREr en bois de forme oblongue, couvercle en toit.Decor a dessins geometriques en couleurs.XV siecle. Sienne.",,40.9,True,none,,,
BO0624_4513,90926,558,591,"BaIsER DE PAIx en bois dore,a forme de tabernacle avec ornements d'argent appliques. Au milieu la Vierge et lEnfant a relief et en couleurs.XVI siecle. Travail florentin.",,40.4,True,none,,,
BO0624_4513,90927,559,592,BERNINI J.L. (15-16). EBAUCHE de lange execute pour leglise de Saint Andre delle Fratte a Rome. Terre cuite.,,36.1,True,title_direct,,,Terres cuites
BO0624_4513,90928,560,593,PeTIT CADRE a moulures richement sculptees et dorees sur fond noir.Poirier. XVIII siecle:,,44.1,True,none,,,
BO0624_4513,90929,561,594,"CoLLEcTIoN de vingt-cinq pieces:brocs, plats, etc. Faiences primitives du XIII, XIV et XVe siecle. Tres interessante.",,39.4,True,none,,,
BO0624_4513,90930,562,595,"Deux vAses de pharmacie a forme sphe rique, decores de rinceaux et feuillages polychromes sur fond blanc. Fabrique de Faenza.",,41.9,True,none,,,
BO0624_4513,90931,563,596,PLAT a decor de feuilles vertes sur fond clair.Au milieu Amour avecl'arc et la feche.Fabrique de Faenza.,,39.0,True,none,,,
BO0624_4513,90932,564,597,"Deux BRocs a decor jaune,bleu et manganese. Fabrique primitive.",,39.6,True,none,,,
BO0624_4513,90933,565,598,AIGuieRe a forme de balustre. Decor de feuilles et de feurs bleues sur fond clair.Fabrique de Faenza.Anse restauree.,,41.1,True,none,,,
BO0624_4513,90934,566,599,PETITE coUPe a refets mordores etrosace au fond.Fabrique de Derute.Bord endommage.,,42.4,True,none,,,
BO0624_4513,90935,567,600,GouRDE a forme de poisson. Les ecailles sont coloriees en vert et jaune et arefets irises.Fabrique primitive de Faenza.,,43.6,True,none,,,
BO0624_4513,90936,568,601,TETE de femme de face. Bas-relief en terre cuite.La partie superieure de la tete manque.,,42.6,True,none,,,
BO0624_4513,90937,569,602,TETE d'une Baccante.Terre cuite. Epoque romaine.,,34.6,True,none,,,
BO0624_4513,90938,570,603,TETE de femme et tete de faune en terre cuite. Epoque romaine.,,50.0,True,none,,,
BO0624_4513,90939,571,604,LoT de trois fragments en terre cuite representant deux femmes et un genie. Epoque romaine.,,49.4,True,none,,,
BO0624_4513,90940,572,605,FRAGMENT de masque tragique. Terre cuite.,,36.6,True,title_direct,,,Terres cuites
BO0624_4513,90941,573,606,LoT de deux tetes archaiques en terre cuite.Provenantes des fouilles de Capoue.,,38.9,True,none,,,
BO0624_4513,90942,574,607,TETE de jeune femme. Terre cuite.Travail original.,,35.1,True,none,,,
BO0624_4513,90943,575,608,"FRAGMENT d'une frise a volutes,palmettes,rosaces et petites tetes a basrelief. Traces de polychromie.Epoque romaine.",,41.1,True,none,,,
BO0624_4513,90944,576,609,URcEus decore d'une tete de femme. Vernis noir. Provenant des fouilles de Capoue.,,39.5,True,none,,,
BO0624_4513,90945,577,610,DEUX FRAGMENTS en terre cuite:tete de faune et masque comique.,,46.0,True,none,,,
BO0624_4513,90946,578,611,STATUETTE de femme. Terre cuite. Fragment de vase.Prov.des fouilles de Canosa.,,34.7,True,none,,,
BO0624_4513,90947,579,612,"FRAGMENT de bas-relief en terre cuite offrant une tete barbue,rosaces et feurs. Haut.o.13—Larg.0.19.",,40.5,True,none,,,
BO0624_4513,90948,580,613,"LEKYTHos orifice trilobe, decore d'une tete de femme.Prov. de lApulie.",,38.9,True,none,,,
BO0624_4513,90949,581,614,MAsQuE comique en terre cuite. Epoque romaine.,,42.9,True,none,,,
BO0624_4513,90950,582,615,Pyxis. Sur le couvercle masque de Gorgone en relief. Style et technique de Canosa. Fouilles de Ruvo.,,38.9,True,none,,,
BO0624_4513,90951,583,616,AMPHoRE a decor de figures noires rehaussees de blanc sur fond rouge. Sur la panse deux Lionsla gueule ouverte. Style ionien.Prov. de Capoue.,,42.4,True,none,,,
BO0624_4513,90952,584,617,"BAssIN en terre cuite a deux anses plates entre deux boutons. Sur le fond une bige avec un guerrier et protome de figure de femme ailee; ornements de rosaces et branches en couleurs rouge, blanc et jaune sur fond noir.Fouilles de Canosa.",,41.7,True,none,,,
BO0624_4513,90953,585,618,LoT de 27 fragments de bronzes de fouilles.Cuma.,,41.9,True,title_direct,,,Bronzes
BO0624_4513,90954,586,619,AMOUR VENDANGEUR. Fragment d'applique a bas-relief. Epoque romaine.,,38.1,True,none,,,
BO0624_4513,90955,587,620,PETITE CHEVRE marchant.Epoque romaine.,,32.0,True,none,,,
BO0624_4513,90956,588,621,LoT de quatre casseroles. Patine verte rugueuse. Endommagees.,,40.4,True,none,,,
BO0624_4513,90957,589,622,"LoT de huit animaux: bceuf, souris, perroquet,brebis, lion,panthere,dauphin, colombe. Epoque romaine.",,36.3,True,none,,,
BO0624_4513,90958,590,623,PETITE LAMPE avec chainettes a suspendre.Patine verte.Epoque romaine. Bonne conservation.,,39.7,True,none,,,
BO0624_4513,90959,591,624,LoT de 32 fragments de bronzes de fouilles.Prov. de Cuma.,,40.0,True,title_direct,,,Bronzes
BO0624_4513,90960,592,625,BELLE LAMPE en bronze a forme de canard. Epoque romaine.,,37.1,True,none,,,
BO0624_4513,90961,593,626,PLAQUETTE ronde.Nymphes et Tritons. mm 65.,,36.1,True,none,,,
BO0624_4513,90962,594,627,PLAQUETTE ovale. Centaure portant un kantare sur la tete.,,47.1,True,none,,,
BO0624_4513,90963,595,628,PLAQUETTE:La Vierge assise et l'Enfant.,,31.4,True,none,,,
BO0624_4513,90964,596,629,"PLAQUETTE ronde:Lion tenant lEvangile ouvert (symbole de Saint Marc). Diam.0,045.",,36.6,True,none,,,
BO0624_4513,90965,597,630,"PLAQUETTE ronde, doree:La Nativite. Diam.mm.45.",,35.0,True,none,,,
BO0624_4513,90966,598,631,"PARTIE DE CUIRASSE,cloutee sur les bords,a plusieursfigures mythologiques gravees. Patine verte.Epoque romaine. Haut.0.26.",,37.3,True,none,,,
BO0624_4513,90967,599,632,PLAQUETTE rectangulaire:La Piete. M.0.05X0.03.,,38.1,True,none,,,
BO0624_4513,90968,600,633,PLAQUETTE ronde en plomb.Ascension du Sauveur au ciel. Sur le bord l'inscription:Ascendit Deus in jubilo et Dominus invoce tubae.An.jobilaeiMDXXV.,,37.5,True,none,,,
BO0624_4513,90969,601,634,PLAQUETTE ronde: Thesee tuant le Minotaure.,,39.5,True,none,,,
BO0624_4513,90970,602,635,"LA VIERGE assise tenant I'Enfant Jesus sur les genoux, pres d'elle Saint Jean. Bas-relief en terre cuite, emaille en couleurs et rehausse de dorures, dans encadrement architectonique, dore.",,42.3,True,none,,,
BO0624_4513,90971,603,636,ENcRIER en forme de base decoree d'une torsade au bas et posant sur trois griffes de lion.XVI siecle.,,47.6,True,none,,,
BO0624_4513,90972,604,637,"LoT d'un heurtoir forme de deux chimeres, Une tete de Meduse (applique). Une tete de lion.",,38.8,True,none,,,
BO0624_4513,90973,605,638,"BACCHANALE.Bacchus nu,tenant une coupe dans la main droite,et une grappe de raisin dans la gauche, danse, en toure de satyres et de petits amours. Plaquette ronde,en bronze. XVI siecle.",,44.6,True,none,,,
BO0624_4513,90974,606,639,LoT de 19 pieces en bronze de fouilles. Prov. de Cuma.,,43.5,True,none,,,
BO0624_4513,90975,607,640,LoT de 6o fragments en bronze de fouilles.Prov. de Cuma.,,38.3,True,none,,,
BO0624_4513,90976,608,641,"GRAND BAsSIN a haut pied,en bronze, a bord orne. Anses ciselees.Fouilles de Cuma.",,34.9,True,none,,,
BO0624_4513,90977,609,642,CoUvERCLE d'encrier triangulaire surmonte d'un singe et autre couvercle d'encrier a mascaron de satyre. Belles patines.XVI siecle.,,44.8,True,none,,,
BO0624_4513,90978,610,643,DIscoBOLE.Le bras gauche leve dans lattitude de frapper sur un disque qu'il tient dans la main droite. Patine verte foncee.Tres bonne conservation. Epoque archaique.,,41.0,True,none,,,
BO0624_4513,90979,611,644,"CouPE en cristal de roche a feurs, oiseaux et ornements graves. Cassee.",,44.0,True,none,,,
BO0624_4513,90980,612,645,"AIGUIERE en cuivre de forme ovoide, surmontee d'une anse fixe terminant a volutes.Le corps orne de deux registres, l'inferieur offrant un mascaron et un écusson entre cygnes et branches de feuilles, le superieur des chiens et des volutes feuillagees. Patine rougeatre.",,43.9,True,none,,,
BO0624_4513,90981,613,646,"CALICE en cuivre dore,le nceud dé core de petits nielles a figures symboliques. Pied hexagonal a pointes. Coupe en argent. Commencement du XVe siecle.",,42.4,True,none,,,
BO0624_4513,90982,614,647,"LoT de dix jouets d'enfant,en plomb: petite lampe,panier,mensa tripes,pla teaux,etc.Epoque romaine. Prov.de Terracina (Anxur).",,39.6,True,none,,,
BO0624_4513,90983,615,648,PETIT ALABASTRON en cristal de roche.,,35.7,True,none,,,
BO0624_4513,90984,616,649,OisEAux perches sur un fil tendu.Peinture a fresco. Prov. de Boscotrecase (pres de Naples).,,40.2,True,none,,,
BO0624_4513,90985,617,650,CoMPAs.Belle conservation.Prov.du Tibre.,,35.6,True,none,,,
BO0624_4513,90986,618,651,CADRE carre a ornements a relief dores sur fond noir. XV siecle.,,46.8,True,none,,,
BO0624_4513,90987,619,652,"LA RELIGION. Groupe en terre cuite. XVII siecle. (Manque l'avant-bras droit de la figure),",,40.9,True,none,,,
BO0624_4513,90988,620,653,LA VIERGE assise tenant l'Enfant Jesus sur les genoux. Haut-relief en stuc polychrome et dore.,,39.5,True,none,,,
BO0624_4513,90989,621,654,LA VIERGE et l'ENFANT JESUS. Stuc polychrome et dore. Ecole de Sienne. XV siecle.,,40.6,True,none,,,
BO0624_4513,90990,622,655,"CoFFRET en bois de forme oblongue, couvercle en toit.Decor a dessins geometriques en couleurs et pointille. XIVe siecle. Sienne.",,41.5,True,none,,,
BO0624_4513,90991,623,656,"LIvRE MANUSCRIT en langue espagnole avec cinq miniatures a pleine page, contenant lettres, documents,etc.,relie en velours vert. XVII siecle.",,40.3,True,none,,,
BO0624_4513,90992,624,657,LA CHARITE. Groupe en terre cuite. XVIII siecle.,,47.1,True,none,,,
BO0624_4513,90993,625,658,"CELLINI BENVENUTO. GRAND SCEAU en bronze offrant la Vierge de Lorette,les armoiries des Farnese et des deux cotes groupes de guerriers. A l'exergue linscription:《Collegium Militum Lauretanorum",,37.8,True,none,,,
BO0624_4513,90994,626,659,"LUCA DELLA ROBBIA. LA VIERGE,nimbee,vue a mi-corps, tenant l'Enfant debout a gauche. Bas-relief cintre par le haut. Les figures en émail blanc se detachent sur fond bleu azur.Piece de tout premier ordre.Prov. de la collection Spinola. Cette piece ne pourra etre mise aux encheres si on n'aura pas obtenu, pour le jour de la vente,la permission du Ministere de 1'Instruction Publique.",,32.5,True,none,,,
BO0624_4513,90995,627,660,"Lor de quatre fragments d'os sculptes a fgures d'amours, animaux, etc. Epoque romaine.",,40.6,True,none,,,
BO0624_4513,90996,628,661,TETE en os de guerrier casque. Manque la crista.Abime. Grec.,,40.8,True,none,,,
BO0624_4513,90997,629,662,"SPHINX AILEE.Plaquette rectangulaire en os. L'angle superieur, a droite, brisé. Epoque romaine.",,37.2,True,none,,,
BO0624_4513,90998,630,663,FIGURE d'homme assis tenant dela main droite un panier avec des fruits. Sculpture en haut-relief en os.Art alexandrin.,,40.0,True,title_direct,,,Sculptures
BO0624_4513,90999,631,664,PARTIE INFERIEURE d'homme agenouille sur des rochers.Fragment deplaquette en os. Beau specimen d'art grec.,,41.3,True,none,,,
BO0624_4513,91000,632,665,AMOUR SUR DAUPHIN. Fragment de bas-relief en os. Epoque romaine.,,36.0,True,none,,,
BO0624_4513,91001,633,666,"QUATRE PLAQUES de coffret dont trois avec genies des champs,une avec nymphe portant une offrande,l'autre un faune. Bas-reliefs en os. Apres avoir imprime l'illustration nous avons trouve le petit carreau avec corbeille pleine de fruits pareil a l'autre qui sert de base au panneau de gauche.",,41.1,True,none,,,
BO0624_4513,91002,634,667,"CoLLECTION de manches de couteaux et de canifs en bronze,en os et en ivoire,a motifs de decoration mythologique et chimerique. 34 pieces tres importantes desquelles la plus interessante est un couteau de sacrifice. Epoques romaine,byzantine, etc.",,40.7,True,none,,,
BO0624_4513,91003,635,668,PETITE cOUPE a decor vert et manganese a refets mordores. Fabrique pri mitive.,,38.5,True,none,,,
BO0624_4513,91004,636,669,CoupE a decor vert et jaune et a dessins geometriques graves sous engobe. Fabrique primitive.,,42.5,True,none,,,
BO0624_4513,91005,637,670,CoRNET de pharmacie offrant sur la face principale le portrait d'un moine.Decor bleu et jaune. Fabrique de Faenza.,,44.4,True,none,,,
BO0624_4513,91006,638,671,"PETIT PLAT creux. Judith pres d'une tente avec son ancelle,mettant la tete d'Holopherne dans un panier. Emaux vert, jaune et bleu a reflets metalliques. Fabrique d'Urbino.",,41.5,True,none,,,
BO0624_4513,91007,639,672,"PLAT a pied bas. Sur le fond Hercule tournant le dos,tenant avec la main droite la massue.Emaux brillants.Fabrique d'Urbino. Horace Fontana.",,36.9,True,none,,,
BO0624_4513,91008,640,673,PLAT CREUx a relief. Chute et bord peints a imitation du marbre. Sur le fond les Dieux de l'Olympe assistent ala delivrance d'Andromede par Thesee qui descend du haut pour tuer le monstre. Belle piece de B. Palissy.,,38.7,True,none,,,
BO0624_4513,91009,641,674,NEEFS PIETER. INTERIEUR d'une eglise. Peinture sur bois. Cadre noir.,,39.6,True,none,,,
BO0624_4513,91010,642,675,ECOLE FLORENTINE.  (XVe siecle). LA PRESENTATION de la Vierge au temple.Bois. - LA NAISSANCE de Jésus.Bois. M.0.48×024  Deux fragments de tableaux.,,33.6,True,title_direct,,,Tableaux
BO0624_4513,91011,643,676,"LA VIERGE representee a mi-figure,porte entre ses bras le Divin Fils; St.Jean, a droite,lui donne une pomme.Bois. Haut.o.4SX0.24. Voir illustration,planche Xx.",,37.3,True,none,,,
BO0624_4513,91012,644,677,"ECOLE OMBRIENNE.  (XVe siecle). S. PAUL, S. ANTOINE, S. JEAN ET S. RocH. Quatre panneaux de polyptyque a fond d'or.",,33.7,True,none,,,
BO0624_4513,91013,645,678,ECOLE FLORENTINE.  (XVe siecle). L'AsSOMPTION DE LA VIERGE.Des anges adorent la Vierge dans le moment ou Elle se leve du tombeau.Fond de paysage. XVe siecle.,,39.6,True,none,,,
BO0624_4513,91014,646,679,INCONNU. FRUITs. Deux tableaux sur toile. Cadre dore. XVIl siecle.,,37.2,True,title_direct,,,Tableaux
BO0624_4513,91015,647,680,P. P. RUBENS.  (attribue a). CENTAURE caressant une nymphe. Bois.Haut.o.61 X o.42.,,36.6,True,none,,,
BO0624_4513,91016,648,681,"ECOLE OMBRIENNE-SIENNOISE.  (XVe siecle). MADONE ET STE CATHERINE. DeuX panneaux a fond d'or. Bois. Perkins, Cat. Nevin n.145.",,31.7,True,none,,,
BO0624_4513,91017,649,682,SPAGNA F.  (attribue a). LA VIERGE a mi-figure tenant lEnfant Jesus sur les genoux. Fond de paysage. Toile. Beau cadre dore et sculpte.,,40.6,True,none,,,
BO0624_4513,91018,650,683,DioscuRE arme de lance conduisant son coursier vers la gauche. Partie d'un basrelief romain. L'autre partie se trouve au Musee Imperial de Berlin.Piece tres interessante.,,43.5,True,none,,,
BO0624_4513,91019,651,684,ANGE. Basrelief en marbre de l'école de Niccolo Fiorentino.XVI siecle.,,41.0,True,none,,,
BO0624_4513,91020,652,685,"CHEMINEE en marbre de Carrara.Montants et frise de l'entablement decores d'ornements, feuillages et guirandes sculptees. XVI siecle.",,38.7,True,none,,,
BO0624_4513,91021,653,686,"STATUE acephale (Isis?) en basalte noir, mutilee aux extremites.Une inscription hieroglyphique est gravee sur l'appui posterieur de la statue. Epoque Ptolemeenne Prov. fouilles de Rome.",,40.4,True,none,,,
BO0624_4513,91022,654,687,VAsQuE de forme rectangulaire en mar. ble blanc. Epoque romaine.,,41.2,True,none,,,
BO0624_4513,91023,655,688,"SATyRE capripede assis sur son rocher couvert de la nebris,jouant de la double flute devant une hermes dont on voit la base brisee. Socle oblong. Marbre grec. Epoque romaine.Rest. la tete, les avantbras,le pied droit.",,39.6,True,title_direct,,,Marbres
BO0624_4513,91024,656,689,AMoUR tendant l'arc. Relief en porphyre. Cadre dore.,,42.2,True,none,,,
BO0624_4513,91025,657,690,"HERMEs d'homme barbu, derivant d'un original grec du V siecle (type de Sofocle). Plus grand que nature. Fouilles de Capoue.",,37.8,True,none,,,
BO0624_4513,91026,658,691,"CoLONNE en pierre, decoree d'un écusson armorie, surmontee d'un chapiteau corinthien en marbre.",,41.3,True,none,,,
BO0624_4513,91027,659,692,TETE DE VENUs en marbre de Paros. Art greco-romain.,,42.7,True,none,,,
BO0624_4513,91028,660,693,ANDROMEDE attachee au rocher. Statuette en marbre blanc.Rocher en afri cano.Ecole lombarde.,,34.5,True,none,,,
BO0624_4513,91029,661,694,BENITIER. Bassin avec armoiries et deux balances sculptees en bas-relief. Balustre et socle a ornements sculptes. Marbre de Carrara. Restaure.XVI siecle.,,39.3,True,title_direct,,,Marbres
BO0624_4513,91030,662,695,"CHAPITEAU DE PILIER decore de feuilles,volutes et protomes de chimere. Sicile.XVI siecle.",,44.1,True,none,,,
BO0624_4513,91031,663,696,MINO DA FIESOLE. FRAGMENT de bas-relief representant la Vierge tenant l'enfant Jesus.,,41.7,True,none,,,
BO0624_4513,91032,664,697,"ENFANT nu, debout; s'appuyant a un balustre.Rest.le haut du crane,la jambe gauche,la partie inferieure du balustre et la base. Les bras manquent. Art hellenistique.",,42.4,True,none,,,
BO0624_4513,91033,665,698,"CEREs debout, drapee, sur base ovale. Marbre grec. Epoque romaine.",,42.3,True,title_direct,,,Marbres
BO0624_4513,91034,666,699,SILENE debout. Bas-relief en marbre. Epoque romaine.,,35.6,True,none,,,
BO0624_4513,91035,667,700,FRAGMENT DE FRISE avec ornements sculptes en relief. Pierre.XVI siecle.,,40.7,True,none,,,
BO0624_4513,91036,668,701,ENFANT a cheval d'une chimere a tete de tigre. Bas-relief en terre cuite.,,35.9,True,none,,,
BO0624_4513,91037,669,702,MaRsyAs ou une victime du geant Sinis? Terre cuite. XVI siecle.,,38.5,True,none,,,
BO0624_4513,91038,670,703,"PeLIkE de fabrique apulienne, decoree de tetes de femme et de cygne et deux figures drapees. Provenant de I'Apulie.",,41.2,True,none,,,
BO0624_4513,91039,671,704,"URceus decore d'une tete de satyre de face,peinte en noir sur fond rouge. Style archaique.Provenant des fouilles",,43.2,True,none,,,
BO0624_4513,91040,672,705,RyTHoN en forme de tete de femme avec traces de polychromie.Provenant,,41.1,True,none,,,
BO0624_4513,91041,673,706,STATUETTE de femme(couronnement d'un vase) en terre cuite émaillee en blanc avec traces de couleur rouge. Provenant des fouilles de Canosa.,,42.0,True,none,,,
BO0624_4513,91042,674,707,"OINocHoE a orifice trilobe,offrant sur la panse une figure de faune dansant, peint en noir. Provenant de Capoue.",,45.6,True,none,,,
BO0624_4513,91043,675,708,AMPHoRE peinte en rouge sur fond noir. Deux chevaux des deux cotes du vase. Art campanien. Provenant de Capoue.,,39.2,True,none,,,
BO0624_4513,91044,676,709,"PeL'KE apulienne, decoree de personnages peints en rouge. Genie funebre et figures de femmes.Provenant del'Apulie.",,40.6,True,none,,,
BO0624_4513,91045,677,710,"URNE CINERAIRE en terre cuite. Dans la partie inferieure deux guerriers en combat. Sur le couvercle,figure couchee. Haut.0.35X0.35",,38.3,True,none,,,
BO0624_4513,91046,678,711,FIGURE FUNERAIRE ailee. Terre cuite. Style et tecnique de Canosa.Fouilles de Canosa.,,35.5,True,none,,,
BO0624_4513,91047,679,712,"Pyxis en terre cuite. Dans le milieu deux figures assises (Paris et Helene?) entre lesquelles Eros,aile,debout. Ornements sur le couvercle.Style et tecnique de Canosa. Fouilles de Ruvo.",,38.0,True,none,,,
BO0624_4513,91048,680,713,AMouR tenant de la main droite un oi seau. Patine verte. Epoque romaine.,,43.6,True,none,,,
BO0624_4513,91049,681,714,"DEUX BALSAMAIRES (forme bombyle). Belle conservation. Patine verte,rugueuse. Provenant de Faleria.",,39.7,True,none,,,
BO0624_4513,91050,682,715,LAMPE:anse a feuille de lierre;chainette a suspendre munie de crochet. Patine verte foncee. Epoque romaine.,,40.9,True,none,,,
BO0624_4513,91051,683,716,PETITE LAMPE a deux meches; anse formee par un croissant. Patine verte. Epoque romaine.,,40.0,True,none,,,
BO0624_4513,91052,684,717,"DEUx PoIGNEEs. Mascaron tenant deux dauphins, au bas coquille. XVI siecle,",,37.2,True,none,,,
BO0624_4513,91053,685,718,AMouR debout jouant du violon.Dore. XVe siecle.Venitien.,,38.8,True,none,,,
BO0624_4513,91054,686,719,ENcRieR decore de trois cariatides reliees d'un feston surmonte d'un masque de lion.XVI siecle.Venitien.,,43.8,True,none,,,
BO0624_4513,91055,687,720,TREs BELLE LAMPE en bronze avec anse a tete degriffon surmontee de l'embleme chretien.I1I siecle d.C.,,40.3,True,none,,,
BO0624_4513,91056,688,721,"Deux ToRTuEs en bronze, bases de chandeliers.xVe siecle.",,40.4,True,none,,,
BO0624_4513,91057,689,722,"Pyxis en cuivre dore, pied a balustre. Sur le couvercle l'inscription: IOANNESEGYPTIVS.F.FANNO.1582.",,35.5,True,none,,,
BO0624_4513,91058,690,723,"CaDRE en bois a frise, moulures et corniche richement decorees de palmettes, feuillages et ornements en relief.",,41.1,True,none,,,
BO0624_4513,91059,691,724,CHAToUILLE a decor dit: 《alla certosina》 en os et bois differents.,,36.4,True,none,,,
BO0624_4513,91060,692,725,ENcRieR en marbre surmonte d'un groupe enbronzerepresentantVenus et Amour. XVII siecle.,,46.3,True,title_direct,,,Marbres
BO0624_4513,91061,693,726,"CaLicE en cuivredore,pied lobe et a pointes,nceud orne de feurs émaillees. Coupe en argent. XIv siecle.",,40.0,True,none,,,
BO0624_4513,91062,694,727,DEFENSE D'ELEPHANT dans un étui recouvert de maroquin rouge.Sur le couverle ornements aux petits fers et les. armes papales entourees de la dedicace: GREGORIOXIIIIPONTIFICIMAXIMO.Sur le bord l'inscription:PRIORE. T.FRATRES.MONASTERII.S.MARIE DE.GUADALOUPE.S.HIERONYMI HISPANIE.ANNO.DOMINI.MDXC.,,34.0,True,none,,,
BO0624_4513,91063,695,728,LA SAINTE FAMILLE. Bas-relief en Stuc cintré en haut. Art forentin. Quelques restaurations.,,37.8,True,none,,,
BO0624_4513,91064,696,729,"CorFRET en bois de forme oblongue, couvercle en toit. Décore d'ecussons armories,et feuilles et feurs en couleurs sur fond rouge. Ferrures anciennes. Sienne.",,40.8,True,none,,,
BO0624_4513,91065,697,730,LoT compose de huit cadres differents en bois.,,38.6,True,none,,,
BO0624_4513,91066,698,731,"PLAQUE cintree par le haut, peinte en emaux de couleurs,representant Saint Jean agenouille devant l'Agneau.Attri buee a Martial Reymond. Cadre en bronze dore.",,39.3,True,none,,,
BO0624_4513,91067,699,732,LA CHARITE. Groupe en terre cuite.Epo-,,36.8,True,none,,,
BO0624_4513,91068,700,733,"PeTIT BRoc a orifice trilobe, a decor vert et manganese. Fabrique primitive.",,39.0,True,none,,,
BO0624_4513,91069,701,734,"PeTIT PLAT, decor de bandes droites et serpentants en couleur verte sur fond clair, a reflets argentes. Epoque primitive.Tres rare.",,42.4,True,none,,,
BO0624_4513,91070,702,735,PLAT cREux a marli orne des zones d'ornements polychromes;au fond quadrille. Refets nacres. Fabrique de Caf,,40.9,True,none,,,
BO0624_4513,91071,703,736,"CuvE ornee d'un ange;a l'entour decoration des feuilles, palmettes et rosaces en diverses couleurs.A l'exterieur des traits croises en bleu sur fond blanc. Fabrique de Faenza.Marque.",,41.9,True,none,,,
BO0624_4513,91072,704,737,PLAT offrant au milieu armoiries et au pourtour des ornements jaunes sur fond,,43.8,True,none,,,
BO0624_4513,91073,705,738,VasE de pharmacie: Cartouche dans une couronne de feuilles. Fabrique de,,39.4,True,none,,,
BO0624_4513,91074,706,739,"PeTIT PLAT a fond creux, orne au milieu et sur le marli de volutes a petites feurs et feuilles en jaune chamois a tres beaux refets nacres sur fond clair. Fabrique de Gubbio.",,44.9,True,none,,,
BO0624_4513,91075,707,740,Sr SEBASTIEN lie a l'arbre. Terre cuite du XVIe siecle.,,40.9,True,none,,,
BO0624_4513,91076,708,741,"PeTIT corrRe a forme d’urne, a mou-",,33.3,True,none,,,
BO0624_4513,91077,709,742,"Deux corFREs de mariage formant pendant. Sur le devant, trois panneaux a ornements sculptes en haut-relief. XVII siecle. Noyer. Belle patine.",,45.1,True,none,,,
BO0624_4513,91078,710,743,DEUx corFREs de mariage semblables aux precedents. 68X0.57.,,36.6,True,none,,,
BO0624_4513,91079,711,744,ECOLE FLORENTINE. LE CHRisT en croix entre les Saintes Femmes. Bois.,,35.8,True,none,,,
BO0624_4513,91080,712,745,ECOLE ANGLAISE.  (XVIIIe siecle). BAMBocHADEs. Deux ebauches Sur toile. Euvre de maitre. Cadres dores.,,37.8,True,none,,,
BO0624_4513,91081,713,746,INCONNU. SaiNT MADELEINE en priere. Fond de paysage. Peinture sur bois. Cadre en pastille. XVI siecle.,,42.2,True,none,,,
BO0624_4513,91082,714,747,ECOLE FLORENTINE.  (XVe siecle). ANGE saluant la Vierge. Fragment de tableau representant l'Annonciation.,,40.6,True,none,,,
BO0624_4513,91083,715,748,"INCONNU. LA MADoNE a mi-corps, tenant IEnfant Jesus assis sur l'appui d'un balcon; St. Jean, a gauche, en priere, Bois.",,36.1,True,none,,,
BO0624_4513,91084,716,749,"GIORGIO VASARI.  (1512-1573). LA SciENcE. Figure allegorique, assise, lisant dans un livre de musique et tenant dans la main droite un campas. Un genie pres d'elle joue du violon. Cadre dore.",,39.8,True,none,,,
BO0624_4513,91085,717,750,"INCONNU. PoRTRAiTs de trois enfants a mi-buste. Peinture sur toile. XVIl siecie. Cadre noir et or. bis. ETENDARD de procession, offrant d'un cote St Sebastien et un autre Saint en extase; en haut des cherubins; de l'autre cote egalement deux Saints, des cherubins et en bas un paysage. Piece remarquable,mais endommagee.",,37.7,True,none,,,
BO0624_4513,91086,718,750bis,"GIAN BATTISTA TIEPOLO.  (1692-1769). ETENDARD de procession, offrant d'un cote St Sebastien et un autre Saint en extase; en haut des cherubins; de l'autre cote egalement deux Saints, des cherubins et en bas un paysage. Piece remarquable,mais endommagee.  Toile.Haut. m.1.31. Larg.=1.00",,38.6,True,none,,,
BO0624_4513,91087,719,751,"CoQ, les ailes eployees dans l'attitude de tuer un lezard. Marbre. Epoque romaine. Repare.",,41.4,True,title_direct,,,Marbres
BO0624_4513,91088,720,752,CHAPITEAU de pilier orne de feuilles et et volutes ajourees.Art sicilien. XVI siecle.,,48.5,True,none,,,
BO0624_4513,91089,721,753,HERMEs de Bacchus barbu (Dyonisos). Marbre grec. Archaistique. Rest: le nez.,,36.8,True,title_direct,,,Marbres
BO0624_4513,91090,722,754,MINO DA FIESOLE. LA VIERGE adorant sont Divin Fils posant sur un coussin. Au dessus deux anges portent une couronne. Bas-relief rectangulaire.,,44.3,True,none,,,
BO0624_4513,91091,723,755,TRIoMPHE. Des ésclavcs portent les depouilles des vaincus; suivent des soldats et des prisonniers enchaines. Fragment de frise en bas-relief. Epoque romaine. Long.0.85-Haut.o25.,,40.7,True,none,,,
BO0624_4513,91092,724,756,"STATuE acephale d'un philosophe ou poete grec, drape, assis sur un rocher sur lequel on lit l'inscription:ZEYIz EllOIHEEN.(Euvre de Zeusis). De cet artiste grec on ne connait autres ceuvres.Marbre pentelique.Provenant des fouilles de Villa Patrizi,a Rome. Retrouvee en 19o3.Voir:Notizie degli scavi, anno 19o4,pag.225.",,34.8,True,title_direct,,,Marbres
BO0624_4513,91093,725,757,PoRTRAIT DE FAUST.NE jeune. Tete en marbre blanc sur piedouche de bigio. Restauration:le nez.,,39.2,True,none,,,
BO0624_4513,91094,726,758,CeNTauRE marchant a gauche avec kantare sur la tete. Bas-relief. Epoque romaine.,,38.0,True,none,,,
BO0624_4513,91095,727,759,"BENITIER. Bassin a riche decoration de godrons, oves et guirlandes, pied a spi rale, sur base carree,ornee de feuillages et animaux en relief.xVe siecle.",,40.0,True,none,,,
BO0624_4513,91096,728,760,"BENITIER. Bassin rond, godronne a l'exterieur, sur balustre posant sur base triangulaire.XVe siecle.",,42.9,True,none,,,
BO0624_4513,91097,729,761,"FRAGMENT DE PUTEAL en marbre,avec ornements de branches et genie ailea bas-relief.",,37.6,True,none,,,
BO0624_4513,91098,730,762,"DONATELLO. S.JEAN debout,la tete legerement inclinee a gauche, de la main droite retenant sa draperie qui descend de l'epaule droite et laisse a decouvert une partie de la poitrine,le bras droit et les jambes. Le saint,appuye a un tronc d'arbre,pose sur un socle carre.CEuvre d'un merite exceptionnel.",,39.7,True,none,,,
BO0624_4513,91099,731,763,BcsTE drape d'empereur romain. Pie douche en marbre blanc.Cofrz.Musee,,36.1,True,none,,,
BO0624_4513,91100,732,764,"TETE D'HoMME en basalte.Art romain. Haut.0.26. Voir illustration,planche L.V1l.",,55.9,True,none,,,
BO0624_4513,91101,733,765,URNE cineraire a decoration achitectonique. Inscription au milieu. Epoque romaine. Belle conservation.,,38.9,True,none,,,
BO0624_4513,91102,734,766,"UrvE cineraire ornee aux angles des trepieds et sur la face d'un portrait de jeune homme dans une coquille entre deux dauphins. Au dessus,inscription. Marbre de Carrara. Epoque romaine.",,41.6,True,title_direct,,,Marbres
BO0624_4513,91103,735,767,"CARIATIDE a buste de Baccus, drape. La cariatide est adossee a une colonne. Marbre portasanta.Rest.la moitie infe rieure de la gaine et de la colonne.",,45.1,True,title_direct,,,Marbres
BO0624_4513,91104,736,768,BusTe cuirasse et drape d'empereur romain. Cfrz.le buste de Galba Musee du Capitole.Marbre blanc sur piedouche de portasanta.Epoque romaine.,,42.5,True,title_direct,,,Marbres
BO0624_4513,91105,737,769,TeTE de Centurion romain.Provenant d'un haut-relief. Abime.,,39.2,True,none,,,
BO0624_4513,91106,738,770,PoRTRAIT d'enfant. Tete en marbre de Carrara sur piedouche.Ep. Rep.Rom. Rest:le nez.,,38.1,True,none,,,
BO0624_4513,91107,739,771,Marsyas lie a larbre. Fragment de basrelief. Marbre grec. V siecle a.C.,,38.5,True,title_direct,,,Marbres
BO0624_4513,91108,740,772,LecyTHe. Figuration funeraire sur le corps. Marbre pentelique.Piedouche en albatre rosa. Prov. du Musee Nani.,,38.3,True,title_direct,,,Marbres
BO0624_4513,91109,741,773,CoLoNNE antique de marbre paonazzetto. Haut.1.36-Diam.0.21.,,32.8,True,none,,,
BO0624_4513,91110,742,774,"AMouR, figure de femme et feston des feurs, fragment de sarcofage. Epoque romaine.",,41.9,True,none,,,
BO0624_4513,91111,743,775,PrLIER de balustrade decore de mosaique.Epoque de' Cosmati.,,37.7,True,none,,,
BO0624_4513,91112,744,776,"CoNsoLE sciee en deux parties, offrant feuilles et rosaces sculptees en bas-relief. Marbre de Carrara.XVI siecle.",,41.5,True,title_direct,,,Marbres
BO0624_4513,91113,745,777,Ecusson portant les armoiries des Della Rovere.Marbre de Carrara.XVI siecle.,,40.7,True,title_direct,,,Marbres
BO0624_4513,91114,746,778,"DEUX DEMI-coLoNNEs cannelees en marbre bardiglio,surmontees de chapiteaux en marbre blanc. XVI siecle.",,36.9,True,none,,,
BO0624_4513,91115,747,779,EcussoN avec les armes des Colonna. Bas-relief en marbre. Epoque:XVe siecle.,,42.3,True,none,,,
BO0624_4513,91116,748,780,TABERNACLE.Petite porte a fronton;deux piliers avec chapiteaux: armoiries en bas. Le soubassement porte l'inscription: Petrus Bata De Levis. Marbre de Carrara.XV siecle.,,38.0,True,title_direct,,,Marbres
BO0624_4513,91117,749,781,"BEAU CHAPITEAU de pilier a feuillage, volutes et genie aile au milieu.XVe siecle. Haut. 0.62X0.70.",,42.0,True,none,,,
BO0624_4513,91118,750,782,SERPOTTA. TETE D'ENFANT plus grande que nature. Sur piedouche. Marbre blanc.,,36.5,True,title_direct,,,Marbres
BO0624_4513,91119,751,783,SocLE orne sur le devant d'une console formee par un genie ailee portant des armoiries. Rest:la partie inferieure. XVe siecle.,,44.7,True,none,,,
BO0624_4513,91120,752,785,"CHAMBRANLE de porte en marbre surmonte de deux anges soutenant un écusson avec les armoiries des Torrigiani: entablement decore defeuilles de laurier, corniche a oves. XVe siecle.",,45.4,True,title_direct,,,Marbres
BO0624_4513,91121,753,786,"MARGELLE de puits en pierre,de forme",,48.6,True,none,,,
BO0624_4513,91122,754,787,TRONcoN DE cOLONNE cannelee. Marbre paonassetto. Base en marbre blanc.,,33.2,True,title_direct,,,Marbres
BO0624_4513,91123,755,788,Deux LioNs en pierre.Epoque romaine.,,41.6,True,none,,,
BO0624_4513,91124,756,789,"FoNTAINE monumentale. Vasque chantournee posant sur trois marches. Au milieu, un piedestal surmonte de une statue de Venus en marbre. Le reste de la fontaine est en pierre grise.",3944.0,84.9,False,positional,P.P.RUBENS,,
BO0624_4513,91125,757,790,"TaPIssERIE representant un festin sous une tente, au milieu d'un paysage. Bor-",3955.0,91.9,False,positional,P.P.RUBENS,,
BO0624_4513,91126,758,791,"DaMAs rouge en soie, a grand dessin. Da 38oa 420 metres.XV11 siecle.",3962.0,62.4,False,positional,P.P.RUBENS,,
BO0624_4513,91127,759,792,"OBJETS oUBLIEs. Sous ce numero on vendra les quelques objets qui,par erreur,soient restes sans description.",3964.0,78.7,False,positional,P.P.RUBENS,,
