catalogue_id,chunk_db_id,chunk_id,num,title,matched_line,match_score,low_confidence,entity_match_method,artist,school,object_type,collection,period
BO0624_83720,393874,1,495,"Jean-Jaques Bachelier. 1724-1806. Fleurs, Fruits and Nature Morte.",11,61.1,False,positional,BACHELIER,,,,Sec. XVIII
BO0624_83720,393875,2,496,Jean-Jaques Bachelier. Portraits des chiens de M. de Pompadour.,22,75.0,False,positional,BACHELIER,,,,
BO0624_83720,393876,3,497,BOILLY. 1761-1845. Les Loisirs du marchè.,37,69.8,False,title_direct,BOILLY,,,,Sec. XVIII
BO0624_83720,393877,4,498,Boucher. 1704-1770. La Marchande d'oeufs.,54,60.0,False,positional,BOUCHER,,,,Sec. XVIII
BO0624_83720,393878,5,499,BOUCHER. La Bateau de peche.,67,75.0,False,title_direct,BOUCHER,,,,
BO0624_83720,393879,6,500-501,BOUCHER. Scenes Intimes.,82,68.2,False,title_direct,BOUCHER,,,,
BO0624_83720,393880,7,502,Le Triomphe d'Amphitrite.,102,92.3,False,positional,BOUCHER,,,,
BO0624_83720,393881,8,503,Casanova. 1730-1805. Le Repos des bergers.,117,69.8,False,positional,CASANOVA,,,,Sec. XVIII
BO0624_83720,393882,9,504,Casanova. Le Cosaque.,129,66.7,False,positional,CASANOVA,,,,
BO0624_83720,393883,10,505,CHAMPAIGNE. 1602-1674. Portraite d'Anne d'Autriche.,144,69.2,False,title_direct,CHAMPAIGNE,,,,Sec. XVII
BO0624_83720,393884,11,506,Constable. Paysage d'une vaste étendue.,157,82.4,False,positional,CONSTABLE,,,,
BO0624_83720,393885,12,507,CUYP. 1605-1691. Portraite de Fillette.,170,73.3,False,title_direct,CUYP,,,,Sec. XVII
BO0624_83720,393886,13,508,DE MARNE. 1744-1829. Le Moulin à eau.,183,60.4,False,title_direct,DE MARNE,,,,Sec. XVIII
BO0624_83720,393887,14,509,DESPORTES. 1661-1743. Portrait du Marquis de la Folleville.,204,77.1,False,title_direct,DESPORTES,,,,Sec. XVII
BO0624_83720,393888,15,510,Desportes. Fruits et gibier sous la garde d'un chien.,217,80.9,False,positional,DESPORTES,,,,
BO0624_83720,393889,16,511,Desportes. Fruits et bas-relief.,233,75.0,False,positional,DESPORTES,,,,
BO0624_83720,393890,17,512,Desportes. Portrait d'un chienne de chasse.,244,83.1,False,positional,DESPORTES,,,,
BO0624_83720,393891,18,513,Drolling. 1752-1817. La Fleuriste.,256,63.8,False,positional,DROLLING,,,,Sec. XVIII
BO0624_83720,393892,19,514,Drouais. Portrait d'un jeune prince.,269,84.4,False,positional,DROUAIS,,,,
BO0624_83720,393893,20,515,Drouais. La petite jardiniere.,280,80.8,False,positional,DROUAIS,,,,
BO0624_83720,393894,21,516,Drouais. La petit denicheur oiseaux.,286,80.0,False,positional,DROUAIS,,,,
BO0624_83720,393895,22,517,EISEN. 1685-1775. Les Singes amateurs.,299,79.3,False,title_direct,EISEN,,,,Sec. XVIII
BO0624_83720,393896,23,518,Gerarde. Etude de femme.,312,75.0,False,positional,GERARD,,,,
BO0624_83720,393897,24,519,Guido Reni. 1575-1642. Eve.,320,59.6,False,positional,GUIDO RENI,,,,Sec. XVII
BO0624_83720,393898,25,520,Greuze. Portrait d'Edouard Froment de Castille.,335,82.9,False,positional,GREUZE,,,,
BO0624_83720,393899,26,521,Greuze. Jeune femme en buste.,353,82.4,False,positional,GREUZE,,,,
BO0624_83720,393900,27,522,Hobbema. La Ferme.,364,64.3,False,positional,HOBBEMA,,,,
BO0624_83720,393901,28,523,Hilaire. XVIII siecle. Parc animé de personagges.,380,64.0,False,positional,HILAIRE,,,,Sec. XVIII
BO0624_83720,393902,29,524,Huet. 1745-1811. Le Retour du berger.,397,73.7,False,positional,HUET,,,,Sec. XVIII
BO0624_83720,393903,30,525,Jeaurat. 1699-1789. Portrait d'un chasseur.,420,69.7,False,positional,JEAURAT,,,,Sec. XVIII
BO0624_83720,393904,31,526,Jollain. XVIII siecle. Une Baccanthe.,432,52.8,False,positional,JOLLAIN,,,,Sec. XVIII
BO0624_83720,393905,32,527,Lagrenée. 1740-1821. Une Source.,444,51.3,False,positional,LAGRENEE,,,,Sec. XVIII
BO0624_83720,393906,33,528,Lagrenée. La Guerre.,457,64.5,False,positional,LAGRENEE,,,,
BO0624_83720,393907,34,529,Lallemand. 1710-1803. Le Repos des bucherons.,471,64.7,False,positional,LALLEMAND,,,,Sec. XVIII
BO0624_83720,393908,35,530,Laureince. Le repos champetre.,482,76.0,False,positional,LAVREINCE,,,,
BO0624_83720,393909,36,531,Le Prince. 1733-1781. Panneaux chinois.,500,67.9,False,positional,LE PRINCE,,,,Sec. XVIII
BO0624_83720,393910,37,532,Leriche. XVIII siecle. Devant de cheminée.,513,59.0,False,positional,LERICHE,,,,Sec. XVIII
BO0624_83720,393911,38,533,"Leriche. Couronnes de roses, sur fond gris, encadrees de guirlandes de lierre.",525,93.1,False,positional,LERICHE,,,,
BO0624_83720,393912,39,534,Loo. 1705-1765. Portrait de jeune fille en bergere.,537,83.7,False,positional,LERICHE,,,,Sec. XVIII
BO0624_83720,393913,40,535,Marieschi. 1711-1794. Vues des environs de Venise.,554,71.8,False,positional,MARIESCHI,,,,Sec. XVIII
BO0624_83720,393914,41,536,Martin. 1659-1735. Inauguration du port de Mardick.,570,79.5,False,positional,MARTIN,,,,Sec. XVII
BO0624_83720,393915,42,537,Mayer. 1778-1821. Portrait de l'artiste.,587,72.1,False,positional,MAYER,,,,Sec. XIX
BO0624_83720,393916,43,538,Meynier. 1768-1832. Minerve protectrice des Artes.,606,75.9,False,positional,MEYNIER,,,,Sec. XVIII
BO0624_83720,393917,44,539,Mignard. 1612-1695. Portrait de jeune femme en Ceres.,620,79.1,False,positional,MIGNARD,,,,Sec. XVII
BO0624_83720,393918,45,540,Nattier. 1685-1766. Portrait de Madame Adelaide de France.,633,81.2,False,positional,NATTIER,,,,Sec. XVIII
BO0624_83720,393919,46,541,Portrait de Madame Victoire de France.,636,94.9,False,positional,NATTIER,,,,
BO0624_83720,393920,47,542,Portrait de Madame Louise-Elizabeth de France,642,100.0,False,positional,NATTIER,,,,
BO0624_83720,393921,48,543,"Portrait du Dauphin, fils de Louise XV.",648,93.5,False,positional,NATTIER,,,,
BO0624_83720,393922,49,544,Nattier. Portrait allegorique de la Duchesse de Chateauroux.,663,91.1,False,positional,NATTIER,,,,
BO0624_83720,393923,50,545,Nonnootte. 1707-1785. Portrait de femme.,680,65.5,False,positional,NONNOTTE,,,,Sec. XVIII
BO0624_83720,393924,51,546,Oost. 1600-1671. Le Christ couronné d'epines.,696,78.4,False,positional,OOST,,,,Sec. XVII
BO0624_83720,393925,52,547,Oudry. 1686-1755. Portrait d'un garde chasse et de deux chiennes de la meute royale.,709,62.7,False,positional,OUDRY,,,,Sec. XVIII
BO0624_83720,393926,53,548,Oudry. Chien Blanc à taches brunes.,726,84.4,False,positional,OUDRY,,,,
BO0624_83720,393927,54,549,Chienne noire et blanche.,730,92.3,False,positional,OUDRY,,,,
BO0624_83720,393928,55,550,Chienne blanche tachee de feu.,734,93.5,False,positional,OUDRY,,,,
BO0624_83720,393929,56,551,Renard guettant des perdrix.,738,93.1,False,positional,OUDRY,,,,
BO0624_83720,393930,57,552,Oudry. Portrait d’un chien griffon.,749,87.5,False,positional,OUDRY,,,,
BO0624_83720,393931,58,553,Oudry. Portrait d'un petit chien de race KingCharles.,762,92.0,False,positional,OUDRY,,,,
BO0624_83720,393932,59,554,Oudry. Chien en arret sur deux faisans.,775,91.2,False,positional,OUDRY,,,,
BO0624_83720,393933,60,555,Perin. 1753-1817. Le Chien favori.,789,68.0,False,positional,PERIN,,,,Sec. XVIII
BO0624_83720,393934,61,556,Pierre. 1715-1789. Pomone.,802,63.2,False,positional,PIERRE,,,,Sec. XVIII
BO0624_83720,393935,62,557,Pillement. 1728-1808. Le Passage du pont.,819,66.7,False,positional,PILLEMENT,,,,Sec. XVIII
BO0624_83720,393936,63,558,Pillement. La Halte des Bergers.,834,77.8,False,positional,PILLEMENT,,,,
BO0624_83720,393937,64,559,Prud'hon. La Nuit protegeant l'Amour.,854,85.2,False,positional,PRUD'HON,,,,
BO0624_83720,393938,65,560,Rembrandt. 1607-1669. Portrait d'homme.,869,61.8,False,positional,REMBRANDT,,,,Sec. XVII
BO0624_83720,393939,66,561,Rembrandt. Portrait de femme agee.,880,79.3,False,positional,REMBRANDT,,,,
BO0624_83720,393940,67,562,"Rigaud. 1659-1743. Portrait de Luise de la Tour d'Auvergne, comte d'Evreux.",893,45.7,False,positional,RIGAUD,,,,Sec. XVII
BO0624_83720,393941,68,563,"Rigaud, Monnoyer, 1634-1699. Portrait de femme.",918,62.5,False,positional,MONNOYER,,,,Sec. XVII
BO0624_83720,393942,69,564,Rigaud. Portrait d'enfant.,931,80.0,False,positional,RIGAUD,,,,
BO0624_83720,393943,70,565,Robert. 1733-1808. Paysages d'Italie.,945,65.5,False,positional,ROBERT,,,,Sec. XVIII
BO0624_83720,393944,71,566,Roslin. 1733-1793. Portrait de femme.,958,65.5,False,positional,ROSLIN,,,,Sec. XVIII
BO0624_83720,393945,72,567,Schall. XVIII siecle. Le jeune fill a l'oiseau.,972,63.9,False,positional,SCHALL,,,,Sec. XVIII
BO0624_83720,393946,73,568,SWEBACH. 1769-1823. Foire de village.,983,70.4,False,title_direct,SWEBACH,,,,Sec. XVIII
BO0624_83720,393947,74,569,SWEBACH. La Chasse a courre.,1002,79.2,False,title_direct,SWEBACH,,,,
BO0624_83720,393948,75,570,SWEBACH. L'Orage.,1006,61.5,False,title_direct,SWEBACH,,,,
BO0624_83720,393949,76,571,Tiepolo. L'Aurore.,1017,60.9,False,positional,TIEPOLO,,,,
BO0624_83720,393950,77,572,Viester. 1740-1824. L'Amour desarme.,1038,70.4,False,positional,VESTIER,,,,Sec. XVIII
BO0624_83720,393951,78,573,VESTIER. Portrait de femme.,1053,75.0,False,title_direct,VESTIER,,,,
BO0624_83720,393952,79,574,WATTEAU. Le Concert.,1068,68.8,False,title_direct,WATTEAU,,,,
BO0624_83720,393953,80,575,WATTEAU. La Danse.,1082,64.3,False,title_direct,WATTEAU,,,,
BO0624_83720,393954,81,576,Weenix. 1640-1719. Gibier sous la garde d'un chien.,1107,79.5,False,positional,WEENIX,,,,Sec. XVII
BO0624_83720,393955,82,577,Ecole anglaise. XVIII siecle. Portrait presume de Mrs. Siddons.,1123,68.1,False,positional,,ECOLE ANGLAISE,,,Sec. XVIII
BO0624_83720,393956,83,578,Ecole anglaise. Portrait d’une jeune dame.,1136,77.6,False,positional,,ECOLE ANGLAISE,,,
BO0624_83720,393957,84,579,ECOLE ANGLAISE. XVIII siecle. Jeune femme en buste.,1150,58.3,False,title_direct,,ECOLE ANGLAISE,,,Sec. XVIII
BO0624_83720,393958,85,580,ECOLE ANGLAISE. XVIII siecle. Le Depart pour la promenade.,1163,67.4,False,title_direct,,ECOLE ANGLAISE,,,Sec. XVIII
BO0624_83720,393959,86,581,ECOLE ANGLAISE. XVIII siecle. La Declaration.,1169,50.0,False,title_direct,,ECOLE ANGLAISE,,,Sec. XVIII
BO0624_83720,393960,87,582,ECOLE ANGLAISE. Portrait de jeune fille.,1182,73.8,False,title_direct,,ECOLE ANGLAISE,,,
BO0624_83720,393961,88,583,ECOLE ESPAGNOLE. XVII siecle. Les Danseurs.,1190,54.5,False,title_direct,,ECOLE ESPAGNOLE,,,Sec. XVII
BO0624_83720,393962,89,584,ECOLE FLAMANDE. XVII siecle. Portrait d'un jeune Seigneur.,1205,65.2,False,title_direct,,ECOLE FLAMANDE,,,Sec. XVII
BO0624_83720,393963,90,585,ECOLE FRANCAISE. XVIII siecle. Decoration de salon.,1220,56.3,False,title_direct,,ECOLE FRANCAISE,,,Sec. XVIII
BO0624_83720,393964,91,586,ECOLE FRANCAISE. XVIII siecle. Recreation champetre.,1253,57.5,False,title_direct,,ECOLE FRANCAISE,,,Sec. XVIII
BO0624_83720,393965,92,587,ECOLE FRANCAISE. XVIII siècle. Portrait presume de Dumont le Romain.,1272,70.5,False,title_direct,,ECOLE FRANCAISE,,,Sec. XVIII
BO0624_83720,393966,93,588,ECOLE FRANCAISE. XVIII siècle. Fillette tenant une guirlande de roses.,1292,72.4,False,title_direct,,ECOLE FRANCAISE,,,Sec. XVIII
BO0624_83720,393967,94,589,ECOLE FRANCAISE. XVIII siècle. Composition bachique.,1303,58.7,False,title_direct,,ECOLE FRANCAISE,,,Sec. XVIII
BO0624_83720,393968,95,590,ECOLE FRANCAISE. XVIII siècle. Flore et Zephire.,1318,52.5,False,title_direct,,ECOLE FRANCAISE,,,Sec. XVIII
BO0624_83720,393969,96,591,ECOLE FRANCAISE. XVIII siècle. Le Repos de Diane.,1328,54.0,False,title_direct,,ECOLE FRANCAISE,,,Sec. XVIII
BO0624_83720,393970,97,592,ECOLE FRANCAISE. XVIII siècle. Amphitrite.,1334,43.6,False,title_direct,,ECOLE FRANCAISE,,,Sec. XVIII
BO0624_83720,393971,98,593,Ecole Francaise. Le Corbeau et le Renard.,1340,35.8,False,positional,,ECOLE FRANCAISE,,,
BO0624_83720,393972,99,594,Ecole Francaise. Le Loup ct la Cigogne.,1345,57.7,False,positional,,ECOLE FRANCAISE,,,
BO0624_83720,393973,100,595,Ecole Francaise. Le Loup et le Chien.,1351,53.3,False,positional,,ECOLE FRANCAISE,,,
BO0624_83720,393974,101,596,Ecole Francaise. XVIII siecle. Le Reve.,1353,33.9,False,positional,,ECOLE FRANCAISE,,,Sec. XVIII
BO0624_83720,393975,102,597,ECOLE FRANCAISE. XVIII siecle. Jeune fille en buste.,1357,34.4,False,title_direct,,ECOLE FRANCAISE,,,Sec. XVIII
BO0624_83720,393976,103,598,ECOLE FRANCAISE. XVIII siecle. Portrait de jeune fille.,1359,44.8,False,title_direct,,ECOLE FRANCAISE,,,Sec. XVIII
BO0624_83720,393977,104,599,ECOLE FRANCAISE. XVIII siecle. Jeune femme assise sur un lit.,1367,44.9,False,title_direct,,ECOLE FRANCAISE,,,Sec. XVIII
BO0624_83720,393978,105,600,Ecole Francaise. Portrait presume de M. Recamier.,1369,36.4,False,positional,,ECOLE FRANCAISE,,,
BO0624_83720,393979,106,601,Ecole Francaise. XVII siecle. Portrait d'un officier.,1371,46.2,False,positional,,ECOLE FRANCAISE,,,Sec. XVII
BO0624_83720,393980,107,602,"Bassin oblong, en ancienne porcelaine de Saxe.",1375,34.4,False,positional,,ECOLE FRANCAISE,,,
BO0624_83720,393981,108,603,"SucRiER ovale, en ancienne porcelaine de Saxe, simulant une salade semee d'insectes.",1377,38.4,False,positional,,ECOLE FRANCAISE,,,
BO0624_83720,393982,109,604,"Boite simulant de grosses grappes de raisin noir, en ancienne porcelaine de Saxe.",1390,39.5,False,positional,,ECOLE FRANCAISE,,,
BO0624_83720,393983,110,605,"Boire en ancienne porcelaine de Saxe,en forme de brebis couchee.",1396,36.2,False,positional,,ECOLE FRANCAISE,,,
BO0624_83720,393984,111,606,"SoupieRE avec couvercle,en ancienne porcelaine de Saxe,a decor de feurs et animaux, de style japonais; pieds griffes.",1402,46.8,False,positional,,ECOLE FRANCAISE,,,
BO0624_83720,393985,112,607,"Deux pETrrs vAsEs pots-pourris,en ancienne porcelaine de Saxe,a decor de feurs etfruits en ronde-bosse.",1413,36.2,False,positional,,ECOLE FRANCAISE,,,
BO0624_83720,393986,113,608,"QuATRE supporTs en ancienne porcelaine de Saxe,a figures d'amours enlaces; bases a feuillages.",1415,35.8,False,positional,,ECOLE FRANCAISE,,,
BO0624_83720,393987,114,609,PeTIT vAsE en ancienne porcelaine de Saxe: decor de feuillages gaufres et feurettes.,1417,46.2,False,positional,,ECOLE FRANCAISE,,,
BO0624_83720,393988,115,610,"PeTIT vAse a anses-tetes de beliers, en ancienne porcelaine de Saxe.",1421,35.1,False,positional,,ECOLE FRANCAISE,,,
BO0624_83720,393989,116,611,"PerIr vase a anses-mascarons, porte par trois figurines d'amours, debout sur base a rocailles. Ancienne porcelaine de Saxe.",1429,43.9,False,positional,,ECOLE HOLLANDAISE,,,
BO0624_83720,393990,117,612,"Vase pot-pourri,en ancienne porcelaine de Saxe,cn forme de fruit au milieu de branchages et de feurs en ronde-bosse.",1444,59.7,False,positional,,,PORCELAINES,,
BO0624_83720,393991,118,613,"PAIRE DE BoUTs-DE-TABLE a trois lumieres,en ancienne porcelaine de Saxe, en forme darbustes,au pied desquels se tiennent deux amours costumes;bases a rocailles.",1448,51.0,False,positional,,,PORCELAINES,,
BO0624_83720,393992,119,614,"Deux PETITs cHevaux cabres et selles, en ancienne porcelaine de Saxe.",1452,61.3,False,positional,,,PORCELAINES,,
BO0624_83720,393993,120,615,"Deux oiseaux en ancienne porcelaine de Saxe,au plumage noir et blanc, perches sur des troncs d'arbres et des rochers.",1456,58.5,False,positional,,,PORCELAINES,,
BO0624_83720,393994,121,616,"GRouPE DE DEux oisEAUx en ancienne porcelaine de Saxe, se prenant mutuellement le bec. Terrasse en bronze avec branchages vernis vert.",1461,56.5,False,positional,,,PORCELAINES,,
BO0624_83720,393995,122,617,"PETIT GRouPE DE DEUx oISEAUx en ancienne porcelaine de Saxe, au plumage noir et jaune et perches sur des rochers.",1468,59.9,False,positional,,,PORCELAINES,,
BO0624_83720,393996,123,618,"Deux oisEAux en ancienne porcelaine de Saxe,au riche plumage, perches sur des troncs d'arbres. Bases a rocailles en bronze dore.",1486,78.7,False,positional,,,PORCELAINES,,
BO0624_83720,393997,124,619,"PETITE PeRRucHE au plumage bleu,jaune et rouge, posee sur un tronc d'arbre.Ancienne porcelaine de Saxe.",1490,53.3,False,positional,,,PORCELAINES,,
BO0624_83720,393998,125,620,Boeuf couché.,1494,25.0,False,positional,,,PORCELAINES,,
BO0624_83720,393999,126,621,"PeTITE NicHE en ancienne porcelaine de Saxe, d'ou sort un chien attire par une bataille que se livrent deux autres chiens grimpes sur le toit de la niche.",1495,55.5,False,positional,,,PORCELAINES,,
BO0624_83720,394000,127,622,"PeTITE NicHE en ancienne porcelaine de Saxe, sur laquelle est grimpe le chien de garde.",1509,97.7,False,positional,,,PORCELAINES,,
BO0624_83720,394001,128,623,"CHIEN carlin, assis sur un coussin rose.",1510,95.0,False,positional,,,PORCELAINES,,
BO0624_83720,394002,129,624,AuTRE analogue.,1512,87.5,False,positional,,,PORCELAINES,,
BO0624_83720,394003,130,625,"CHIEN carlin et cHIENNE accompagnee de son petit, en ancienne porcelaine de Saxe. Coussins en bronze dore. Bases en marbre.",1520,98.3,False,positional,,,PORCELAINES,,
BO0624_83720,394004,131,626,"Deux cHIens carlins en ancienne porcelaine de Saxe,l'un accompagne de son petit,Ils sont assis sur des coussins avec bases a decor de rocailles, en bronze.",1524,98.7,False,positional,,,PORCELAINES,,
BO0624_83720,394005,132,627,"BrEBis couchee, en ancienne porcelaine de Saxe.",1528,95.7,False,positional,,,PORCELAINES,,
BO0624_83720,394006,133,628,Petit buste d'infante en ancienne porcelaine.,1532,62.2,False,positional,,,PORCELAINES,,
BO0624_83720,394007,134,629,"StaTueTTe,en ancienne porcelaine de Saxe, de sorciere debout,tenant un medaillon charge de signes cabalistiques.",1537,97.3,False,positional,,,PORCELAINES,,
BO0624_83720,394008,135,630,"FiGuRINE, en ancienne porcelaine de Saxe, d'enfant nu, tenant des fleurs et assis.",1541,90.2,False,positional,,,PORCELAINES,,
BO0624_83720,394009,136,631,"FiGuRiNE, en ancienne porcelaine de Saxe, de pecheuse debout,en tunique blanche et robe rose a feurs.",1542,98.0,False,positional,,,PORCELAINES,,
BO0624_83720,394010,137,632,"FiGuRINE en ancienne porcelaine de Saxe:la marchande de plaisirs, debout, en corsage violet et jupe jaune a feurs.",1546,98.2,False,positional,,,PORCELAINES,,
BO0624_83720,394011,138,633,"FiGrrINE,en ancienne porcelaine de Saxe, de femme assise,cccupee a coudre.",1550,97.3,False,positional,,,PORCELAINES,,
BO0624_83720,394012,139,634,"FiGuRinE,en ancienne porcelaine de Saxe,de saint personnage tenant l'Enfant-Jesus qui porte sa croix.",1554,98.0,False,positional,,,PORCELAINES,,
BO0624_83720,394013,140,635,"FiGuRinE,en ancienne porcelaine de Saxe, de saint Antoine de Padoue tenant un livre, sur lequel il porte l'Enfant-Jesus.",1558,98.3,False,positional,,,PORCELAINES,,
BO0624_83720,394014,141,636,"FiGuRINE, en ancienne porcelaine de Saxe, de personnage de la comedie italienne,vetu de rouge, avec houppelande noire.",1562,98.3,False,positional,,,PORCELAINES,,
BO0624_83720,394015,142,637,"FiGuRINE,en ancienne porcelaine de Saxe, de jeune femme assise, en robe jaune a feurs, tenant un chat auquel elle presente une souris.",1566,98.5,False,positional,,,PORCELAINES,,
BO0624_83720,394016,143,638,"FiGurinE, en ancienne porcelaine de Saxe, d'adolescent debout, en culotte jaune et habit blanc a feurs.",1569,98.0,False,positional,,,PORCELAINES,,
BO0624_83720,394017,144,639,"FigurinE en ancienne porcelaine de Saxe, damour debout, un sac sur l'epaule, et coiffe d'une toque noire.",1573,98.1,False,positional,,,PORCELAINES,,
BO0624_83720,394018,145,640,"FiGuRiNE en ancienne porcelaine de Saxe:jeune seigneur assis,faisant faire le beau a son chien.",1577,97.9,False,positional,,,PORCELAINES,,
BO0624_83720,394019,146,641,"FiGurINE en ancienne porcelaine de Saxe, d'enfant nu, debout, tenant un cahier de musique.",1581,97.7,False,positional,,,PORCELAINES,,
BO0624_83720,394020,147,642,"Deux FIGuRINes en ancienne porcelaine de Saxe,le Printemps et lEte, disposees sur un motif rocaille en bronze, supportant egalement un vase de feurs de meme porcelaine.",1585,98.8,False,positional,,,PORCELAINES,,
BO0624_83720,394021,148,643,"Deux sTATuETTEs en ancienne porcelaine de Saxe:personnages orientaux assis sur des coussins, tenant, l'un un singe, l'autre un perroquet; I'une d'elles montee en candelabre en bronze.",1589,98.9,False,positional,,,PORCELAINES,,
BO0624_83720,394022,149,644,"STaTuErTE en ancienne porcelaine de Saxe, d'ouvrier mineur, debout, vetu de noir.",1593,97.5,False,positional,,,PORCELAINES,,
BO0624_83720,394023,150,645,"STaruErTE en ancienne porcelaine de Saxe, d'ouvrier mineur, debout, vetu de blanc.",1597,98.1,False,positional,,,PORCELAINES,,
BO0624_83720,394024,151,646,"Deux sTATuETTEs en ancienne porcelaine de Saxe:femmes debout, vetues de draperies a feurs et portant chacune une corne d'abondance feurie. Bases a rocailles en bronze dore.",1601,98.8,False,positional,,,PORCELAINES,,
BO0624_83720,394025,152,647,"Groupe en ancienne porcelaine de Saxe, forme d'une nymphe assise sur un tertre,et tenant un amour.",1604,98.0,False,positional,,,PORCELAINES,,
BO0624_83720,394026,153,648,PeTIT Groupe en ancienne porcelaine de Saxe:nymphe et feuve assis sur un tertre au milieu de roseaux et de coquillages.,1608,98.3,False,positional,,,PORCELAINES,,
BO0624_83720,394027,154,649,PETIT GRoupE en ancienne porcelaine de Saxe:la mere de famille accompagnee d'un petit garcon et tenant un enfant sur son dos.,1612,98.4,False,positional,,,PORCELAINES,,
BO0624_83720,394028,155,650,"PIEcE DE sURToUT DE TABLE en ancienne porcelaine de Saxe, composee d'un groupe central: deux femmes drapees et deux enfants tenant une gerbe de ble et une corbeille de feurs,personnifiant le Printemps et lEté, et adosses a un motif de rocailles sur lequel est placee une corbeille ajouree, decoree de feurs et gaufree sous couverte. Ce groupe est entoure d'une balustrade cantonnee de quatre oiseaux perches sur des troncs d'arbres et poses sur des socles ajoures et feuris dont un marque:K.H.C. (patisserie royale de la Cour).",1616,99.6,False,positional,,,PORCELAINES,,
BO0624_83720,394029,156,651,"PETIT MoNUMENT simulant un bosquet en ancienne porcelaine de Saxe, forme de quatre groupes de colonnettes a volutes supportant un dome ajoure. Rehauts de dorure et garnitures en bronze a motifs de rocailles. Haut., 63 cent.",1620,99.1,False,positional,,,PORCELAINES,,
BO0624_83720,394030,157,652,"CaLvaiRE en ancienne porcelaine de Saxe, compose d'un Christ sur une croix en bois,au pied de laquelle est agenouillee sainte Madeleine,et de deux figurines,la Vierge et saint Jean.",1621,98.9,False,positional,,,PORCELAINES,,
BO0624_83720,394031,158,653,"STaTuErrE en ancienne porcelaine de Louisbourg,figurant une Source sous les traits d'une nymphe etendue aupres d'un vase renverse.",1625,98.5,False,positional,,,PORCELAINES,,
BO0624_83720,394032,159,654,"FiGuRINE en ancienne porcelaine de Frankenthal:personnage oriental debout, tenant un perchoir sur lequel est pose un oiseau.",1629,98.4,False,positional,,,PORCELAINES,,
BO0624_83720,394033,160,655,"STATuETTE en ancienne porcelaine de Frankenthal:Diane endormie, assise au pied d'un tronc d'arbre, son chien aupres d'elle.",1632,96.7,False,positional,,,PORCELAINES,,
BO0624_83720,394034,161,656,"PoT DE ToILETTE cyLINDRIQUE a fond bleu, decor d'oiseaux.Ancienne porcelaine tendre de Vincennes. Annee 1753.",1638,98.1,False,positional,,,PORCELAINES,,Sec. XVIII
BO0624_83720,394035,162,657,Sucrier decore de feurs avec lambrequins bleus. Ancienne porcelaine tendre de Vincennes.Annee 1753.,1646,98.0,False,positional,,,PORCELAINES,,Sec. XVIII
BO0624_83720,394036,163,658,"SoupIERE AvEc couvERcLE en ancienne porcelaine tendre de Vincennes, a decor de feurs et hachures bleues; anses enrubannees. Annee 1754. Larg.,28 cent.",1650,98.6,False,positional,,,PORCELAINES,,Sec. XVIII
BO0624_83720,394037,164,659,DEUX PETITEs JARDINIEREs CARREEs en ancienne porcelaine tendre de T.II. II,1651,97.3,False,positional,,,PORCELAINES,,
BO0624_83720,394038,165,660,"SucRIER ET PoT A LAIT avec leurs couvercles,et soucoupe en ancienne porcelaine tendre de Sevres, ornes d'enfants dans des paysages et d'oiseaux; dents de loup en dorure. Annee 1757.Decor par Buteux aine.",1656,99.0,False,positional,,,PORCELAINES,,Sec. XVIII
BO0624_83720,394039,166,661,"SocLe rectangulaire en ancienne porcelaine tendre de Sevres, orne de quatre compartiments a sujets allegoriques a l'amour et a la musique, se detachant sur un fond bleu cailloute d'or. Annee 175g. Decor par Dodin.",1660,99.0,False,positional,,,PORCELAINES,,
BO0624_83720,394040,167,662,"PeTIr sucRIER obconique en ancienne porcelaine tendre de Sevres, orne de guirlandes de feurs en camaieu carmin et dents de loup en dorure.Annee 1756.Decor par Sioux jeune.",1664,98.8,False,positional,,,PORCELAINES,,Sec. XVIII
BO0624_83720,394041,168,663,"FoND DE PLATEAU en ancienne porcelaine tendre de Sevres,decoré d'un paysage anime avec habitations et cours d'eau, et avec encadrement de marbrures bleues et roses. Cadre en bois.",1668,98.9,False,positional,,,PORCELAINES,,
BO0624_83720,394042,169,664,"Deux pieces:theiere et sucrier avec couvercles en ancienne porcelaine tendre de Sevres,a decor de reserves contenant des paysages animes et se detachant sur un fond marbre de bleu et de rose. Annee 1761.",1672,99.0,False,positional,,,PORCELAINES,,Sec. XVIII
BO0624_83720,394043,170,665,"PLATEAU rectangulaire en ancienne porcelaine tendre de Sevres,a bords formes de postes et orne,au fond, de coquilles, quadrilles,guirlandes de feurs et rubans, avec rehauts de dorure. Annee 1763. Decor par Thevenet aine.Pied en bronze dore.",1676,99.4,False,positional,,,PORCELAINES,,Sec. XVIII
BO0624_83720,394044,171,666,PLAQuE en ancienne porcelaine tendre de Sevres:l'Amour vu de face,1680,97.0,False,positional,,,PORCELAINES,,
BO0624_83720,394045,172,667,"Deux sALieres en ancienne porcelaine tendre de Sevres, reserves contenant des oiseaux ; fond bleu de roi. Annee 1768. Decor par Noel.",1685,98.4,False,positional,,,PORCELAINES,,Sec. XVIII
BO0624_83720,394046,173,668,"PeTIr PLATEAu oblong en ancienne porcelaine tendre de Sevres, decore, au centre, d'un motif quadrille d'or sur fond bleu et,a la chute, de postes, chargees de feuillages dores et se detachant sur un champ orne de rinceaux en dorure.Annee 1773.Decor par Thevenet aine.",1689,99.2,False,positional,,,PORCELAINES,,Sec. XVIII
BO0624_83720,394047,174,669,"CoNFITuRIER oblong a deux recipients,en ancienne porcelaine tendre de Sevres.Entre les deux recipients, un medaillon de feurs. Bordure a feurettes.Annee1775.Doreur:Prevost.",1693,98.8,False,positional,,,PORCELAINES,,
BO0624_83720,394048,175,670,Tasse ET soucoupe en ancienne porcelaine tendre blanche de Sevres. Bordure doree.,1697,97.5,False,positional,,,PORCELAINES,,
BO0624_83720,394049,176,671,"TassE DRoITE ET sA soucouPE en ancienne porcelaine tendre de Sevres: decor de rubans ondules, a feuillages bleus sur fond strie or.",1701,98.5,False,positional,,,PORCELAINES,,
BO0624_83720,394050,177,672,"TassE DRoiTE ET sA soucouPE en ancienne porcelaine tendre de Sevres, a fleurettes semees sur fond bleute.",1705,98.1,False,positional,,,PORCELAINES,,
BO0624_83720,394051,178,673,"TAssE-TREMBLEUsE ET sON PREsENToIR en ancienne porcelaine tendre de Sevres,a decor de feurs sur fond a ceils-de-perdrix bleus.",1709,98.4,False,positional,,,PORCELAINES,,
BO0624_83720,394052,179,674,"THEIERE ET sucRIER avec couvercles, deux tasses et deux soucoupes, en ancienne porcelaine tendre de Sevres,a decor de feurs et compartiments carreles en bleu.",1713,98.7,False,positional,,,PORCELAINES,,
BO0624_83720,394053,180,675,SALIERE TRIpLE en ancienne porcelaine tendre de Sevres: feurs et filets bleus.,1716,97.4,False,positional,,,PORCELAINES,,
BO0624_83720,394054,181,676,"SaLIERE TRIPLE en ancienne porcelaine tendre de Sevres, decorée d'oiseaux.",1720,97.3,False,positional,,,PORCELAINES,,
BO0624_83720,394055,182,677,"PETIT FLAcoN A THE en ancienne porcelaine tendre de Sevres, a decor de fleurs.",1724,97.4,False,positional,,,PORCELAINES,,
BO0624_83720,394056,183,678,PETIT FLAcoN A THE en ancienne porcelaine tendre de Sevres: feurs et filets bleus.,1728,97.6,False,positional,,,PORCELAINES,,
BO0624_83720,394057,184,679,"Beurrier rond sur plateau fixe et avec couvercle, en ancienne porcelaine tendre de Sevres:decor de fleurs et filets bleus.",1732,98.4,False,positional,,,PORCELAINES,,
BO0624_83720,394058,185,680,"CiNQ Pieces en ancienne porcelaine tendre de Sevres:theiere et sucrier avec couvercles, pot a lait, deux tasses avec deux soucoupes,a decor de fleurs et filets bleus.",1736,98.8,False,positional,,,PORCELAINES,,
BO0624_83720,394059,186,681,"Sucrier decore de feurs et lambrequins verts, en ancienne porcelaine de Sevres,pate tendre.",1740,97.8,False,positional,,,PORCELAINES,,
BO0624_83720,394060,187,682,"THEiERE avec couvercle et sucrier en ancienne porcelaine tendre de Sevres, ornee de feurs. Decor par Theodore.",1744,98.2,False,positional,,,PORCELAINES,,
BO0624_83720,394061,188,683,"QuATRE PIEcEs: theiere avec couvercle, pot a lait et deux tasses avec soucoupes, en ancienne porcelaine tendre de Sevres: decor de reserves a feurs sur fond bleu.",1748,98.7,False,positional,,,PORCELAINES,,
BO0624_83720,394062,189,684,"Deux soupieres,l'une ovale,lautre ronde,avec couvercles,en ancienne porcelaine tendre de Sevres, a decor de feurs et hachures bleues; anses enrubannees.",1751,98.7,False,positional,,,PORCELAINES,,
BO0624_83720,394063,190,685,"Deux PETITEs coRBEILLEs ajourees en ancienne porcelaine tendre de Sevres, decorees en bleu et en dorure,avec feurons a la bordure.",1755,98.5,False,positional,,,PORCELAINES,,
BO0624_83720,394064,191,686,"Vase en ancienne porcelaine tendre de Sevres, a reserves de feurs sur fond bleu-marbre;monture a anses en bronze.",1759,98.2,False,positional,,,PORCELAINES,,
BO0624_83720,394065,192,687,"VasE DE Nurr en ancienne porcelaine tendre de Sevres, a decor de fleurs.",1763,97.2,False,positional,,,PORCELAINES,,
BO0624_83720,394066,193,688,"BourDaLouE en ancienne porcelaine tendre de Sevres, a decor de feurs et filets bleus. Larg.,23 cent.",1767,98.0,False,positional,,,PORCELAINES,,
BO0624_83720,394067,194,689,"PLaQuE rectangulaire en ancienne porcelaine tendre de Sevres, presentant un pont sur un ruisseau; au premier plan,un pecheur;au fond,une tour.Cadre en bronze.",1768,98.7,False,positional,,,PORCELAINES,,
BO0624_83720,394068,195,690,"TRoIs PETITs MEDAILLoNs ovales en ancienne porcelaine tendre de Sevres, decores chacun d'un amour sur des nuages. Cadre en bronze dore.",1772,98.5,False,positional,,,PORCELAINES,,
BO0624_83720,394069,196,691,"Deux pLaQues,a cotes cintres,en ancienne porcelaine tendre de Sevres; bouquets de feurs et rubans bleus. Decor par Pierre jeune.",1776,98.4,False,positional,,,PORCELAINES,,
BO0624_83720,394070,197,692,"SocLe carre en bronze dore, orne de quatre plaques en ancienne porcelaine tendre de Sevres, presentant une reserve a feurs se detachant sur fond bleu-turquoise.",1780,98.7,False,positional,,,PORCELAINES,,
BO0624_83720,394071,198,693,"Boire en bois et cuivre,ornee, sur le couvercle,d'une plaque lobee en ancienne porcelaine tendre de Sevres, presentant un sujet pastoral a deux personnages.",1783,98.7,False,positional,,,PORCELAINES,,
BO0624_83720,394072,199,694,"STATuETTE, en ancienne porcelaine tendre de Sevres, de femme nue, etendue sur une draperie, au milieu de gerbes.",1787,98.2,False,positional,,,PORCELAINES,,
BO0624_83720,394073,200,695,"StaTueTTE en ancien biscuit de Sevres: allegorie de l'Amour, sous les traits d'une femme drapee a l'antique, tenant un cour et debout aupres d'un fut de colonne enguirlande de fleurs.",1791,98.3,False,positional,,,PORCELAINES,,
BO0624_83720,394074,201,696,GroupE en ancien biscuitde Sevres:composition allegoriquea la naissance d'un dauphin de France. Marque de Leriche.,1795,98.2,False,positional,,,PORCELAINES,,
BO0624_83720,394075,202,697,"Groupe en biscuit de Sevres bleu et blanc:femme assise sur le bord d'une baignoire, accompagnee d'un amour et faisant sa toilette.",1799,98.5,False,positional,,,PORCELAINES,,
BO0624_83720,394076,203,698,"Vase cotele,decore de feurs,en ancienne porcelaine tendre de Chantilly.",1805,97.2,False,positional,,,PORCELAINES; FAIENCES,,
BO0624_83720,394077,204,699,"PeTir vAsE pot-pourri, entoure de branchages et feurettes en rondebosse et place a cote d'un tronc d'arbre, avec feurettes en relief.Ancienne porcelaine tendre de Chantilly. o Deux coupes,decorees de eurs et danimaux, de style japonais,en ancienne porcelaine tendre de Chantilly.",1809,75.9,False,positional,,,PORCELAINES; FAIENCES,,
BO0624_83720,394078,205,700,"Deux poTs DE roILETTE cylindriques avec leurs couvercles, en ancienne porcelaine tendre de Mennecy, decoree de bouquets de feurs;boutons de couvercles formes chacun d'une roseenronde-bosse.",1813,44.7,False,positional,,,PORCELAINES; FAIENCES,,
BO0624_83720,394079,206,701,"Deux poTs DE roILETTE cylindriques avec leurs couvercles, en ancienne porcelaine tendre de Mennecy, decoree de bouquets de feurs;boutons de couvercles formes chacun d'une roseenronde-bosse.",1816,98.9,False,positional,,,PORCELAINES; FAIENCES,,
BO0624_83720,394080,207,702,Deux FIGuRINEs en ancienne porcelaine de Chelsea:berger et bergere debout.,1820,97.3,False,positional,,,PORCELAINES; FAIENCES,,
BO0624_83720,394081,208,703,"Deux PETIrs GRoupes en ancien biscuit :Flore et Zephyre: Flore et l'Amour, debout,enguirlandes de fleurs.",1821,92.2,False,positional,,,PORCELAINES; FAIENCES,,
BO0624_83720,394082,209,704,"Busre en biscuit, grandeur nature, de jeune femme, la tete couverte d'une draperie retombant sur les epaules et retenue par des couronnes et des guirlandes de feuilles.Fin du XVIII siecle.",1822,97.8,False,positional,,,PORCELAINES; FAIENCES,,Sec. XVIII
BO0624_83720,394083,210,705,"Service en ancienne faience de Marseille, fabrique de la veuve Perrin a decor de feurs, comprenant soixante-six assiettes, vingt-cinq plats et plateaux varies, dix jardinieres, deux saucieres, neuf compotiers, trois saladiers, deux bassins et deux soupieres avec couvercles,sur quatre pieds et a anses formees de tigres.",1831,99.4,False,positional,,,PORCELAINES; FAIENCES,,
BO0624_83720,394084,211,706,"Vase a panse ovoide,en ancienne faience de Rouen, a decor de feurs sur fond bleu.",1835,97.5,False,positional,,,PORCELAINES; FAIENCES,,
BO0624_83720,394085,212,707,"Plat en ancienne faience de Delft, a decor bleau.",1836,41.0,False,positional,,,PORCELAINES; FAIENCES,,
BO0624_83720,394086,213,708,"PLaQuE rectangulaire, en ancienne faience de Delft, presentant en couleurs et dorure une large rosace entouree d'insectes, ainsi quune bordure quadrillee avec feurettes et guirlandes aux angles et dans les milieux. Encadree.",1842,99.1,False,positional,,,PORCELAINES; FAIENCES,,
BO0624_83720,394087,214,709,"Deux PoRTE-FLEuRs en ancien celadon gris de la Chine, en forme de troncs d'arbres et rochers. Collerettes et bases en bronze.",1848,98.4,False,positional,,,PORCELAINES,,
BO0624_83720,394088,215,710,"Vase en ancienne porcelaine de la Chine, emaillee blanc et gaufrée, sous couverte, a decor de feurs. Pied, anses et col en bronze dore, a branches feuillagees et motifs de rocailles.",1852,98.9,False,positional,,,PORCELAINES,,
BO0624_83720,394089,216,711,"GRAND cAcHE-PoT de forme spherique, en porcelaine de Chine,a larges compartiments contenant des guerriers et des arbustes en feurs.",1856,98.5,False,positional,,,PORCELAINES,,
BO0624_83720,394090,217,712,"GARNITURE DE TROIs BRULE-PARFUMS en ancienne porcelaine de Chine et bronze.La piece du milieu se compose d'un vase a couvercle,peint, simulant la porcelaine, soutenu par une statuete de personnage grotesque, accroupi sur deux cerfs couches au milieu d'arbustes feuris et sur base a rocailles et tritons. Les deux autres sont formees d'un vase avec couvercle, orne d'une figurine et supporte par un cerf couche.",1859,99.5,False,positional,,,PORCELAINES,,
BO0624_83720,394091,218,713,"Deux cHArs en ancien celadon bleu-turquoise de la Chine,sur bases a draperies en bronze dore.",1863,97.9,False,positional,,,PORCELAINES,,
BO0624_83720,394092,219,714,"Deux coupes accompagnees chacune de deux perruches, en ancien celadon bleu-turquoise de la Chine,montees sur bases a feurs,feuilles et rocailles en bronze dore;l'une d'elles marquee: Saint-Germain.",1867,99.0,False,positional,,,PORCELAINES,,
BO0624_83720,394093,220,715,"Deux cAssoLErTEs de forme spherique, en celadon bleu-turquoise de la Chine, gaufre sous couverte a imbrications. Couvercles et bases simulant desfruitsen bronze dore.",1871,98.8,False,positional,,,PORCELAINES,,
BO0624_83720,394094,221,716,"FLAMBEau forme d'un petit cornet decore d'un dragon, en ancienne porcelaine de Chine?et place au milieu de branchages en bronze, a feurettes d'ancienne porcelaine de Saxe. Base contournee en bronze egalement, sur laquelle sont assis deux chiens carlins en ancienne porcelaine de Saxe.",1875,99.3,False,positional,,,PORCELAINES,,
BO0624_83720,394095,222,717,"Deux FLAMBEaux formes chacun d'un cornet, en ancienne porcelaine de Chine (?), decore d'un dragon, sur bases a rocailles en bronze dore, sur lesquelles sont assis des enfants figurant les Saisons,en ancienne porcelaine de Saxe. Derriere chacun d'eux, des branchages a feurs de meme porcelaine.",1879,99.3,False,positional,,,PORCELAINES,,
BO0624_83720,394096,223,718,"Deux cANDELABRes a quatre lumieres,formes d'arbustes en bronze avec T.II. I2",1883,97.4,False,positional,,,PORCELAINES,,
BO0624_83720,394097,224,719,"PaiRE DE VAsEs-BALUsTREs en ancienne porcelaine de Chine maillee bleu et gaufree sous couverte, avec traces de decor dore. Bases feuillagees et guirlandes de laurier du col en bronze dore.",1888,98.9,False,positional,,,PORCELAINES,,
BO0624_83720,394098,225,720,"Deux vAsEs-BALusTREs hexagones, en ancien celadon gris-verdatre de la Chine,a decor de feurs et insectes en bleu et rouge de cuivre.",1892,98.5,False,positional,,,PORCELAINES,,
BO0624_83720,394099,226,721,"Vase en ancienne porcelaine de Chine,en forme de fruit, supporte par un arbuste reposant sur une base rocaille en bronze, qui soutient egalement un elephant surmonte d'un personnage en gres de Chine.",1896,99.0,False,positional,,,PORCELAINES,,
BO0624_83720,394100,227,722,"PaIRE DE vAsEs-BALusTREs a pans, émailles bleu, avec traces de decor dore, en ancienne porcelaine de Chine. Ils sont ornes chacun d'une monture en bronze dore, composee d'une collerette a entrelacs, de guirlandes de raisin et de feuillages, ainsi que d'une base hexagone. L'une des bases esten bois dore.",1900,99.3,False,positional,,,PORCELAINES,,
BO0624_83720,394101,228,723,"PETIT BRULE-PARFUMs en ancienne porcelaine de Chine,avec couvercle, a decor de fleurs et d'insectes en relief. Monture en bronze.",1904,98.4,False,positional,,,PORCELAINES,,
BO0624_83720,394102,229,724,"Deux GRoupes, en ancienne porcelaine de Chine, de deux personnages debout, souriant.Montures en bronze,formees d'un arbuste et dune base.",1908,98.5,False,positional,,,PORCELAINES,,
BO0624_83720,394103,230,725,"PaiRE DE vAsEs en ancienne porcelaine de Chine, presentant des traces de decor en dorure sur fond bleu. Collerettes,anses doubles a torsades, bases a tores de laurier en bronze dore.",1912,98.9,False,positional,,,PORCELAINES,,
BO0624_83720,394104,231,726,Deux oisEAux en ancienne porcelaine de Chine emaillee sur biscuit; decor au naturel.,1915,97.6,False,positional,,,PORCELAINES,,
BO0624_83720,394105,232,727,"Trois coqs en ancienne porcelaine de Chine emaille sur biscuit, a plumage jaune,violet et vert,debout sur un petit rocher.",1919,98.4,False,positional,,,PORCELAINES,,
BO0624_83720,394106,233,728,"Deux coupes rondes avec couvercles, en ancienne porcelaine de Chine, famille verte,a decor de compartiments d'ustensiles, sur fond vert charge de rinceaux et d'oiseaux.",1923,98.8,False,positional,,,PORCELAINES,,
BO0624_83720,394107,234,729,"PaiRE DE corNETs a pans, avec renfement median, en ancienne porcelaine de Chine, famille verte,a decor de branches feuries et insectes. Montures en bronze.",1927,98.7,False,positional,,,PORCELAINES,,
BO0624_83720,394108,235,730,"Trois PLaQues de revetement en ancienne porcelaine de Chine,famille verte,a decor de personnages et branches fleuries.",1931,98.3,False,positional,,,PORCELAINES,,
BO0624_83720,394109,236,731,"Deux BouTEILLes a panses spheriques,en porcelaine de Chine, famille verte,a decor de dragons et poissons en relief, sur fond simulant les fots de la mer. Collerettes a cannelures obliques, et anses-animaux chimeriques,en bronze dore.",1935,99.1,False,positional,,,PORCELAINES,,
BO0624_83720,394110,237,732,"Deux vAses en ancienne porcelaine de Chine, famille verte,a compartiments de feurs et d'ustensiles, encadres de rinceaux, sur fond rouge de fer.",1939,98.6,False,positional,,,PORCELAINES,,
BO0624_83720,394111,238,733,"PaIRE DE CAcHE-poTs en ancienne porcelaine de Chine, famille rose; decor defeurs et rouleaux deplies.",1943,98.0,False,positional,,,PORCELAINES,,
BO0624_83720,394112,239,734,"GaRnirurE de six pieces,composee de deux pots ovoides,deux potiches",1947,97.1,False,positional,,,PORCELAINES,,
BO0624_83720,394113,240,735,"Groupe de deux personnages en ancienne porcelaine de Chine, famille",1952,97.1,False,positional,,,PORCELAINES,,
BO0624_83720,394114,241,736,"PaiRE DE cANDELABREs a quatre lumieres, a decor de feurs et rocailles en bronze dore, ornes de trois figurines d'enfants, ainsi que de tasses et petites potiches en ancienne porcelaine de Chine, famille rose.",1962,99.0,False,positional,,,PORCELAINES,,
BO0624_83720,394115,242,737,"PAIRE DE CANDELABREs a trois lumieres,en bronze patine et dore,a",1966,97.0,False,positional,,,PORCELAINES,,
BO0624_83720,394116,243,738,"QuATRE cANDELABREs a deux lumieres, en bronze dore,a volutes et",1971,96.9,False,positional,,,PORCELAINES,,
BO0624_83720,394117,244,739,"MeNagERe a cinq places, de forme octogone,en ancienne porcelaine de Chine, famille rose;feurs et bordure cailloutee bleu.",1981,98.3,False,positional,,,PORCELAINES,,
BO0624_83720,394118,245,740,"PAIRE DE PETITs cANDELABREs a deux lumieres, en bronze dore, formes",1985,97.0,False,positional,,,PORCELAINES,,
BO0624_83720,394119,246,741,"ELEPHANr debout, caparaconne et supportant une petite pagode: ancienne porcelaine de Chine, famille rose. Base en bronze.",1990,98.3,False,positional,,,PORCELAINES,,
BO0624_83720,394120,247,742,"CANARD,grandeur nature, en ancienne porcelaine de Chine,famille rose, decore au naturel et pose sur un tertre emaille brun.",1994,98.4,False,positional,,,PORCELAINES,,
BO0624_83720,394121,248,743,"PaiRE DE FLAMBEAux, formes chacun d'un elephant debout, émaille rouge, en ancienne porcelaine de Chine, et supportant une figurine d'enfant sauvage en bronze dore.",1998,98.8,False,positional,,,PORCELAINES,,
BO0624_83720,394122,249,744,"CHAT, en ancien celadon bleu-turquoise de la Chine, sur base a branchages et rocailles en bronze dore, du temps de Louis XV.",2002,98.4,False,positional,,,PORCELAINES,,
BO0624_83720,394123,250,745,"BRULE-PARFUMs, compose de trois recipients, en ancienne porcelaine de Chine,emailles rouge-corail et montes sur une meme base en bronze,du temps de Louis XV.",2006,98.7,False,positional,,,PORCELAINES,,
BO0624_83720,394124,251,746,"Deux THEIEREs,en forme de poules,en ancienne porcelaine de Chine, émaillee sur biscuit; bases en bronze dore a rocailles et feuillages, du temps de Louis XV.",2010,98.7,False,positional,,,PORCELAINES,,
BO0624_83720,394125,252,747,"Deux poTs ovoides avec couvercles, en ancienne porcelaine de Chine, decores de feurs en dorure sur fond bleu;montures en bronze dore,couvercles ajoures,anses mobiles,pieds-griffes.",2014,98.9,False,positional,,,PORCELAINES,,
BO0624_83720,394126,253,748,"Deux pETITEs cHIMEREs couchees, en ancien celadon bleu-turquoise de la Chine, sur terrasses en bronze dore a grecques et rosaces, du temps de Louis XVI.",2017,98.7,False,positional,,,PORCELAINES,,
BO0624_83720,394127,254,749,"PaiRE DE vasEs, en ancien celadon gri-craquele de la Chine, decorés d'anses et de zones reservees en biscuit brun dore.Montures en bronze dore du temps de Louis XVI.",2021,98.8,False,positional,,,PORCELAINES,,
BO0624_83720,394128,255,750,"PAIRE DE vAsEs-BALusTREs,en ancienne porcelaine de Chine, émaillee bleu et a decor dore.Montures en bronze dore,a guirlandes et bases moulurees.",2025,98.6,False,positional,,,PORCELAINES,,
BO0624_83720,394129,256,751,"GarnIrure de cinq pieces,trois potiches avec couvercles et deux cornets en ancienne porcelaine du Japon,a decor de compartiments et lambrequins a feurs en bleu,rouge et or,et de bandes a feuillages emailles bleu.",2029,99.1,False,positional,,,PORCELAINES,,
BO0624_83720,394130,257,752,"Deux coupes avec couvercles,en ancienne porcelaine du Japon, a decor bleu,rouge et or, de scenes familiales.",2033,98.1,False,positional,,,PORCELAINES,,
BO0624_83720,394131,258,753,"DEUx BRULE-PARFUMs rectangulaires, en ancien email cloisonne de la Chine, a rinceaux sur fond bleu avec parties reservees en bronze et bases en bois avec applications de burgau a feurettes.",2039,98.9,False,positional,,,PORCELAINES,,
BO0624_83720,394132,259,754,"Groupe en cristal de roche, de travail chinois, forme d'un vieillard et d'un enfant debout dans une niche a treillis en cuivre, ornee de branchages feuris en jade, cristal de roche et sardoine. Base en bronze doré a rocailles.",2043,99.1,False,positional,,,PORCELAINES,,
BO0624_83720,394133,260,755,"Deux Groupes en cristal de roche, de travail chinois, pouvant accompagner le groupe precedent, avec porte-lumiere a la partie posterieure.",2046,98.5,False,positional,,,PORCELAINES,,
BO0624_83720,394134,261,756,"PoRTE-MoNTRE, compose d'une sphere en bois peint bleu, surmontee d'une figurine d'amour et supportee par une base a volutes et aigle en bronze dore.xville siecle.",2050,98.8,False,positional,,,PORCELAINES,,
BO0624_83720,394135,262,757,"StATuETTE en plomb de Chinois assis,les mains surelevees,faisant le geste de supporter un fardeau.Epoque Louis XV.",2054,97.4,False,positional,,,PORCELAINES,,
BO0624_83720,394136,263,758,"Deux pETiTs BusTEs en plomb:tete d'homme et tete de femme.Epoque Louis XV.Socles en bois sculpte et peint. Hauteur des bustes,22 cent.",2058,98.5,False,positional,,,PORCELAINES,,
BO0624_83720,394137,264,759,"Coussin en soie blanche brodee au point de chainette a feurs et rubans, du temps de Louis XVI.",2059,97.9,False,positional,,,PORCELAINES,,
BO0624_83720,394138,265,760,"Coussin en satin blanc, avec applications de broderie au point de chainette, a dessin de bouquets de feurs, du temps de Louis XVI.",2063,93.7,False,positional,,,PORCELAINES,,
BO0624_83720,394139,266,761,"Bas-RELiEF en cire de couleur:bacchant et bacchante, accompagnes de trois enfants jouant. Milieu du xvin siecle.Encadre.",2064,98.3,False,positional,,,PORCELAINES,,
BO0624_83720,394140,267,762,"MoRTIER ET PILoN en porphyre rouge oriental garni d'argent. Fin du xVIl siecle. Diam.,13cent.",2068,97.8,False,positional,,,PORCELAINES,,
BO0624_83720,394141,268,763,"PoRTEFEuILLE en maroquin rouge armorie, avec couronne de comte. Fermoir en argent.Epoque Regence.",2069,97.9,False,positional,,,PORCELAINES,,
BO0624_83720,394142,269,764,PoRTEFEuILE en maroquin rouge dore au fer. Fermoir en argent dore. Epoque Regence.,2073,97.5,False,positional,,,PORCELAINES,,
BO0624_83720,394143,270,765,"Corrre en cuir rouge dore aux fers, aux armes de France, au chiffre du roi Louis XV,et avec bordure feurdelysee.Epoque Louis XV.",2076,98.4,False,positional,,,PORCELAINES,,
BO0624_83720,394144,271,766,"PuprTRE en maroquin rouge incruste d'argent et chiffre. Epoque Louis XVI. Larg.,42 cent.",2080,97.7,False,positional,,,PORCELAINES,,
BO0624_83720,394145,272,767,Ecrin en maroquin rouge doré aux fers,2081,24.5,False,positional,,,PORCELAINES,,
BO0624_83720,394146,273,768,"PoRTEFEUILLE-EcRIToiRE en maroquin rouge dore aux fers, avec armoiries de duc.xvine siecle.",2085,97.8,False,positional,,,PORCELAINES,,
BO0624_83720,394147,274,769,Bas-RELiEF en terre cuite:projet de fontaine en forme de niche abritant une figure de feuve.Epoque Regence.,2091,98.1,False,positional,,,SCULPTURES,,
BO0624_83720,394148,275,770,"Deux sTATuEs en terre cuite, grandeur nature, d'homme et de femme a corps termines en gaines : l'Ete et I'Automne. Milieu du xvile siecle.",2095,98.5,False,positional,,,SCULPTURES,,
BO0624_83720,394149,276,771,"STATueTTE en terre cuite:Diane debout, accompagnee d'un chien, sur base simulant un piedestal. XVIII siecle.",2099,95.3,False,positional,,,SCULPTURES,,Sec. XVIII
BO0624_83720,394150,277,772,PerIr GRoupe en terre cuite : Venus et deux amours assis sur la poupe d'un navire; avec armoiries a l'arriere. xvine siecle.,2103,98.3,False,positional,,,SCULPTURES,,
BO0624_83720,394151,278,773,PeTIT GroupE en terre cuite : le Triomphe d'Amphitrite: composition T.II. 13,2107,97.3,False,positional,,,SCULPTURES,,
BO0624_83720,394152,279,774,"STaTuE en terre cuite de jeune garcon,debout,tenant un panier plein d'ecureuils.xvinsiecle.",2112,97.8,False,positional,,,SCULPTURES,,
BO0624_83720,394153,280,775,Deux sTATuETres en terre cuite: un Fleuve et une Source sous les traits de personnages etendus et appuyes sur un vase renverse. Bases en marbre.xvin siecle.,2116,98.7,False,positional,,,SCULPTURES,,
BO0624_83720,394154,281,776,"StaTuETTE en terre cuite de femme debout, drapee a lantique, tenant un nid de pelicans. Signee:Dardel,1785.(Dardel,Robert-Guillaume, eleve de Pajou, 1749-1821.) xvme siecle.",2120,98.2,False,positional,,,SCULPTURES,,Sec. XVIII
BO0624_83720,394155,282,777,"Bas-RELIEF rectangulaire en terre cuite, presentant une bacchanale a nombreux personnages;au second plan, des motifs d'architecture. Epoque Louis xVI.Encadre.",2124,98.7,False,positional,,,SCULPTURES,,
BO0624_83720,394156,283,778,"Deux PETIrs BusTes en terre cuite,portant le nom de Clodion au revers: jeune femme, un ruban dans les cheveux retenant des boucles venant retomber sur ses epaules;adolescent,couronne de lauriers et drape a l'antique. Bases en marbre de couleurs et bronze.",2128,99.2,False,positional,,,SCULPTURES,,
BO0624_83720,394157,284,779,"Deux sTATuETTes en terre cuite de femmes debout, le corps a demi revetu d'une draperie et tenant chacune une torchere.",2132,98.3,False,positional,,,SCULPTURES,,
BO0624_83720,394158,285,780,"STATuETTE en terre cuite, personnifiant la Sculpture sous les traits d'une femme assise, drapee a lantique, et s'appuyant sur un torse d'homme.Elle portele nom de Falconet.",2136,98.8,False,positional,,,SCULPTURES,,
BO0624_83720,394159,286,781,"Buste en marbre blanc, grandeur nature, de femme, la tete tourne vers l'épaule droite,la bouche entrouverte,une draperie couvrant un des seins. xvile siecle.",2139,98.7,False,positional,,,SCULPTURES,,
BO0624_83720,394160,287,782,"BustE de femme,petite nature,en marbre blanc, les cheveux boucles, la tete levee,legerement tournee vers l'epaule droite,une draperie autour du cou. xvine siecle.",2143,98.8,False,positional,,,SCULPTURES,,
BO0624_83720,394161,288,783,"STATuETTE en marbre blanc de jeune femme étendue,vetue d'une courte draperie et tenant des feurs de la main droite,tandisque,dela gauche,elle s'en pare les cheveux. Epoque Louis XVI. Socle en marbre.",2147,99.0,False,positional,,,SCULPTURES,,
BO0624_83720,394162,289,784,"STATuE en marbre blanc: Omphale, nue, debout, coiffee d'un diademe, la peau du lion de Nemee sur les epaules, tenant de la main gauche les pommes du jardin des Hesperides,et de la droite la massue.Commencement du xIxe siecle.",2151,99.1,False,positional,,,SCULPTURES,,
BO0624_83720,394163,290,785,"QuATRE sTATuETTEs, en bronze patine, d'anges etendus.xvie siecle. Haut., 28 cent.; larg., 47 cent.",2161,97.8,False,positional,,,BRONZES; PENDULES,,
BO0624_83720,394164,291,786,"PenDuLe de forme ronde, en cuivre, supportée par deux aigles adosses en bronze argente, sur base de forme contournee; cadran indiquant les quantiemes et jours de la semaine, les mois de lannee, les saints, etc. Mouvement signe : Johann Georg Mayrinn, Minchen. Allemagne, xvie siecle.",2163,99.3,False,positional,,,BRONZES; PENDULES,,
BO0624_83720,394165,292,787,"Deux sTAruETrEs,en bronze a patine brune, de colporteurs debout, portant, l'un un ballot sur un crochet, et lautre un grand panier. xvile siecle.",2166,98.6,False,positional,,,BRONZES; PENDULES,,
BO0624_83720,394166,293,788,"GRAND PHENIx en bronze a patine brune, sur base en bois noir ornee de palmettes, et pieds en bronze dore. Epoque Louis XIv.",2170,98.3,False,positional,,,BRONZES; PENDULES,,
BO0624_83720,394167,294,789,"Deux sraTueTTes en bronze a patine brune :le Jour ct la Nuit, d'apres Michel-Ange,figures par deux personnages etendus sur des bases en forme de volutes.Fin de l'epoque Louis XIv.",2174,98.9,False,positional,,,BRONZES; PENDULES,,
BO0624_83720,394168,295,790,"Deux Groupes en bronze patine:Hercule et Omphale, et Bacchus et Ariane.Ils sont representes a peu pres nus, assis sur des tertres, tenant les attributs d'usage.xvile siecle.",2178,98.8,False,positional,,,BRONZES; PENDULES,,
BO0624_83720,394169,296,791,"Deux sTATuETTes en bronze a patine brune:le Remouleur et Venus accroupie, d'apres l'antique. xvile siecle. Socles en marqueterie de cuivre sur écaille, garnis de bronzes, du temps de Louis XIV.",2182,98.9,False,positional,,,BRONZES; PENDULES,,
BO0624_83720,394170,297,792,"PaiRE DE cHENETs en bronze, en forme de vases godronnes, sur bases a trois faces,ornees de bustes en leger relief.Epoque Regence.",2186,98.4,False,positional,,,BRONZES; PENDULES,,
BO0624_83720,394171,298,793,"PaiRE DE FLAMBEAUx en bronze dore,tiges balustres a pans ornes de medaillons-bustes.Epoque Regence.",2190,98.0,False,positional,,,BRONZES; PENDULES,,
BO0624_83720,394172,299,794,"PeLLE,PINcETTEs et PINcE a poignees de bronze, du temps de Louis XV. Hauteur de la poignee :g cent.",2194,97.9,False,positional,,,BRONZES; PENDULES,,
BO0624_83720,394173,300,795,"DEux PAIREs DE FLAMBEAUx en bronze dore,a bases contournees et a decor de rocailles et coquilles. Epoque Louis XV.",2195,98.2,False,positional,,,BRONZES; PENDULES,,
BO0624_83720,394174,301,796,"FLAMBau a deux lumieres en bronze du temps de Louis XV,forme de treillages, feuilles et branchages a feurettes dancienne porcelaine de Saxe, avec statuette d'enfant de meme porcelaine, assis sur la base. La",2198,99.0,False,positional,,,BRONZES; PENDULES,,
BO0624_83720,394175,302,797,"PaIRE DE cANDELABREs a deux lumieres en bronze patine : faune et faunesse assis sur des bases circulaires, et tenant dans leurs mains les porte-lumieres, formes de deux torches en bronze dore.Epoque Louis XV.",2208,99.0,False,positional,,,BRONZES; PENDULES,,
BO0624_83720,394176,303,798,"PaiRE DE caNDELABREs a deux lumieres, en bronze dore, a cartouches, feuillages et rocailles.Epoque Louis xv.",2211,98.1,False,positional,,,BRONZES; PENDULES,,
BO0624_83720,394177,304,799,"PAIRE DE BRAs-APpLIQuEs a deux lumieres, en bronze dore; gaines et branches de lumieres a feuillages et glands de chene. Epoque Regence. Haut.,45 cent.",2215,98.6,False,positional,,,BRONZES; PENDULES,,
BO0624_83720,394178,305,800,"GRANDE LANTERNE DE vESTIBULE a six faces, en bronze, a decor de feuillages et petits vases.Epoque Louis XV.",2216,98.1,False,positional,,,BRONZES; PENDULES,,
BO0624_83720,394179,306,801,"PeNDuLE en bronze cisele et dore, composee de rocailles et surmontée d'un vase de feurs, d'ou s'echappent des guirlandes de chene venant retomber le long du mouvement. Les pieds contournes supportent des animaux chimeriques et le socle est orne d'un cartouche. Cadran signe: Gosselin a Paris.Epoque Louis xV.",2220,99.3,False,positional,,,BRONZES; PENDULES,,
BO0624_83720,394180,307,802,"PeNDuLe de forme contournee,en bronze,composee de rocailles,vase de feurs, attributs de lamour. Cadran signe: Bigand a Paris. Epoque Louis xv.",2224,98.6,False,positional,,,BRONZES; PENDULES,,
BO0624_83720,394181,308,803,"PeTIT cARTEL en bronze dore,afeurs etrocailles. Cadran signe:Bailly l'aine a Paris.Epoque Louis Xv.",2228,98.0,False,positional,,,BRONZES; PENDULES,,
BO0624_83720,394182,309,804,"Deux vases simules en jaspe vert opaque,a pourtour lobe;anses feuillagees et bras a rocailles en bronze dore en partie de l'epoque Louis Xv. Couvercles en boiset bronze.",2232,98.8,False,positional,,,BRONZES; PENDULES,,
BO0624_83720,394183,310,805,"PETIT PALMIER en bronze dore, sur base a rocailles du temps de Louis xV,ornee d'animaux et de fruits en jade,agate,etc., de travail chinois.",2236,98.6,False,positional,,,BRONZES; PENDULES,,
BO0624_83720,394184,311,806,"EcriroirE de forme contournee,en ancienne laque rouge de la Chine, a decor de haies feuries, supportant un fambeau a deux lumieres,en bronze dore du temps de Louis XV. Statuette en ancienne porcelaine tendre de Chantilly.",2240,99.1,False,positional,,,BRONZES; PENDULES,,
BO0624_83720,394185,312,807,"PREssE-pApiER forme d'une statuette allegorique de I'Hiver, en bronze dore. Base en marbre rouge-griotte.Fin de l'epoque Louis XV.",2243,98.4,False,positional,,,BRONZES; PENDULES,,
BO0624_83720,394186,313,808,"PaiRE DE cANDELABREs a deux lumieres,en bronze patine et doré: Hercule enfant, agenouille, soutenant sur son epaule deux serpents enlaces, tenant dans leur bouche les branches porte-lumieres. Fin de l'epoque Louis xv.",2247,98.8,False,positional,,,BRONZES; PENDULES,,
BO0624_83720,394187,314,809,"Deux socLes carres, en bronze dore, arocailles feuillagees. Epoque Louis xV.",2251,97.3,False,positional,,,BRONZES; PENDULES,,
BO0624_83720,394188,315,810,"PaiRE DE cHENETs en bronze et bronze patine, formes chacun de volutes,rocailles et vases de fammes avec statuettes, Venus et Vulcain assis.",2255,98.6,False,positional,,,BRONZES; PENDULES,,
BO0624_83720,394189,316,811,"PaiRE DE cHENETs en bronze cisele et dore,modele a galerie, de forme contournee, surmontee d'un cote d'une statuette d'enfant nu,allegorie de IAmour et de la Guerre, avec grenade enflammee de l'autre cote. Fin de I'époqueLouis XV.",2259,98.9,False,positional,,,BRONZES; PENDULES,,
BO0624_83720,394190,317,812,FLAMBEau a tige-colonnette feuillage en bronze. Epoque Louis XVI.,2263,88.7,False,positional,,,BRONZES; PENDULES,,
BO0624_83720,394191,318,813,"PaiRE DE FLAMBEAux en bronze patine et dore;figures de nymphe et de satyre supportant la branche de lumiere, en partie de lepoque Louis XVI.",2264,98.6,False,positional,,,BRONZES; PENDULES,,
BO0624_83720,394192,319,814,"PAIRE DE FLAMBEAUx-cAssoLETTEs en bronze dore,a decor de guirlandes et sur bases a cannelures. Epoque Louis XVI.",2268,98.2,False,positional,,,BRONZES; PENDULES,,
BO0624_83720,394193,320,815,"PAIRE DE FLAMBEAux, composes chacun d'une colonnette a cannelures dorees,en ancienne porcelaine dure de Sevres,dorure par Henri Prevost. Petites tiges ornees de torsades et douilles en bronze dore. Epoque Louis XVI.",2272,99.1,False,positional,,,BRONZES; PENDULES,,
BO0624_83720,394194,321,816,"PAIRE DE PETITs BoUTs DE TABLE a deux lumieres, en bronze dore et tiges de porcelaine tendre, a cannelures bleues et blanches alternees. EpoqueLouisxVI.",2275,98.7,False,positional,,,BRONZES; PENDULES,,
BO0624_83720,394195,322,817,"-PaIRE DE cANDELABREs a trois lumieres,formes chacun d'un bouquet de feurs de lys soutenu par un groupe de deux nymphes a demi nues, debout, en bronze a patine brune; bases rondes cannelees et feuillagees. EpoqueLouisXVI.",2279,99.1,False,positional,,,BRONZES; PENDULES,,
BO0624_83720,394196,323,818,"PaiRE DE BRAs-APpLIquEs a trois lumieres en bronze et bronze patine,a decor de feuillages, tetes de beliers et vases enguirlandes.",2283,98.5,False,positional,,,BRONZES; PENDULES,,
BO0624_83720,394197,324,819,"PAIRE DE cANDELABREs a quatre lumieres formes chacun d'un vase en albatre a anses-serpents, bouquets de lumieres, frises de palmettes en bronze dore. Bases en marbre bleu-turquin.Epoque Louis XVI.",2287,99.0,False,positional,,,BRONZES; PENDULES,,
BO0624_83720,394198,325,820-821,"DEUx PAIREs DE CANDELABREs a trois lumieres en bronze dore, formes chacun de statuettes d'enfants debout, dans le goit de Clodion, tenant des feuillages ou une gerbe dans leurs tabliers releves et portant sur leur epaule un vase,d'ou séchappe le bouquet de lumieres. Bases en marbre blanc et bronze dore.",2291,98.7,False,positional,,,BRONZES; PENDULES,,
BO0624_83720,394199,326,822,"PaiRE DE GIRANDoLEs a trois lumieres en bronze cisele et dore,formes chacun d'une tige-balustre a tore de laurier et feuillages, supportant le binet d'ou s'echappent les branches de lumieres;bases rondes a feurettes et feuillages.Epoque LouisXVI.",2295,99.2,False,positional,,,BRONZES; PENDULES,,
BO0624_83720,394200,327,823,"PAIRE DE CANDELABREs a trois lumieres formes chacun d'une statuette d'amour debout, en bronze patine, tenant un bouquet de lys portelumieres en bronze dore. Bases en marbre blanc. Epoque Louis XVI.",2299,99.0,False,positional,,,BRONZES; PENDULES,,
BO0624_83720,394201,328,824,"PeTITE PENDuLE en bronze patine et dore, surmontee d’un groupe de colombes et accostee de deux figurines d'amours. Mouvement signe : Gros, a Paris. Au revers, on lit le nom de Vion. Epoque Louis XVI.",2301,8.9,False,positional,,,BRONZES; PENDULES,,
BO0624_83720,394202,329,825,"PeNDuLe en terre cuite, composee d’un groupe allegorique aux arts",2303,54.5,False,positional,,,BRONZES; PENDULES,,
BO0624_83720,394203,330,826,"PenDuLE en bronze dore et a patine brune,a mouvement surmonté d'une urne enflammee et accoste de deux statuettes de femmes drapees a l'antique et figurant l'Astronomie. Pres de la base, ornee dune grecque,",2304,42.8,False,positional,,,BRONZES; PENDULES,,
BO0624_83720,394204,331,827,Pendule en bronze doré,2306,29.8,False,positional,,,BRONZES; PENDULES,,
BO0624_83720,394205,332,828,Pendule en bronze patiné et doré,2308,42.0,False,positional,,,BRONZES; PENDULES,,
BO0624_83720,394206,333,829,Pendulé en bronze doré et marbre blanc,2310,9.3,False,positional,,,BRONZES; PENDULES,,
BO0624_83720,394207,334,830,Paire de vase en bronze patiné vert et doré,2312,12.5,False,positional,,,BRONZES; PENDULES,,
BO0624_83720,394208,335,831,Deux urnes de forme oblunge,2314,24.1,False,positional,,,BRONZES; PENDULES,,
BO0624_83720,394209,336,832,Deus colonnettes,2316,35.7,False,positional,,,BRONZES; PENDULES,,
BO0624_83720,394210,337,833,pendulea musique,2318,14.4,False,positional,,,BRONZES; PENDULES,,
BO0624_83720,394211,338,834,Deux bas-reliefs,2320,20.0,False,positional,,,BRONZES; PENDULES,,
BO0624_83720,394212,339,835,Deux petits bustes en bronze patiné d'enfans,2321,36.3,False,positional,,,BRONZES; PENDULES,,
BO0624_83720,394213,340,836,Deux statuettes en bronze patines,2323,31.1,False,positional,,,BRONZES; PENDULES,,
BO0624_83720,394214,341,837,Paire de petites appliquea a deux leumiers,2325,32.4,False,positional,,,BRONZES; PENDULES,,
BO0624_83720,394215,342,838,Sphere terrestre en bronze,2327,12.9,False,positional,,,BRONZES; PENDULES,,
BO0624_83720,394216,343,839,Statuette en bronze doré,2329,13.8,False,positional,,,BRONZES; PENDULES,,
BO0624_83720,394217,344,840,"FLAMBEAu en spath-fuor,jaspe,lapis,etc.,garni en bronze.Il affecte la forme d'une colonnette.Travail italien du xvime siecle.",2331,47.4,False,positional,,,BRONZES; PENDULES,,
BO0624_83720,394218,345,841,"PAIRE DE cANDELABREs a six lumieres,en bronze dore,formes chacun d'une statuette de vestae debout sur une base a trois faces supportee partrois sphinx;les branches porte-lumieres sont ornees de fruits et feurs en cristal de roche.Fin du xvi siecle.",2333,8.5,False,positional,,,BRONZES; PENDULES,,
BO0624_83720,394219,346,842,"LusTrE en bronze, partiellement verni, simulant des treillages ornes de plantes grimpantes,xvile siecle.",2335,98.1,False,positional,,,BRONZES; PENDULES,,
BO0624_83720,394220,347,843,"PAiRE DE FLAMBEAUx,formes chacun d'une statuette de femme debout",2339,97.0,False,positional,,,BRONZES; PENDULES,,
BO0624_83720,394221,348,844,"PaIRE DE CANDELABREs,en bronze patine et dore, a quatre lumieres: tige formee d'une statuette d'Egyptienne debout sur une base a trois faces et portant sur la tete les bras de lumieres a tetes d'animaux chimeriques. Fin du xvine siecle.",2344,99.1,False,positional,,,BRONZES; PENDULES,,
BO0624_83720,394222,349,845,"PENDuLE,enforme de cagede suspension, en bronze doré,decoree de medaillons peints sur email;le cadran, place sous la cage, est signe:Bonna freres a Geneve.Fin du xvin siecle.",2348,98.8,False,positional,,,BRONZES; PENDULES,,
BO0624_83720,394223,350,846,"PAIRE DE VASES en bronze dore, ornes chacun d'une frise presentant le triomphed'Apollon; l'epaulement et lepiedouche sont canneles,la panse est unie,le culot godronne,et le col est surmonte d'une pomme de pin.Fin du xvine siecle.",2352,99.1,False,positional,,,BRONZES; PENDULES,,
BO0624_83720,394224,351,847,"Deux sTATuETres, en bronze dore et patine:amours debout tenant, l'un,un papillon sur le bras, lautre,un chien. Bases en marbre blanc. xVI siecle.",2360,98.6,False,positional,,,BRONZES; PENDULES,,
BO0624_83720,394225,352,848,"FIGURINE DE FEMME coucHEE,en bronze patine, sur base en bronze dore.",2364,97.1,False,positional,,,BRONZES; PENDULES,,
BO0624_83720,394226,353,849,"PeNDuLE en marbre blanc, composee d’une statuette de femme,vetue",2369,96.9,False,positional,,,BRONZES; PENDULES,,
BO0624_83720,394227,354,850,"DEUx BOUGEoIRs en bronze dore, ornes chacun d'une figurine et de feurettes, en ancienne porcelaine de Saxe.",2373,98.1,False,positional,,,BRONZES; PENDULES,,
BO0624_83720,394228,355,851,"DEUXPETITSFLAMBEAUX,fOrmes d'une tige torse decoree de feurs,en ancienne porcelaine tendre,avec monture en bronze dore.",2377,98.3,False,positional,,,BRONZES; PENDULES,,
BO0624_83720,394229,356,852,"PAIRE DE BRAS-APPLIQUES a trois lumieres,en bronze dore, formes d'une grosse volute accostee de feuillages.",2381,98.1,False,positional,,,BRONZES; PENDULES,,
BO0624_83720,394230,357,853,"PAIRE DE CANDELABRES a deux lumieres,en bronze patine et dore, formes chacun d'une statuette:petite bacchanteetjeune satyre tenant les branches de lumieres ornees de raisin, d'apres Clodion. Socles en bois peint imitant le porphyre et le bronze.",2385,99.2,False,positional,,,BRONZES; PENDULES,,
BO0624_83720,394231,358,854,"PaIRE DE CANDELABREs a trois lumieres, en bronze a patine brune et bronze dore,formes: lun,d'un amour monte sur un cygne; l'autre, dun amour sur un aigle; ces statuettes sont placees sur des bases cylindriques, a cannelures rudentes et guirlandes de fruits sur lesquelles repose egalement, par trois pieds de biche,une torche enfammee, supportant de grosses feuilles et les bras de lumieres. Contre-socles en marbre blanc sur quatre pieds feuillages.",2389,99.5,False,positional,,,BRONZES; PENDULES,,
BO0624_83720,394232,359,855,"PAIRE DE GRANDs CANDELABREs a trois lumieres, composes chacun d'un vase simulant un tronc d'arbre,en celadon bleu-turquoise de la Chine et d'une monture en bronze cisele et dore, formee d'une base ronde",2396,99.0,False,positional,,,BRONZES; PENDULES,,
BO0624_83720,394233,360,856,"DEux socLEs en bronze dore, de forme cylindrique, ornes de larges feuilles, tores de laurier, courses feuillagees,etc.",2402,98.3,False,positional,,,BRONZES; PENDULES,,
BO0624_83720,394234,361,857,"PAIRE DE CASSOLETTES Simulees,en marbre de couleurs, supportees par des trepieds en bronze dore,a figures de négresses,serpents enroules, pieds de biches,graines feuillagees, etc.",2406,99.2,False,positional,,,BRONZES; PENDULES,,
BO0624_83720,394235,362,858,"DEUX CAssoLETTEs en Spathfuor,trepieds a torsades et feuillages, couvercles et bordures en bronze.",2410,98.0,False,positional,,,BRONZES; PENDULES,,
BO0624_83720,394236,363,859,"CassoLerTe en ancienne laque,a decor dore sur fond noir,placee au milieu de branchages et sur base oblongue en bronze dore,avec feurettes et brebis en ancienne porcelaine de Saxe.",2414,98.9,False,positional,,,BRONZES; PENDULES,,
BO0624_83720,394237,364,860,"BruLE-PARFuMs en forme de feur de lotus et avec couvercle,en jade gris brule de la Chine; col a gorge ajouree et tige a trois figures de femmes nues, en bronze dore. Base en porphyre et marbre de couleurs.",2423,80.4,False,positional,,,BRONZES; PENDULES,,
BO0624_83720,394238,365,861,"CoLoNNETTE en albatre oriental, avec chapiteau ionique et base en",2427,97.0,False,positional,,,BRONZES; PENDULES,,
BO0624_83720,394239,366,862,"PETITE POMPEaumilieu d'arbre, en bronze dore, supportee par un trepied a tete chimerique,en ancienne porcelaine de Chine,et mue par une figurine d'amour, en ancienne porcelaine de Saxe.",2435,98.9,False,positional,,,BRONZES; PENDULES,,
BO0624_83720,394240,367,863,"DEUx ARBUsTEs sur terrassesa rocailles,en bronze dore,supportant chacun un personnage couche sur une chimere enpoterie émaillee bleu-turquoise, ainsi quune petite coupe avec couvercle en terre vernissee.",2439,99.0,False,positional,,,BRONZES; PENDULES,,
BO0624_83720,394241,368,864,"ARBusTE en cuivre dore; sur la base,en jaspe gris,un bufe en jade,un chat en agate et un fruit en cristal de roche de travail chinois.",2445,98.5,False,positional,,,BRONZES; PENDULES,,
BO0624_83720,394242,369,865,"PeNduLe en bronze dore, simulant un arbuste et decoree de deux dindons, d'un petit chien et de deux figurines:vielleuse et joueur de cornemuse,en ancienne porcelaine de Saxe. Cadran signe:Henry Voisin.",2449,99.0,False,positional,,,BRONZES; PENDULES,,
BO0624_83720,394243,370,866,"PeNDuLE formee d'un vaseovoide avec couvercle,en porcelaine tendre, émaillee vert; ce vase est muni de deux anses en forme de corps de femmes termines par des feuillages,en bronze cisele et dore, et reliees par des guirlandes de laurier venant retomber de part et d'autre du cadran. Bouton de couvercle feuillage, gorge ajouree a entrelacs et rosaces, culot cannele et piedouche borde d'oves egalement de bronze dore. Cadran signe:Lepaute horloger du Roi.",2452,99.6,False,positional,,,BRONZES; PENDULES,,
BO0624_83720,394244,371,867,"BeRGERe a oreilles et croisillon d'entre-jambes, en bois sculpte a rocailles et quadrilles, couverte en brocart. Epoque Louis XIv.",2456,98.4,False,positional,,,SIEGES,,
BO0624_83720,394245,372,868,"Deux sieGEs D'ANGLE en bois sculpte et dore,a moulures, du temps de Louis XV,couverts en peluche bleue.",2460,98.1,False,positional,,,SIEGES,,
BO0624_83720,394246,373,869,"CHAisE-BAssE en bois laque blanc et or,a rocailles, couverte en soie blanche chenillee a fleurs.Epoque Louis XV.",2464,98.2,False,positional,,,SIEGES,,
BO0624_83720,394247,374,870,"TABouRET DE PIED oblong,en bois sculpte et dore,a rocailles,du temps de Louis XV,couvert en velours rouge.",2468,98.1,False,positional,,,SIEGES,,
BO0624_83720,394248,375,871,"Six cHaises en bois sculpte et dore, a feurettes et rocailles, signees Chenevat, couvertes en tapisserie au point a dessins varies: feurs et corbeilles. Epoque Louis XV.",2472,98.8,False,positional,,,SIEGES,,
BO0624_83720,394249,376,872,"CHAisE-LoNGuE de forme contournee, en bois sculpte, dore a fond de canne,a decor de cartouches,feurs et coquilles;elle est couverte au pourtour et munie d'un coussin en velours bleu frappe et capitonne,a feurs. Epoque Louis XV,",2476,99.1,False,positional,,,SIEGES,,
BO0624_83720,394250,377,873,"Taoueoblong,nbois dorea coquilles,eurs etrocailles,couver en velours cisele bleu.Epoque Louis xV.",2483,98.5,False,positional,,,SIEGES,,
BO0624_83720,394251,378,874,"Deux FAuTeuILs en bois sculpte,a motifs de rocailles; sieges et dossiers cannes.Epoque Regence.",2487,98.4,False,positional,,,SIEGES,,
BO0624_83720,394252,379,875,"PeTIT cANAPE en bois sculpte et dore,a feuilles d'acanthe et rangs de piastres, couvert en satin bleu-pale broche,a rayures et feurs. Epoque Louis XVI.",2491,98.7,False,positional,,,SIEGES,,
BO0624_83720,394253,380,876,"CHAisE PERcEE en bois sculpte et dore,a feuillages et feurs du temps deLouisXVI.Elle est couverte en velours.",2495,98.2,False,positional,,,SIEGES,,
BO0624_83720,394254,381,877,"FAuTEuIL DE BuREAu de forme cintree et tournant, en bois sculpte et dore,a oves, entrelacs,palmettes et feurs delys.Siege et dossier a fond de canne doree.Accotoirs et coussin en velours.",2499,98.9,False,positional,,,SIEGES,,
BO0624_83720,394255,382,878,"CaNapE,deux marquises, six fauteuils et six chaises,en bois sculpte et dore en deux decors:guirlandes de chene,tores de laurier et rangs de piastres,couverts en lampas a dessin blanc sur fond rouge, de fontaines, amours, oiseaux et corbeilles de feurs; l'un des fauteuils signe: Jacob.",2503,99.3,False,positional,,,SIEGES,,
BO0624_83720,394256,383,879,"FauTeuI DE BuREAu en bois sculpte et dore,a decor derosaces,cannelures,baguettes enrubannees,etc.,a siegeet dossier de canne peinte en bleu. Coussin et accotoirs en velours frappe bleu. Signe : Geny. Epoque Louis XVI.",2507,99.1,False,positional,,,SIEGES,,
BO0624_83720,394257,384,880,"CHAIsE-LoNGuE en deux parties,en bois sculpte et dore,a decor de rais de coeur ct rangs de piastres;aux accotoirs, statuettes de femmes a",2511,98.6,False,positional,,,SIEGES,,
BO0624_83720,394258,385,881,"CaNAPE ET QUATRE FAUTEuILs en bois ajoure, sculpte et dore, a couronnes de feurs, feuillages,rangs de piastres, petits vases, avec urnes ovales sur le canape;pieds canneles; bordures de laurier et de rais de coeur. Ils portent la marque du palais des Tuileries. Epoque Louis XVI. Ils sont couverts en damas rouge.",2516,99.3,False,positional,,,SIEGES,,
BO0624_83720,394259,386,882,"TABouRET en bois sculpte,a rocailles,couverten ancienne soie brochee a vases de feurs sur fond bleu.",2520,98.0,False,positional,,,SIEGES,,
BO0624_83720,394260,387,883,"Lir de repos en bois sculpte et dore,a decor de coquilles et feuillages; dossiers de forme contournee,et cannes. Coussin recouvert en tapisserie de Beauvais, d'apres Berain, presentant deux bacchants sous une treille, abritant un tonneau d'ou coule du vin.Fond bleu, orne d'enfants dansant,",2526,99.3,False,positional,,,SIEGES,,
BO0624_83720,739759,388,884,"QuATRE FAUTEuILs a hauts dossiers, en bois sculpte a rocailles et feuillages,couverts en tapisserie a dessin danimaux,sur fond de paysages, dans des encadrements a feurs et palmettes. Epoque Louis XV.",2531,99.0,False,positional,,,SIEGES,,
BO0624_83720,739760,389,885,"Deux FAuTeuiLs d'enfants en bois sculpte et peint blanc,a moulures; dossiers cannes et sieges couverts en tapisserie de Beauvais: medaillons a feurs sur fonds blanc et bleu. Epoque Louis XV.",2535,98.9,False,positional,,,SIEGES,,
BO0624_83720,739761,390,886,"CaNApE en bois sculpte, couvert en tapisserie de Beauvais, presentant, sur le dossier,une figure de Venus sur un char traine par deux biches;audessus d'elle,un amour voltigeant; encadrements de roseaux, attributs de chasse,cygnes et rinceaux.Le siege est decore de draperies,de quadrilles, de cornes d'abondance et de fruits, sur fond clair.Epoque Louis XV.",2538,99.4,False,positional,,,SIEGES,,
BO0624_83720,739762,391,887,"QuaTRE FAUTEuILs en bois laque blanc et or, couverts en ancienne tapisserie d'Aubusson,a medaillons a bouquets de feurs, encadres de rouge.",2542,98.6,False,positional,,,SIEGES,,
BO0624_83720,739763,392,888,"Deux FAuTeuiLs en bois sculpte et peint gris, couverts en tapisserie d'Aubusson,a personnages sur les dossiers, et sujets tires des fables de La Fontaine sur les sieges.Epoque Louis XVI.",2546,98.9,False,positional,,,SIEGES,,
BO0624_83720,739764,393,889,"Deux BERGEREs en bois,couvertes et avec coussins en tapisserie d'Aubusson,a personnages sur les dossiers,animaux sur les coussins et feurs sur les cotes exterieurs. Fin de l'epoque Louis XVI.",2550,99.0,False,positional,,,SIEGES,,
BO0624_83720,739765,394,890,"CHaisE en bois sculpte et peint gris, signee:H. Jacob (Henri Jacob, rue de Bourbon-Villeneuve), couverte en tapisserie d'Aubusson a quadrillages sur fond bleu. Epoque Louis XVI.",2554,98.8,False,positional,,,SIEGES,,
BO0624_83720,739766,395,891,"CANAPE ET HUIT FAUTEuILs en bois sculpte et dore,a feuilles et baguettes enrubannees. Ces sieges sont couverts en tapisserie: sur le dossier du canapeunemarchande de colifchetsule siegenechasse au tigreu les dossiers des fauteuils, des groupes d'enfants, personnifiant la Peinture, 1Architecture,la Musique,la Chimie,l'Astronomie et lAgriculture; sur les sieges, des sujets tires des fables de La Fontaine et composes d'animaux.Epoque Louis xVI.",2558,99.5,False,positional,,,SIEGES,,
BO0624_83720,739767,396,892,"ConsoLe oblongue en bois sculpte et dore, reposant sur quatre pieds cambres,et decoree de mascarons, de rinceaux et d'oiseaux.Tablette de marbre rouge des Flandres.Epoque Louis XIV.",2563,98.9,False,positional,,,MEUBLES,,
BO0624_83720,739768,397,893,"GrANDE coNsoLe en bois sculpte et dore, ornee d'un mascaron et de guirlandes de feurs sur fond quadrille,avec palmettes aux angles.Pieds a feuillages et petites volutes. Tablette de marbre breche violette. Epoque Louis XIV.",2567,99.1,False,positional,,,MEUBLES,,
BO0624_83720,739769,398,894,"CoMMoDe a trois rangs de tiroirs,en marqueterie de cuivre sur ecaille, a figures et rinceaux. Garnitures en bronze,dessus de marbre portor. Epoque Louis XIV.",2571,98.7,False,positional,,,MEUBLES,,
BO0624_83720,739770,399,895,"ComMope a quatre rangs de tiroirs,en marqueterie de cuivre sur ecaille,a rinceaux et vases; mascarons, poignees et encadrements en bronze;tablette de marbre.Epoque Louis XIv.",2575,98.8,False,positional,,,MEUBLES,,
BO0624_83720,739772,400,896,"CaDRE de miroir de forme contournee,en marqueterie de cuivre sur ecaille, a rinceaux; mascarons, encadrements, bas-reliefs en bronze. Epoque Louis XIV.",2579,98.6,False,positional,,,MEUBLES,,
BO0624_83720,739773,401,897,"Deux socLes carres en bois plaque d'ebene, a filets de cuivre, avec pieds de biches feuillages et appliques en bronze dore. Epoque Louis XIv.",2583,98.6,False,positional,,,MEUBLES,,
BO0624_83720,739774,402,898,"SuppoRT-APpLIQuE en bois sculpte,avec traces de dorures,palmettes, feuillages.Epoque Louis XIV.",2587,97.9,False,positional,,,MEUBLES,,
BO0624_83720,739775,403,899,"Corrrer en bois de violette, garni de pentures en cuivre dore;le couvercle,en se levant, laisse tomber un abattant qui masque deux tiroirs et un compartiment. ll repose sur un support en bois dore a quatre pieds relies par un croisillon.xvime siecle.",2590,99.2,False,positional,,,MEUBLES,,
BO0624_83720,739776,404,900,Deux petits supports-appliques,2594,51.3,False,positional,,,MEUBLES,,
BO0624_83720,739777,405,901,Support-applique en bois sculpté et doré,2598,58.7,False,positional,,,MEUBLES,,
BO0624_83720,739778,406,902,Petit miroir biseauté en hauteur,2602,35.3,False,positional,,,MEUBLES,,
BO0624_83720,739786,407,903,Commode a deux tiroirs en bos de rose,2604,35.5,False,positional,,,MEUBLES,,
BO0624_83720,739787,408,904,"TABLE-BuREAu oblongue a trois tiroirs en bois de placage, chutes, entrees de serrures, cartouches et sabots en bronze dore, bordures de cuivre, dessus en basane.",2610,98.7,False,positional,,,MEUBLES,,
BO0624_83720,739788,409,905,Ecran:monture en bois sculpté et doré,2612,29.5,False,positional,,,MEUBLES,,
BO0624_83720,739789,410,906,Table de nut a coulisse,2618,36.2,False,positional,,,MEUBLES,,
BO0624_83720,739790,411,907,"TABLE DE NUIr a deux compartiments superposes, fermant a coulisses; bois de rose,tablette de marbre blanc. Epoque Louis XV.",2621,98.3,False,positional,,,MEUBLES,,
BO0624_83720,739791,412,908,"Deux ArMoires a deux portes surmontes d'un tiroir,en bois de placage a quadrilles. Garnitures en bronze. Epoque Louis XV.",2625,98.3,False,positional,,,MEUBLES,,
BO0624_83720,739792,413,909,Deux Armoires a deux portes,2629,32.5,False,positional,,,MEUBLES,,
BO0624_83720,739793,414,910,"ArMoire a deux portes en bois de rose et de violette, garnie d'encadrements, chutes, entrees de serrures rapportes en bronze. Epoque Louis xv.",2633,98.6,False,positional,,,MEUBLES,,
BO0624_83720,739794,415,911,"PeTIT BUREAu a trois tiroirs superposes, tablette, abattant et compartiments interieurs en bois de placage. Tablette d'entre-jambes. Epoque LouisXV.",2637,98.6,False,positional,,,MEUBLES,,
BO0624_83720,739795,416,912,"PeTITE TABLE de forme contournee en bois de placage a quadrilles, imbrications et entrelacs,garnie de chutes a mascarons et encadrements rapportes en bronze. Mecanisme et compartiments interieurs. Epoque LouisXV.",2641,99.0,False,positional,,,MEUBLES,,
BO0624_83720,739796,417,913,"TaBLe a trois tiroirs, lun d'eux formant bureau, en marqueterie de bois de violette de bout a feurs, sur fond de bois de rose. Chutes en bronze. Poignees sur les cotes.Epoque Louis XV.",2645,98.9,False,positional,,,MEUBLES,,
BO0624_83720,739797,418,914,"PeTITE TABLE de dame en marqueterie de bois de violette de bout, a feurs sur bois de rose,renfermant un tiroir sur le cote et trois tablettes mobiles;tablette d'entre-jambes. Chutes et sabots en bronze dore. Epoque Louis.XV.",2649,99.1,False,positional,,,MEUBLES,,
BO0624_83720,739798,419,915,"TaBLE-BUREAu a trois tiroirs en marqueterie de bois de violette de bout sur fond de bois clair;chutes,entrees de serrures et sabots a rocailles rapportes en bronze. Bordures de cuivre. Dessus de basane. Epoque Louis XV.",2652,99.1,False,positional,,,MEUBLES,,
BO0624_83720,739799,420,916,"ConsoLE en bois sculpte et dore,a ceinture ajouree de feuilles de chene et rocailles,et sur quatre pieds relies par une entretoise a feurs.Tablette d'agate jaspee bordee de cuivre.Epoque Louis XV.",2656,99.0,False,positional,,,MEUBLES,,
BO0624_83720,739800,421,917,"Commope de forme contournee a trois rangs de tiroirs, en bois de placage,a nombreux ornements en bronze, tels que poignees, entrees de serrures a decor de kiosques,chutes a oves,feuillages et quadrilles, culde-lampe a vases de feurs et sabots. Epoque Louis Xv.",2660,99.2,False,positional,,,MEUBLES,,
BO0624_83720,739801,422,918,"PeTITE coMMoDE a deux tiroirs en bois de placage, garnie de chutes, poignees,entrees de serrures rapportees en bronze dore;tablette de marbre breche d'Alep.Epoque Louis XV.",2664,98.8,False,positional,,,MEUBLES,,
BO0624_83720,739802,423,919,EcrAN muni d'une petite armoire en bois de placage; feuille mobile en soie brochee. Epoque Louis XV.,2668,98.0,False,positional,,,MEUBLES,,
BO0624_83720,739803,424,920,"TABLE-ToILETTE en marqueterie de bois de couleurs, a decor d'instruments de musique et de feurs. Elle contient des casiers et des tiroirs. Epoque Louis xv.",2672,98.7,False,positional,,,MEUBLES,,
BO0624_83720,739804,425,921,Deux Meubles a hauteur d'appui en bois,2676,34.4,False,positional,,,MEUBLES,,
BO0624_83720,739805,426,922,"EcRaN en bois peint blanc; feuille ovale en tapisserie presentant 'Amour appuye a un autel et tenant une torche. Fond de paysage. Manufacture de Beauvais,fin de l'époque Louis XV.",2681,77.9,False,positional,,,MEUBLES,,
BO0624_83720,739806,427,923,"SEcRETAIRE en abattant, portes et tiroirs en marqueterie de bois de violette de bout a feurs, sur bois de rose. Garnitures en bronze, tablette demarbre ranz.Fin de I'epoque Louis Xv.",2685,99.2,False,positional,,,MEUBLES,,
BO0624_83720,739807,428,924,"PETITE TABLE-BUREAu ovale a un tiroir avec tablette d'entre-jambes en marqueterie de bois de couleurs a guirlandes de feurs. Garnitures en bronze, dessus de marbre blanc. Fin de l'époque Louis XV.",2689,99.0,False,positional,,,MEUBLES,,
BO0624_83720,739808,429,925,"TABLE-ToILETTE en marqueterie de bois de couleurs a feurs, dessus a abattant; tiroirs sur la face anterieure et les cotes. Fin de l'epoque Louis XV.",2693,98.6,False,positional,,,MEUBLES,,
BO0624_83720,739809,430,926,CoMMoDE A DEUx TIRoIRs en marqueterie de bois de couleurs a rosaces et carrelages.Dessus de marbre blanc.Fin de lépoque Louis XV. Garnitures en bronze rapporteesen partie.,2697,98.8,False,positional,,,MEUBLES,,
BO0624_83720,739810,431,927,"PeTIT MEuBLE en marqueteric de bois de couleurs a feurs et carrelages, contenant six tiroirs dont trois masques par un cylindre. Fin de l'epoque Louis XV.",2701,98.7,False,positional,,,MEUBLES,,
BO0624_83720,739811,432,928,"ArMoirE a deux portes superposees,a deux vantaux chacune et vitrees; bois laque a fond noir avec decor de style chinois sur les cotes;rosaces, encadrements en bronze dore. Tablette de marbre breche d'Alep. Fin de l'epoque Louis XV.",2705,99.1,False,positional,,,MEUBLES,,
BO0624_83720,739812,433,929,"PeTIT BuREAu a cylindre en marqueterie de bois clair, a rayures,avec tiroirs interieurs en bois de rose, et tablette mobile laquee a fond rouge. Galerie et sabotsde cuivre.Fin de l'époque LouisXV.",2709,99.0,False,positional,,,MEUBLES,,
BO0624_83720,739813,434,930,"CaRToNNIER bout-de-bureau, a casiers lateraux en bois de rose.Epoque Louis xV.",2712,97.4,False,positional,,,MEUBLES,,
BO0624_83720,739814,435,931,,2714,0.0,False,positional,,,MEUBLES,,
BO0624_83720,739815,436,932,"ConsoLE en bois sculpte et dore,a ceinture ornee de rinceaux et de guirlandes de laurier, et sur quatre pieds canneles. Epoque Louis XVI.",2720,98.5,False,positional,,,MEUBLES,,
BO0624_83720,739816,437,933,"ConsoLE demi-lune a un tiroir en marqueterie de bois de couleurs, a feuilles et feurs; elle repose sur quatre pieds. Dessus de marbre blanc. Epoque Louis XVI.",2724,98.7,False,positional,,,MEUBLES,,
BO0624_83720,739817,438,934,"ConsoLE en acajou, a cotes cintres, munie de trois tiroirs dans la ceinture; tablette d'entre-jambes en marbre bleu-turquin a galerie de cuivre.Frise d'amours musiciens et entrelacs en bronze dore rapportes en partie; filets de cuivre. Dessus de marbre bleu-turquin, borde d'un rang de perles en bronze. Epoque Louis XVI.",2728,99.4,False,positional,,,MEUBLES,,
BO0624_83720,739818,439,935,"ConsoLE en acajou de forme contournee, munie de trois tiroirs dans la ceinture; tablette d'entre-jambes en marbre bleu-turquin a galerie de cuivre.Elle est ornee de frises a courses de feuillages et de petites draperies a glands, en bronze dore. Dessus de marbre bleu-turquin a galerie de cuivre. Epoque Louis XVI.",2732,99.4,False,positional,,,MEUBLES,,
BO0624_83720,739819,440,936,"Deux coNsoLes en bois de placage,a trois tiroirs dans la ceinture avec encadrements de bronze; double tablette d'entre-jambes et dessus en marbre blanc.Epoque Louis XVI.",2736,98.8,False,positional,,,MEUBLES,,
BO0624_83720,739820,441,937,"MeuBLe a hauteur dappui, ouvrant a deux portes, en bois de placage. Chutes, encadrements et sabots rapportes en bronze dore. Tablette de marbre breche d'Alep.Epoque Louis XVI.",2739,98.8,False,positional,,,MEUBLES,,
BO0624_83720,739821,442,938,"MeuBLe a hauteur d'appui, a deux portes et deux tiroirs, en marqueterie de bois de couleurs a feurs. Garnitures en bronze, tablette de marbre bleu-turquin.Attribue a David Roetgen, de Neuwied. Epoque Louis XVI.",2743,99.0,False,positional,,,MEUBLES,,
BO0624_83720,739822,443,939,"TaBLE ovale en acajou, garnie de bronzes, contenant deux tiroirs et deux tablettes mobiles, ainsi qu'une tablette d'entre-jambes. Dessus de marbre blanc. Epoque Louis XVI.",2747,98.8,False,positional,,,MEUBLES,,
BO0624_83720,739823,444,940,"TaBLE-ToiLETTE en acajou,a trois volets sur le dessus recouvrant des casiers.Encadrements et bordures en cuivre. Epoque Louis XVI.",2751,98.5,False,positional,,,MEUBLES,,
BO0624_83720,739824,445,941,"TABLE-uREAu en acajou, sur huit pieds,avec tablette dentre-jambes a galerie de cuivre; elle est munie de deux tiroirs, dont un grand formant bureau. Encadrement de perles et rosaces en bronze. Epoque Louis XVI.",2755,99.0,False,positional,,,MEUBLES,,
BO0624_83720,739825,446,942,"Deux ENcoiGNuRes a une porte, en acajou;encadrements et frises rapportes en bronze. Tablettes de marbre bleu-turquin. Epoque Louis XVI.",2759,98.5,False,positional,,,MEUBLES,,
BO0624_83720,739826,447,943,"CHiFFoNNIeR a huit tiroirs, en marqueterie de bois de couleurs, a couronnes de feurs, rubans et attributs de jardinage et de pastorales. Tablette de marbre bleu-turquin.Epoque Louis XVI.",2763,98.9,False,positional,,,MEUBLES,,
BO0624_83720,739827,448,944,"SecRETAiRE droit a abattant, portes et tiroirs, en marqueterie de bois de couleurs,a feurs,rubans et oiseaux,et attributs de jardinage.Dessusd marbre gris.Attribue a David Roetgen,de Neuwield.Epoque Louis XVI. Haut.,1 m.52;larg, 1 metre.",2767,99.1,False,positional,,,MEUBLES,,
BO0624_83720,739828,449,945,"PARAvENT a six feuilles, en bois peint a feurettes;feuilles en soie blanche,avec applications de broderie au point de chainette,a bouquets de feurs.Epoque Louis XVI.",2768,98.8,False,positional,,,MEUBLES,,
BO0624_83720,739829,450,946,"PeTIT BUREAu bonheur-du-jour, en marqueterie de bois de couleurs a losanges et feuilles, contenant deux tiroirs; casier superieur ouvrant a coulisse; tablette d'entre-jambes.Epoque Louis XVI.",2772,98.9,False,positional,,,MEUBLES,,
BO0624_83720,739830,451,947,"EcRaN en bois sculpte et dore, a feuilles de laurier et colonnettes cannelees;feuille en tapisserie de Beauvais a pendentifs de feurs et attributs, retenus par un noeud de rubans et se detachant sur fond bleu. Epoque Louis XVI.",2776,99.1,False,positional,,,MEUBLES,,
BO0624_83720,739831,452,948,"EcRAN en bois sculpte; feuille en tapisserie de Beauvais du xv siecle, a dessin de vase de feurs,piece d'eau et habitations.",2780,98.4,False,positional,,,MEUBLES,,
BO0624_83720,739832,453,949,"PaRavENT a deux feuilles, en tapisserie,a figures allegoriques et rinceaux, sur fond bleu. xvine siecle.",2784,98.0,False,positional,,,MEUBLES,,
BO0624_83720,739833,454,950,"GLace etroite, dans un cadre en bois dore, a feurettes. xvi siecle. Haut.,1 m.22;larg.,37 cent.",2788,97.8,False,positional,,,MEUBLES,,
BO0624_83720,739834,455,951,"PETIT cABINET a abattant,en marqueterie de bois de couleurs,a decor d'ustensiles. Casiers et tiroirs a l'interieur.Fin du xvine siecle.",2789,98.5,False,positional,,,MEUBLES,,
BO0624_83720,739835,456,952,"Deux MEuBLEs a hauteur d'appui, en bois peint et dore, contenant chacun quatre tiroirs et dont les cotes arrondis forment etageres,a fond de glace et a tablettes de marbre blanc.Pieds en bronze,galeries de cuivre. Fin du xville siecle.",2793,99.1,False,positional,,,MEUBLES,,
BO0624_83720,739836,457,953,"TABLE-coNsoLE rectangulaire en marqueterie de bois de couleurs,a rinceaux, avec tiroir sur le cote;elle repose sur quatre pieds carres en",2797,98.6,False,positional,,,MEUBLES,,
BO0624_83720,739837,458,954,"Bureau a cylindre en marqueterie de bois de couleurs,a dessin d'instruments de musique. Tiroirs interieurs et exterieurs. Guirlandes de feuillages,bras de lumieres, chutes, poignees, galerie, etc., n bronze dore.",2802,99.0,False,positional,,,MEUBLES,,
BO0624_83720,739838,459,955,"TABLE de dame,en marqueterie de bois de couleurs,a feurs et oiseaux; tiroir et double porte masquant un casier et un tiroir interieurs. Moulures, chutes, sabots en bronze dore.",2806,98.8,False,positional,,,MEUBLES,,
BO0624_83720,739839,460,956,"Trois pIecEs pour sieges, en tapisserie d'Aubusson,a fond jaune et dessin de vases de fruits et corbeilles de feurs.Epoque Regence.",2814,98.5,False,positional,,,TAPISSERIES,,
BO0624_83720,739840,461,957,"Dessus DE TABouRET en tapisserie de Beauvais, a rosace entouree de quatre mascarons. Fond bleu a rinceaux. Epoque Regence.",2818,98.3,False,positional,,,TAPISSERIES,,
BO0624_83720,739841,462,958,"FRAGMENT pour siege,en tapisserie de Beauvais,a fond jaune:corbeille de feurs et sphinx. Epoque Regence.",2822,98.1,False,positional,,,TAPISSERIES,,
BO0624_83720,739842,463,959,SiEGE en tapisserie de Beauvais : Bertrand et Raton; bordure a feurs et rocailles.Epoque Louis XV.,2826,97.9,False,positional,,,TAPISSERIES,,
BO0624_83720,739843,464,960,"QuATRE PiEcEs pour sieges,en tapisserie de Beauvais,a sujets relatifs a la peche et a la chasse. Epoque Louis XV.",2830,98.2,False,positional,,,TAPISSERIES,,
BO0624_83720,739844,465,961,"QuATRE piEces pour sieges, en tapisserie:bacchanales sur fond bleu. Epoque Louis XV.",2833,97.6,False,positional,,,TAPISSERIES,,
BO0624_83720,739845,466,962,"QuATRE PIEces pour sieges,en tapisserie,a dessin d'animaux sur fond blanc;encadrements de rocailles et feurs, bordes de bleu. Aubusson. Epoque Louis XV.",2837,98.7,False,positional,,,TAPISSERIES,,
BO0624_83720,739846,467,963,"CInQ PiEces pour sieges et lot de fragments,en tapisserie d'Aubusson, a feurs et vases sur fond jaune. Epoque Louis XV.",2841,98.3,False,positional,,,TAPISSERIES,,
BO0624_83720,739847,468,964,"QuATRE PIEces pour sieges:sujets tires des fables de La Fontaine, sur fond de paysages, dans des encadrements a fond jaune borde de marron. Epoque Louis XV.",2845,98.7,False,positional,,,TAPISSERIES,,
BO0624_83720,739848,469,965,"QuATRE PiEcEs pour sieges et lot de fragments,en tapisserie de Beauvais:animaux sur fond de verdure, dans des encadrements a rocailles et feurs, avec bordures rouges. Epoque Louis xv.",2849,98.9,False,positional,,,TAPISSERIES,,
BO0624_83720,739849,470,966,"QuATRE PIEces pour sieges, en tapisserie a fond jaune:vases de feurs, avec encadrements de rocailles et feurs bordes de marron. Epoque Louis xv.",2853,98.6,False,positional,,,TAPISSERIES,,
BO0624_83720,739850,471,967,"Deux PlecEs pour sieges,en tapisserie a fond bleu:vase et corbeille de fleurs et de fruits; bordures marron a rinceaux. Epoque Louis xv.",2857,98.5,False,positional,,,TAPISSERIES,,
BO0624_83720,739851,472,968,"QuATRE PIEcEs pour sieges en tapisserie,a dessin de vases,de fruits et feurs, sur fond jaune borde de vert.Epoque Louis XV.",2861,98.4,False,positional,,,TAPISSERIES,,
BO0624_83720,739852,473,969,"Deux pleces pour siegesen tapisserie d'Aubusson:bergere et chasseur, dans des paysages encadres de rinceaux et de feurs, et bordes de rouge. Epoque Louis XV.",2866,71.4,False,positional,,,TAPISSERIES,,
BO0624_83720,739853,474,970,Six pieces pour sieges en tapisserie d'Aubusson: medaillons ovales a personnages.Fin de Iepoque Louis Xv.,2870,98.1,False,positional,,,TAPISSERIES,,
BO0624_83720,739854,475,971,Deux pieces pour sieges en tapisserie:le Renard et le Corbeau; Amour s'appuyant sur une gerbe de ble; encadrements de rubans a fond rouge. Epoque Louis XVI.,2874,98.7,False,positional,,,TAPISSERIES,,
BO0624_83720,739855,476,972,"QuATRE PIEcEs pour sieges en tapisserie de Beauvais, a guirlandes de feurs et rinceaux bordes de vert. Epoque Louis XVI.",2878,98.3,False,positional,,,TAPISSERIES,,
BO0624_83720,739856,477,973,"SepT pieces pour sieges en tapisserie, a medaillons d'animaux sur fond rose, dans des encadrements blancs,a feurs bordes de jaune et de bleu. Fin de l'epoque Louis XVI.",2882,98.8,False,positional,,,TAPISSERIES,,
BO0624_83720,739857,478,974,"Dessus DE TABouRET en tapisserie de Beauvais, a feurs sur fond jaune. Epoque Louis XVI.",2886,97.7,False,positional,,,TAPISSERIES,,
BO0624_83720,739858,479,975-984,LoT DE PIEces pour sieges et de bandes en tapisserie du xville siecle. Sera divise.,2890,94.2,False,positional,,,TAPISSERIES,,
BO0624_83720,739859,480,985,"TapisseriE rectangulaire en hauteur :allegorie de la Richesse, figuree par deux femmes drapees a l'antique,dans un palais,au milieu de coffrets remplis de bijoux, de pieces d'orfevrerie et de fruits. Bordure marron, a medaillons,fruits,eurs et ustensiles de jardinage.Flandres,xvi siecle.",2891,99.3,False,positional,,,TAPISSERIES,,
BO0624_83720,739860,481,986,"TaBLEAu en tapisserie: la Vierge, 1'Enfant Jesus et saint Jean Baptiste. Bordure bleu-pale a rinceaux.xvil siecle.",2895,98.2,False,positional,,,TAPISSERIES,,
BO0624_83720,739861,482,987,"Deux TABI.EAux ovales en tapisserie:portraits,en buste, d'une jeune femme en riche corsage et d'un jeune homme en armure. Epoque Louis XIV.Cadres en bois dore a roseaux.",2898,98.8,False,positional,,,TAPISSERIES,,
BO0624_83720,739862,483,988,"TaBLEau ovale, en tapisserie tissee dargent :portrait de personnage en buste, en armure, portant la perruque longue. Fin de l'epoque Louis XIV.",2902,98.6,False,positional,,,TAPISSERIES,,
BO0624_83720,739863,484,989,"QuATRE FRAGMENTs de bordure,en tapisserie des Gobelins,a medaillons et quadrilles a fond bleu.Epoque Regence.",2906,98.2,False,positional,,,TAPISSERIES,,
BO0624_83720,739864,485,990,"PeTIT PANNEAu en tapisserie d'Aubusson, presentant Monsieur labbe deLorie,comte et doyen dunoble chapitre de Briovde,dans une reserve entouree de feurs et rinceaux sur fond rouge; petite bordure bleue a palmettes. Epoque Louis XV.",2910,99.1,False,positional,,,TAPISSERIES,,
BO0624_83720,739865,486,991,"LaMBREQuIn en tapisserie d'Aubusson, a sujet de chasse a cinq personnages, encadre de feurs et borde de bleu-clair. Epoque Louis Xv.",2914,98.5,False,positional,,,TAPISSERIES,,
BO0624_83720,739866,487,992,"LAMBREQuIN en tapisserie de Beauvais, simulant une draperie blanche relevee par des cordelieres a glands et enguirlandee de feurs et feuilles. Epoque Louis XV.",2918,98.7,False,positional,,,TAPISSERIES,,
BO0624_83720,739867,488,993,"Deux cANToNNIEREs en tapisserie de Beauvais, simulant des draperies blanches ornees de guirlandes de feurs, retenues par des cordelieres a glands et bordees de franges. Fin de l'epoque Louis Xv.",2922,99.0,False,positional,,,TAPISSERIES,,
BO0624_83720,739868,489,994,"CaNToNNIERE en tapisserie de Beauvais, simulant des draperies bleues et blanches,enguirlandees de feurs,bordees de passementerieset retenues par des cordelieres a glands.Fin de l'epoque Louis XV.",2926,99.0,False,positional,,,TAPISSERIES,,
BO0624_83720,739869,490,995,"Deux FRAGMENTs en tapisserie de Beauvais, a rinceaux et feurs sur fond blanc.Fin de l'epoque Louis XV..",2929,98.0,False,positional,,,TAPISSERIES,,
BO0624_83720,739870,491,996,"BorDuRE en tapisserie des Gobelins,a baguettes enrubannees et enguirlandees de feuillages sur fond bleu-clair.Fin de l'epoque Louis XV.",2933,98.5,False,positional,,,TAPISSERIES,,
BO0624_83720,739871,492,997,"TaBLEau en tapisserie de Beauvais:vase de feurs, au pied duquel est etendu un oiseau mort; fond marron.Epoque Louis XVI. Cadre en bois dore du temps de Louis XV.",2937,98.7,False,positional,,,TAPISSERIES,,
BO0624_83720,739872,493,998,Deux PETITs TABLEAUx en tapisserie de Beauvais:fruits et feurs sur fond marron.Epoque Louis XVI. Cadres en bois sculpte et dore du temps de Louis XIV.,2941,98.7,False,positional,,,TAPISSERIES,,
BO0624_83720,739873,494,999,"Deux BoNNEs GRAcEs en tapisserie, simulant des rideaux a dessin de feurs et guirlandes avec glands, cordelieres et passementeries simules sur fond blanc. Lambrequins presentant la meme decoration. Manufacture de Beauvais.Epoque LouisXVI.",2945,99.1,False,positional,,,TAPISSERIES,,
BO0624_83720,739874,495,1000,Deux tableaux en tapisserie de Beauvais,2946,41.1,False,positional,,,TAPISSERIES,,
BO0624_83720,739875,496,1001,"ooI - GRANDE TAPissERIE rectangulaire, presentant une oret;au premier plan, une mare, de nombreux oiseaux au riche plumage et des branches feuries. Bordure marron a rinceaux et feurs. Manufacture de Beauvais. xvile siecle.",2952,99.8,False,positional,,,TAPISSERIES,,
BO0624_83720,739876,497,1002,"TapisserIE rectangulaire,presentant une vue de parc,avec paon au premier plan. Large bordure d'attributs, feurs, draperies, sur fond marron.Flandres,xvime siecle.",2956,98.4,False,positional,,,TAPISSERIES,,
BO0624_83720,739877,498,1003,"TapisseriE rectangulaire, presentant des chasseurs attables devant une auberge; a gauche,au premier plan,les chiens; au fond,un sonneur de trompe. La scene se passe au milieu d'une foret traversee par un cours d'eau.Flandres, milieu du xvine siecle. Cadre en bois sculpte et dore du temps de la Regence.",2961,99.2,False,positional,,,TAPISSERIES,,
BO0624_83720,739878,499,1004,"TapisseRiE rectangulaire,presentant deux paysannes occupees a traire des vaches. Au premier plan,une mare d'eau avec des canards;au fond, des collines boisees. Flandres,milieu du xvne siecle. Cadre en bois sculpte et dore du temps de la Regence.",2965,99.0,False,positional,,,TAPISSERIES,,
BO0624_83720,739879,500,1005,"FRAGMENT de bordure en tapisserie,a dessin de draperies,fers de lances, fruits, feurs et rinceaux sur fond marron. xvine siecle.",2969,98.0,False,positional,,,TAPISSERIES,,
BO0624_83720,739880,501,1006,"BaNDEau et embrasse en tapisserie, presentant chacun un paysage anime, pour le bandeau, d'un chien courant apres des cygnes et des canards.Fin du xvie siecle.",2973,98.4,False,positional,,,TAPISSERIES,,
BO0624_83720,739881,502,1007,CarRE en tapis de la Savonnerie: coquilles dans un cartouche. Epoque Regence.,2979,96.7,False,positional,,,TAPIS,,
BO0624_83720,739882,503,1008,"CarRE en tapis de la Savonnerie : rosace, fruits et écureuils. Epoque Regence.",2983,96.7,False,positional,,,TAPIS,,
BO0624_83720,739883,504,1009,"Tapis de la Savonnerie,presentant sur fond noir un large motif rayonnant enguirlande de feurs et de fruits,et entoure de carrelages, de rinceaux et de cornes d'abondance. Bordures simulant un cadre, avec feurs de lys aux angles.Epoque Regence.",2987,99.0,False,positional,,,TAPIS,,
BO0624_83720,739884,505,1010,"MeDaiLLoN provenant d'un tapis de la Savonnerie et presentant une foret, Epoque Louis XVI.",2990,97.2,False,positional,,,TAPIS,,
BO0624_83720,739885,506,1011,CaRRE en tapis de la Savonnerie:le Loup et l'Agneau.Epoque Louis XVI.,2994,96.5,False,positional,,,TAPIS,,
BO0624_83720,739886,507,1012,"Six FRAGMENTs de bordures de tapis de la Savonnerie,a dessin d'oves et de feuillages.Epoque LouisXVI.",2998,97.6,False,positional,,,TAPIS,,
BO0624_83720,739887,508,1013,"CaRRE en tapis de la Savonnerie :rosace, feurs et perroquets. xvill siecle.",3002,96.6,False,positional,,,TAPIS,,
BO0624_83720,739888,509,1014,LoT de fragments de tapis de la Savonnerie.xvinl siecle.,3006,95.7,False,positional,,,TAPIS,,
