index,num,title,text,catalogue_id
1,I,"QUATRE VASES décoratifs en bronze argente avec anses, decor a leulles de laurier.","- I. QUATRE VASES décoratifs en bronze argente avec anses, decor a leulles de laurier.

Haut. 0.20",documents/BO0624_4671
2,2,"MoRTIER en bronze à une anse; décoré gnature: GUIDUCIUS · FRANCISCUS · FABRIANO, et la date: MCCCCLXV; et sur la base l'inscription: DEUS · HOMO ·","2. MoRTIER en bronze à une anse; décoré gnature: GUIDUCIUS · FRANCISCUS · FABRIANO, et la date: MCCCCLXV; et sur la base l'inscription: DEUS · HOMO ·

Haut. 0.10 - Diam. 0.14.

- au pourtour de feuillages: sur le bord la siFATTUS · ET · CRISTUS · REX. VENIT · IN · PACE.",documents/BO0624_4671
3,3,"GRANDE LAMPE en cuivre jaune à six becs, pied, tige, plateau et coupe à godrons à relief. Beau modèle de lampe du","3. GRANDE LAMPE en cuivre jaune à six becs, pied, tige, plateau et coupe à godrons à relief. Beau modèle de lampe du
* Ville siecle.

Haut. 0.75.",documents/BO0624_4671
4,5,LAMPE À SUSPENSION en metal blanc ajouré.,"5. LAMPE À SUSPENSION en metal blanc ajouré.

Haut. 1.50.",documents/BO0624_4671
5,7,MORTIER en bronze décoré au pourtour de personnages dansant. Epoque XVIIme siècle.,"7. MORTIER en bronze décoré au pourtour 2. de personnages dansant. Epoque XVIIme siècle.

Haut. o.13 - Diam. 0.14",documents/BO0624_4671
6,8,"QUATRE SALIÈRES en argent, les trois pieds formés de cariatides ailées et de griffes de lions reposant sur une base; le bord à ornements ajourés et ciselés, les gobelets en verre monté. Empire.","8. QUATRE SALIÈRES en argent, les trois pieds formés de cariatides ailées et de griffes de lions reposant sur une base; le 2. bord à ornements ajourés et ciselés, les gobelets en verre monté. Empire.

Poids kg. 0.402.",documents/BO0624_4671
7,9,"DIX-HUIT PORTE-VERRES, en argent, or-","9. DIX-HUIT PORTE-VERRES, en argent, or-

Poids kg. 0.790.

- nements ajourés et ciselés sur le bord. Empire.",documents/BO0624_4671
8,1,"O. DIX-HUIT PORTE-CARAFES, en argent","- 1O. DIX-HUIT PORTE-CARAFES, en argent
- ornements ajourés et ciselés sur le bord Empire.

Poids kg. 1.843.",documents/BO0624_4671
9,II,"PLATEAU à liqueurs, en","- II. PLATEAU à liqueurs, en

Poids kg. 1.690.

- argent, orne ments ajourés et eiseles sur le boro Empire.",documents/BO0624_4671
10,12,"PETIT ENFANT, en bronze, assis sur un","12. PETIT ENFANT, en bronze, assis sur un
- rocher, les deux mains appuyées sur un coquillage, pouvant servir d'encrier. Modelé par Piot. La base en diaspre de Sicile. Patine brune.

Haut. 0.22.",documents/BO0624_4671
11,13,"BELLE JARDINTÈRE ovale, en cuivre repoussé, decorée de godrons et d'oves, les anses formées par des cherubins, et posant sur des griffes de lion.","13. BELLE JARDINTÈRE ovale, en cuivre repoussé, decorée de godrons et d'oves, les anses formées par des cherubins, et posant sur des griffes de lion.

Haut. 0.37",documents/BO0624_4671
12,14,DEUX CHEVAUX en bronze. Patine brune.,"14. DEUX CHEVAUX en bronze. Patine brune.

Haut. 0.10",documents/BO0624_4671
13,15,"GRAND MORTIER en bronze decoré de deux anses, formées par deux chérubins; sur le devant et derrière deux médaillons représentant, le premier St. Ignace, l'au-","15. GRAND MORTIER en bronze decoré de deux anses, formées par deux chérubins; sur le devant et derrière deux médaillons représentant, le premier St. Ignace, l'au-",documents/BO0624_4671
14,2,tre l'écusson des gésuites; sur le bord,2. tre l'écusson des gésuites; sur le bord,documents/BO0624_4671
15,3,XVIIme siècle.,"3. XVIIme siècle.
l'inscription: AN · DO · M · DC · XIVII · † AD · LAUDEM · DEI · ET · B · V · M · ET · SS · IGNATII · ET · FRANCISCI · COL · ROM · SOCI.

Haut. 0.46 - Diam. 0.57.",documents/BO0624_4671
16,16,"TABATIÈRE rectangulaire à couvercle ajouré, décor polychrome sur fond blanc.","16. TABATIÈRE rectangulaire à couvercle ajouré, décor polychrome sur fond blanc.

Haut. 0.19.",documents/BO0624_4671
17,17,"BOMBONIÈRE à deux anses et avec couvercle en cristal de Bohême gravé, décor représentant des feuilles des ramages, et l'armoirie de la famille ducale « d'Este ». Louis XV.","17. BOMBONIÈRE à deux anses et avec couvercle en cristal de Bohême gravé, décor représentant des feuilles des ramages, et l'armoirie de la famille ducale « d'Este ». Louis XV.",documents/BO0624_4671
18,18,"GRANDE COUPE de forme cylindrique, sur pied, à deux anses et à couvercle surmonté d'un bouquet de fleurs blanches et bleues, en verre decoré en filigrane. Pièce rare. Vieux Murano XVIIme siècle. Haut. 0.37. Igbis. COUPE en verre ancien de Murano, décorée finement de filigrane.","18. GRANDE COUPE de forme cylindrique, sur pied, à deux anses et à couvercle surmonté d'un bouquet de fleurs blanches et bleues, en verre decoré en filigrane. Pièce rare. Vieux Murano XVIIme siècle. Haut. 0.37. 3. Igbis. COUPE en verre ancien de Murano, décorée finement de filigrane.

Haut. 0.20 - Diam. 0.23.

## Tapisseries - Étoffes.",documents/BO0624_4671
19,19,"QUATRE PAIRES DE PORTIÈRES avec leurs lambrequins, en byzantine jaune parsemées d'étoiles et rosaces en rouge, contournees d'un galon mêmes couleurs. Empire.","19. QUATRE PAIRES DE PORTIÈRES avec leurs lambrequins, en byzantine jaune parsemées d'étoiles et rosaces en rouge, contournees d'un galon mêmes couleurs. Empire.

M. 2.75 X T.28.",documents/BO0624_4671
20,20,"HUIT COUVERTURES de coussin de siége et huit de dossier de fauteuils en soie vert-clair, ornées de broderies en soie de couleur. Époque Louis XVI.","20. HUIT COUVERTURES de coussin de siége et huit de dossier de fauteuils en soie vert-clair, ornées de broderies en soie de couleur. Époque Louis XVI.

Couvertures des dossiers: Haut. 0.55 - Larg. o.50 chaque. couvertures des coussins: Haut. 0.55 - Larg. 0.50 chaque",documents/BO0624_4671
21,21,DOUZE COUVERTURES de coussin de siège en soie vert-clair brodées au pourtour et au centre en soie de couleur. Époque Louis XVI.,"21. DOUZE COUVERTURES de coussin de siège en soie vert-clair brodées au pourtour et au centre en soie de couleur. Époque Louis XVI.

Haut. 0.50 - Larg. 0.55 chaque.",documents/BO0624_4671
22,22,"DEUX TENTURES en soie vert-clair, decorées d'application représentant: papillons, oiseaux et petites chimères, genre chinois, en soie de couleur.","22. DEUX TENTURES en soie vert-clair, decorées d'application représentant: papillons, oiseaux et petites chimères, genre chinois, en soie de couleur.

Haut. 3.20 - Larg. 4.00 chaque.",documents/BO0624_4671
23,23,"DOUZE TENTURES en soie vert-clair, ornées au pourtour d'une petite bordure de feuilles, fleurs et oiseaux, brodée en soie de couleur. Époque Louis XVI.","23. DOUZE TENTURES en soie vert-clair, ornées au pourtour d'une petite bordure de feuilles, fleurs et oiseaux, brodée en soie de couleur. Époque Louis XVI.

Haut, 4.25 X 1.oo chaque.",documents/BO0624_4671
24,24,"LOI DE MILLE BRODERIES chinoises, en soie, servant comme applications pour ornement d'ameublement, représentant des oiseaux, des papillons, des fleurs et des ramages.","24. LOI DE MILLE BRODERIES chinoises, en soie, servant comme applications pour ornement d'ameublement, représentant des oiseaux, des papillons, des fleurs et des ramages.",documents/BO0624_4671
25,25,"CHÂPE en velours contre-taillé couleur bleue, petit dessin à fleurs, sur fond crème; sur le bord une bande en velours contretaillé vert à raies sur fond or. X VIme siècle.","25. CHÂPE en velours contre-taillé couleur bleue, petit dessin à fleurs, sur fond crème; sur le bord une bande en velours contretaillé vert à raies sur fond or. X VIme siècle.",documents/BO0624_4671
26,26,BALDAQUIN en velours rouge; le fronton en bois sculpté et doré; le lambrequin ainsi que le panneau du fond sont ornés de galon et de frange en or.,"26. BALDAQUIN en velours rouge; le fronton en bois sculpté et doré; le lambrequin ainsi que le panneau du fond sont ornés de galon et de frange en or.

Velours M. 31 environ. Haut. 4.00 - Larg. 2.13 - Prof. 1.45.",documents/BO0624_4671
27,27,PANNEAU en tapisserie tissée de laine offrant une décoration héraldique portant au milieu les armoiries (rapportées) de la famille Marino de Milan. Bordure à trophées de guerre.,"27. PANNEAU en tapisserie tissée de laine offrant une décoration héraldique portant au milieu les armoiries (rapportées) de la famille Marino de Milan. Bordure à trophées de guerre.

Faut. 2.45 — Larg. 1.05",documents/BO0624_4671
28,28,"GRANDE COUVERTURE brodée en soie. Le fond en point de Hongrie, couleur orange. Au centre un médaillon représentant Céres, encadré de bouquets de fleurs. Aux quatre coins et au milieu de chaque côté des grandes gerbes de fleurs. La bordure ornée d'oiseaux, de fleurs et des fruits, avec frange en soie rouge et jaune. À l'exception du médaillon du milieu et des oiseaux sur la bordure qui sont","28. GRANDE COUVERTURE brodée en soie. Le fond en point de Hongrie, couleur orange. Au centre un médaillon représentant Céres, encadré de bouquets de fleurs. Aux quatre coins et au milieu de chaque côté des grandes gerbes de fleurs. La bordure ornée d'oiseaux, de fleurs et des fruits, avec frange en soie rouge et jaune. À l'exception du médaillon du milieu et des oiseaux sur la bordure qui sont
au petit point, tout le reste du decor est au point croise. Doublure en sole creme. M. 2.40 2.45-",documents/BO0624_4671
29,2805,"LAPISSERIE de Bruxelles tissée de laine et soie représentant une ville avec riche decoration architectonique de cariatides et fontaines, avant de trois côtes une belle bordure à feuillages, ornements variés et petites heures. AVIme siecle","2805. LAPISSERIE de Bruxelles tissée de laine et soie représentant une ville avec riche decoration architectonique de cariatides et fontaines, avant de trois côtes une belle bordure à feuillages, ornements variés et petites heures. AVIme siecle

Haut. 3.00 X 2.80.

## Tableaux.

## ÉCOLE DE GASPARD DUGHET.",documents/BO0624_4671
30,20,TERRIERS ET FEMMES. Fond de pavbase,"20. TERRIERS ET FEMMES. Fond de pavbase

## JOHAN FRANS VAN BLOEMEN

## dit ORIZZONTE",documents/BO0624_4671
31,1050,1740).,1050-1740).,documents/BO0624_4671
32,30,"PAYSAGE avec petites hgures, groupe de grands arbres à gauche et collines à l'horizon Cadre doré 1780","30. PAYSAGE avec petites hgures, groupe de grands arbres à gauche et collines à l'horizon Cadre doré

Haut. 0.86 X 1.22.

## LONTHI PIERKL 1702-1780",documents/BO0624_4671
33,31,"PORTRAIT de la danseuse Auretti, vénitienne, surnommee « La barbarina », enlevée par Frédéric Kol de Prusse. Deux portraits de cette personne existent à BerIn, peints par Lancret.","31. PORTRAIT de la danseuse Auretti, vénitienne, surnommee « La barbarina », enlevée par Frédéric Kol de Prusse. Deux portraits de cette personne existent à BerIn, peints par Lancret.

Haut. 0.61 x 0.49.

## ECOLE VENITIENNE.",documents/BO0624_4671
34,32,LA FUITE EN EGYPTE. Un ange précède et guide la Sainte Famille. Cadre dore 1 olle.,"32. LA FUITE EN EGYPTE. Un ange précède et guide la Sainte Famille. Cadre dore 1 olle.

Haut. 1.18 x 2.00.

## FCOLE LOMBARDE

XV[me siècle).",documents/BO0624_4671
35,32,"LUCRECE ROMAINE. Représentée à micorps, tournee de trois quarts a droite s'entoncant le poignard dans le sein nu. Cadre noir et or. Bois.","32. LUCRECE ROMAINE. Représentée à micorps, tournee de trois quarts a droite s'entoncant le poignard dans le sein nu. Cadre noir et or. Bois.

Haut. 0.57 X 48

## AGRICOLA C. 1.

aVilme siecle).",documents/BO0624_4671
36,34,MULTIPLICATION DES PAINS. Cadre dore. Toile.,"34. MULTIPLICATION DES PAINS. Cadre dore. Toile.

Haut. 1.19 X 1.65

## HCOLE FLAMANDE",documents/BO0624_4671
37,35,"LES AMOUREUX MUSICIENS. Troupes devant une table, vus à mi-corps, jouant des instruments de musique. Cadre sculpté et dore. lole.","35. LES AMOUREUX MUSICIENS. Troupes devant une table, vus à mi-corps, jouant des instruments de musique. Cadre sculpté et dore. lole.

Haut. o.71 X 1.04.

Voir illustration, blanche n. 1r.

## DURER ALBERT

(d'après).",documents/BO0624_4671
38,30,ADAM EL EVE au paradis terrestre. Eve,30. ADAM EL EVE au paradis terrestre. Eve,documents/BO0624_4671
39,2,donnant a Adam le fruit detendu. Cadre sculpté et doré. Bois.,"2. donnant a Adam le fruit detendu. Cadre sculpté et doré. Bois.

Haut. 1.45 X 1. 1o.

## RIGAUD HYACINTHE.

(1659-1743.",documents/BO0624_4671
40,37,"PORTRAIT DE LA MARQUISE FRANÇOISE SPINOLA, temme du prince Centurione Charles 11. Assise, la tete tournee de trois quarts à gauche, habillée d'un riche cos tume de brocart lamé or à fleurs, corsage décolleté avec guimpe de dentelle, a demidrapee dans un manteau de velours rouge tient pres d'elle, a gauche, sa petite nlle Julie. Cadre sculpté et doré. Toile.","37. PORTRAIT DE LA MARQUISE FRANÇOISE 2. SPINOLA, temme du prince Centurione Charles 11. Assise, la tete tournee de trois quarts à gauche, habillée d'un riche cos tume de brocart lamé or à fleurs, corsage décolleté avec guimpe de dentelle, a demidrapee dans un manteau de velours rouge tient pres d'elle, a gauche, sa petite nlle Julie. Cadre sculpté et doré. Toile.

Haut. 1.92 X 1.42.

Vour illustration, planche n. 12.
## RIGAUD HYACINTHE.

(1659-1743)",documents/BO0624_4671
41,38,"PORTRAIT DU IlIme PRINCE CENTURIONE DU S. R. EMPIRE, CHARLES II. Assis dans un large et riche fauteuil décoré d'écusson aux armes princières regardant avec une imposante fierté de face, vêtu d'un riche costume en velours bleu doublé d'hermine, garni de guipure, manteau tombant en velours cramoisi, la chevelure longue, bouclée. Cadre sculpté et doré. Toile.","38. PORTRAIT DU IlIme PRINCE CENTURIONE DU S. R. EMPIRE, CHARLES II. Assis dans un large et riche fauteuil décoré d'écusson aux armes princières regardant avec une imposante fierté de face, vêtu d'un riche costume en velours bleu doublé d'hermine, garni de guipure, manteau tombant en velours cramoisi, la chevelure longue, bouclée. Cadre sculpté et doré. Toile.

MaUt. 1.92 X 1.42

Voir illustration, planche n. 13.

## ÊCOLE FLAMANDE.",documents/BO0624_4671
42,39,MARINES. Deux dessus de porte. Cadres dorés.,"39. MARINES. Deux dessus de porte. Cadres dorés.

Haut. 0.30 X 1.22.

## ÉCOLE DE PAUL VERONESE.",documents/BO0624_4671
43,40,"PORTRAIT D'HENRI II. Le roi est représenté débout de trois quarts tourné presque de face, en costume de guerrier, le bras appuyé sur le fût d'un canon. Beau cadre en bois sculpté et doré. Sur toile.","40. PORTRAIT D'HENRI II. Le roi est représenté débout de trois quarts tourné presque de face, en costume de guerrier, le bras appuyé sur le fût d'un canon. Beau cadre en bois sculpté et doré. Sur toile.

Haut. 1.25 X 0.95.

## ÉCOLE LOMBARDE.",documents/BO0624_4671
44,41,"PORTRAIT DE LA DUCHESSE JEANNE MARINO de Milan. Debout, regardant de face en robe noire tablier blanc, corsage décolleté garni de guipure et d'une broche, chevelure retombante sur les épaules parée de bijoux. Cadre doré. Toile.","41. PORTRAIT DE LA DUCHESSE JEANNE MARINO de Milan. Debout, regardant de face en robe noire tablier blanc, corsage décolleté garni de guipure et d'une broche, chevelure retombante sur les épaules parée de bijoux. Cadre doré. Toile.

Haut. 2.18 X 1.08.

## JEAN ANTOINE BAZZI (le Sodoma). (1479-1554).",documents/BO0624_4671
45,42,"LA VIERGE ET L'ENFANT JÉSUS. La Vierge est représentée à mi-corps, soutenant dans ses bras le Divin Enfant qui tendrement la regarde. Sur bois. Riche cadre en bois sculpté et doré.","42. LA VIERGE ET L'ENFANT JÉSUS. La Vierge est représentée à mi-corps, soutenant dans ses bras le Divin Enfant qui tendrement la regarde. Sur bois. Riche cadre en bois sculpté et doré.

Haut. 0.73 X 0.54.

## ANTOINE MOOR. (15 (2-158T).",documents/BO0624_4671
46,43,"PORTRAIT d'un jeune gentilhomme. Représenté à mi-corps, regardant presque de face, habillé en armure, la main droite appuyée sur son épée, la gauche sur le casque empanaché de plumes rouges et noires. Cadre sculpté et doré. Toile.","43. PORTRAIT d'un jeune gentilhomme. Représenté à mi-corps, regardant presque de face, habillé en armure, la main droite appuyée sur son épée, la gauche sur le casque empanaché de plumes rouges et noires. Cadre sculpté et doré. Toile.

Haut. 1.12 X 0.8g.

Voir illustration, planche n. 7.

## ANTOINE VAN DYCK.

(1599-1641).",documents/BO0624_4671
47,44,"PORTRAIT DU MARQUIS AMBROISE SPINOLA. Le patricien génois, debout, regardant presque de face, habillé en armure, une fraise à quatre rangées de dentelle au col, la Toison d'or sur la poitrine la main gauche appuyée sur l'épée et de la droite il tient le bâton de commandement. D'après la biographie de Van Dyck, ce tableau lui fut commandé par le Marquis Spinola avant son départ pour Madrid. Il resta toujours dans la famille Spinola et ce ne fut que par héritage que le Prince Centurione en devint possesseur. Tous les guides de Gênes signalent tout particulièrement ce tableau à l'attention du public. Nous avons bien des raisons pour croire que le carton de ce portrait soit dans la collection du duc de Buceleugh à Londres.","44. PORTRAIT DU MARQUIS AMBROISE SPINOLA. Le patricien génois, debout, regardant presque de face, habillé en armure, une fraise à quatre rangées de dentelle au col, la Toison d'or sur la poitrine la main gauche appuyée sur l'épée et de la droite il tient le bâton de commandement. D'après la biographie de Van Dyck, ce tableau lui fut commandé par le Marquis Spinola avant son départ pour Madrid. Il resta toujours dans la famille Spinola et ce ne fut que par héritage que le Prince Centurione en devint possesseur. Tous les guides de Gênes signalent tout particulièrement ce tableau à l'attention du public. Nous avons bien des raisons pour croire que le carton de ce portrait soit dans la collection du duc de Buceleugh à Londres.

Voir illustration, planche n. 6.

## Faïences et Porcelaines.",documents/BO0624_4671
48,45,"CINQ ASSIETTES, décorées au centre à personnages et sur le marli à bouquets de fleurs. en couleurs orange et or sur fond blanc. Vieux Chine.","45. CINQ ASSIETTES, décorées au centre à personnages et sur le marli à bouquets de fleurs. en couleurs orange et or sur fond blanc. Vieux Chine.

Haut. 0.13.",documents/BO0624_4671
49,46,"CUVETTE à barbe en forme de coquille, décorée bleu avec sujet mythologique. bis. PLAT, décoré au centre d'un village à fond de paysage, en couleurs bleue et rouge sur fond blanc. Vieux Chine.","46. CUVETTE à barbe en forme de coquille, décorée bleu avec sujet mythologique.
Ancienne faïence de Savona. Marque Boselli.

Diam. 0.39. - 46bis. PLAT, décoré au centre d'un village à fond de paysage, en couleurs bleue et rouge sur fond blanc. Vieux Chine.

Diam. 0 38.",documents/BO0624_4671
50,47,GRAND PLAT décoré de fleurs et feuillages en rouge et bleu; encadrement en bronze doré et ciselé. Vieux Japon. bis. LOT DE VINT-SIX ASSIETTES ASSORTIES. Vieux Chine et Vieux Japon.,"47. GRAND PLAT décoré de fleurs et feuillages en rouge et bleu; encadrement en bronze doré et ciselé. Vieux Japon.

Diam. 0.40 - 47bis. LOT DE VINT-SIX ASSIETTES ASSORTIES. Vieux Chine et Vieux Japon.",documents/BO0624_4671
51,48,"PORTE-PLEURS à forme de bouteille à trois panses superposées, ornée chacune de six porte-fleurs; décor à paysages et personnages. Faience de Savona, mar-","48. PORTE-PLEURS à forme de bouteille à trois panses superposées, ornée chacune de six porte-fleurs; décor à paysages et personnages. Faience de Savona, mar-
- quée S.

Haut. 0.45.",documents/BO0624_4671
52,49,"DEUX GRANDS PLATS, ornements sur le marli, et armoiries du Prince Centurione au centre, peintes en bleu sur fond blancbleuâtre. Ancienne faïence de Savona. Marque Boselli.","49. DEUX GRANDS PLATS, ornements sur le marli, et armoiries du Prince Centurione au centre, peintes en bleu sur fond blancbleuâtre. Ancienne faïence de Savona. Marque Boselli.

Diam. 0.45.",documents/BO0624_4671
53,50,"PLAT CREUX, orné au centre d'un paysage avec personnages, tout au tour de médaillons représentant personnages, oiseaux et fleurs. Au verso même décor que sur le bord extérieur. Décor bleu, vert, rouge et or. Vieux Japon signé: Fuku ChioShun.","50. PLAT CREUX, orné au centre d'un paysage avec personnages, tout au tour de médaillons représentant personnages, oiseaux et fleurs. Au verso même décor que sur le bord extérieur. Décor bleu, vert, rouge et or. Vieux Japon signé: Fuku ChioShun.

Diam 0.33.",documents/BO0624_4671
54,51,"JOLIE POTICHE, avec couvercle surmonté en bleu rouge et or sur fond blanc. Por-","51. JOLIE POTICHE, avec couvercle surmonté en bleu rouge et or sur fond blanc. Por-

Haut. 0.49.

- d'une chimère, décorée de fleurs et volutes celaine vieux Japon.",documents/BO0624_4671
55,52,"GARNITURE composée de deux potiches à couvercle et de deux cornets, de forme élancée, ornées de fleurs polychromes sur","52. GARNITURE composée de deux potiches à couvercle et de deux cornets, de forme élancée, ornées de fleurs polychromes sur
- fond blanc. Porcelaine vieux Chine.

Haut. des potiches 0.39 Haut. des cornets 0.36

Voir illustration, planche n. 18.",documents/BO0624_4671
56,53,GRANDE ET BELLE POTICHE à couvercle bombé. Riche décoration de réserves à branches de fleurs sur fond blanc et ornements en couleurs rehaussés d'or. Ancienne porcelaine du Japon.,"53. GRANDE ET BELLE POTICHE à couvercle bombé. Riche décoration de réserves à branches de fleurs sur fond blanc et ornements en couleurs rehaussés d'or. Ancienne porcelaine du Japon.

Haut. 0.55. Voir illustration, planche n. 19.",documents/BO0624_4671
57,54,"DEUX CORBEILLES à fruits en porcelaine blanche. Bord ajouré decoré d'une bande rouge à rehauts d'or, fleurs polychromes sur le fond. Vieux Chine.","54. DEUX CORBEILLES à fruits en porcelaine 2. blanche. Bord ajouré decoré d'une bande rouge à rehauts d'or, fleurs polychromes sur le fond. Vieux Chine.

Diam. maj. 0.36, min. 0.28.",documents/BO0624_4671
58,55,TASSE À BOUILLON avec anses et sou-,"55. TASSE À BOUILLON avec anses et sou-

Haut, o.14. Voir illustration, planche n. 18.

- coupe en porcelaine vieux Vénise, décorée or et offrant sur le couvercle, au pourtour de la soupière et sur le fond de la soucoupe des personnages en costume Louis XVI peints à grisaille. La soupière montée en vermeil et la cuillère également en vermeil ciselé sont renfermées dans un étui.",documents/BO0624_4671
59,56,"GRAND VASE en porcelaine vieux Ginori, forme Médicis, à deux anses soutenues par des mascarons. D'un côté un médaillon représentant Napoléon Ier,de l'autre un château avec jardin et personnage. Le reste orné de guirlandes et rinceaux dorés et à couleurs.","56. GRAND VASE en porcelaine vieux Ginori, forme Médicis, à deux anses soutenues par des mascarons. D'un côté un médaillon représentant Napoléon Ier,de l'autre un château avec jardin et personnage. Le reste orné de guirlandes et rinceaux dorés et à couleurs.

Haut. 0.42.",documents/BO0624_4671
60,57,"DEUX GRANDES POTICHES à huit pans a couvercle bombé, émaillées bleu et décorées en or rouge et bleu sur fond blanc, avec paysages et fleurs dans les compartiments. Socle en bois sculpté et doré. Ancienne porcelaine du Japon.","57. DEUX GRANDES POTICHES à huit pans a couvercle bombé, émaillées bleu et décorées en or rouge et bleu sur fond blanc, avec paysages et fleurs dans les compartiments. Socle en bois sculpté et doré. Ancienne porcelaine du Japon.

Haut. 0.79. Voir illustration, planche n. 19.

## Meubles.",documents/BO0624_4671
61,58,"PETIT CABINET en ébène avec tiroirs de différentes grandeurs, décoré d'incrustations en ivoire. La porte du milieu entre deux colonnes, soutenant une balustrade. XVIIme siècle.","58. PETIT CABINET en ébène avec tiroirs de différentes grandeurs, décoré d'incrustations en ivoire. La porte du milieu entre deux colonnes, soutenant une balustrade. XVIIme siècle.

Haut. 0.45 - Larg. 0.75.",documents/BO0624_4671
62,50,AGRIPPINE. Buste en marbre blanc avec piédouche. A VIlme siècle.,"50. AGRIPPINE. Buste en marbre blanc avec piédouche. A VIlme siècle.

Haut. 0.70.",documents/BO0624_4671
63,60,"UN SUPPORT en nover sculpté, forme de deux pieds réunis par un chapiteau. Style xVIIe siecle","60. UN SUPPORT en nover sculpté, forme de deux pieds réunis par un chapiteau. Style xVIIe siecle

Haut. 1.25 - Larg. du capiteau 0.84",documents/BO0624_4671
64,61,"TABLE-BUREAU Louis XV en bois de rose, dessus en peluche rouge et garni en bronze cisele.","61. TABLE-BUREAU Louis XV en bois de rose, dessus en peluche rouge et garni en bronze cisele.

Haut. 0.76 - Long. 1.45 - Prof. 0.75.

02. DEUX COLONNES tronquees, a cannelures en bois peint imitation du porphyre, et décorées sur la base et sur le chapiteau d'ornements en bois sculpte et dore

Haut. 1.o0 - 11al. 0.50.",documents/BO0624_4671
65,63,"PETITE PENDULE. Sur socle en bronze dore, a trise aiselee et ajouree selevent trois arbrissaux, et entre les branches de celui du mileu est pose le cadran, de chaque côté et sur le devant une heurine chinoise en ronde bosse, vernie en cou leurs et doree representant la Kichesse et la Pauvreté. Mouvement par Pia-Paris. Epoque Louis XV. Pièce remarquable.","63. PETITE PENDULE. Sur socle en bronze dore, a trise aiselee et ajouree selevent trois arbrissaux, et entre les branches de celui du mileu est pose le cadran, de chaque côté et sur le devant une heurine chinoise en ronde bosse, vernie en cou leurs et doree representant la Kichesse et la Pauvreté. Mouvement par Pia-Paris. Epoque Louis XV. Pièce remarquable.

Haut. 0.28.

Voir illustration, planche n. 17",documents/BO0624_4671
66,64,"TABLE RONDE DE MILIEU. en bois dore et sculpte, les quatre pieds decores d'alles. de volutes et à pieds de belier. Au milieu du croisillon une corbellle de raisins. XV me siecle","64. TABLE RONDE DE MILIEU. en bois dore et sculpte, les quatre pieds decores d'alles. de volutes et à pieds de belier. Au milieu du croisillon une corbellle de raisins. XV me siecle

Haut. 0.05.

05. DEUX JOLIES PETITES CONSOLES forme cintree, frise et pieds a ornements sculptés. ajourés et dores. Dessus en albatre oriental garni de bronzes ciselés. Epoque Louis AV.

Haut. 0.08 - Larg. 9.96 - Prof. 0.46. Voir illustration, planche n. 21.",documents/BO0624_4671
67,66,DEUX JOLIES PETITES CONSOLES pareilles aux précédentes.,"66. DEUX JOLIES PETITES CONSOLES pareilles aux précédentes.
07. PENDULE en bronze en forme d'hermes en bronze dore et vert. decore de diffe rents attributs, tete bitronte de profil, représentant d'un côte la nuit couronnee d'étoiles, et de l'autre le jour couronné des rayons de soleil. Cadran signé « Le Roy ». Empire.

Haut. 0.50 - Larg. 0.22. Voir illustration, blanche n. 10.

00. QUATRE CHAISES en bois sculpte, verni blanc et rehausse d'or. avec coussin en velours rouge. Lous AV.

Haut. 0.95 - Larg. 0.50 vour lustration, planche n. 22.",documents/BO0624_4671
68,69,"DEUX PETITES CONSOLES à un seul pied, à encoignure, en bois sculpté et doré; décorées de rosaces, de feuilles et de rin ceaux. Dessus en marbre vert. En du XVIIIme siècle.","69. DEUX PETITES CONSOLES à un seul pied, à encoignure, en bois sculpté et doré; décorées de rosaces, de feuilles et de rin ceaux. Dessus en marbre vert. En du XVIIIme siècle.

Haut. 0.90 - Larg. 0.60.",documents/BO0624_4671
69,70,"QUATRE CHAISES en bois sculpté, verni blanc rehaussé de dorures, avec cous sins couverts en damas rouge. Epoque Louis XVI.","70. QUATRE CHAISES en bois sculpté, verni blanc rehaussé de dorures, avec cous sins couverts en damas rouge. Epoque Louis XVI.

Haut. 0.95 - Larg. 0.50.

vou toustration, planche n. 22.",documents/BO0624_4671
70,71,"DEUX CANDELABRES à trois branches fixées à un vase soutenu par une femme posant sur un socle. La houre et le socle sont en patine noire, les branches et les ornements sur la figure et le socle ell bronze doré et cisele. Montés pour la lumiere electrique. Empire.","71. DEUX CANDELABRES à trois branches fixées à un vase soutenu par une femme posant sur un socle. La houre et le socle sont en patine noire, les branches et les ornements sur la figure et le socle ell bronze doré et cisele. Montés pour la lumiere electrique. Empire.

Haut. 0.00

vour lustration, planche n. 19.",documents/BO0624_4671
71,72,SABINE. Buste en marbre blanc sur piédouche. XVIIme siècle.,"72. SABINE. Buste en marbre blanc sur piédouche. XVIIme siècle.

Haut. 0.05.",documents/BO0624_4671
72,73,UN SUPPORT en noyer sculpté formé de deux pieds réunis par un chapiteau. Style X VIlle siecle,"73. UN SUPPORT en noyer sculpté formé de deux pieds réunis par un chapiteau. Style X VIlle siecle

Haut. 1.25 - Larg. du chapiteu 0.34.",documents/BO0624_4671
73,74,"DEUX COMMODES en bois de luxe, forme bombée, à deux tiroirs. Dessus in marbre portasanta garni en bronze. Époque Louis XV.","74. DEUX COMMODES en bois de luxe, forme bombée, à deux tiroirs. Dessus in marbre portasanta garni en bronze. Époque Louis XV.

Haut. 0.86 - Long. 1.40 X 0.65.",documents/BO0624_4671
74,75,CINQ JOLIES CHAISES Louis XVI en bois sculpté et doré; le dossier surmonté d'une petite corbeille de fleurs; les pieds à cannelures: recouvertes de velours en sole rouge.,"75. CINQ JOLIES CHAISES Louis XVI en bois sculpté et doré; le dossier surmonté d'une petite corbeille de fleurs; les pieds à cannelures: recouvertes de velours en sole rouge.

Haut. 0.93 - Larg. 0.53.

Voir illustration, planche n. 22.",documents/BO0624_4671
75,76,CINQ JOLIES CHAISES Louis XVI pareilles aux précédentes.,"76. CINQ JOLIES CHAISES Louis XVI pareilles aux précédentes.

vour wustration, planche n. 22.",documents/BO0624_4671
76,77,"DEUX CANDÉLABRES en argent ciselé. La tige à trois têtes de cariatides, et à griffes de lions, pose sur un pied finement décoré d'une frise à feuilles, et soutient cinq brariches formées par des cariatides ailées. Empire.","77. DEUX CANDÉLABRES en argent ciselé. La tige à trois têtes de cariatides, et à griffes de lions, pose sur un pied finement décoré d'une frise à feuilles, et soutient cinq brariches formées par des cariatides ailées. Empire.

Poid kg. 7.192 - Haut. 0.58. Voir illustration, planche n. 19.",documents/BO0624_4671
77,78,"SIx FAUTEUILS Louis XVI en bois sculpté et dore finement décores de rinceaux guirlandes enrubannées et feuilles, pieds et accotoirs a cannelures. recouverts de velours rouge.","78. SIx FAUTEUILS Louis XVI en bois sculpté et dore finement décores de rinceaux guirlandes enrubannées et feuilles, pieds et accotoirs a cannelures. recouverts de velours rouge.

Haut. 1.07 - Larg. 0.70.

Voir illustration, blanche n. 22.",documents/BO0624_4671
78,79,SIX FAUTEUILS Louis XVI pareils aux précédents.,"79. SIX FAUTEUILS Louis XVI pareils aux précédents.

on mustration. planche n. 22.

- So. DEUX ENCOIGNURES en bois sculpté et doré; frise décorée d'un mascaron et de guirlandes; les pieds à tête de bélier ornés de chutes à feuilles et fruits; au milieu du croisillon une corbeille de fruits. Dessus en jaune antique avec bord en vert antique. AVIlle siecle

Haut. 0.94 - Larg. 0.65. Voir illustration, planche n. 21.",documents/BO0624_4671
79,81,"CARACALLA. Buste en marbre africain et albâtre, tête en marbre blanc. Sur piédouche.","81. CARACALLA. Buste en marbre africain et albâtre, tête en marbre blanc. Sur piédouche.

Haut. 0.72.",documents/BO0624_4671
80,82,"GLACE DE CHEMINÉE en bois sculpté et doré, surmontée d'une eincaisc à feuillages et un mascaron au milieu.","82. GLACE DE CHEMINÉE en bois sculpté et doré, surmontée d'une eincaisc à feuillages et un mascaron au milieu.

Haut. 1,22 X 1.32.",documents/BO0624_4671
81,83,"CINQ FAUTEUILS Louis XV en bois vernis noir et or, couverts en byzantine vieil or.","83. CINQ FAUTEUILS Louis XV en bois vernis noir et or, couverts en byzantine vieil or.

Haut. 0.94 - Larg. 0.70.

vow wustration, planche n. 22",documents/BO0624_4671
82,84,"CINQ FAUTEUILS Louis XV en bois vernis noir et or, couverts en byzantine vieil or.","84. CINQ FAUTEUILS Louis XV en bois vernis noir et or, couverts en byzantine vieil or.

Haut. 0.94 - 0.70.

Voir illustration, planche n. 22.",documents/BO0624_4671
83,85,"JOLIE COMMODE s'ouvrant à deux tiroirs, de forme bombée, en laque noir, rehaussé d'or. Décoration sages avec pagodes et maisons, cours d'eau, animaux et personnages en relief. Poignées, chutes, sabots et entrées de serures à rocailles en bronze ciselé et doré. Dessus en marbre jaune garni de bronze ciselé. Époque Louis XV.","85. JOLIE COMMODE s'ouvrant à deux tiroirs, de forme bombée, en laque noir, rehaussé d'or. Décoration sages avec pagodes et maisons, cours d'eau, animaux et personnages en relief. Poignées, chutes, sabots et entrées de serures à rocailles en bronze ciselé et doré. Dessus en marbre jaune garni de bronze ciselé. Époque Louis XV.

Haut. 0.85 - Larg. 1.15.

Voir illustration, planche n. 20.",documents/BO0624_4671
84,86,"DEUX ENCOIGNURES, de forme bombée, en laque noir, rehaussée d'or. Décora tion représentant des paysages avec pagodes et maisons, cours d'eau, animaux et personnages en relief. Chutes, sabots et entrées de serrures à rocailles en bronze ciselé et doré. Dessus en marbre jaune, garni de bronze ciselé. Époque Louis XV","86. DEUX ENCOIGNURES, de forme bombée, en laque noir, rehaussée d'or. Décora tion représentant des paysages avec pagodes et maisons, cours d'eau, animaux et personnages en relief. Chutes, sabots et entrées de serrures à rocailles en bronze ciselé et doré. Dessus en marbre jaune, garni de bronze ciselé. Époque Louis XV

Haut. 0.90 - Larg. 0.65

our wlustration, planche n. 20.",documents/BO0624_4671
85,87,"DEUX TABLES de nuit en laque noir, rehaussé de dorures représentant des paysages avec pagodes. De chaque côté une poignée en bronze ciselé et doré. Époque Louis XV.","87. DEUX TABLES de nuit en laque noir, rehaussé de dorures représentant des paysages avec pagodes. De chaque côté une poignée en bronze ciselé et doré. Époque Louis XV.

Voir illustration, planche n. 20.

Haut. 0.85.",documents/BO0624_4671
86,88,LIT À DEUX PLACES en bois peint noir rehaussé de dorures représentant des paysages avec personnages et pagodes. La tête et le pied du lit ornés au milieu de feurs en bois sculpté et doré. Louis XV.,88. LIT À DEUX PLACES en bois peint noir rehaussé de dorures représentant des paysages avec personnages et pagodes. La 2. tête et le pied du lit ornés au milieu de feurs en bois sculpté et doré. Louis XV.,documents/BO0624_4671
87,89,"LUSTRE en bois sculpté et doré à douze lumières reliées par des guirlandes et or nées de chaînettes et de pendeloques en cristal de roche, taillées à facettes. Gracieux modèle de l'époque de Louis XVI.","89. LUSTRE en bois sculpté et doré à douze lumières reliées par des guirlandes et or nées de chaînettes et de pendeloques en cristal de roche, taillées à facettes. Gracieux modèle de l'époque de Louis XVI.

Haut. 1.80.",documents/BO0624_4671
88,90,LUsTRE pareil au précedent mais à quatorze lumières.,"90. LUsTRE pareil au précedent mais à quatorze lumières.
## SECONDE VENTE

## Mardi 28 Avril à 3 heures précises de l'après-midi

## Objets divers.",documents/BO0624_4671
89,91,"SALADIER en faïence, décorée à personnages en bleu sur fond blanc. Marque de mavona.","91. SALADIER en faïence, décorée à personnages en bleu sur fond blanc. Marque de mavona.",documents/BO0624_4671
90,92,"PLAT en faïence décoré d'un paysage, avec personniazes. à plusieurs couleurs. Marque de savona.","92. PLAT en faïence décoré d'un paysage, avec personniazes. à plusieurs couleurs. Marque de savona.",documents/BO0624_4671
91,93,"PLAT en faience à bord échancré, décoré tout au tour de feuilles, fleurs et personnages; au centre un médaillon représentant David tenant par les cheveux la tête de Goliath. Marque de Savona.","93. PLAT en faience à bord échancré, décoré tout au tour de feuilles, fleurs et personnages; au centre un médaillon représentant David tenant par les cheveux la tête de Goliath. Marque de Savona.",documents/BO0624_4671
92,94,"MORTIER en bronze à deux anses; décoré à feuillages, fleurs et rosaces; sur le bord la date: ANNO · DOMINI · MDCX VIII.","94. MORTIER en bronze à deux anses; décoré à feuillages, fleurs et rosaces; sur le bord la date: ANNO · DOMINI · MDCX VIII.

Haut. 0.15 - Diam. 0.18.",documents/BO0624_4671
93,95,COFFRET rectangulaire en noyer et ebene avec garnitures en fer ajouré. Doublé à l'intérieur en velours rouge. XVIme siècle. Haut. 0.12 - Long. 0.32 - Larg. 0.20,95. COFFRET rectangulaire en noyer et ebene avec garnitures en fer ajouré. Doublé à l'intérieur en velours rouge. XVIme siècle. Haut. 0.12 - Long. 0.32 - Larg. 0.20,documents/BO0624_4671
94,96,TAUREAU. Joli bronze bien modelé. Patine foncée.,"96. TAUREAU. Joli bronze bien modelé. Patine foncée.

Haut. 0.12 - Long. 0.21.",documents/BO0624_4671
95,97,"CABINET en marquéterie, de bois de différentes couleurs; les tiroirs et l'abattant décorés de sujets de chasse et paysages. Travail hollandais de la fin du AVIe siecle","97. CABINET en marquéterie, de bois de différentes couleurs; les tiroirs et l'abattant décorés de sujets de chasse et paysages. Travail hollandais de la fin du AVIe siecle

Haut. 0.37 - Larg. 0.49.",documents/BO0624_4671
96,98,CALIGULA. Buste en marbre blanc avec piédouche. XVIIme siècle.,"98. CALIGULA. Buste en marbre blanc avec piédouche. XVIIme siècle.

Haut. 0.72.",documents/BO0624_4671
97,99,"COLOMNE en marbre rouge de Levanto, avec base et chapiteau.","99. COLOMNE en marbre rouge de Levanto, avec base et chapiteau.

haut. 1.oo. Diamètre du chapiteau 0.36.",documents/BO0624_4671
98,100,"QUATRE STATUETTES en argent doré, représentant les quatre Saisons, sur bases en porhyre oriental.","100. QUATRE STATUETTES en argent doré, représentant les quatre Saisons, sur bases en porhyre oriental.

Haut. 0.24.",documents/BO0624_4671
99,II,BUSTE en marbre de Carrare représentant un jeune enfant. École du X VIme siècle. Haut. 0.25.,- II. BUSTE en marbre de Carrare représentant un jeune enfant. École du X VIme siècle. Haut. 0.25.,documents/BO0624_4671
100,102,"PENDULE en bronze doré. Apollon couronné de laurier, appuyé à un cippe, dans lequel est encaisse le cadran. Epoque Empire.","102. PENDULE en bronze doré. Apollon couronné de laurier, appuyé à un cippe, dans lequel est encaisse le cadran. Epoque Empire.

Haut. 0.70.",documents/BO0624_4671
101,103,PAULINE BORGHESE. Tête en marbre Serravezza attribué à Canova. Piédouche en marbre vert.,"103. PAULINE BORGHESE. Tête en marbre Serravezza attribué à Canova. Piédouche en marbre vert.

Haut. 0.60.",documents/BO0624_4671
102,104,"COLOMNE en marbre rouge de Levanto, avec base et chapiteau.","104. COLOMNE en marbre rouge de Levanto, avec base et chapiteau.

Haut. 1.09

Diamètre du chapiteau 0.36.",documents/BO0624_4671
103,105,MORTIER en bronze à deux anses; décor à médaillons à différents sujets. Époque X VIme siècle.,"105. MORTIER en bronze à deux anses; décor à médaillons à différents sujets. Époque X VIme siècle.

Haut. 0.15 - Diam. 0.19.",documents/BO0624_4671
104,106,"SERVICE À CAFÉ en argent repoussé, composé de son plateau, six gobelets, six petites cuillères et d'un sucrier. Louis XIV.","106. SERVICE À CAFÉ en argent repoussé, composé de son plateau, six gobelets, six petites cuillères et d'un sucrier. Louis XIV.

Kg. 1.335.",documents/BO0624_4671
105,107,"DEUX CANDÉLABRES en bronze ciselé et doré, représentant une victoire ailée posant sur un globe et supportant cinq bras décorés de rinceaux. La base est décorée de guirlandes et rubans. Époque Empire.","107. DEUX CANDÉLABRES en bronze ciselé et doré, représentant une victoire ailée posant sur un globe et supportant cinq bras décorés de rinceaux. La base est décorée de guirlandes et rubans. Époque Empire.

Haut. 0.80. Voir illustration, planche n. 19.",documents/BO0624_4671
106,108,"PANIER, forme octogonale, divisé en plusieurs compartiments en cristal de roche gravé à dessin raphaëlesques, corbeilles de fruits et vases de fleurs. Monture en métal doré avec garniture en argent. Louis XIV. Bord à ornements à jour.","108. PANIER, forme octogonale, divisé en plusieurs compartiments en cristal de roche gravé à dessin raphaëlesques, corbeilles de fruits et vases de fleurs. Monture en métal doré avec garniture en argent. Louis XIV. Bord à ornements à jour.

Haut. o.10. Voir illustration, planche n. 17.

## Tapisseries et Etoffes.",documents/BO0624_4671
107,109,HUIT COUVERTURES de coussin de chaise en brocart à fleurs brochées argent et soie de couleur sur fond violet. Époque Louis XV.,"109. HUIT COUVERTURES de coussin de chaise en brocart à fleurs brochées argent et soie de couleur sur fond violet. Époque Louis XV.

Haut. 0.44 - Long. 0.50 chaque.",documents/BO0624_4671
108,11,O. CINQ COUVERTURIS de dossier et cing couvertures de coussin de fauteuils en velours cramoisi ancien.,"- 11O. CINQ COUVERTURIS de dossier et cing couvertures de coussin de fauteuils en velours cramoisi ancien.

Couverture de dossier:

Haut. 0.70 - Larg. 0.50.

Couverture de coussin:

Haut. 0.45 - Larg. o.45 chaque.",documents/BO0624_4671
109,111,COUVERTURE de coussin de siège de canapé et cinq de chaises en brocart à fleurs polychromes sur fond blanc. Époque Louis XV.,111. COUVERTURE de coussin de siège de canapé et cinq de chaises en brocart à fleurs polychromes sur fond blanc. Époque Louis XV.,documents/BO0624_4671
110,112,"HUIT RIDEAUX de portière en damas rouge, encadrement en sole jaune avec ornements de moire bleue en application.","112. HUIT RIDEAUX de portière en damas rouge, encadrement en sole jaune avec ornements de moire bleue en application.

Couverture: Haut, 0.60 - Long. 1.50

Chaises: Maut. 0.45 - Larg, 0.50 chaque.

Haut. 2.60 X I.40.",documents/BO0624_4671
111,113,"TROIS PATRES DE PORTIÈRES de différentes grandeurs, en saun jaune, entou rées d'une bordure en soie à rinceaux et rosaces jaunes sur fond violet. Quatre doublées en mousseline, deux en soie. Empire.","113. TROIS PATRES DE PORTIÈRES de différentes grandeurs, en saun jaune, entou rées d'une bordure en soie à rinceaux et rosaces jaunes sur fond violet. Quatre doublées en mousseline, deux en soie. Empire.",documents/BO0624_4671
112,114,SIX PANNEAUX en velours cramoisi Ornements en soie de couleur en application au pourtour et aux angles. paire M. 3.40 X 2.36.,"114. SIX PANNEAUX en velours cramoisi Ornements en soie de couleur en application au pourtour et aux angles. 1 paire M. 3.40 X 2.36.

M. 3-35 X 1.43.

M. 4.50 X 1.43.

Haut. 2.60 X 1.08.",documents/BO0624_4671
113,115,"CHASUBLE en velours contretaillé, petit dessin en couleurs bleue et jaune formant des compartiments décorés de feuilles, sur fond saumon. XVIme siècle.","115. CHASUBLE en velours contretaillé, petit dessin en couleurs bleue et jaune formant des compartiments décorés de feuilles, sur fond saumon. XVIme siècle.",documents/BO0624_4671
114,116,"DEUX PORTIÈRES en soie rouge, entourées d'une large bande de broccatelle en soie jaune, ornées d'une frange rouge. XVIIme siècle.","116. DEUX PORTIÈRES en soie rouge, entourées d'une large bande de broccatelle en soie jaune, ornées d'une frange rouge. XVIIme siècle.

M. 2.90 X I.35.",documents/BO0624_4671
115,117,"CINQ PORTIÈRES en soie rouge, entourées d'une large bande en soie jaune, et ornées d'une frange même couleur.","117. CINQ PORTIÈRES en soie rouge, entourées d'une large bande en soie jaune, et 2. ornées d'une frange même couleur.",documents/BO0624_4671
116,118,"CHASUBLE en velours contretaillé, couleur verte, petit dessin à bouquets de fleurs et fruits sur fond crême. Galon brodé en soie blanche. X VIme siècle.","118. CHASUBLE en velours contretaillé, couleur verte, petit dessin à bouquets de fleurs et fruits sur fond crême. Galon brodé en soie blanche. X VIme siècle.",documents/BO0624_4671
117,119,"DEVANT-D'AUTEL en étoffe lamée en argent, brodé en or, à plusieurs compartiments séparés l'un de l'autre par un galon brodé en soie à fleurs et feuilles. Louis XIV.","119. DEVANT-D'AUTEL en étoffe lamée en argent, brodé en or, à plusieurs compartiments séparés l'un de l'autre par un galon brodé en soie à fleurs et feuilles. Louis XIV.

Trois: M. 2.34 X 1.40.

Deux: M. 2.22 X 1.40.

M. 2.15 X 1.10.",documents/BO0624_4671
118,120,"BoRDURE de tapisserie, tissue en soie, décorée de fruits, neurs et entants, XVIIme siècle.","120. BoRDURE de tapisserie, tissue en soie, décorée de fruits, neurs et entants, XVIIme siècle.

M. 3.20 X 0.50.",documents/BO0624_4671
119,121,"GRANDE COUVERTURE en soie, décorée de fleurs brodées en différentes couleurs, et d'applications en soie jaune et bleue, représentant des volutes fleuronnées; enrichie également de plusieurs carrés au point croisé, à bouquets de fleurs. Tout au tour une frange rouge et jaune.","121. GRANDE COUVERTURE en soie, décorée de fleurs brodées en différentes couleurs, et d'applications en soie jaune et bleue, représentant des volutes fleuronnées; enrichie également de plusieurs carrés au point croisé, à bouquets de fleurs. Tout au tour une frange rouge et jaune.

M. 2.20 X 2.50",documents/BO0624_4671
120,122,"TAPISSERIE de Bruxelles tissée de laine et soie, représentant: LE SERPENT D'AIRAIN, Moïse commande d'élever au milieu du campement le serpent d'airain afin que quiconque ayant été mordu par les serpents de feu, en le regardant pût guérir. Très belle bordure de fruits et fleurs alternant avec des groupes d'enfants et des figures allégoriques. Écusson entre deux B et le sigle du hautlisseur MT. Epoque X VIme siècle.","122. TAPISSERIE de Bruxelles tissée de laine et soie, représentant: LE SERPENT D'AIRAIN, Moïse commande d'élever au milieu du campement le serpent d'airain afin que quiconque ayant été mordu par les serpents de feu, en le regardant pût guérir. Très belle bordure de fruits et fleurs alternant avec des groupes d'enfants et des figures allégoriques. Écusson entre deux B et le sigle du hautlisseur MT. Epoque X VIme siècle.

Haut. 3.20 X 4.60.

Vow illustration, planche n. 2.",documents/BO0624_4671
121,123,"TAPISSERIE de Bruxelles tissée de laine et soie, représentant: Les Égyptiens à la poursuite des Israëlites. Moïse, au milieu, le bras droit levé, commande et les eaux de la Mer Rouge divisées pour le passage des fils d'Israëls, retombent engloutissant l'armée de Pharaon. Très belle bordure de fruits et fleurs alternant avec des groupes d'enfants et des figures allégoriques. Écusson entre deux B et le sigle du hautlisseur MV. Epoque X VIme siècle.","123. TAPISSERIE de Bruxelles tissée de laine et soie, représentant: Les Égyptiens à la poursuite des Israëlites. Moïse, au milieu, le bras droit levé, commande et les eaux de la Mer Rouge divisées pour le passage des fils d'Israëls, retombent engloutissant l'armée de Pharaon. Très belle bordure de fruits et fleurs alternant avec des groupes d'enfants et des figures allégoriques. Écusson entre deux B et le sigle du hautlisseur MV. Epoque X VIme siècle.

Haut. 3.20 X 5.30.

Voir illustration, planche n. 1.

## Tableaux.

ÉCOLE DE J. PYT. (XVIIme siècle).",documents/BO0624_4671
122,124,NATURE MORTE. Gibier et lièvres. Deux tableaux formant pendant. Cadres dorés. alle.,"124. NATURE MORTE. Gibier et lièvres. Deux tableaux formant pendant. Cadres dorés. alle.

Haut. 0.62 X 0.76.",documents/BO0624_4671
123,125,"LA MISE AU TOMBEAU. Belle copie du X VIIIme siècle du tableau de Michel-Ange Amerighi, dit le Caravaggio, existant au Musée du Vatican. Sur cuivre. Cadre sculpté et doré.","125. LA MISE AU TOMBEAU. Belle copie du X VIIIme siècle du tableau de Michel-Ange Amerighi, dit le Caravaggio, existant au Musée du Vatican. Sur cuivre. Cadre sculpté et doré.

Haut. 0.28 X 0.22

## ÉCOLE VENITIENNE.",documents/BO0624_4671
124,126,LE REPOS PENDANTLA FUITE EN ÉGYPTE. La Vierge assise au pied d'un arbre tient le divin Enfant sur ses genoux. St. Joseph est en adoration. Des anges descendent du haut du ciel portant des gerbes. Toile. Haut. 0.86 X T.12.,"126. LE REPOS PENDANTLA FUITE EN ÉGYPTE. La Vierge assise au pied d'un arbre tient le divin Enfant sur ses genoux. St. Joseph est en adoration. Des anges descendent du haut du ciel portant des gerbes. Toile. Haut. 0.86 X T.12.

## VINCENZO CATENA (1530).",documents/BO0624_4671
125,127,ADORATION DES MAGES. La Vierge avec l'Enfant Jésus qui bénit le plus vieux des trois Mages qui vient de lui offrir une coupe remplie de monnaies d'or. Bois. Cadre sculpté et doré.,"127. ADORATION DES MAGES. La Vierge 2. avec l'Enfant Jésus qui bénit le plus vieux des trois Mages qui vient de lui offrir une coupe remplie de monnaies d'or. Bois. Cadre sculpté et doré.

Haut, 0.53 X 0.73

J. B. TÍEPOLO (1692-1769).",documents/BO0624_4671
126,128,REBECCA reconnue pour l'épouse desti- née à Isaac par le serviteur d'Abraham. Figures à mi-corps.,"128. REBECCA reconnue pour l'épouse desti- 2. née à Isaac par le serviteur d'Abraham. Figures à mi-corps.

## J. B. TIEPOLO.",documents/BO0624_4671
127,129,DALILA coupe les cheveux à Samson endormi et le livre aux Philistins qui s'avancent dans fond. Figures à mi-corps. Toile. Cadre sculpté et doré formant pendant avec le précedent.,"129. DALILA coupe les cheveux à Samson endormi et le livre aux Philistins qui s'avancent dans fond. Figures à mi-corps. Toile. Cadre sculpté et doré formant pendant avec le précedent.

Haut. 0.96 X o.80.

## A VAN DER NEER. (XVIIme siècle).",documents/BO0624_4671
128,130,"CANAL AU CLAIR DE LUNE. Peinture poétique, comme ce maître seul a su rendre les effets de la lumière tranquille et pai-","130. CANAL AU CLAIR DE LUNE. Peinture poétique, comme ce maître seul a su rendre les effets de la lumière tranquille et pai-
sible de la lune. Signé à gauche dumonogramme VD. Bois. Cadre sculpté et doré.

Haut. o.3T X 0.42.

Voir illustration, planche n. 11.

## JACQUES JORDAENS.

## (1593-1678).",documents/BO0624_4671
129,131,"DÉDALE ET ICARE. Le père aide le fils à se fixer les ailes, et il lui montre les hautes régions auxquelles ils doivent s'élever. Beau contraste entre le teint fleuri du jeune Icare, et la carnation foncée du vieux Dédale. Du reste, tout prouve dans ce tableau qu'il est incontestablement du maître, soit par l'énergie du dessin, soit par la puissance et l'éclat du coloris. Sur toile. Très riche cadre en bois sculpté et doré.","131. DÉDALE ET ICARE. Le père aide le fils à se fixer les ailes, et il lui montre les hautes régions auxquelles ils doivent s'élever. Beau contraste entre le teint fleuri du jeune Icare, et la carnation foncée du vieux Dédale. Du reste, tout prouve dans ce tableau qu'il est incontestablement du maître, soit par l'énergie du dessin, soit par la puissance et l'éclat du coloris. Sur toile. Très riche cadre en bois sculpté et doré.

Haut. 1.55 - Larg. 1.05. Voir illustration, planche n. 10.

## THIERRY BOUTS. (1400-1475).",documents/BO0624_4671
130,132,"DESCENTE DE LA CROIX. Joseph d'Arimathie descend le corps de Jésus et Marie Madeleine agenouillée baise les pieds du Sauveur mort. À gauche, la Divine Mère évanouie est secourue par les Saintes femmes. Bois. Cadre sculpté et doré.","132. DESCENTE DE LA CROIX. Joseph d'Arimathie descend le corps de Jésus et Marie Madeleine agenouillée baise les pieds du Sauveur mort. À gauche, la Divine Mère évanouie est secourue par les Saintes femmes. Bois. Cadre sculpté et doré.

Haut. 0.78 X 0.63.

Voir illustration, planche n. 9.

## PIERRE MIGNARD. (*)",documents/BO0624_4671
131,133,"JOLI PORTRAIT DE FEMME à mi-corps, représentant la Princesse des Pinoi revêtue d'une chemisette en mauve claire, retenue dans un corset jaune; fichu bleu. Sur toile, ovale. Cadre en bois doré.","133. JOLI PORTRAIT DE FEMME à mi-corps, représentant la Princesse des Pinoi revêtue d'une chemisette en mauve claire, retenue dans un corset jaune; fichu bleu. Sur toile, ovale. Cadre en bois doré.

M. 0.42 X 0.31.

Voir illustration, blanche n. 16.

(*) La famille du Prince Centurione possède un document attestant que ces tableaux ont été commandés à Pierre Mi gnard, dit · le Romanis », par le marquis Durazzo. Chaque tableau porte au revers une étiquette avec cette attestation et en plus le nom de la personne qu'il représente.

## PIERRE MIGNARD.",documents/BO0624_4671
132,I34,"JOLI PORTRAIT DE FEMME à mi-corps, représentant la Duchesse de Loraine revêtue d'un corsage bleu orné de dentelles, et d'un manteau bleu décoré de fleurs de lys. Sur toile, ovale. Cadre en bois doré.","- I34. JOLI PORTRAIT DE FEMME à mi-corps, représentant la Duchesse de Loraine revêtue d'un corsage bleu orné de dentelles, et d'un manteau bleu décoré de fleurs de lys. Sur toile, ovale. Cadre en bois doré.

M. 0.42 X 0.31.

Voir illustration, planche n. 16.

## PIERRE MIGNARD.",documents/BO0624_4671
133,135,"JOLI PORTRAIT DE FEMME à mi-corps, représentant la Princesse de Conti-Doria, revêtue d'une chemise blanche avec dentelles, et d'un manteau bleu et rouge. Sur toile ovale. Cadre en bois doré.","135. JOLI PORTRAIT DE FEMME à mi-corps, représentant la Princesse de Conti-Doria, revêtue d'une chemise blanche avec dentelles, et d'un manteau bleu et rouge. Sur toile ovale. Cadre en bois doré.

М. 0.42 Х 0.3г.

## PIERRE MIGNARD.",documents/BO0624_4671
134,136,"JOLI PORTRAIT DE FEMME à mi corps, représentant la Duchesse de Morlean en chemisette mauve retenue dans un corsage jaune; manteau bleu, doublé d'hermine; une manche retenue au dessous du coude par un bracelet. Sur toile ovale.","136. JOLI PORTRAIT DE FEMME à mi corps, représentant la Duchesse de Morlean en chemisette mauve retenue dans un corsage jaune; manteau bleu, doublé d'hermine; une manche retenue au dessous du coude par un bracelet. Sur toile ovale.

М. 0.42 Х 0.3г.

- Cadre en bois doré.

Voir illustration, planche n. 16.

## PIERRE MIGNARD.",documents/BO0624_4671
135,137,"JOLI PORTRAIT DE FEMME à mi-corps, représentant Madame de Charte revêtue d'une chemise jaune claire, avec fichu en voile jeté sur l'épaule gauche; manteau bleu. Sur toile ovale. Cadre en bois doré.","137. JOLI PORTRAIT DE FEMME à mi-corps, représentant Madame de Charte revêtue d'une chemise jaune claire, avec fichu en voile jeté sur l'épaule gauche; manteau bleu. Sur toile ovale. Cadre en bois doré.

М. 0.42 Х 0.31.

## PIERRE MIGNARD.",documents/BO0624_4671
136,138,"JOLI PORTRAIT DE FEMME à mi-corps, représentant Madame Darremaguie revêtue d'une chemisette mauve garnie de dentelle et renfermée dans un superbe corset vert à forme de cuirasse; une","138. JOLI PORTRAIT DE FEMME à mi-corps, représentant Madame Darremaguie revêtue d'une chemisette mauve garnie de dentelle et renfermée dans un superbe corset vert à forme de cuirasse; une
manche est retenue au dessus du coude par un bracelet, manteau jaune et bleu jeté sur l'épaule gauche. Sur toile ovale. Cadre en bois doré.

M. 0.42 X 0.31.

voir mustraron. Danche n. 10.

## PIERRE MIGNARD.",documents/BO0624_4671
137,139,"JOLI PORTRAIT DE FEMME à mi-corps, représentant Madame de Charelond revêtue d'un riche costume en brocart rouge et or, et d'un fichu bleu, retenu sur l'épaule gauche par une agrafe en pierres précieuses. Sur toile ovale. Cadre doré.","139. JOLI PORTRAIT DE FEMME à mi-corps, représentant Madame de Charelond revêtue d'un riche costume en brocart rouge et or, et d'un fichu bleu, retenu sur l'épaule gauche par une agrafe en pierres précieuses. Sur toile ovale. Cadre doré.

М. 0.42 Х о.3т.

Voir iltustration, planche n. 16.

## PIERRE MIGNARD.",documents/BO0624_4671
138,140,"JOLI PORTRAIT DE FEMME à mi-corps, représentant la Duchesse Lesdigaire, revêtue d'un corsage marron et d'un manteau bleu retenu sur la poitrine et l'épaule gauche par des agrafes. Sur toile ovale. Cadre en bois doré.","140. JOLI PORTRAIT DE FEMME à mi-corps, représentant la Duchesse Lesdigaire, revêtue d'un corsage marron et d'un manteau bleu retenu sur la poitrine et l'épaule gauche par des agrafes. Sur toile ovale. Cadre en bois doré.

M. 0.42 X 0.31.

Voir illustration, planche n. 16.

## BOSSE ABRAHAM.",documents/BO0624_4671
139,140,"bis. PAYSAGE, représentant la façade d'un château, devant lequel s'étend une grande plaine, animée de chariots, de voitures, de soldats et de paysans. Cadre doré, sur toile.","- 140bis. PAYSAGE, représentant la façade d'un château, devant lequel s'étend une grande plaine, animée de chariots, de voitures, de soldats et de paysans. Cadre doré, sur toile.

Haut. 0.55 X 0.80.

## BOSSE ABRAHAM.",documents/BO0624_4671
140,140,"ter. PAYSAGE, représentant la façade d'un château, devant lequels étend une grande plaine où chevauchent plusieurs cavaliers et s'entretiennent divers groupes de personnages, dans le fond un petit village. Cadre doré, sur toile.","- 140ter. PAYSAGE, représentant la façade d'un château, devant lequels étend une grande plaine où chevauchent plusieurs cavaliers et s'entretiennent divers groupes de personnages, dans le fond un petit village. Cadre doré, sur toile.

Haut. 0.56 X Sr.

## Porcelaines.",documents/BO0624_4671
141,I4,"I. TÊTE À TÊTE en porcelaine française composé de la cafetière, du sucrier, du coupes, décor feuilles vertes de laurier et pampres et autres ornements en or.","- I4I. TÊTE À TÊTE en porcelaine française composé de la cafetière, du sucrier, du coupes, décor feuilles vertes de laurier et pampres et autres ornements en or.
- pot au lait et de deux tasses avec souEmpire.",documents/BO0624_4671
142,142,"PANIER PORTE-CARAFES avec anses, à huit pans, et posant sur des griffes de lion, décoré au pourtour de reliefs représentant des cariatides. Faience blanche de Faenza. bis. QUATRE PETITS PLATS, ornements sur le marli, et armoiries du Prince Centu-","142. PANIER PORTE-CARAFES avec anses, à huit pans, et posant sur des griffes de lion, décoré au pourtour de reliefs représentant des cariatides. Faience blanche de Faenza.

Haut. 0.18 - Diam. 0.29. - 142 bis. QUATRE PETITS PLATS, ornements sur le marli, et armoiries du Prince Centu-
- rione au centre, peintes en bleu sur fond blanc-bleuatre. Ancienne faïence de Savona. Marque Boselli.

Diam. 0.25.",documents/BO0624_4671
143,143,LA BOULANGÈRE. Jolie statuette représentant une jeune femme portant sous le bras plusieurs miches de pain. Capo- dimonte.,"143. LA BOULANGÈRE. Jolie statuette représentant une jeune femme portant sous le bras plusieurs miches de pain. Capo- 2. dimonte.

Haut. 0.22.",documents/BO0624_4671
144,144,"DEUX FIGURES ALLÉGORIQUES sur base circulaire, ornée de guirlandes et mascarons à décor polychrome et rehauts d'or en mezza-maiolica Vieux Naples.","144. DEUX FIGURES ALLÉGORIQUES sur base circulaire, ornée de guirlandes et mascarons à décor polychrome et rehauts d'or en mezza-maiolica Vieux Naples.

Haut 0.30",documents/BO0624_4671
145,145,"PLAT à large bord, décor de feuillages en bleu sur fond blanc au centre et sur le bord. Ancienne porcelaine de Nan- king.","145. PLAT à large bord, décor de feuillages en bleu sur fond blanc au centre et sur le bord. Ancienne porcelaine de Nan- 2. king.

Diam. 0.35.",documents/BO0624_4671
146,146,"JOUEUR DE CORNEMUSE, représenté par un jeune musicien assis sur un trone d'arbre. Vieux Saxe.","146. JOUEUR DE CORNEMUSE, représenté par 2. un jeune musicien assis sur un trone d'arbre. Vieux Saxe.

Haut. o.14.",documents/BO0624_4671
147,147,"SIX PLATS octogonales, de différentes grandeurs, en vieille porcelaine de la Compagnie des Indes, décorés au centre de paysages et personnages; les bords ornés de fleurs de plusieurs couleurs.","147. SIX PLATS octogonales, de différentes grandeurs, en vieille porcelaine de la Compagnie des Indes, décorés au centre de paysages et personnages; les bords 2. ornés de fleurs de plusieurs couleurs.",documents/BO0624_4671
148,148,IDYLLE. Couple d'amoreux sous un arbre. Base circulaire ornée de guirlandes et mascarons à décor polychrome et rehauts d'or en mezza-maiolica. Vieux Naples.,"148. IDYLLE. Couple d'amoreux sous un arbre. Base circulaire ornée de guirlandes et mascarons à décor polychrome et rehauts d'or en mezza-maiolica. Vieux Naples.

Haut. 0.28.",documents/BO0624_4671
149,149,VASE à panse avec couvercle décoré de feuillages et fleurs de différentes couleurs. Réparé. Vieux Japon. bis. MOUSQUETAIRE. Statuette en porcelaine polychrome. Vieux Saxe.,"149. VASE à panse avec couvercle décoré de feuillages et fleurs de différentes couleurs. Réparé. Vieux Japon.

Haut. 0.55. - 149 bis. MOUSQUETAIRE. Statuette en porcelaine polychrome. Vieux Saxe.

Haut. 0.20.",documents/BO0624_4671
150,150,DEUX POTICHES à couvercle bombé en porcelaine décorée de branches feuillagées et chrysanthèmes en bleu sur fond blanc. Japon.,"150. DEUX POTICHES à couvercle bombé en porcelaine décorée de branches feuillagées et chrysanthèmes en bleu sur fond blanc. Japon.

Haut. 0.30.",documents/BO0624_4671
151,151,"PETITE POTICHE à panse avec couvercle surmonté d'un chien, décorée de fleurs et feuilles en rouge, bleu et or sur fond blanc. Porcelaine vieux Japon.","151. PETITE POTICHE à panse avec couvercle surmonté d'un chien, décorée de fleurs et feuilles en rouge, bleu et or sur fond blanc. Porcelaine vieux Japon.

Haut. 0.40",documents/BO0624_4671
152,152,"DEUX GRANDES POTICHES à huit pans, et couvercle bombé et ajouré ainsi que sur la panse. Décor bleu, rouge et or, représentant des vases de fleurs et personnages sur fond blanc. Ancienne porcelaine du Japon. Socle en bois sculpté et doré.","152. DEUX GRANDES POTICHES à huit pans, et couvercle bombé et ajouré ainsi que sur la panse. Décor bleu, rouge et or, représentant des vases de fleurs et personnages sur fond blanc. Ancienne porcelaine du Japon. Socle en bois sculpté et doré.

raut. 0.02 vour wustration, planche n. 19.",documents/BO0624_4671
153,153,"SERVICE DE TABLE en porcelaine, décorée de fleurs polychromes sur fond d'émail blanc bleuâtre. Vieux Japon. Il se compose de: 46 assiettes; 40 assiettes creuses; 26 assiettes à soupe différentes grandeurs; 1 salière; 24 plats ronds différentes grandeurs: 4 soupières; 10 tasses à café, etc; 9 soucoupes. Total 174 pièces.","153. SERVICE DE TABLE en porcelaine, décorée de fleurs polychromes sur fond d'émail blanc bleuâtre. Vieux Japon. Il se compose de: 46 assiettes; 40 assiettes creuses; 26 assiettes à soupe différentes grandeurs; 1 salière; 24 plats ronds différentes grandeurs: 4 soupières; 10 tasses à café, etc; 9 soucoupes. Total 174 pièces.

Voir illustration, planche n. 18.",documents/BO0624_4671
154,154,TRÈS BEAU SERVICE DE TABLE en porcelaine décorée d'une bordure rouge à,"154. TRÈS BEAU SERVICE DE TABLE en porcelaine décorée d'une bordure rouge à

rehauts d'or et de figurines polychromes. Vieux Chine. Il se compose de: 214 plats, 100 assiettes creuses, 6 chandeliers, 2 sucriers, 6o corbeilles, 8 saucières, 4 salières, 2 rafraîchissoirs, 34 assiettes a soupe différent grandeur. Total 374 pièces.

Voir illustration, planche n. 18.

## Meubles.",documents/BO0624_4671
155,155,"PETIT CABINET en ébène décoré de plaquettes en ivoire grave, représentant différents sujets de chasse. Serrures en bronze doré. XVIIme siècle.","155. PETIT CABINET en ébène décoré de plaquettes en ivoire grave, représentant différents sujets de chasse. Serrures en bronze doré. XVIIme siècle.

Haut. 0.32 - Larg. 0 40.",documents/BO0624_4671
156,156,"TABLE DE NUIT, en placage de bois, garnie de bronzes. Dessus, en gris de Carrara. Époque Louis XV.","156. TABLE DE NUIT, en placage de bois, garnie de bronzes. Dessus, en gris de Carrara. Époque Louis XV.

Haut. 0.96 - Larg. 0.50 - Prof. 0.35.",documents/BO0624_4671
157,157,"COMMODE BUREAU à abattant et à quatre tiroirs accouplés, décoré de figures et paysages chinois vernis en couleurs sur fond blanc. Travail vénitien. XVIIIme siècle.","157. COMMODE BUREAU à abattant et à quatre tiroirs accouplés, décoré de figures et paysages chinois vernis en couleurs sur fond blanc. Travail vénitien. XVIIIme siècle.

Haut. 1.00 - Long. 0.95 - Prof, o.60.",documents/BO0624_4671
158,158,"MEUBLE DE SALON composé d'une borne de milieu à quatre places, au centre une jardinière en bois sculpté et doré, et de dix fauteuils en bois sculpté et rehaussé d'or. La borne et les fauteuils sont couverts de velours cramoisi avec ornements brodés en or Louis XV.","158. MEUBLE DE SALON composé d'une borne de milieu à quatre places, au centre une jardinière en bois sculpté et doré, et de dix fauteuils en bois sculpté et rehaussé d'or. La borne et les fauteuils sont couverts de velours cramoisi avec ornements brodés en or Louis XV.

Haut. 1.20 - Larg. 1.60. Voir illustration, planche n. 20.",documents/BO0624_4671
159,159,"SPLENDIDE CONSOLE en bois doré. Frise à ornements ajourés avec médaillon, tête au centre, coquille et mascaron au milieu de l'entre-jambes, pieds décorés de volutes et de tritons dans la partie supérieure. Dessus en marbre vert antique. Époque Louis XIV.","159. SPLENDIDE CONSOLE en bois doré. Frise à ornements ajourés avec médaillon, tête au centre, coquille et mascaron au milieu de l'entre-jambes, pieds décorés de volutes et de tritons dans la partie supérieure. Dessus en marbre vert antique. Époque Louis XIV.

Haut. 0.90 - Long. I.45 - Prot. 0.76.",documents/BO0624_4671
160,I60,"CONSOLE en bois sculpté et doré, frise richement décorée de volutes feuillagées, d'oiseaux et de papillons entremêlés et au milieu un cartouche à figure mythologique. Dessus en marbre vert antique garni en bronze ciselé. Époque XVIIIm siècle.","- I60. CONSOLE en bois sculpté et doré, frise richement décorée de volutes feuillagées, d'oiseaux et de papillons entremêlés et au milieu un cartouche à figure mythologique. Dessus en marbre vert antique garni en bronze ciselé. Époque XVIIIm siècle.

Haut. 1,05 - Long. 1.75. - Prot, o.87 vour iusmanon Dianche n. 21.",documents/BO0624_4671
161,161,CONSOLE pareille à la précédente.,161. CONSOLE pareille à la précédente.,documents/BO0624_4671
162,162,"TABLE DE MILIEU en bois doré et sculpté; les pieds formés chacun par deux cariatides représentant des anges reposant sur des griffes de lions, et séparées par une arcade redorée. Dessus en marbre rouge de France, Louis XIII.","162. TABLE DE MILIEU en bois doré et sculpté; les pieds formés chacun par deux cariatides représentant des anges reposant sur des griffes de lions, et séparées par une arcade redorée. Dessus en marbre rouge de France, Louis XIII.

Haut. 0.90 - Long: 1.70 - Larg. 0.95.",documents/BO0624_4671
163,163,", BUREAU en palissandre s'ouvrant à abattant et à trois tiroirs; petits compartiments à l'intérieur. Décoré de marqueterie représentant des panneaux avec vues de villes et paysages. XVIIIme siècle.","- 163, BUREAU en palissandre s'ouvrant à abattant et à trois tiroirs; petits compartiments à l'intérieur. Décoré de marqueterie représentant des panneaux avec vues de villes et paysages. XVIIIme siècle.

Haut. 0.90 - Larg. I.20.",documents/BO0624_4671
164,164,"CoNSOLE en bois sculpté et doré, ornée d'une frise à mascarons et rosaces; les pieds décorés de feuilles et à cannelures. Dessus plaqué en albâtre antique. Empire.","164. CoNSOLE en bois sculpté et doré, ornée d'une frise à mascarons et rosaces; les pieds décorés de feuilles et à cannelures. Dessus plaqué en albâtre antique. Empire.

Haut. 1.00 - Larg. 1.75.",documents/BO0624_4671
165,165,"BELLE TABLE DE MILIEU en bois sculpté et doré, ornée tout au tour de feuilles d'acanthe, les quatre pieds reliés par un croisillon à volutes. Dessus en corallina. M. 1.65 X 0.85.","165. BELLE TABLE DE MILIEU en bois sculpté et doré, ornée tout au tour de feuilles d'acanthe, les quatre pieds reliés par un croisillon à volutes. Dessus en corallina. M. 1.65 X 0.85.",documents/BO0624_4671
166,166,"QUATRE-VINGT-CINO MORCEAUX de tenture de cuir décoré de vases, oiseaux et fleurs dorés et en relief sur fond brun. Haut. 0.75 X o.50.","166. QUATRE-VINGT-CINO MORCEAUX de tenture de cuir décoré de vases, oiseaux et fleurs dorés et en relief sur fond brun. Haut. 0.75 X o.50.",documents/BO0624_4671
167,167,"DEUX GRANDS FAUTEVILS Louis XV, en bois doré et richement sculpté à","167. DEUX GRANDS FAUTEVILS Louis XV, en bois doré et richement sculpté à

feuilles, coquilles et fleurs, recouverts de velours en soie rouge.

Haut. 1.18 - Larg. 0.70. Voir illustration, planche n. 20.",documents/BO0624_4671
168,168,"DEUX GRANDS FAUTEUILS Louis XV, pareils aux précédents.","168. DEUX GRANDS FAUTEUILS Louis XV, pareils aux précédents.",documents/BO0624_4671
169,169,"CINQ GRANDS FAUTEUILS Louis XV, en bois sculpté et doré, décorés de rosaces et méandres, recouverts de velours en soie rouge.","169. CINQ GRANDS FAUTEUILS Louis XV, en bois sculpté et doré, décorés de rosaces et méandres, recouverts de velours en soie rouge.

Haut, 1.17 - Larg. 0.68. Voir illustration, planche n. 21.",documents/BO0624_4671
170,170,"CINQ GRANDS FAUTEUILS Louis XV, pareils aux précédents.","170. CINQ GRANDS FAUTEUILS Louis XV, pareils aux précédents.",documents/BO0624_4671
171,171,"DEUX COLONNES tronquées, à cannelure, en bois peint imitation du porphyre. tbis, DEUX PETITES CONSOLES en bois sculpté et doré, frise, pieds et entrejambes décorés de feuillages et ornements ajourés. Dessus en marbre fior di pesco.","171. DEUX COLONNES tronquées, à cannelure, en bois peint imitation du porphyre.

Haut. 1.00 - Diam. 0.50. - 17tbis, DEUX PETITES CONSOLES en bois sculpté et doré, frise, pieds et entrejambes décorés de feuillages et ornements ajourés. Dessus en marbre fior di pesco.

Haut. 0.88 X 1.05 X 0.59",documents/BO0624_4671
172,172,"SIx FAUTEUILS en bois sculpté, verni blanc rehaussé de dorures; les coussins sont couverts en damas rouge. Epoque Louis XVI.","172. SIx FAUTEUILS en bois sculpté, verni blanc rehaussé de dorures; les coussins sont couverts en damas rouge. Epoque Louis XVI.

Haut. 1.10 - Larg. 0.70

Voir illustration, planche n. 20.",documents/BO0624_4671
173,173,"SIX FAUTEUILS en bois sculpté, verni blanc rehaussé de dorures, avec coussins couverts en damas rouge. Époque Louis XVI, pareils aux précédents","173. SIX FAUTEUILS en bois sculpté, verni blanc rehaussé de dorures, avec coussins couverts en damas rouge. Époque Louis XVI, pareils aux précédents

Haut. 1.10 - Lare. 0.70",documents/BO0624_4671
174,174,"QUATRE FAUTEUILS en noyer sculpté accotoirs repliés, siège et dossier couverts en damas rouge. Epoque Louis XVI.","174. QUATRE FAUTEUILS en noyer sculpté 2. accotoirs repliés, siège et dossier couverts en damas rouge. Epoque Louis XVI.

Haut. 1.20 - Larg. 0.65

Voir illustration, planche n. 22.",documents/BO0624_4671
175,175,"QUATRE FAUTEUILS en noyer sculpte, accotoirs replies, siège et dossier couverts en damas rouge. Epoque Louis XVI, pareils aux précédents. 6. SIX FAUTEUILS en noyer, accotoirs a volutes, siège et dossier couverts en damas rouge. XVIIme siècle.","175. QUATRE FAUTEUILS en noyer sculpte, accotoirs replies, siège et dossier couverts en damas rouge. Epoque Louis XVI, pareils aux précédents.

Haut. 1.20 - Larg. 0.65. - 1-6. SIX FAUTEUILS en noyer, accotoirs a volutes, siège et dossier couverts en damas rouge. XVIIme siècle.

Larg. 0.60 - Haut. 1.15.",documents/BO0624_4671
176,176,bis. GLACE rectangulaire en hauteur. Cadre en bois sculpté et doré surmonté d'un wase de fleurs.,"- 176bis. GLACE rectangulaire en hauteur. Cadre en bois sculpté et doré surmonté d'un wase de fleurs.

Haut. 1.22 0.05•",documents/BO0624_4671
177,177,"SIX FAUTEUILS en noyer, accotoirs a volutes. siège et dossier couverts en","177. SIX FAUTEUILS en noyer, accotoirs a volutes. siège et dossier couverts en

damas rouge. A VIlme siecle, pareils aux précédents.

Larg. 0.60 - Haut. 1.15.",documents/BO0624_4671
178,178,"SIX CHAISES en bois doré et sculpte, cannelées. avec pieds à croisillon. Louis X V Haut. 0.95 - Larg. 0.50 Voir illustration, blanche n. 22","178. SIX CHAISES en bois doré et sculpte, cannelées. avec pieds à croisillon. Louis X V Haut. 0.95 - Larg. 0.50 Voir illustration, blanche n. 22",documents/BO0624_4671
179,179,"SIX CHAISES en bois doré et sculpté. cannelées. Louis X., pareilles aux precedentes","179. SIX CHAISES en bois doré et sculpté. cannelées. Louis X., pareilles aux precedentes

Haut, 0.95 - Larg. 0.50.",documents/BO0624_4671
180,180,"SIX CHAISES en bois dore et sculpte, cannelées, pareilles aux précédentes. Louis XV.","180. SIX CHAISES en bois dore et sculpte, cannelées, pareilles aux précédentes. Louis XV.
## TROISIEME VENTE

## Mercredi 29 Avril à 3 heures précises de l'après-midi

## Porcelaines.",documents/BO0624_4671
181,181,PLAT rond décoré de branches et de fleurs rouges et bleues sur tona blanc. Vieux Chine.,"181. PLAT rond décoré de branches et de fleurs rouges et bleues sur tona blanc. Vieux Chine.

Diam. 0.20",documents/BO0624_4671
182,182,"TROIS VASEs en faïence blanche, avec anses. Deux semblables, un différent. Herculaneum (Liverpool, 1756).","182. TROIS VASEs en faïence blanche, avec anses. Deux semblables, un différent. Herculaneum (Liverpool, 1756).

Haut. 0.30.",documents/BO0624_4671
183,183,"QUATRE FRUITIÈREs avec leurs plateaux, en faience blanche; forme de corbeille avec anses; bords ajourés. Herculaneum (Liverpool, 1756).","183. QUATRE FRUITIÈREs avec leurs plateaux, en faience blanche; forme de corbeille avec anses; bords ajourés. Herculaneum (Liverpool, 1756).

Haut. 0.23.",documents/BO0624_4671
184,184,"QUATRE FRUITIÈRES avec leurs plateaux, en faïence blanche, à bords ajourés. Marque: Herculaneum (Liverpool, 1756).","184. QUATRE FRUITIÈRES avec leurs plateaux, en faïence blanche, à bords ajourés. Marque: Herculaneum (Liverpool, 1756).",documents/BO0624_4671
185,185,"SERVICE dépareillé, en porcelaine de la Compagnie des Indes, décorée à ramages et fleurs de plusieurs couleurs, composé de deux soupières de différentes formes, d'un plat moyen octogonale, de deux plats moyens ronds, de deux plus petits et neuf assiettes.","185. SERVICE dépareillé, en porcelaine de la Compagnie des Indes, décorée à ramages et fleurs de plusieurs couleurs, composé de deux soupières de différentes formes, d'un plat moyen octogonale, de deux plats moyens ronds, de deux plus petits et neuf assiettes.",documents/BO0624_4671
186,186,"PLAT CREUx orné de fleurs et de feuilles en couleur bleue, rouge et or sur fond blanc. Le marli décoré d'ornements bleus. Vieux Japon.","186. PLAT CREUx orné de fleurs et de feuilles en couleur bleue, rouge et or sur fond blanc. Le marli décoré d'ornements bleus. Vieux Japon.

Diam. 0.40.",documents/BO0624_4671
187,187,"DEUX VASES porte-bouquets ovales, dé. corés de feuillages et rinceaux dorés, et de bouquets de fleurs. Les quatre pieds à volutes reposent sur des bases en porcelaine. Signés: Jean Petit.","187. DEUX VASES porte-bouquets ovales, dé. corés de feuillages et rinceaux dorés, et de bouquets de fleurs. Les quatre pieds à volutes reposent sur des bases en porcelaine. Signés: Jean Petit.

Haut. 0.24.",documents/BO0624_4671
188,188,"DEUX POTICHES à couvercle, en porcelaine décorée de ramages fleuris en couleur bleue sur fond blanc. Socles en bois sculpté et doré. Vieux Japon.","188. DEUX POTICHES à couvercle, en porcelaine décorée de ramages fleuris en couleur bleue sur fond blanc. Socles en bois sculpté et doré. Vieux Japon.

Haut. 0.53. owr lustranon. Dianche n. 10.",documents/BO0624_4671
189,189,DEUX POTICHEs pareilles aux précédentes.,189. DEUX POTICHEs pareilles aux précédentes.,documents/BO0624_4671
190,190,"SERVICE DE TABLE en vieux Ginori, décoré de fleurs en couleurs et or, composé de: 2 soupières avec leurs plateaux, 6 grands plats ovales, 4 idem plus petits, 4 grands ronds, 24 assiettes creuses, 41 assiettes plates, 6 à dessert, 3 saucières avec leurs plateaux, 2 grands sucriers, i moutardier. Total 93 pièces.","190. SERVICE DE TABLE en vieux Ginori, décoré de fleurs en couleurs et or, composé de: 2 soupières avec leurs plateaux, 6 grands plats ovales, 4 idem plus petits, 4 grands ronds, 24 assiettes creuses, 41 assiettes plates, 6 à dessert, 3 saucières avec leurs plateaux, 2 grands sucriers, i moutardier. Total 93 pièces.

## Objets divers.",documents/BO0624_4671
191,191,"DEUX GRANDS PLATS, peinture bleue sur couverte blanc-bleuâtre représentant des sujets mythologiques. Ancienne faience de Savone. Marque Boselli.","191. DEUX GRANDS PLATS, peinture bleue sur couverte blanc-bleuâtre représentant des sujets mythologiques. Ancienne faience de Savone. Marque Boselli.

Diam. 0.44.",documents/BO0624_4671
192,192,DEUX PLATS. Même décoration que les précédents. Savone. Marque Boselli.,"192. DEUX PLATS. Même décoration que les précédents. Savone. Marque Boselli.

Diam. 0.26.",documents/BO0624_4671
193,193,"GRAND MORTIER en bronze à deux anses, décoré sur le bord à oves et tout au tour à flammes. XVIme siècle.","193. GRAND MORTIER en bronze à deux anses, décoré sur le bord à oves et tout au tour à flammes. XVIme siècle.

Haut. 0.46 - Diam. 0.37.",documents/BO0624_4671
194,194,"TROIS GRAVURES, une représentant la bataille de Constantin, les deux autres le triomphe d'Alexandre, et Alexandre en présence de la famille de Darius, roi des Perses. Cadres en placage de noyer. Signées: C. Le Brun.","194. TROIS GRAVURES, une représentant la bataille de Constantin, les deux autres le triomphe d'Alexandre, et Alexandre en présence de la famille de Darius, roi des Perses. Cadres en placage de noyer. Signées: C. Le Brun.",documents/BO0624_4671
195,195,QUATRE GRAVURES représentant 4 différentes batailles d'Alexandre contre les Perses. Cadres plaqués en noyer. Signées: C. Le Brun.,"195. QUATRE GRAVURES représentant 4 différentes batailles d'Alexandre contre les Perses. Cadres plaqués en noyer. Signées: C. Le Brun.

Un: M. 0.90 X I.80.

Deux: M. 0.05 X 1.15

M. 0.95 X 1.8o.",documents/BO0624_4671
196,196,"CRUCIFIx. Croix en ébène, Christ en ivoire. Remarquable sculpture par Lacroix.","196. CRUCIFIx. Croix en ébène, Christ en ivoire. Remarquable sculpture par Lacroix.

Haut. 0.90.",documents/BO0624_4671
197,197,MoRTIER en bronze à deux anses; décor à feuillages et médaillons; sur le bord: 1595 HORACIO ET CESARE PINII.,"197. MoRTIER en bronze à deux anses; décor à feuillages et médaillons; sur le bord: 1595 HORACIO ET CESARE PINII.

Haut. 0.21 - Diam. 0.26.",documents/BO0624_4671
198,198,"DEUX CANDELABRES à girandole à quatre branches, dont trois formées par des dragons ailés; la tige ornée de cariatides reposant sur un socle à trois pans décorés d'amours, soutenu par trois chimères. La tige et le socle en bronze vert tous les ornements en bronze ciselé et doré. Montés pour l'électricité, Empire. Haut, 0.62.","198. DEUX CANDELABRES à girandole à quatre branches, dont trois formées par des dragons ailés; la tige ornée de cariatides reposant sur un socle à trois pans décorés d'amours, soutenu par trois chimères. La tige et le socle en bronze vert tous les ornements en bronze ciselé et doré. Montés pour l'électricité, Empire. Haut, 0.62.

Voir illustration, planche n. 19.",documents/BO0624_4671
199,199,QUATRE-VINGT-SEIZE ASSIETTES en argent à bords ciselés à rocaille en relief. Le lot pourra être divisé.,"199. QUATRE-VINGT-SEIZE ASSIETTES en argent à bords ciselés à rocaille en relief. Le lot pourra être divisé.

Poids kg. 69 environ.",documents/BO0624_4671
200,200,"SCIPION L'AFRICAIN. Buste drapé, en albâtre oriental, tête en basalte vert Sur piédouche en marbre africain anti que. Belle sculpture du XVIme siècle provenant de la collection du Prince Sciarra.","200. SCIPION L'AFRICAIN. Buste drapé, en albâtre oriental, tête en basalte vert Sur piédouche en marbre africain anti que. Belle sculpture du XVIme siècle provenant de la collection du Prince Sciarra.

faut. o.7s",documents/BO0624_4671
201,201,JULIE DOMNE. Beau buste en marbre blanc sur piédouche. Époque romaine Haut. 0.03,201. JULIE DOMNE. Beau buste en marbre blanc sur piédouche. Époque romaine Haut. 0.03,documents/BO0624_4671
202,202,"BOMBONNIÈRE sémisférique à godrons en cuivre émaillé bleu, translucide, ornée de fleurs dorées, offrant sur le couvercle et au pourtour des médaillons à petites figures chinoises polycromes.","202. BOMBONNIÈRE sémisférique à godrons en cuivre émaillé bleu, translucide, ornée de fleurs dorées, offrant sur le couvercle et au pourtour des médaillons à petites figures chinoises polycromes.",documents/BO0624_4671
203,203,"ÉTut avec nécessaire en émail blanc et rose, décoré de médaillons à plusieurs sujets. Parfaite conservation. Louis XV.","203. ÉTut avec nécessaire en émail blanc et rose, décoré de médaillons à plusieurs sujets. Parfaite conservation. Louis XV.

## Tapisseries - Etoffes.",documents/BO0624_4671
204,204,SEPT COUVERTURES de coussin de chaise en lampas bleu-ciel. Louis XVI.,"204. SEPT COUVERTURES de coussin de chaise en lampas bleu-ciel. Louis XVI.

Haut. 0.50 -- Larg. o.50 chaque",documents/BO0624_4671
205,205,SIX COUVERTURES de coussin de chaise en lampas vert tendre. Louis XVI.,"205. SIX COUVERTURES de coussin de chaise en lampas vert tendre. Louis XVI.

Haut. 0.50 -- Larg. 0.59",documents/BO0624_4671
206,206,QUATRE RIDEAUX de portière en damas rouse,"206. QUATRE RIDEAUX de portière en damas rouse

Haut. 4.00 X 2.00.",documents/BO0624_4671
207,207,"UNE PAIRE DE PORTIÈRES avec draperie en damas rouge ancien, dessin à palme; le fronton en bois doré et sculpté à oves. (Le damas large m. 0.65 mésure m. 26.50).","207. UNE PAIRE DE PORTIÈRES avec draperie en damas rouge ancien, dessin à palme; le fronton en bois doré et sculpté à oves. (Le damas large m. 0.65 mésure m. 26.50).

Haut. 3-50 - Larg. 2•75-",documents/BO0624_4671
208,208,"DEVANT D'AUTEL en soie brodée, décoré de rinceaux et volutes en argent et or, et de ramages de fleurs et feuilles couleur saumon, bleue, mauve et verte sur tond ane: au milieu l'Agneau Pascal. Louis XV.","208. DEVANT D'AUTEL en soie brodée, décoré de rinceaux et volutes en argent et or, et de ramages de fleurs et feuilles couleur saumon, bleue, mauve et verte sur tond ane: au milieu l'Agneau Pascal. Louis XV.

M. 2.15 X 0.90.",documents/BO0624_4671
209,209,DEVANT D'AUTEL richement brodé à rinceaux feuillagés et fleurs en soie de couleurs et ornements en or à relief sur fond de soie blanche. Au centre un cartouche brodé or soutenu par des génies ailés.,"209. DEVANT D'AUTEL richement brodé à rinceaux feuillagés et fleurs en soie de couleurs et ornements en or à relief sur fond de soie blanche. Au centre un cartouche brodé or soutenu par des génies ailés.

Long. 2.05 - Faut. 1.00

Voir illustration, planche n. 19.",documents/BO0624_4671
210,210,"BROCATELLE ancienne, rouge, dessin à","210. BROCATELLE ancienne, rouge, dessin à

- palme. XVIIme siècle. Mètres 80.50.

Les de différentes grandeurs - Larg. 0.75",documents/BO0624_4671
211,211,"TENTURE en velours de Gênes contretaillé, à fond jaune et décor vert représentant une composition symétrique de vases de fleurs et ramages.","211. TENTURE en velours de Gênes contretaillé, à fond jaune et décor vert représentant une composition symétrique de vases de fleurs et ramages.

M. 163.60 en lès de M. 3-30 chaque.",documents/BO0624_4671
212,212,"SPLENDIDE TAPISSERIE brodée en soie de couleur et or au point de Marseille, représentant « Le jugement de Roi Salomon ». Travail espagnol du X VIme siècle.","212. SPLENDIDE TAPISSERIE brodée en soie de couleur et or au point de Marseille, représentant « Le jugement de Roi Salomon ». Travail espagnol du X VIme siècle.

Haut. 3.50 X 5.20.

Voir illustration, planche n. 3.",documents/BO0624_4671
213,213,"TAPISSERIE brodée en soie de couleur au point de Marseille, représentant: « Diane, nymphes et centaures ». Travail espagnol du XVIIme siècle.","213. TAPISSERIE brodée en soie de couleur au point de Marseille, représentant: « Diane, nymphes et centaures ». Travail 2. espagnol du XVIIme siècle.

Haut. 4.20 X 4.00.

Voir illustration, planche n, 5.",documents/BO0624_4671
214,214,"TAPISSERIE brodée en soie de couleur et or, au point de Marseille, représentant: « Neptune et Amphitrite ». Travail espagnol du XVIme siècle.","214. TAPISSERIE brodée en soie de couleur et or, au point de Marseille, représentant: « Neptune et Amphitrite ». Travail 2. espagnol du XVIme siècle.

Haut. 3•70 - Lars: 3•05-

Vour illustration, planche n. 4.",documents/BO0624_4671
215,215,FRAGMENT DE TAPISSERIE représentant l'intérieur d'une caverne à sujet fantastique. Broderie en point de Marseille. X VIme siècle.,"215. FRAGMENT DE TAPISSERIE représentant l'intérieur d'une caverne à sujet fantastique. Broderie en point de Marseille. X VIme siècle.

Haut. 4.10 - Larg. 1.60.

## Tableaux.

ÉCOLE DE F. GUARDI. (XVIIIme siècle).",documents/BO0624_4671
216,216,"VUE DE VENISE. Palais des Doges et la « Piazzetta ». Cadre doré. Toile. bis. NATURE MORTE. Grives, cailles et autre menu gibier dans un panier. Toile.","216. VUE DE VENISE. Palais des Doges et la « Piazzetta ». Cadre doré. Toile.

Haut. 0.43 X 0.58.

## MANIÈRE DE I. FYT. - 216 bis. NATURE MORTE. Grives, cailles et autre menu gibier dans un panier. Toile.
- Cadre doré.

Haut. 0.60 X 0.76.

## ÉCOLE LOMBARDE.",documents/BO0624_4671
217,217,"PORTRAIT à demi-figure, représentant Charles Emmanuel III, revêtu d'une armure, la tête presque de face, la main droite appuyée sur le sceptre. olle ovale. Cadre en bois doré. bis. SCÈNE TANTASTIQUE représentant St. Jerôme et une sorcière au milieu des ruines d'un bâtiment. Toile. Cadre doré.","217. PORTRAIT à demi-figure, représentant Charles Emmanuel III, revêtu d'une armure, la tête presque de face, la main droite appuyée sur le sceptre. olle ovale. Cadre en bois doré.

Haut. 0.88 - Larg. 0.65.

## ÉCOLE FLAMANDE. - 21- bis. SCÈNE TANTASTIQUE représentant St. Jerôme et une sorcière au milieu des ruines d'un bâtiment. Toile. Cadre doré.

Haut. 0.78 X 1.15.

## ÉCOLE LOMBARDE.",documents/BO0624_4671
218,218,"PORTRAIT a demi-figure, représentant Charles Emmanuel IV en riche costume de Cour, la tête tournée presque de face. Toile ovale. Cadre en bois dore et sculpté. bis. LE GUÉ. Des paysans avec bœufs passent à gué une rivière. Bois. Cadre doré.","218. PORTRAIT a demi-figure, représentant Charles Emmanuel IV en riche costume de Cour, la tête tournée presque de face. Toile ovale. Cadre en bois dore et sculpté.

Haut. 0.82 - Larg. 0.64.

## ÉCOLE FLAMANDE. 218 bis. LE GUÉ. Des paysans avec bœufs passent à gué une rivière. Bois. Cadre doré.

Haut. 0.34 X. 0.53-
## ÉCOLE FLAMANDE.",documents/BO0624_4671
219,219,"PAYSAGE boisé avec maisonnettes Chariots et villageois en route. Dessus de porte en toile, forme cintrée. bis. PATINAGE dans un village d'Hollande. Toile. Cadré doré.","219. PAYSAGE boisé avec maisonnettes Chariots et villageois en route. Dessus de porte en toile, forme cintrée.

Haut. 0.70 X 0.56

## ÉCOLE HOLLANDAISE. 210 bis. PATINAGE dans un village d'Hollande. Toile. Cadré doré.

Haut. 0.26 X 0.32.

## J. TRINQUESSE.

(XVIIIme siècle).",documents/BO0624_4671
220,220,"PORTRAIT de la Marquise Jiulie Centurione. Assise, à trois quarts de figure, la tête tournée vers la gauche regardant de face, en costume de brocart blanc à fleurs en or, décolletée, à demi-drapée dans un manteau de velours bleu, la chevelure poudrée, relevée, à frisures, tenant de la main gauche une coupe d'argent et de la droite une perle dans l'attitude de Cléopâtre. Cadre sculpté et doré. Toile.","220. PORTRAIT de la Marquise Jiulie Centurione. Assise, à trois quarts de figure, la tête tournée vers la gauche regardant de face, en costume de brocart blanc à fleurs en or, décolletée, à demi-drapée dans un manteau de velours bleu, la chevelure poudrée, relevée, à frisures, tenant de la main gauche une coupe d'argent et de la droite une perle dans l'attitude de Cléopâtre. Cadre sculpté et doré. Toile.

Haut. 1.47 X 1.27.

Voir illustration, planche n. 15.

## J. TRINQUESSE",documents/BO0624_4671
221,221,"PORTRAIT du Marquis François Marie Centurione. Représenté à mi-corps, la tête tournée de trois quarts à gauche, la chevelure bouclée tombant le long des joues, en riche robe de brocart à ramages et fleurs ouverte sur le devant garni de dentelle. Cadre sculpté et doré. Toile.","221. PORTRAIT du Marquis François Marie Centurione. Représenté à mi-corps, la tête tournée de trois quarts à gauche, la chevelure bouclée tombant le long des joues, en riche robe de brocart à ramages et fleurs ouverte sur le devant garni de dentelle. Cadre sculpté et doré. Toile.

Haut. 1.47 X 1.27.

Vour illustration, planche n. 15

## RANC.",documents/BO0624_4671
222,222,"PORTRAIT du IVme Prince Centurione Jean Baptiste II. Debout, de profil à droite, la tête tournée regardant le spectateur, les cheveux bouclés, tombant sur les épaules, à demi-drapé dans un man-","222. PORTRAIT du IVme Prince Centurione Jean Baptiste II. Debout, de profil à droite, la tête tournée regardant le spectateur, les cheveux bouclés, tombant sur les épaules, à demi-drapé dans un man-

teau de velours cramoisé. Cadre sculpté et doré. Toile.

Haut. 1.90 X T.40.

Voir illustration, planche n. 14.

## CARRUCCI JACQUES

(dit PONTORNO).

(1493-1558).",documents/BO0624_4671
223,223,SAINTE FAMILLE. La Vierge assise soulève de la main droite le voile qui couvre le Divin Enfant endormi sur ses genoux et le regarde avec tendresse. Le petit St. Jean et Ste Élisabeth debout en adoration. Cadre sculpté et doré. Bois.,"223. SAINTE FAMILLE. La Vierge assise soulève de la main droite le voile qui couvre le Divin Enfant endormi sur ses genoux et le regarde avec tendresse. Le petit St. Jean et Ste Élisabeth debout en adoration. Cadre sculpté et doré. Bois.

Haut. I.10 X 0.88

Voir illustration, planche n. 10.

JEAN FRANÇOIS BARBIERI (dit il GUERCINO).

(1591-I666).",documents/BO0624_4671
224,224,ABRAHAM renvoyant Agar et son fils Ismael. Figures à mi-corps. Cadre sculpté et doré. Toile.,"224. ABRAHAM renvoyant Agar et son fils Ismael. Figures à mi-corps. Cadre sculpté et doré. Toile.

Haut. 1.22 X 1.72.

## POURBUS.

(1510-1583).",documents/BO0624_4671
225,225,PORTRAIT de personnage. Buste regardant presque de face vêtue d'une robe noire une fraise autour du col. Cadre sculpté et doré. Bois,"225. PORTRAIT de personnage. Buste regardant presque de face vêtue d'une robe noire une fraise autour du col. Cadre sculpté et doré. Bois

Haut. 0.74 X 0.59

Voir illustration, planche n. 8.

JACQUES ROBUSTI (dit le TINTORETTO). (1512-1594).",documents/BO0624_4671
226,226,"PORTRAIT de personnage vêtu d'une simarre noire à revers de fourrure, regardant de trois quarts à gauche, représenté assis dans un fauteuil près d'une fenêtre ouverte et à l'horizon on voit château de St.-Ange de Rome. Cadre sculpté et doré. Toile.","226. PORTRAIT de personnage vêtu d'une simarre noire à revers de fourrure, regardant de trois quarts à gauche, représenté assis dans un fauteuil près d'une fenêtre ouverte et à l'horizon on voit château de St.-Ange de Rome. Cadre sculpté et doré. Toile.

Haut. r.12 X 0.89.

Voir illustration, planche n. 8.
## J. B. TIEPOLO.",documents/BO0624_4671
227,227,ALLÉGORIE représentant « la Richesse de Venise». Cadre sculpté et doré. Toile. Haut. 0.90 X 2.10. bis. UNE PERDRIX et un lézard menacés,"227. ALLÉGORIE représentant « la Richesse de Venise». Cadre sculpté et doré. Toile. Haut. 0.90 X 2.10.

## ÉCOLE NAPOLITAINE. - 227bis. UNE PERDRIX et un lézard menacés
- par un oiseau de proie. Toile. Cadre doré. Haut. 0.52 X. 0.70.

## ÉCOLE DE GIOTTO.",documents/BO0624_4671
228,228,"LA VIERGE représentée de facc, à micorps, tenant sur son bras droit l'Enfant Jésus. Drapéries et fond du panneau rehaussé de dorures. Peinture à la détrempe sur bois. bis. REPOS EN ROUTE. Des villageois avec le gros bétail prennent leur repos à l'abri de grands arbres. Toile. Cadre doré.","228. LA VIERGE représentée de facc, à micorps, tenant sur son bras droit l'Enfant Jésus. Drapéries et fond du panneau rehaussé de dorures. Peinture à la détrempe sur bois.

Haut. 1.22 / 0.83.

Voir illustration, planche n. 9.

## ÉCOLE NAPOLITAINE. - 228bis. REPOS EN ROUTE. Des villageois avec le gros bétail prennent leur repos à l'abri de grands arbres. Toile. Cadre doré.

Haut. 0.50 x 0.75

## BENASCHI JEAN BAPTISTE.

(XVIIme siècle).",documents/BO0624_4671
229,229,DEUCALION ET PYRRHA échappés au déluge repeuplent le monde en jétant derrière eux des pierres qui se changent en enfants. Cadre sculpté et doré. Toile. bis. ÉCUREILS dans une touffe d'herbes.,"229. DEUCALION ET PYRRHA échappés au déluge repeuplent le monde en jétant derrière eux des pierres qui se changent en enfants. Cadre sculpté et doré. Toile.

Haut. 0.96 X r.30.

## ÉCOLE NAPOLITAINE. 220bis. ÉCUREILS dans une touffe d'herbes.

Toile. Cadre doré.

Haut. 0.60 X 0.80.

## Meubles.",documents/BO0624_4671
230,230,"CANAPE ET HUIT FAUTEUILS en bois doré et sculpté à fleurs et feuilles, recouverts en damas vert. Louis XV.","230. CANAPE ET HUIT FAUTEUILS en bois doré et sculpté à fleurs et feuilles, recouverts en damas vert. Louis XV.

Canapé: Haut. 1.10 - Long. 1.85.

Fauteuil: Haut. 1.05 - Larg: 0.65. vowr iustration, planche n. 22.",documents/BO0624_4671
231,231,"CoMMODE en palissandre marquetée, de forme bombée, garnie de bronzes à rocailles ciselés et dorés. Dessus en jaspe de Sicile. Époque Louis XV.","231. CoMMODE en palissandre marquetée, de forme bombée, garnie de bronzes à rocailles ciselés et dorés. Dessus en jaspe 2. de Sicile. Époque Louis XV.

Haut. 0.00 - Long. 1.20 - Prof. 0.63.",documents/BO0624_4671
232,232,"TABLE DE NUIT en palissandre, marquetée, de forme bombée, garnie de bronzes à rocailles ciselés et dorés. Dessus en jaspe de Sicile. Époque Louis XV. Haut. 0.86 - Larg. 0.52 - Prof. 0.35.","232. TABLE DE NUIT en palissandre, marquetée, de forme bombée, garnie de bronzes à rocailles ciselés et dorés. Dessus en jaspe de Sicile. Époque Louis XV. 2. Haut. 0.86 - Larg. 0.52 - Prof. 0.35.",documents/BO0624_4671
233,233,"MEUBLE À DEUX CORPS en palissandre et marqueterie, servant à la partie inférieure de bureau-commode, et à la partie supérieure de secrétaire. Poignées et entrées de serrures en bronze ciselé et doré. Louis XV. bis. PETIT COFFRE en noyer. L'intérieur décoré de panneaux sculptés et gravés représentant des sujets sacrés.","233. MEUBLE À DEUX CORPS en palissandre et marqueterie, servant à la partie inférieure de bureau-commode, et à la partie supérieure de secrétaire. Poignées et entrées de serrures en bronze ciselé et doré. Louis XV.

Haut. 2.30 - Larg. 1.20 - Prof. 0.65. - 233bis. PETIT COFFRE en noyer. L'intérieur décoré de panneaux sculptés et gravés représentant des sujets sacrés.

Larg. 0.70 - Haut. 0.29.",documents/BO0624_4671
234,234,"SIX FAUTEUILS en noyer, accotoirs à volutes, siège et dossier couverts en da- mas rouge. XVIIme siècle.","234. SIX FAUTEUILS en noyer, accotoirs à volutes, siège et dossier couverts en da- 2. mas rouge. XVIIme siècle.

Larg. 0.60 - Haut. I.15.",documents/BO0624_4671
235,235,"SIx FAUTEUILS en noyer, accotoirs à volutes, siège et dossier couverts en damas rouge. XVIIme siècle.","235. SIx FAUTEUILS en noyer, accotoirs à volutes, siège et dossier couverts en damas rouge. XVIIme siècle.

Larg. 0.60 - Haut. 1.15.",documents/BO0624_4671
236,236,"PETITE CONSOLE en bois doré, et finement sculptée à guirlandes, rosaces et rinceaux. Dessus en marbre vert. Époque Louis XVI.","236. PETITE CONSOLE en bois doré, et finement sculptée à guirlandes, rosaces et rinceaux. Dessus en marbre vert. Époque Louis XVI.

Haut. 1.00 — Larg. 1.07 X 0.50",documents/BO0624_4671
237,237,"OLIE PETITE CONSOLE en bois sculpté et doré, frise ornée de feuillages et de testons de fleurs, qui descendent engur landant les pieds. Dessus en marbre africain antique. Epoque Louis XVI","237. OLIE PETITE CONSOLE en bois sculpté et doré, frise ornée de feuillages et de testons de fleurs, qui descendent engur landant les pieds. Dessus en marbre africain antique. Epoque Louis XVI

Haut. 0.96 - Long. 1.1o - Prof. 0.56 vour ulustration, planche n. 21.",documents/BO0624_4671
238,238,"1RES BELLE CONSOLE en bois doré Frise a ornements ajoures, entre-jambes et pieds hnement sculptes. Dessus en albatre fleuri, garni en bronze ciselé Epoque Louis XIV.","238. 1RES BELLE CONSOLE en bois doré Frise a ornements ajoures, entre-jambes et pieds hnement sculptes. Dessus en albatre fleuri, garni en bronze ciselé Epoque Louis XIV.

Haut. 0.90 - Long. 1.45 - Prof. 0.75",documents/BO0624_4671
239,230,"CONSOLE en bois sculpté et doré, frise ornée de feuilles et de guirlandes de fleurs; pieds formes de quatre têtes de femmes. Dessus en albatre oriental garni en bronze. Epoque Louis XVI","230. CONSOLE en bois sculpté et doré, frise ornée de feuilles et de guirlandes de fleurs; pieds formes de quatre têtes de femmes. Dessus en albatre oriental garni en bronze. Epoque Louis XVI

Haut. 0.90 - Long. 1.45 - Prof. 0.74 Voir illustration, planche n. 21.",documents/BO0624_4671
240,240,"IRES-PETIT CABINET en ébène avec ti roirs de aifferentes grandeurs, incruste de plaquettes en ivoire gravé, représentant différents sujets mitologiques et de chasse. XVIme siècle.","240. IRES-PETIT CABINET en ébène avec ti roirs de aifferentes grandeurs, incruste de plaquettes en ivoire gravé, représentant différents sujets mitologiques et de chasse. XVIme siècle.

Haut. 0.20 - Larg. 0.25",documents/BO0624_4671
241,241,CONSOLE m1-circulaire ornée de maraue. terie en palissandre et présentant au centre une corbeille de fruits; le dessus decore tout au tour dune baguette er bronze dore et cisele. Louis XVI,"241. CONSOLE m1-circulaire ornée de maraue. terie en palissandre et présentant au centre une corbeille de fruits; le dessus decore tout au tour dune baguette er bronze dore et cisele. Louis XVI

Haut. 0.83 - Larg. 1.30 - Prof. 0.65",documents/BO0624_4671
242,242,MEUBLE SECRÉTAIRE à deux corps en palssandre; la partie superieure en forme d'armoire à glace a deux battants est décoré au sommet d'une glace gra vee; la partie interieure en forme de bureau commode est ornée de poignées et d'entrées de serrures en bronze fine ment ciselé et dore. Louis XV,"242. MEUBLE SECRÉTAIRE à deux corps en palssandre; la partie superieure en forme d'armoire à glace a deux battants est décoré au sommet d'une glace gra vee; la partie interieure en forme de bureau commode est ornée de poignées et d'entrées de serrures en bronze fine ment ciselé et dore. Louis XV

Haut, 1.65 - Larg. 1.20 -- Prof. 0.70.",documents/BO0624_4671
243,243,"CABINET en bois noirci décore d'incrus tations en ivoire. La porte centrale entre deux colonnes cannelees, soutient un balustrade.","243. CABINET en bois noirci décore d'incrus tations en ivoire. La porte centrale entre deux colonnes cannelees, soutient un balustrade.

Haut. 0.34 - Larg. 1.02",documents/BO0624_4671
244,244,"DEUX CONSOLES en bois sculpté et dore ; décor à ramages, rinceaux et mascarons; au mileu du croisillon un aigle. Dessus en brèche lumachella","244. DEUX CONSOLES en bois sculpté et dore ; décor à ramages, rinceaux et mascarons; au mileu du croisillon un aigle. Dessus en brèche lumachella

Haut. 1 X 1.5:",documents/BO0624_4671
245,245,"SIX FAUTEUILS Louis XV, en boi: sculpte et dore, décores a volutes e feuilles, recouverts en sole rouge","245. SIX FAUTEUILS Louis XV, en boi: sculpte et dore, décores a volutes e feuilles, recouverts en sole rouge

Haut. 1.07 - Larg. 0.63 vour lustration, planche n. 22",documents/BO0624_4671
246,246,SIX FAUTEUILS Louis XV pareils aux précédents.,246. SIX FAUTEUILS Louis XV pareils aux précédents.,documents/BO0624_4671
247,247,"DEUX CANAPES Louis XV en bois doré et sculpte a volutes, feuilles et coquil les; recouverts en soie rouge.","247. DEUX CANAPES Louis XV en bois doré et sculpte a volutes, feuilles et coquil les; recouverts en soie rouge.

Haut. 1.1o -- Long. 2.05",documents/BO0624_4671
248,240,DEUX CONSOLES en bos dore et sculpté à volutes. Dessus en albâtre oriental XIIme siècle.,"240. DEUX CONSOLES en bos dore et sculpté à volutes. Dessus en albâtre oriental XIIme siècle.

Long. 1.55 - Haut. 0.93",documents/BO0624_4671
249,240,"DEUX CANDÉLABRES en bronze ciselé et dore, a girandole a cina branches formées par des rinceaux, soutenues par un vase à deux anses, reposant sur un socle orne de branches de roses, laurer et de pampres entrelacées. Em pire","240. DEUX CANDÉLABRES en bronze ciselé et dore, a girandole a cina branches formées par des rinceaux, soutenues par un vase à deux anses, reposant sur un socle orne de branches de roses, laurer et de pampres entrelacées. Em pire

Haut. 0.60",documents/BO0624_4671
250,250,"DEUX FRONTONS de fenêtre de diffe rentes grandeurs, en bois sculpte a oves et dores","250. DEUX FRONTONS de fenêtre de diffe rentes grandeurs, en bois sculpte a oves et dores

Larg. 2.75 et 2.00",documents/BO0624_4671
251,251,"UN GRAND CANAPÉ en bois sculpté et dore, coussin mobile et dossier couverts en aamas rouge a fleurons. Epoque Louis XV","251. UN GRAND CANAPÉ en bois sculpté et dore, coussin mobile et dossier couverts en aamas rouge a fleurons. Epoque Louis XV

Haut. 1.1o - Long. 2.80",documents/BO0624_4671
252,252,TJN AUTRE GRAND CANAPÉ semblable au précédent.,252. TJN AUTRE GRAND CANAPÉ semblable au précédent.,documents/BO0624_4671
253,253,"GRAND TAPIS de Smyrne, en laine, à médaillons, fleurs et ornements géométriques polychromes sur fond rouge.","253. GRAND TAPIS de Smyrne, en laine, à médaillons, fleurs et ornements géométriques polychromes sur fond rouge.

Larg. 5.10 - Long. 5.45.",documents/BO0624_4671
254,254,AUTRE TAPIS pareil au précédent. Larg. 5.40 - Long. 6.90.,254. AUTRE TAPIS pareil au précédent. Larg. 5.40 - Long. 6.90.,documents/BO0624_4671
255,255,"DEUX CHANDELIERS en marbre vert décorés d'incrustations et d'ornements en argent et bronze doré. Louis XVI. bis. ÉTAGÈRE en bois sculpté et doré en forme de fer à cheval, composé de sept supports, décorés de feuillages et rinceaux ajourés. Louis XV.","255. DEUX CHANDELIERS en marbre vert décorés d'incrustations et d'ornements en argent et bronze doré. Louis XVI.

Haut. 0.35. - 255 bis. ÉTAGÈRE en bois sculpté et doré en forme de fer à cheval, composé de sept supports, décorés de feuillages et rinceaux ajourés. Louis XV.

Haut. 0.97 X 1.42.",documents/BO0624_4671
256,256,"LUSTRE vingt-quatre lumières en bronze avec cristaux de Bohême taillés, orné de pendeloques et de chaînes enguirlandées.","256. LUSTRE vingt-quatre lumières en bronze avec cristaux de Bohême taillés, orné de pendeloques et de chaînes enguirlandées.

Haut. 2.20.",documents/BO0624_4671
257,257,"BEAU LUSTRE en cristal de Bohême taillé, à douze lumières avec riche décoration de prismes, étoiles et pendeloques.","257. BEAU LUSTRE en cristal de Bohême taillé, à douze lumières avec riche décoration de prismes, étoiles et pendeloques.

Haut. 1.60.

## Objets modernes.",documents/BO0624_4671
258,258,"BRONZE représentant les deux lutteurs; copie de la Galerie des Uffici à Florence. Patine verte. bis. ÉCLAIRCIE DE FORET, par laquelle on aperçoit dans le lointain un petit village. Signé: G. Piumati. Sur toile, cadre doré. Haut. 0.35 X 0.62.","258. BRONZE représentant les deux lutteurs; copie de la Galerie des Uffici à Florence. Patine verte.

Haut. 0.21. - 258bis. ÉCLAIRCIE DE FORET, par laquelle on aperçoit dans le lointain un petit village. Signé: G. Piumati. Sur toile, cadre doré. Haut. 0.35 X 0.62.",documents/BO0624_4671
259,259,"BRONzE représentant la Vénus de Medicis. Patine brune. gbis. LE RETOUR DES CHAMPS. Le laboureur conduit le lourd charriot trainé par des bœufs; deux paysannes et une petite fille marchent derrière. Ils sont bientôt arrivés car l'humble chaumière n'est plus qu'à quelques mètres. Le fond du tableau représente des champs bien cultivés, ou l'artiste a su admirablement bien représenter toutes les joies et tout le calme de la vie champêtre. Signé: Gioli. Sur toile, cadre doré.","259. BRONzE représentant la Vénus de Medicis. Patine brune.

Haut. 0.35- - 25gbis. LE RETOUR DES CHAMPS. Le laboureur conduit le lourd charriot trainé par des bœufs; deux paysannes et une petite fille marchent derrière. Ils sont bientôt arrivés car l'humble chaumière n'est plus qu'à quelques mètres. Le fond du tableau représente des champs bien cultivés, ou l'artiste a su admirablement bien représenter toutes les joies et tout le calme de la vie champêtre. Signé: Gioli. Sur toile, cadre doré.

Haut. 0.62 X 1.35.",documents/BO0624_4671
260,260,"BRONZE représentant la Vénus du Capitole. Patine brune. bis. COIN DE PAYSAGE. Une rivière sillonne une prairie, sur le bord un bucheron finit de lier ensemble une quantité de branches d'arbres, que le courant se chargera de porter à destination. Comme fond du tableau une colline et une prairie. Signé: Gelati. Sur toile, cadre doré.","260. BRONZE représentant la Vénus du Capitole. Patine brune.

Haut, 0.35. - 260bis. COIN DE PAYSAGE. Une rivière sillonne une prairie, sur le bord un bucheron finit de lier ensemble une quantité de branches d'arbres, que le courant se chargera de porter à destination. Comme fond du tableau une colline et une prairie. Signé: Gelati. Sur toile, cadre doré.

Haut. 0.65 X 0.95.",documents/BO0624_4671
261,261,CHIEN de chasse au milieu de roseaux. Bronze. Patine brune. Socle en marbre. Haut. 0.20.,261. CHIEN de chasse au milieu de roseaux. Bronze. Patine brune. Socle en marbre. Haut. 0.20.,documents/BO0624_4671
262,262,CHIEN de chasse en arrêt devant une toupie. Bronze. Patine brune. Signé: P. J. Mini.,"262. CHIEN de chasse en arrêt devant une toupie. Bronze. Patine brune. Signé: P. J. Mini.

Haut. o.15.",documents/BO0624_4671
263,263,"DEUX CANDÉLABRES à girandole à sept branches en bronze ciselé et doré, richement décorés de rinceaux et feuilles. Style XVIIIme siècle.","263. DEUX CANDÉLABRES à girandole à sept branches en bronze ciselé et doré, richement décorés de rinceaux et feuilles. Style XVIIIme siècle.

Haut. 0.62.",documents/BO0624_4671
264,264,"DEUX vASEs cylindriques, à col retréci, les anses formées par deux mascarons, décorés de fleurs rouges et vertes, et de scènes de bataille et d'intérieur. Porcelane de Chine.","264. DEUX vASEs cylindriques, à col retréci, les anses formées par deux mascarons, décorés de fleurs rouges et vertes, et de scènes de bataille et d'intérieur. Porcelane de Chine.

Haut. 0.39.",documents/BO0624_4671
265,265,"DEUX VASES à panse en porcelaine du Japon, représentant différents groupes de personnages. Décor polycrome avec fleurs sur la base et sur le col. Satzouma.","265. DEUX VASES à panse en porcelaine du Japon, représentant différents groupes de personnages. Décor polycrome avec fleurs sur la base et sur le col. Satzouma.

Haut. 0.55.",documents/BO0624_4671
266,266,"GRAND BUFFET à crédence à quatre portes et deux tiroirs à la partie inférieure, et à deux étagères à la supérieure, vernis blanc rehaussé d'or et décoré de rinceaux, guirlandes, rosaces et vases de fleurs. Louis XVI.","266. GRAND BUFFET à crédence à quatre portes et deux tiroirs à la partie inférieure, et à deux étagères à la supérieure, vernis blanc rehaussé d'or et décoré de rinceaux, guirlandes, rosaces et vases de fleurs. Louis XVI.

Haut. 2.50 - Long. 2.20 - Prof. 0.60.",documents/BO0624_4671
267,267,"TABLE ovale de salle à manger, en sapin, posant sur pied et quatre balustres sculptés, verni blanc et rehaussés d'or, avec ses rallonges pour vingt-quatre couverts. Louis XVI.","267. TABLE ovale de salle à manger, en sapin, posant sur pied et quatre balustres sculptés, verni blanc et rehaussés d'or, 2. avec ses rallonges pour vingt-quatre couverts. Louis XVI.

Haut. 0.75 - Long. 2.45 - Larg. 1.95.",documents/BO0624_4671
268,268,GRANDE GLACE. Riche cadre en bois sculpté et doré. Cimaise cintrée dans le haut portant une coquille et de chaque côté un génie tenant un drapeau. Style Louis XIV.,"268. GRANDE GLACE. Riche cadre en bois sculpté et doré. Cimaise cintrée dans le haut portant une coquille et de chaque côté un génie tenant un drapeau. Style Louis XIV.

Haut. 2.95 X 1.90.",documents/BO0624_4671
269,269,GRANDE GLACE formant pendant avec la précédente.,269. GRANDE GLACE formant pendant avec la précédente.,documents/BO0624_4671
270,270,DEUX SERVANTES à trois étages en bois vernis blanc rehaussé de dorures décorées de rosaces et feuilles; les montants terminés par des pommeaux. Fond en peluche jaune.,"270. DEUX SERVANTES à trois étages en bois vernis blanc rehaussé de dorures décorées de rosaces et feuilles; les montants terminés par des pommeaux. Fond en peluche jaune.

Haut. 1.56 - Long. 1.51 - Prof. 0.38.
<!-- image -->

## COLLECTION

DE S. E.

## LORD PHILIPP CURRIE

EX-AMBASSADEUR D'ANGLETERRE

À ROME

## FAIENCES ITALIENNES

GUBBIO - DERUTA - CAFAGGIOLO - URBINO - FAENZA - CASTELDURANTE MILANO - FRATTA - ABRUZZI, ECC.

La vente aura lieu à Rome, Place Borghese, Jeudi 30 Avril 1903

Commissaire-Priseur

M. LE CHEV. G. SANGIORGI DE ROME
## QUATRIÈME VENTE

## Jeudi 30 Avril à 3 heures précises de l'après-midi",documents/BO0624_4671
271,271,"TROIS VASES de pharmacie, de forme cylindrique, décorés de fleurs et feuilles polychromes sur fond blanc. Fab. de Pesaro.","271. TROIS VASES de pharmacie, de forme cylindrique, décorés de fleurs et feuilles polychromes sur fond blanc. Fab. de Pesaro.

Un haut. 0.28 - Deux haut. o.14.",documents/BO0624_4671
272,272,QUATRE VASES même forme et même décor que les précédents.,272. QUATRE VASES même forme et même décor que les précédents.,documents/BO0624_4671
273,273,"DEUx vAsEs de pharmacie, forme cy- lindrique, décorés de vases de fleurs polychromes sur fond blanc. Fab. de Pesaro. Haut. 0.18.","273. DEUx vAsEs de pharmacie, forme cy- 3. lindrique, décorés de vases de fleurs polychromes sur fond blanc. Fab. de Pesaro. Haut. 0.18.",documents/BO0624_4671
274,274,"QUATRE VASES, forme cylindrique resserrée au milieu, avec inscription pharmaceutique, décorés du buste de St. Nicolas, évêque de Bari, et de fleurs en bleu sur fond blanc. Fab. de Castelli, Abruzzi. Haut. 0.20.","274. QUATRE VASES, forme cylindrique resserrée au milieu, avec inscription pharmaceutique, décorés du buste de St. Nicolas, évêque de Bari, et de fleurs en bleu sur fond blanc. Fab. de Castelli, Abruzzi. Haut. 0.20.",documents/BO0624_4671
275,275,QUATRE VASES pareils aux précédents.,275. QUATRE VASES pareils aux précédents.,documents/BO0624_4671
276,276,TROIS vAsES pareils aux précédents. Haut. 0.22.,276. TROIS vAsES pareils aux précédents. Haut. 0.22.,documents/BO0624_4671
277,277,"DEUx VASEs de pharmacie, décor bleu sur fond blanc. Fab. de Faenza.","277. DEUx VASEs de pharmacie, décor bleu 8. sur fond blanc. Fab. de Faenza.

Haut. o.10",documents/BO0624_4671
278,278,"QUATRE VASES avec poignée et bec, décor bleu sur fond blanc. Fab. de Urbania.","278. QUATRE VASES avec poignée et bec, décor bleu sur fond blanc. Fab. de Urbania.

Haut. 0.20.",documents/BO0624_4671
279,279,"VASE À PARFUMS à couvercle et à deux anses tressées, couvert de guirlandes et têtes de séraphins saillantes à décor jaune sur fond d'émail brun. Fab. de Fratta.","279. VASE À PARFUMS à couvercle et à deux 2. anses tressées, couvert de guirlandes et têtes de séraphins saillantes à décor jaune sur fond d'émail brun. Fab. de Fratta.

Haut. 0.32.",documents/BO0624_4671
280,280,"DEUX VASES de forme cylindrique, décor au pourtour de plumes de paon en bleu vert et jaune sur fond blanc. Fab. de Cafaggiolo.","280. DEUX VASES de forme cylindrique, décor au pourtour de plumes de paon en bleu 2. vert et jaune sur fond blanc. Fab. de Cafaggiolo.

Haut. 0.22.",documents/BO0624_4671
281,281,"VAsE de forme ovoide avec poignée et bec, décoré de fleurs et feuillages bleues des Sts. Apôtres Pierre et Paul. Fab. de","281. VAsE de forme ovoide avec poignée et bec, décoré de fleurs et feuillages bleues des Sts. Apôtres Pierre et Paul. Fab. de

Haut. 0.38.

- sur couverte blanc-bleuâtre et d'un médaillon offrant les têtes nimbées Faenza.",documents/BO0624_4671
282,282,"VASE DE PHARMACIE de forme cylindrique, rétrécie à la base et au col, dé coré de rosaces en bleu, jaune et brun sur fond blanc. Cafaggiolo.","282. VASE DE PHARMACIE de forme cylindrique, rétrécie à la base et au col, dé coré de rosaces en bleu, jaune et brun sur fond blanc. Cafaggiolo.

Haut. 0.27 - Diam. o.10.",documents/BO0624_4671
283,283,"VAse à panse ovoïde, avec poignée et bec, décoré de fleurs et feuillages bleues sur couverte blanc-bleuâtre et d'un écusson avec lion rampant. Fab. de Faenza.","283. VAse à panse ovoïde, avec poignée et bec, décoré de fleurs et feuillages bleues sur couverte blanc-bleuâtre et d'un écusson avec lion rampant. Fab. de Faenza.

Hant. 0.38.",documents/BO0624_4671
284,284,VASE DE PHARMACIE de forme cylin-,284. VASE DE PHARMACIE de forme cylin-,documents/BO0624_4671
285,2,"drique, offrant une couronne de feuilles","2. drique, offrant une couronne de feuilles
et fruits. renfermant une banderole avec inscription et un medallion a coa; decor bleu, jaune et vert sur tond d'email blanc. Pab. de Faenza.

Haut. o.to.",documents/BO0624_4671
286,205,DEUX VASES meme torme et meme decor que le numero 281. Fab. de Faenza.,"205. DEUX VASES meme torme et meme decor que le numero 281. Fab. de Faenza.

Haut. 0.22.",documents/BO0624_4671
287,286,"VASE de forme cylindrique resseree legerement au milieu, décoré de fleurrettes bleues et teuilles en jaune sur fond d'émail blanc. Fab. Siculo-Arabe.","286. VASE de forme cylindrique resseree legerement au milieu, décoré de fleurrettes bleues et teuilles en jaune sur fond d'émail blanc. Fab. Siculo-Arabe.

Haut. 0.32.",documents/BO0624_4671
288,287,"VASE de forme ovoide, a large pied et à col cylindrique, decore de trophees guerrieres, et au mileu d'un médaillon offrant une Sainte martyre. Belle coloration polychrome dans laquelle domine le bleu et le jaune. Fab. de castel Du· rante.","287. VASE de forme ovoide, a large pied et à col cylindrique, decore de trophees guerrieres, et au mileu d'un médaillon offrant une Sainte martyre. Belle coloration polychrome dans laquelle domine le bleu et le jaune. Fab. de castel Du· rante.

Haut. 0.33. vour illustration, planche n. 23.",documents/BO0624_4671
289,288,VASE de forme cylindrique. Banderole avec inscription pharmaceutique entre deux bandes de teuilles en bleu sur tond blanc. Fab. de Cafaggiolo.,"288. VASE de forme cylindrique. Banderole avec inscription pharmaceutique entre deux bandes de teuilles en bleu sur tond blanc. Fab. de Cafaggiolo.

Haut. 0.17.",documents/BO0624_4671
290,280,PETIT VASE à deux anses en S se rattachant a la panse par des mascarons en relief. orné d'un ecusson armoirie entoure d'une guirlande de teuilles en couleur aune et verte. Iravailà la pointe. Fab. de Sassuolo.,"280. PETIT VASE à deux anses en S se rattachant a la panse par des mascarons en relief. orné d'un ecusson armoirie entoure d'une guirlande de teuilles en couleur aune et verte. Iravailà la pointe. Fab. de Sassuolo.

Maut. 0.10.",documents/BO0624_4671
291,290,"VASE DE PHARMACIE à panse cylindrique, retrecie a la base et au col, décore de feuillage et oiseaux bleu sur fond blanc. Cafaggiolo.","290. VASE DE PHARMACIE à panse cylindrique, retrecie a la base et au col, décore de feuillage et oiseaux bleu sur fond blanc. Cafaggiolo.

Haut. 0.30 - Diam. 0.18",documents/BO0624_4671
292,291,"VASE en forme de balustre à panse hemisphérique, a col se resserant dans le haut el legerements s evasant, a deux","291. VASE en forme de balustre à panse hemisphérique, a col se resserant dans le haut el legerements s evasant, a deux

anses en S reliant le col a la panse. Decor chamois à reflets irises releve de bleu sur fond blanc compose d ornements. oves et godrons. Fab. de Deruta haut. o.3r. Voir illustration, planche n. 23.",documents/BO0624_4671
293,292,"VASE DE PHARMACIE à poignée, de forme cylindrique resserree au mileu, decore d'une bande en jaune or à têtes de se. raphins, encadree d une double trise d or nements. Emaux brillants. Fab. de Ca faggiolo. VASE DE PHARMACIE à deux anses et col allongé, orne de fleurs bleus, et sur le bord d'un decor jaune. laenza.","292. VASE DE PHARMACIE à poignée, de forme cylindrique resserree au mileu, decore d'une bande en jaune or à têtes de se. raphins, encadree d une double trise d or nements. Emaux brillants. Fab. de Ca faggiolo.

Haut. 0.21. Vour lustration, planche n. 23. 20205. VASE DE PHARMACIE à deux anses et col allongé, orne de fleurs bleus, et sur le bord d'un decor jaune. laenza.

Haut. 0.24",documents/BO0624_4671
294,293,"VASE de forme cylindrique légèrement deprimee au mileu, decore, au pourtour de feuilles en bleu sur fond blanc. Fab. de Catagg1olo.","293. VASE de forme cylindrique légèrement deprimee au mileu, decore, au pourtour de feuilles en bleu sur fond blanc. Fab. de Catagg1olo.

Haut. 0.30.",documents/BO0624_4671
295,294,"VASE à panse avec deux anses, décoré de fleurs emaillees bleu et jaune sur fond blanc. Fab. de Cafaggiolo.","294. VASE à panse avec deux anses, décoré de fleurs emaillees bleu et jaune sur fond blanc. Fab. de Cafaggiolo.

Haut. o.1g.",documents/BO0624_4671
296,295,"VASE a panse sphérique a goulot droit et court et a deux anses, decore sur la panse d une bande de fleurs et arabesques en blanc sur fond d'email bleu. Fab. de Milano.","295. VASE a panse sphérique a goulot droit et court et a deux anses, decore sur la panse d une bande de fleurs et arabesques en blanc sur fond d'email bleu. Fab. de Milano.

Haut. 0.17.",documents/BO0624_4671
297,296,"DEUX VASES de forme sphérique. Décor de teuilles, fruits, inscription pharmaceutique en caractères gothiques en couleurs Dieu, jaune et vert sur fond blanc. Lab. de Castel Durante.","296. DEUX VASES de forme sphérique. Décor de teuilles, fruits, inscription pharmaceutique en caractères gothiques en couleurs Dieu, jaune et vert sur fond blanc. Lab. de Castel Durante.

Haut. 0.22.",documents/BO0624_4671
298,297,"VASE de forme cylindrique, décoré de feuilles et fleurs en bleu et jaune; au pourtour banderole avec indication pharmaceutique au mileu. Fab. de Cafaggiolo.","297. VASE de forme cylindrique, décoré de feuilles et fleurs en bleu et jaune; au pourtour banderole avec indication pharmaceutique au mileu. Fab. de Cafaggiolo.

Haut. 0.20.",documents/BO0624_4671
299,298,"PETIT VASE DE PHARMACIE, forme cylindrique retrécie au milieu, décoré d'un petit médaillon à tête de guerrier casqué, d'arabesques et fleurons. Emaux bleu et jaune ocre rehaussés de blanc. Fab. de Paenza.","298. PETIT VASE DE PHARMACIE, forme cylindrique retrécie au milieu, décoré d'un petit médaillon à tête de guerrier casqué, d'arabesques et fleurons. Emaux bleu et jaune ocre rehaussés de blanc. Fab. de Paenza.

Haut. 0.14. Voir illustration, planche u. 23.",documents/BO0624_4671
300,299,"PLAT CREUX offrant au centre une tête de femme de profil à gauche, des arabesques et ornements symétriques sur tout le champ. Décor bleu, violet, jaune et vert sur couverte bleu-clair. Fab. de Cafaggiolo.","299. PLAT CREUX offrant au centre une tête de femme de profil à gauche, des arabesques et ornements symétriques sur tout le champ. Décor bleu, violet, jaune et vert sur couverte bleu-clair. Fab. de Cafaggiolo.

Diam. 0.27.",documents/BO0624_4671
301,300,"TRES BEAU VASE DE PHARMACIE, de forme cylindrique, offrant une large cou. ronne de fruits et feuilles encadrant dans le haut une sirène terminant en feuille d'acanthe et ornements à volutes et mascarons, et dans le bas un médaillon à buste de nègre de profil à gauche, séparés par une inscription pharmaceuti. que. Décor bleu, vert et jaune d'ocre; émail brillant. Fab. de Cafaggiolo.","300. TRES BEAU VASE DE PHARMACIE, de forme cylindrique, offrant une large cou. ronne de fruits et feuilles encadrant dans le haut une sirène terminant en feuille d'acanthe et ornements à volutes et mascarons, et dans le bas un médaillon à buste de nègre de profil à gauche, séparés par une inscription pharmaceuti. que. Décor bleu, vert et jaune d'ocre; émail brillant. Fab. de Cafaggiolo.

Haut. o.3r. Voir illustration, planche n. 23.",documents/BO0624_4671
302,301,"PLAT creux à large bord. Au marli ornements émaillés blanc laiteux, et au centre armoiries d'évêque rehaussées d'émail bleu-clair. Au revers même émail. Fab. de Milano.","301. PLAT creux à large bord. Au marli ornements émaillés blanc laiteux, et au centre armoiries d'évêque rehaussées d'émail bleu-clair. Au revers même émail. Fab. de Milano.

Diam. 0.28.",documents/BO0624_4671
303,302,PLAT à large bord. Un ange chasse du Paradis terrestre Adam et Eve. Décor polychrome. Fab. de Urbino. an. 0.25.,302. PLAT à large bord. Un ange chasse du Paradis terrestre Adam et Eve. Décor polychrome. Fab. de Urbino. 1an. 0.25.,documents/BO0624_4671
304,303,"PLAT creux à large bord. Au fond un buste de jeune femme de profil à gauche, et du même côté une étiquette avec l'inscription Lucia. Marli à pointillé bleu, feuilles et fleurettes. Décor bleu, jaune d'or et jaune d'ocre et vert sur fond bleuté. Fab. de Faenza. bis. GRAND VASE DE PHARMACIE, à panse, richement décoré de feuillages bleues sur fond blanc; à la place des anses deux petits mascarons. Cafaggiolo.","303. PLAT creux à large bord. Au fond un buste de jeune femme de profil à gauche, et du même côté une étiquette avec l'inscription Lucia. Marli à pointillé bleu, feuilles et fleurettes. Décor bleu, jaune d'or et jaune d'ocre et vert sur fond bleuté. Fab. de Faenza.

blam. 0.31. - 303bis. GRAND VASE DE PHARMACIE, à panse, richement décoré de feuillages bleues sur fond blanc; à la place des anses deux petits mascarons. Cafaggiolo.

Haut. 0.32.",documents/BO0624_4671
305,304,"PLAT à large bord. David vainqueur du géant Goliath. Au fond campement des Juifs. Au revers, en bleu: 1534 David et Golias. Décor polychrome. Fab. d'Urbino.","304. PLAT à large bord. David vainqueur du géant Goliath. Au fond campement des Juifs. Au revers, en bleu: 1534 David et Golias. Décor polychrome. Fab. d'Urbino.

Diam. 0.25.",documents/BO0624_4671
306,305,GRAND PLAT creux à bord étroit à décor polychrome et une banderole au milieu avec l'inscription CESARIA. Fab. de Cafaggiolo.,"305. GRAND PLAT creux à bord étroit à décor polychrome et une banderole au milieu avec l'inscription CESARIA. Fab. de 2. Cafaggiolo.

Diam. 0.39",documents/BO0624_4671
307,306,"PLAT à large bord. Vulcain travaille à sa forge et Apollon lui révèle les amours de Mars avec Vénus qui est à gauche, ayant près d'elle Cupidon. Décor polychrome. Au revers, en bleu: De Vulcano et Venere. Fab. d'Urbiuo.","306. PLAT à large bord. Vulcain travaille à sa forge et Apollon lui révèle les amours de Mars avec Vénus qui est à gauche, ayant près d'elle Cupidon. Décor polychrome. Au revers, en bleu: De Vulcano et Venere. Fab. d'Urbiuo.

Diam. 0.25. Voir illustration, planche n. 23.",documents/BO0624_4671
308,307,"PLAT à large bord. Cinares et ses filles dans le temple de Gradi. Décor polychrome. Au revers, en bleu : Le figlie di Cinare al tempio di Gradi. 1554. Fab. Urbino.","307. PLAT à large bord. Cinares et ses filles dans le temple de Gradi. Décor polychrome. Au revers, en bleu : Le figlie di Cinare al tempio di Gradi. 1554. Fab. Urbino.

Diam. 0.25.",documents/BO0624_4671
309,308,"VAsE de forme cylindrique à bourrelet dans le haut et dans le bas, à décor polychrome symètrique au pourtour. Fab. de Cafaggiolo.","308. VAsE de forme cylindrique à bourrelet dans le haut et dans le bas, à décor polychrome symètrique au pourtour. Fab. de Cafaggiolo.

Haut. 0.22.",documents/BO0624_4671
310,309,PLAT. Même composition et décor que le numero 200.,309. PLAT. Même composition et décor que le numero 200.,documents/BO0624_4671
311,310,DEUX VASES de forme cylindrique. Décor bleu et rouge sur fond blanc. Fab. de,310. DEUX VASES de forme cylindrique. Décor bleu et rouge sur fond blanc. Fab. de,documents/BO0624_4671
312,3,Laenza.,"3. Laenza.

Haut. 0.17.",documents/BO0624_4671
313,3,"II. VASE à panse cylindrique, legèrement déprimée au milieu, décoré de festons,","- 3II. VASE à panse cylindrique, legèrement déprimée au milieu, décoré de festons,
fleurs et godrons en relief. Émail vert à reflets bleus nacrés. Fab. de Deruta. Haut. 0.25·",documents/BO0624_4671
314,312,VASE de forme cylindrique rétréci au col et à la base. Au pourtour une banderole avec inaication pharmaceuuque entre deux large: bandes à festons. Décor bleu jaune d'ocre et manganése. Fab. de Cafaggiolo.,"312. VASE de forme cylindrique rétréci au col et à la base. Au pourtour une banderole avec inaication pharmaceuuque entre deux large: bandes à festons. Décor bleu jaune d'ocre et manganése. Fab. de Cafaggiolo.

Haut. 0.32.",documents/BO0624_4671
315,313,"PLAT à large bord. Cadmus tuant avec ses dards le dragon tombé au sol près son autre. Décor polychrome. Au revers, en bleu: Cadmo che uccise il serpente. Fab. de Urbino.","313. PLAT à large bord. Cadmus tuant avec ses dards le dragon tombé au sol près son autre. Décor polychrome. Au revers, en bleu: Cadmo che uccise il serpente. Fab. de Urbino.

D1am. 0.20",documents/BO0624_4671
316,314,"DEUX VASEs de forme cylindrique, décorés au pourtour de deux frises de fleurettes et d'une inscription pharmaceutique en bleu sur fond d'émail blanc. Fab. de Cafaggiolo.","314. DEUX VASEs de forme cylindrique, décorés au pourtour de deux frises de fleurettes et d'une inscription pharmaceutique en bleu sur fond d'émail blanc. Fab. de Cafaggiolo.

Haut. 0.17.",documents/BO0624_4671
317,315,LE TRIOMPHE DE NEPTUNE ET AMPHITRITE. Brique rectangulaire en faïence émaillée de couleurs. Fab. de Castelli. Abruzzi. XVIIIme siècle.,"315. LE TRIOMPHE DE NEPTUNE ET AMPHITRITE. Brique rectangulaire en faïence émaillée de couleurs. Fab. de Castelli. Abruzzi. XVIIIme siècle.

Haut. 0.14 X 0.25.",documents/BO0624_4671
318,316,DEUX VASES de forme cylindrique. Décor au pourtour de feuilles en bleu sur fond d'émail blanc. Fab. de Cafaggiolo.,"316. DEUX VASES de forme cylindrique. Décor au pourtour de feuilles en bleu sur fond d'émail blanc. Fab. de Cafaggiolo.

Haut. o.1o.",documents/BO0624_4671
319,317,"PLAT en émail blanc, décoré de feuilles vertes occupant tout le champ. Fab. de Haenza.","317. PLAT en émail blanc, décoré de feuilles vertes occupant tout le champ. Fab. de Haenza.

Diam. 0.26.",documents/BO0624_4671
320,318,"PETIT PLAT Creux, « TONDINO» orné de quadrillages au fond et d'ornements symétriques à la chute et sur le marli. Fab. de Cafaggiolo.","318. PETIT PLAT Creux, « TONDINO» orné de quadrillages au fond et d'ornements symétriques à la chute et sur le marli. Fab. de Cafaggiolo.

Diam. 0.20",documents/BO0624_4671
321,319,"PLAT CREUX. Buste de jeune femme de profil, à droite, se détachant sur fond émaillé bleu et une banderole portant l'inscription: CANA · ORA · BELLA · Décor jaune bleu et à reflets auréo-cuivreux. Au verso rinceaux à reflets, le sigle de Maître Giorgio et la date 1537. Fab. de Gubbio.","319. PLAT CREUX. Buste de jeune femme de profil, à droite, se détachant sur fond émaillé bleu et une banderole portant l'inscription: CANA · ORA · BELLA · Décor jaune bleu et à reflets auréo-cuivreux. Au verso rinceaux à reflets, le sigle de Maître Giorgio et la date 1537. Fab. de Gubbio.

Diam. 0.23. Voir itlustration, planche n. 24.",documents/BO0624_4671
322,320,"DEUX GRANDS VASES de forme ovoïde avec anse et bec relié au col par une tresse, offrant une inscription pharmaceutique dans un médaillon orné d'arabesques et encadré de feuillage en bleu sur fond blanc. Fab. de Cafaggiolo.","320. DEUX GRANDS VASES de forme ovoïde avec anse et bec relié au col par une tresse, offrant une inscription pharmaceutique dans un médaillon orné d'arabesques et encadré de feuillage en bleu sur fond blanc. Fab. de Cafaggiolo.

Haut. 0.32. Voir illustration, planche n. 23.",documents/BO0624_4671
323,321,PLAT CREUX à large bord. Sujet mythologique. Décor polychrome. Fab. d'Ur-,"- 321 PLAT CREUX à large bord. Sujet mythologique. Décor polychrome. Fab. d'Ur-

Diam. 0.25.",documents/BO0624_4671
324,322,"BEAU vASE de forme cylindrique, retréci à la base et au col, offrant dans un médaillon le buste d'un adolescent et au dessous une banderole avec l'inscription: RADICCHI. Tout autour le vase est richement orné de trophées d'armes, arabesques, mascarons et de deux bandes de rinceaux et feuilles. Décor bleu, jaune d'ocre et vert. Fab. de Faenza.","322. BEAU vASE de forme cylindrique, retréci à la base et au col, offrant dans un médaillon le buste d'un adolescent et au dessous une banderole avec l'inscription: RADICCHI. Tout autour le vase est richement orné de trophées d'armes, arabesques, mascarons et de deux bandes de rinceaux et feuilles. Décor bleu, jaune d'ocre et vert. Fab. de Faenza.

Haut. 0.40. Voir illustration, planche n. 23.",documents/BO0624_4671
325,323,"VASE à panse cylindrique resserrée vers le pied, à couvercle décoré de festons, cartouches et fleurettes en relief. Émail brun. Fab. de Fratta.","323. VASE à panse cylindrique resserrée vers le pied, à couvercle décoré de festons, cartouches et fleurettes en relief. Émail brun. Fab. de Fratta.

Haut. 0.25.",documents/BO0624_4671
326,324,"VASE forme hémisphérique à large orifice, décoré de feuilles en relief sur le bord du col et à sa base et sur la panse d'un lion déchirant un cerf. Émail vert. Fab. de Rhodès.","324. VASE forme hémisphérique à large orifice, décoré de feuilles en relief sur le bord du col et à sa base et sur la panse d'un lion déchirant un cerf. Émail vert. Fab. de Rhodès.

faut. 0.30 - Diam. 0.20.",documents/BO0624_4671
327,325,"DEUX POTS à panse ovoïde, à goulot droit et court, avec anse et bec. Ils sont entièrement décorés de feuilles et fleurs en camaïeu bleu sur fond bleuté et d'ar moiries polychromes. Au pourtour banderole avec inscription pharmaceutique. Fab. de Faenza.","325. DEUX POTS à panse ovoïde, à goulot droit et court, avec anse et bec. Ils sont entièrement décorés de feuilles et fleurs en camaïeu bleu sur fond bleuté et d'ar moiries polychromes. Au pourtour banderole avec inscription pharmaceutique. Fab. de Faenza.

Haut. 0.21.",documents/BO0624_4671
328,326,"VASE à épices, forme de balustre ren versé, à large orifice, avec couvercle, décoré de plumes de paon en bleu sur fond blanc. Fab. de Faenza.","326. VASE à épices, forme de balustre ren versé, à large orifice, avec couvercle, décoré de plumes de paon en bleu sur fond blanc. Fab. de Faenza.

Haut. 0.24.",documents/BO0624_4671
329,327,BASSIN circulaire offrant au centre l'Ange de l'Innocence et tout autour une décoration de feuillages et fleurs polychromes Décor sommaire en bleu au revers. Fab. de Faenza.,"327. BASSIN circulaire offrant au centre l'Ange de l'Innocence et tout autour une décoration de feuillages et fleurs polychromes Décor sommaire en bleu au revers. Fab. de Faenza.

Diam. 0.36.",documents/BO0624_4671
330,328,PLAT à large bord. La création d'Éve. Décor polychrome. Fab d'Urbino.,"328. PLAT à large bord. La création d'Éve. Décor polychrome. Fab d'Urbino.

Diam. 0.25. loir illustration, planche n. 24.",documents/BO0624_4671
331,329,"VASE de forme cylindrique resserrée au milieu offrant un médaillon à tête religieux de franciscain de profil à gauche; bandes de cercles au pourtour, sur le col et à la base. Décor bleu, jaune et manganèse. Fab. de Faenza.","329. VASE de forme cylindrique resserrée au milieu offrant un médaillon à tête religieux de franciscain de profil à gauche; bandes de cercles au pourtour, sur le col et à la base. Décor bleu, jaune et manganèse. Fab. de Faenza.

Haut. 0.29.",documents/BO0624_4671
332,330,"PLAT CREUX. MÉTAMORPHOSE D'ACTÉON. Diane et ses nymphes debout dans un bassin à gauche; Actéon, la tête déjà transformée en celle d'un cerf fuyant à droite poursuivi par un chien. Décor polychrome. Au revers en bleu; Acteone converso in cervo. Fab. d'Urbino.","330. PLAT CREUX. MÉTAMORPHOSE D'ACTÉON. Diane et ses nymphes debout dans un bassin à gauche; Actéon, la tête déjà transformée en celle d'un cerf fuyant à droite poursuivi par un chien. Décor polychrome. Au revers en bleu; Acteone converso in cervo. Fab. d'Urbino.

Diam. 0.25. Voir illustration, planche n. 24.",documents/BO0624_4671
333,331,"VASE à panse ovoïde, à goulot droit et court. Sur la face, dans un médaillon, une Sainte lisant. Le reste du décor con- siste en trophées d'armes teintés de jaune sur fond bleu lapis. Fab. de Castel Du rante.","331. VASE à panse ovoïde, à goulot droit et court. Sur la face, dans un médaillon, une Sainte lisant. Le reste du décor con- 2. siste en trophées d'armes teintés de jaune sur fond bleu lapis. Fab. de Castel Du rante.

Haut. 0.30.",documents/BO0624_4671
334,332,"PLAT CREUX. LE DÉVOUEMENT DE CURTIUS. Curtius monté sur un cheval blanc s'avance au galop vers le gouffre. À gauche un groupe de personnages qui admirent son dévouement. Décor polychrome. Au revers, en bleu: Curtio salta in la voragine et libera Roma. In Urbino. Diam. 0.25.","332. PLAT CREUX. LE DÉVOUEMENT DE CURTIUS. Curtius monté sur un cheval blanc s'avance au galop vers le gouffre. À gauche un groupe de personnages qui admirent son dévouement. Décor polychrome. Au revers, en bleu: Curtio salta in la voragine et libera Roma. In Urbino. Diam. 0.25.",documents/BO0624_4671
335,333,PLAT CREUX. Métamorphose des sœurs,"333. PLAT CREUX. Métamorphose des sœurs

Diam. 0.29. Voir illustration, planche 24.

- de Phaëton. Décor polychrome. Émaux brillants. Fab. de Urbino.",documents/BO0624_4671
336,334,"PLAT à large bord. Aubord d'une rivière la déesse Latone. Décor polychrome. Au revers, en bleu: La dea Latona. Fab. de Urbino.","334. PLAT à large bord. Aubord d'une rivière la déesse Latone. Décor polychrome. Au revers, en bleu: La dea Latona. Fab. de Urbino.

Diam. 0.26 Voir illustration, planche n. 24.",documents/BO0624_4671
337,335,"GRAND PLAT. BATAILLE DE MULHBERG. L'armée victorieuse de Charles-Quint passe l'Elbe et marche à l'assaut de la ville de Mulhberg où fit prisonnier l'Electeur Jean Frédéric, Duc de Saxe. La peinture de ce plat est attribuée à Raphaël Ciarla. Fab. de Urbino.","335. GRAND PLAT. BATAILLE DE MULHBERG. L'armée victorieuse de Charles-Quint passe l'Elbe et marche à l'assaut de la ville de Mulhberg où fit prisonnier l'Electeur Jean Frédéric, Duc de Saxe. La peinture de ce plat est attribuée à Raphaël Ciarla. Fab. de Urbino.

Diam 0.45. Voir illustration, planche n. 23.",documents/BO0624_4671
338,336,"PLAT à large bord. PYRAME ET THISBÉ, Au milieu d'une prairie Thisbé debout et Pyrame étendu sur le tertre; à gauche près d'un arbre le lion couché et Cupidon se cachant le visage de ses deux mains. Décor polychrome. Au revers, en bleu : Vedi Piramo e Tisbe insieme a l'ombra. In Urbino.","336. PLAT à large bord. PYRAME ET THISBÉ, Au milieu d'une prairie Thisbé debout et Pyrame étendu sur le tertre; à gauche près d'un arbre le lion couché et Cupidon se cachant le visage de ses deux mains. Décor polychrome. Au revers, en bleu : Vedi Piramo e Tisbe insieme a l'ombra. In Urbino.

Diam. 0.25.",documents/BO0624_4671
339,337,"DEUX VASES forme MEDICI, avec couvercle, décorés de paysages. Fab. de Castelli. Abruzzi.","337. DEUX VASES forme MEDICI, avec couvercle, décorés de paysages. Fab. de Castelli. Abruzzi.

Haut. 0.47.",documents/BO0624_4671
340,338,"BEAU VASE DE PHARMACIE, de forme cylindrique, offrant le portrait à mi-buste d'une jeune femme et au dessous une inscription pharmaceutique. Décoration de feuilles et de rubans. Emaux polychromes. Fab. de Cafaggiolo.","338. BEAU VASE DE PHARMACIE, de forme cylindrique, offrant le portrait à mi-buste d'une jeune femme et au dessous une inscription pharmaceutique. Décoration de feuilles et de rubans. Emaux polychromes. Fab. de Cafaggiolo.

Haut. 0.20",documents/BO0624_4671
341,339,"PLAT dit « AMATORIO» à large bord, orné de fleurettes bleues et de feuilles chamois à reflets irisés; au centre deux mains croisées surmontées de la couronne de la Vierge, en même décor que le bord. Fab. de Deruta.","339. PLAT dit « AMATORIO» à large bord, orné de fleurettes bleues et de feuilles chamois à reflets irisés; au centre deux mains croisées surmontées de la couronne de la Vierge, en même décor que le bord. Fab. de Deruta.

Diam. 0.23. Veir illustration, planche n. 24.",documents/BO0624_4671
342,340,"PLAT à fond creux et à ombilic légèrement saillant, sur lequel une étiquette avec le nom Margaritta, imbrications à trois rangées autour, triangles alternant avec fleurs sur le marli. Émail rouge-cuivreux relevé de bleu sur fond blanc. Fab. de Gubbio.","340. PLAT à fond creux et à ombilic légèrement saillant, sur lequel une étiquette avec le nom Margaritta, imbrications à trois rangées autour, triangles alternant avec fleurs sur le marli. Émail rouge-cuivreux relevé de bleu sur fond blanc. Fab. de Gubbio.

Dam. 0.23. Voir illustration, planche n. 24.",documents/BO0624_4671
343,341,"PLAT CREUX, à ombilic saillant, formant médaillon rayonnant avec le monogramme du Christ au milieu et décoré tout autour de godrons en relief à hélice à reflets dores et rouge rubis. lab. de Cubbio.","341. PLAT CREUX, à ombilic saillant, formant médaillon rayonnant avec le monogramme du Christ au milieu et décoré tout autour de godrons en relief à hélice à reflets dores et rouge rubis. lab. de Cubbio.

Diam. 0.23. Voir illustration, pianche n. 24.",documents/BO0624_4671
344,342,"PETIT PLAT CREUX, rosace au centre, rubans entrelacés sur le bord. Décor bleu, vert et jaune sur fond clair. Fab. de Cafaggiolo.","342. PETIT PLAT CREUX, rosace au centre, rubans entrelacés sur le bord. Décor bleu, vert et jaune sur fond clair. Fab. de Cafaggiolo.

Diam. 0.135.",documents/BO0624_4671
345,343,"PLAT à large bord. HÉRo ET LÉANDRE. À la vue du cadavre de Léandre, Héro se précipite d'une fenêtre de son palais dans la mer. Décor polychrome. Au revers l'inscrition en bleu: 1534. Leandro in mare et Hero alla fenestra. In Urbino.","343. PLAT à large bord. HÉRo ET LÉANDRE. À la vue du cadavre de Léandre, Héro se précipite d'une fenêtre de son palais dans la mer. Décor polychrome. Au revers l'inscrition en bleu: 1534. Leandro in mare et Hero alla fenestra. In Urbino.

Diam. 0.25.",documents/BO0624_4671
346,344,"ASSIETTE creuse à large marli, dite « IONDINO ». Décor de quadrillages au centre, d'arabesques et de fleurs sur le marli, en bleu et jaune sur fond blanc. Fab. de Cafaggiolo.","344. ASSIETTE creuse à large marli, dite « IONDINO ». Décor de quadrillages au centre, d'arabesques et de fleurs sur le marli, en bleu et jaune sur fond blanc. Fab. de Cafaggiolo.

Diam. 0.20.",documents/BO0624_4671
347,345,"PLAT à large bord. SALOMON ET LA REINE SABA. La Reine Saba et deux femmes de son cortège, agenouillées offrent des vases au Roi Salomon couronné et assis sur un trône à gauche. Décor polychrome. Au revers en bleu: Reina Sabba ande adudire la sapientia da Salomone. Nella botega de M° Guido Durantino in Urbino Diam. 0.28.","345. PLAT à large bord. SALOMON ET LA REINE SABA. La Reine Saba et deux femmes de son cortège, agenouillées offrent des vases au Roi Salomon couronné et assis sur un trône à gauche. Décor polychrome. Au revers en bleu: Reina Sabba ande adudire la sapientia da Salomone. Nella botega de M° Guido Durantino in Urbino Diam. 0.28.

Voir illustration, planche n. 24.",documents/BO0624_4671
348,346,"PLAT décoré sur le marli de boucliers et tambours teintés en jaune sur fond bleu lapis, d'arabesques bianco sopra bianco à la chute et d'un petit Amour au centre peint en couleurs. Fab. de Castel Durante.","346. PLAT décoré sur le marli de boucliers et tambours teintés en jaune sur fond bleu lapis, d'arabesques bianco sopra bianco à la chute et d'un petit Amour au centre peint en couleurs. Fab. de Castel Durante.

Diam. 0.22. Voir illustration, planche n. 24.",documents/BO0624_4671
349,347,"BOUTEILLE décorée d'œillets et ramages en bleu, vert et rouge sur champ d'émail blanc. Fab. de Rhodes.","347. BOUTEILLE décorée d'œillets et ramages en bleu, vert et rouge sur champ d'émail blanc. Fab. de Rhodes.

Hant. 0.30.",documents/BO0624_4671
350,348,"VASE DE PHARMACIE, forme cylindrique, offrant un médaillon à tête d'homme barbu. Décor de fleurs et feuilles en vert, blanc et jaune sur fond bleu lapis. Fab. d'Urbino.","348. VASE DE PHARMACIE, forme cylindrique, offrant un médaillon à tête d'homme barbu. Décor de fleurs et feuilles en vert, blanc et jaune sur fond bleu lapis. Fab. d'Urbino.

Haut. o.1o.",documents/BO0624_4671
351,349,DEUX BOUTEILLES avec bouchon. Décor de fleurs et feuillages polychromes sur fond d'émail blanc. Fab. de Rhodes.,"349. DEUX BOUTEILLES avec bouchon. Décor de fleurs et feuillages polychromes sur fond d'émail blanc. Fab. de Rhodes.

Haut. 0.30.",documents/BO0624_4671
352,350,"PETIT VASE DE PHARMACIE de forme cylindrique resserrée au milieu et à la base, décoré au pourtour de tambours, de boucliers et d'un médaillon à tête de guerrier casqué. Décor polychrome. Fab. de Castel Durante.","350. PETIT VASE DE PHARMACIE de forme cylindrique resserrée au milieu et à la base, décoré au pourtour de tambours, de boucliers et d'un médaillon à tête de guerrier casqué. Décor polychrome. Fab. de Castel Durante.

Haut. o.II.",documents/BO0624_4671
353,351,"VAsE de forme ovoïde, décor d'un médaillon offrant un buste de jeune homme et tout autour de branches fleuries enroulées. Emaux bleu, vert et jaune. Fab. de Caltagirone.","351. VAsE de forme ovoïde, décor d'un médaillon offrant un buste de jeune homme et tout autour de branches fleuries enroulées. Emaux bleu, vert et jaune. Fab. de Caltagirone.

Haut. 0.32.",documents/BO0624_4671
354,352,"DEUX VASES cylindriques en faïence de Pesaro, retricis à la base et au col. Décor bleu sur fond blanc.","352. DEUX VASES cylindriques en faïence de Pesaro, retricis à la base et au col. Décor bleu sur fond blanc.

Haut. 0.21.",documents/BO0624_4671
355,353,"DEUX BROCS en faience de Pesaro, décor bleu sur fond blanc. XVIIme siècle. Haut. 0.18.","353. DEUX BROCS en faience de Pesaro, décor bleu sur fond blanc. XVIIme siècle. Haut. 0.18.",documents/BO0624_4671
356,354,DEUX BRIQUES rectangulaires à sujets champêtres en grisaille bleue rehaussée d'or. Cadres noir et or.,"354. DEUX BRIQUES rectangulaires à sujets champêtres en grisaille bleue rehaussée d'or. Cadres noir et or.

maut des briques 0.20 x 0.10",documents/BO0624_4671
357,355,"DEUX BROcS en faïence de Faenza, décoré de resaces et rinceaux. Le décor en bleu, orange et vert.","355. DEUX BROcS en faïence de Faenza, décoré de resaces et rinceaux. Le décor en bleu, orange et vert.

Haut. 0.24.",documents/BO0624_4671
358,356,"VAsE cylindriqne, rétreci à la base et au col, d'un côté décoré d'un médaillon re présentant « Saint Martin et le pauvre », de l'autre la marque de Castel Durante (1698).","356. VAsE cylindriqne, rétreci à la base et au col, d'un côté décoré d'un médaillon re présentant « Saint Martin et le pauvre », de l'autre la marque de Castel Durante (1698).

Haut. 0.28.",documents/BO0624_4671
359,357,VasE cylindrique un peu rétréci à la base; décor bleu orange et vert sur fond blanc. Faenza.,"357. VasE cylindrique un peu rétréci à la base; décor bleu orange et vert sur fond blanc. Faenza.

Haut. 0.17",documents/BO0624_4671
360,358,BRoc en faïence de Pesaro décoré sur le devant d'un paysage. Décor jaune et bleu sur fond blanc.,"358. BRoc en faïence de Pesaro décoré sur le devant d'un paysage. Décor jaune et bleu sur fond blanc.

Haut. 0.26
PLANCHES
<!-- image -->
<!-- image -->
<!-- image -->
## PLANCHE N. 4.

N. 214.

<!-- image -->
N. 213.

<!-- image -->
## PLANCHE N. 6.

N. 44.

<!-- image -->
N. 43.

<!-- image -->
N. 225.

<!-- image -->

N. 226.
N. 228.

<!-- image -->

<!-- image -->

N. 132.
N. 223.

<!-- image -->

<!-- image -->

N. 131.
N. 35.

<!-- image -->

N. 130.

<!-- image -->
N. 37.

<!-- image -->
N. 38.

<!-- image -->
N. 222.

<!-- image -->
N. 221.

<!-- image -->

<!-- image -->

N. 220.
<!-- image -->
<!-- image -->
N. 52.

<!-- image -->

N. 55.

N. 52.
N. 209.

<!-- image -->
<!-- image -->

N. 169.

N. 172.

N. 158.

N. 167.
N. 239.

N. 160.

<!-- image -->
<!-- image -->
Collection de S. E. Lord CURRIE

<!-- image -->

N. 335.
<!-- image -->",documents/BO0624_4671
