index,num,title,text,catalogue_id
1,I,PRIMALICCIO,"- I. PRIMALICCIO
- A. DEL SARTO
- A. ALLEGRI
- S. DEL PIOMBO

FRA BARTOLOMEO

KUBINS

VAN DYCK

## ra ences ita tennes

MASIKO GIORGIO

MASTRO CENTIO

MALSIRO XANTO

MEDICT

## TAPISSERIES - BRONZES",documents/BO0624_4399
2,I,VOIRES - ARMES - PLAQUETTES - ESTAMPES - ENLUMINURES - PORCELAINES,"IVOIRES - ARMES - PLAQUETTES - ESTAMPES - ENLUMINURES - PORCELAINES

MEUBLES SCULPTES - ÉTOFFES - TAPIS - BIBELOTS, ETC.

## ROME",documents/BO0624_4399
3,I,MPRIMERIE DE L'UNIONE COOPERATIVA EDITRICE,"IMPRIMERIE DE L'UNIONE COOPERATIVA EDITRICE

Via di Porta Salaria. 22-A",documents/BO0624_4399
4,1902,## Tableaux des Maitres Italiens,"1902

## Tableaux des Maitres Italiens

SIMON MEMMI

A. BOTTICELL

LIPPO LIPPI

- V. CANINA
- A. BRONZINO
- L. COSTA
- L. LO11O

BARTOLOMEO VENETO",documents/BO0624_4399
5,1,BERLUCCI,"1. BERLUCCI
- A. DEL SAKIO",documents/BO0624_4399
6,1,"DA IMOLA MARS ET LA VICTOIRE, par Moderno. Plaquette rectangulaire en bronze.","1. DA IMOLA

PALMA VECCHIO

CANALEITO

PIAZZETTA

CARAVAGGIO

ROSALBA CARRIERA

## Tableguy des Maitres étrangers

BOUCHER

MIGNARD

VAN LOO

FRATTA

CASILLDURANTE

URBINO

HADNZ A

CAr AGGlOLO

## Sculintures en mardre

MINO DA FIESOLE

- A. VERROCCHIO
- A. LOMBAKDO

BEGARELLI

- GAMBOLOGNA
- MAZZONI
- MICHELANGIOLO
- M. CIVIDALI

BERNINT

## Emaux peints

TEAN TER PENICATID

L. LIMOSIN

PIERRE REYMOND

LAUDIN

NAUDIN
## CONDITIONS DE LA VENTE

La vente aura lieu expressément au comptant.

Les acquéreurs payeront cinq pour cent, en plus du prix d'adjudication.

Les lots pourront être réunis ou divisés, et l'ordre du catalogue interverti au gré du Directeur de la vente, mais on tâchera de suivre autant que possible l'ordre du catalogue.

Les lots adjugés devront être retirés le lendemain du jour de l'adjudication. En cas de contestation sur deux enchères, l'objet sera remis immédiatement en vente

L'exposition mettant le public à même de se rendre compte de l'état et de la nature des objets, aucune réclamation ne sera admise une fois l'adjudication prononcée.

## JOURS DE LA VENTE

| Lundi    | 21 Avril du N.   | i au   | N. 90   |
|----------|------------------|--------|---------|
| Mardi.   |                  |        | 180     |
| Mercred  | 23               |        | 270     |
| Jeudi    | 24               |        |         |
| vendredi | 25               | 361    | 450     |
| Samedi.  |                  | 451    | 540     |
| Dimanche |                  | 541    | ,, 630  |

Les ventes auront lieu à trois heures précises de l'après midi.

De 1o heures du matin à i heure de l'après midi il y aura l'exposition des objets qui seront vendus dans la journée.
## AVIS IMPORTANTS

La Maison Sangiorgi est disposée à accorder du crédit aux Musées italiens et étran gers qui en teront demande. Les termes de payement devront être établis d'accord avant la vente.

La Maison Sangiorgi se charge des commissions de ceux qui ne peuvent pas assister à la vente, et se charge aussi de l'emballage et de l'expédition des objets achetes sur demande et contre envoi d'un mandat-postal de 5 Frs., MM. les amateurs pourront avoir la photographie de n'importe quelle pièce qui n'aurait pas été illustrée dans ce catalogue.

Le catalogue de luxe, illustré avec deux planches en photogravure, trois planches coloriées, et cinquante planches en phototypie, sera envoyé gratis aux clients de la Maison, et contre remboursement de 20 Frs. aux autres; mais on rendra cette somme a ceux qui ayant paye teront des achats a la vente.

Un catalogue à part a été imprimé pour les livres rares et anciens du Musée Guidi Jeu le to avri 1002

Les objets en vente pourront etre visites des a present avec un billet de permission qui sera delivre à la Galerie Sangiorgi

Les objets qui n'ont pas été catalogués seront vendus a la fin de chaque vente
## PREFACE

Le Musée Guidi de Faenza a été formé au commencement du siècle été formé à l'époque où l'on trouvait encore asses facilement des objets d'art passé, par une famille de riches amateurs et de fins connaisseurs. Il a donc de premier ordre.

Les Botticelli autentiques, les Lippo Lippi, Bertucci, Bronzino, Simon Memmi, Mino da Fiesole, Begarelli, Giambologna, et les beaux bronzes, et les émaux peints, et les ivoires du xIIe siècle, et les faiences primitives sont très rares aujourd'hui sur les marchés italiens. J'ose presque affirmer qu'ils sont introuvables.

Je suis donc certain que tous les Musées publiques et particuliers auront un grand intérêt à se disputer l'acquisition des objets que je mets en

Le Musée Guidi se composait d'un nombre extraordinaire d'objets; mais, dans l'intérêt des amateurs et de l'art, j'en ai choisi seulement quelques vente. Il serait bien difficile, du reste, d'avoir encore une occasion semblable.

centames veritablement anciens et de premier ordre, et je les ai catalogués. Tout ce qui était médiocre, je l'ai écarté.

Pour la rédaction du Catalogue j'ai eu recours à l'autorité et à l'honnetete reconnues de nos critiques d'art les plus rénommés, tel que le prof. A. VENTURI, directeur du Musée Corsini à Rome; le prof. F. ARGNAGNI, directeur du Musée de la ville de Faenza; le docteur BARIOLA, directeur du Musée Estense à Modena, et des spécialistes ont dictés les descriptions des tapis persans, des livres, etc.

Je serais satisfait d'avoir mérité, une fois encore, l'estime et la sim-

G. SANGIORGI

COMMISSAIRE-PRISEUR.

patie de ma nombreuse clientèle.
## PREMIÈRE VENTE

## Lundi 21 Avril à 15 heures précises

## Plaquettes en bronze. - I. MARS ET LA VICTOIRE, par Moderno. Plaquette rectangulaire en bronze.

Haut. M. 0.07 - Larg. M. 0.057. Molinier N. 186.

Voir illustration, planche 46.",documents/BO0624_4399
7,2,JEUX D'AMOURS. Deux plaquettes en bronze. École de Donatello.,"2. JEUX D'AMOURS. Deux plaquettes en bronze. École de Donatello.

Haut. M. 0.045 - Larg. M. 0.084. Molinier N. 79.",documents/BO0624_4399
8,3,"LE CHRIST DEVANT PILATE et LA FLAGELLATION, deux plaquettes en bronze. Petits ovales.","3. LE CHRIST DEVANT PILATE et LA FLAGELLATION, deux plaquettes en bronze. Petits ovales.

Voir illustration, planche 46.",documents/BO0624_4399
9,4,LA MISE AU TOMBEAU. Deux plaquettes en,"4. LA MISE AU TOMBEAU. Deux plaquettes en

bronze.

Haut. M. 0.10 - Larg. M. 0.065. Cat. Spitzer N. 1510.

Voir illustration, planche 46.",documents/BO0624_4399
10,5,"LA CRUCIFIXION, par Moderno. Plaquette en bronze.","5. LA CRUCIFIXION, par Moderno. Plaquette en bronze.

Molinier N. 171.

Voir illustration, planche 46.",documents/BO0624_4399
11,6,"BUSTE DE JEUNE-HOMME, plaquette ovale en bronze.","6. BUSTE DE JEUNE-HOMME, plaquette ovale 2. en bronze.

01211. M. 0.025. M. 0.03 Molinier N. 6.

vowr ubustracion, planche 40.",documents/BO0624_4399
12,7,"LA RESURRECTION, plaquette en bronze.","7. LA RESURRECTION, plaquette en bronze.

Haut. M. o.10 - Larg. M. 0.063. Molinier N. 180.

Voir illustration, planche 46.",documents/BO0624_4399
13,8,"HERCULE ET ANTÉE, plaquette en bronze. Haut. M. 0.07 - Larg. M. 0.06. Molinier N. 202.","8. HERCULE ET ANTÉE, plaquette en bronze. Haut. M. 0.07 - Larg. M. 0.06. Molinier N. 202.

Voir illustration, planche 46.",documents/BO0624_4399
14,9,"HERCULE ET LE LION DE NÉMÉE, plaquette en bronze.","9. HERCULE ET LE LION DE NÉMÉE, plaquette en bronze.

Haut. M. 0.055 - Larg. M. 0.06. Molinier N. 199.

Voir illustration, planche 46.",documents/BO0624_4399
15,I,"O. DIANE, plaquette ovale en bronze.","- IO. DIANE, plaquette ovale en bronze.

Diam. M. 0.07: M. 0.03. Molinier N. 44.

Voir illustration, planche 46.

- To bis, MARS ET VÉNUS surpris par Vulcain. Plaquette octogonale en bronze. XVIe siècle.

Haut. et larg. 0.145

vowr ilustration, planche 40.",documents/BO0624_4399
16,II,"LA MISE AU TOMBEAU, plaquette en bronze. Signée M. (Moderno).","- II. LA MISE AU TOMBEAU, plaquette en bronze. Signée M. (Moderno).

Haut. M. 0.07 - Larg. M. 0.055. Molinier N. 176.

Voir illustration, planche 46.",documents/BO0624_4399
17,12,"LÉGENDE DU ROI DE MERCIE, plaquette","12. LÉGENDE DU ROI DE MERCIE, plaquette",documents/BO0624_4399
18,2,ronde en bronze dore.,"2. ronde en bronze dore.

owy mlustration, puuncne 40.

Diam. M. 0.05. Molinier N. 712.",documents/BO0624_4399
19,12,"bis, LES DIOSCURES devant Jupiter dans l'Olympe. Plaquette oblongue à coins arron-","- 12 bis, LES DIOSCURES devant Jupiter dans l'Olympe. Plaquette oblongue à coins arron-
- dis. XVIe siècle,

Long. M. 0.18 - Haut. 0.08 Voir illustration, planche 46.

## Tabatières.",documents/BO0624_4399
20,13,TABATIÈRE rectangulaire en tortue avec ornements en relief. Monture en métal doré. Louis XV.,"13. TABATIÈRE rectangulaire en tortue avec ornements en relief. Monture en métal doré. Louis XV.

Larg. M. 0.08 X 0.06.",documents/BO0624_4399
21,14,"TABATIÈRE rectangulaire, décorée sur le couvercle, au pourtour et à la partie inférieure de masques italiens et d'ornements en couleurs sur fond blanc. Monture en métal doré. Vieille faïence de Castelli. XVIIIe siècle.","14. TABATIÈRE rectangulaire, décorée sur le couvercle, au pourtour et à la partie inférieure de masques italiens et d'ornements en couleurs sur fond blanc. Monture en métal doré. Vieille faïence de Castelli. XVIIIe siècle.

Voir illustration, planche 24.",documents/BO0624_4399
22,15,"IA Tie rectangulaire, en main bat, doré. Vieux Saxe.","15. IA Tie rectangulaire, en main bat, doré. Vieux Saxe.

Voir illustration, planche 24.

M. 0.650 X 0.500.",documents/BO0624_4399
23,16,"PETITE BOMBONNIÈRE à coquille, en porcelaine blanche. Sur le couvercle et tout au tour des petits médaillons à sujets militaires et de marine en camaïeu violet entourés d'arabesques et fleurs dorées et en couleurs. Le couvercle est orné d'une petite frise à rinceaux et rosaces en couleur rouge et à la partie inférieure est représentée une villa avec un joueur de clarinette et une dame dansant. Au dessous, la boîte est émaillée en bleu avec fleurs et feuilles en couleurs et ornements dorés. Monture en argent doré. Vieux Venise Etui en peau noire et ornements dorés.","16. PETITE BOMBONNIÈRE à coquille, en porcelaine blanche. Sur le couvercle et tout au tour des petits médaillons à sujets militaires et de marine en camaïeu violet entourés d'arabesques et fleurs dorées et en couleurs. Le couvercle est orné d'une petite frise à rinceaux et rosaces en couleur rouge et à la partie inférieure est représentée une villa avec un joueur de clarinette et une dame dansant. Au dessous, la boîte est émaillée en bleu avec fleurs et feuilles en couleurs et ornements dorés. Monture en argent doré. Vieux Venise Etui en peau noire et ornements dorés.

M. 0.850 X 0.650.

Voir illustration planche, 24.",documents/BO0624_4399
24,17,"Boîte circulaire en acier bleui offrant sur les deux faces et tout au tour une riche ornementation de rinceaux feuillagés et fleuris, ajourés. Travail florentin du X VIe siècle.","17. Boîte circulaire en acier bleui offrant sur les deux faces et tout au tour une riche ornementation de rinceaux feuillagés et fleuris, ajourés. Travail florentin du X VIe siècle.

Voir illustration, planche 24.

Diam. M. 0.075",documents/BO0624_4399
25,18,"PETITE BOITE ovale en cuivre doré, ornée de rinceaux feuillagés et fleuris ou jouent des oiseaux. Travail français. Objet rare et admirablement ciselé. Louis XIV.","18. PETITE BOITE ovale en cuivre doré, ornée de rinceaux feuillagés et fleuris ou jouent des oiseaux. Travail français. Objet rare et admirablement ciselé. Louis XIV.

Diam. M. 0.10 X 0.07.

Voir illustration, planche 24.",documents/BO0624_4399
26,19,"TABATIÈRE ronde en ivoire, le couvercle orné d'une miniature sur ivoire, représentant le portrait d'une belle jeune femme, vue à demi-corps, décolletée, son corsage garni de gaze et tenant dans les mains de la musique. Travail français. Époque Louis XVI.","19. TABATIÈRE ronde en ivoire, le couvercle orné d'une miniature sur ivoire, représentant le portrait d'une belle jeune femme, vue à demi-corps, décolletée, son corsage garni de gaze et tenant dans les mains de la musique. Travail français. Époque Louis XVI.

Diam. M. 0.08.

low instration, planche 24.",documents/BO0624_4399
27,20,TABATIÈRE en jaspe sanguin et or. Monture de Beche. Etui en chagrin noir. Époque Louis XV.,"20. TABATIÈRE en jaspe sanguin et or. Monture de Beche. Etui en chagrin noir. Époque 2. Louis XV.

Voir illustration, planche 24.

M. 0.08 X 0.06.",documents/BO0624_4399
28,21,"TABATIÈRE en cristal de roche, forme oblongue, cintrée aux extrémités; portrait de jeune dame gravé sur le couvercle. Monture en or. Louis XV.","21. TABATIÈRE en cristal de roche, forme oblongue, cintrée aux extrémités; portrait de jeune dame gravé sur le couvercle. Monture en or. Louis XV.

Long. M. 0.00

## Bronzes.",documents/BO0624_4399
29,22,"MORTIER en bronze, avec deux anses formées par des cariatides à têtes de femmes et orné au pourtour de figures, de feuilles et de fleurs en relief. XVIIe siècle.","22. MORTIER en bronze, avec deux anses formées par des cariatides à têtes de femmes et orné au pourtour de figures, de feuilles et de fleurs en relief. XVIIe siècle.

Haut. M. 0.125

Diam. M. 0.165

Voir illustration, planche 44.",documents/BO0624_4399
30,23,"DEUX AIGLES, d'une griffe appuyés sur un globe et de l'autre soutenant un écusson. Bronze. XVIIe siècle.","23. DEUX AIGLES, d'une griffe appuyés sur un 2. globe et de l'autre soutenant un écusson. Bronze. XVIIe siècle.

Voir illustration, planche 14.

Haut. M. 0.26.",documents/BO0624_4399
31,24,"ENCRIER triangulaire en bronze. Les angles décorés de têtes de lions et de feuilles d'acanthe, terminant dans le bas à volute, et de mascarons avec ornements en relief","24. ENCRIER triangulaire en bronze. Les angles décorés de têtes de lions et de feuilles d'acanthe, terminant dans le bas à volute, et de mascarons avec ornements en relief
sur la frise. Le couvercle manque. Patine brune. XVIe siècle.

Haut. M. 0.05 Voir illustration, planche 43.",documents/BO0624_4399
32,25,SAINT GEORGES tuant à coups de lance le Dragon renversé. Groupe en bronze sur base rectangulaire supportée par quatre griffes de lions. Dan le bas un tiroir dans lequel se trouvent placés un encrier et un sablier. Patine verte foncée. XVIe siècle.,"25. SAINT GEORGES tuant à coups de lance le Dragon renversé. Groupe en bronze sur base rectangulaire supportée par quatre griffes de lions. Dan le bas un tiroir dans lequel se trouvent placés un encrier et un sablier. Patine verte foncée. XVIe siècle.

Haut. M. 0.25 - Larg. M. 0.20

Voir illustration, planche 14.",documents/BO0624_4399
33,26,"DEUX FEMMES, drapées, à demi couchées sur un sofa et soutenant une corbeille de fleurs. Pièces de décoration pour chénets. Bronze doré. Louis XVI.","26. DEUX FEMMES, drapées, à demi couchées sur un sofa et soutenant une corbeille de fleurs. Pièces de décoration pour chénets. Bronze doré. Louis XVI.

Larg. M. 0.40 - Haut. M. 0.24. Voir illustration, planche 44.",documents/BO0624_4399
34,27,"JEUNE-HOMME nu, soulevant un vase. Base forme ovale. Bronze du XVIe siècle.","27. JEUNE-HOMME nu, soulevant un vase. Base 2. forme ovale. Bronze du XVIe siècle.

Haut. M. 0.23. Voir illustration, planche 42.",documents/BO0624_4399
35,28,"PETIT MORTIER en bronze à deux anses à volutes, orné au pourtour d'écussons, d'ani-","28. PETIT MORTIER en bronze à deux anses à volutes, orné au pourtour d'écussons, d'ani-

Haut. M. o.I1.

- maux et de trois frises à décors variés en relief. XVIIe siècle.",documents/BO0624_4399
36,29,"CHEvaL en bronze, au moment ou il franchit l'obstacle. Base rectangulaire en mar-","29. CHEvaL en bronze, au moment ou il franchit l'obstacle. Base rectangulaire en mar-
- bres coloriés. XVIe siècle.

Haut. totale M. 0.27. Larg. de la base M. 0.16.",documents/BO0624_4399
37,30,DEUX MARTEAUX DE PORTE. Les anneaux formés par deux serpents avec des mascarons au centre. Bronzes du XVI siècle. Haut. M. 0.15.,30. DEUX MARTEAUX DE PORTE. Les anneaux 2. formés par deux serpents avec des mascarons au centre. Bronzes du XVI siècle. Haut. M. 0.15.,documents/BO0624_4399
38,31,"ENCRIER triangulaire en bronze, supporté par trois pattes de lions, surmontées de volutes. La frise ornée de palmettes en relief. Sur le couvercle un amour soutenant un écusson. XVI® siècle.","31. ENCRIER triangulaire en bronze, supporté par trois pattes de lions, surmontées de volutes. La frise ornée de palmettes en relief. Sur le couvercle un amour soutenant un écusson. XVI® siècle.

Voir illustration, planche 43.

Haut. M. 0.15.",documents/BO0624_4399
39,32,"BACCHUs, ivre, tenant une grappe de raisin dans la main gauche. Bronze du XVII® siècle.","32. BACCHUs, ivre, tenant une grappe de raisin dans la main gauche. Bronze du XVII® siècle.

Haut. M. 0.18.",documents/BO0624_4399
40,33,"ATLAS appuyé sur le genou droit et le bras droit en l'air. Statuette en bronze, belle patine foncée. Belle pièce du XVIe siècle.","33. ATLAS appuyé sur le genou droit et le bras droit en l'air. Statuette en bronze, belle patine foncée. Belle pièce du XVIe siècle.

Haut. M. 0.16.

Voir illustration, planche 42.

## Faïences et Porcelaines.",documents/BO0624_4399
41,34,"VASE de pharmacie à cylindre resseré au milieu, décoré d'un buste de femme et d'ornements de branches feuillagées. Fabrique de Faenza. XVIe siècle.","34. VASE de pharmacie à cylindre resseré au 2. milieu, décoré d'un buste de femme et d'ornements de branches feuillagées. Fabrique de Faenza. XVIe siècle.

Haut. M. 0.28",documents/BO0624_4399
42,35,"LE TRIOMPHE DE GALATÉE. Brique rectangulaire en faience émaillée de couleurs. Fa- brique de Castelli, Abruzzi. XVIIIe siècle. Haut. M. 0.26 - Larg. 0.38.","35. LE TRIOMPHE DE GALATÉE. Brique rectangulaire en faience émaillée de couleurs. Fa- 2. brique de Castelli, Abruzzi. XVIIIe siècle. Haut. M. 0.26 - Larg. 0.38.",documents/BO0624_4399
43,36,"DEUX JARDINIÈRES, forme octogonale, décor or, fleurs et ornements en couleurs sur fond blanc. Monture en métal. XVIIIe siècle","36. DEUX JARDINIÈRES, forme octogonale, décor or, fleurs et ornements en couleurs sur fond blanc. Monture en métal. XVIIIe siècle

Long: M. 0.22 - Haut. M 0.85",documents/BO0624_4399
44,37,PLAT circulaire à piédouche. Un médaillon rond offrant un petit amour en bleu forme le centre de la décoration à écailles polychromes à relief. Fabrique d'Urbino. Seconde moitié du XVIe siècle.,"37. PLAT circulaire à piédouche. Un médaillon rond offrant un petit amour en bleu forme le centre de la décoration à écailles polychromes à relief. Fabrique d'Urbino. Seconde moitié du XVIe siècle.

Diam. M. 0.26.",documents/BO0624_4399
45,38,"VASE sur pied, à panse sphérique et à large","38. VASE sur pied, à panse sphérique et à large

Haut. M. 0.25

- orifice décoré de plumes de paon en cinq rangées superposées. Décor bleu, jaune, vert et manganése. Faience de Faenza. XV® siècle.

Diam. M. o.18",documents/BO0624_4399
46,39,GRAND-PLAT creux à bord étroit. Repré sentant: La manne dans le désert. Moïse fait venir la manne du ciel pour le peuple,"39. GRAND-PLAT creux à bord étroit. Repré sentant: La manne dans le désert. Moïse fait venir la manne du ciel pour le peuple
d'Israël qui la recueille. Fond de paysage, mulets chargés de la manne bénie, campements des Juifs. Dans les airs écusson avec trois roses et un corbeau. Au revers l'inscription: Il popolo et Mosè raccolgono la manna nel deserto. Fabrique d'Urbino. Atelier des Fontana. Fin du XVIe siècle.

Diam. M. 0.42.

Voir illustration, planche 34.",documents/BO0624_4399
47,40,ASSIETTE à large marli représentant Alexandre et Diogéne. Alexandre est à cheval accompagné de plusieurs personnages et parle avec Diogéne assis dans son tonneau. Beau décor polychrome. Au revers l'inscription tracée en bleu: « Alisandro Magnio » et la date 1543 et au dessous la marque FX Vrbino. Belle pièce du maître François Xanto da Rovigo.,"40. ASSIETTE à large marli représentant Alexandre et Diogéne. Alexandre est à cheval accompagné de plusieurs personnages et parle avec Diogéne assis dans son tonneau. Beau décor polychrome. Au revers l'inscription tracée en bleu: « Alisandro Magnio » et la date 1543 et au dessous la marque FX Vrbino. Belle pièce du maître François Xanto da Rovigo.

Diam. M. 0.255.

Voir illustration, planche 34.",documents/BO0624_4399
48,41,"GRAND-PLAT creux à bord festonné. Au centre un vase avec des fleurs, tout au tour des paysages avec animaux, repétes en trois réserves divisées par des compartiments à bandes menues, chargées de fleurs et quadrillages. Décor bleu et rouge rehaussé d'or. Porcelaine, vieux Japon.","41. GRAND-PLAT creux à bord festonné. Au centre un vase avec des fleurs, tout au tour des paysages avec animaux, repétes en trois réserves divisées par des compartiments à bandes menues, chargées de fleurs et quadrillages. Décor bleu et rouge rehaussé d'or. Porcelaine, vieux Japon.

Diam. M. 0.56.",documents/BO0624_4399
49,42,"SERVICE à café et chocolat composé de 24 tasses, 12 soucoupes et un sucrier en porcelaine blanche, ornée de médaillons à petits personnages sur fond de paysage. Décor polychrome et dorures. Vieux Venise.","42. SERVICE à café et chocolat composé de 24 tasses, 12 soucoupes et un sucrier en porcelaine blanche, ornée de médaillons à petits personnages sur fond de paysage. Décor polychrome et dorures. Vieux Venise.

Voir illustration, planche 35.",documents/BO0624_4399
50,43,"VASE de pharmacie, forme cylindrique, resserré au milieu, décoré de bandes croisées, formant des losanges à fond clair avec fleurs au centre. Émail vert, jaune ocre et manganèse. Cafaggiolo.","43. VASE de pharmacie, forme cylindrique, resserré au milieu, décoré de bandes croisées, formant des losanges à fond clair avec fleurs au centre. Émail vert, jaune ocre et manganèse. Cafaggiolo.

Haut. M. 0.32.",documents/BO0624_4399
51,44,"PETIT PLAT creux à large bord dit tondino, au centre une sainte martyre, décoré sur le marli de grotesques en bianco fisso sur fond bleu sombre. Au verso des arabesques bleus sur fond bleu clair. Au centre la marque « C. Pirota ». Époque: vers 1530.","44. PETIT PLAT creux à large bord dit tondino, au centre une sainte martyre, décoré sur le marli de grotesques en bianco fisso sur fond bleu sombre. Au verso des arabesques bleus sur fond bleu clair. Au centre la marque « C. Pirota ». Époque: vers 1530.

Diam. M. 0.24.

Voir illustration, planche 32.",documents/BO0624_4399
52,45,"PLAT creux sur piédouche dit « fruttiera» à godrons et festons échancrés. Au centre, sur l'ombilic saillant, à fond jaune, buste d'Héros drapé, vu de profil à gauche; sur une banderole l'inscription:« Oracio ». Au pourtour, décor en jaune et bleu sur fond blanc. Pièce superbe de couleur et de brillant. Fabrique de Faenza. Vers 1540.","45. PLAT creux sur piédouche dit « fruttiera» à godrons et festons échancrés. Au centre, sur l'ombilic saillant, à fond jaune, buste d'Héros drapé, vu de profil à gauche; sur une banderole l'inscription:« Oracio ». Au pourtour, décor en jaune et bleu sur fond blanc. Pièce superbe de couleur et de brillant. Fabrique de Faenza. Vers 1540.

Diam. M. 0.25.

Voir illustration, planche 32.

## Tableaux.

## ALEXANDRE TURCHI

(dit l' Orbetto, 1580-1650).",documents/BO0624_4399
53,46,VÉNUS AU BAIN. Peinture d'invention originale. Cadre en bois sculpté et doré. 1700.,"46. VÉNUS AU BAIN. Peinture d'invention originale. Cadre en bois sculpté et doré.

Haut. 0.33 X 0.26.

## FRANÇOIS ZUCCARELLI. 1702-1700.",documents/BO0624_4399
54,47,DEUX PAYSAGES avec figures (pendant). Peinture sur toile. Très beaux cadres en bois sculpté et doré.,"47. DEUX PAYSAGES avec figures (pendant). Peinture sur toile. Très beaux cadres en bois sculpté et doré.

Haut. M. 0.28 X 0.42.

Voir illustration, planche 22.

## LAURENT COSTA.

(1530).",documents/BO0624_4399
55,48,"L'ADORATION DES BERGERS. La Vierge et Saint Joseph à droite, les berger à gauche adorent le Divin Enfant; dans le fond trois anges agenouillés chantent1' Hosanna. Fond de paysage, bel effet de lumière et très bon bis. SAINTE FAMILLE. Figures à demi corps. Dessin ferme et précis, nuances monochromes dans le vêtement de la Vièrge. Pièce","48. L'ADORATION DES BERGERS. La Vierge et Saint Joseph à droite, les berger à gauche adorent le Divin Enfant; dans le fond trois anges agenouillés chantent1' Hosanna. Fond de paysage, bel effet de lumière et très bon
coloris. Beau cadre en bois doré, décoré d'oves, d'une grecque, d'olives et de raies de cœur sculptées.

Bois, haut. M. 0.22 X 0.29.

Voir illustration, blanche 5.

## MATHURIN DE FLORENCE.

(XVI° siécle). - 48 bis. SAINTE FAMILLE. Figures à demi corps. Dessin ferme et précis, nuances monochromes dans le vêtement de la Vièrge. Pièce

intéressant. Peinture sur bois.

Haut M. 0.53 X 0.40.

## ROSALBA CARRIERA.

(1675-1757).",documents/BO0624_4399
56,49,"PORTRAIT de femme (buste). Représentée de trois quarts à droite, coiffure poudrée et frisée à petites boucles et ornée d'un bijou en brillants, robe décolletée en brocart blanc à grandes fleurs de couleurs, fermée sur le devant par des agrafes en pierreries, laissant à découvert le corsage garni de guipure de Venise, manteau bleu tombant derrière les épaules.","49. PORTRAIT de femme (buste). Représentée de trois quarts à droite, coiffure poudrée et frisée à petites boucles et ornée d'un bijou en brillants, robe décolletée en brocart blanc à grandes fleurs de couleurs, fermée sur le devant par des agrafes en pierreries, laissant à découvert le corsage garni de guipure de Venise, manteau bleu tombant 2. derrière les épaules.

Portrait d'une grâce noble, belle fraicheur et beau coloris des chairs.

Beau cadre en bois doré, à moulures décorées de fines sculptures.

Pastel, haut. M. 0.56 X 0.44. Voir illustration, planche 19.",documents/BO0624_4399
57,50,PORTRAIT d'homme de lettres. Cadre en ébène.,"50. PORTRAIT d'homme de lettres. Cadre en ébène.

Haut. M. 0,22 X 0.18.

## MARC PALMEZZANO.

(1540).",documents/BO0624_4399
58,51,LE RÉDEMPTEUR la main levée en bénissant. petit cartouche avec la signature: « Marcus,"51. LE RÉDEMPTEUR la main levée en bénissant. petit cartouche avec la signature: « Marcus

Haut. M. 0.50 X 0.40.

- Fond d'architecture et paysage; à droite un Palmezzanus ». Sur bois. Cadre ancien en pastille.

Voir illustration, planche i1.

## VITTORIO CARPACCIO.

(École de XIVe-XVe siècle).",documents/BO0624_4399
59,52,LE CHEVAL DE TROIE. Fond d'architecture d'un très bel effet et très heureuse distribution des figures. Peinture sur toile.,"52. LE CHEVAL DE TROIE. Fond d'architecture d'un très bel effet et très heureuse distribution des figures. Peinture sur toile.

Voir illustration, planche 6.

M. 1.08 X 2.85.

## SIMONE MARTINI

(dit Simon Memmi, 1280-1344).",documents/BO0624_4399
60,53,"PANNEAU central de grand retable à fond doré, orné de petites colonnes torses soutenant un arc ogive avec ornements et surmonté de cuspide. Au centre Saint Antoine Evêque de la Thébaïde, répresenté de face, assis sur un siège bas, garni d'un coussin de brocart plein or, tient à la main droite un livre qu'il appuie sur les genoux et de le gauche le tau. Deux anges avec des instruments musicaux sont agenouillés à droite et à gauche devant le Saint. Audessus deux autres anges soutiennent une draperie en brocart à fleurons dorés qui couvre presque entièrement le fond du panneau. Dans l'entablement, au centre d'un médaillon trilobé, le Père Éternel.","53. PANNEAU central de grand retable à fond doré, orné de petites colonnes torses soutenant un arc ogive avec ornements et surmonté de cuspide. Au centre Saint Antoine Evêque de la Thébaïde, répresenté de face, assis sur un siège bas, garni d'un coussin de brocart plein or, tient à la main droite un livre qu'il appuie sur les genoux et de le gauche le tau. Deux anges avec des instruments musicaux sont agenouillés à droite et à gauche devant le Saint. Audessus deux autres anges soutiennent une draperie en brocart à fleurons dorés qui couvre presque entièrement le fond du panneau. Dans l'entablement, au centre d'un médaillon trilobé, le Père Éternel.

Panneau magnifique par la majesté vé- nérable du Saint, par la richesse de la décoration et la conservation exceptionelle.

Haut. M. 3.05 X 1.20

Voir illustration, planche 4•

## ÉCOLE DU TITIEN.",documents/BO0624_4399
61,54,LA SAINTE FAMILLE. Figures à demi corps. Peinture sur toile. Cadre doré.,"54. LA SAINTE FAMILLE. Figures à demi corps. Peinture sur toile. Cadre doré.

Haut. M. 0.70 X 1.32.

## ÉCOLE ANGLAISE.

(Commencement du XIXe siècle).",documents/BO0624_4399
62,55,PORTRAIT D'ANTOINE CANOVA. Cadre en bois sculpté et doré.,"55. PORTRAIT D'ANTOINE CANOVA. Cadre en bois sculpté et doré.

Toile, haut M. 0.43 X 0.32
## G. VAN WITTEL

(dit Vanvitelli, 1647-J736).",documents/BO0624_4399
63,56,"SOUVENIR DE TIVOLI. L'Aniene formant la grande cascade, au dessus Tivoli. Chutes d'eau (le Cascatelle). Deux petits tableaux formant pendant. Cadres dorés.","56. SOUVENIR DE TIVOLI. L'Aniene formant la grande cascade, au dessus Tivoli. Chutes d'eau (le Cascatelle). Deux petits tableaux formant pendant. Cadres dorés.

Toile, haut. M. 0.48 X 0.38.

## J. B. LE PRINCE.

(1733-1781).",documents/BO0624_4399
64,57,"SAINTE FAMILLE. La Vierge est représentée assise de face auprès d'une construction à colonnes, vêtue de blanc avec un grand manteau bleu qui vient se draper sur ses genoux ; la tête est enveloppée d'une écharpe. Elle tient entre les mains une colombe et regarde en souriant l'Enfant qui s'appuie aux genoux de la mère et se retourne vers le petit Saint Jean; celui-ci courbe la tête en adoration devant lui. Saint Joseph à droite de la Madonne se penche pour mieux contempler. Paysage au fond.","57. SAINTE FAMILLE. La Vierge est représentée assise de face auprès d'une construction à colonnes, vêtue de blanc avec un grand manteau bleu qui vient se draper sur ses genoux ; la tête est enveloppée d'une écharpe. Elle tient entre les mains une colombe et regarde en souriant l'Enfant qui s'appuie aux genoux de la mère et se retourne vers le petit Saint Jean; celui-ci courbe la tête en adoration devant lui. Saint Joseph à droite de la Madonne se penche pour mieux contempler. Paysage au fond.

Composition pleine de grâce. Coloris flou. Beau cadre en bois sculpté et doré.

Toile ovale M. 0.70 X 0.57.

Voir illustration, planche 15.

## Dessins.

## TENIERS DAVID.",documents/BO0624_4399
65,58,UN PETIT PATINEUR. Aquarelle en couleurs. Joli cadre en bois doré et sculpté.,"58. UN PETIT PATINEUR. Aquarelle en couleurs. Joli cadre en bois doré et sculpté.

M. 0.04.50 X 0.07.50.

## TENIERS DAVID.",documents/BO0624_4399
66,59,UN CHEVALIER. À la plume. Cadre en bois noir.,"59. UN CHEVALIER. À la plume. Cadre en bois noir.

M. 0.07•50 X 0.14.

## POLLAJOLO ANT.",documents/BO0624_4399
67,60,FEMME nue à cheval sur un lyon. À la plume. Cadre en bois sculpté.,"60. FEMME nue à cheval sur un lyon. À la plume. Cadre en bois sculpté.

M. 0.08.50 X o.10.

## REMBRANDT.",documents/BO0624_4399
68,6,r. TROIS GRIFFONNAGES. À la plume et à la sanguine. Cadres en bois doré et en bois noir.,"- 6r. TROIS GRIFFONNAGES. À la plume et à la sanguine. Cadres en bois doré et en bois noir.

М. 0 06 X 0.04 - M. 0.05 X 0.06.50 - M. 0.05 X 0.06.

## PRIMATICCIO.",documents/BO0624_4399
69,62,NYMPHES DE FONTAINEBLEAU. À la sanguine. Cadre en bois brun.,"62. NYMPHES DE FONTAINEBLEAU. À la sanguine. Cadre en bois brun.

M. 0.29 X 0.20.

## Sculptures.",documents/BO0624_4399
70,63,"LE RÉDEMPTEUR. Tête nimbée, de profil à droite. Bas-relief rectangulaire en terre cuite, attribué à Michelozzo et trouvé dans les démolitions du couvent de Montepulciano. XVIe siècle.","63. LE RÉDEMPTEUR. Tête nimbée, de profil à droite. Bas-relief rectangulaire en terre cuite, attribué à Michelozzo et trouvé dans les démolitions du couvent de Montepulciano. XVIe siècle.

Haut. M. 0.45 X 0.34.",documents/BO0624_4399
71,64,"SAINT SÉBASTIEN, les mains liées, attachées à un tronc d'arbre, expirant sous les coups de flèches. Statuette en marbre blanc. XIVe siècle.","64. SAINT SÉBASTIEN, les mains liées, attachées à un tronc d'arbre, expirant sous les coups de flèches. Statuette en marbre blanc. XIVe siècle.

Voir illustration, planche 38.

Haut. M. 0.70.

## BENEDETTO DA ROVEZZANO.",documents/BO0624_4399
72,65,"BÉNITIER quadrilobé, en marbe blanc, formé par quatre coquilles à striures menues et séparées par quatre anges les ailes déployées, le corps terminé en feuille d'acanthe. À l'intérieur, les quatre coquilles sont ouvertes et sculptées artistiquement et completent la belle décoration de ce marbre. L'admirable modelé des anges, l'élégante simplicité de forme de la coupe et la finesse d'exécution la font attribuer au célèbre maître.","65. BÉNITIER quadrilobé, en marbe blanc, formé par quatre coquilles à striures menues et séparées par quatre anges les ailes déployées, le corps terminé en feuille d'acanthe. À l'intérieur, les quatre coquilles sont ouvertes et sculptées artistiquement et completent la belle décoration de ce marbre. L'admirable modelé des anges, l'élégante simplicité de forme de la coupe et la finesse d'exécution la font attribuer au célèbre maître.

Voir illustration, planche 36.

Haut. M. 0.32. Diam. M. 0.64.",documents/BO0624_4399
73,66,"HAUT-RELIEF rectangulaire, représentant sur trois rangs superposés une procéssion de huit saints, évêques, martyres et papes, précédés de quatre anges.","66. HAUT-RELIEF rectangulaire, représentant sur trois rangs superposés une procéssion de huit saints, évêques, martyres et papes, 2. précédés de quatre anges.
Albâtre avec traces de polychromie et de dorure. Italie du Nord. XVe siècle.

Haut. M. 0.4 X Larg. M. 0.26.

Voir illustration, planche 4t.

## G. L. BERNINI.",documents/BO0624_4399
74,67,"L'ADORATION DE L'ENFANT JÉSUS. La Vierge au centre et un ange de chaque côté, sont agenouillés et adorent l'Enfant Jésus couché sur un petit banc recouvert de paille. Une gloire de têtes de séraphins entoure le nimbe de la Vierge et en haut des anges jettent des fleurs à pleines mains.","67. L'ADORATION DE L'ENFANT JÉSUS. La Vierge au centre et un ange de chaque côté, sont agenouillés et adorent l'Enfant Jésus couché sur un petit banc recouvert de paille. Une gloire de têtes de séraphins entoure le nimbe de la Vierge et en haut des anges jettent des fleurs à pleines mains.

Admirable travail en haut-relief signé: « BERNINI», et c'est sans aucun doute un de ses premiers ouvrages, car on y voit clairement qu'il subit encore l'influence des maîtres du 1500. Terre cuite ronde. Cadre en bois noir et ornements dorés.

Diam. M. 0.70.

Voir illustration, planche 40.

## CHPISTOPHE SOLARIA",documents/BO0624_4399
75,68,"ENFANT, nu, couché par terre, gonflant une boule. Marbre blanc. Parfaite conservation.","68. ENFANT, nu, couché par terre, gonflant une boule. Marbre blanc. Parfaite conservation.

Long. M. 0.36 - Haut. M. 0.29.

Voir illustration, planche 38.

## Etoffes et Tapis.",documents/BO0624_4399
76,69,"PETIT TAPIS en velours venitien de style orientale, contretaillé, à fond rouge avec des rosaces chargées d'œillets en couleur bleue et rouge sur fond blanc satiné et petites rosaces brochées or. Aux extremités une bande d'écussons à tulipes bleues et rouges sur fond blanc. XVIe siècle.","69. PETIT TAPIS en velours venitien de style orientale, contretaillé, à fond rouge avec des rosaces chargées d'œillets en couleur bleue et rouge sur fond blanc satiné et petites rosaces brochées or. Aux extremités une bande d'écussons à tulipes bleues et rouges sur fond blanc. XVIe siècle.

M. 1.10 X 0.65.

Voir illustration, planche 30.",documents/BO0624_4399
77,70,"BANDE D'ETOFFE à fond jaune, broché en bis. TAPISSERIE, reprisentant un sujet histo-","70. BANDE D'ETOFFE à fond jaune, broché en

M. 1.85 X 0.52.

- argent; ornements de fleurs polycrhomes. XVIe siècle. - 70 bis. TAPISSERIE, reprisentant un sujet histo-
- rique. Scène à personnages, fond de paysage, encadré dans une belle borbure, à branches, fleurs et feuillage; le tout à plusieurs couleurs. Travail flamand. XVIIe siècle.

M. 4.70 X 2.85.",documents/BO0624_4399
78,71,"COUVERTURE en damas rouge, en trois lés, déssin à rinceaux, renfermant les lis de France et au centre de chaque lé « le soleil » surmonté d'une couronne royale, emblème de Louis XIV. XVIIe siècle. Pièce très rare.","71. COUVERTURE en damas rouge, en trois lés, déssin à rinceaux, renfermant les lis de France et au centre de chaque lé « le soleil » surmonté d'une couronne royale, emblème de Louis XIV. XVIIe siècle. Pièce très rare.

M. 2.20 X 2.15.",documents/BO0624_4399
79,72,"CHASUBLE à fond jaune or, avec des orne- ments d'architecture, fruits et fleurs tissés en soie de couleurs, brochés argent. XVII' siecle","72. CHASUBLE à fond jaune or, avec des orne- 2. ments d'architecture, fruits et fleurs tissés en soie de couleurs, brochés argent. XVII' siecle",documents/BO0624_4399
80,73,"CHASUBLE à fond rouge damassé, avec des ramages et fleurs en or et soie bleue.","73. CHASUBLE à fond rouge damassé, avec des 4. ramages et fleurs en or et soie bleue.",documents/BO0624_4399
81,74,BOURSE de velours vieil or avec des bou- quets de fleurs contretaillées.,"74. BOURSE de velours vieil or avec des bou- 6. quets de fleurs contretaillées.

## Meubles.",documents/BO0624_4399
82,75,"MIROIR DE TOILETTE avec cadre échancré en métal, la frise plaquée d'écaille et décorée d'incrustations en argent, entourée de deux cordons dorés. À la base deux écussons surmontés d'une couronne prind'abondance et une petite tête au milieu, cière. Dans le haut une coquille, des cornes en argent repoussé. Époque Louis XIV.","75. MIROIR DE TOILETTE avec cadre échancré en métal, la frise plaquée d'écaille et décorée d'incrustations en argent, entourée de deux cordons dorés. À la base deux écussons surmontés d'une couronne prind'abondance et une petite tête au milieu, 2. cière. Dans le haut une coquille, des cornes en argent repoussé. Époque Louis XIV.

Haut. M. 0.72.

vour wustration, planche 49.",documents/BO0624_4399
83,76,PANNEAU en noyer représentant Saint Jean prêchant dans le désert. Sculpture en basrelief. XVIIe siècle. bis. GRANDE PENDULE Louis XIV avec con-,"76. PANNEAU en noyer représentant Saint Jean prêchant dans le désert. Sculpture en basrelief. XVIIe siècle.

Haut. M. 1.40 X 1.12. - 76 bis. GRANDE PENDULE Louis XIV avec con-
- sole d'applique incrustée d'écaille, nacre et fleurs en couleurs sur cuivre, richement
garnie de bronzes dorés, surmontée d'un ange. Cadran en bronze avec le soleil au milieu, et arabesques ciselées; les heures marquées en noir sur fond d'émail blanc. Au dessous du cadran une figure en bas relief et ornements en métal doré.

Voir illustration, planche 49.

Haut. 1.70.",documents/BO0624_4399
84,77,"CANAPÉ en bois sculpté et doré, forme de baignoire, garniture en soie rayée à fond clair, bouquets de fleurs et ramages serpentants. Louis XVI.","77. CANAPÉ en bois sculpté et doré, forme de baignoire, garniture en soie rayée à fond clair, bouquets de fleurs et ramages serpentants. Louis XVI.

Long. M. 1.70 - Haut. 0.98.",documents/BO0624_4399
85,78,"COFFRE en bois doré, à dessus plat, couvert de fleurs et feuilles sculptées en relief. La façade est decorée de palmettes alternées avec de volutes feuillagées et encadrée d'une moulure denticulée en haut et d'un rang de godrons sur la base légèrement bombée. Travail italien. Fin du XVe siècle.","78. COFFRE en bois doré, à dessus plat, couvert de fleurs et feuilles sculptées en relief. La façade est decorée de palmettes alternées avec de volutes feuillagées et encadrée d'une moulure denticulée en haut et d'un rang de godrons sur la base légèrement bombée. Travail italien. Fin du XVe siècle.

Long. M. 1.75 - Haut. M. 0.55. Voir illustration, planche 55.

## Divers.",documents/BO0624_4399
86,79,"LE JUGEMENT DE PARIS et BACCUS ET ARIADNE. Deux petits bas-reliefs rectangulaires en cire, renfermés en cadres sculptés et dorés. Travail français. Époque Louis XVI.","79. LE JUGEMENT DE PARIS et BACCUS ET ARIADNE. Deux petits bas-reliefs rectangulaires en cire, renfermés en cadres sculptés et dorés. Travail français. Époque Louis XVI.

Larg. M. 0.15 X o.I0.",documents/BO0624_4399
87,80,TABLEAU en mosaïque florentine représentant portique et terrasse sur la mer avec petites figures.,"80. TABLEAU en mosaïque florentine représentant portique et terrasse sur la mer avec petites figures.

Haut. M. 0.34 X 0.40.",documents/BO0624_4399
88,81,"DEUX PORTE-CIERGE en fer forgé, ornés de feuilles. XVe siècle.","81. DEUX PORTE-CIERGE en fer forgé, ornés de feuilles. XVe siècle.

Haut. M. 1.25.",documents/BO0624_4399
89,82,"RELIQUAIRE à dessin architectonique sur verre à fond de glace avec ornements émaillés et dorés. Au centre un médaillon rond avec l'inscription: PIUS IIII PONT. MAX, à l'intérieur un bas-relief en cire coloriée représentant le Christ et les deux Maries. Cadre en ébène. XVIe siècle.","82. RELIQUAIRE à dessin architectonique sur verre à fond de glace avec ornements émaillés et dorés. Au centre un médaillon rond avec l'inscription: PIUS IIII PONT. MAX, à l'intérieur un bas-relief en cire coloriée représentant le Christ et les deux Maries. Cadre en ébène. XVIe siècle.

Haut. 0.33 X 0.28.",documents/BO0624_4399
90,83,"JÉsus chasse du temple les vendeurs. Petit bas-relief en albâtre, dans un cadre en pastille dorée. XVIIe siècle.","83. JÉsus chasse du temple les vendeurs. Petit bas-relief en albâtre, dans un cadre en pastille dorée. XVIIe siècle.

Larg. M. 0.1o - Haut. M. 0.12.",documents/BO0624_4399
91,84,"LE SAUVEUR en bénissant. Haut-relief en bronze, finement ciselé et doré. XVIIe siècle. Cadre ovale en métal doré.","84. LE SAUVEUR en bénissant. Haut-relief en bronze, finement ciselé et doré. XVIIe siècle. Cadre ovale en métal doré.

Diam. mai. M. 0.33. min. M. 0.27.",documents/BO0624_4399
92,85,"SAINTE CATHERINE assise sur une chaire. La figure en bronze doré, la chaire noyer. XVIIIe siècle.","85. SAINTE CATHERINE assise sur une chaire. La figure en bronze doré, la chaire noyer. XVIIIe siècle.",documents/BO0624_4399
93,86,FLAMBEAU de mosquée en cuivre à large pied circulaire avec inscriptions et ornements gravés. Travail vénitien.,"86. FLAMBEAU de mosquée en cuivre à large pied circulaire avec inscriptions et ornements gravés. Travail vénitien.

Haut. M. 0.23Voir illustration, planche 45.",documents/BO0624_4399
94,87,"PIED DE BRASIER en fer forgé, avec les noeuds de la Maison de Savoie. X Ve siècle.","87. PIED DE BRASIER en fer forgé, avec les noeuds de la Maison de Savoie. X Ve siècle.",documents/BO0624_4399
95,88,MORTIER en porphyre. Base et couvercle en bois sculpté et doré.,"88. MORTIER en porphyre. Base et couvercle en bois sculpté et doré.

Diam. M. 0.14. Haut. M. 0.34",documents/BO0624_4399
96,89,TêTE DU CHRIST. Travail en pierre du XIVe siècle.,"89. TêTE DU CHRIST. Travail en pierre du XIVe siècle.

Haut. M. 0.18.",documents/BO0624_4399
97,90,"SAINT JÉRÔME en prière. Demi corps, sculpté en bas-relief en buis. Cadre en poirier guilloché.","90. SAINT JÉRÔME en prière. Demi corps, sculpté en bas-relief en buis. Cadre en poirier guilloché.

Haut. M. 0.35 X 0.32.
## SECONDE VENTE

## Mardi 22 Avril à 15 heures précises

## Plaquettes en bronze.",documents/BO0624_4399
98,91,"SAINT JÉRÔME en priere, plaquette bronze dorée.","91. SAINT JÉRÔME en priere, plaquette bronze dorée.

Haut. 0.10 - Larg. 0.07.

vow wuustravion. Dlanche 40",documents/BO0624_4399
99,92,"PLAQUETTN à deux faces, d'un côté une tête d'homme et de l'autre une tête femme. Personnages antiques","92. PLAQUETTN à deux faces, d'un côté une 2. tête d'homme et de l'autre une tête femme. Personnages antiques",documents/BO0624_4399
100,93,"UNE ALLOCUTION, plaquette ovale en bronze par Valerio Belli, Vicentino.","93. UNE ALLOCUTION, plaquette ovale en bronze par Valerio Belli, Vicentino.

Diam. 0.05 - 0.04.

Molinier N. 309.",documents/BO0624_4399
101,94,"BAISER DE PAIX. LA CRUCIFIXION, pla- quette en bronze.","94. BAISER DE PAIX. LA CRUCIFIXION, pla- 2. quette en bronze.

Haut. 0.125 - Larg. 0.09. Molniel I. I1.",documents/BO0624_4399
102,95,"JASON, plaquette ronde en bronze.","95. JASON, plaquette ronde en bronze.

Diam. 0.06. Molinier N. 119.",documents/BO0624_4399
103,96,"LA PRÉSENTATION AU TEMPLE, plaquette en bronze.","96. LA PRÉSENTATION AU TEMPLE, plaquette 2. en bronze.

Haut. o.rr - Larg. 0.075.

Molinier N. 169.",documents/BO0624_4399
104,97,BACCHANTE ENDORMIE ET SATYRES. Deux plaquette rondes en bronze.,"97. BACCHANTE ENDORMIE ET SATYRES. Deux 2. plaquette rondes en bronze.

Diam. 0.055. Molinier N. 122.",documents/BO0624_4399
105,98,ARIADNE DANS L'ÎLE DE NAXOS. Deux plaquettes rondes en bronze.,"98. ARIADNE DANS L'ÎLE DE NAXOS. Deux plaquettes rondes en bronze.

Diam. M. 0.055.",documents/BO0624_4399
106,99,"TRIOMPHE DE L'AMOUR, plaquette en bronze.","99. TRIOMPHE DE L'AMOUR, plaquette en bronze.

Diam. 0.075.

Molinier N. 78.",documents/BO0624_4399
107,1,"O0. JUDITH, placuette en dronze. LA VIERGE ET L'ENFANT JÉSUS, plaquette en bronze semblable à celle du n. 367","- 1O0. JUDITH, placuette en dronze.

Haut. 0.10 - Larg. 0.08.

Molinier N. 218.

Voir illustration, planche 46. 101. LA VIERGE ET L'ENFANT JÉSUS, plaquette en bronze semblable à celle du n. 367",documents/BO0624_4399
108,2,"« Catalogue Molinier», mais avec les mêmes différences du n. 370.","2. « Catalogue Molinier», mais avec les mêmes différences du n. 370.

Voir illustration, planche 46.",documents/BO0624_4399
109,10,I bis. BATAILLE. Plaquette ovale en bronze.,"- 10I bis. BATAILLE. Plaquette ovale en bronze.
- XVIe siècle.

UN COMBAT.

Diam. 0.068 X 0.058.

Taut. 0.05 - Larg. 0.045",documents/BO0624_4399
110,I,olinier N. 216,Iolinier N. 216,documents/BO0624_4399
111,102,SEPT PLAQUETTES rectangulaires à sujets,102. SEPT PLAQUETTES rectangulaires à sujets,documents/BO0624_4399
112,2,mythologiques.,"2. mythologiques.

Haut. 0.10 - Larg. 0.15.",documents/BO0624_4399
113,1,ozbis. VULCAIN forgeant les armes d'Énée. Bas-relief rectangulaire en bronze. XVI®,"- 1ozbis. VULCAIN forgeant les armes d'Énée. Bas-relief rectangulaire en bronze. XVI®
- siecle.

faut. 0.20 — La18. 0.205•
## Tabatières.",documents/BO0624_4399
114,103,"TABATIÈRE en forme de coquille, en émail, décorée sur les deux surfaces du couvercle, au pourtour et à la partie inférieure de sujets mythologiques et d'amours peints en miniature en couleurs sur fond blanc: à l'intérieur de la boîte un papillon, des fleurs et la marque B en couleurs. Monture en métal doré.","103. TABATIÈRE en forme de coquille, en émail, décorée sur les deux surfaces du couvercle, au pourtour et à la partie inférieure de sujets mythologiques et d'amours peints en miniature en couleurs sur fond blanc: à l'intérieur de la boîte un papillon, des fleurs et la marque B en couleurs. Monture en métal doré.

0.08 X 0.06.",documents/BO0624_4399
115,104,"TABATIÈRE rectangulaire en émail blanc décorée de fleurs et arabesques en couleurs, Couvercle ajouré et à double fond. Monture en métal doré. Vieux Saxe. Pièce de curiosité.","104. TABATIÈRE rectangulaire en émail blanc décorée de fleurs et arabesques en couleurs, Couvercle ajouré et à double fond. Monture en métal doré. Vieux Saxe. Pièce de curiosité.

• Long. 0.06 X 0.450.

Voir illustration, planche 24.",documents/BO0624_4399
116,105,"TABATIERE en émail blanc, forme oblongue, couvercle bombe. ornée d'arabesques symétriques à relief, au milieu desquelles des fleurettes en couleurs. Monture en métal doré. Vieux Saxe.","105. TABATIERE en émail blanc, forme oblongue, couvercle bombe. ornée d'arabesques symétriques à relief, au milieu desquelles des fleurettes en couleurs. Monture en métal doré. Vieux Saxe.

Long. 0.08 X 0.04.",documents/BO0624_4399
117,106,"TABATIÈRE ronde en os, imitation de porphyre, sur le couvercle la carte géographique de la France divisée en Départements, avec la date 1797.","106. TABATIÈRE ronde en os, imitation de porphyre, sur le couvercle la carte géographique de la France divisée en Départements, avec la date 1797.

Diam. 0.05

Voir illustration, planche 24.",documents/BO0624_4399
118,107,"TABATIÈRE rectangulaire en porcelaine blanche avec portrait de jeune femme, avec un bonnet rouge sur la tête, décolletée, avec manteau également rouge peint en miniature en couleurs; sur le devant des neurs. Monture en métal doré. Vieux Venise.","107. TABATIÈRE rectangulaire en porcelaine blanche avec portrait de jeune femme, avec un bonnet rouge sur la tête, décolletée, avec manteau également rouge peint en miniature en couleurs; sur le devant des neurs. Monture en métal doré. Vieux Venise.

Voir illustration, planche 24.

0.07 X 0.05.",documents/BO0624_4399
119,108,"TABATIÈRE, forme coquille en agate saphirine, montée en or. XVIIe siècle.","108. TABATIÈRE, forme coquille en agate saphirine, montée en or. XVIIe siècle.

0.08 X 0.06",documents/BO0624_4399
120,109,"BoîtE rectangulaire en émail, décorée sur le couvercle et tout au tour de sujets militaires, en grisaille. A l'intérieur du couvercle le portrait de Frédéric le Grand, en couleurs. Monture en métal doré. Vieux Saxe.","109. BoîtE rectangulaire en émail, décorée sur le couvercle et tout au tour de sujets militaires, en grisaille. A l'intérieur du couvercle le portrait de Frédéric le Grand, en couleurs. Monture en métal doré. Vieux Saxe.

Voir illustration, planche 24.

0.09 X 0.07.",documents/BO0624_4399
121,110,"TABATIÈRE, forme rectangulaire, à cou vercle légèrement bombé, offrant au pourtour et sur le couvercle 27 petits portraits d'Empereurs et d'Impératrices romains, imitation de camées, quelques-uns dans de petits médaillons également en relief sur fond doré, d'autres sur le fond de la boîte en émail noir.","110. TABATIÈRE, forme rectangulaire, à cou vercle légèrement bombé, offrant au pourtour et sur le couvercle 27 petits portraits d'Empereurs et d'Impératrices romains, imitation de camées, quelques-uns dans de petits médaillons également en relief sur fond doré, d'autres sur le fond de la boîte en émail noir.

Au dessous de chaque personnage est inscrit son nom.

Sous la boîte une miniature en couleurs émaillées représentant la mort de Cléopâtre.

Monture en métal doré, marquée: BIRAGO. Ancienne porcelaine de Capodimonte.

Long: 0.07 X 0.0.55

Voir illustration, planche 24.",documents/BO0624_4399
122,111,TABATIÈRE rectangulaire en porcelaine blanche avec des paysages en camaïeu violet. Monture en métal doré,"111. TABATIÈRE rectangulaire en porcelaine blanche avec des paysages en camaïeu violet. Monture en métal doré

0.07 X 0.06

## Bronzes.",documents/BO0624_4399
123,112,"MORTIER en bronze, à deux anses, formées de demi bustes de femmes; décoré au pourtour de cariatides, au milieu desquelles des animaux en relief. D'un côté une Sainte famille, de l'autre un écusson en relief, sur le bord l'inscription: CUMI-","112. MORTIER en bronze, à deux anses, formées de demi bustes de femmes; décoré au pourtour de cariatides, au milieu desquelles des animaux en relief. D'un côté une Sainte famille, de l'autre un écusson en relief, sur le bord l'inscription: CUMI-

NIO ET ALBANO GUELFI · A · D MDCXXIII.

Haut. o.31.

Dialn. 0.37

Voir illustration, planche 45.",documents/BO0624_4399
124,I13,"LA VIERGE, agenouillée devant un priedieu. Petit bas-relief, contourné. Belle patine brune, polie. Fin du XVIe siècle.","- I13. LA VIERGE, agenouillée devant un priedieu. Petit bas-relief, contourné. Belle patine brune, polie. Fin du XVIe siècle.

Haut. 0.15.",documents/BO0624_4399
125,114,"MAISON DE LORETTE, au dessus la Vierge et l'Enfant Jésus assis et transportés par des anges. Bas-relief en bronze, ayant décoré les armoires de la sacristie de S. M. de Lorette, disparues dans les dernières guerres du XVIIIe siècle.","114. MAISON DE LORETTE, au dessus la Vierge et l'Enfant Jésus assis et transportés par des anges. Bas-relief en bronze, ayant décoré les armoires de la sacristie de S. M. de Lorette, disparues dans les dernières guerres du XVIIIe siècle.

Haut. 0.40 - Larg. 0.36. Voir illustration, planche 44.",documents/BO0624_4399
126,115,"DEUX LIONS au repos, la tête soulevée, regardant devant eux. Bronze, patine foncée. XVIe siècle.","115. DEUX LIONS au repos, la tête soulevée, regardant devant eux. Bronze, patine foncée. XVIe siècle.

Haut. o.I1 - Long. 0.20. Voir illustration, planche 43.",documents/BO0624_4399
127,116,"ENCRIER en bronze. Sur une base hexagonale supportée par des griffes de lions, sont placés l'encrier et le poudrier; au centre un satyre agenouillé à gauche, la main droite en l'air. XVIe siècle.","116. ENCRIER en bronze. Sur une base hexagonale supportée par des griffes de lions, sont placés l'encrier et le poudrier; au centre un satyre agenouillé à gauche, la main droite en l'air. XVIe siècle.

Haut. 0.23 - Larg. 0.18.",documents/BO0624_4399
128,117,"ENCRIER triangulaire en bronze, soutenu par trois griffes de lions, surmontées de volutes, la frise décorée de motifs en relief. Le couvercle orné également de motifs en relief et surmonté d'une déesse de la mer, tenant une voile. Fin du X Ve siècle.","117. ENCRIER triangulaire en bronze, soutenu par trois griffes de lions, surmontées de volutes, la frise décorée de motifs en relief. Le couvercle orné également de motifs en relief et surmonté d'une déesse de la mer, tenant une voile. Fin du X Ve siècle.

Voir illustration, planche 43.

Haut. 0.17.",documents/BO0624_4399
129,118,"DEUX AMOURS, nuS, assis, couronnés des pampres, un petit manteau flotte sur leurs épaules. Bronze doré. Base ronde en cipollin, le plinthe en marbre noir. Travail français. XVIIIe siècle.","118. DEUX AMOURS, nuS, assis, couronnés des pampres, un petit manteau flotte sur leurs épaules. Bronze doré. Base ronde en cipollin, le plinthe en marbre noir. Travail français. XVIIIe siècle.

Haut. des amours o.15.

de la base o.II.

vour ulustration, planche 44.",documents/BO0624_4399
130,119,PETIT AMOUR tenant dans les mains la torche du dieu Hymen. Statuette en bronze du XVIIe siècle.,"119. PETIT AMOUR tenant dans les mains la torche du dieu Hymen. Statuette en bronze 2. du XVIIe siècle.

Haut, 0.15.",documents/BO0624_4399
131,120,"MARTEAU de porte, formé d'une sirène se terminant en feuille d'acanthe. Bronze, pa- tine foncée. XVIIe siècle.","120. MARTEAU de porte, formé d'une sirène se terminant en feuille d'acanthe. Bronze, pa- 2. tine foncée. XVIIe siècle.

Voir illustration, planche 44.

Haut. 0.24.",documents/BO0624_4399
132,121,TORSE D'HOMME en bronze. Reproduction d'un chef-d'œuvre de l'antiquité. Très belle patine brune. XVIe siècle.,"121. TORSE D'HOMME en bronze. Reproduction d'un chef-d'œuvre de l'antiquité. Très belle patine brune. XVIe siècle.

Voir illustration, planche 43.

Haut. 0.12.",documents/BO0624_4399
133,122,DEUX BUSTES en bronze. Un représentant un ancien philosophe et l'autre un homme de loi du XVIIe siècle. Patine foncée; les bases également en bronze. XVIIe siècle.,"122. DEUX BUSTES en bronze. Un représentant un ancien philosophe et l'autre un homme de loi du XVIIe siècle. Patine foncée; les 2. bases également en bronze. XVIIe siècle.

Haut. des bustes 0.21. de la base 0.09

vow illustration, planche 43.",documents/BO0624_4399
134,123,"HERCULE abattant le lion de Némée. Groupe en bronze, patine brune. X VIe siècle. Objet de collection.","123. HERCULE abattant le lion de Némée. Groupe en bronze, patine brune. X VIe siècle. Objet 2. de collection.

Haut. 0.18 - Larg: 0.17.

Voir illustration, planche 42.

## Faïences et porcelaines.",documents/BO0624_4399
135,124,"PETIT PLAT creux à ombilic saillant, décoré d'un buste de jeune femme de profil à gauche flanqué de tiges de fleurs. Le marli est orné de tiges de fleurs et palmettes alternées. Décor bleu et chamois à reflets irisés. Fab. de Deruta. Vers 1500.","124. PETIT PLAT creux à ombilic saillant, décoré d'un buste de jeune femme de profil à gauche flanqué de tiges de fleurs. Le marli est orné de tiges de fleurs et palmettes alternées. Décor bleu et chamois à reflets irisés. Fab. de Deruta. Vers 1500.

Voir illustration, planche 33.

Diam. 0.185.",documents/BO0624_4399
136,125,"PETITE COUPE sur pied à forme de coquille. l'intérieur Amphitrite transportée par deux dauphins; à l'extérieure des striures peintes. Décor polychrome. Fab. d'Urbino, Patanazzi.","125. PETITE COUPE sur pied à forme de coquille. l'intérieur Amphitrite transportée par deux dauphins; à l'extérieure des striures peintes. Décor polychrome. Fab. d'Urbino, Patanazzi.

naut. o.10.

Voir illustration, planche 33.

Diam. 0.r9.",documents/BO0624_4399
137,126,"VASE à panse ovoïde, à pied bas, décorée de trophées guerriers et de deux médail-","126. VASE à panse ovoïde, à pied bas, décorée de trophées guerriers et de deux médail-",documents/BO0624_4399
138,2,"lons entourés de couronnes, de feuilles et","2. lons entourés de couronnes, de feuilles et
de fruits; dans un de ces médaillons une tête de jeune homme de profil à droite, dans l'autre Amphitrite et un amour portés par un dauphin sur les vagues. Décor polychrome. Faïence de Castel Durante.

XVIIe siècle.

Haut. 0.29. Diam. 0.25.

- VASE de pharmacie avec anse et bec. Décor bleu et manganèse. Cafaggiolo. Époque primitive.",documents/BO0624_4399
139,128,"GRAND PLAT en porcelaine, orné de petits personnages en bleu sur fond blanc. Vieux Japon.","128. GRAND PLAT en porcelaine, orné de petits personnages en bleu sur fond blanc. Vieux Japon.

biam. 0.48

Voir illustration, planche 35.",documents/BO0624_4399
140,129,"VASE DE PAGODE avec couvercle et anses aplaties et ajourées, en porcelaine à décor bleu. Vieux Chine.","129. VASE DE PAGODE avec couvercle et anses aplaties et ajourées, en porcelaine à décor bleu. Vieux Chine.

Voir illustration, planche 35.

Haut. 0.47.",documents/BO0624_4399
141,130,"FOND DE PLAT à piédouche dit fruttiera. Au centre d'un médaillon, entouré de couronne de feuilles, un Amour sur fond de paysage. Émail polychrome à reflets métalliques, Fabrique de Gubbio. XVIe siècle. Cadre en bois sculpté, peints et dore","130. FOND DE PLAT à piédouche dit fruttiera. Au centre d'un médaillon, entouré de couronne de feuilles, un Amour sur 2. fond de paysage. Émail polychrome à reflets métalliques, Fabrique de Gubbio. XVIe siècle. Cadre en bois sculpté, peints et dore

Voir illustration, planche 32.",documents/BO0624_4399
142,131,"DEUX BOUTEILLES en porcelaine blanche. La panse décorée d'animaux chimériques et le goulot d'ornements variés, peints en couleurs verte, rouge et bleue. Vieux Japon.","131. DEUX BOUTEILLES en porcelaine blanche. La panse décorée d'animaux chimériques et le goulot d'ornements variés, peints en couleurs verte, rouge et bleue. Vieux Japon.

Voir illustration, blanche 35.

Haut. 0.29.",documents/BO0624_4399
143,132,"GRAND PLAT gravé à la pointe, au centre un cheval en liberté; fond de rinceaux fleuris. Sur le marli palmettes et triangles denticulés. Émaux jaune, verte et bleu sur fond clair. Fab. de La Fratta. Seconde moitié du XVe siècle.","132. GRAND PLAT gravé à la pointe, au centre un cheval en liberté; fond de rinceaux fleuris. Sur le marli palmettes et triangles denticulés. Émaux jaune, verte et bleu sur fond clair. Fab. de La Fratta. Seconde moitié du XVe siècle.

Voir illustration, planche 34.

Diam. 0.43.",documents/BO0624_4399
144,133,"GRANDE COUPE à piédouche et à bord évasé, dite Confettiera, décorée à l'intérieur et à l'extérieur de rinceaux fleuris et feuilles en chamois, à reflets nacrés et d'or sur fond d'émail blanc. Fab. de Deruta. XVIe siècle.","133. GRANDE COUPE à piédouche et à bord évasé, dite Confettiera, décorée à l'intérieur et à l'extérieur de rinceaux fleuris et feuilles en chamois, à reflets nacrés et d'or sur fond d'émail blanc. Fab. de Deruta. XVIe siècle.

Voir illustration, planche 33.

flaut, 0.2 1 Diam. o.30.",documents/BO0624_4399
145,134,"GRAND PLAT creux avec vase de fleurs au centre et décoré tout au tour avec reserves à branches feuillagées et chrysanthèmes. Décor bleu et rouge, rehaussé d'or.","134. GRAND PLAT creux avec vase de fleurs 2. au centre et décoré tout au tour avec reserves à branches feuillagées et chrysanthèmes. Décor bleu et rouge, rehaussé d'or.

Porcelaine vieux Japon.

Voir illustration, planche 35.

Diam. 0.58.",documents/BO0624_4399
146,135,"ASSIETTE à large marli dite Tondino. Au centre des armoiries; le marli à fond jaune clair est orné de feuilles et de fruits à reflets rouge-rubis, relevés de bleu. Au verso quatre rinceaux avec les mêmes reflets. Fab. de Gubbio. Époque: vers 1530.","135. ASSIETTE à large marli dite Tondino. Au centre des armoiries; le marli à fond jaune clair est orné de feuilles et de fruits à reflets rouge-rubis, relevés de bleu. Au verso quatre rinceaux avec les mêmes reflets. Fab. de Gubbio. Époque: vers 1530.

Voir illustration, planche 32.

Diam. M. 0.215.

## Tableaux.",documents/BO0624_4399
147,136,PORTRAIT du célèbre physicien Louis Galde face; la main gauche sur un livre ouvert,136. PORTRAIT du célèbre physicien Louis Galde face; la main gauche sur un livre ouvert,documents/BO0624_4399
148,2,"vani, debout, à demi figure, tourné presque posé sur une petite table. De la droite il prise dans une tabatière placée près du livre. Toile ovale. Cadre doré.","2. vani, debout, à demi figure, tourné presque posé sur une petite table. De la droite il prise dans une tabatière placée près du livre. Toile ovale. Cadre doré.

Diamètre max. 1.10.

min. 0.84

## ÉCOLE DE TIEPOLO.

(XVII® siècle).",documents/BO0624_4399
149,136,"bis. LA PRÉSENTATION de la Vièrge au temple. La Vièrge, tête nue, vêtue d'un robe blanche et d'un manteau bleu s'agenouille devant le grand-prêtre Siméon qui est debout, sur le haut de l'escalier du temple. Plusieurs personnages dans temple et des anges en haut assistent","- 136bis. LA PRÉSENTATION de la Vièrge au temple. La Vièrge, tête nue, vêtue d'un robe blanche et d'un manteau bleu s'agenouille devant le grand-prêtre Siméon qui est debout, sur le haut de l'escalier du temple. Plusieurs personnages dans temple et des anges en haut assistent
à la présentation. Belle entente du coloris disposition de les figures.

et heureuse Cadre en bois doré et sculpté.

Toile, haut. 1.12 X 0.52.

## MACRINO D'ALBA.

(1460-1520).",documents/BO0624_4399
150,137,SAINT ÉMIDIO ET SAINT BERNARDIN DE SIENNE. Deux peintures sur bois. Cadres en pastille.,"137. SAINT ÉMIDIO ET SAINT BERNARDIN DE 2. SIENNE. Deux peintures sur bois. Cadres en pastille.

Haut. 0.36 X 0.27.

## MICHEL LAMBERTINI

(dit Michele di Matteo, 1455).",documents/BO0624_4399
151,138,"LE COURONNEMENT DE LA VIERGE. La figure du Christ et celle de Marie se détachent sur une tenture rouge à fleurs brochées or. En haut, une gloire de séraphins. Encadrement adhérent formé de petites colonnes en spirale et arc en ogive. Peinture à la détrempe sur bois.","138. LE COURONNEMENT DE LA VIERGE. La figure du Christ et celle de Marie se détachent sur une tenture rouge à fleurs brochées or. En haut, une gloire de séraphins. Encadrement adhérent formé de petites colonnes en spirale et arc en ogive. Peinture 2. à la détrempe sur bois.

## J. B. GREUZE.

(1725-1805).",documents/BO0624_4399
152,139,"PORTRAIT de jeune femme à demi corps,","139. PORTRAIT de jeune femme à demi corps,",documents/BO0624_4399
153,2,"robe blanche, serrée à la taille par un ruban bleu. Charmante expression et delicat coloris. Peinture sur toile. Cadres en bois","2. robe blanche, serrée à la taille par un ruban bleu. Charmante expression et delicat coloris. Peinture sur toile. Cadres en bois",documents/BO0624_4399
154,3,doré.,"3. doré.

Ovale 0.92 X 0.64.

## J. GOSSABRI

(dit De Maubeuge, 1470).",documents/BO0624_4399
155,140,"LA VIERGE ET L'ENFANT JÉSUS. Au dessous d'un baldaquin en étoffe verte foncée, avec lambrequin rouge à galon doré, la Vierge donne le sein au Divin Enfant, qui en même temps presse de ses petites mains le sein de la Mère et tourne la tête à droite. Dans le lointain, paysage avec maisons et petits personnages. Peinture de tout premier ordre. Cadre à tabernacle en bois doré.","140. LA VIERGE ET L'ENFANT JÉSUS. Au dessous d'un baldaquin en étoffe verte foncée, avec lambrequin rouge à galon doré, la Vierge donne le sein au Divin Enfant, qui en même temps presse de ses petites mains le sein de la Mère et tourne la tête à droite. Dans le lointain, paysage avec maisons et petits personnages. Peinture de tout premier ordre. Cadre à tabernacle en bois doré.

Bois. Haut. o.3o - larg. 0.24. vow mustanon, pumene 11.

Haut. 1.10 X 0.60.

## J. PALMA IL VECCHIO.",documents/BO0624_4399
156,14,"T. PROPHÈTE. Demi figure, tête à longue barbe blanche, recouverte d'un manteau rouge retombant le long de la figure; un livre ouvert entre les mains. Très belle peinture. L'expression de la tête est d'une vénérable sérénité. Coloris vigoureux, touche admirable, exécution très soignée. Cadre en bois sculpté et doré.","- 14T. PROPHÈTE. Demi figure, tête à longue barbe blanche, recouverte d'un manteau rouge retombant le long de la figure; un livre ouvert entre les mains. Très belle peinture. L'expression de la tête est d'une vénérable sérénité. Coloris vigoureux, touche admirable, exécution très soignée. Cadre en bois sculpté et doré.

Bois. Haut. 0.82 X o.60.

Voir illustration, planche 10.

## LUCA SUNDER

(dit Cranack, 1472-1553).",documents/BO0624_4399
157,142,LE PATRIARCHE LOT au milieu de ses deux filles. Dans le lointain la ville de Sodome en flammes. Peinture sur bois. Beau cadre,142. LE PATRIARCHE LOT au milieu de ses deux filles. Dans le lointain la ville de Sodome en flammes. Peinture sur bois. Beau cadre,documents/BO0624_4399
158,2,sculpté et doré.,"2. sculpté et doré.

Haut. 0.39 X o.3I.

## NICOLAS MIGNARD.",documents/BO0624_4399
159,1005,1000.,1005-1000.,documents/BO0624_4399
160,143,"PORTRAIT de jeune femme, représentée presque de face, chevelure blonde divisée en bandeaux frisés avec boucles tombant nonchalamment sur les épaules, vêtue d'un joli négligé blanc, garni d'une dentelle de Flandre, laissant découverte la poitrine et se drapant dans un manteau de velours bleu, doublé d'hermine, fermé sur le devant par une agrafe en brillant. L'expression charmante du visage, la douceur du regard et le flou du coloris donnent à ce tableau une attraction irrésistible. Cadre en bois sculpté et doré.","143. PORTRAIT de jeune femme, représentée presque de face, chevelure blonde divisée en bandeaux frisés avec boucles tombant nonchalamment sur les épaules, vêtue d'un joli négligé blanc, garni d'une dentelle de Flandre, laissant découverte la poitrine et se drapant dans un manteau de velours bleu, doublé d'hermine, fermé sur le devant par une agrafe en brillant. L'expression charmante du visage, la douceur du regard et le flou du coloris donnent à ce tableau une attraction irrésistible. Cadre en bois sculpté et doré.

Toile ovale. Haut. 0.65 X o 52.

o11 nuustraion, pianicne 19.

## CARAVAGGIO.

(Michelange Amerighi, dit le - 1569-1609).",documents/BO0624_4399
161,144,"HÉRODIADE. La courtisane redresse la tête sans se montrer effrayée par la vue de la tête de Saint Jean, qu'un bourreau lui présente sur un plateau; au contraire, elle","144. HÉRODIADE. La courtisane redresse la tête sans se montrer effrayée par la vue de la tête de Saint Jean, qu'un bourreau lui présente sur un plateau; au contraire, elle
semble vouloir mieux contempler la victime de sa vengeance féroce. Dans cette peinture l'attitude cruelle est rendue d'une façon très efficace. Cadre doré.

Toile, haut. 0.85 X 0.90.

Voir illustration, planche 13.

## ANDREA DEL SARTO.

(I488-1530).",documents/BO0624_4399
162,145,LE DIVIN SAUVEUR (buste). Peinture sur bois. Cadre sculpté et doré.,"145. LE DIVIN SAUVEUR (buste). Peinture sur bois. Cadre sculpté et doré.

Haut. 0.56 X 0.42. Voir illustration, planche 11.

## PAUL PIAZZA.

(1557-1621).",documents/BO0624_4399
163,146,"MADONE soulevant avec tendresse l'Enfant Jésus dans ses bras. Peinture d'un dessin très vigoureux, expression douce et gracieuse des physionomies, belle harmonie des couleurs, ombres diaphanes. Cadre richement sculpté et doré.","146. MADONE soulevant avec tendresse l'Enfant Jésus dans ses bras. Peinture d'un dessin très vigoureux, expression douce et gracieuse des physionomies, belle harmonie des couleurs, ombres diaphanes. Cadre richement sculpté et doré.

Toile. Haut. 0.56 X 0.43.

Voir illustration, planche 13.

## JACINTHE RIGAUD.

(1659-1743).",documents/BO0624_4399
164,147,"PORTRAIT D'HOMME (buste) de face avec chevelure à longues boucles noires. Justaucorps de brocart orné de fines dentelles, manteau de velours cramoisi formant draperie.","147. PORTRAIT D'HOMME (buste) de face avec chevelure à longues boucles noires. Justaucorps de brocart orné de fines dentelles, manteau de velours cramoisi formant draperie.

Toile. Haut. 0.85 X 0.70.

## ANTOINE CANAL

(dit Canaletto, 1697-1768).",documents/BO0624_4399
165,148,"LA RIVE DES ESCLAVONS. Cette toile est sans aucun doute une des belles répliques des vues de Venise, que cet artiste de valeur a peintes avec une si grande finesse d'exécution, et dans lesquelles il rend avec tant d'évidence le jeu de la lumière réfléchie dans la lagune, allant se perdre dans le lointain de l'horizon. Cadre en bois doré.","148. LA RIVE DES ESCLAVONS. Cette toile est sans aucun doute une des belles répliques des vues de Venise, que cet artiste de valeur a peintes avec une si grande finesse d'exécution, et dans lesquelles il rend avec tant d'évidence le jeu de la lumière réfléchie dans la lagune, allant se perdre dans le lointain de l'horizon. Cadre en bois doré.

Toile. Haut. 0.52 X 0.83.

Voir illustration, planche 17.

## Dessins.

## VAN OSTADE ADRIEN.",documents/BO0624_4399
166,149,PETIT INTÉRIEUR. À la plume. De la Collection de Sir Th. Lawrence. Cadre en bois noir.,"149. PETIT INTÉRIEUR. À la plume. De la Collection de Sir Th. Lawrence. Cadre en bois noir.

Centim. 7 X 9.",documents/BO0624_4399
167,150,PETITE ÉCOLE. À la plume. De la Collection de Sir Th. Lawrence. Cadre en bois brun.,"150. PETITE ÉCOLE. À la plume. De la Collection de Sir Th. Lawrence. Cadre en bois brun.

Centim. 1o X 7.

## REMBRANDT.",documents/BO0624_4399
168,151,LA BÉNÉDICTION. À la plume. Cadre en bois noir.,"151. LA BÉNÉDICTION. À la plume. Cadre en bois noir.

Centim. 10 X II.

## CALIARI PAUL

(dit le Veronese).",documents/BO0624_4399
169,152,"JUNON. Esquisse pour un plafond. À la plume, ombré en bistre. Cadre en bois noir.","152. JUNON. Esquisse pour un plafond. À la plume, ombré en bistre. Cadre en bois noir.

Centim. 14 X 17.

## VAN DYCK ANTOINE.",documents/BO0624_4399
170,153,L'ENLÈVEMENT D'EUROPE. À la plume. Cadre en bois doré.,"153. L'ENLÈVEMENT D'EUROPE. À la plume. Cadre en bois doré.

Centim. 29 X 17.

## Sculptures.",documents/BO0624_4399
171,154,"VÉNUS ET ADONIS. Deux bustes formant pendant, signés M. G. (Mazzuoli Giuseppe da Volterra), 1705. Terre-cuite. Piédouche en bois verni noir et or.","154. VÉNUS ET ADONIS. Deux bustes formant pendant, signés M. G. (Mazzuoli Giuseppe da Volterra), 1705. Terre-cuite. Piédouche en bois verni noir et or.

Haut. tot. 0.60.",documents/BO0624_4399
172,155,"BAS-RELIEF rectangulaire représentant le portrait de Baccio Bandinelli de profil à droite, sur le côté opposé l'inscription suivante: Baccius Bandinellus · Eques · Floportrait une plaque rectangulaire avec l'ins- rentinus Anno M· D·L· Au dessous du cription:","155. BAS-RELIEF rectangulaire représentant le portrait de Baccio Bandinelli de profil à droite, sur le côté opposé l'inscription suivante: Baccius Bandinellus · Eques · Floportrait une plaque rectangulaire avec l'ins- 2. rentinus Anno M· D·L· Au dessous du cription:

CANDOR-ILLAESUS•M D• LII.
Le tout dans un cadre sculpté et doré. XVIIe siècle. Provenant de la Collection

Robinson.

Haut. du portrait o.51 - larg. o.4г. Haut. totale 1.05.

Voir illustration, planche 39.",documents/BO0624_4399
173,156,LA SOURCE. Une naïade dans une pose très gracieuse étendue sur le sol d'où elle fait jaillir l'eau. Terre-cuite. Euvre fran- çaise. XVIIIe siècle.,"156. LA SOURCE. Une naïade dans une pose très gracieuse étendue sur le sol d'où elle fait jaillir l'eau. Terre-cuite. Euvre fran- 2. çaise. XVIIIe siècle.

Haut. 0.31 X 0 44.

Voir illustration, planche 41.",documents/BO0624_4399
174,157,"SILENE couronné de lierre, couché sur une peau de lion, appuyé sur le bras droit. Marbre blanc. XVIe siècle.","157. SILENE couronné de lierre, couché sur une peau de lion, appuyé sur le bras droit. Marbre blanc. XVIe siècle.

Haut. 0.23 - larg. 0.38.

Jour illustranon. Danche 30.",documents/BO0624_4399
175,158,DEUX AMOURS se disputant un arc. Très,158. DEUX AMOURS se disputant un arc. Très,documents/BO0624_4399
176,2,beau groupe en marbre de G. L. Bernini. Base-cintrée en marbre blanc et jaspe de Sicile.,"2. beau groupe en marbre de G. L. Bernini. Base-cintrée en marbre blanc et jaspe de Sicile.

laul. au groupe 0.4o. Haut. totale 0.74.

Voir illustration, planche 41.

## A. LOMBARDO.

(XVI Siècle).",documents/BO0624_4399
177,158,"bis. DEUX PETITS BAS RELIEFS en marbre blanc formant partie d'une décoration architecturale. Dans l'un est représenté Apollon, dans l'antre Vénus. Sur une plaque on lit AL. D . III (Alphonse III Duc de Ferrare). *","- 158bis. DEUX PETITS BAS RELIEFS en marbre blanc formant partie d'une décoration architecturale. Dans l'un est représenté Apollon, dans l'antre Vénus. Sur une plaque on lit AL. D . III (Alphonse III Duc de Ferrare). *

• Haut. 0.27 X 0.18.

Voir illustration, planche 38.

## Étoffes et Tapis.",documents/BO0624_4399
178,159,"PETITE BANNIÈRE en brocart, fond lamé","159. PETITE BANNIÈRE en brocart, fond lamé",documents/BO0624_4399
179,2,"argent et petits fleurs brochées en or et soie de couleurs. Au centre, Madonne avec l'Enfant en broderie de soie en couleurs et or appliquée. Bordure de frange.","2. argent et petits fleurs brochées en or et soie de couleurs. Au centre, Madonne avec l'Enfant en broderie de soie en couleurs et or appliquée. Bordure de frange.

Haut. I.I2 - larg. o 56.",documents/BO0624_4399
180,I60,"UNE CHAPE et deux morceaux de vêtement d'église en soie satinée vert clair. Fleurs et rinceaux en soie blanche, ramages et feuillages en chenille. Louis XVI.","- I60. UNE CHAPE et deux morceaux de vêtement d'église en soie satinée vert clair. Fleurs et rinceaux en soie blanche, ramages et feuillages en chenille. Louis XVI.
* Parmi les marbres on trouve deux reliefs d'Alfonso Lombardi, qui fut au service de la famille d'Este à Ferrara, aux premières années du XVIe siècle, où il brilla au premier rang parmi les sculpteurs. Il y a quelques années, dans la vente Spitzer à Paris, on a vendu des corniches et des frises d'une finesse si admirable, d'une élégance si classique dans les ornements, qu'ils excitèrent la curiosité générale. Un journal de curieux à questions et réponses fit une interrogation sur la provenance de ces marbres-là, lesquels portaient sur une petite plaque la même inscription qui se lit sur la tablette accrochée à l'arbre dans un de ces reliefs-ci: AL. D. III. Nous donnons ici la réponse: C'est pour Alphonse Ier, troisième duc de Ferrara, qu'on exécuta ces marbres et ces reliefs; ils faisaient partie de la décoration des appartements particuliers de ce prince au château de Ferrare, au lieu même où les bacchanales du Titien égayèrent les filles pensives de Renée de France. En 1598, lorsque Clément VIIIe arracha Ferrare à la famille d'Este, celle-ci transporta à Modène autant qu'il lui fut passible des décorations et des marbres de leur demeure primitive. Plus tard, tandis que sur les fondements du château modénais on construisait la résidence des Avanzini, quelques-uns de ces ornements furent transportés à Sassuolo et placés dans la villa même des Este, laquelle bien plus tard devint la propriété du vicomte d'Espagnac et ensuite des Finzi. Or les nouveaux propriétaires vendirent grand nombre de ces objets trouvés ça et là, pêle-mêle dans l'enceinte de la villa, et, entre autres, les beaux marbres sculptés qui, admirés à la vente Spitzer, furent illustrés dans la Gazette des Beaux-Arts. Nous affirmons ceci sans hésitation aucune, à cause de certains plâtres que nous avons eu occasion d'examiner à Modène et qui furent moulés sur ces sculptures. Les reliefs, aujourd'hui en vente, forment évidemment partie de cette superbe décoration et attestent l'élégance qu'Alphonse Ier duc de Ferrara, prince et artiste, savait prodiguer antour de soi.

Membre de l Académie de France.

Prof. A. VENTURI",documents/BO0624_4399
181,161,"CHAPE en velours rouge contretaillé à rayes horizontales, fond or. Orfroi et chaperon ornés de rinceaux et feuillages en or sur fond en soie rouge. Frange en or. XVIIe siècle.","161. CHAPE en velours rouge contretaillé à rayes horizontales, fond or. Orfroi et chaperon ornés de rinceaux et feuillages en or sur fond en soie rouge. Frange en or. XVIIe siècle.",documents/BO0624_4399
182,162,"CHASUBLE, fond marron, à petits fleurs brochées, or et argent. Galons en argent. XVI siècle. 162 bis, PANNEAU, composé de quatre lés en velour contretaillé. Dessin à larges ramages de fleurs rouges sur fond or. XVIe siècle.","162. CHASUBLE, fond marron, à petits fleurs brochées, or et argent. Galons en argent. XVI siècle. 3. 162 bis, PANNEAU, composé de quatre lés en velour contretaillé. Dessin à larges ramages de fleurs rouges sur fond or. XVIe siècle.

Haut. 3.15 X 2.20.",documents/BO0624_4399
183,163,"MORCEAUX DE CHASUBLE broché or et argent, orné de grands ramages et feuillages en rouge grenat. Voile de calice de la même étoffe mais avec les ornements en vert. Pièces de collectionneur. XVIe siècle.","163. MORCEAUX DE CHASUBLE broché or et argent, orné de grands ramages et feuillages en rouge grenat. Voile de calice de la même étoffe mais avec les ornements en vert. Pièces de collectionneur. XVIe siècle.",documents/BO0624_4399
184,164,"CHASUBLE à fond bleu avec entrelacs tissés, or et argent. XVIIIe siècle.","164. CHASUBLE à fond bleu avec entrelacs tissés, or et argent. XVIIIe siècle.",documents/BO0624_4399
185,165,"GRANDE BANDE à plusieurs lés, fond lamé argent, ornements, emblèmes religieux, bouquets de fleurs, etc., brodés en soie en couleurs et or, enrichis de pierreries. XVIIe siècle.","165. GRANDE BANDE à plusieurs lés, fond lamé argent, ornements, emblèmes religieux, bouquets de fleurs, etc., brodés en soie en couleurs et or, enrichis de pierreries. XVIIe siècle.

Long. M. 3.",documents/BO0624_4399
186,166,"TAPIS DE L'ASIE MINEURE en laine, décor jaune sur fond rouge; đ'un côté manque la bordure. Des tapis de ce genre ont été souvent reproduits sur des tableaux de peintres Flamands du XVII® siècle.","166. TAPIS DE L'ASIE MINEURE en laine, décor jaune sur fond rouge; đ'un côté manque la bordure. Des tapis de ce genre ont été souvent reproduits sur des tableaux de peintres Flamands du XVII® siècle.

Voir illustration, planche 26.

## Meubles.",documents/BO0624_4399
187,167,"ÉCRITOIR à abattant et tiroir en noyer, marqueterie à dessins géométriques en différents bois. Tiroirs à l'intérieur. XVIII® siècle.","167. ÉCRITOIR à abattant et tiroir en noyer, marqueterie à dessins géométriques en différents bois. Tiroirs à l'intérieur. XVIII® siècle.",documents/BO0624_4399
188,168,"DEUX COFFRES en noyer, à dessus plat, formant pendant. La façade divisé par de pilastres en trois panneaux, présente celui du milieu décoré d'une armoiries entourée d'une couronne de feuilles, fleurs et fruits. La base est bombée et garnie d'un rang de godrons.","168. DEUX COFFRES en noyer, à dessus plat, formant pendant. La façade divisé par de pilastres en trois panneaux, présente celui du milieu décoré d'une armoiries entourée d'une couronne de feuilles, fleurs et fruits. La base est bombée et garnie d'un rang de godrons.

Haut. M. o.70 - long, M. 1.65.

Voir illustration, planche 55.",documents/BO0624_4399
189,169,"MEUBLE à deux corps, en noyer. La partie inférieure à abattant et tiroirs, la partie supérieure à deux vantaux. Une gracieuse et fine marqueterie à figures d'enfants, d'animaux, de couronnes et d'arabesques en bois jaune angelino et en ébène décore ce meuble sur tous ses côtés. Au centre de l'abattant les armoiries de la famille de Brignano. À l'intérieur même décoration qu'à l'extérieur. XVIIe siècle. 50 X 1.07.","169. MEUBLE à deux corps, en noyer. La partie inférieure à abattant et tiroirs, la partie supérieure à deux vantaux. Une gracieuse et fine marqueterie à figures d'enfants, d'animaux, de couronnes et d'arabesques en bois jaune angelino et en ébène décore ce meuble sur tous ses côtés. Au centre de l'abattant les armoiries de la famille de Brignano. À l'intérieur même décoration qu'à l'extérieur. XVIIe siècle. 2.50 X 1.07.

vour mustration, planche 57•",documents/BO0624_4399
190,170,"GLACE de cheminée en noyer, forme rectangulaire, divisée en trois parties, à moulures sculptées, en partie dorées. Fin du XVIII® siècle.","170. GLACE de cheminée en noyer, forme rectangulaire, divisée en trois parties, à moulures sculptées, en partie dorées. Fin du XVIII® siècle.

Haut. I.15 - larg. 1.34.

## Divers.",documents/BO0624_4399
191,171,"CONVERSION DE SAINT PAUL sur le chemin de Damas. Belle peinture à l'huile sur médaillon ovale en améthyste. Cadre à moulures en bronze doré, à bordure garnie de lapis-lazuli, agates et jaspes variés et décorée d'ornements en argent enrichis de pierreries.","171. CONVERSION DE SAINT PAUL sur le chemin de Damas. Belle peinture à l'huile sur médaillon ovale en améthyste. Cadre à moulures en bronze doré, à bordure garnie de lapis-lazuli, agates et jaspes variés et décorée d'ornements en argent enrichis de pierreries.

Haut. tot. o.21 - larg, 0.26.",documents/BO0624_4399
192,172,"PORTE DE CIBOIRE, Jésus miséricordieux entouré de séraphins. Très beau travail à bas-relief en bronze doré. Fin du XV® siècle.","172. PORTE DE CIBOIRE, Jésus miséricordieux entouré de séraphins. Très beau travail à bas-relief en bronze doré. Fin du XV® siècle.

Haut. 0.30 - larg. o.16

vour zuustration, planche 40.",documents/BO0624_4399
193,173,MÉDAILLON-RELIQUAIRE en cristal de roche. Sur la fermeture du reliquaire est représenté en or à relief Christ sur la croix et les trois Maries. Fond émaillé bleu. Monture également en or et en partie émaillé.,"173. MÉDAILLON-RELIQUAIRE en cristal de roche. Sur la fermeture du reliquaire est représenté en or à relief Christ sur la croix et les trois Maries. Fond émaillé bleu. Monture également en or et en partie émaillé.

Diam. 0.06.

vow muustravon. Diancne do.",documents/BO0624_4399
194,174,"DEUX RELIQUAIRES en métal doré avec ornements au repoussé. Le pied lobé et à pointes, avec nœud à petites fleurs émaillées, soutient trois arches à dôme, surmontées d'anges portant les emblèmes de la Passion. XVIe siècle.","174. DEUX RELIQUAIRES en métal doré avec ornements au repoussé. Le pied lobé et à pointes, avec nœud à petites fleurs émaillées, soutient trois arches à dôme, surmontées d'anges portant les emblèmes de la Passion. XVIe siècle.

Haut, 0.30.

Voir illustration, planche 45-",documents/BO0624_4399
195,175,"BOîTE RECTANGULAIRE, à couvercle plat, bordé, comme sa base et ses quatre arêtes, de moulures formant saillie. Ses quatre faces et le dessous sont recouvert d'ornements dans le style des azziministes, peints en or sur fond d'ébène. Sur deux faces opposées la décoration forme encadrement à les armoiries des Medici et Borromeo. Travail vénitien. XVIe siècle.","175. BOîTE RECTANGULAIRE, à couvercle plat, bordé, comme sa base et ses quatre arêtes, de moulures formant saillie. Ses quatre faces et le dessous sont recouvert d'ornements dans le style des azziministes, peints en or sur fond d'ébène. Sur deux faces opposées la décoration forme encadrement à les armoiries des Medici et Borromeo. Travail vénitien. XVIe siècle.

Haut, M. 0.155 - larg. M. 0.115.

vour ilustration, planche 52.",documents/BO0624_4399
196,176,LA VIERGE assise tenant dans ses bras l'Enfant Jésus. Derrière et au dessus deux anges soutiennent une draperie. Sculpture en bois peint de couleurs et dorures. XV® siecle.,"176. LA VIERGE assise tenant dans ses bras l'Enfant Jésus. Derrière et au dessus deux anges soutiennent une draperie. Sculpture en bois peint de couleurs et dorures. XV® siecle.

Haut. 0.94 X 0.42.",documents/BO0624_4399
197,177,"ENCENSOIR en bronze, forme sphérique, à dessus domé et à compartiments avec ornements à relief et découpés à jour. A la partie inférieure deux médaillons avec animaux symboliques et une croix byzantine. XV® siècle.","177. ENCENSOIR en bronze, forme sphérique, à dessus domé et à compartiments avec ornements à relief et découpés à jour. A la partie inférieure deux médaillons avec animaux symboliques et une croix byzantine. XV® siècle.

Voir illustration, planche 44.

Haut. M. 0.145.",documents/BO0624_4399
198,178,"ÉTUI-NÉCESSAIRE pour toilette en émail rose, avec ornements blancs en relief et médaillon à fleurs en couleurs sur fond blanc. Louis XV.","178. ÉTUI-NÉCESSAIRE pour toilette en émail rose, avec ornements blancs en relief et médaillon à fleurs en couleurs sur fond blanc. Louis XV.

Voir illustration, planche 24.

0.08.",documents/BO0624_4399
199,179,DEUX PORTE-CIERGE en fer forgé. XV® siècle.,179. DEUX PORTE-CIERGE en fer forgé. XV® siècle.,documents/BO0624_4399
200,180,"PLAT en cuivre argenté et au repoussé, avec écusson au centre, couronne de feuilles, godrons évidés en spirale et fleurs tout au tour, feuilles et fleurs sur le bord.","180. PLAT en cuivre argenté et au repoussé, avec écusson au centre, couronne de feuilles, godrons évidés en spirale et fleurs tout au tour, feuilles et fleurs sur le bord.

Diam. M. 0.46.
## TROISIEME VENTE

## Mercredi 23 Avril à 15 heures précises

## Plaquettes en bronze.",documents/BO0624_4399
201,181,"VÉNUS ET L'AMOUR, travail français. Plaquette ovale en bronze.","181. VÉNUS ET L'AMOUR, travail français. Plaquette ovale en bronze.

Diam. 0.095 - 0.075Molinier N. 736.

Voir illustration, planche 46.",documents/BO0624_4399
202,182,"SAINT JÉRÔME, plaquette en bronze.","182. SAINT JÉRÔME, plaquette en bronze.

Haut. 0.074 - Larg. 0.059. Molinier N. 183.",documents/BO0624_4399
203,183,ALLÉGORIE SUR LA CALOMNIE par Andrea Briosco appelé « il Riccio ».,"183. ALLÉGORIE SUR LA CALOMNIE par Andrea Briosco appelé « il Riccio ».

Molinier N. 244.",documents/BO0624_4399
204,184,"HERCULE ET ANTÉE, plaquette en bronze.","184. HERCULE ET ANTÉE, plaquette en bronze.

Haut. 0.007 X 0.052. Molinier N. 204.

Vour wustration, planche 40.",documents/BO0624_4399
205,185,LE JUGEMENT DE PARIS par Giovanni dalle Corniole. Plaquette ronde en bronze.,"185. LE JUGEMENT DE PARIS par Giovanni dalle Corniole. Plaquette ronde en bronze.

Diam. 0.054. Molinier N. 134.",documents/BO0624_4399
206,186,DESCENTE DE CROIX. Plaquette en bronze. École de Padoue.,"186. DESCENTE DE CROIX. Plaquette en bronze. École de Padoue.

Haut. 0.120 - Larg. 0.070.

Voir illustration, planche 46.",documents/BO0624_4399
207,187,"ENTRÉE DU CHRIST À JÉRUSALEM. Le Christ monté sur un âne, suivi de cinq apôtres, s'avance vers Jérusalem. Divers","187. ENTRÉE DU CHRIST À JÉRUSALEM. Le Christ monté sur un âne, suivi de cinq apôtres, s'avance vers Jérusalem. Divers

personnages tenant des rameaux viennent a sa rencontre. Bronze, fragment.

Haut. 0.027 - Larg. 0.039. Cat. Spitzer 1522.",documents/BO0624_4399
208,188,"HéBé, par Moderno. Plaquette en bronze.","188. HéBé, par Moderno. Plaquette en bronze.

naut. 0.08 — Lar. 0.05.

Voir illustration, planche 46.",documents/BO0624_4399
209,189,SAINT GEORGES tuant le dragon. Plaquette carrée en bronze.,"189. SAINT GEORGES tuant le dragon. Plaquette carrée en bronze.

COMBAT. Plaquette rectangulaire en bronze.

Haut. 0.04 - Larg. 0.05. Molinier N. 035·",documents/BO0624_4399
210,190,ALEXANDRE. Plaquette ovale en bronze doré.,"190. ALEXANDRE. Plaquette ovale en bronze doré.

Diam. M. 0.055 - Larg. M. 0.045. Molinier N. 49.

Voir illustration planche 47.

LYSINAQUE. Plaquette ovale en bronze.

Diam. 0.035 - Larg. 0.03. Molinier N. 50.",documents/BO0624_4399
211,191,L'ENLÈVEMENT DE GANYMÈDE. L'aigle de Jupiter enlève Ganymède dans le ciel. Plaquette ovale en bronze.,"191. L'ENLÈVEMENT DE GANYMÈDE. L'aigle de Jupiter enlève Ganymède dans le ciel. Plaquette ovale en bronze.

Diam. 0.0g X 0.07.

Voir illustration planche 47.",documents/BO0624_4399
212,192,"MéDAILLE ayant sur un face: Hercule et le lion de Némée. Hercule, nu, de profil à gauche luttant avec le lion. Derrière lui un carquois est pendu à un arbre: à terre la massue du héros.","192. MéDAILLE ayant sur un face: Hercule et le lion de Némée. Hercule, nu, de profil à gauche luttant avec le lion. Derrière lui un carquois est pendu à un arbre: à terre la massue du héros.

Sur l'autre:

Jupiter et Leda.

Leda debout vêtue d'une draperie flottante et d'une ceinture de fleurs, embrasse et caresse le cygne debout près d'elle. À terre Castor et Pollux, l'un à droite, l'autre à gauche de Leda.

Diam. o.05.

Bronze - XVIe siècle.

Voir illustration, planche 46.

## Tabatières.",documents/BO0624_4399
213,193,"TABATIÈRE rectangulaire en émail avec fleurs et petits personnages en couleurs sur le couvercle; au pourtour et à la partie inférieure du couvercle, des paysages en camaïeu violet et ornements dorés sur fond blanc. Monture en métal doré.","193. TABATIÈRE rectangulaire en émail avec fleurs et petits personnages en couleurs sur le couvercle; au pourtour et à la partie inférieure du couvercle, des paysages en camaïeu violet et ornements dorés sur fond blanc. Monture en métal doré.

Long. 0.075 - 0.050",documents/BO0624_4399
214,194,"PETITE BONBONNIÈRE à forme de panier, en porcelaine blanche, le fond doré et extérieurement gaufrée à vannerie: sur la partie intérieure du couvercle un petit chien sur un coussin. Monture en argent doré. Vieux Capodimonte.","194. PETITE BONBONNIÈRE à forme de panier, en porcelaine blanche, le fond doré et extérieurement gaufrée à vannerie: sur la partie intérieure du couvercle un petit chien sur un coussin. Monture en argent doré. Vieux Capodimonte.

LOn4. 0.07

Voir illustration, planche 24.",documents/BO0624_4399
215,195,"BoîTE mouches en ivoire de forme oblongue à angles arrondis, décorée sur le couvercle de deux ovales en émail bleu à petites étoiles et montée en or. Ouverture à secret. Louis XVI.","195. BoîTE mouches en ivoire de forme oblongue à angles arrondis, décorée sur le couvercle de deux ovales en émail bleu à petites étoiles et montée en or. Ouverture à secret. Louis XVI.

Voir illustration, planche 24.

Long. o.1o.",documents/BO0624_4399
216,196,"TABATIÈRE rectangulaire en émail, avec musique sur le couvercle, à l'intérieur et","196. TABATIÈRE rectangulaire en émail, avec musique sur le couvercle, à l'intérieur et

au dessous de la tabatière. Décor bleu avec ornements dorés et à relief sur le pourtour. Vieux Battersee.

Long. 0.07 X 0.05.

Voir illustration planche 24.",documents/BO0624_4399
217,197,"TABATIÈRE rectangulaire en émail blanc avec petites fleurs en couleurs. Sur le couvercle une demi figure de femme appuyée à une table, tenant dans les mains une guirlande de fleurs en couleurs sur fond noir. Monture en métal doré. Vieux Saxe.","197. TABATIÈRE rectangulaire en émail blanc avec petites fleurs en couleurs. Sur le couvercle une demi figure de femme appuyée à une table, tenant dans les mains une guirlande de fleurs en couleurs sur fond noir. Monture en métal doré. Vieux Saxe.

Long. 0.07 X 0.550.

Voir illustration, planche 24.",documents/BO0624_4399
218,198,"TABATIÈRE ovale en émail, fond vert clair à ornements blancs et arabesques dorées à relief, formant cadres à trois médaillons à paysages décorant l'un le couvercle, les deux autres le pourtour de la tabatière. Monture en métal doré. Vieux Battersee.","198. TABATIÈRE ovale en émail, fond vert clair à ornements blancs et arabesques dorées à relief, formant cadres à trois médaillons à paysages décorant l'un le couvercle, les deux autres le pourtour de la tabatière. Monture en métal doré. Vieux Battersee.

Diam. 0.07

Voir illustration, planche 24.",documents/BO0624_4399
219,199,"TABATIÈRE ronde en buis, doublée à l'intérieur d'une plaquette en or bas et ornée sur le couvercle d'une corbeille de fleurs et fruits finement sculptés en relief.","199. TABATIÈRE ronde en buis, doublée à l'intérieur d'une plaquette en or bas et ornée sur le couvercle d'une corbeille de fleurs et fruits finement sculptés en relief.",documents/BO0624_4399
220,200,"TABaTIÈRE circulaire en olivier avec « tarsia » en paille coloriée, offrant sur le couvercle Adam et Eve chassés du Paradis terrestre. Travail florentin finement exécuté. Très rare. XVIe siècle. I. TABATIÈRE en or émaillé, forme rectangulaire à angles échancrés, bords à listel bleu et or, fond blanc. Sur le couvercle un paysage avec des ruines antiques, paysans et animaux. Louis XVI.","200. TABaTIÈRE circulaire en olivier avec « tarsia » en paille coloriée, offrant sur le couvercle Adam et Eve chassés du Paradis terrestre. Travail florentin finement exécuté. Très rare. XVIe siècle.

Diam. 0.082.

Voir illustration, planche 24. - 20I. TABATIÈRE en or émaillé, forme rectangulaire à angles échancrés, bords à listel bleu et or, fond blanc. Sur le couvercle un paysage avec des ruines antiques, paysans et animaux. Louis XVI.

Vour wustration, planche 24",documents/BO0624_4399
221,201,"bis, MARQUISE en or, entourage de petites perles, fond en émail bleu sur lequel sont deux cadrans, l'un pour les heures et l'autre pour les minutes. Époque Louis XVI.","- 201 bis, MARQUISE en or, entourage de petites perles, fond en émail bleu sur lequel sont deux cadrans, l'un pour les heures et l'autre pour les minutes. Époque Louis XVI.

Voir illustration, planche 24.

Diam. 0.03

## Bronzes.",documents/BO0624_4399
222,202,L'ANGE de Tobie. Bronze. Patine verte. XVII® siècle.,"202. L'ANGE de Tobie. Bronze. Patine verte. XVII® siècle.

Haut. 0.28.

Voir illustration, planche 44.",documents/BO0624_4399
223,203,"PALLAS, coiffée d'un casque et armée d'une lance et d'un bouclier. Belle statuette en bronze. Fin du X VI° siècle. Base en bois noir.","203. PALLAS, coiffée d'un casque et armée 2. d'une lance et d'un bouclier. Belle statuette en bronze. Fin du X VI° siècle. Base en bois noir.

Haut de la statue 0.26.

de la base 0.16

Voir illustration, planche 44.",documents/BO0624_4399
224,204,"PETIT MORTIER en bronze orné de têtes d'amours, de feuillages, d'oiseaux et de festons soutenus par des mascarons en relief. Patine verte. Pièce remarquable. XVIe siècle.","204. PETIT MORTIER en bronze orné de têtes d'amours, de feuillages, d'oiseaux et de festons soutenus par des mascarons en relief. Patine verte. Pièce remarquable. 2. XVIe siècle.

Haut. 0,09 - Diam. O.10.

Voir illustration planche 45.",documents/BO0624_4399
225,205,"MORTIER en bronze décoré au pourtour d'une frise représentant sujets de chasse, en relief. XVIIe siècle.","205. MORTIER en bronze décoré au pourtour d'une frise représentant sujets de chasse, 2. en relief. XVIIe siècle.

Haut. 0.13 - Diam. o.16.",documents/BO0624_4399
226,206,"ENCRIER triangulaire soutenu par trois griffes de lions, le bord orné de très beaux mascarons et ornements en relief. Les angles garnis d'une feuille d'acanthe. Le couvercle manque. Bronze de patine brune. XVI siècle.","206. ENCRIER triangulaire soutenu par trois griffes de lions, le bord orné de très beaux mascarons et ornements en relief. Les angles garnis d'une feuille d'acanthe. Le couvercle manque. Bronze de patine brune. XVI siècle.

Haut. 0.0g vour lustration, planche 43-",documents/BO0624_4399
227,207,"SAINTE SUSANNE ET L'ANGE. Très beau groupe en bronze, patine foncée: base en bois. Attribué à G. L. Bernini.","207. SAINTE SUSANNE ET L'ANGE. Très beau groupe en bronze, patine foncée: base en bois. Attribué à G. L. Bernini.

Larg: 0.27 - Haut. 0.19.

Voir illustration, planche 43.",documents/BO0624_4399
228,208,"DEUX MARTEAUX de porte en bronze formés d'un anneau ovale, orné d'une guirlande et d'une grecque au centre. Louis XVI.","208. DEUX MARTEAUX de porte en bronze formés d'un anneau ovale, orné d'une guirlande et d'une grecque au centre. Louis XVI.

Diam. 0.23.",documents/BO0624_4399
229,209,"MORTIER en bronze, les deux anses formées de protomes de lions. Les lettres C. A. R. entrelacées et surmontées de la croix sur le pourtour. XV° siècle.","209. MORTIER en bronze, les deux anses formées de protomes de lions. Les lettres C. A. R. entrelacées et surmontées 2. de la croix sur le pourtour. XV° siècle.

Haut. 0.30 - Diam. 0.28.

Voir illustration planche 45.",documents/BO0624_4399
230,210,ENFANT « Modèle de nu ». Très belle pa-,"210. ENFANT « Modèle de nu ». Très belle pa-

Haut, 0.I4.

- tine rouge. XVIe siècle.",documents/BO0624_4399
231,211,"FEMME « Modèle de nu », statuette en","211. FEMME « Modèle de nu », statuette en
- bronze d'une très belle patine rouge. XVIe siècle.

Haut. 0.29

Voir illustration, planche 42.",documents/BO0624_4399
232,212,HOMME « modèle anatomique ». Bronze,212. HOMME « modèle anatomique ». Bronze,documents/BO0624_4399
233,2,"Voir illustration, planche 42.","2. Voir illustration, planche 42.",documents/BO0624_4399
234,3,d'une très belle patine rouge. XVIe siècle. Haut o.3I.,3. d'une très belle patine rouge. XVIe siècle. Haut o.3I.,documents/BO0624_4399
235,213,"ENCRIER rond avec bord cotelé, supporté","213. ENCRIER rond avec bord cotelé, supporté

Haut. 0.08.

- par trois taureaux, séparés par trois écussons. Bronze XVIe siècle.

Voir illustration, planche 43.",documents/BO0624_4399
236,214,"HERCULE nu, armé d'une massue. Belle statuette en bronze sur base, signée A. G. Patine brune. XVIe siècle.","214. HERCULE nu, armé d'une massue. Belle statuette en bronze sur base, signée A. G. Patine brune. XVIe siècle.

Haut. 0.22.

Voir illustration, planche 42.

## Faïences et Porcelaines.",documents/BO0624_4399
237,215,"PETIT VASE à panse ronde, à piédouche et couvercle. Décor chamois à reflets auréo-cuivreux sur fond d'émail blanc. Fab. de Deruta. Première moitié du XVI® siecle","215. PETIT VASE à panse ronde, à piédouche et couvercle. Décor chamois à reflets auréo-cuivreux sur fond d'émail blanc. Fab. de Deruta. Première moitié du XVI® siecle

Haut. 0.19.",documents/BO0624_4399
238,216,"VASE de forme ovoïde avec base, couvercle et deux anses. Décoré de deux paysages et ornements en couleurs sur fond blanc. Signé G. B. Faïence de Nove.","216. VASE de forme ovoïde avec base, couvercle et deux anses. Décoré de deux paysages et ornements en couleurs sur fond blanc. Signé G. B. Faïence de Nove.

Haut. o.31.",documents/BO0624_4399
239,217,TASSE à bouillon avec couvercle et soucoupe en porcelaine décorée de dorures; au centre de la soucoupe la vue de la porte Capuana et dans les deux médaillons du couvercle: La tombe de Virgile à Posillipo et des antiquités de Capoue. Vieux Naples. Etui recouvert de peau noire.,217. TASSE à bouillon avec couvercle et soucoupe en porcelaine décorée de dorures; au centre de la soucoupe la vue de la porte Capuana et dans les deux médaillons du couvercle: La tombe de Virgile à Posillipo et des antiquités de Capoue. Vieux Naples. Etui recouvert de peau noire.,documents/BO0624_4399
240,218,"DEUX PLATS CREUX, ornés de fleurs et feuillages. Décor bleu et rouge rehaussé d'or sur fond blanc. Porcelaine: vieux Japon.","218. DEUX PLATS CREUX, ornés de fleurs et feuillages. Décor bleu et rouge rehaussé d'or sur fond blanc. Porcelaine: vieux Japon.

Diam. 0.34.",documents/BO0624_4399
241,219,"VASE siculo-arabe à forme de cornet. Décor de petites fleurs bleues, mélangées à d'autres fleurs et feuilles chamois à reflets métalliques, irisés. Pièce très intéressante. XVe siècle.","219. VASE siculo-arabe à forme de cornet. Décor de petites fleurs bleues, mélangées à d'autres fleurs et feuilles chamois à reflets métalliques, irisés. Pièce très intéressante. XVe siècle.

Voir illustration, planche 33.",documents/BO0624_4399
242,220,"220. PETIT PLAT creux sur piédouche bas, dit « fruttiera». Au pourtour une décoration de poires et cerises en relief et ","220. PETIT PLAT creux sur piédouche bas, dit « fruttiera». Au pourtour une décoration de poires et cerises en relief et à reflets de rubis et de feuilles à reflets d'or. Au centre, circonscrit d'un listel, deux génies ailés tenant un écusson avec la croix latine, armoiries du peuple de Bologne et dans l'exergue l'inscription: OPUS SPERANDEI. Reproduction du revers d'une médaille, exécutée du fameux médailleur Sperandio pour Giovanni II Bentivoglio. C'est sans aucun doute un des premiers travaux de Mastro Giorgio. Pièce très intéressante.

Diam. 0.24

Voir illustration, planche 32.

-",documents/BO0624_4399
243,221,"| 221. GRAND VASE à forme de bouteille, avec médaillon offrant Vénus et Amour et ins cription pharmaceutique à la partie","| 221. GRAND VASE à forme de bouteille, avec médaillon offrant Vénus et Amour et ins cription pharmaceutique à la partie infé rieure. Orné de rinceaux, décor bleu, jaune et vert. XVe siècle. Cafaggiolo.

Voir illustration, planche",documents/BO0624_4399
244,222,"DEUX VASES de pagode, à forme hexagonale, à col évasé et à anses ajourées, décorés de fleurs et personnages rehaussés d'or sur fond bleu. Vieux Chine","222. DEUX VASES de pagode, à forme hexagonale, à col évasé et à anses ajourées, décorés de fleurs et personnages rehaussés d'or sur fond bleu. Vieux Chine

Voir illustration, planche 35.

Haut. 0.4T.",documents/BO0624_4399
245,223,"AIGUIÈRE en porcelaine décorée de personnages en bleu et rehaussés d'or sur fond blanc. Anse en forme de bec, et couvercle en métal doré, orné de têtes de vautours. Vieux Chine. bis. THÉIÈRE en porcelaine. Coqs et fleurs","223. AIGUIÈRE en porcelaine décorée de personnages en bleu et rehaussés d'or sur fond blanc. Anse en forme de bec, et couvercle en métal doré, orné de têtes de vautours. Vieux Chine.

Haut. 0.27

Voir illustration, planche 35- - 223bis. THÉIÈRE en porcelaine. Coqs et fleurs
- en couleurs sur fond blanc. Indo-Chine.

Haut. o.1o

Voir illustration, planche 35.",documents/BO0624_4399
246,224,"PLAQUE en faïence en couleurs et hautrelief, ornée de deux petites colonnes supportant un arc trilobé. Au milieu la Vierge assise avec l'Enfant Jésus sur les genoux. Fond d'étoffe à fleurs et sur une banderole en bas, on lit la date 1477. Ce travail qui par sa composition, par l'expression des têtes et par son ornementation reflète toute la simplicité, toute la grâce du style d'or de la Renaissance, est attribué, par le renommé prof. Argnani, au célèbre Sperandio. L'opinion du professeur Argnani, d'incontestable autorité, est confirmée par un acte notarial dans les archives de Faenza à la date du 7 juin 1477, qui nous apprend que le fameux médailleur Sperandio fut stipendié à la Cour des Manfredi, et que, dans son contrat, il prit l'engagement de travailler de brongio, de marmore, de terra, etc.... Il est","224. PLAQUE en faïence en couleurs et hautrelief, ornée de deux petites colonnes supportant un arc trilobé. Au milieu la Vierge assise avec l'Enfant Jésus sur les genoux. Fond d'étoffe à fleurs et sur une banderole en bas, on lit la date 1477. Ce travail qui par sa composition, par l'expression des têtes et par son ornementation reflète toute la simplicité, toute la grâce du style d'or de la Renaissance, est attribué, par le renommé prof. Argnani, au célèbre Sperandio. L'opinion du professeur Argnani, d'incontestable autorité, est confirmée par un acte notarial dans les archives de Faenza à la date du 7 juin 1477, qui nous apprend que le fameux médailleur Sperandio fut stipendié à la Cour des Manfredi, et que, dans son contrat, il prit l'engagement de travailler de brongio, de marmore, de terra, etc.... Il est
donc logique de croire qu'il ait également dédié son immense talent artistique à l'industrie de la faïence très estimée à Faenza, et parvenue, à cette époque, à un très haut degré de perfectionnement technique, comme le prouvent le travail et la coloration de cette plaque, qui peut être jugée comme un vrai cimelium des les -très renommées faïences antiques de cette ville.

Haut. 0.40 - Larg. 0.22

Voir illustration, planche 31.",documents/BO0624_4399
247,225,"TÊTE-À-TÊTE. Plateau rectangulaire, deux tasses et une cafetière en porcelaine décorée de paysages et d'oiseaux en couleurs et rehaussés d'or. Vieux Ginori.","225. TÊTE-À-TÊTE. Plateau rectangulaire, deux tasses et une cafetière en porcelaine décorée de paysages et d'oiseaux en couleurs et rehaussés d'or. Vieux Ginori.",documents/BO0624_4399
248,226,"VASE de forme ovoïde à large pied et à col cylindrique. Dans le bas, ornements et rinceaux feuillagés et à décor varié disposé sur trois zones et d'un médaillon représentant Jésus discutant avec les Docteurs; à la partie supérieure inscription pharmaceutique en caractères goTrès belle coloration polychrome dans laquelle domine le bleu et le vert. Faïence de Castel Durante. XVIe siècle.","226. VASE de forme ovoïde à large pied et à col cylindrique. Dans le bas, ornements et rinceaux feuillagés et à décor varié disposé sur trois zones et d'un médaillon représentant Jésus discutant avec les Docteurs; à la partie supérieure inscription pharmaceutique en caractères goTrès belle coloration polychrome dans laquelle domine le bleu et le vert. Faïence de Castel Durante. XVIe siècle.

Haut. 0.33 - Diam. o.19.

Voir illustration, planche 33.",documents/BO0624_4399
249,227,"PETIT PLAT creux siculo-arabe. Au centre, une rose et au pourtour une branche de petites fleurs, couleurs bleu et rubis à reflets métalliques sur fond d'émail clair. Epoque: première moitié du XVIe siècle.","227. PETIT PLAT creux siculo-arabe. Au centre, une rose et au pourtour une branche de petites fleurs, couleurs bleu et rubis à reflets métalliques sur fond d'émail clair. Epoque: première moitié du XVIe siècle.

Diam. 0.1d",documents/BO0624_4399
250,228,"PETIT · PLAT ROND, ancienne porcelaine des Médicis, orné de petits fleurs bleues sur fond blanc. Au revers même décor: au centre, comme marque, la coupole de Sainte-Marie del Fiore et au dessous l'initiale F. Très rare.","228. PETIT · PLAT ROND, ancienne porcelaine des Médicis, orné de petits fleurs bleues sur fond blanc. Au revers même décor: au centre, comme marque, la coupole de Sainte-Marie del Fiore et au dessous l'initiale F. Très rare.

Diam. 0.25.

Voir illustration, planche 32.

## Tableaux.

## ANDRÉ LUCATELLI

(XVIII® siècle).",documents/BO0624_4399
251,229,SUJETS CHAMPÊTRES. Deux peintures fai- sant pendant. Cadre en bois doré avec riche décoration de feuilles sculptées en re-,"229. SUJETS CHAMPÊTRES. Deux peintures fai- 2. sant pendant. Cadre en bois doré avec riche décoration de feuilles sculptées en re-

Toile Haut. 0.67 X 0.52

Voir illustration, planche 22

## PANETTI.",documents/BO0624_4399
252,230,"SAINT ROCH. Le saint représenté debout, de face, les yeux levés au ciel, vêtu en costume de pèlerin, tient de la main droite un bâton et de la gauche il relève un pan de sa tunique pour montrer la plaie de sa cuisse. Fond de paysage avec bâtiments et cours d'eau. Cadre en bois sculpté et doré.","230. SAINT ROCH. Le saint représenté debout, de face, les yeux levés au ciel, vêtu en costume de pèlerin, tient de la main droite un bâton et de la gauche il relève un pan de sa tunique pour montrer la plaie de sa cuisse. Fond de paysage avec bâtiments et cours d'eau. Cadre en bois sculpté et doré.

Bois Haut. 1.46 X 0.68.

## NICOLAS VAN DER HORST.",documents/BO0624_4399
253,231,"LA CÈNE D'EMMAS. Peinture remarquable pour les effets de lumière, le modelé soigné, et le coloris caractéristique de cet élève de Rubens. Signée sur la traverse inférieure de la table. Très beau cadre doré et sculpté.","231. LA CÈNE D'EMMAS. Peinture remarquable 2. pour les effets de lumière, le modelé soigné, et le coloris caractéristique de cet élève de Rubens. Signée sur la traverse inférieure de la table. Très beau cadre doré et sculpté.

## VITALE.

(dit aux Madones, 1345).",documents/BO0624_4399
254,232,"COURONNEMENT DE LA VIERGE. Le Christ pose la couronne sur la tête de la Madone qui, les bras croisés, s'agenouille devant lui dans une attitude d'humilité infinie. En haut le Père Eternel entouré d'anges. Fond doré et orné de reliefs vers la partie supérieure avec arc ogival à reliefs. Peinture à la détrempe.","232. COURONNEMENT DE LA VIERGE. Le Christ pose la couronne sur la tête de la Madone qui, les bras croisés, s'agenouille devant lui dans une attitude d'humilité infinie. En haut le Père Eternel entouré d'anges. Fond doré et orné de reliefs vers la partie supérieure avec arc ogival à reliefs. Peinture à la détrempe.

Panneau, 0.78 X 0.60.
## JUSTE SUTTERMANS.

(1597-1681).",documents/BO0624_4399
255,233,"PORTRAIT (buste) du Cardinal Giancarlo de Medici, fils de Cosimo II Duc de Florence. Peinture sur toile. bis. PANNEAU central de triptyque à fond doré. La Vierge, assise sur un trône gothique à haut dossier, vêtue d'une robe rouge et d'un long manteau bleu, donne le sein au divin Enfant. Elle est entourée de plusieurs Saints, Saintes et Anges Cadre en ogive sculpté et doré.","233. PORTRAIT (buste) du Cardinal Giancarlo de Medici, fils de Cosimo II Duc de Florence. Peinture sur toile.

Haut. 0.68 X 0.56.

Voir illustration, planche 18.

## GÉRARD STARNINA.

(1354-1403). - 233 bis. PANNEAU central de triptyque à fond doré. La Vierge, assise sur un trône gothique à haut dossier, vêtue d'une robe rouge et d'un long manteau bleu, donne le sein au divin Enfant. Elle est entourée de plusieurs Saints, Saintes et Anges Cadre en ogive sculpté et doré.

Haut. 0.82 - Larg. 0.49.

## F. BOUCHER.

(1703-1770).",documents/BO0624_4399
256,234,"TRIOMPHI DE VÉNUS. La belle et blonde déesse, nue, tournant à demi le dos au spectateur, et la tête tournée de trois quarts à gauche, est à demi couchée sur une coquille recouverte d'une draperie couleur d'or. Elle tient de la main gauche une colombe qu'elle approche de sa bouche. Des petits Amours voltigent autour, et d'autres, ensemble à des Naïades et des Tritons, entourent la coquille portée par des dauphins voguant sur les flots. Charmant sujet traité avec une grâce et un coloris incomparables, par le brillant maître. On admire dans la collection de Mr. le baron Alfred de Rothscild un autre tableau du même maître représentant le Triomphe de Vénus et qui ne diffère du tableau en vente que par quelques détails et par la disposition inverse de groupe. Cadre en bois doré et richement sculpté.","234. TRIOMPHI DE VÉNUS. La belle et blonde déesse, nue, tournant à demi le dos au spectateur, et la tête tournée de trois quarts à gauche, est à demi couchée sur une coquille recouverte d'une draperie couleur d'or. Elle tient de la main gauche une colombe qu'elle approche de sa bouche. Des petits Amours voltigent autour, et d'autres, ensemble à des Naïades et des Tritons, entourent la coquille portée par des dauphins voguant sur les flots. Charmant sujet traité avec une grâce et un coloris incomparables, par le brillant maître. On admire dans la collection de Mr. le baron Alfred de Rothscild un autre tableau du même maître représentant le Triomphe de Vénus et qui ne diffère du tableau en vente que par quelques détails et par la disposition inverse de groupe. Cadre en bois doré et richement sculpté.

Toile, Haut. 0.70 X 1.05.

Vour ulustration, planche I7

## FRANÇOIS CLOUET.

(1510-1572).",documents/BO0624_4399
257,235,"PORTRAIT de Prince. Demi corps, tourné de trois quarts vers la droite, en co· stume de l'époque avec un grand col et l'ordre de la Toison d'Or. Très beau cadre en bois doré et sculpté avec guirlande de","235. PORTRAIT de Prince. Demi corps, tourné de trois quarts vers la droite, en co· stume de l'époque avec un grand col et l'ordre de la Toison d'Or. Très beau cadre en bois doré et sculpté avec guirlande de

Bois, haut. 0.27 X 0.20.

- feuillage à jour.

## LORENZO ZACCHIA.

(XVI° siècle).",documents/BO0624_4399
258,236,"GROUPE de deux musiciens et de deux musiciennes vus à demi corps. Belle ordonnance et bon dessin. Toile signée en haut, à droite LAUR · ZACCHIAS - LU CEN FACIEBAT CIO 1O XXVII. Cadre orné de feuillages et de fruits dorés et sculptés.","236. GROUPE de deux musiciens et de deux musiciennes vus à demi corps. Belle ordonnance et bon dessin. Toile signée en haut, à droite LAUR · ZACCHIAS - LU CEN FACIEBAT CIO 1O XXVII. Cadre orné de feuillages et de fruits dorés et sculptés.

Toile, 0.78 X 1.00

## J. HOLBEIN LE VIEUX.

(1450-1524).",documents/BO0624_4399
259,237,"PORTRAIT de personnage (buste) d'un âge avancé, de profil à droite, la tête couverte d'une barrette noire, revêtu d'un justaucorps cramoisi et d'un manteau garnis de fourrure. Portrait admirable de finesse et de vérité. Beau cadre en moulures guillochées.","237. PORTRAIT de personnage (buste) d'un âge avancé, de profil à droite, la tête couverte d'une barrette noire, revêtu d'un justaucorps cramoisi et d'un manteau garnis de fourrure. Portrait admirable de finesse et de vérité. Beau cadre en moulures guillochées.

Sur bois, Haut. 0.27 - Larg. 0.22. Voir illustration, blanche 7.

## P. P. RUBENS.

(1577-1640).",documents/BO0624_4399
260,238,ÉBAUCHE représentant le Sauveur qui ap- paraît à Sainte Claire dans une extase. Peinture sur bois. Cadre en noyer et or. Pièce de connaisseur.,"238. ÉBAUCHE représentant le Sauveur qui ap- 2. paraît à Sainte Claire dans une extase. Peinture sur bois. Cadre en noyer et or. Pièce de connaisseur.

Haut. 0.41 X 0.29.

## JACOMETTO DA VENEZIA.

(1472).",documents/BO0624_4399
261,239,"PORTRAIT de jeune fille (buste) vue de trois quarts, tournée vers la droite. Robe avec corsage décolleté et revers de four-","239. PORTRAIT de jeune fille (buste) vue de trois quarts, tournée vers la droite. Robe avec corsage décolleté et revers de four-
rure, cheveux lisses avec raie au milieu, petit bonnet blanc brodé de noir. Cadre en bois noir guilloché.

Bois, 0.16 X 0.12.

Vour illustration, planche 5.

## VINCENT CATENA.

(1460-1520).",documents/BO0624_4399
262,240,ADORATION DE SAINT JÉRÔME. La Vierge,240. ADORATION DE SAINT JÉRÔME. La Vierge,documents/BO0624_4399
263,2,"accompagnée de Saint Jean, présente son Divin Fils à Saint Jérôme. Fond de paysage.","2. accompagnée de Saint Jean, présente son Divin Fils à Saint Jérôme. Fond de paysage.

D'un sentiment très délicat, d'un coloris très harmonieux et d'une grande qualités qui font de cette œuvre une des les plus appréciées du maître fameux. Cadre richement sculpté

Bois, 0.74 X 0.93.

finesse d'exécution, et doré.

Voir illustration, planche 9.

## Dessins.

## HOPHER DANIEL.",documents/BO0624_4399
264,24,T. UN SOLDAT. Aquarelle. Cadre en bois noir.,"- 24T. UN SOLDAT. Aquarelle. Cadre en bois noir.

0.14 X 0.19.

## REMBRANDT.",documents/BO0624_4399
265,242,SON PORTRAIT. Dessiné par lui-même à la sanguine. Cadre en bois noir et doré. 0.18 X 0.25.,242. SON PORTRAIT. Dessiné par lui-même à la sanguine. Cadre en bois noir et doré. 0.18 X 0.25.,documents/BO0624_4399
266,243,UN JUGEMENT. À la plume. Cadre en bois n01r,"243. UN JUGEMENT. À la plume. Cadre en bois 3. n01r

0.26 X o.18.

## ORCAGNA.",documents/BO0624_4399
267,244,LE JUGEMENT DERNIER. Dessin pour une fresque. Aquarelle. Cadre en bois sculpté.,"244. LE JUGEMENT DERNIER. Dessin pour une 2. fresque. Aquarelle. Cadre en bois sculpté.

0.19 X 0.28.

## REMBRANDT.",documents/BO0624_4399
268,245,JOSEPH ET LA FEMME DE POTIPHAR. À la plume et à la terre de Sienne. Cadre en bois doré.,"245. JOSEPH ET LA FEMME DE POTIPHAR. À la 2. plume et à la terre de Sienne. Cadre en bois doré.

0.26 X 0.18.

## Sculptures.",documents/BO0624_4399
269,246,"BUSTE en marbre de Carrare représentant un jeune homme, la poitrine recouverte bande sur l'épaule gauche. Sculpture de forte expression. Piédouche en marbre de Carrare.","246. BUSTE en marbre de Carrare représentant un jeune homme, la poitrine recouverte bande sur l'épaule gauche. Sculpture de forte expression. Piédouche en marbre de Carrare.

Haut. 0.80.

- d'une étoffe retenue par une XVII® siècle.",documents/BO0624_4399
270,247,"CLÉOPATRE nue, debout, appuyée à un cippe, et tenant dans la main l'aspic qui lui mord le sein. Sculpture en marbre de la fin du XVIe siècle.","247. CLÉOPATRE nue, debout, appuyée à un cippe, et tenant dans la main l'aspic qui lui mord le sein. Sculpture en marbre de la fin du XVIe siècle.

Haut. 0.5I.

Voir illustration, planche 38.

## MINO DA FIESOLE",documents/BO0624_4399
271,248,"BAS-RELIEF rectangulaire en marbre blanc représentant la Vierge à demi corps, tenant l'Enfant Jesus debout sur ses genoux. Le Divin Enfant tient dans la maine droite un petit oïseau et la gauche levée en bénissant. À la partie supérieure, deux chérubins portent une couronne; des deux côtés tombe une guirlande de feuilles et de fruits et dans les angles inférieurs deux écussons, à droite, celui de une confrairie, à gauche celui des Ginori. Pour la douceur souriante de la Vierge et pour les autres qualités caractéristiques de grâce, et de simplicité si l'on compare ce bas-relief avec celui conservé au Musée National de Florence et l'autre du Musée de Berlin, on reconnait de suite qu'il est de Mino da Fiesole, le grand maître de la Renaissance.","248. BAS-RELIEF rectangulaire en marbre blanc représentant la Vierge à demi corps, tenant l'Enfant Jesus debout sur ses genoux. Le Divin Enfant tient dans la maine droite un petit oïseau et la gauche levée en bénissant. À la partie supérieure, deux chérubins portent une couronne; des deux côtés tombe une guirlande de feuilles et de fruits et dans les angles inférieurs deux écussons, à droite, celui de une confrairie, à gauche celui des Ginori. Pour la douceur souriante de la Vierge et pour les autres qualités caractéristiques de grâce, et de simplicité si l'on compare ce bas-relief avec celui conservé au Musée National de Florence et l'autre du Musée de Berlin, on reconnait de suite qu'il est de Mino da Fiesole, le grand maître de la Renaissance.

Haut. 0.82 - Larg. M. 0.57-

Voir illustration, planche 36.

## MATTEO CIVIDALE.",documents/BO0624_4399
272,249,"SAINT SÉBASTIEN. Ébauche en terre cuite de la statue, qu'on admire à Lucques dans l'église de Saint-Frédien.","249. SAINT SÉBASTIEN. Ébauche en terre cuite de la statue, qu'on admire à Lucques dans l'église de Saint-Frédien.

Voir illustration, planche 38.

Haut. 0.74-
## Étoffes et Tapis.",documents/BO0624_4399
273,250,"· PETIT TAPIS à fond jaune, fleurs brochées en argent, bordure de dentelle en argent. 20 X 1.07.","250. · PETIT TAPIS à fond jaune, fleurs brochées en argent, bordure de dentelle en argent. 1.20 X 1.07.",documents/BO0624_4399
274,251,"CoUssiN recouvert de velours contretaillé à larges ornements et fleurons en couleurs, cramoisi sur fond jaune tissé or.","251. CoUssiN recouvert de velours contretaillé à larges ornements et fleurons en couleurs, cramoisi sur fond jaune tissé or.

XVIe siècle.",documents/BO0624_4399
275,252,"PETIT TAPIS en velours contretaillé de Venise sur fond or, les angles ornés de vases et de fleurs, au centre une rosace géométrique composée de feuillages et de fleurs, le tout renfermé dans une bordure double aux extrémités. Les feuillages sont en couleur verte, les fleurs et les rosaces polychromes. Doublure en soie, frange en soie et or. XVIe siècle. 60 X 0.65. PETIT TAPIS en brocart, à sujet de chasse sur fond clair; figures, animaux et fleurs en couleurs et or. XVIe siècle.","252. PETIT TAPIS en velours contretaillé de Venise sur fond or, les angles ornés de vases et de fleurs, au centre une rosace géométrique composée de feuillages et de fleurs, le tout renfermé dans une bordure double aux extrémités. Les feuillages sont en couleur verte, les fleurs et les rosaces polychromes. Doublure en soie, frange en soie et or. XVIe siècle.

Voir illustration, planche 30. 1.60 X 0.65. 253. PETIT TAPIS en brocart, à sujet de chasse 2. sur fond clair; figures, animaux et fleurs en couleurs et or. XVIe siècle.",documents/BO0624_4399
276,254,"TAPIS DE L'ASIE MINEURE, en laine, à dessins géométriques sur fond rouge et vert foncé. On trouve souvent ces tapis sur les tableaux de maîtres du XVe et XVIe siècle: Mantegna, Ghirlandaio, Bassano, etc. XVIe siècle. 80 X 1.40. GRAND PANNEAU en peluche, à fond rouge, ornements et bordure à feuillages polycromes. Vénitien. XVIIe siècle. 15 X 2.90.","254. TAPIS DE L'ASIE MINEURE, en laine, à dessins géométriques sur fond rouge et vert foncé. On trouve souvent ces tapis sur les tableaux de maîtres du XVe et XVIe siècle: Mantegna, Ghirlandaio, Bassano, etc. XVIe siècle. 2.80 X 1.40. 255. GRAND PANNEAU en peluche, à fond rouge, ornements et bordure à feuillages polycromes. Vénitien. XVIIe siècle. 3.15 X 2.90.",documents/BO0624_4399
277,256,"TAPIS SYRIEN (Damas) en laine angora, arabesques et fleurs sur fond rouge, les coins fond bleu. À l'origine ce genre de tapis provenaient, disait-on, du Maroc, mais d'après de nouvelles recherches, il à eté prouvé qu'ils proviennent de Damas. XVI® siècle. 39 X 2.00.","256. TAPIS SYRIEN (Damas) en laine angora, arabesques et fleurs sur fond rouge, les coins fond bleu. À l'origine ce genre de tapis provenaient, disait-on, du Maroc, mais d'après de nouvelles recherches, il à eté prouvé qu'ils proviennent de Damas. XVI® siècle.

Voir illustration, planche 25. 1.39 X 2.00.

## Objets divers.",documents/BO0624_4399
278,257,"PETITS PORTRAITS ronds de Louis XVI, de Marie Antoinette, de Louis XVII, de ses sœur Elisabeth et Marie Thérèse et de L. P. J. le Duc d'Orléans, peints à l'huile. Cadres en métal doré garnis de perles, surmontés d'un ruban. bis. GRAND PLAT en argent au repoussé. Ornements au centre entouré de festons répétés sur le bord. XVIIIe siècle.","257. PETITS PORTRAITS ronds de Louis XVI, de Marie Antoinette, de Louis XVII, de ses sœur Elisabeth et Marie Thérèse et de L. P. J. le Duc d'Orléans, peints à l'huile. Cadres en métal doré garnis de perles, surmontés d'un ruban.

Diam. 0.07. - 257bis. GRAND PLAT en argent au repoussé. Ornements au centre entouré de festons répétés sur le bord. XVIIIe siècle.

Diam. 0.52.",documents/BO0624_4399
279,258,QUENOUILLE en buis avec la tige ornée de petites figures sculptées à haut-relief. Travail allemand du XVIIe siècle.,"258. QUENOUILLE en buis avec la tige ornée 2. de petites figures sculptées à haut-relief. Travail allemand du XVIIe siècle.

Long. 0.10.",documents/BO0624_4399
280,259,"BAISER DE PAIX en bronze doré. Au dessus d'un soubassement à moulures se dressent deux pilastres décorés de feuilles et de fleurettes, surmontés de chapiteaux corinthiens soutenant un entablement et un fronton semi-circulaire offrant en bas-relief la Madone et deux anges soutenant le Christ mort. Entre les colonnes est représentée en bas-relief la Vierge assise, tenant l'Enfant Jésus sur son genou gauche. Un ange de chaque côté en bas. Les figures de Sainte Cécile et de Saint Antoine gravées sur le fond flanquent le bas-relief. Au revers la date gravée M·D·X·V. Poignée en forme de S terminant en volutes. École florentine. XVIe siècle","259. BAISER DE PAIX en bronze doré. Au dessus d'un soubassement à moulures se dressent deux pilastres décorés de feuilles et de fleurettes, surmontés de chapiteaux corinthiens soutenant un entablement et un fronton semi-circulaire offrant en bas-relief la Madone et deux anges soutenant le Christ mort. Entre les colonnes est représentée en bas-relief la Vierge assise, tenant l'Enfant Jésus sur son genou gauche. Un ange de chaque côté en bas. Les figures de Sainte Cécile et de Saint Antoine gravées sur le fond flanquent le bas-relief. Au revers la date gravée M·D·X·V. Poignée en forme de S terminant en volutes. École florentine. XVIe siècle

Haut. 0.16 - Larg. M. 0.09. Voir illustration, planche 52.",documents/BO0624_4399
281,260,BASSIN en cuivre avec ornements et entrelacs gravés au pourtour. Travail vénitien de style oriental. XVIe siècle. bis. PENDULE d'Allemagne en métal avec or-,"260. BASSIN en cuivre avec ornements et entrelacs gravés au pourtour. Travail vénitien de style oriental. XVIe siècle.

Diam. M. 0.30. - Haut. M. 0.13. - 260 bis. PENDULE d'Allemagne en métal avec or-
- nements gravés et surmontée de trois rangs de petites balustres circulaires. X VI° siècle.

Voir illustration, planche 45.

Haut. 0.41.",documents/BO0624_4399
282,261,"GRAND VASE rituel chinois à trois anses, en bronze avec la figure du Tao-Tiè (le glouton) répeté en relief quatre fois. XII® siècle. *","261. GRAND VASE rituel chinois à trois anses, en bronze avec la figure du Tao-Tiè (le glouton) répeté en relief quatre fois. XII® siècle. *

Haut. 0.51.

Voir illustration, planche 48.",documents/BO0624_4399
283,262,"ÉTU-NECESSAIRE pour toilette, en argent, ornement à fleurs et animaux ciselés en relief. Louis XV.","262. ÉTU-NECESSAIRE pour toilette, en argent, ornement à fleurs et animaux ciselés en relief. Louis XV.

Voir illustration, planche 24.",documents/BO0624_4399
284,263,PEIGNE EN BUIS avec traverse et montants à ornements sculptés et ajourés. XVI® siècle.,"263. PEIGNE EN BUIS avec traverse et montants à ornements sculptés et ajourés. XVI® siècle.

Larg. 0.20 -- Haut. M. 0.12. Voir illustration, planche 48.",documents/BO0624_4399
285,264,PIED DE BRASTER orné de nœuds gothiques en fer forgé. XVe siècle.,"264. PIED DE BRASTER orné de nœuds gothiques en fer forgé. XVe siècle.

Haut. o.7o.",documents/BO0624_4399
286,265,BAISER DE PAIX en métal doré avec Crucifix sur fond d'argent. X Ve siècle.,265. BAISER DE PAIX en métal doré avec Crucifix sur fond d'argent. X Ve siècle.,documents/BO0624_4399
287,266,PENDULE en métal surmontée de trois rangs circulaires de petits balustres. Travail allemand. XVIe siècle.,"266. PENDULE en métal surmontée de trois rangs circulaires de petits balustres. Travail allemand. XVIe siècle.

Voir illustration, planche 45-",documents/BO0624_4399
288,267,"CALICE en métal doré avec ornements re poussés, à piédouche lobé et échancré, à large nœud orné de six têtes de Méduse en argent. Coupe en argent. Travail de Lüneburg. XVe siècle.","267. CALICE en métal doré avec ornements re poussés, à piédouche lobé et échancré, à large nœud orné de six têtes de Méduse en argent. Coupe en argent. Travail de Lüneburg. XVe siècle.

Haut. 0.3I.",documents/BO0624_4399
289,268,"PLAT ROND en cuivre, à ornement et animaux repoussés, au centré écusson. Travail allemand. XVIIe siècle. bis, PLATEAU ovale, fond de glace, bord en métal doré, decoré d'ornements et fleurs ciselés et ajourés. Époque: Empire.","268. PLAT ROND en cuivre, à ornement et animaux repoussés, au centré écusson. Travail allemand. XVIIe siècle.

Diam. 0.47. - 268bis, PLATEAU ovale, fond de glace, bord en métal doré, decoré d'ornements et fleurs ciselés et ajourés. Époque: Empire.

Diam. 0.42, 0.32",documents/BO0624_4399
290,269,"COUPE à couvercle plat, en cuivre, entièrement recouverte de rosaces, de bandes de rinceaux et d'ornements enlacés, gravés Au milieu du couvercle un écusson. Travail vénitien. XVIe siècle.","269. COUPE à couvercle plat, en cuivre, entièrement recouverte de rosaces, de bandes de rinceaux et d'ornements enlacés, gravés Au milieu du couvercle un écusson. Travail vénitien. XVIe siècle.

Diam. 0.14 - Haut. M. 0.06 Voir illustralion, planche 45.",documents/BO0624_4399
291,270,"VASE en métal doré, forme ovale, à haut piédouche, décoré sur les deux faces de figures et festons en relief, sur base également en métal doré. Empire. a11t. 0.28 SAINT GEORGE TUANT LE DRAGON. Pla- quette ovale en bronze.","270. VASE en métal doré, forme ovale, à haut piédouche, décoré sur les deux faces de figures et festons en relief, sur base également en métal doré. Empire. 1a11t. 0.28

* Voir Monthly Rewiew, n. 2, nov. 1900, C. J. Holmes Paleologue: L'Art chinois, pag. 25.
## QUATRIÈME VENTE

## Jeudi 24 Avril à 15 heures précises

## Plaquettes en bronze. 271. SAINT GEORGE TUANT LE DRAGON. Pla- 2. quette ovale en bronze.

Molinier N. 583.

HERCULE ET LE LION DE NÉMÉE. Pla- quette ronde en bronze.

Molinier N. 103.",documents/BO0624_4399
292,272,"L'ADORATION DES BERGERS. À l'entrée de la crêche, la Vierge agenouillée et Saint Joseph adorent l'Enfant. Des bergers, dont un s'agenouille, portent des agneaux et des corbeilles de fruits. Plaquette carrée en bronze.","272. L'ADORATION DES BERGERS. À l'entrée de la crêche, la Vierge agenouillée et Saint Joseph adorent l'Enfant. Des bergers, dont un s'agenouille, portent des agneaux et des corbeilles de fruits. Plaquette carrée en bronze.

Voir illustration, planche 47.",documents/BO0624_4399
293,273,UN TRIOMPHE ROMAIN. Plaquette ronde,273. UN TRIOMPHE ROMAIN. Plaquette ronde,documents/BO0624_4399
294,2,en bronze.,"2. en bronze.

HERCULE, MINERVE, VÉNUS ET L'AMOUR.

Plaquette ovale en bronze.

Haut. 0.05 - Larg. 0.043. Molinier N. 288.

Voir illustration, planche 47.",documents/BO0624_4399
295,275,APOLLON ET MARSYAS. Deux plaquettes ovales en bronze.,"275. APOLLON ET MARSYAS. Deux plaquettes 2. ovales en bronze.

Voir illustration, planche 46.

Molinier N. 3-",documents/BO0624_4399
296,276,"HENNE, DUC DE GIOIOSA. Buste, en armure, regardant à gauche. Bordure de grènetis. Médaillon rond en bronze.","276. HENNE, DUC DE GIOIOSA. Buste, en armure, regardant à gauche. Bordure de grènetis. Médaillon rond en bronze.

Diam. 0.075.",documents/BO0624_4399
297,277,L'ENLÈVEMENT DE DÉJANIRE. Le centaure entoure Déjanire de ses bras et fuit à gauche. Plaquette carrée en bronze.,"277. L'ENLÈVEMENT DE DÉJANIRE. Le centaure 2. entoure Déjanire de ses bras et fuit à gauche. Plaquette carrée en bronze.

0.04

Voir illustration, planche 46.",documents/BO0624_4399
298,278,"PERSÉE DÉLIVRANT ANDROMÈDE. À droite Andromède, nue, enchaînée à un rocher. Du haut des airs Persée, l'épée à la main, fond sur le monstre qui s'approche d'elle. Plaq. octogone, en bronze. XVIe siècle.","278. PERSÉE DÉLIVRANT ANDROMÈDE. À droite Andromède, nue, enchaînée à un rocher. Du haut des airs Persée, l'épée à la main, fond sur le monstre qui s'approche d'elle. Plaq. octogone, en bronze. XVIe siècle.

Haut, 0.05 - Larg. 0.04.

Voir illustration, planche 47.",documents/BO0624_4399
299,279,"L'ADORATION DES BERGERS. À droite la Vierge et Saint Joseph agenouillés devant l'Enfant Jésus étendu à terre. A gauche un berger et deux bergères, dont une L'AMOUR ACCOMPAGNÉ DE DEUX GÉNIES. Plaquette en bronze.","279. L'ADORATION DES BERGERS. À droite la Vierge et Saint Joseph agenouillés devant l'Enfant Jésus étendu à terre. A gauche un berger et deux bergères, dont une

Diam. 0.04.

Molinier N. 640.

VÉTURIE ET CORIOLAN. Plaquette rectangulaire en bronze.

Haut. 0.04 - Larg. 0.05-

Molinier N. 140. 274. L'AMOUR ACCOMPAGNÉ DE DEUX GÉNIES. Plaquette en bronze.

Haut. 0.08 - Larg. 0.09.

Molinier N. 445.

Voir illustration, planche 47
porte sur sa tête une corbeille de fruits.

Plaquette ovale en bronze.

Diam. 0.085 - 0.07.

Voir illustration, planche 47.",documents/BO0624_4399
300,280,LE TRIOMPHE. Le triomphateur debout et portant des branches de laurier dans un quadrige se dirigeant à droite. Plaquette ronde en bronze bordée d'une moulure. XVIe siècle.,"280. LE TRIOMPHE. Le triomphateur debout et portant des branches de laurier dans un quadrige se dirigeant à droite. Plaquette ronde en bronze bordée d'une moulure. XVIe siècle.

Diam. 0.06.",documents/BO0624_4399
301,281,"LE CHRIST. Buste, nimbé, barbu, les cheveux longs. A l'entour l'inscription: IHS · XPS · SALVATOR · MVNDI. Relief très fort. Plaquette ronde en bronze. XVI siècle.","281. LE CHRIST. Buste, nimbé, barbu, les cheveux longs. A l'entour l'inscription: IHS · XPS · SALVATOR · MVNDI. Relief très fort. Plaquette ronde en bronze. XVI siècle.

Diam. 0.045.",documents/BO0624_4399
302,282,"DAVID VAINQUEUR DE GOLIATH. David, debout, s'appuie sur une colonne quée et de la main droite il tient la tête du géant qu'il place sur un socle carré à gauche. À ses pieds un'énorme sabre. Plaquette en bronze.","282. DAVID VAINQUEUR DE GOLIATH. David, 2. debout, s'appuie sur une colonne quée et de la main droite il tient la tête du géant qu'il place sur un socle carré à gauche. À ses pieds un'énorme sabre. Plaquette en bronze.

Haut. 0.24 - Larg. 0.17.

Voir illustration, planche 47.

## Armes.",documents/BO0624_4399
303,283,"CORSELET en fer décoré de bandes disposées verticalement, ornées de rinceaux gravés. Travail italien. XVIe siècle.","283. CORSELET en fer décoré de bandes disposées verticalement, ornées de rinceaux gravés. Travail italien. XVIe siècle.

Haut. 0.44.",documents/BO0624_4399
304,284,BOURGUIGNOTE de fer poli. Manquent les Travail italien. Fin du XVI®,"284. BOURGUIGNOTE de fer poli. Manquent les Travail italien. Fin du XVI®

Haut. 0.29 - Diam. 0.22.

Voir illustration, planche 53.",documents/BO0624_4399
305,285,"MORION de fer avec ornements, animaux figures gravés. Travail alemand. XVIIe siècle. Mauvais état de conservation.","285. MORION de fer avec ornements, animaux 2. figures gravés. Travail alemand. XVIIe siècle. Mauvais état de conservation.

Haut. 0.29 - Diam. 0.21.

- oreillères. siecle.",documents/BO0624_4399
306,286,"PETIT MORTIER en bronze avec doubles ailettes, décoré d'ornements et d'un écusson à relief. Affût en bois verni vert. XVIIe siècle. bis. PAIRE D'ÉTRIERS orientaux, en bronze, à palette large. XVIe siècle.","286. PETIT MORTIER en bronze avec doubles ailettes, décoré d'ornements et d'un écusson à relief. Affût en bois verni vert. XVIIe siècle.

Long. 0.13 - Diam. 0.065. - 286 bis. PAIRE D'ÉTRIERS orientaux, en bronze, à palette large. XVIe siècle.

Haut. 0.14 - Larg: 0.22. Vour ulustration, planche 53.

DOSSIÈRE d'armure en fer poli. Siècle XVI.

Haut. 0.36.",documents/BO0624_4399
307,287,"GRANDE ÉPÉE DE CÉRÉMONIN. La poignée en bronze doré et gravé se compose de longs quillons droits, d'une large fusée et d'un pommeau meplats. Sur les deux faces sont enchassées des pierres dures, différentes (jaspes, agates, etc.).","287. GRANDE ÉPÉE DE CÉRÉMONIN. La poignée en bronze doré et gravé se compose de longs quillons droits, d'une large fusée et d'un pommeau meplats. Sur les deux faces sont enchassées des pierres dures, différentes 2. (jaspes, agates, etc.).

Voir illustration, planche 53.

Long. 1.50.",documents/BO0624_4399
308,288,"PETITE COULEUVRINE en bronze fondu et ciselé, décorée de plusieures zones d'ornements en relief et d'un'écusson entoucartouche l'inscription: FRANCISCUS rée d'une couronne de laurier. Dans un DE ZACCONIS fecit. XVIe siècle.","288. PETITE COULEUVRINE en bronze fondu et ciselé, décorée de plusieures zones d'ornements en relief et d'un'écusson entoucartouche l'inscription: FRANCISCUS 2. rée d'une couronne de laurier. Dans un DE ZACCONIS fecit. XVIe siècle.

Long. 0.430.

Vour austration, planche 44.",documents/BO0624_4399
309,289,", RAPIÈRE. Lame à nervure mediane, cannelée vers son talon, portant sur chaque côté la signature: TOLEDO. Monture à branches cintrées, reliées à pas d'âne, quillons recourbés en dehors, fusée recouverte de tresses de fer, pommeau à bossettes et à pointe de diamant. XVIe siècle.","- 289, RAPIÈRE. Lame à nervure mediane, cannelée vers son talon, portant sur chaque côté la signature: TOLEDO. Monture à branches cintrées, reliées à pas d'âne, quillons recourbés en dehors, fusée recouverte de tresses de fer, pommeau à bossettes et à pointe de diamant. XVIe siècle.

Long. 1.37.

Voir illustration, planche 53.

## Bronzes.",documents/BO0624_4399
310,2,"g0. MARTEAU de porte formé par un petit Bacchus tenant dans les mains une coupe et une grappe de raisin, au milieu de deux lions formant l'anneau. Patine verte foncée.","- 2g0. MARTEAU de porte formé par un petit Bacchus tenant dans les mains une coupe et une grappe de raisin, au milieu de deux lions formant l'anneau. Patine verte foncée.
- XVIIe siècle.

Voir illustration, planche 14.

Haut. 0.29.",documents/BO0624_4399
311,291,"VÉNus, nue, debout, soutenant une draLe pied droit manque, le gauche est abimé. Bronze du","291. VÉNus, nue, debout, soutenant une draLe pied droit manque, le gauche est abimé. Bronze du

haut. o.16.",documents/BO0624_4399
312,292,"JUPITER, nu, debout, avec le foudre dans la main droite. Bronze du XVIIe siècle. Haut. 0.27. Voir illustration, planche 12.","292. JUPITER, nu, debout, avec le foudre dans la main droite. Bronze du XVIIe siècle. Haut. 0.27. Voir illustration, planche 12.",documents/BO0624_4399
313,293,"HOMME BARBU, le corps couvert d'une courte tunique, les jambes nues ainsi que les bras. Il a les bras en l'air, en position de soutenir quelque chose. Statuette en bronze. XVIe siècle.","293. HOMME BARBU, le corps couvert d'une courte tunique, les jambes nues ainsi que les bras. Il a les bras en l'air, en position de soutenir quelque chose. Statuette 3. en bronze. XVIe siècle.

Haut. 0.25.

Voir illustration, planche 42.",documents/BO0624_4399
314,294,"SIX ANGES, en bronze, portant les emblèmes de la Passion, sur petites bases carrées en palissandre, le devant plaqué de lapis-lazuli avec deux cariatides sur les angles. XVIIe siècle.","294. SIX ANGES, en bronze, portant les emblèmes de la Passion, sur petites bases carrées en palissandre, le devant plaqué de lapis-lazuli avec deux cariatides sur les angles. XVIIe siècle.

Haut. des anges o.18 des bases 0.12",documents/BO0624_4399
315,295,"ENCRIER rond, orné de volutes et têtes d'anges ailés, soutenu par trois chevaux marins. Bronze du XVIe siècle.","295. ENCRIER rond, orné de volutes et têtes d'anges ailés, soutenu par trois chevaux marins. Bronze du XVIe siècle.

Voir illustration, planche 43.

Haut. 0.09.",documents/BO0624_4399
316,296,"MORTIER en bronze, les anses formees par deux pommes de pin; orne au pourtour de fruits, d'animaux et de quatre frises à dessins différents. XVIIe siècle.","296. MORTIER en bronze, les anses formees par deux pommes de pin; orne au pourtour de fruits, d'animaux et de quatre frises à dessins différents. XVIIe siècle.

Haut. 0.30 - Diam. 0.33-

Voir illustration, planche 45.",documents/BO0624_4399
317,297,LE TAUREAU FARNÈSE. Ancienne réproduction en bronze du fameux groupe. Patine verte. Base en marble blanc ornée de guirlandes en metal dore.,"297. LE TAUREAU FARNÈSE. Ancienne réproduction en bronze du fameux groupe. Patine verte. Base en marble blanc ornée de guirlandes en metal dore.

Haut. 0.30 - Larg. 0.28

vour ulustration, planche 42.

- perie de la main gauche. Avil siecle.

## Faïences et Porcelaines.",documents/BO0624_4399
318,298,"SERVICE DE TABLE en faïence de « Del Vecchio, de Naples ». Décoré de médaillons à paysages, les bords peints imitation albâtre, composé de 18 assiettes creuses, 2 soupières avec leurs plateaux, 59 assiettes plates, 16 plats, 14 assiettes à dessert, 9 tasses à café, etc.... Total 136 pièces.","298. SERVICE DE TABLE en faïence de « Del Vecchio, de Naples ». Décoré de médaillons à paysages, les bords peints imitation albâtre, composé de 18 assiettes creuses, 2 soupières avec leurs plateaux, 59 assiettes plates, 16 plats, 14 assiettes à dessert, 9 tasses à café, etc.... Total 136 pièces.",documents/BO0624_4399
319,299,"PETIT vASE de pharmacie de forme cylindrique, retrécie à la base et au col, orné de feuilles, de fleurs et d'animaux, Couleurs bleue, verte, jaune or et ocre sur fond blanc pointillé bleu. Émail brillant Faenza. XVe siècle.","299. PETIT vASE de pharmacie de forme cylindrique, retrécie à la base et au col, orné de feuilles, de fleurs et d'animaux, Couleurs bleue, verte, jaune or et ocre sur fond blanc pointillé bleu. Émail brillant Faenza. XVe siècle.

Voir illustration, planche 32.

Haut. 0.16.",documents/BO0624_4399
320,300,"PLAT à bord étroit. Fond d'émail blanc champ, en chamois relevé au trait bleu avec reflets métalliques. Fab. de Deruta.","300. PLAT à bord étroit. Fond d'émail blanc champ, en chamois relevé au trait bleu avec reflets métalliques. Fab. de Deruta.

Diam. 0.39.",documents/BO0624_4399
321,301,"BUSTE DE SATYRE en pâte ibride, coloriée, de la fabrique des Médicis de Florence, modelé par Buontalenti. Piédouche en marble blanc. Pièce remarquable. XVI° siècle.","301. BUSTE DE SATYRE en pâte ibride, coloriée, de la fabrique des Médicis de Florence, modelé par Buontalenti. Piédouche en marble blanc. Pièce remarquable. XVI° 2. siècle.

Haut. du buste 0.37.

Voir illustration, planche 33.",documents/BO0624_4399
322,302,"DEUX PETITES BOUTEILLES à panse ronde avec boursouflure à la partie supérieure, le col long et se resserrant au goulot. Décoration à fleurs bleu à fond blanc sur l'une et à fond marron sur l'autre. Porcecelaine. Vieux Japon.","302. DEUX PETITES BOUTEILLES à panse ronde avec boursouflure à la partie supérieure, le col long et se resserrant au goulot. Décoration à fleurs bleu à fond blanc sur l'une et à fond marron sur l'autre. Porcecelaine. Vieux Japon.

Voir illustration, planche 35.

Haut. 0.20.",documents/BO0624_4399
323,303,"GRAND VASE en forme de bouteille, à la partie inférieure deux mascarons en relief. Orné de larges feuilles peintes en jaune et vert sur fond blanc; au centre les armoiries des Médicis. Faience de Faenza. XVIe siècle.","303. GRAND VASE en forme de bouteille, à la partie inférieure deux mascarons en relief. Orné de larges feuilles peintes en jaune et vert sur fond blanc; au centre les armoiries des Médicis. Faience de Faenza. XVIe siècle.

Haut. 0.47•

- décoré d'une rosace, Fin du XVIe siècle.",documents/BO0624_4399
324,304,"COUPE de forme cylindrique, sur pied, dite « confettiera», avec deux anses en S. Décorée au pourtour de palmettes en chamois relevées en bleu à reflets nacrés irisés, alternées d'oves en relief sur fond d'émail blanc. Superbe conservation. Pièce d'une rareté extraordinaire.","304. COUPE de forme cylindrique, sur pied, dite « confettiera», avec deux anses en S. Décorée au pourtour de palmettes en chamois relevées en bleu à reflets nacrés irisés, alternées d'oves en relief sur fond d'émail blanc. Superbe conservation. Pièce d'une rareté extraordinaire.

Fab. de Deruta. X Ve siècle.

Haut. 0.21 - Diam. o.18. Voir illustration, planche 33.",documents/BO0624_4399
325,305,"CoUPE de forme cylindrique, sur pied, dite « confettiera». Au fond un médaillon circulaire représentant Saint François agenouillé devant la croix et récitant le chapelet. Le pourtour est orné de triangles, d'une frise d'imbrications et de tiges de fleurs. A l'extérieur des feuilles disposées en triangle, alternées avec des tiges de fleurs. Décor bleu et chamois à reflets nacrés sur fond d'émail blanc. Fab. de Deruta. Vers 1500.","305. CoUPE de forme cylindrique, sur pied, dite « confettiera». Au fond un médaillon circulaire représentant Saint François agenouillé devant la croix et récitant le chapelet. Le pourtour est orné de triangles, d'une frise d'imbrications et de tiges de fleurs. A l'extérieur des feuilles disposées en triangle, alternées avec des tiges de fleurs. Décor bleu et chamois à reflets nacrés sur fond d'émail blanc. Fab. de Deruta. Vers 1500.

Diam. 0.24 - Haut. 0.19.",documents/BO0624_4399
326,306,"ÉTuI recouvert de maroquin noir contenant, un couvert en argent doré, une salière, un coquetier, une petite soupière avec couvercle et un plateau en ancienne porcelaine de Sèvres (pâte tendre), décorée de festons de fleurs peints en couleurs et dorure sur fond blanc. Au dessous la marque de Sèvres avec deux L (1787).","306. ÉTuI recouvert de maroquin noir contenant, un couvert en argent doré, une salière, un coquetier, une petite soupière avec couvercle et un plateau en ancienne porcelaine de Sèvres (pâte tendre), décorée de festons de fleurs peints en couleurs et dorure sur fond blanc. Au dessous la marque de Sèvres avec deux L (1787).",documents/BO0624_4399
327,307,"ENCRIER de style gothique en faïence coloriée de Faenza. Sur une base polygonale sont assises quatre figures: la Prudence, la Justice, la Tempérance et la Force, séparées par quatre petits encriers. Pièce très rare à cause surtout de l'époque reculée de sa fabrication, remontant à la moitié du XVe siècle, époque primitive ou prédomine la zaffera dans la coloration; par la valeur artistique de son style et enfin par le caractère symbolique des figures correspondant au but moral et philosophique de l'écrivain.","307. ENCRIER de style gothique en faïence coloriée de Faenza. Sur une base polygonale sont assises quatre figures: la Prudence, la Justice, la Tempérance et la Force, séparées par quatre petits encriers. Pièce très rare à cause surtout de l'époque reculée de sa fabrication, remontant à la moitié du XVe siècle, époque primitive ou prédomine la zaffera dans la coloration; par la valeur artistique de son style et enfin par le caractère symbolique des figures correspondant au but moral et philosophique de l'écrivain.

Haut. 0.27 - Larg. 0.29.

Voir illustration, planche 31.

## Ivoires.",documents/BO0624_4399
328,308,"STATUETTE en ivoire représentant Vénus, nue, debout, la jambe gauche pliée en avant et appuyée sur la tête d'un dauphin. XVIIe siècle.","308. STATUETTE en ivoire représentant Vénus, nue, debout, la jambe gauche pliée en avant et appuyée sur la tête d'un dauphin. XVIIe siècle.

Haut. 0.17",documents/BO0624_4399
329,309,"COUTEAU DE CHASSE, avec gaîne en cuir noir et garniture en argent. Le manche en ivoire sculpté, représentant Adam et Eve sous un arbre.","309. COUTEAU DE CHASSE, avec gaîne en cuir noir et garniture en argent. Le manche en ivoire sculpté, représentant Adam et Eve sous un arbre.",documents/BO0624_4399
330,310,"PETIT TABERNACLE en ivoire décoré d'ornements symétriques. A l'intérieur Jésus crucifié et les trois Maries pleurant. Sur les panneaux sont représentés huit saints, martyrs et apôtres sur deux régistres à bas-relief. Traces de polychromie et dorure. Le dessous présente en caractères gothiques l'inscription: Mastro Berton intaja. Très restaurée. XVe siècle.","310. PETIT TABERNACLE en ivoire décoré d'ornements symétriques. A l'intérieur Jésus crucifié et les trois Maries pleurant. Sur les panneaux sont représentés huit saints, martyrs et apôtres sur deux régistres à bas-relief. Traces de polychromie et dorure. Le dessous présente en caractères gothiques l'inscription: Mastro Berton intaja. Très restaurée. XVe siècle.

Haut. 0.29.

Voir illustration, planche 51.",documents/BO0624_4399
331,311,DIPTYQUE en ivoire sculpté à bas-relief. Sur un volet Jésus crucifié avec la Madonne et la Madeleine pleurant; sur l'autre la Madonne et l'Enfant au milieu de deux anges.,"311. DIPTYQUE en ivoire sculpté à bas-relief. Sur un volet Jésus crucifié avec la Madonne et la Madeleine pleurant; sur l'autre la Madonne et l'Enfant au milieu de deux anges.

Haut. o.11 X 0.07.

Voir illustration, planche 51.",documents/BO0624_4399
332,312,RÂPE-À-TABAC en ivoire formée d'une fi- gure d'ecclésiastique avec rabats.,"312. RÂPE-À-TABAC en ivoire formée d'une fi- 2. gure d'ecclésiastique avec rabats.

Haut. o.18.",documents/BO0624_4399
333,313,"BoîTE RONDE en ivoire, offrant une décoration d'ornements et animaux en style byzantin. Serrure et ornements en métal doré. Pièce très remarquable. XIII' siècle. bis. CADRAN solaire rectangulaire ayant trois","313. BoîTE RONDE en ivoire, offrant une décoration d'ornements et animaux en style byzantin. Serrure et ornements en métal doré. Pièce très remarquable. XIII' siècle.

Haut. 0.10 - Diam. o.10.

Voir illustration, planche 51. - 313 bis. CADRAN solaire rectangulaire ayant trois
- faces plaquées d'ivoire et la quatrième de cuivre argenté portant la date 1597. Grand côté du rect.: 0.090 - Petit côté 0.055. Voir illustration, planche 51.

## Tableaux et dessins.

## ÉCOLE DE GIOTTO.",documents/BO0624_4399
334,314,"RETABLE à cinq panneaux, surmontés de cuspides. Dans celui du centre la Madonne avec l'Enfant, un saint dans tous les autres.","314. RETABLE à cinq panneaux, surmontés de cuspides. Dans celui du centre la Madonne avec l'Enfant, un saint dans tous les autres.

Haut. M. I.30 X 1.96.",documents/BO0624_4399
335,315,"L'EMPEREUR CONSTANTIN LE GRAND et l'impératrice Sainte Hélène, debouts, de face, couronnés, avec longs vêtements de pourpre à ornements d'or, tenant une croix entre eux. Peinture byzantine d'intérêt très grand comme portraits d'une époque très reculée. Petit panneau à fond d'or.","315. L'EMPEREUR CONSTANTIN LE GRAND et l'impératrice Sainte Hélène, debouts, de face, couronnés, avec longs vêtements de pourpre à ornements d'or, tenant une croix entre eux. Peinture byzantine d'intérêt très grand comme portraits d'une époque très reculée. Petit panneau à fond d'or.

Haut. 0.25 - Larg. 0.19. Voir iltustration, planche 48.

## J. A. WATTEAU.

(I684-1721).",documents/BO0624_4399
336,316,"PORTRAIT DE JEUNE DAME assise sous un arbre tenant un livre dans la main gauche. Robe de faille blanche, coiffure à rangées de petites frisures poudrées. Au fond, une villa avec balustrade, un rosier et des bâtiments. Portrait charmant. Cadre en bois doré à ornements et reliefs.","316. PORTRAIT DE JEUNE DAME assise sous un arbre tenant un livre dans la main gauche. Robe de faille blanche, coiffure à rangées de petites frisures poudrées. Au fond, une villa avec balustrade, un rosier et des bâtiments. Portrait charmant. Cadre en bois doré à ornements et reliefs.

Toile, 0.88 X 0.70.

Voir illustration, planche 20.

## ÉCOLE LOMBARDE",documents/BO0624_4399
337,317,SAINT JEAN. Cadre sculpté et doré. Bois haut. 0.82 X 0.60.,"317. SAINT JEAN. Cadre sculpté et doré. 2. Bois haut. 0.82 X 0.60.

## J. B. VAN LOO.

(1684-1745).",documents/BO0624_4399
338,318,"PORTRAIT DE JEUNE FEMME. Demi-corps, tournée de trois quarts vers la droite, robe de velours cramoisi ornée de fourrure,","318. PORTRAIT DE JEUNE FEMME. Demi-corps, 2. tournée de trois quarts vers la droite, robe de velours cramoisi ornée de fourrure,

corsage décolleté en soie bleue avec broderies d'or et dentelles, manteau en velours vert, orné au bord de broderies d'or, qui lui glisse des épaules, cheveux relevés et poudrés ornés de fleurs à gauche. Portrait très agréable. Toile ovale. Splendide cadre de l'époque en bois doré, sculpté à ornements à rocaille.

Diam, de la toile o.80 X 0.6.

Voir illustration, planche 21.

## BARTOLOMEO VENETO.",documents/BO0624_4399
339,319,"PORTRAIT DE JEUNE HOMME. Buste, la","319. PORTRAIT DE JEUNE HOMME. Buste, la",documents/BO0624_4399
340,2,"tête est légèrement inclinée et tournée de trois quarts vers la droite. Les cheveux lui descendent le long des joues, il est coiffé d'un bonnet noir, orné sur le devant de grandes houppes blanches, couvert d'un vêtement bleu sombre qui laisse dépasser la chemisette blanche autour du cou. Il soutient de la main droite une boule posée sur un appui en marbre, qui occupe le devant du tableau. Peinture très agréable. Cadre en bois doré avec ornements en relief.","2. tête est légèrement inclinée et tournée de trois quarts vers la droite. Les cheveux lui descendent le long des joues, il est coiffé d'un bonnet noir, orné sur le devant de grandes houppes blanches, couvert d'un vêtement bleu sombre qui laisse dépasser la chemisette blanche autour du cou. Il soutient de la main droite une boule posée sur un appui en marbre, qui occupe le devant du tableau. Peinture très agréable. Cadre en bois doré avec ornements en relief.

Bois, Haut, 0.71 X 0.55.

Voir illustration, planche 8.

## ÉCOLE DE PISE.

(ALV siecle)",documents/BO0624_4399
341,319,"bis. QUATRE PANNEAUX à fond d'or, repré sentant Saint Thomas d'Aquin, Saint Jean Évangeliste, Saint Paul et Saint Dominique, encadrés de colonnettes torses supportant des arceaux et un'entablement en bois doré et sculpté.","- 319 bis. QUATRE PANNEAUX à fond d'or, repré sentant Saint Thomas d'Aquin, Saint Jean Évangeliste, Saint Paul et Saint Dominique, encadrés de colonnettes torses supportant des arceaux et un'entablement en bois doré et sculpté.

Long. 1.20 — Haut. 0.92

Voir illustration, planche 3.

## J. B. PATER.

(1695-1736).",documents/BO0624_4399
342,320,"LES BAIGNEUSES. Dans la rivière d'un parc, trois dames se baignent. Au bord de la rivière une autre se prepare à joindre ses compagnes et cause avec une dame bis. HÉRODIADE entouré de divers personnages, regarde avec complaisance la tête ensanglantée de Saint Jean Baptiste que le bourreau souléve d'un bassin de cuivre. Beau fond d'architecture. Les attitudes variées et pleines de naturel, la correction du dessin et la vivacité du coloris, révèlent dans cette œuvre toute la valeur du célèbre artiste. Cadre en bois sculpté et doré.","320. LES BAIGNEUSES. Dans la rivière d'un parc, trois dames se baignent. Au bord de la rivière une autre se prepare à joindre ses compagnes et cause avec une dame
qui est assise par terre. Au fond du payen un vêtu à l'orientale relève les vêtements des sage, deux couples se tiennent des propos galants, tandisque, discretement, angle de la composition, un domestique baigneuses.

Une jolie composition de l'artiste, d'une s'harmonisant dans un ensemble des plus extrême légèreté d'exécution et d'un coloris aux nuances variées très délicates, flatteurs.

Collection Bernouville. Cadre doré.

Haut. 0.50 - Larg. 0.65. Voir illustration, planche 22.

## SEBASTIEN RICCI.

(1662-1734). - 320 bis. HÉRODIADE entouré de divers personnages, regarde avec complaisance la tête ensanglantée de Saint Jean Baptiste que le bourreau souléve d'un bassin de cuivre. Beau fond d'architecture. Les attitudes variées et pleines de naturel, la correction du dessin et la vivacité du coloris, révèlent dans cette œuvre toute la valeur du célèbre artiste. Cadre en bois sculpté et doré.

Toile, 2.25 X 1.54.

Voir illustration, planche 15.

## LORENZO LOTTO.

(XVIe siècle).",documents/BO0624_4399
343,321,"PORTRAIT D'HOMME (TÊTE), tourné de trois quarts à gauche, la tête recouverte d'une toque noir. Peinture sur bois, cadre doré.","321. PORTRAIT D'HOMME (TÊTE), tourné de trois quarts à gauche, la tête recouverte d'une toque noir. Peinture sur bois, cadre doré.

Haut. 0.40 X 0.32.

Voir illustration, planche 7.

## FRANCK.",documents/BO0624_4399
344,322,"LE SOUPER. Intérieur de cuisine d'auberge avec table dressée, autour de laquelle une joyeuse compagnie de dames et de cavaliers s'amusent avec de la musique, des. chants et des danses. Cadre en bois noir et doré.","322. LE SOUPER. Intérieur de cuisine d'auberge avec table dressée, autour de laquelle une joyeuse compagnie de dames et de cavaliers s'amusent avec de la musique, des. chants et des danses. Cadre en bois noir et doré.

Bois, 0.37 X 0.53.

## LORENZO LOTTO

(attribué à; XVIe siècle).",documents/BO0624_4399
345,323,"PORTRAIT D'HOMME, demi corps, jouant le clavecin. La tête couverte d'une toque noire est tournée de trois quarts vers la droite. Il est vêtu de noir avec col et garnitures blanches à petits plis aux man-","323. PORTRAIT D'HOMME, demi corps, jouant le clavecin. La tête couverte d'une toque noire est tournée de trois quarts vers la droite. Il est vêtu de noir avec col et garnitures blanches à petits plis aux man-",documents/BO0624_4399
346,2,ches. Cadre doré.,"2. ches. Cadre doré.

Bois, 0.67 X 0.50.",documents/BO0624_4399
347,323,"bis, PORTRAIT DE PRINCE. Le personnage est représenté à mi-corps, de trois quart à gauche, vêtu d'un pourpoint et d'un manteau noir brodé d'or; une fraise au cou et le collier de l'ordre de la Toison d'or. Cadre guilloché noir et or.","- 323 bis, PORTRAIT DE PRINCE. Le personnage est représenté à mi-corps, de trois quart à gauche, vêtu d'un pourpoint et d'un manteau noir brodé d'or; une fraise au cou et le collier de l'ordre de la Toison d'or. Cadre guilloché noir et or.

Toile: Haut. 1.20 X 0.90.

Voir illustration, planche 12.

## A. VAN DYCK

(attribué à)",documents/BO0624_4399
348,324,"DIANE CHASSERESSE. La déesse est repré- sentée tournée de trois quarts à gauche, et debout; corsage garni de bijoux, laissant le sein nu; une rangée de grosses perles autour du cou, un voile flotte derrière la tête, le front est orné du croissant et de plusieurs rangées de perles. De la main gauche elle caresse la tête d'un levrier, la droite pose sur un cippe recouvert d'une draperie rouge. Paysage au fond. Cadre sculpté et doré.","324. DIANE CHASSERESSE. La déesse est repré- 2. sentée tournée de trois quarts à gauche, et debout; corsage garni de bijoux, laissant le sein nu; une rangée de grosses perles autour du cou, un voile flotte derrière la tête, le front est orné du croissant et de plusieurs rangées de perles. De la main gauche elle caresse la tête d'un levrier, la droite pose sur un cippe recouvert d'une draperie rouge. Paysage au fond. Cadre sculpté et doré.

Toile, 0.98 X c.80.

Voir illustration, planche 18.

## RAPHAEL MENGS.

(1728-1779).",documents/BO0624_4399
349,325,"PORTRAIT (BUSTE) DU ROI AUGUSTE DE SAXE, de profil, en perruque, tête tournée de trois quarts; garniture de dentelles au cou et aux manches; manteau de velours rouge glissant de l'épaule gauche. Riche cadre en bois sculpté et doré.","325. PORTRAIT (BUSTE) DU ROI AUGUSTE DE SAXE, de profil, en perruque, tête tournée de trois quarts; garniture de dentelles au cou et aux manches; manteau de velours rouge glissant de l'épaule gauche. Riche cadre en bois sculpté et doré.

Toile, 0.50 X 0.42.
## TIZIANO VECELLIO.",documents/BO0624_4399
350,326,SAINT JÉRÔME dans le désert. À la plume . et terre de Sienne. Cadre en bois noir.,"326. SAINT JÉRÔME dans le désert. À la plume . et terre de Sienne. Cadre en bois noir.

Cent. 18 X 22.

## DEL SARTO ANDREA.",documents/BO0624_4399
351,327,EsQuIssE pour la fresque de la maison,"327. EsQuIssE pour la fresque de la maison

Cent. 33 X 23.

- De' Scalzi à Florence. À la plume. Cadre en bois dore.

Voir illustration, planche 23.

## DURER ALB.",documents/BO0624_4399
352,328,SANSON TUANT LE LYON NEMÉE. À la,"328. SANSON TUANT LE LYON NEMÉE. À la

Cent. 19 X 28.

- plume. Cadre en bois brun.

Voir illustration, planche 23.

## Sculptures.",documents/BO0624_4399
353,329,SAINT FRANÇOIS debout préchant et te-,329. SAINT FRANÇOIS debout préchant et te-,documents/BO0624_4399
354,2,"nant un livre dans la main gauche. Dans une niche, décorée de pilastres ornés de tresses, soutenant un arc. Haut-relief en marbre blanc. X Ve siècle.","2. nant un livre dans la main gauche. Dans une niche, décorée de pilastres ornés de tresses, soutenant un arc. Haut-relief en marbre blanc. X Ve siècle.

Haut. 0.93 -- Larg. 0.39.

## ANDREA VERROCCHIO.",documents/BO0624_4399
355,1432,1400).,1432-1400).,documents/BO0624_4399
356,330,"BUSTE DE JEUNE HOMME, de grandeur natrine. Base élliptique en bois verni noir. ture, la tête légèrement tournée à gauche, vêtu d'une tunique serrée, avec deux glands tombant des épaules sur la poiSplendide travail en stuc de grand caractère. Un peu abimé.","330. BUSTE DE JEUNE HOMME, de grandeur natrine. Base élliptique en bois verni noir. 2. ture, la tête légèrement tournée à gauche, vêtu d'une tunique serrée, avec deux glands tombant des épaules sur la poiSplendide travail en stuc de grand caractère. Un peu abimé.

Larg. 0.50 - Haut. 0.45.

Voir illustration, plauche 37.",documents/BO0624_4399
357,331,"LE SAUVEUR, figure à demi corps en marbre blanc, la tête tournée à gauche, les cheveux longs tombant sur les épaules, les bras croisés; sur base exagonale formant corps avec la figure. XVIe siècle.","331. LE SAUVEUR, figure à demi corps en marbre blanc, la tête tournée à gauche, les cheveux longs tombant sur les épaules, les bras croisés; sur base exagonale formant corps avec la figure. XVIe siècle.

Haut. M. 0.24.",documents/BO0624_4399
358,332,OLYMPE ET PAN. Groupe en terre-cuite.,"332. OLYMPE ET PAN. Groupe en terre-cuite.

Haut 0.60

- Travail florentin de XVIe siècle. Pièce très remarquable.

Voir illustration, planche 38

## ÉCOLE DE SIENNE.",documents/BO0624_4399
359,333,LA MADONE ET L'ENFANT JÉSUS. La,"333. LA MADONE ET L'ENFANT JÉSUS. La

Haut. 0.56 X 0.42.

- Vierge (demi corps) avec la tête légèrement inclinée et tournée vers la droite, couverte d'un manteau qui retombe de sa tête, tient de ses deux mains l'Enfant Jésus debout sur son genou gauche. Il est nu et lève la main droite en benissant. Haut-relief en marbre blanc. XVe siècle.

## N. BEGARELLI.

(XVIe siècle).",documents/BO0624_4399
360,334,"BUSTES en terre cuite de la Vierge, de St. Jean Baptiste et de la Madeleine, frag ments de figures faisant partie d'un grand groupe, probablement une Mise au tombeau Touchés de l'expression de douleur qui dans ces figures est étudiée et rendue avec un art parfait, nous nous souvenons des paroles de Michelange qui disait devant les œuvres de ce fameux modeleur: «Si cette terre devenait marbre, malheur aux statues antiques! » Le lot sera divisé et les bustes vendus pièce par pièce.*","334. BUSTES en 2. terre cuite de la Vierge, de St. Jean Baptiste et de la Madeleine, frag ments de figures faisant partie d'un grand groupe, probablement une Mise au tombeau Touchés de l'expression de douleur qui dans ces figures est étudiée et rendue avec un art parfait, nous nous souvenons des paroles de Michelange qui disait devant les œuvres de ce fameux modeleur: «Si cette terre devenait marbre, malheur aux statues antiques! » Le lot sera divisé et les bustes vendus pièce par pièce.*

Voir illustration, planche 37.

Haut. 0.58.

* Trois bustes admirables représentants: 1° Ste. Marie-Madeleine; 2° La Vierge évanouie; 3° St. Jean Évidemment des framents d'une Pietà grandiose, ou d'une Lamentation sur les corps du Christ. La mair d'une des saintes femmes qui la soutenait est restée doucement appuyée sur l'épaule de la Vierge.

C'est une œuvre où l'on respire un naturalisme pur et doux, bien éloigné de l'emphase de certains façonneurs qui traitèrent le même sujet en plastique et qui poussèrent jusqu'au réalisme le plus cru, la représentation de la douleur. Ici le sentiment du beau domine, tempère, mesure: même sur le visage amaigri
## Emaux peints.",documents/BO0624_4399
361,335,"TÊTE DE SAINT JEAN BAPTISTE, peinture en émail de couleurs sur fond or. Tout au tour l'inscription en lettres dorées: LE CHIEF: SAINCT:IHAN: BAP: TISTE. Cadre rond doré. Limoges.","335. TÊTE DE SAINT JEAN BAPTISTE, peinture en émail de couleurs sur fond or. Tout au tour l'inscription en lettres dorées: LE 2. CHIEF: SAINCT:IHAN: BAP: TISTE. Cadre rond doré. Limoges.

Diam. 0.24.",documents/BO0624_4399
362,336,"PETIT MÉDAILLON en or, formant croix grecque à cinq compartiments en forme d'octogone, dans chacun desquels est représenté un épisode de la Passion de Jésus, en émail peint en grisaille. Au revers fleurs également sur émail.","336. PETIT MÉDAILLON en or, formant croix 2. grecque à cinq compartiments en forme d'octogone, dans chacun desquels est représenté un épisode de la Passion de Jésus, en émail peint en grisaille. Au revers fleurs également sur émail.

Diam. 0.03.

Voir illustration, planche 52.",documents/BO0624_4399
363,337,"SAINT JÉRÔME à genoux, se frappant la","337. SAINT JÉRÔME à genoux, se frappant la",documents/BO0624_4399
364,2,poitrine avec une pierre. Plaque cintrée,2. poitrine avec une pierre. Plaque cintrée,documents/BO0624_4399
365,3,"par le haut, peinte en émaux et portant l'inscription: SANTE · IRONMEE en","3. par le haut, peinte en émaux et portant l'inscription: SANTE · IRONMEE en

lettres dorées. Cadre vénitien en métal avec ornements dorés et enrichi de lapis lazuli, de petites perles et de turquoises imitation en émail. Laudin Limoges.

Haut. 0.15 - Larg. 0.12.

Voir illustration, planche 50.",documents/BO0624_4399
366,338,"DIX-NEUF ÉMAUX de forme ovale, coloriés, représentant des épisodes de la vie de Jésus et de la Madone, disposés sur fond de velours vert dans un cadresculpté et doré. Italie. XVIIe siecle.","338. DIX-NEUF ÉMAUX de forme ovale, coloriés, représentant des épisodes de la vie de Jésus et de la Madone, disposés sur fond de velours vert dans un cadresculpté et doré. Italie. XVIIe siecle.

Haut. 0.26 X 0.19.",documents/BO0624_4399
367,339,"PLAQUE cintrée par le haut, peinte en émaux de couleurs translucides, avec rehauts d'or, représentant la Salutation angélique. Au revers le poinçon de Jean I","339. PLAQUE cintrée par le haut, peinte en émaux de couleurs translucides, avec rehauts d'or, représentant la Salutation angélique. Au revers le poinçon de Jean I

Haut. 0.075 - Larg. 0.053.

Voir illustration, planche 50.

de la Vierge où, dans les yeux aux orbites profondes, aux paupières gonflées, on lit cependant une si pénétrante douleur, les lignes ne s'altèrent point; c'est une Pietà émue — la même expression est répandue sur le beau visage oval de la Madeleine et sur celui de St. Jean, dont les têtes sont doucement inclinées et comme encadrées par de longues chevelures bouclées.

Par les costumes des personnages où l'artiste s'est inspiré à la vie réelle, les trois terrescuites appartiendraient encore à la meilleure époque du XVe siècle, tandis qu'une certaine ampleur de formes les placeraient quelques années plus tard. Nous croyons avoir à faire ici aux vestiges admirables d'une œuvre primitive du célèbre modeleur Antonio Begarelli de Modène (1488 (f)-565) dont on ne connaissait jusqu'ici aucune œuvre antérieure à 1525. Nous sommes encore confirmés dans cette opinion par la comparaison de celle-ci avec les œuvres datées que nous a laissées cet artiste, et cela surtout si nous examinons celles de ses figures où, par le caractère du personnage représenté, l'auteur s'en appelle le plus décidément à l'époque",documents/BO0624_4399
368,I,"l existe en effet une affinité intime entre cette Vierge douloureuse, évanouie et celles des deux Dépositions dans les églises de St.-Augustin et de St.-Pierre, à Modène - si saisissantes, si empreintes encore","Il existe en effet une affinité intime entre cette Vierge douloureuse, évanouie et celles des deux Dépositions dans les églises de St.-Augustin et de St.-Pierre, à Modène - si saisissantes, si empreintes encore",documents/BO0624_4399
369,I,"ci, aussi nous retrouvons ces lèvres pleines, gonflées, ces yeux à la facture dure, un peu calqués, dont les paupières, sont rendues un peu sommairement par deux traits. Le modelé est absolument celui de Begarelli, lequel, sans être fouillé, arrive cependant à de si beaux effets; seulement qu'ici, il est un peu plus cru, et contribue à donner aux trois bustes cette grâce timide et fraîche qui aux yeux de beaucoup les rendront préférables aux œuvres postérieures, plus larges de facture et déjà un peu maniérées.","Ici, aussi nous retrouvons ces lèvres pleines, gonflées, ces yeux à la facture dure, un peu calqués, dont les paupières, sont rendues un peu sommairement par deux traits. Le modelé est absolument celui de Begarelli, lequel, sans être fouillé, arrive cependant à de si beaux effets; seulement qu'ici, il est un peu plus cru, et contribue à donner aux trois bustes cette grâce timide et fraîche qui aux yeux de beaucoup les rendront préférables aux œuvres postérieures, plus larges de facture et déjà un peu maniérées.

des traditions du XVe siècle. De même, le St. Jean devant nous rappelle celui de St.-Augustin, le large oval des figures aussi, nous reporte au beau visage de la Madone du Musée Civique, chez laquelle d'ailleurs, les formes et les lignes sont composées d'une façon déjà plus classique.

C'est la première pousse, éclose aux brises du XVe siècle, de cette rose qui s'épanouira plus tard de Sansovino ainsi que de celle de plus grands peintres des contemporains.

triomphante et qui tout en conservant un parfum spécial, subira de l'influence de l'art classique harmonieuse

- Penicaud.",documents/BO0624_4399
370,340,"PLAQUE ronde, peinte en émaux de couleurs translucides, représentant Saint Mar- tin et le pauvre. Laudin. Limoges.","340. PLAQUE ronde, peinte en émaux de couleurs translucides, représentant Saint Mar- 2. tin et le pauvre. Laudin. Limoges.

Voir illustration, planche 50.

Diam. 0.06.

## Meubles.",documents/BO0624_4399
371,341,DEUX CABINETS (pendant) plaqués de pa-,341. DEUX CABINETS (pendant) plaqués de pa-,documents/BO0624_4399
372,2,lissandre avec tiroirs accouplés.,"2. lissandre avec tiroirs accouplés.

Haut. M. 1.1o - Larg. M. 0.68.",documents/BO0624_4399
373,341,"bis, DEUX CHAISES à haut dossier, en noyer sculpté, recouvertes en cuir de Cordoue, à rinceaux feuillagés et fleurs, garnies de clous en cuivre.","- 341 bis, DEUX CHAISES à haut dossier, en noyer sculpté, recouvertes en cuir de Cordoue, à rinceaux feuillagés et fleurs, garnies de clous en cuivre.

Travail portugais. Louis XV. Provenant de la collection Villegas.

Haut. 1.25.",documents/BO0624_4399
374,342,"HARPE en bois sculpté, noir et or, de","342. HARPE en bois sculpté, noir et or, de",documents/BO0624_4399
375,2,la fabrique de Séb. Erard de Londres. Empire.,2. la fabrique de Séb. Erard de Londres. Empire.,documents/BO0624_4399
376,342,"bis. DEUX CHAISES à haut dossier en noyer à rinceaux feuillagés et fleurs, garnies de sculpté, recouvertes en cuir de Cordoue, clous en cuivre.","- 342 bis. DEUX CHAISES à haut dossier en noyer à rinceaux feuillagés et fleurs, garnies de 4. sculpté, recouvertes en cuir de Cordoue, clous en cuivre.

Travail portugais. Louis XV. Prove- nant de la collection Villegas.

Haut. 1.35.",documents/BO0624_4399
377,343,"COFFRE en noyer sculpté, à dessus plat et reposant sur quatre pieds à griftes de lion. La façade est décorée au centre d'un écusson soutenu par des sphinx, de volutes à feuillage, de protomes de chevaux, d'enfants et d'animaux chimériques. Les angles sont garnis de dauphins, la base légèrement bombée et ornée de godrons. bis. DEUX CADRES de glace en cuivre à large bordure, sur laquelle sont représentés des sujets de l'art classique antique et","343. COFFRE en noyer sculpté, à dessus plat et reposant sur quatre pieds à griftes de lion. La façade est décorée au centre d'un écusson soutenu par des sphinx, de volutes à feuillage, de protomes de chevaux, d'enfants et d'animaux chimériques. Les angles sont garnis de dauphins, la base légèrement bombée et ornée de godrons.

XVIe siècle.

Long. 1.83 - Haut. 0.66.

Voir illustration, planche 55. - 343bis. DEUX CADRES de glace en cuivre à large bordure, sur laquelle sont représentés des sujets de l'art classique antique et

mythologiques ensemble à une superbe de l'école de Benveuuto Cellini. rin du

Haut. 0.65 - Larg. 0.62.

ornementation de fleurs et feuillage. Magnifique exemplaire du travail au repoussé XVIe siècle.

Voir illustration, planche 45.",documents/BO0624_4399
378,344,"BEAU CABINET de forme rectangulaire, à façade architectonique, plaquée de pierres (lapis-lazuli, agates, jaspes, onyx) monture en ébène et garnie de bronzes. Au milieu de la façade deux petites colonnes en jaspe radicellato rosso supportent un fronton; les chapiteaux, les bases, les ornements et les pieds sont en bronze doré.","344. BEAU CABINET de forme rectangulaire, à façade architectonique, plaquée de pierres (lapis-lazuli, agates, jaspes, onyx) monture en ébène et garnie de bronzes. Au milieu de la façade deux petites colonnes en jaspe radicellato rosso supportent un fronton; les chapiteaux, les bases, les ornements et les pieds sont en bronze doré.

Larg. 1.04 - Haut. 0.68.

Voir illustration, blanche 57.

## Etoffes et tapis.",documents/BO0624_4399
379,345,GRAND BALDAQUIN en damas vénitien à fond blanc. Riche broderie de fleurs en couleurs et rinceaux en argent et or. Au milieu il y a la place pour poser un ta- bleau. Époque Louis XV.,"345. GRAND BALDAQUIN en damas vénitien à fond blanc. Riche broderie de fleurs en couleurs et rinceaux en argent et or. Au milieu il y a la place pour poser un ta- 2. bleau. Époque Louis XV.

Haut. 3.80 - Larg. 2.27.",documents/BO0624_4399
380,346,"TROIS BORDUREs en tapisserie, deux horizontales, une verticale, avec motifs composés d'amours et de trophées d'armes. Composition splendide pour l'élégance du dessin et la fraîcheur du coloris. Très indiqué pour encadrement de porte.","346. TROIS BORDUREs en tapisserie, deux horizontales, une verticale, avec motifs composés d'amours et de trophées d'armes. Composition splendide pour l'élégance du dessin et la fraîcheur du coloris. Très indiqué pour encadrement de porte.

Louis XVI.

Dimensions: deux 3.50 X 0.55

l'autre 3.10 X 0.60.",documents/BO0624_4399
381,347,"PETIT TAPIS oriental en laine, fond bleu","347. PETIT TAPIS oriental en laine, fond bleu",documents/BO0624_4399
382,2,avec oiseaux et rosaces de couleurs. Bordure à ornements losangés.,"2. avec oiseaux et rosaces de couleurs. Bordure à ornements losangés.

Haut. 2.5, - Larg. I.2I.

- TAPIS persan (Ispahan) en laine. Fleurs semées sur fond rouge, bordure à guir landes de fleurs sur fond vert clair. Tis-
sage très fin et très serré, pièce d'un merveilleux effet de couleurs. Ces tapis se trouvent souvent reproduits sur des tableaux flamands du XVIIe siècle. Restauré. Fin du XVIe siècle.

Voir illustration, planche 25.",documents/BO0624_4399
383,2,37 X 1.50.,2.37 X 1.50.,documents/BO0624_4399
384,348,bis. TENTURE en soie satinée à fond blanc et,"348 bis. TENTURE en soie satinée à fond blanc et

- bandes bleu ciel fané à ramages serpentants. Epoque: Louis XVI.

No 30 lés: Haut. 3.60 - Larg. 0.55.

## Objets divers.

- NÉCESSAIRE en ébène. Pièces en acier",documents/BO0624_4399
385,349,"· martelé pour coudre et broder. Sur l'intérieur du couvercle l'inscription en lettres d'acier: Pour, loin de moi, pênser à ton ami. Époque Empire. bis. COUPE sur pied et à couvercle et deux autres coupes basses, en cuivre avec or-","- 349· martelé pour coudre et broder. Sur l'intérieur du couvercle l'inscription en lettres d'acier: Pour, loin de moi, pênser à ton ami. Époque Empire.

Long. 0.45 - Larg. 0.18 - Haut. 0.07. - 349 bis. COUPE sur pied et à couvercle et deux autres coupes basses, en cuivre avec or-
- nements gravés.",documents/BO0624_4399
386,350,"PETIT BRûLE-PARFUMS en laque noire, décoré de fleurs dorées. Monture en bronze doré et ciselé avec ornements à rocaille","350. PETIT BRûLE-PARFUMS en laque noire, décoré de fleurs dorées. Monture en bronze doré et ciselé avec ornements à rocaille
- et fleurs. Époque: Louis XV.

Voir illustration, planche 24.

Haut. o.18.",documents/BO0624_4399
387,35,"I. CROIX en métal argenté, avec ornements sur les deux cotés, enrichie de onze nielles en argent, représentant la Vierge avec l'Enfant Jésus, les Évangélistes et plusieurs martyrs. XVe siècle.","- 35I. CROIX en métal argenté, avec ornements sur les deux cotés, enrichie de onze nielles en argent, représentant la Vierge avec l'Enfant Jésus, les Évangélistes et plusieurs martyrs. XVe siècle.

Haut. 0.52.",documents/BO0624_4399
388,352,"GROS ANNEAU papal en bronze dore, orné sur les côtés des emblèmes des Évangélistes et de la Papauté en relief; dans la partie inférieure du cercle est gravée l'inscription: PIUS | PAPA | SECUNDUS. Dans le chaton un rectangle en serpentin.","352. GROS ANNEAU papal en bronze dore, orné sur les côtés des emblèmes des Évangélistes et de la Papauté en relief; dans la partie inférieure du cercle est gravée l'inscription: PIUS | PAPA | SECUNDUS. Dans le chaton un rectangle en serpentin.

Voir illustration, planche 52.

GROS ANNEAU PAPAL en bronze doré, ayant sur ses côtés, en relief, les symboles des Evangélistes (il en manque un) les armes Papales avec les clefs décussées et les armoiries du Pape Paul II dont le nom est gravé sur la partie inférieure. Dans le chaton une topaze rectangulaire, taillée en biseaux.

Le ot pourra etre divise

Voir illustration, planche 52.",documents/BO0624_4399
389,353,"SERVICE DE TABLE en cristal de Bohème à quadrillé, à petites fleurs dorées, composé de: huit carafes, vingt-cinq verres, deux dessous de carafes, un petit flacon et sept petits verres à rosolio.","353. SERVICE DE TABLE en cristal de Bohème à quadrillé, à petites fleurs dorées, composé de: huit carafes, vingt-cinq verres, deux dessous de carafes, un petit flacon et sept petits verres à rosolio.

SERVICE DE VOYAGE en cristal de Bohème, composé de 22 pièces. Caisse en noyer.",documents/BO0624_4399
390,354,"PANIER, forme octogonale, divisé en compartiments formés par des cristaux, ornés de fleurs et ornements peints. Monture en métal doré avec garniture en argent. Bord à ornements à jour.","354. PANIER, forme octogonale, divisé en compartiments formés par des cristaux, ornés de fleurs et ornements peints. Monture en métal doré avec garniture en argent. 2. Bord à ornements à jour.

Long. 0.40 - Larg. 0.33-",documents/BO0624_4399
391,355,"FLAMBEAU de mosquée en cuivre, à large pied circulaire campanulé, avec inscriptions et ornements gravés.","355. FLAMBEAU de mosquée en cuivre, à large pied circulaire campanulé, avec inscriptions et ornements gravés.

Travail vénitien.

Haut. 0.30

Voir illustration, planche 45-",documents/BO0624_4399
392,356,"CRossi d'évêque, en bois doré. La volute décorée de feuillage finement sculpté. Travail florentin XVIe siècle.","356. CRossi d'évêque, en bois doré. La volute décorée de feuillage finement sculpté. Travail florentin XVIe siècle.

Maut. 0.22.

Voir illustration, planche 48.",documents/BO0624_4399
393,357,"SERRURE en fer, à riche décoration d'ortant sur la partie XVI® nements. fontaines. cariatides, mascarons et figures gravées, externe, comme sur le molivement cu mécanisme. Travail allemand du siècle.","357. SERRURE en fer, à riche décoration d'ortant sur la partie XVI® 2. nements. fontaines. cariatides, mascarons et figures gravées, externe, comme sur le molivement cu mécanisme. Travail allemand du siècle.

Haut. 0.20 - 1212. 0.20.",documents/BO0624_4399
394,358,"PAIRE DE CANDÉLABRES en bronze doré. L'un formé par un petit Bacchus assis, l'autre par un petit faune, supportant chacun deux branches avec feuilles et fleurs. Travail français finement ciselé.","358. PAIRE DE CANDÉLABRES en bronze doré. L'un formé par un petit Bacchus assis, l'autre par un petit faune, supportant chacun deux branches avec feuilles et fleurs. Travail français finement ciselé.

Haut. 0.36.",documents/BO0624_4399
395,359,BENITIER PORTATIF en cuivre gravé avec anse mobile. Ornements et forme de style oriental. Travail vénitien du XVIe sièle. Diam. 0.23 - Haut. 0.16.,"359. BENITIER PORTATIF en cuivre gravé avec anse mobile. Ornements et forme de style oriental. Travail vénitien du XVIe sièle. Diam. 0.23 - Haut. 0.16.

Voir illustration, planche 45.",documents/BO0624_4399
396,360,"PIED DE BRASIER en fer forgé avec tige soutenant un bras mobile auquel est suspendu un seau en bronze, avec anse trilobée et mobile; decoré en bas d'un mascaron avec robinet, et sur le bord de deux têtes de Méduse à relief. X Ve siècle.","360. PIED DE BRASIER en fer forgé avec tige soutenant un bras mobile auquel est suspendu un seau en bronze, avec anse trilobée et mobile; decoré en bas d'un mascaron avec robinet, et sur le bord de deux têtes de Méduse à relief. X Ve siècle.

Haut. du pied 1.78. Haut. du sean o 17 - Diam. 0.33.
## CINQUIÈME VENTE

## Vendredi 25 Avril à 15 heures précises

## Plaquettes en bronze.",documents/BO0624_4399
397,36,"г. UN CENTAURE, vu de profil et marchant vers la droite, tient de la main droite une corbeille, qu'il porte sur ses épaules; de la gauche il tient le thyrse. Une peau de lion tombe derrière de les épaules. Plaquette en bronze.","- 36г. UN CENTAURE, vu de profil et marchant vers la droite, tient de la main droite une corbeille, qu'il porte sur ses épaules; de la gauche il tient le thyrse. Une peau de lion tombe derrière de les épaules. Plaquette en bronze.

Diam. 0.05 X 0.04.

Voir illustration, planche 46.",documents/BO0624_4399
398,362,"PORTRAIT DE FEMME. Tête de profil à gauche, les cheveux divisés en bandeaux ondés. Plaquette en bronze. XVIe siècle.","362. PORTRAIT DE FEMME. Tête de profil à gauche, les cheveux divisés en bandeaux ondés. Plaquette en bronze. XVIe siècle.

Haut. 0.075 X 0.060.

Voir illustration, planche 47.",documents/BO0624_4399
399,363,"MINERVE, représentée en buste, de profil à droite. Sur son casque à cimier on voit un hippogriffe. Plaquette ovale en bronze. Diam. M. 0.07 X 0.06.","363. MINERVE, représentée en buste, de profil à droite. Sur son casque à cimier on voit un hippogriffe. Plaquette ovale en bronze. Diam. M. 0.07 X 0.06.

JULES-CÉSAR. Tête couronnée de laurier, de profil à gauche. Plaquette ovale, dorée.

Diam. 0.09 X 0.065.",documents/BO0624_4399
400,364,"BACCHANALE. Bacchus, nu, couronné de lierre, une coupe dans la main droite et une grappe de raisin dans la gauche, danse, entouré de satyres et de petits amours. Plaquette ronde, en bronze. XVI° siècle.","364. BACCHANALE. Bacchus, nu, couronné de 2. lierre, une coupe dans la main droite et une grappe de raisin dans la gauche, danse, entouré de satyres et de petits amours. Plaquette ronde, en bronze. XVI° siècle.

D1am. 0.132.",documents/BO0624_4399
401,365,"SAINT PAUL, en buste, de profil à droite, tête nimbée; à l'entour l'inscription: Vas S. Paulus Apostolus. Pla-","365. SAINT PAUL, en buste, de profil à droite, tête nimbée; à l'entour l'inscription: Vas S. Paulus Apostolus. Pla-

U1am. 0.08.

- Electionis quette ronde. XVIe siècle.",documents/BO0624_4399
402,366,"PORTRAIT DE MICHEL-ANGE, en buste, de profil à droite, avec l'inscription à l'entour : Michaelangelus Bonarrotus Flo. aetas s. bis, SUJET ALLÉGORIQUE. Plaquette en bronze décorée d'un encadrement. Long. 0.125 - Haut. 0.075. Voir illustration, blanche 47.","366. PORTRAIT DE MICHEL-ANGE, en buste, de profil à droite, avec l'inscription à l'entour : Michaelangelus Bonarrotus Flo. aetas s.
- ann: 88. Médaille en bronze.

Diam. 0.058. - 366 bis, SUJET ALLÉGORIQUE. Plaquette en bronze décorée d'un encadrement. Long. 0.125 - Haut. 0.075. Voir illustration, blanche 47.",documents/BO0624_4399
403,367,"LE DÉSESPOIR DE RHEA SYLVIA: Elle est à droite, nue, de face, les cheveux dénoués, flottants, se tordant les mains dans la douleur désespérée pour l'enlèvement de ses deux fils Romulus et Rémus que l'exécuteur du commandement du roi Numitor, se dirigeant vers la gauche, porte dans ses bras. Au fond, paysage; à droite, un arbre; à gauche, en haut, un cartouche rectangulaire avec inscription. Plaquette en bronze. XVIe siècle.","367. LE DÉSESPOIR DE RHEA SYLVIA: Elle est à droite, nue, de face, les cheveux dénoués, flottants, se tordant les mains dans la douleur désespérée pour l'enlèvement de ses deux fils Romulus et Rémus que l'exécuteur du commandement du roi Numitor, se dirigeant vers la gauche, porte dans ses bras. Au fond, paysage; à droite, un arbre; à gauche, en haut, un cartouche rectangulaire avec inscription. Plaquette en bronze. XVIe siècle.

Haut. 0.22 - Larg. o.16. Voir illustration, planche 47.",documents/BO0624_4399
404,368,"JUPITER, en demi buste, couronné de laurier, de profil à gauche. Plaquette ovale en bronze. XVIe siècle.","368. JUPITER, en demi buste, couronné de laurier, de profil à gauche. Plaquette ovale 2. en bronze. XVIe siècle.

Diam. 0.065 X 0.043. Voir illustration, planche 46.

Voir illustration, planche 47.
JULES-CÉSAR. Tête couronnée, de profil à droite. Plaquette ovale en bronze.

Diam. 0.05 X 0.04.

Vour illustration, planche 47",documents/BO0624_4399
405,369,L'ENLÈVEMENT DU PALLADIUM. Plaquette en bronze.,"369. L'ENLÈVEMENT DU PALLADIUM. Plaquette 2. en bronze.

Haut. 0.04 - Larg. 0.035.

Voir illustration, planche 46.

VÉNUS ET DES PETITS AMOURS. Plaquette ovale en bronze doré.

Dian. 0.037 X 0.03.",documents/BO0624_4399
406,370,BŒUF avec un livre ouvert; attribut de Saint Luc. Plaquette ronde à très haut,"370. BŒUF avec un livre ouvert; attribut de Saint Luc. Plaquette ronde à très haut

Diam. 0.05.

- relief. XVIe siècle.

SAINT JEAN DANS LE DÉSERT. Saint Jean debout, nimbé, les cheveux et la barbe longs, de la main droit bénit, de la gauche il soutient l'agneau et une croix entourée d'une banderole avec l'inscription: Ecce Agnus Dei. À droite et à gauche un arbre. Plaquette ronde en bronze.

Diam. 0.05.",documents/BO0624_4399
407,371,"PARTIE DE FRISE d'ornement. Petite figurine dans une niche cintrée et à pilastres, flanquée en bas d'un sphinx à tête et sein de femme, et, en haut, d'un animal chimérique, alternant avec un cartouche rond avec encadrement orné de volutes et d'une étoile au milieu. Bronze doré, délicatement sculpté, attribué à Giovanni delle Corniole.","371. PARTIE DE FRISE d'ornement. Petite figurine dans une niche cintrée et à pilastres, flanquée en bas d'un sphinx à tête et sein de femme, et, en haut, d'un animal chimérique, alternant avec un cartouche rond avec encadrement orné de volutes et d'une étoile au milieu. Bronze doré, délicatement sculpté, attribué à Giovanni delle Corniole.

Long. 0.135 - Haut. 0.032.

Voir illustration, planche 46.",documents/BO0624_4399
408,372,LE MARTYRE DE SAINT ANDRÉ. Basrelief ovale en bronze. Fin du XVIe siècle. Diam. 0.30 X 0.26.,372. LE MARTYRE DE SAINT ANDRÉ. Basrelief ovale en bronze. Fin du XVIe siècle. Diam. 0.30 X 0.26.,documents/BO0624_4399
409,373,"VÉNUS ET L'AMOUR. La déesse, nue, est assise, de profil à droite, la jambe gauche entourée d'une draperie, de la main droite","373. VÉNUS ET L'AMOUR. La déesse, nue, est assise, de profil à droite, la jambe gauche entourée d'une draperie, de la main droite

elle semble faire un geste indicatif à l'Amour qui, portant dans ses bras un grand vase, s'éloigne vers la droite. Plaque ovale en bronze. XVIe siècle.

Diam. 0.14 X o 13.

Voir illustration, planche 47.

## Armes.",documents/BO0624_4399
410,374,PAIRE DE PISTOLETS. Les canons sont décorés de trophées sculptés en relief sur fond d'or vers la culasse et de damasquinures dorées dans le reste. Monture en bois de noyer ornée de plaques gravées et dorées. Pommeau et sous-garde en bronze doré à trophées et ornements variés en relief. Les platines portent la signature: P. 4. Bizallon et Cessier.,"374. PAIRE DE PISTOLETS. Les canons sont décorés de trophées sculptés en relief sur 2. fond d'or vers la culasse et de damasquinures dorées dans le reste. Monture en bois de noyer ornée de plaques gravées et dorées. Pommeau et sous-garde en bronze doré à trophées et ornements variés en relief. Les platines portent la signature: P. 4. Bizallon et Cessier.

Voir illustration, planche 53.

Long. 0.52.",documents/BO0624_4399
411,375,"ÉPÉE de ceinture, à lame hexagonale, cannelée près du talon, signée: PEDRO : ERN: MOC. Monture à branches reliées à deux écussons ajourés. XVIe siècle.","375. ÉPÉE de ceinture, à lame hexagonale, cannelée près du talon, signée: PEDRO : ERN: MOC. Monture à branches reliées 2. à deux écussons ajourés. XVIe siècle.

Voir illustration, planche 53.

Long. 1.17.",documents/BO0624_4399
412,376,"PORTE-MÈCHE. Lame courte, large, décorée sur ses deux faces de higures gravées. Au dessous de la lame se developpent en volutes deux branches terminées par des têtes de dragon. XVIIe siècle.","376. PORTE-MÈCHE. Lame courte, large, décorée sur ses deux faces de higures gravées. Au dessous de la lame se developpent en volutes deux branches terminées par des têtes de dragon. XVIIe siècle.

Long. de la lame o 34.

voir illustration, planche 53.",documents/BO0624_4399
413,377,"ARBALÈTE. Le fût est de noyer terminé par une crosse semblable à celle d'une arquebuse, garni de plaques d'ivoire avec animaux gravés. Travail allemand. XVII® siècle.","377. ARBALÈTE. Le fût est de noyer terminé par une crosse semblable à celle d'une arquebuse, garni de plaques d'ivoire avec animaux gravés. Travail allemand. XVII® 2. siècle.

Long. o.68.",documents/BO0624_4399
414,378,ÉPÉE DE CEINTURE. Poignée de fer incrusté de fines arabesques suivant les procédés des azziministes. Elle se compose,"378. ÉPÉE DE CEINTURE. Poignée de fer incrusté de fines arabesques suivant les procédés des azziministes. Elle se compose
de quillons droits, d'un triple garde-main et d'anneaux en avant de la sous-garde. La lame flamboyante, cannelée vers son talon, porte la marque V. M. Travail italien. X.VIe siècle.

Long. 1.17.",documents/BO0624_4399
415,379,"MORION À POINTE, avec porte-plumail, en","379. MORION À POINTE, avec porte-plumail, en",documents/BO0624_4399
416,2,"fer, décoré de bandes d'ornements et de médaillons à figures gravées. Traces de dorure. XVIe siècle.","2. fer, décoré de bandes d'ornements et de médaillons à figures gravées. Traces de dorure. XVIe siècle.

Haut. 0.20 - Diam. 0.20.

Voir illustration, planche 53.",documents/BO0624_4399
417,379,"bis. ÉPÉE À L'ESPAGNOLE. La coquille hémisphérique et décorée de rinceaux, de fleurons et d'animaux ouvrés à jour. Quillons droit et garde-main replié sur le pomcannelée vers le talon, on lit: Valenc. Me","- 379bis. ÉPÉE À L'ESPAGNOLE. La coquille hémisphérique et décorée de rinceaux, de fleurons et d'animaux ouvrés à jour. Quillons droit et garde-main replié sur le pomcannelée vers le talon, on lit: Valenc. Me

Long. tot. 1.15.

- meau ciselé. Sur la lame hexagonale, fecit. XVIe siècle.

Voir illustration, planche 53.

- un seul canon. Le canon, très long et de petit calibre, est décoré sur la culasse et autour de la gueule de fleurs et feuilles gravées en creux et dorées. Sur les platines sont représentés de sujets militaires gravés au burin. Monture en ébène terminée par un crosse elliptique garnie d'un pommeau à fleurs et feuillages en bronze ciselé, ajouré et doré. Sur les canons la signature: Nicolas Colas - Sedan. Pièces de travail distingué. Époque Louis XIV.

Voir illustration, planche 53.

Long: 0.72.",documents/BO0624_4399
418,380,bis. BRIN D'ESTOC. Sur le deux petites lames l'iscription: Al segno Del Gato. XVIe siècle.,"380 bis. BRIN D'ESTOC. Sur le deux petites lames l'iscription: Al segno Del Gato. XVIe siècle.

Haut. lot. 2.15

Voir illustration, planche 53.

## Bronzes.",documents/BO0624_4399
419,381,"SONNETTE en bronze, décorée de beaux festons et animaux en relief. L'Amour qui surmonte la sonnette est d'époque moin reculée mais d'une belle patine et très bien modelé. XVIe siècle.","381. SONNETTE en bronze, décorée de beaux festons et animaux en relief. L'Amour qui surmonte la sonnette est d'époque moin reculée mais d'une belle patine et très 2. bien modelé. XVIe siècle.

Voir illustration, planche 43.

Haut. o.16.",documents/BO0624_4399
420,382,SAINT PIERRE et SAINT PAUL. Deux statues en bronze. XVIIe siècle.,"382. SAINT PIERRE et SAINT PAUL. Deux statues en bronze. XVIIe siècle.

Haut. 0.68.",documents/BO0624_4399
421,383,"SOCRATE. Demi buste en bronze. Patine foncée. Base en bois verni, imitant le marbre vert.","383. SOCRATE. Demi buste en bronze. Patine 2. foncée. Base en bois verni, imitant le marbre vert.

Haut. du buste 0.40.

de la base o.I7.",documents/BO0624_4399
422,384,"ENcRIER en bronze, supporté par trois et séparés l'un de l'autre par des écussons.","384. ENcRIER en bronze, supporté par trois et séparés l'un de l'autre par des écussons.

Haut. 0.07.

- lions, assis sur leurs pattes postérieures XVIIe siècle.

vour wustration, planche 43.",documents/BO0624_4399
423,385,"GRAND MARTEAU DE PORTE, formé d'une tenant dans la gueule un anneau composé de deux dauphins affrontés. Belle patine vert foncé. XVI®","385. GRAND MARTEAU DE PORTE, formé d'une tenant dans la gueule un anneau composé de deux dauphins affrontés. Belle patine vert foncé. XVI®

Haut. de la tête de lion o.30. Diam. de l'anneau 0.27.

- tête de lion, siècle.

Voir illustration, planche 44.",documents/BO0624_4399
424,386,"CREUGANTE et DAMOSSENO, statuettes en bronze. Patine brune et parfaite conservallon. Sur bases carrées en albâtre, le","386. CREUGANTE et DAMOSSENO, statuettes en bronze. Patine brune et parfaite conservallon. Sur bases carrées en albâtre, le

Haut. de la statue 0.24.

- plinthe et la cimaise en marbre rouge grec. XVIe siècle.

base 0.18.

Voir illustration, planche 42.",documents/BO0624_4399
425,387,"DEUX ANGES, assis, les mains levés, dans la position de soutenir quelque chose. Style d'Algardi. XVIIe siècle.","387. DEUX ANGES, assis, les mains levés, dans la position de soutenir quelque chose. 2. Style d'Algardi. XVIIe siècle.

Voir illustration, planche 44.

Haut. 0.32.",documents/BO0624_4399
426,388,"STATUE ÉQUESTRE, représentant MarcAurèle. Reproduction en bronze du XVII° siècle. Base en bronze. Patine vert-foncé.","388. STATUE ÉQUESTRE, représentant MarcAurèle. Reproduction en bronze du XVII° siècle. Base en bronze. Patine vert-foncé.

Voir illustration, planche 43.

Haut. 0.33.

## Faïences et porcelaines.",documents/BO0624_4399
427,389,"PLAQUE rectangulaire, reproduction 611 fameux tableau de ]. A. Bazzi, surnommé: Le Sodoma, représentant l'extase de Sainte Catherine. À l'angle inférieur, à droite, les initiales S. M. Écusson sur chaque base des deux pilastres qui décorent la plaque. Faïence de Sienne du XVIIIe siècle.","389. PLAQUE rectangulaire, reproduction 611 fameux tableau de ]. A. Bazzi, surnommé: Le Sodoma, représentant l'extase de Sainte Catherine. À l'angle inférieur, à droite, les initiales S. M. Écusson sur chaque base des deux pilastres qui décorent la plaque. Faïence de Sienne du XVIIIe siècle.

Haut. 0.375 - Larg. 0.30.",documents/BO0624_4399
428,390,GRAND PLAT rond à décor gravé sous cession d'ornements en émail blanchâtre Au centre un écusson armoirié entouré d'une guirlande de feuilles engobe. Au marli et à la chûte une sucsur fond jaune. en couleurs jaune et verte. Fab. de Fratta. XVe siècle.,"390. GRAND PLAT rond à décor gravé sous cession d'ornements en émail blanchâtre Au centre un écusson armoirié entouré d'une guirlande de feuilles 2. engobe. Au marli et à la chûte une sucsur fond jaune. en couleurs jaune et verte. Fab. de Fratta. XVe siècle.

Voir illustration, planche 34.

Diam. 0.40.",documents/BO0624_4399
429,391,"PLAT hispano-arabe, sur piédouche, à six cavités rangées autour d'une cavité au centre. Le plat est décoré sur les deux , surfaces de fleurs et ornements à reflets cuivreux. Seconde moitié du XVIIe siècle. Diam. 0.285.","391. PLAT hispano-arabe, sur piédouche, à six cavités rangées autour d'une cavité au centre. Le plat est décoré sur les deux , surfaces de fleurs et ornements à reflets cuivreux. Seconde moitié du XVIIe siècle. 2. Diam. 0.285.",documents/BO0624_4399
430,392,"PLAT ovale, offrant dans le fond Jésus bâptisé par Saint Jean, à décor polychrome et en relief. Revers jaspé. Travail de B. Palissy.","392. PLAT ovale, offrant dans le fond Jésus bâptisé par Saint Jean, à décor polychrome et en relief. Revers jaspé. Travail de B. Palissy.

Diam. majeur 0.28. mineur 0.22.",documents/BO0624_4399
431,393,"GRAND BASSIN circulaire à deux anses, formées de têtes d'animaux chimériques. À l'intérieur est représenté le passage de la mer Rouge par les Juifs, poursuivis par les soldats de Pharaon. À l'extérieur","393. GRAND BASSIN circulaire à deux anses, 2. formées de têtes d'animaux chimériques. À l'intérieur est représenté le passage de la mer Rouge par les Juifs, poursuivis par les soldats de Pharaon. À l'extérieur

des marines. Décor polychrome. Fabrique d'Urbino. Patanazzi. XVIIe siècle.

Diam. 0.44 - Haut. 0. 14. Voir illustration, planche 34.",documents/BO0624_4399
432,394,"GRANDE PENDULE en porcelaine de Saxe, représentant Le Temps entouré d'Amours symbolisant les Arts. Très belle pièce. Louis XVI.","394. GRANDE PENDULE en porcelaine de Saxe, représentant Le Temps entouré d'Amours symbolisant les Arts. Très belle pièce. Louis XVI.",documents/BO0624_4399
433,395,"SERVICE DE TABLE en porcelaine Vieux creuses, 61 assiettes plates, 12 petites as- Japon, décoré de fleurs et ramages de couleurs sur fond blanc, composé de: 4 soupières, 2 grands plats ovales, 24 assiettes siettes creuses, 12 assiettes à dessert, 6 plats de différente grandeur, 2 saladiers, etc. Total 187 pièces.","395. SERVICE DE TABLE en porcelaine Vieux creuses, 61 assiettes plates, 12 petites as- 3. Japon, décoré de fleurs et ramages de couleurs sur fond blanc, composé de: 4 soupières, 2 grands plats ovales, 24 assiettes siettes creuses, 12 assiettes à dessert, 6 plats de différente grandeur, 2 saladiers, etc. Total 187 pièces.

Voir illustration, planche 35.",documents/BO0624_4399
434,396,"SIx VASES À THÉ, forme carrée, ornés de fleurs sur deux côtés et de paysages sur les deux autres. Décor bleu et rouge rehaussé d'or sur fond blanc. Porcelaine. Vieux Japon.","396. SIx VASES À THÉ, forme carrée, ornés de fleurs sur deux côtés et de paysages sur 2. les deux autres. Décor bleu et rouge rehaussé d'or sur fond blanc. Porcelaine. Vieux Japon.

Voir illustration, planche 35.",documents/BO0624_4399
435,397,"PLAT à marli étroit. Au centre, dans un médaillon circonscrit d'un listel saillant, un buste de femme de profil à gauche, accosté d'une tige de fleurs; autour, sur la chute, tiges de fleurs et triangles alternés. Sur le marli une bande courante d'oves. Décor bleu et chamois à très beaux reflets métalliques sur fond d'émail blanc. Au verso cercles concentriques. Fab. de Deruta. Fin du XVe siècle. Beau cadre en bois sculpté et doré. Pièce superbe.","397. PLAT à marli étroit. Au centre, dans un médaillon circonscrit d'un listel saillant, un buste de femme de profil à gauche, accosté d'une tige de fleurs; autour, sur la chute, tiges de fleurs et triangles alternés. Sur le marli une bande courante d'oves. Décor bleu et chamois à très beaux reflets métalliques sur fond d'émail blanc. Au verso cercles concentriques. Fab. de Deruta. Fin du XVe siècle. Beau cadre en bois sculpté et doré. Pièce superbe.

Voir illustration, planche 33.

Diam. 0.25.",documents/BO0624_4399
436,398,"PLAt creux sur pied, représentant les métamorphoses d'Actéon. A droite Diane et ses nymphes, dans un bassin; à gauche, les chiens de la déesse poursuivant Actéon changé en cerf. Au fond paysage montueux. Fab. d'Urbino: Atelier des Fontana.","398. PLAt creux sur pied, représentant les 2. métamorphoses d'Actéon. A droite Diane et ses nymphes, dans un bassin; à gauche, les chiens de la déesse poursuivant Actéon changé en cerf. Au fond paysage montueux. Fab. d'Urbino: Atelier des Fontana.

Voir illustration, planche 34.

Diam. 0.255.",documents/BO0624_4399
437,399,"PETIT PLAT creux à large bord, dit tondino, orné d'arabesques chamois, rehaussées de bleu, à reflets métalliques sur fond blanc nacré. Fab. de Deruta, XVIe siècle. Diam. 0.20.","399. PETIT PLAT creux à large bord, dit tondino, orné d'arabesques chamois, rehaussées de bleu, à reflets métalliques sur fond blanc nacré. Fab. de Deruta, XVIe siècle. Diam. 0.20.

Voir illustration, planche 33.

## Ivoires.",documents/BO0624_4399
438,400,"LA CRÊCHE. Quatre petites figures et plusieurs petits animaux en ivoire, sculptés en ronde bosse, renfermés dans une niche. Cadre en métal doré.","400. LA CRÊCHE. Quatre petites figures et plusieurs petits animaux en ivoire, sculptés en ronde bosse, renfermés dans une niche. 2. Cadre en métal doré.",documents/BO0624_4399
439,401,"L'ADORATION DES MAGES. La Vierge, assise et tournée vers la gauche, présente l'Enfant à l'adoration d'un des rois Mages, qui, agenouillé, lui offre un vase. Plaquette en ivoire sculpté en bas-relief.","401. L'ADORATION DES MAGES. La Vierge, assise et tournée vers la gauche, présente l'Enfant à l'adoration d'un des rois Mages, qui, agenouillé, lui offre un vase. Plaquette en ivoire sculpté en bas-relief.

Haut. 0.09 - Larg. 0.06. Voir illustration, planche 51.",documents/BO0624_4399
440,402,"GAîNE à couteaux en ivoire, de forme carrée, se rétrécissant à la base; il est souposant trelacs et méandres enlacés. En haut, sur tenu par petites figures sur un pied circulaire, et est décoré d'enchaque côté, une figure armée d'une épée.","402. GAîNE à couteaux en ivoire, de forme carrée, se rétrécissant à la base; il est souposant trelacs et méandres enlacés. En haut, sur 2. tenu par petites figures sur un pied circulaire, et est décoré d'enchaque côté, une figure armée d'une épée.

Voir illustration, blanche 57.",documents/BO0624_4399
441,403,"Boîte cylindrique en ivoire, offrant au pourtour un sujet de chasse au faucon, avec deux cavaliers, deux cerfs et oiseaux. Sur le bord du couvercle une inscription en caractères orientaux. Pièce très rare de l'art persan du XIIe siècle.*","403. Boîte cylindrique en ivoire, offrant au pourtour un sujet de chasse au faucon, avec deux cavaliers, deux cerfs et oiseaux. Sur le bord du couvercle une inscription en caractères orientaux. Pièce très rare de l'art persan du XIIe siècle.*

Haut, 0.13 - Diam. 0.12.

vour muscranon, planche 5%.",documents/BO0624_4399
442,404,"LA VIERGE ET L'ENFANT JÉSUS, statuette en ivoire, sur base hexagone, en bois doré avec frise plaquée en nacre et ornements incrustés. XVIIe siècle.","404. LA VIERGE ET L'ENFANT JÉSUS, statuette en ivoire, sur base hexagone, en bois doré avec frise plaquée en nacre et ornements incrustés. XVIIe siècle.",documents/BO0624_4399
443,405,PLAQUETTE en ivoire à arc trilobé. Jésus sur la croix et les trois Maries. Sculp- ture et bas-reliefs polychromés.,"405. PLAQUETTE en ivoire à arc trilobé. Jésus sur la croix et les trois Maries. Sculp- 3. ture et bas-reliefs polychromés.

Haut. o.11 X 0.07.

## Tableaux et dessins.

## ÉCOLE FLAMANDE.

(XVIle siècle).",documents/BO0624_4399
444,406,"PORTRAIT DE VIEILLE FEMME. En buste, regardant presque de face, le visage très","406. PORTRAIT DE VIEILLE FEMME. En buste, regardant presque de face, le visage très

0.50 X 0.40.

ridé. Peinture sur toile.

* Deux boîtes en ivoire ont surtout éveillé notre intérêt à cause de leur étroite ressemblance extrême avec les coffrets et les écrins du Trésor de la Chapelle Palatine à Palerme. Rappelons, entre autres, le coffret illustré par le prof. Di Marzo (Di una cassetta di avorio nella Real Cappella Palatina di Palermo. Ricerche storiche. Palermo, Tip. dello Statuto, 1887), avec des figures de fauconniers en costume de. musulmans, avec des fioritures bordées d'oiseaux, des cerfs qui courent par un champ et des oiseaux dans le haut de même que sur cette boîte cylindrique devant nous. Dans l'inventaire de la Chapelle, en date du 19 décembre VIII ind. 1309, nous avons une indication des coffrets en ivoire de Palerme, mais sans aucun doute ils sont antérieurs à cette date, et M. Di Marzo, lui-même, les attribue au temps de Frédéric II. Cependant si nous comparons ces dessins, qui tiennent tant de l'art persan, avec la peinture des poutres dans les nefs latérales de la Chapelle Palatine, nous pourrons en reculer la facture au temps du roi normand Guillaume Ier,

Notons encore que le dessin des figures est en rapport évident avec les céramiques recueillies pour les Musées d' Angleterre en fouillant la plame aui entoure Téhéran. sur lancien site de Rev ou Rhagès Dernièrement encore, un des vases trouvés en ce lieu, et qui fait à présent partie des collections du Louvre. est orné des figures de femmes assises en train de jouer des instruments de musique, telles qu'on les voit au plafond de la Chapelle Palatine. Et nous ne n'hésitons pas à dire que la boîte cylindrique acquise par M. Sangiorgi parmi les objets du Musée Guidi di Faenza est un précieux document de l'art arabo-persan. introduit en Sicile au XIIe siècle.

naut, 0.31
## INNOCENT FRANCUCCI D'IMOLA.

(1480-1550)",documents/BO0624_4399
445,407,"LE MARIAGE DE SAINTE CATHERINE. saint oseph et la Madone tenant dans ses bras l'Enfant, qui se penche vers Sainte Catherine, contemplent avec une expression de douceur le mariage mystique. Belle composition. Cadre en bois dore avec volutes et feuillages sculptees","407. LE MARIAGE DE SAINTE CATHERINE. saint oseph et la Madone tenant dans ses bras l'Enfant, qui se penche vers Sainte Catherine, contemplent avec une expression de douceur le mariage mystique. Belle composition. Cadre en bois dore avec volutes et feuillages sculptees

Bois. Haut. 0.93 X 0.76.

Voir illustration, blanche 1o.

## PARIS BORDONE.

(1500-1570).",documents/BO0624_4399
446,408,"LA FEMME DE PUTIPHAR, S'efforce de retenir le chaste oseph qui se derobe a son insistence lascive. D'une vérité saisissante l'expression de desir mele de stu peur sur les traits de la femme. On peut admirer le coloris vigoureux si caracteristique de cet artiste, digne eleve du 11tien. Cadre doré.","408. LA FEMME DE PUTIPHAR, S'efforce de retenir le chaste oseph qui se derobe a son insistence lascive. D'une vérité saisissante l'expression de desir mele de stu peur sur les traits de la femme. On peut admirer le coloris vigoureux si caracteristique de cet artiste, digne eleve du 11tien. Cadre doré.

Toile. M. 0.91 X 1.14.

Voir illustration, planche 9.

## ALESSANDKO ALLURI

(dit le Bronzino, 1535-1607).",documents/BO0624_4399
447,409,"PORTRAIT D'ELÉONORE DE TOLÈDE, femme de Côsme Ier duc de Florence, avec son fils don François. Figures aux trois quarts, debouts, presque de face, en vêtements de Cour.","409. PORTRAIT D'ELÉONORE DE TOLÈDE, femme de Côsme Ier duc de Florence, avec son fils don François. Figures aux trois quarts, debouts, presque de face, en vêtements de Cour.

Bronzino fit, comme on sait, cinq porUthzi de Florence on en voit un avec son traits d'Eléonore de Tolède ensemble avec l'un de ses cing fils. Dans la Galerie des fils Tean. Dans la vente Hamilton, en 1882, celui avec le fils Carcia, tut acquis au prix de 1837.10 lires sterline. Lan dernier M. Murray, si connu à Londres, acheta a Florence un autre de ces portraits pour la somme de L. 24,000. On a perdu toute trace du quatrième. Une circonstance interessante rend particulierement precieux

le portrait à présent en vente, c'est que l'étude fait par Bronzino pour la tête d'Eléonore (couverte jusqu'a la naissance des epaules d'un coutume identique a celui de ce portrait se conserve dans la salle des Maitres toscans Galerie des Uffizi) et figure ainsi sur le Catalogue (A. Bronzino, Éléonore de Tolède, n. 118g). Cadre sculpté et dore

Bois. Haut. M. 1.14 X 0.84.

Voir illustration, planche o.

## J. BHERENS.",documents/BO0624_4399
448,410,"FLEURS, FRUITS ET PETITS OISEAUX. La","410. FLEURS, FRUITS ET PETITS OISEAUX. La",documents/BO0624_4399
449,2,"disposition heureuse, le vif coloris uni à la partate imitation de la nature, sont les qualités distinctives de ces deux peintures (pendant) qui ne peuvent echapper au gout des connaisseurs intelligents","2. disposition heureuse, le vif coloris uni à la partate imitation de la nature, sont les qualités distinctives de ces deux peintures (pendant) qui ne peuvent echapper au gout des connaisseurs intelligents

Cuivre oval. Cadre en bois doré avec ornements sculptes

M. 0.37 X 0.28.

Voir illustration, blanche 22.

## ECOLE DE GIORGIONE.

(Commencement du XVIe siècle).",documents/BO0624_4399
450,4,"II. LE CHRIST. SAINT PIERRE ET SAINT JEAN, figure à demi corps. Beau fond de paysage. Peinture d'un coloris superbe de la maniere admirable de ecole de Barbarelli. Riche cadre sculpté et doré.","- 4II. LE CHRIST. SAINT PIERRE ET SAINT JEAN, figure à demi corps. Beau fond de paysage. Peinture d'un coloris superbe de la maniere admirable de ecole de Barbarelli. Riche cadre sculpté et doré.

Bois. Haut. M. o.117 X о.116.

## PATEL P. ET LE SUEUR.

(XVIle siecle).",documents/BO0624_4399
451,4,II bis. PAYSAGE AVEC,"4II bis. PAYSAGE AVEC

- RUINES. Le paysage est l'œuvre de P. Patel et les heures sont de Le sueur.

Cette œvre est d'un grand interêt artistique ayant été très probablement peinte pendant les voyages en Italie de ces deux maitres. Cadre en bois doré.

Toile: Haut. 0.65 X 0.50.
## G. M. CRESPI

(dit l'Espagnol, 1665-1747).",documents/BO0624_4399
452,412,"TOUEUR DE GUITARE. Figure à demi corps, de profil, la tête tournée de trois quarts regarde en souriant le spectateur. Cadre doré avec ornements en relief.","412. TOUEUR DE GUITARE. Figure à demi corps, de profil, la tête tournée de trois quarts regarde en souriant le spectateur. Cadre doré avec ornements en relief.

Lolle. Haut. M. 0.86 X 0.67.

## DAVID TENIERS

(1610-1690).",documents/BO0624_4399
453,413,LES JOUERS DE BOULES. Scène champê-,413. LES JOUERS DE BOULES. Scène champê-,documents/BO0624_4399
454,2,tre d'une vérité et d'une simplicite frappantes. Ebauche d'une étude presque achevée. Cadre doré.,"2. tre d'une vérité et d'une simplicite frappantes. Ebauche d'une étude presque achevée. Cadre doré.

Toile. Haut. M. 1.20 X 1.75.

Vow illustration, planche 16.

## JEAN-BAPTISTE PIAZZETTA.",documents/BO0624_4399
455,1003,1754.,1003-1754.,documents/BO0624_4399
456,414,"DEUX COMPOSITIONS a une originalite intéressante taisant pendant: Grandes figu res de dames, de pâtres, etc. Beaux effets de clair-obscur. du charme dans le coloris. Cadre surmonte d'une riche cimaise à ornements et feuillage en bois sculpté et dore.","414. DEUX COMPOSITIONS a une originalite intéressante taisant pendant: Grandes figu res de dames, de pâtres, etc. Beaux effets de clair-obscur. du charme dans le coloris. Cadre surmonte d'une riche cimaise à ornements et feuillage en bois sculpté et dore.

Toile. M. 2 08 X 1.50

Voir illustration, blanche 14.

## LUCAS DE LCIUE

(1401-1532).",documents/BO0624_4399
457,415,"LE TRIOMPHE DE DAVID. Des personnages et des femmes portant des instruments de musique et des dons acclament le jeune berger vainqueur du geant (toliath, dont la tête est portée au bout de lenorme epee que David tient avec les deux mains. Bonne composition et coloris agréable. Sur cuivre. L'eau-forte par l'auteur existe aussi. Cadre en noyer doré et sculpté.","415. LE TRIOMPHE DE DAVID. Des personnages et des femmes portant des instruments de musique et des dons acclament le jeune berger vainqueur du geant (toliath, dont la tête est portée au bout de lenorme epee que David tient avec les deux mains. Bonne composition et coloris agréable. Sur cuivre. L'eau-forte par l'auteur existe aussi. Cadre en noyer doré et sculpté.

Haut. M. 0.27 X 0.19.

## PILIPPINO LIPPI.

(1460-1505)•",documents/BO0624_4399
458,410,"LA VIERGE ADORANT LINFANT ESUS. Panneau cintré par le haut. La Mère de Dieu agenouillee, les mains 10intes, la tête couverte d'un léger voile, drapée dans un manteau bleu a galon d'or est en adoration devant l'Enfant Jesus, couché nu sur un coussin; le petit Saint Jean à côté, également en adoration. En haut, dans le lontain, paysage avec des bergers. Encadrement formant corps avec le panneau, a bordure, peint en bleu avec etoiles dorees et moulures sculptees et dorées. Au bas, sur le frisé l'inscription : Ave Maria gratia plena, en lettres dorees et deux ecussons à les extremites. Composition pleine de grace et de ce charme qui a rendu celebres les tableaux de ce maitre.","410. LA VIERGE ADORANT LINFANT ESUS. Panneau cintré par le haut. La Mère de Dieu agenouillee, les mains 10intes, la tête couverte d'un léger voile, drapée dans un manteau bleu a galon d'or est en adoration devant l'Enfant Jesus, couché nu sur un coussin; le petit Saint Jean à côté, également en adoration. En haut, dans le lontain, paysage avec des bergers. Encadrement formant corps avec le panneau, a bordure, peint en bleu avec etoiles dorees et moulures sculptees et dorées. Au bas, sur le frisé l'inscription : Ave Maria gratia plena, en lettres dorees et deux ecussons à les extremites. Composition pleine de grace et de ce charme qui a rendu celebres les tableaux de ce maitre.

Haut. 1.25 X 0.80.

vour lustration, planche 4.",documents/BO0624_4399
459,1727,1775.,1727-1775.,documents/BO0624_4399
460,417,"PORTRAIT DE JEUNE DAME décolletée, regardant le spectateur avec attitude ora cieuse de la tête. Un bijou dans les cheveux et trois tles de perles autour du cou. Agréable portrait. Cadre doré.","417. PORTRAIT DE JEUNE DAME décolletée, 2. regardant le spectateur avec attitude ora cieuse de la tête. Un bijou dans les cheveux et trois tles de perles autour du cou. Agréable portrait. Cadre doré.

Toile. Haut. M. 0.38 - Larg. M. 0.30 Voir illustration, planche 21.

## MEPOLO.",documents/BO0624_4399
461,418,PAYSAGE avec hommes et chevaux. Aqua relle a la terre de Sienne. Cadre en bois noir.,"418. PAYSAGE avec hommes et chevaux. Aqua relle a la terre de Sienne. Cadre en bois noir.

Cent. 31 X 15.

## CORREGGIO.",documents/BO0624_4399
462,419,"DANAE, assise, nue, le dos tourne au de Vienne. Crayon sur papier.","419. DANAE, assise, nue, le dos tourne au de 2. Vienne. Crayon sur papier.

Haut. 0.32 X 0.16

Vour illustration, planche 23.
## DURER ALB.",documents/BO0624_4399
463,420,MARTYRE D'UN SAINT. À la plume. Cadre en bois doré.,"420. MARTYRE D'UN SAINT. À la plume. Cadre en bois doré.

vour mustration, planche 23.

Cent. 19 X 25.

## PIERRE PERUUINO.",documents/BO0624_4399
464,421,UN SAINT. Dessin à la plume pour la bannière du Bienheureux Jacques de la Marca qui se conserve à la Pinacothèque de Pérouse. Cadre en bois doré.,"421. UN SAINT. Dessin à la plume pour la bannière du Bienheureux Jacques de la Marca qui se conserve à la Pinacothèque de Pérouse. Cadre en bois doré.

vour illustration, planche 23.

Cent. 23 X 36.

## Marbres.",documents/BO0624_4399
465,422,"DEUX GAîNES en bois noir, décoré de marbres anciens en couleurs. XVIIe siècle. Haut. M. 1.03.","422. DEUX GAîNES en bois noir, décoré de marbres anciens en couleurs. XVIIe siècle. Haut. M. 1.03.",documents/BO0624_4399
466,420,"FIGURE VIRILE, debout, les cheveux long's retombant sur les épaules, une couronne royale sur la tête, drapée d'un long vêtement agrafé sur la poitrine. Statuette en marbre. XIVe siècle.","420. FIGURE VIRILE, debout, les cheveux long's retombant sur les épaules, une couronne royale sur la tête, drapée d'un long vêtement agrafé sur la poitrine. Statuette en marbre. XIVe siècle.

Haut. M. 0.70. Voir illustration, planche 38.",documents/BO0624_4399
467,424,"MADONE AVEC L'ENFANT. La Madone a la tête couverte d'un voile qui vient s'arrêter sur sa poitrine, vêtue d'une robe serrée à la taille et d'un ample manteau qui vient se réunir en larges plis sur le devant, elle tient l'Enfant sur le bras gauche. Statuette en marbre blanc.","424. MADONE AVEC L'ENFANT. La Madone a la tête couverte d'un voile qui vient s'arrêter sur sa poitrine, vêtue d'une robe serrée à la taille et d'un ample manteau qui vient se réunir en larges plis sur le devant, elle tient l'Enfant sur le bras gauche. Statuette en marbre blanc.

Haut. M. 0.77.",documents/BO0624_4399
468,425,"CHEMINÉE monumentale. La partie inférieure est en pierre et se compose de montants et d'une frise ornée d'un fleurons au centre et de volutes à feuillage dans lesquelles jouent quatre génies représentant: la Chasse, la Vendange, la Moisson et la Pêche. Deux moufles de lion tiennent dans la bouche un feston de fruits et de feuilles, descendant le long des mon-","425. CHEMINÉE monumentale. La partie inférieure est en pierre et se compose de montants et d'une frise ornée d'un fleurons au centre et de volutes à feuillage dans lesquelles jouent quatre génies représentant: la Chasse, la Vendange, la Moisson et la Pêche. Deux moufles de lion tiennent dans la bouche un feston de fruits et de feuilles, descendant le long des mon-

tants. La partie supérieure, en plâtre, est formée d'un grand bas-relief circulaire à sujet biblique et de deux cariatides femsupportant l'entablement. Travail mes français. Renaissance.

Haut. M. 4.90 - Larg. M. 2.70. Voir illustration, planche 39.

## Étoffes et tapisseries.",documents/BO0624_4399
469,426,"SUPERBE TAPISSERIE de Beauvais, représentant Renaud et Armide dans un jardins. Très belle bordure composée de guirlandes de roses.","426. SUPERBE TAPISSERIE de Beauvais, représentant Renaud et Armide dans un jardins. Très belle bordure composée de guirlandes de roses.

Haut. M. 3 X 2.95.

Voir illustration, planche 28.",documents/BO0624_4399
470,427,"BALDAQUIN en brocart vénitien, tond tissé en argent, fleurs brochées en soie de couleurs et en or. Doublure en soie rose et frange en or et soie. XVIIe siècle. Conservation parfaite.","427. BALDAQUIN en brocart vénitien, tond tissé en argent, fleurs brochées en soie de couleurs et en or. Doublure en soie rose et frange en or et soie. XVIIe siècle. Conservation parfaite.

Baldaquin M. 2.05 X 2.60.

Bandes M. 9.50",documents/BO0624_4399
471,428,"LONGUE BANDE en brocart argent glacé, avec ornements et feuillages en broderie appliquée. XVIe siècle.","428. LONGUE BANDE en brocart argent glacé, avec ornements et feuillages en broderie appliquée. XVIe siècle.",documents/BO0624_4399
472,425,"GRAND TAPIS syrien (Damas), en laine de chèvre angora, à fond rouge; décor, reproduction de carreaux polychromes à dessins différents. Bordure même décor fond bleu. Une pièce de telle grandeur, appartenant à S. M. l'Empereur d'Autriche, a figurée à l'Exposition des tapis en 1891 à Vienne. XVI° siècle.","425. GRAND TAPIS syrien (Damas), en laine de chèvre angora, à fond rouge; décor, reproduction de carreaux polychromes à dessins différents. Bordure même décor fond bleu. Une pièce de telle grandeur, appartenant à S. M. l'Empereur d'Autriche, a figurée à l'Exposition des tapis en 1891 à Vienne. XVI° siècle.

Voir illustration, planche 26.

M. 9 X 2.45.",documents/BO0624_4399
473,430,"GRANDE ET MAGNIFIQUE TAPISSERIE flamande, avec groupes de personnages fond un château avec parc. Large bor- et d'animaux, représentant des scènes champêtres, de chasse et de pêche. Au dure dont les angles sont ornés de groupes de figures, et dans les autres parties","430. GRANDE ET MAGNIFIQUE TAPISSERIE flamande, avec groupes de personnages fond un château avec parc. Large bor- 2. et d'animaux, représentant des scènes champêtres, de chasse et de pêche. Au dure dont les angles sont ornés de groupes de figures, et dans les autres parties
de motifs de vases, de fleurs, de médaillons, de petites scènes allégoriques, de feuillages et d'ornements. XVIIe siècle.

M. 4.15 X 3.30.

vour wustration, planche 27.

## Émaux peints.",documents/BO0624_4399
474,431,"MÉDAILLON circulaire en émail translucide, cloisonné, représentant Saint George. XIVe siècle.","431. MÉDAILLON circulaire en émail translucide, cloisonné, représentant Saint George. 2. XIVe siècle.

Diam. M. 0.08.",documents/BO0624_4399
475,432,"PLAQUE, faisant partie d'une garniture, de couleurs, représentant un génie nu, portant sur les épaules une grande aïguière. Ornements rehaus-","432. PLAQUE, faisant partie d'une garniture, de couleurs, représentant un génie nu, portant sur les épaules une grande aïguière. Ornements rehaus-

Haut. M. 0.13. Voir illustration, planche 50.

- peinte en émaux sés d'or. Laudin Limoges.",documents/BO0624_4399
476,433,"PLAQUE ronde, peinte en émaux de couleurs translucides représentant la Descente de la croix. Au revers le poinçon de Penicaud. Entourée d'une cercle en métal doré.","433. PLAQUE ronde, peinte en émaux de couleurs translucides représentant la Descente de la croix. Au revers le poinçon de Penicaud. Entourée d'une cercle en métal doré.

Diam. M. 0.050. voir mustration, planche 50.",documents/BO0624_4399
477,434,"DOUZE PETITS MÉDAILLONS ovales, représentant portraits d'Empereurs romains; en camaieu bleu sur fond noir, ayant chacun le nom respective en lettres dorées.","434. DOUZE PETITS MÉDAILLONS ovales, représentant portraits d'Empereurs romains; en camaieu bleu sur fond noir, ayant chacun le nom respective en lettres dorées.

Diam. M. 0.075 à 0.055.",documents/BO0624_4399
478,435,"HUIT MÉDAILLONS ronds, peints en émaux de couleurs et rehauts d'or sur fond noir, encadrés d'une couronne en feuilles de laurier, représentant: Saint Pierre, Saint Paul, Saint André, Saint Barthélemy, Saint Jean, Saint Giudas, Saint Simone, Saint Philippe.","435. HUIT MÉDAILLONS ronds, peints en émaux de couleurs et rehauts d'or sur fond noir, encadrés d'une couronne en feuilles de laurier, représentant: Saint Pierre, Saint Paul, Saint André, Saint Barthélemy, Saint Jean, Saint Giudas, Saint Simone, Saint Philippe.

Pierre Reymond Limoges.

Diam. M. 0.125.

Voir illustration, planche 50.",documents/BO0624_4399
479,436,"PLAQUE cintrée par le haut, peinte en émaux de couleurs, représentant Jésus crucifié, et de chaque côté de la croix la Vierge et Marie Madeleine.","436. PLAQUE cintrée par le haut, peinte en émaux de couleurs, 2. représentant Jésus crucifié, et de chaque côté de la croix la Vierge et Marie Madeleine.

Laudin Limoges.

Haut. M. 0.065 - Larg. M. 0.050. Voir illustration, planche 50.",documents/BO0624_4399
480,437,"DOUZE PETITS MÉDAILLONS ovales, redes personnages anciens, peints en émaux","437. DOUZE PETITS MÉDAILLONS ovales, redes personnages anciens, peints en émaux

Diam. M. 0.075 à 0.055.

- présentant des Empereurs romains de couleurs.

## Meubles.",documents/BO0624_4399
481,438,"COFFRE-FORI en fer, de forme rectangulaire, avec serrure à mécanisme très compliqué, occupant toute la partie inférieure. du couvercle. Rare et beau spécimen d'art du serrurier-mécanicien du XVIe siecle.","438. COFFRE-FORI en fer, de forme rectangulaire, avec serrure à mécanisme très compliqué, occupant toute la partie inférieure. du couvercle. Rare et beau spécimen d'art du serrurier-mécanicien du XVIe siecle.

Long. M. 0.90 - Haut. M. 0.44 - Larg. M. 0.43.",documents/BO0624_4399
482,439,"CABINET en noyer sculpté à deux corps, la partie inférieure et la partie supérieure decorées des colonnes. Ce meuble est orné de gracieux ornements, de feuillages, d'élégantes figures sur les panneaux, des sujets mythologiques et des animaux sur le tiroir, le tout sculpté et doré et avec des pierres de couleurs. Renaissance française.","439. CABINET en noyer sculpté à deux corps, la partie inférieure et la partie supérieure decorées des colonnes. Ce meuble est orné de gracieux ornements, de feuillages, d'élégantes figures sur les panneaux, des sujets mythologiques et des animaux sur le tiroir, le tout sculpté et doré et avec des pierres de couleurs. Renaissance française.

M. 1.75 X 0.95.

vow illustration, planche 57-",documents/BO0624_4399
483,440,"GRAND COFFRE en noyer sculpté. La façade, bombée, est divisée en trois panneaux par des montants cannelés. Dans le panneau du milieu deux génies ailés soutienent les armoiries des Borghese; dans les autres une cariatide femme le corps terminant en feuillage à volutes. Travail superbe du XVIIe siècle.","440. GRAND COFFRE en noyer sculpté. La façade, bombée, est divisée en trois panneaux par des montants cannelés. Dans le panneau du milieu deux génies ailés soutienent les armoiries des Borghese; dans les autres une cariatide femme le corps terminant en feuillage à volutes. Travail 2. superbe du XVIIe siècle.

vour lustration, planche 55-",documents/BO0624_4399
484,441,"BELLE COMMODE en noyer, de forme bombée, richement décorée de bronzes feuillages dorés. Style Louis XV.","441. BELLE COMMODE en noyer, de forme bombée, richement décorée de bronzes feuillages dorés. Style Louis XV.

Haut. M. 0.33 - Larg. M. 1.37.",documents/BO0624_4399
485,442,"COFFRE en noyer sculpté, à couvercle plat et reposant sur quatre pieds à mascarons repliés à volute. La façade présente une armoiries au milieu avec mascaron au dessous et deux panneaux à sujets mythologiques.","442. COFFRE en noyer sculpté, à couvercle plat et reposant sur quatre pieds à mascarons repliés à volute. La façade présente une armoiries au milieu avec mascaron au dessous et deux panneaux à sujets mythologiques.

Long. M. I.84 - Haut. M. 0.72. Voir illustration, planche 56.

## Objets divers.",documents/BO0624_4399
486,443,"BocAL en argent doré. Ce bocal, en forme de cône renversé, repose sur une tige qui naît d'une base circulaire ornée de gros godrons sphériques. L'extrémité supérieure de la base et la partie inférieure du vase sont garnies d'une collerette de feuillages frisées sur le borde du couvercle, godronné, se redresse un rang de fleurs frisés, sortant d'un petit vase à deux anses. Travail allemand. XVIe siècle.","443. BocAL en argent doré. Ce bocal, en forme de cône renversé, repose sur une tige qui naît d'une base circulaire ornée de gros godrons sphériques. L'extrémité supérieure de la base et la partie inférieure du vase sont garnies d'une collerette de feuillages frisées sur le borde du couvercle, godronné, se redresse un rang de fleurs frisés, sortant d'un petit vase à deux anses. Travail allemand. XVIe siècle.

Haut. M. 0.50. Voir illustration, planche 45-",documents/BO0624_4399
487,444,"PEIGNE en buis, traverse décorée d'ornements sculptés et ajourés. XVIe siècle.","444. PEIGNE en buis, traverse décorée d'ornements sculptés et ajourés. XVIe siècle.

Long. M. 0.160 - Haut. M. 0.135.",documents/BO0624_4399
488,445,"CALICE en métal doré, avec ornementation finement gravée; piédouche lobée et à pointes, avec nœud enrichi de trois nielles en argent. L'étui en cuir à ornements gravés. Sur le couvercle les ar- moiries de l'abbé Loderingi des Frati Gaudenti de Bologna. XV° siècle.","445. CALICE en métal doré, avec ornementation finement gravée; piédouche lobée et à pointes, avec nœud enrichi de trois nielles en argent. L'étui en cuir à ornements gravés. Sur le couvercle les ar- 2. moiries de l'abbé Loderingi des Frati Gaudenti de Bologna. XV° siècle.",documents/BO0624_4399
489,446,"CRUCIFIx. Le Christ en ivoire sculpté, la croix en bois noir. XVI siècle.","446. CRUCIFIx. Le Christ en ivoire sculpté, la croix en bois noir. XVI siècle.

Haut. du Christ M. 0.36.",documents/BO0624_4399
490,447,"PETIT TEMPLE carré en pierres antiques. Quatre colonnes en granit vert, montées en bronze doré, posent sur une plateforme en granit rouge égiptien. Le dôme en africain et rouge antique. Au milieu du temple une statue de Napoléon Ier, reproduction d'après Chaudet.","447. PETIT TEMPLE carré en pierres antiques. Quatre colonnes en granit vert, montées en bronze doré, posent sur une plateforme en granit rouge égiptien. Le dôme en africain et rouge antique. Au milieu du temple une statue de Napoléon Ier, reproduction d'après Chaudet.

Haut. M. 0.57 - Larg. M. 0.38.",documents/BO0624_4399
491,448,"MÉDAILLON-RELIQUIATRE en bronze doré, de forme octagonale, avec ornements gravés et ajourés dans la partie centrale. Ce reliquiaire s'ouvre sur les deux faces, et dans l'intérieur de la face inférieure est le certificat d'authenticité de la relique avec sceau de cardinal.","448. MÉDAILLON-RELIQUIATRE en bronze doré, de forme octagonale, avec ornements gravés et ajourés dans la partie centrale. Ce reliquiaire s'ouvre sur les deux faces, et dans l'intérieur de la face inférieure est le certificat d'authenticité de la relique avec sceau de cardinal.

Haut. M. 0.06 X 0.45.",documents/BO0624_4399
492,449,"COUPE ronde, en cuivre louse, entierement décoré à l'extérieur de bandes d'entrelacs, d'inscriptions et de médaillons à figures et animaux symboliques dans le style oriental. Travail vénitien. XVIe siècle.","449. COUPE ronde, en cuivre louse, entierement décoré à l'extérieur de bandes d'entrelacs, d'inscriptions et de médaillons à figures et animaux symboliques dans le style oriental. Travail vénitien. XVIe siècle.

Diam. M. 0.25 - Haut. M. 0.12. Voir illustration, planche 45.",documents/BO0624_4399
493,450,"AIGUIÈRE en cuivre gravé à anse formée par un griffon ailé. Décor à feuillage, mascarons et d'un écusson avec un lion au milieu.","450. AIGUIÈRE en cuivre gravé à anse formée par un griffon ailé. Décor à feuillage, mascarons et d'un écusson avec un lion au milieu.

Haut. M. 0.33.
## SIXIÈME VENTE

## Samedi 26 Avril à 15 heures précises

## Instruments astronomiques.",documents/BO0624_4399
494,451,"CADRAN solaire, de forme octogonale, en cuivre, avec ornements gravés autour du logement de la boussole. Signé: I. T. Müller Augsp.","451. CADRAN solaire, de forme octogonale, en cuivre, avec ornements gravés autour du logement de la boussole. Signé: I. T. 2. Müller Augsp.

Voir illustration, planche 47.",documents/BO0624_4399
495,452,"BoUSSoLE formant montre solaire, forme octogonale. Au revers sont gravés les latitudes d'un certain nombre de villes. Signé: Buterfield, Paris.","452. BoUSSoLE formant montre solaire, forme octogonale. Au revers sont gravés les latitudes d'un certain nombre de villes. Signé: Buterfield, Paris.

Long. M. 0.07 - Larg. M. 0.06. Voir illustration, planche 47.",documents/BO0624_4399
496,453,"CALENDRIER perpétuel en cuivre, forme de suspension.","453. CALENDRIER perpétuel en cuivre, forme de suspension.

Diam. M. 0.09. Voir illustration, planche 47.

- circulaire avec poignée XVIIe siècle.",documents/BO0624_4399
497,454,ASTROLABE géografique et astronomique en cuivre gravé de forme circulaire. XVII®,"454. ASTROLABE géografique et astronomique en cuivre gravé de forme circulaire. XVII®
- siecle.

Diam. M. 0.850. Voir illustration, planche 17.",documents/BO0624_4399
498,455,"COMPAS astronomique cuivre doré, avec boussole. Signé: Iac. Ema. Laminit a. Augsp.","455. COMPAS astronomique cuivre doré, avec boussole. Signé: Iac. Ema. Laminit a. Augsp.

Voir illustration, planche 47.",documents/BO0624_4399
499,456,Lot de cinq istruments astronomiques en cuivre.,456. Lot de cinq istruments astronomiques en cuivre.,documents/BO0624_4399
500,457,"CADRAN solaire et lunaire portatif en ivoire et en cuivre gravé, de forme ovale, s'ouvrant à charnière sur chaque face.","457. CADRAN solaire et lunaire portatif en ivoire et en cuivre gravé, de forme ovale, 3. s'ouvrant à charnière sur chaque face.

Diam. M. 0.08 X 0,06.

Voir illustration, planche 47.

## Armes.",documents/BO0624_4399
501,458,"ARQUEBUSE. Le canon est taillé à pans vers la culasse. Le fût et la crosse sont de bois de noyer incrustés de rinceaux, en ivoire et nacre. XVIIe siècle.","458. ARQUEBUSE. Le canon est taillé à pans vers la culasse. Le fût et la crosse sont 2. de bois de noyer incrustés de rinceaux, en ivoire et nacre. XVIIe siècle.

Long. M. 1.44. Voir illustration, planche 53.",documents/BO0624_4399
502,459,PAIRE D'ÉTRIERS EN BRONZE. Sur les branches une faunesse soutenant un chaton enchassant une pointe de diamant et un grand vase surmonté de têtes d'animaux fantastiques. Le passant de courroie est orné d'un mascaron. Travail italien. XVIe siècle.,"459. PAIRE D'ÉTRIERS EN BRONZE. Sur les branches une faunesse soutenant un chaton enchassant une pointe de diamant et un grand vase surmonté de têtes d'animaux fantastiques. Le passant de courroie est orné d'un mascaron. Travail italien. XVIe siècle.

Haut. M.o.18 - Larg. M. o.12.

Voir illustration, planche 53.",documents/BO0624_4399
503,460,ARQUEBUSE À ROUET. Le fût est incrusté de rinceaux et de plaquettes d'ivoire gravé. Dans l'une des joues de la crosse est creusé un magasin fermé par une plaque à ressort. Travail allemand. XVIIe siècle.,"460. ARQUEBUSE À ROUET. Le fût est incrusté de rinceaux et de plaquettes d'ivoire gravé. Dans l'une des joues de la crosse est creusé un magasin fermé par une plaque à ressort. Travail allemand. XVIIe siècle.

Voir illustration, planche 53.

Long. M. I.04.",documents/BO0624_4399
504,461,"ARMET de fer avec mézail, bavière et colletin. Fin du XVe siècle.","461. ARMET de fer avec mézail, bavière et colletin. Fin du XVe siècle.

Voir illustration, planche 53.

Haut. M. 0.26.

ARMeT de fer avec visière très pointue, bavière et gorgerin. La bombe est doublée en sa partie antérieure. Fin du XVe siècle.

Haut. M. 0.28.

Vour illustration, planche 53.",documents/BO0624_4399
505,462,"ARQUEBUSE À PIERRE. Le canon rayé et taillé à pans vers la culasse, est décoré de deux plaques de mire en argent repoussé. Le fût et la crosse son de bois de noyer sculpté, avec ornements en fer découpé et gravé. La platine, le chien et la sous-garde sont ciselés de rinceaux et têtes de femme. Travail espagnol. XVIII· siècle.","462. ARQUEBUSE À PIERRE. Le canon rayé et taillé à pans vers la culasse, est décoré de deux plaques de mire en argent repoussé. Le fût et la crosse son de bois de noyer sculpté, avec ornements en fer découpé et gravé. La platine, le chien et la sous-garde sont ciselés de rinceaux et têtes de femme. Travail espagnol. XVIII· siècle.

Long. M. 1.20.",documents/BO0624_4399
506,463,"DEUX BASSINETS DE FER. Le timbre de forme conique, la pointe reportée en arrière. Un de ces bassinets est muni de porte-plumail en cuivre et de clous aussi de cuivre bordent la visière.","463. DEUX BASSINETS DE FER. Le timbre de forme conique, la pointe reportée en arrière. Un de ces bassinets est muni de porte-plumail en cuivre et de clous aussi de cuivre bordent la visière.

Haut. M. 0.25.",documents/BO0624_4399
507,464,"ÉPÉE DE CEINTURE. La poignée se compose de quillons droits, d'un triple gardemain et d'anneaux se developpant en avant de la sous-garde, au dessus du pas Pommeau ovoïde à pans. Fusée recouverte de tresses de fer. La lame, cannelée vers son talon, porte pour marque deux + et un animal incrusté de cuivre. XVIe siècle.","464. ÉPÉE DE CEINTURE. La poignée se compose de quillons droits, d'un triple gardemain et d'anneaux se developpant en avant de la sous-garde, au dessus du pas Pommeau ovoïde à pans. Fusée recouverte de tresses de fer. La lame, cannelée vers son talon, porte pour marque deux + et un animal incrusté de cuivre. XVIe siècle.

Long. tot. 1.35.

Voir illustration, planche 53.",documents/BO0624_4399
508,465,GUISARME. Muni à sa base de deux arêtes horizontales et sur la lame d'une arête horizontale aussi et d'un crochet en forme de faucille. Sur les deux faces de la lame est gravée une armoiries. XVIIe siècle.,"465. GUISARME. Muni à sa base de deux arêtes horizontales et sur la lame d'une arête horizontale aussi et d'un crochet en forme de faucille. Sur les deux faces de la lame est gravée une armoiries. XVIIe siècle.

Long. de la lame M. 0.75.

GUISARME. Lame pareille au précédent. Fleur de lis gravée sur les deux faces de la lame. XVIIe siècle.

Long, de la lame M. 0.76.",documents/BO0624_4399
509,466,"CINQUEDEA (Sangdedé). Lame large, faconnée à cannelures, décorée sur ses deux faces de fines gravures en partie dorées. Les quillons se recourbant vers la lame, la fusée et le pommeau de forme aplatie sont ornées de trophées en argent repoussé. Style Renaissance.","466. CINQUEDEA (Sangdedé). Lame large, faconnée à cannelures, décorée sur ses deux faces de fines gravures en partie dorées. Les quillons se recourbant vers la lame, la fusée et le pommeau de forme aplatie sont ornées de trophées en argent repoussé. Style Renaissance.

Long: M 0.60.

## Cuirs.",documents/BO0624_4399
510,467,"TROUSSE en cuir frappé à relief et ciselé, décorée d'ornements variés et dans une réserve Saint François en prière recevant les stigmates. Travail florentin. XVI® siècle.","467. TROUSSE en cuir frappé à relief et ciselé, décorée d'ornements variés et dans une réserve Saint François en prière recevant les stigmates. Travail florentin. XVI® siècle.

Voir illustration, planche 52.

Long. M. 0.25.",documents/BO0624_4399
511,468,"ÉruI en cuir pour coupe, semisphérique, décoré au pourtour et sur le couvercle de chimères, d'ornements et de feuillage en relief et ciselé. Au centre du couvercle un écusson de famille noble et à la partie supérieure les lettres V. C. I. V. D. Q. E. Pièce très remarquable, de très bonne conservation avec traces de dorure. Travail vénitien du XVIe siècle.","468. ÉruI en cuir pour coupe, semisphérique, décoré au pourtour et sur le couvercle de chimères, d'ornements et de feuillage en relief et ciselé. Au centre du couvercle un écusson de famille noble et à la partie supérieure les lettres V. C. I. V. D. Q. E. Pièce très remarquable, de très bonne conservation avec traces de dorure. Travail vénitien du XVIe siècle.

Haut. M. 0.09 - Diam. M. 0.15. Voir illustration, planche 52.",documents/BO0624_4399
512,46,"g. ÉruI en cuir, rectangulaire, se retrécissant à la base, et posant sur pied de forme circulaire, décoré d'ornements et de feuillages en relief.","- 46g. ÉruI en cuir, rectangulaire, se retrécissant à la base, et posant sur pied de forme circulaire, décoré d'ornements et de feuillages en relief.

Voir illustration, planche 52.

Haut. M. 0.39.",documents/BO0624_4399
513,470,"Étui pour coupe, semisphérique, en cuir avec ornements et godrons, sur le couvercle un écusson de famille noble. XVI° bis, TrOUSsE en cuir noir estampé, décorée ce mnceaux.","470. Étui pour coupe, semisphérique, en cuir avec ornements et godrons, sur le couvercle un écusson de famille noble. XVI°

Haut. M. 0.10 - Diam. M. 0.15. - 470 bis, TrOUSsE en cuir noir estampé, décorée ce mnceaux.

Long. 0.35-",documents/BO0624_4399
514,471,Érur en cuir pour calice avec ornements en relief et sur le couvercle les armoiries Del Carretto.,"471. Érur en cuir pour calice avec ornements en relief et sur le couvercle les armoiries 2. Del Carretto.

Haut. M. 0.27 - Diam. M. 0.22.",documents/BO0624_4399
515,472,"Érur cylindrique, en cuir frappé en relief et ciselé, décoré de lions, de griffons de centaures encadrés de frises avec ornements et animaux. Travail vénitien du XVI· siècle. Objet de grande valeur.","472. Érur cylindrique, en cuir frappé en relief et ciselé, décoré de lions, de griffons de centaures encadrés de frises avec ornements et animaux. 2. Travail vénitien du XVI· siècle. Objet de grande valeur.

Haut. M. o 30 - Diam. M. 0 07. Voir illustration, planche 52.

## Faïences.",documents/BO0624_4399
516,473,"PETIT PLAT CREUX, émaillé bleu, avec les armoiries des Farnèses rehaussé d'or au centre et tout au tour une succession de XVII®","473. PETIT PLAT CREUX, émaillé bleu, avec les armoiries des Farnèses rehaussé d'or au centre et tout au tour une succession de XVII®

Diam. M. 0.18.

- rinceaux en vert avec rehauts d'or. Fab. de Milan. Première moitié du siècle.",documents/BO0624_4399
517,474,QUATRE APPLIQUES à deux bras pour,"474. QUATRE APPLIQUES à deux bras pour

Haut. M. 0.63.

- bougies, décorées de fleurs, fruits en couleurs sur fond blanc, le bord à décor rocaille. Faience de Faenza du XVIII® siècle.",documents/BO0624_4399
518,475,"PLAT avec rosace au centre et deux rubans entrelacés sur le bord. Décor jaune, sur fond blanc. Ca-","475. PLAT avec rosace au centre et deux rubans entrelacés sur le bord. Décor jaune, sur fond blanc. Ca-

Diam. M. 0.25.

- vert, rouge et bleu faggiolo.

Vorr ulustration, planche 32.",documents/BO0624_4399
519,476,"VASE DE PHARMACIE à panse cylindrique, plus étroit à la base et au col, décoré de fleurs bleues sur fond blanc. Ca- faggiolo.","476. VASE DE PHARMACIE à panse cylindrique, plus étroit à la base et au col, décoré de fleurs bleues sur fond blanc. Ca- 2. faggiolo.

Haut. M. 0.18 - Diam. M. o.11.

Voir illustration, planche 32.",documents/BO0624_4399
520,477,"SERVICE DE TABLE en vieux Ginori décoré de fleurs en couleurs et or, composé de 2 soupières avec leurs plateaux, 6 grands plats ovales, 4 idem plus petits, 4 grands ronds, 24 assiettes creuses, 41 assiettes plates, 6 à dessert, 3 saucières avec leurs plateaux, 2 grands moutardiers, 1 plus petit.","477. SERVICE DE TABLE en vieux Ginori décoré de fleurs en couleurs et or, composé de 2 soupières avec leurs plateaux, 6 grands plats ovales, 4 idem plus petits, 4 grands ronds, 24 assiettes creuses, 41 assiettes plates, 6 à dessert, 3 saucières avec leurs plateaux, 2 grands moutardiers, 1 plus petit.

Total 93 pièces .

Voir illustration, planche 35.",documents/BO0624_4399
521,478,"PLAT CREUX sur piédouche, à bord fes- tonné, dit « fruttiera » à ombilic saillant à fond jaune, offrant un buste de guerrier, casqué, de profil à gauche, autour duquel rayonnent des godrons évidés, disposés sur deux zones concentriques, ornés de feuillages en brillants emaux polychromes. Au verso, décor sommaire bleu et jaune sur fond blanc. Fab. de Faenza. Seconde moitié du XVIe siècle.","478. PLAT CREUX sur piédouche, à bord fes- 2. tonné, dit « fruttiera » à ombilic saillant à fond jaune, offrant un buste de guerrier, casqué, de profil à gauche, autour duquel rayonnent des godrons évidés, disposés sur deux zones concentriques, ornés de feuillages en brillants emaux polychromes. Au verso, décor sommaire bleu et jaune sur fond blanc. Fab. de Faenza. Seconde moitié du XVIe siècle.

Diam. M. 0.225.",documents/BO0624_4399
522,479,"PLAT CREUX orné de fleurs et feuilles au centre, et tout au tour d'une couronne également à feuilles et fleurs sur le bord. Décor bleu, vert et jaune sur fond bleu clair « berettino ». Au verso décor simple en bleu et au centre la marque de Cafaggiolo.","479. PLAT CREUX orné de fleurs et feuilles au centre, et tout au tour d'une couronne également à feuilles et fleurs sur le bord. Décor bleu, vert et jaune sur fond bleu clair « berettino ». Au verso décor simple en bleu et au centre la marque de Cafaggiolo.

Diam. M. 0.24-

Voir illustration, planche 32.",documents/BO0624_4399
523,480,"VASE DE PHARMACIE en forme de bouteille, orné de petites feuilles et fruits en couleurs verte et jaune et de superbes ornements en bleu sombre rehaussé de blanc sur fond bleu clair. Au centre les armoiries des Este ducs de Ferrara, et au dessous inscription pharmaceutique en caractères gothiques. Émail brillant. Goulot, pied et anse en argent ciselé d'époque plus récente. Faenza. XVIe siècle. Pièce superbe. Provenant de la vente Milius.","480. VASE DE PHARMACIE en forme de bouteille, orné de petites feuilles et fruits en couleurs verte et jaune et de superbes ornements en bleu sombre rehaussé de blanc sur fond bleu clair. Au centre les armoiries des Este ducs de Ferrara, et au dessous inscription pharmaceutique en caractères gothiques. Émail brillant. Goulot, pied et anse en argent ciselé d'époque plus récente. Faenza. XVIe siècle. Pièce superbe. Provenant de la vente Milius.

Haut. M. 0.28.

Voir illustration, planche 33.",documents/BO0624_4399
524,481,"PLAT CREUX. Décor dit « grotesque » composé d'arabesques, de d'oiseaux et d'animaux couleurs bleu, jaune et vert sur fond blane. Au centre les armoiries du cardinal Salviati. Fab. d'Urbino. Première moitié du XVIe siècle.","481. PLAT CREUX. Décor dit « grotesque » composé d'arabesques, de d'oiseaux et d'animaux couleurs bleu, jaune et vert sur fond blane. Au centre les armoiries du cardinal Salviati. Fab. d'Urbino. Première moitié du XVIe siècle.

Diam. M. 0.255.",documents/BO0624_4399
525,482,"GRAND VASE à deux anses formées de deux serpents entrelacés, se rattachant à la panse par de mascarons en relief.. La décoration est divisée par deux thermes à bustes de femmes, représentant d'un côté, une scène biblique: « La récolte de la manne » et de l'autre un écusson entouré d'ornements grotesques. Sur le pied de forme circulaire l'inscription: URBINI ALFONSUS PATANAZZIUS. FECIT. Émaux brillants.","482. GRAND VASE à deux anses formées de deux serpents entrelacés, se rattachant à la panse par de mascarons en relief.. La décoration est divisée par deux thermes à bustes de femmes, représentant d'un côté, une scène biblique: « La récolte de la manne » et de l'autre un écusson entouré d'ornements grotesques. Sur le pied de forme circulaire l'inscription: URBINI ALFONSUS PATANAZZIUS. FECIT. Émaux brillants.

Haut. M. 0.57 - Diam. M. 0.35.

Voir illustration, planche 34.

## Ivoires.",documents/BO0624_4399
526,483,ExTASE de Saint Jérôme. Travail à haut relief en ivoire. XVIIIe siècle. Cadre en bois noir et or.,"483. ExTASE de Saint Jérôme. Travail à haut relief en ivoire. XVIIIe siècle. Cadre en bois noir et or.

Haut. M. 0.15 X 0.09.",documents/BO0624_4399
527,484,"PLAQUETTE RECTANGULAIRE divisée en deux parties: à la partie inférieure l'adoration des Rois Mages, et à la partie supérieure Jésus crucifié et les deux Maries. Applique en ivoire sculpté et à relief. X Ve siècle.","484. PLAQUETTE RECTANGULAIRE divisée en deux parties: à la partie inférieure l'adoration des Rois Mages, et à la partie supérieure Jésus crucifié et les deux Maries. Applique en ivoire sculpté et à relief. X Ve siècle.

Haut. M. 0.08 X 0.023.",documents/BO0624_4399
528,485,FLAGELLATION DU CHRIST. Groupe de nombreuses petites figures en ronde-bosse devant un temple sculpté en haut relief. Ce groupe pose sur un appui à ornements d'architecture. Travail en ivoire du XVII® siècle. Cadre en bois noir et or.,"485. FLAGELLATION DU CHRIST. Groupe de nombreuses petites figures en ronde-bosse devant un temple sculpté en haut relief. Ce groupe pose sur un appui à ornements d'architecture. Travail en ivoire du XVII® siècle. Cadre en bois noir et or.

Haut. M. 0.20 X 0.15.",documents/BO0624_4399
529,486,"CoFFRET oblong en ivoire avec couvercle à forme de toit, serrure et garniture en métal doré. Parfaite conservation. Pièce rare du XIVe siècle.","486. CoFFRET oblong en ivoire avec couvercle à forme de toit, serrure et garniture en métal doré. Parfaite conservation. Pièce rare du XIVe siècle.

Larg. M. o.14 - Haut. M. o.10. Voir illustration, planche 51.",documents/BO0624_4399
530,487,L'ANNONCIATION. Deux plaquettes gravées à la pointe. Signées: Jo. Bapt. Decurtis. Cadre en ébène.,"487. L'ANNONCIATION. Deux plaquettes gravées à la pointe. Signées: Jo. Bapt. Decurtis. Cadre en ébène.

Haut. M. 0.14 - Larg. M. O.10.",documents/BO0624_4399
531,488,"COFFRET RECTANGULAIRE en ivoire à couvercle à rampes et plat à la partie supérieure. Le coffret et le couvercle entièrement décorés de plusieurs frises de rosaces et de festons reliés par de rubans, découpés à jour et encadrées de frises ornées de successions de fleurs et de feuilles peintes de couleurs. Très belle conservaton. XVIe siècle. Pièce de collection.","488. COFFRET RECTANGULAIRE en ivoire à couvercle à rampes et plat à la partie supérieure. Le coffret et le couvercle entièrement décorés de plusieurs frises de rosaces et de festons reliés par de rubans, découpés à jour et encadrées de frises ornées de successions de fleurs et de feuilles peintes de couleurs. Très belle conservaton. XVIe siècle. Pièce de collection.

Haut. M. 0.20 - Long: M. 0.36 - Larg. M 0.27.

## Tableaux.

## ÉCOLE HOLLANDAISE.",documents/BO0624_4399
532,489,ANACHORÈTE ET ANGE. Fond de paysage. Peinture sur bois. XVIe siècle. Cadre en bois doré.,"489. ANACHORÈTE ET ANGE. Fond de paysage. Peinture sur bois. XVIe siècle. Cadre en 2. bois doré.

Haut. M. 1.50 X 0.92.

## ÉCOLE FRANÇAISE.",documents/BO0624_4399
533,490,"PORTRAIT DE DAME regardant le spectateur presqué de face. Cheveux blonds, coiffure haute frisée. Robe décolletée garnie de galons. Toile ovale.","490. PORTRAIT DE DAME regardant le spectateur presqué de face. Cheveux blonds, coiffure haute frisée. Robe décolletée garnie de galons. Toile ovale.

Haut. 0.72 X 0.60.

Voir illustration, planche 21.

## ÉCOLE ITALIENNE.",documents/BO0624_4399
534,491,PETIT PORTRAIT de G. Medici. Cadre en bois noir et or. Peinture ovale sur bois.,"491. PETIT PORTRAIT de G. Medici. Cadre en bois noir et or. Peinture ovale sur bois.

M. 0.22 X 0.16.
## J. A. FASOLO.",documents/BO0624_4399
535,492,"PORTRAIT D'ENFANT en costume richement orné de dentelles, assis sur une petite chaise près d'une table couverte d'un tapis rouge, sur laquelle est posé le chapeau orné de plumes de l'enfant. Devant la table est un petit chien avec les lettres P. C. L. sur son collier. Un rideau drapé dans le fond à droite; à gauche paysage. Très beau coloris. Cadre en bois sculpté et doré.","492. PORTRAIT D'ENFANT en costume richement orné de dentelles, assis sur une petite chaise près d'une table couverte d'un tapis rouge, sur laquelle est posé le chapeau orné de plumes de l'enfant. Devant la table est un petit chien avec les lettres P. C. L. sur son collier. Un rideau drapé dans le fond à droite; à gauche paysage. Très beau coloris. Cadre en bois sculpté et doré.

Toile. Haut. 1.36 X 0.88.

## VAN LOO.",documents/BO0624_4399
536,493,"PORTRAIT de Prince, en demi buste, pro- fil à gauche, la tête encadrée par une perruque, tournée de trois quarts à droite, habillé en armure, manteau flottant sur l'épaule droite, avec le bâton de commandement dans la main gauche et indiquant l'horizon lointain avec la main droite. Au fond le ciel. Cadre recouvert de velours rouge.","493. PORTRAIT de Prince, en demi buste, pro- 2. fil à gauche, la tête encadrée par une perruque, tournée de trois quarts à droite, habillé en armure, manteau flottant sur l'épaule droite, avec le bâton de commandement dans la main gauche et indiquant l'horizon lointain avec la main droite. Au fond le ciel. Cadre recouvert de velours rouge.

Toile ovale, diam. M 0.28 X 0.22.

## ÉCOLE DE RAPHAEL.",documents/BO0624_4399
537,494,PORTRAIT d'un cardinal (tête) tourné de trois quarts vers la droite. Grande finesse d'exécution. XVIe siècle. Sur bois.,"494. PORTRAIT d'un cardinal (tête) tourné de 2. trois quarts vers la droite. Grande finesse d'exécution. XVIe siècle. Sur bois.

Voir illustration, planche 5.

## SIMONE DA BELLUNO.

(XIVe siècle).",documents/BO0624_4399
538,495,"PANNEAU CENTRAL d'un triptyque, formant ogive dans la partie supérieure avec petites colonnes latérales. Au milieu Jésus crucifié et les saintes femmes pleurant au pied de la croix. Peinture à la détrempe sur fond. doré.","495. PANNEAU CENTRAL d'un triptyque, formant ogive dans la partie supérieure avec petites colonnes latérales. Au milieu Jésus crucifié et les saintes femmes pleurant au pied de la croix. Peinture à la détrempe sur fond. doré.

Haut. 0.55 X 0.37.

## A. BRONZINO

aurduee a 1501-1572).",documents/BO0624_4399
539,496,"PORTRAIT DE PIERRE SODERINI. Figure aux trois quarts. Le vénérable patricien florentin, debout, vêtu d'une simarre de velours noir à doublure rouge, regardant le spectateur, tient la main droite appuyée au dossier d'une chaise, dans la gauche les gants. Peinture de caractère très accentué. Beau cadre richement doré et sculpté avec oiseaux et fruits en relief et ajourés.","496. PORTRAIT DE PIERRE SODERINI. Figure aux trois quarts. Le vénérable patricien florentin, debout, vêtu d'une simarre de velours noir à doublure rouge, regardant le spectateur, tient la main droite appuyée au dossier d'une chaise, dans la gauche les gants. Peinture de caractère très accentué. Beau cadre richement doré et sculpté avec oiseaux et fruits en relief et ajourés.

Panneau. Haut. M. 1.33 X 0.92.

vow ulustration, planche 12.

## ÉCOLE DE P. VERONESE.",documents/BO0624_4399
540,497,L'ADORATION DES MAGES. Belle peinture,497. L'ADORATION DES MAGES. Belle peinture,documents/BO0624_4399
541,2,sur toile avec cadre doré.,"2. sur toile avec cadre doré.

Voir illustration, planche 14.

## DENIS CALVAERT.",documents/BO0624_4399
542,1540,1019).,1540-1019).,documents/BO0624_4399
543,498,"SAINTE-FAMILLE. Intérieur de la maison de la Vierge Marie qui offre la nourriture à l'Enfant, tandis que des anges s'occupent des soins domestiques. Au fond, à porte, s'avance ginale et manière caractéristique de dra-","498. SAINTE-FAMILLE. Intérieur de la maison de la Vierge Marie qui offre la nourriture à l'Enfant, tandis que des anges s'occupent des soins domestiques. Au fond, à porte, s'avance ginale et manière caractéristique de dra-",documents/BO0624_4399
544,2,"gauche, au seuil d'une Saint Joseph. Beau coloris, invention oriperie. Cadre doré et sculpté.","2. gauche, au seuil d'une Saint Joseph. Beau coloris, invention oriperie. Cadre doré et sculpté.

Toile. Haut. 0.97 X 0.72.

(detto Alessandro Filipepi).,",documents/BO0624_4399
545,144,1919,144-1919,documents/BO0624_4399
546,499,"LE BAPTÊME DE JÉSUS. Le Rédempteur agenouillé dans les eaux du Jourdan, les mains jointes et la tête inclinée, reçoit le baptême des mains de Saint Jean, qui couvert d'une peau d'agneau et d'un manteau rouge, est debout, à droite, sur la rive. A gauche deux anges agenouillés, les mains jointes dans l'attitude de la prière assistent à l'institution du sacre-","499. LE BAPTÊME DE JÉSUS. Le Rédempteur agenouillé dans les eaux du Jourdan, les mains jointes et la tête inclinée, reçoit le baptême des mains de Saint Jean, qui couvert d'une peau d'agneau et d'un manteau rouge, est debout, à droite, sur la rive. A gauche deux anges agenouillés, les mains jointes dans l'attitude de la prière assistent à l'institution du sacre-

M. 1.40 X 3.55.
ment de la Purification. Fond de paysage avec collines et vallées au milieu desquelles le fleuve serpente. Cadre en bois doré avec large bordure de fleurs et fruits sculptés.

Bois. Haut. 1.58 X r.30.

Voir illustration, planche 2.

## PIERRE DE MESSINE.",documents/BO0624_4399
547,500,"MADONE ET ENFANT. Très sobre de composition et de coloris; paysage d'une grande finesse dans l'eloignement à droite, sur le fond du tableau. Beau cadre en bois doré richement sculpté.","500. MADONE ET ENFANT. Très sobre de composition et de coloris; paysage d'une grande finesse dans l'eloignement à droite, sur le fond du tableau. Beau cadre en bois doré richement sculpté.

Bois. Haut. M. 0.54 X 0.68.

## J. F. VAN BLOMEN

(dit Orizzonte, 1662-1740).",documents/BO0624_4399
548,501,QUATRE PAYSAGES animés de petites figures. Cadre doré.,"501. QUATRE PAYSAGES animés de petites figures. Cadre doré.

Toile. Haut. M. 0.34 X 0.43.

## G. DEZIANI

(attribué à).",documents/BO0624_4399
549,502,L'ADORATION DES MAGES. Belle et riche composition. Peinture sur toile. Cadre sculpté et doré.,"502. L'ADORATION DES MAGES. Belle et riche composition. Peinture sur toile. Cadre sculpté et doré.

Haut. M. 1.24 X 0.84.

## BARTOLOMEO SCHEDONE.

(1570-1615).",documents/BO0624_4399
550,503,SAINTE FAMILLE. L'expression des figures de Saint Joseph et de la Madone révèlent une joie pleine de tendresse à la vue de Jésus et du petit Saint Jean qui s'embrassent dans une attitude pleine de grâce. Peinture agréable de style et de coloris. Toile de forme octogonale. Cadre en bois doré richement sculpté.,"503. SAINTE FAMILLE. L'expression des figures de Saint Joseph et de la Madone révèlent une joie pleine de tendresse à la vue de Jésus et du petit Saint Jean qui s'embrassent dans une attitude pleine de grâce. Peinture agréable de style et de coloris. Toile de forme octogonale. Cadre en bois doré richement sculpté.

Haut. 1.28 X 1.03.",documents/BO0624_4399
551,504,"QUATRE PASTELS ovales, représentant chacun une jeune femme à demi buste, les cheveux ornés de fleurs. Époque: XVIII° siècle. Cadres dorés.","504. QUATRE PASTELS ovales, représentant chacun une jeune femme à demi buste, les cheveux ornés de fleurs. Époque: XVIII° siècle. Cadres dorés.

Diam. M. 0.44 X 0.36.

## REMBRANDT VAN RHYN.",documents/BO0624_4399
552,505,AGAR CHASSÉE PAR ABRAHAM. À la plume. Cadre en bois noir.,"505. AGAR CHASSÉE PAR ABRAHAM. À la plume. Cadre en bois noir.

Cent. 27 X 17.

## JUSTE SUTTERMANS.

(1597-168 1).",documents/BO0624_4399
553,506,"PoRTRAIT de femme très âgée représentée en buste de trois quarts à droite, les cheveux relevés sur le front et les tempes sont recouverts d'un escoffion. Crayon noir, retouches en blanc. Papier. Cadre doré.","506. PoRTRAIT de femme très âgée représentée en buste de trois quarts à droite, les cheveux relevés sur le front et les tempes sont recouverts d'un escoffion. Crayon noir, retouches en blanc. Papier. Cadre doré.

Haut. M. 0.38 - Larg. M. 0.27.

Voir illustration, planche 23.

## FRA BARTOLOMEO.",documents/BO0624_4399
554,507,UN PORTRAIT. Au crayon. Cadre en bois noir.,"507. UN PORTRAIT. Au crayon. Cadre en bois noir.

Voir illustration, planche 23.

M. 0.19 X 0.27.

## Sculptures.",documents/BO0624_4399
555,508,NAPOLÉON I. Tête en marbre de Carrare. Piédouche en marbre vert.,"508. NAPOLÉON I. Tête en marbre de Carrare. Piédouche en marbre vert.

Haut M. 0.48.",documents/BO0624_4399
556,509,PAULINE BORGHESE. Buste en marbre de de Carrare. Piédouche en marbre vert. Haut. M. 0.48.,509. PAULINE BORGHESE. Buste en marbre de de Carrare. Piédouche en marbre vert. Haut. M. 0.48.,documents/BO0624_4399
557,510,"STATUETTE en marbre, représentant une femme nue, assise sur un tronc d'arbre, tenant dans ses bras un enfant lui caressant le visage.","510. STATUETTE en marbre, représentant une femme nue, assise sur un tronc d'arbre, tenant dans ses bras un enfant lui caressant le visage.

Voir illustration, planche 38.

Haut. M. 0.65-",documents/BO0624_4399
558,5,"I1. LA MADONE ET L'ENFANT AVEC DEUX ANGES. Bas-relief de forme ovale en terrecuite d'un beau style sévère et vigoureux, attribué à Michel-Ange. Cadre en bois","- 5I1. LA MADONE ET L'ENFANT AVEC DEUX ANGES. Bas-relief de forme ovale en terrecuite d'un beau style sévère et vigoureux, attribué à Michel-Ange. Cadre en bois
- noir.

Diam. M. 0.65 - Min. M. 0.58.

Voir illustration, planche 40.",documents/BO0624_4399
559,512,"BUStE de donzelle à coiffure basse avec petites boucles tombant le long des joues, robe collante, la colerette en dentelle gotique et le cou entouré d'un rang de grosses perles. Marbre blanc, base ovale adérente. XVI siècle.","512. BUStE de donzelle à coiffure basse avec petites boucles tombant le long des joues, robe collante, la colerette en dentelle gotique et le cou entouré d'un rang de grosses perles. Marbre blanc, base ovale adérente. XVI siècle.

Voir illustration, planche 37.

## Étoffes et tapisseries.",documents/BO0624_4399
560,513,"PANNEAu de mosquée en laine de Smyrne, à fond rouge et décoré sur son pourtour et à ses angles de petits dessins et motifs géométriques polychromes. Sur le fond on lit, en caractères orientaux, tissés en laine verte, l'iscription suivante (traduite): Ce qui arrive est heureux. Au très-haut et très-puissant, etc. etc. Grand Souverain qui nous donne le pain, le très-fort, la lumière des yeux du monde, dont le pareil n'est jamais venu au monde. Sa Majesté le Ghazi Ebaul Seif Nadir, que son royaume soit glorieux. 1159 de l'hégire.","513. PANNEAu de mosquée en laine de Smyrne, à fond rouge et décoré sur son pourtour et à ses angles de petits dessins et motifs géométriques polychromes. Sur le fond on lit, en caractères orientaux, tissés en laine verte, l'iscription suivante (traduite): Ce qui arrive est heureux. Au très-haut et très-puissant, etc. etc. Grand Souverain qui nous donne le pain, le très-fort, la lumière des yeux du monde, dont le pareil n'est jamais venu au monde. Sa Majesté le Ghazi Ebaul Seif Nadir, que son royaume soit glorieux. 1159 de l'hégire.

Haut. I.12 - Larg. 0.85.

Voir illustration, planche 3o.",documents/BO0624_4399
561,514,"TAPIS DE SMIRNE en laine de Cachemir, à dessins géométriques, ornés, de fleurs sur rinceaux et fleurs et à triple encadrement.","514. TAPIS DE SMIRNE en laine de Cachemir, à dessins géométriques, ornés, de fleurs sur rinceaux et fleurs et à triple encadrement.

M. 2.60 X 5.50.

- fond rouge. Riche bordure à médaillons, Le tout est policromé.",documents/BO0624_4399
562,515,"PETIT LÉ DE VELOURS rouge contretaillé sur fonds or et argent, orné de fleurons","515. PETIT LÉ DE VELOURS rouge contretaillé sur fonds or et argent, orné de fleurons
- disposés en sens inverse.

Rare specimen de très beau velours vé- nitien du XVIe siècle.

Long. 1.25 - Haut. 0.70.

Voir illustration, planche 30.",documents/BO0624_4399
563,516,"GRANDE ET BELLE TAPISSERIE à sujet de chasse dans un bois, fond de paysage. La scène est représentée par un grand nombre de figures et animaux, elle est renfermée dans une large et charmante bordure","516. GRANDE ET BELLE TAPISSERIE à sujet de chasse dans un bois, fond de paysage. La scène est représentée par un grand nombre de figures et animaux, elle est renfermée dans une large et charmante bordure

composée de fleurs, feuillages et médaillons contenant des petites et allégoriques figures soit en groupe que isolée. L'ensemble de la composition est à plusieurs couleurs. Pièce splendide pour la décoration.

M. 3.65 X 4.25. Voir illustration, planche 29.",documents/BO0624_4399
564,517,"CHASUBLE en velours cramoisi ayant au milieu une bande en broderie de soie, couleurs et or, représentant la Madone, l'Enfant et des saints. XVIe siècle.","517. CHASUBLE en velours cramoisi ayant au milieu une bande en broderie de soie, couleurs et or, représentant la Madone, l'Enfant et des saints. XVIe siècle.",documents/BO0624_4399
565,518,"CHASUBLE fond vert, ornements et paysages et feuillages brochés en or et argent. XVIIe siècle.","518. CHASUBLE fond vert, ornements et paysages et feuillages brochés en or et argent. XVIIe siècle.",documents/BO0624_4399
566,519,"MAGNIFIQUE TAPISSERIE, paysage et bois au fond, animé par des groupes de figures et d'animaux. Composition pittoresque renfermée dans une large bordure, riche aussi de figures allégoriques, scènes champêtres, paysages, ornementations de fleurs et feuillages, le tout à plusieurs couleurs. Travail Flamand du XVIIe siècle.","519. MAGNIFIQUE TAPISSERIE, paysage et bois au fond, animé par des groupes de figures et d'animaux. Composition pittoresque renfermée dans une large bordure, riche aussi de figures allégoriques, scènes champêtres, paysages, ornementations de fleurs et feuillages, le tout à plusieurs couleurs. 4. Travail Flamand du XVIIe siècle.

M. 3-55 X 3.25.

## Argenterie.",documents/BO0624_4399
567,520,GRANDE SOUPIÈRE en argent avec anses bord du couvercle et du pied ornés de feuilles finement ciselées.,"520. GRANDE SOUPIÈRE en argent avec anses bord du couvercle et du pied ornés de feuilles finement ciselées.

Poids, Kilogr. 2.485.",documents/BO0624_4399
568,521,"PLATEAU porte-cartes rectangulaire, en argent, avec monogramme surmonté d'une couronne, ornements et mascarons au tepoussé sur le bord.","521. PLATEAU porte-cartes rectangulaire, en argent, avec monogramme surmonté d'une 2. couronne, ornements et mascarons au tepoussé sur le bord.

Larg. M. 0.29 X 0.19.",documents/BO0624_4399
569,522,"BOUILLOIRE avec son réchaud et deux cafetières en argent richement décorées de fleurs, fruits et animaux, au milieu des motifs genre rocaille en relief et ciselés. Louis XV.","522. BOUILLOIRE avec son réchaud et deux cafetières en argent richement décorées de fleurs, fruits et animaux, au milieu des motifs genre rocaille en relief et ciselés. 2. Louis XV.

Poids, Kilogr. 6.640.

Voir illustration, planche 49.
## Objets divers.",documents/BO0624_4399
570,523,PENDULE en métal avec des écussons sur trois côtés. Travail allemand. bis. PENDULE en bronze doré. Empire.,"523. PENDULE en métal avec des écussons sur trois côtés. Travail allemand.

Haut. M. 0.24. - 523 bis. PENDULE en bronze doré. Empire.

Haut. 0.40 X 0.35-

Voir illustration, planche 49.",documents/BO0624_4399
571,524,"PENDULE en métal doré. Le cadran surmonté d'un ornement et décoré d'un feston de fleurs en relief dans la partie inférieure et encaissé dans le vif d'une colonne, placée sur une base formée d'un tore et d'une plinthe. La cimaise présente sur son pourtour des losanges en émail bleu clair avec les signes du Zodiaque en émail en couleurs et au dessus une bande argentée avec les noms des mois. La cimaise tourne au moyen du mécanisme de la pendule et sur le plan des instruments minus. cules d'astronomie à mouvement mécanique. Pièce de curiosité très intéressante. Empire.","524. PENDULE en métal doré. Le cadran surmonté d'un ornement et décoré d'un feston de fleurs en relief dans la partie inférieure et encaissé dans le vif d'une colonne, placée sur une base formée d'un tore et d'une plinthe. La cimaise présente sur son pourtour des losanges en émail bleu clair avec les signes du Zodiaque en émail en couleurs et au dessus une bande argentée avec les noms des mois. La cimaise tourne au moyen du mécanisme de la pendule et sur le plan des instruments minus. cules d'astronomie à mouvement mécanique. Pièce de curiosité très intéressante. Empire.

Haut. M. 0.33-

Voir illustration, planche 49.",documents/BO0624_4399
572,525,"DIANE avec les nymphes au bain surprise par Actéon. Petit bas-relief rectangulaire en cire, renfermé dans un cadre en bois doré. Travail français. Louis XVI.","525. DIANE avec les nymphes au bain surprise par Actéon. Petit bas-relief rectangulaire en cire, renfermé dans un cadre en bois doré. Travail français. Louis XVI.

Larg. M. 0.15 X 0.12.",documents/BO0624_4399
573,526,"CHRIST en bronze, croix en bois verni noir. XVIIe siècle.","526. CHRIST en bronze, croix en bois verni noir. XVIIe siècle.

Haut du Christ, M. 0.40.",documents/BO0624_4399
574,527,"Ecce HoMo. Miniature sur parchemin dans un ovale en métal doré avec ornements gravés à la pointe, placé dans un cadre en ébène, enrichi de fins ornements en métal doré. XVIIe siècle.","527. Ecce HoMo. Miniature sur parchemin dans un ovale en métal doré avec ornements gravés à la pointe, placé dans un cadre en ébène, enrichi de fins ornements en métal doré. XVIIe siècle.

Haut. M. 0.30 - Larg. M. 0.25.",documents/BO0624_4399
575,528,"CENTRE DE SURTOUT de table en bronze doré. Sur une base circulaire décorée de petits Amours tenant des guirlandes de fleurs surmontées de palmettes, trois Bacchantes, la tête couronnée de pampres, la poitrine à demi couverte d'un peau de lion dansent, tenant le thyrse dans la main droite et de la gauche soutenant une grande corbeille ajourée. Époque: Empire.","528. CENTRE DE SURTOUT de table en bronze doré. Sur une base circulaire décorée de petits Amours tenant des guirlandes de fleurs surmontées de palmettes, trois Bacchantes, la tête couronnée de pampres, la poitrine à demi couverte d'un peau de lion dansent, tenant le thyrse dans la main droite et de la gauche soutenant une grande corbeille ajourée. Époque: Empire.

Haut. M. 0.64.",documents/BO0624_4399
576,529,CHRIST sculpté en ivoire sur la croix en bois noir avec garniture en argent.,"529. CHRIST sculpté en ivoire sur la croix en bois noir avec garniture en argent.

Haut du Christ, M. o.30.",documents/BO0624_4399
577,530,"MARTEAU en agate saphirine ayant servi à un Pape pour la cérémonie de l'ouverture de la Porte Sainte. Étui recouvert de peau rouge avec ornements au petit fer, dorés. bis. TÊTE DE JUPITER, couronné de laurier, presque de face. Camée ovale, de relief très fort, en jaspe jaune fleuri.","530. MARTEAU en agate saphirine ayant servi à un Pape pour la cérémonie de l'ouverture de la Porte Sainte. Étui recouvert de peau rouge avec ornements au petit fer, dorés.

Long. M. 0.15 - Larg. M. 0 14.

Voir illustration, planche 48.

## DOMINIQUE DES CAMÉES.

(XVI° siècle). - 530 bis. TÊTE DE JUPITER, couronné de laurier, presque de face. Camée ovale, de relief très fort, en jaspe jaune fleuri.

Haut. 0.04.",documents/BO0624_4399
578,531,"COUPE basse, circulaire en cuivre gravé, décorée au pourtour d'ornements de style oriental et de deux écussons avec armoiries. Traces d'argenture. Travail vénitien. XVIe siècle.","531. COUPE basse, circulaire en cuivre gravé, décorée au pourtour d'ornements de style oriental et de deux écussons avec armoiries. Traces d'argenture. Travail vénitien. XVIe siècle.

Diam. M. o.18 - Haut. M. 0 07.

Voir illustration, planche 45.",documents/BO0624_4399
579,532,"Érur en cuir noir à ornements dorés, et contenant six couteaux de table, dont deux avec manches en nacre et les autres en écaille, se terminant par une tête de griffon en corail. Travail vénitien. XVIII® siècle.","532. Érur en cuir noir à ornements dorés, et contenant six couteaux de table, dont deux avec manches en nacre et les autres en écaille, se terminant par une tête de griffon en corail. Travail vénitien. XVIII® siècle.
## Meubles.",documents/BO0624_4399
580,533,"CoFFRE en noyer à couvercle plat, reposant sur quatre pieds griffes de lion. La façade est décorée de rinceaux feuillus, de une armoiries au milieu et de feuilles d'acanthe aux angles.","533. CoFFRE en noyer à couvercle plat, reposant sur quatre pieds griffes de lion. La façade est décorée de rinceaux feuillus, de une armoiries au milieu et de feuilles d'acanthe aux angles.

Long. 1.74 - Haut. 0.67. Voir illustration, planche 56.",documents/BO0624_4399
581,534,"DEUX GLACES en bois sculpté et doré à double encadrement, le fronton et la base également à fond de glace. Décoration de cariatides, des sphinx, volutes, feuillages et fleurs. Louis XIV.","534. DEUX GLACES en bois sculpté et doré à double encadrement, le fronton et la base également à fond de glace. Décoration de cariatides, des sphinx, volutes, feuillages et fleurs. Louis XIV.

M. 1.48 X 1.85.",documents/BO0624_4399
582,535,"CADRE en bois. Groupes d'enfants et aux coins des bouquets de fleurs encadrés par des ornements noirs, le tout peint en couleurs sur fond or. XVIe siècle.","535. CADRE en bois. Groupes d'enfants et aux coins des bouquets de fleurs encadrés par des ornements noirs, le tout peint en couleurs sur fond or. XVIe siècle.

M. 0.32 X 0.46.",documents/BO0624_4399
583,536,"CHAISE À PORTEUR, en bois. Des panneaux avec de jolis et délicats ornements en peinture polycrome sur fond or, genre Berain, décorent toute la partie extérieure. Chaque panneau est renfermé dans des encadrements en bois dorés et sculptés. À l'intérieur doublure en brocatelle verte. Louis XV.","536. CHAISE À PORTEUR, en bois. Des panneaux avec de jolis et délicats ornements en peinture polycrome sur fond or, genre Berain, décorent toute la partie extérieure. Chaque panneau est renfermé dans des encadrements en bois dorés et sculptés. À l'intérieur doublure en brocatelle verte. Louis XV.

M. 1.70 X 0.68.",documents/BO0624_4399
584,537,"TROIS CHAISES à haut dossier, en noyer sculpté, recouvertes en cuir de Cordoue repoussé, à personnages, rinceaux feuillagés et fleurs, garnies de clous en cuivre.","537. TROIS CHAISES à haut dossier, en noyer sculpté, recouvertes en cuir de Cordoue repoussé, à personnages, rinceaux feuillagés et fleurs, garnies de clous en cuivre.

Travail portugais. Louis XV. Provenant de la collection Villegas.

Haut. M. I.30.",documents/BO0624_4399
585,538,"COFFRET en ébène et écaille, au centre une niche entre deux colonnes et au milieu une statue en bois sculpté représentant la Vierge et l'Enfant Jésus. Tablesupport en bois noir à quatre pieds tournés. bis. QUATRE FAUTEUILS en noyer, accotoirs à volute, siège et dossier garnis en damas rouge. XVIIe siècle.","538. COFFRET en ébène et écaille, au centre une niche entre deux colonnes et au milieu une statue en bois sculpté représentant la Vierge et l'Enfant Jésus. Tablesupport en bois noir à quatre pieds tournés.

Le cabinet, M. 1.05 X 0.63. La table, M. 1.05 X 0.78. Vour lustration, planche 57· - 538 bis. QUATRE FAUTEUILS en noyer, accotoirs à volute, siège et dossier garnis en damas rouge. XVIIe siècle.",documents/BO0624_4399
586,539,"TROIS CADREs vénitiens dont deux formant pendant, plaqués de petites glaces et de tortillons en verre, avec garniture en métal doré.","539. TROIS CADREs vénitiens dont deux formant pendant, plaqués de petites glaces et de tortillons en verre, avec garniture en métal doré.

Un, M. 0.48 X 0.40. Deux, M. 0.30 X 0.25.",documents/BO0624_4399
587,540,"SECRÉTAIRE en noyer. Décoré de marqueterie, arabesques, feuillage et fleurs en bois coloriés. Travail de Maggiolini. Empire. bis, MEUBLE artistique en noyer sculpté. Au dessus d'un soubassement décoré de mascarons se dressent deux cariatides fantastiques en haut relief supportant un entablement ayant la frise et les moulures très richement sculptées. XVIe siècle.","540. SECRÉTAIRE en noyer. Décoré de marqueterie, arabesques, feuillage et fleurs en bois coloriés. Travail de Maggiolini. Empire.

M. 1.50 X 0.80. - 540 bis, MEUBLE artistique en noyer sculpté. Au dessus d'un soubassement décoré de mascarons se dressent deux cariatides fantastiques en haut relief supportant un entablement ayant la frise et les moulures très richement sculptées. XVIe siècle.

Haut 1.12 - Long. 1.50.

our mustration. manche 50.
## SEPTIÈME VENTE

## Dimanche 27 Avril à 15 heures précises

## Armes.",documents/BO0624_4399
588,541,"CORSELET en fer, à quatre pièces articulées, imbriquées de bas en haut. Travail","541. CORSELET en fer, à quatre pièces articulées, imbriquées de bas en haut. Travail

Haut. M. 0.35.

- italien. XVIe siècle.",documents/BO0624_4399
589,542,PETIT TROMBLON. Le fût et la crosse sont incrustés de nacre et d'ivoire. XVII® siècle. Allemagne.,"542. PETIT TROMBLON. Le fût et la crosse sont incrustés de nacre et d'ivoire. XVII® siècle. Allemagne.

Long. M. 0.78.",documents/BO0624_4399
590,543,"PAIRE DE PISTOLETS. La monture de bois de noyer est entièrement décorée de rinceaux et ornements variés incrustés d'argent, et d'appliques aussi d'argent décou- pés à jour, représentant des feuillages et des trophées. Les canons, vers la culasse et vers la gueule portent quelques ornements sculptés et dorés. Sur les platines la signature: Vasselon. Cadet. Marseille.","543. PAIRE DE PISTOLETS. La monture de bois de noyer est entièrement décorée de rinceaux et ornements variés incrustés d'argent, et d'appliques aussi d'argent décou- 2. pés à jour, représentant des feuillages et des trophées. Les canons, vers la culasse et vers la gueule portent quelques ornements sculptés et dorés. Sur les platines la signature: Vasselon. Cadet. Marseille.

Voir illustration, planche 53.

Long. M. 0.41.",documents/BO0624_4399
591,544,PERTUISANE. La lame est décorée d'un mascaron gravé. Travail allemand. XVII°,"544. PERTUISANE. La lame est décorée d'un 2. mascaron gravé. Travail allemand. XVII°

Long: de la lame M. 0.56.

PETITE PERTUISANE offrant sur les deux faces de la lame des armoiries. Travail italien. XVIIe siècle.

Long. de la lame M. 0.23.",documents/BO0624_4399
592,545,"ÉPÉE DE CEINTURE. La poignée se compose de quillons droits, d'un garde-main rejoignant le pommeau et de branches saillantes developpées devant la sous-garde et au dessus du pas d'âne. La lame est à double cannelure dans toute sa longueur. Travail italien. XVIe siècle.","545. ÉPÉE DE CEINTURE. La poignée se compose de quillons droits, d'un garde-main rejoignant le pommeau et de branches saillantes developpées devant la sous-garde et au dessus du pas d'âne. La lame est à double cannelure dans toute sa longueur. Travail italien. XVIe siècle.

Long. tot. 1.18.",documents/BO0624_4399
593,546,"CORSELET, dossière, épaulières, cubitières et garde-bras en fer poli, bords dorés. X VIe siècle.","546. CORSELET, dossière, épaulières, cubitières et garde-bras en fer poli, bords dorés. 2. X VIe siècle.",documents/BO0624_4399
594,547,PAIRE D'ÉTRIERS en bronze. Sur les sus des cannelures. Travail italien. XVI°,"547. PAIRE D'ÉTRIERS en bronze. Sur les sus des cannelures. Travail italien. XVI°

Haut. M. 0.16 - Larg. M. o.12. Voir illustration, planche 53.

- branches un vase avec fleurs et au dessiècle.

PAIRE D'ÉTRIERS en bronze argenté. Sur les branches ornements à rocaille. Travail italien. XVIIIe siècle.

Haut. M. 0.14 - Larg. M. 0.12.",documents/BO0624_4399
595,548,"ARQUEBUSE À PIERRE. Le canon taillé à pans vers la culasse ornée d'un mascaron sculpté, porte deux plaques de mire en argent repoussé. Le fût et la crosse richement sculptés de feuillages, petits Amours et mascarons, sont décorés d'ornements en fer découpé et gravé. La platine et la sous-garde sont ornées de têtes","548. ARQUEBUSE À PIERRE. Le canon taillé 2. à pans vers la culasse ornée d'un mascaron sculpté, porte deux plaques de mire en argent repoussé. Le fût et la crosse richement sculptés de feuillages, petits Amours et mascarons, sont décorés d'ornements en fer découpé et gravé. La platine et la sous-garde sont ornées de têtes
d'hommes et d'animaux fantastiques et de rinceaux en partie gravés et en partie sculptés. Sur le sabot les initiales G. S. et la date 1788. Travail espagnol.

Long. 1.38.",documents/BO0624_4399
596,549,"MoRION en fer décoré sur le timbre et sur la crête de bandes de rinceaux gravés en creux. Manque la visière. Travail italien. XVIe siècle. bis. POMMEAU D'ÉPÉE en fer noirci, de forme ovoïde, avec quatre petits médaillons ovales en relief, orné de rinceaux et fleurettes d'argent incrusté à l'agemina. Travail italien. XVIe siècle.","549. MoRION en fer décoré sur le timbre et sur la crête de bandes de rinceaux gravés en creux. Manque la visière. Travail italien. XVIe siècle.

Haut. M. 0.26 - Diam. M. 0.20. - 549bis. POMMEAU D'ÉPÉE en fer noirci, de forme ovoïde, avec quatre petits médaillons ovales en relief, orné de rinceaux et fleurettes d'argent incrusté à l'agemina. Travail italien. XVIe siècle.

Haut. 0.07.

## Bronzes.",documents/BO0624_4399
597,550,"PETIT MORTIER en bronze, décoré tout au tour d'une file de petits arceaux gothiques. Belle patine foncée. XVe siècle.","550. PETIT MORTIER en bronze, décoré tout au tour d'une file de petits arceaux gothiques. Belle patine foncée. XVe siècle.

Haut. M. 0.10 - Diam. M. 0.13.",documents/BO0624_4399
598,551,"DEUX LIONS « supports », la tête redressée et les yeux fixés en sens contraire. Bronze d'une superbe patine brune, d'une remarquable finesse et d'une parfaite conservation. XVe siècle.","551. DEUX LIONS « supports », la tête redressée et les yeux fixés en sens contraire. Bronze d'une superbe patine brune, d'une remarquable finesse et d'une parfaite conservation. XVe siècle.

Voir illustration, planche 43.",documents/BO0624_4399
599,552,HIPPOGRYFFE en bronze; sur base ronde. Patine verte foncée. XVIe siècle.,"552. HIPPOGRYFFE en bronze; sur base ronde. Patine verte foncée. XVIe siècle.

Haut. M. o.16. Voir illustration, planche 43.",documents/BO0624_4399
600,553,"SATYRE à pieds de bouc, marchant. Statuette sur base triangulaire en bronze, orné sur le bord de palmettes en relief. La statue est de belle patine brune. XVI® siecle.","553. SATYRE à pieds de bouc, marchant. Statuette sur base triangulaire en bronze, orné sur le bord de palmettes en relief. La statue est de belle patine brune. XVI® siecle.

Voir illustration, planche 42.

Haut. M. 0.22.

FAUNESSE assise, à gauche un petit faune en pied. Groupe en bronze, patine brune. XVIe siècle.

Voir illustration, planche 42.

Haut. M. 0.16.",documents/BO0624_4399
601,554,"MORTIER en bronze décoré tout au tour de festons, couronnes, têtes d'anges, vases et animaux en relief. Patine foncée. XVIe siècle.","554. MORTIER en bronze décoré tout au tour de festons, couronnes, têtes d'anges, vases et animaux en relief. Patine foncée. XVIe siècle.

Haut. M. o.15 - Diam. M. 0.16",documents/BO0624_4399
602,555,"JUPITER nu, en pied, tenant le foudre dans la main droite. Statuette en bronze, patine brune. XVIIe siècle.","- 555- JUPITER nu, en pied, tenant le foudre dans la main droite. Statuette en bronze, patine brune. XVIIe siècle.

Haut. M. 0.20 Voir illustration, planche 43.",documents/BO0624_4399
603,556,"TROIS POMMEAUX en bronze pour rampe d'escalier, forme de vase, ornés de godrons et de palmettes en relief. Patine foncée. XVIe siècle.","556. TROIS POMMEAUX en bronze pour rampe d'escalier, forme de vase, ornés de godrons et de palmettes en relief. Patine foncée. XVIe siècle.

Haut. M. 0.24. Voir illustration, planche 43.

## Objets de fouilles.",documents/BO0624_4399
604,557,MIROIR étrusque avec figures gravées; le manche à ornements en relief terminé par une tête de bélier.,"557. MIROIR étrusque avec figures gravées; le manche à ornements en relief terminé par une tête de bélier.

Diam. M. 0.12 - Long. M. 0.26.",documents/BO0624_4399
605,558,"L'ABONDANCE. Statuette en bronze, patine verte.","558. L'ABONDANCE. Statuette en bronze, patine verte.

Haut. M. 0.115.",documents/BO0624_4399
606,559,AvANT-BRAS droit plus grand que nature provenant d'une statue en bronze doré de l'époque impériale romaine. Belle patine verte émaillée avec traces de dorure.,"559. AvANT-BRAS droit plus grand que nature provenant d'une statue en bronze doré de l'époque impériale romaine. Belle patine verte émaillée avec traces de dorure.

vour mustration, planche 40.

Long. M. 0.55.",documents/BO0624_4399
607,560,"FIGURE étrusque en bronze, marchant, coiffée d'un très haut tutulus, le corps recouvert d'une tunique ouverte sur le côté gauche, les jambes et les bras nus. Patine verdâtre. Base circulaire en bois noir..","560. FIGURE étrusque en bronze, marchant, coiffée d'un très haut tutulus, le corps recouvert d'une tunique ouverte sur le côté gauche, les jambes et les bras nus. Patine verdâtre. Base circulaire en bois noir..

Haut. de la figure M. 0.42.",documents/BO0624_4399
608,561,"VÉNUS Anadyomène nue, debout pres- sant de sa main gauche sa chevelure humide. Base circulaire. Patine verte. Haut. M. o 23.","561. VÉNUS Anadyomène nue, debout pres- 2. sant de sa main gauche sa chevelure humide. Base circulaire. Patine verte. Haut. M. o 23.",documents/BO0624_4399
609,562,"SYMPOSIUM. Trois personnages sont étendus, chacun sur un kliné, celui du milieu élève dans la main droite un rhyton, les autres deux tiennent dans une main le calatus et de l'autre donnent à manger, un à un coq l'autre à un serpent. Au milieu du triclinium qui est orné de guirlandes de fleurs le cilibantum avec deux esclaves de chaque côté; à gauche un candélabre avec deux torches allumées. À la partie inférieure un focarius place du bois dans un réchaud et un peu plus loin une amphore placée sur un trépied. Fragment de bas-relief en marbre grec. Étrusque. IlIe siècle av. C.","562. SYMPOSIUM. Trois personnages sont étendus, chacun sur un kliné, celui du milieu élève dans la main droite un rhyton, les autres deux tiennent dans une main le calatus et de l'autre donnent à manger, un à un coq l'autre à un serpent. Au milieu du triclinium qui est orné de guirlandes de fleurs le cilibantum avec deux esclaves de chaque côté; à gauche un candélabre avec deux torches allumées. À la partie inférieure un focarius place du bois dans un réchaud et un peu plus loin une amphore placée sur un trépied. Fragment de bas-relief en marbre grec. Étrusque. IlIe siècle av. C.

Voir illustration, blanche 41.",documents/BO0624_4399
610,563,"FoND de patère chrétienne avec quatre bustes, de face, drapés, représentant un homme, une femme et deux enfants. Au milieu et en haut le signe *. La dorure est prise dans le verre. Époque IVe siècle. Diam. M. 0.078. bis. FOND de patère avec deux bustes do-","563. FoND de patère chrétienne avec quatre bustes, de face, drapés, représentant un homme, une femme et deux enfants. Au milieu et en haut le signe *. La dorure est prise dans le verre. Époque IVe siècle. Diam. M. 0.078.

Voir illustration, planche 48. - 563 bis. FOND de patère avec deux bustes do-
- rés dans l'épaisseur du verre, dont l'un représente un personnage couronné, l'autre une femme, les cheveux frisés, la poitrine recouverte d'une draperie agrafée sur l'épaule gauche. Epoque VIIIe siècle. Diam. M. 0.07.

Voir illustration, planche 48.",documents/BO0624_4399
611,564,"PATÈRE CHRÉTIENNE en verre translucide, offrant au centre une figure de martyr, debout, une palme à gauche, la tête nimbée, tournée à droite regardant une femme inclinant la tête devant lui. Deux bandes d'ornements autour du médaillon central et sur le bord de la patère. e siècle. Pièce d'extrême rareté.","564. PATÈRE CHRÉTIENNE en verre translucide, offrant au centre une figure de martyr, debout, une palme à gauche, la tête nimbée, tournée à droite regardant une femme inclinant la tête devant lui. Deux bandes d'ornements autour du médaillon central et sur le bord de la patère. IIIe siècle. Pièce d'extrême rareté.

Voir illustration, planche 48.

Diam. M. 0.24.

## Faïences et porcelaines.",documents/BO0624_4399
612,565,PETITE ASSIETTE à bord étroit. Au centre Saint Jean baptisant Jésus. Sur le marli une succession de roses blanches et une armoiries. Atelier de Grue. Première moitié du XVIIe siècle.,"565. PETITE ASSIETTE à bord étroit. Au centre Saint Jean baptisant Jésus. Sur le marli une succession de roses blanches et une armoiries. Atelier de Grue. Première moitié du XVIIe siècle.

Diam. M. 0.19.",documents/BO0624_4399
613,566,"PLAt à large bord décoré d'arabesques et d'une couronne de feuilles et de fruits couleur bleue. Au centre un trophée, de boucliers et de tambours. Au revers décor très simple, couleur bleue et au centre la marque de Cafaggiolo.","566. PLAt à large bord décoré d'arabesques et d'une couronne de feuilles et de fruits couleur bleue. Au centre un trophée, de boucliers et de tambours. Au revers décor très simple, couleur bleue et au centre la marque de Cafaggiolo.

Diam. M. 0.25.",documents/BO0624_4399
614,567,"QUATRE APPLIQUES à deux bras pour bougies, finement décorées de fruits et fleurs en couleurs sur fond blanc; le bord en relief, formant cadre, terminé à la partie sucoquille. Faïence de","567. QUATRE APPLIQUES à deux bras pour bougies, finement décorées de fruits et fleurs en couleurs sur fond blanc; le bord en relief, formant cadre, terminé à la partie sucoquille. Faïence de

Haut. M. 0.63.

- périeure par une Faenza, fin du XVIIe siècle.",documents/BO0624_4399
615,568,SERVICE DE TABLE en porcelaine blanche à fleurs et différents dessins en bleu. Vieux I pièces.,"568. SERVICE DE TABLE en porcelaine blanche à fleurs et différents dessins en bleu. Vieux
- Japon.
- conde moitié du XVe siècle. 8I pièces.",documents/BO0624_4399
616,569,PLAT à large bord et ombilic saillant. Sur le marli godrons à hélice ornés de petites fleurs et de petites étoiles. Décor bleu et or à reflets métalliques. Siculo-arabe. Se-,"569. PLAT à large bord et ombilic saillant. Sur le marli godrons à hélice ornés de petites fleurs et de petites étoiles. Décor bleu et or à reflets métalliques. Siculo-arabe. Se-

Voir illustration, planche 33.

Diam. M. 0.39.",documents/BO0624_4399
617,570,LA VIERGE ET L'ENFANT. Brique émaillée en couleurs et en relief. Majolique de Faenza. XVIe siècle.\_,"570. LA VIERGE ET L'ENFANT. Brique émaillée en couleurs et en relief. Majolique de Faenza. XVIe siècle.\_

Haut. M. 0.45 X 0.34.",documents/BO0624_4399
618,571,"PETIT PLAT CREUX à large bord. Au centre un amour, sur le bord de magnifiques ornements à très vifs reflets de rubis et nacre sur fond bleu sombre. L'or-","571. PETIT PLAT CREUX à large bord. Au centre un amour, sur le bord de magnifiques ornements à très vifs reflets de rubis et nacre sur fond bleu sombre. L'or-
nementation du marli de ce plat est identique à celle du plat signé maestro Giorgio Andreoli 1527, offert par S. M. le Roi Umberto I au Musée artistique-industriel de Rome, par conséquent on peut affirmer que il est une œuvre de Mastro Giorgio.

Voir illustration, planche 33.

Diam. M. 0.25.",documents/BO0624_4399
619,572,"PETIT PLAT rond. Au centre un écusson surmonté d'un casque, tout au tour des fleurs et de feuilles. Décor bleu, vert, jaune et rouge sur fond blanc. Au verso des cercles concentriques, bleu sur fond clair. Cafaggiolo.","572. PETIT PLAT rond. Au centre un écusson surmonté d'un casque, tout au tour des fleurs et de feuilles. Décor bleu, vert, jaune et rouge sur fond blanc. Au verso des cercles concentriques, bleu sur fond clair. Cafaggiolo.

Diam. M. 0.235.",documents/BO0624_4399
620,573,"ASSIETTE creuse à large bord. Décor bleu et chamois à reflets nacrés. Au centre ombilic, légèrement saillant sur lequel une rosace à quatre pétales. Sur le marli fleurs et triangles alternés. Fab. de Deruta. Epoque : vers 1520.","573. ASSIETTE creuse à large bord. Décor bleu 2. et chamois à reflets nacrés. Au centre ombilic, légèrement saillant sur lequel une rosace à quatre pétales. Sur le marli fleurs et triangles alternés. Fab. de Deruta. Epoque : vers 1520.

Diam. M. 0.205.

Voir illustration, planche 33.",documents/BO0624_4399
621,574,"ÉTUI contenant un service à café et à thé, composé de douze tasses avec soucoupes, une cafetière, un bol, un petit plat pour biscuits, une boîte à thé, un sucrier, un pot à lait et une théière, en porcelaine blanche à fleurs en couleurs rehaussées d'or. Vieux Saxe.","574. ÉTUI contenant un service à café et à 2. thé, composé de douze tasses avec soucoupes, une cafetière, un bol, un petit plat pour biscuits, une boîte à thé, un sucrier, un pot à lait et une théière, en porcelaine blanche à fleurs en couleurs rehaussées d'or. Vieux Saxe.

## Tableaux et dessins.

## ÉCOLE VÉNITIENNE.",documents/BO0624_4399
622,575,"PORTRAIT DE DAME vénitienne à demie figure, debout, regardant presque de face, avec une coiffure très original. Peinture sur toile. Cadre en bois sculpté et doré.","575. PORTRAIT DE DAME vénitienne à demie figure, debout, regardant presque de face, avec une coiffure très original. Peinture sur toile. Cadre en bois sculpté et doré.

Haut. M. 1.38 - Long. M. 0.90.

## JEAN LANFRANCO.

(1581-1647).",documents/BO0624_4399
623,576,"LA DESCENTE DU SAINT ESPRIT. La Vierge, au centre, agenouillée est entourée des Apôtres qui attendent la descente du Saint Esprit. Composition admirable pour la parfaite exécution et la savante distribution de la lumière. Cadre en bois doré à grandes feuilles sculptées. bis RETABLE décoré de demi colonnes sou-","576. LA DESCENTE DU SAINT ESPRIT. La Vierge, au centre, agenouillée est entourée des Apôtres qui attendent la descente du Saint Esprit. Composition admirable pour la parfaite exécution et la savante distribution de la lumière. Cadre en bois doré à grandes feuilles sculptées.

Toile, Haut. M. 1.49 X 0.92.

## ÉCOLE FLORENTINE.

(XIVe siècle). - 576bis RETABLE décoré de demi colonnes sou-
- tenant des ogives encadrant cinq panneaux à fond doré. Dans celui du milieu est représentée la Madone avec l'Enfant Jésus, dans les autres l'Archange Saint Michel, Saint Jean, Saint Antoine et Saint Paul. Belle conservation.

Long. M. 1.93 - Haut. M. 1.40

Voir illustration, planche 3.

## LUCA LONGHI

(attribuée à) (1507-1580).",documents/BO0624_4399
624,577,ALLÉGORIE DE LA CHARITÉ. La Vierge tenant deux petits enfants sur les genoux regarde avec une pitié attendrie d'autres enfants qui se pressent autour d'elle. Belle composition. Peinture sur bois. Cadre en bois noir avec ornements de fruits sculptés,"577. ALLÉGORIE DE LA CHARITÉ. La Vierge tenant deux petits enfants sur les genoux regarde avec une pitié attendrie d'autres enfants qui se pressent autour d'elle. Belle composition. Peinture sur bois. Cadre en bois noir avec ornements de fruits sculptés

Haut. M. 0.80 X 0.56",documents/BO0624_4399
625,578,PORTRAIT DE DAME (demi corps) assise,578. PORTRAIT DE DAME (demi corps) assise,documents/BO0624_4399
626,2,"devant une petite table sur laquelle on voit un livre. Regarde le spectateur presque de face. Les cheveux sur lesquels pose un diadème, ornées de perles et d'un gros rubis, sont légèrement relevés. Le corsage décolleté est garni de dentelles et de pierreries. Cadre en bois doré avec ornements sculptés.","2. devant une petite table sur laquelle on voit un livre. Regarde le spectateur presque de face. Les cheveux sur lesquels pose un diadème, ornées de perles et d'un gros rubis, sont légèrement relevés. Le corsage décolleté est garni de dentelles et de pierreries. Cadre en bois doré avec ornements sculptés.

Toile. M. 0.90 X 0.75
## ECOLE DE P. BORDONE.",documents/BO0624_4399
627,570,"PORTRAIT du patricien ventien ean ca nal a demi corps, tourné de trois quarts a droite, vetu de grande robe rouge; la main droite pose sur l'appui d'une fenêtre ouverte. En haut, a droite, l'inscription : IOANNES CANALIS MDLXXXX AEQUES. Cadre en bois doré surmonté d'un mascaron et orne de volutes.","570. PORTRAIT du patricien ventien ean ca nal a demi corps, tourné de trois quarts a droite, vetu de grande robe rouge; la main droite pose sur l'appui d'une fenêtre ouverte. En haut, a droite, l'inscription : IOANNES CANALIS MDLXXXX AEQUES. Cadre en bois doré surmonté d'un mascaron et orne de volutes.

Toile. Haut. M. 1.15 X 0.98

## JACOUES BERTUCCI.

A Vie siecle).",documents/BO0624_4399
628,580,"LE COURONNEMENT DE LA VIERGE. Ce panneau de forme semi-circulaire surmon tait le grand retable formé de cing panneaux, pents par bertucc, de la chapelle érigée en 1508 par les Comtes Mengolini dans leghse annexe au monastere de SteCatherine de Faenza, supprime à l'époque de Napoléon ler. Le panneau central, re presentant l'Epiphanie, fut vendu en ce temps par l'acquereur du couvent et de l'église, Camille Bertoni, au Musée de Berlin ou il a été catalogué sous le nom de Pinturicchio, jusqu'à peu d'années arrière quand le prot. Bode, directeur du susdit Musée, depuis avoir examinés les deux panneaux laterales, representant St. Jean et Sainte Marie Madeleine, conserves dans la Pinacothèque de Faenza et le panneau dont il s'agit, a reconnu qu'il fallait rendre au tableau de Berlin le nom de son auteur. Le panneau qu'a présent on met en vente appartenat depuis longtemps a la tamille Guidi, et il est sans contredit supérieur aux autres du retable par la composition la pureté du dessin, le modele des figures et la vivacité du coloris.","580. LE COURONNEMENT DE LA VIERGE. Ce panneau de forme semi-circulaire surmon tait le grand retable formé de cing panneaux, pents par bertucc, de la chapelle érigée en 1508 par les Comtes Mengolini dans leghse annexe au monastere de SteCatherine de Faenza, supprime à l'époque de Napoléon ler. Le panneau central, re presentant l'Epiphanie, fut vendu en ce temps par l'acquereur du couvent et de l'église, Camille Bertoni, au Musée de Berlin ou il a été catalogué sous le nom de Pinturicchio, jusqu'à peu d'années arrière quand le prot. Bode, directeur du susdit Musée, depuis avoir examinés les deux panneaux laterales, representant St. Jean et Sainte Marie Madeleine, conserves dans la Pinacothèque de Faenza et le panneau dont il s'agit, a reconnu qu'il fallait rendre au tableau de Berlin le nom de son auteur. Le panneau qu'a présent on met en vente appartenat depuis longtemps a la tamille Guidi, et il est sans contredit supérieur aux autres du retable par la composition la pureté du dessin, le modele des figures et la vivacité du coloris.

Haut. M. 1.20 - Long. M. 2.50

Voir illustration, blanche 6.",documents/BO0624_4399
629,580,bis. PoRTRAIT de jeune femme poète. Pastel. Cadre en bois sculoté et doré.,"580bis. PoRTRAIT de jeune femme poète. Pastel. Cadre en bois sculoté et doré.

Haut. M. 0.65 X 0.52

vour wustration, planche 21.

(Alessandro Fihpepi).

(1447-1515).",documents/BO0624_4399
630,58,"I. LA VIERGE ET L'ENFANT JESUS. La Vierge est representée a mi corps sur un siege bas, la tête couverte d'un léger voile qui retombe sur son front et sur ses epaules, vetue d'une robe rouge a manches collantes, serrée à la taille par une echarpe et dun manteau bleu fermé sur la poitrine. Ses regards s'abaissent tendrement sur le divin Fils qu'elle soutient sur ses genoux, vetu dune chemisette blanche. Fond de paysage montagneux dans leloignement. lableau tres precieux Cadre en bois dore","- 58I. LA VIERGE ET L'ENFANT JESUS. La Vierge est representée a mi corps sur un siege bas, la tête couverte d'un léger voile qui retombe sur son front et sur ses epaules, vetue d'une robe rouge a manches collantes, serrée à la taille par une echarpe et dun manteau bleu fermé sur la poitrine. Ses regards s'abaissent tendrement sur le divin Fils qu'elle soutient sur ses genoux, vetu dune chemisette blanche. Fond de paysage montagneux dans leloignement. lableau tres precieux Cadre en bois dore

Bois. Haut. M. o.40. - Larg. M. o.73

vow illustration, planche r.

## LUCA LONGHI.",documents/BO0624_4399
631,1507,1500).,1507-1500).,documents/BO0624_4399
632,502,"NOCES DE SAINTE CATHERINE. La Madone, assise, tient sur les genoux l'Entant jesus qui présente l'anneau nuptial à Sainte Catherine agenouillée devant Lui: la mam gauche de la Sainte pose sur la roue du martyre. saint joseph. debout, derrière la Madone contemple le mariage mystique. Lenture de la belle maniere de Luca Longhi. Beau cadre en bois dore avec pampres et grappes de raisin sculptes et ajoures.","502. NOCES DE SAINTE CATHERINE. La Madone, assise, tient sur les genoux l'Entant jesus qui présente l'anneau nuptial à Sainte Catherine agenouillée devant Lui: la mam gauche de la Sainte pose sur la roue du martyre. saint joseph. debout, derrière la Madone contemple le mariage mystique. Lenture de la belle maniere de Luca Longhi. Beau cadre en bois dore avec pampres et grappes de raisin sculptes et ajoures.

Toile. M. 0.60 X 0.50.

Voir illustration, blanche 13.

## ANDRE DE MILAN

(XIV-XVe siécle).",documents/BO0624_4399
633,583,"SAINT JEAN (demi corps). Bien modele, tin colors. Cadre dore.","583. SAINT JEAN (demi corps). Bien modele, tin colors. Cadre dore.

Bois. Haut. 058 X 0.15.

vow illustration, planche 1r.
## SIR JOSHUA REYNOLDS

(1723-1792.",documents/BO0624_4399
634,584,"PORTRAIT D'ENFANT de trois quarts, avec petites fleurs dans les cheveux, caressan un petit chien accroupi auprès d'elle Dans ce tableau ce qui frappe à première vue c'est la scrupuleuse imitation de la nature ce qui a toujours distingue ce maitre. Sur tolle. Riche cadre sculpte et dore.","584. PORTRAIT D'ENFANT de trois quarts, avec petites fleurs dans les cheveux, caressan un petit chien accroupi auprès d'elle Dans ce tableau ce qui frappe à première vue c'est la scrupuleuse imitation de la nature ce qui a toujours distingue ce maitre. Sur tolle. Riche cadre sculpte et dore.

Haut. M. 0.74 X 0.62

vow wustration, planche 20.

## PIERRE ROTARI.

(1707-1762).",documents/BO0624_4399
635,505,"PORTRAIT DE JEUNE FILLE, à demi buste de face, avec coiffure haute, robe bleue a broderie d'or, en grand décolleté et manches garnies de dentelles. Illanledu en satin blanc tombant du côte droit: des fleurs dans la main gauche. Cadre sculpté et dore","505. PORTRAIT DE JEUNE FILLE, à demi buste de face, avec coiffure haute, robe bleue a broderie d'or, en grand décolleté et manches garnies de dentelles. Illanledu en satin blanc tombant du côte droit: des fleurs dans la main gauche. Cadre sculpté et dore

Toile. Haut. M. 0.61 X 0 45

## J. KIBERA

dit L'espagnolet: 1588-1656).",documents/BO0624_4399
636,58502,S. LA PIETE du Samaritain. Peinture sai sissante. Cadre en bois doré.,"58502S. LA PIETE du Samaritain. Peinture sai sissante. Cadre en bois doré.

Toile. Haut. M. L.35 - Larg. M. 1.95 Vour illustration, blanche 16

## LORENZO COSTA

(1530).",documents/BO0624_4399
637,586,SAINTE MARGUERITE. Avec la croix dans la main droite et un livre dans la mair gauche. Cadre en bois sculpté et doré,"586. SAINTE MARGUERITE. Avec la croix dans la main droite et un livre dans la mair gauche. Cadre en bois sculpté et doré

Bois. Haut. M. 0.82 X 0.51

## VITTORIO PISANELLO

XV° siècle).",documents/BO0624_4399
638,507,"LADORATION DES MAGES. Carton pour tapissere dune ordonnance très riche. re. présentant, l'arrivée des Mages à Bethleem, avec une nombreuse suite de per sonnages a cheval, de serviteurs, etc.","507. LADORATION DES MAGES. Carton pour tapissere dune ordonnance très riche. re. présentant, l'arrivée des Mages à Bethleem, avec une nombreuse suite de per sonnages a cheval, de serviteurs, etc.

L'exactitude de la perspective. le dessit soigne des figures, la perfection dan: l'exécution des animaux justifient l'attri bution de ce carton au fameux Pisanello

Dimensions, M. 2.70 X 1.14

## VAN DYCK ANT",documents/BO0624_4399
639,508,PORTRAIT d'une famille composée de deux temmes et deux hommes dont un en at mure de fer. Au crayon de charbon. Cadre en bois no1r,"508. PORTRAIT d'une famille composée de deux temmes et deux hommes dont un en at mure de fer. Au crayon de charbon. Cadre en bois no1r

Voir illustration, planche 23

M. 0.36 X 0.24

## REMBRANDT",documents/BO0624_4399
640,589,TOBIE ET L'ANGE. À la plume. Toli cadre en bois sculpté,"589. TOBIE ET L'ANGE. À la plume. Toli cadre en bois sculpté

M. o.1o Y 0.08

## DEL PIOMBO SEBAST",documents/BO0624_4399
641,590,"UNE SAINTE. Au crayon. Grand cadre en Dois noir. M. 0.12 X 0.25 Voir illustration, planche 23.","590. UNE SAINTE. Au crayon. Grand cadre en Dois noir. M. 0.12 X 0.25 Voir illustration, planche 23.

## GUARDI",documents/BO0624_4399
642,591,UNE VUE DU PONT DE RIALTO À VENISE A la plume. Grand cadre en bois doré.,"591. UNE VUE DU PONT DE RIALTO À VENISE A la plume. Grand cadre en bois doré.

M. 0.32 X 0.14

## CORkBaGle

a apres )",documents/BO0624_4399
643,592,LE MARIAGE mystique de Sainte Cathé rine. Cadre en bois doré,"592. LE MARIAGE mystique de Sainte Cathé rine. Cadre en bois doré

lolle. Maut. 1.22 - Larg. 1.00

## Sculptures",documents/BO0624_4399
644,593,"DEUX COLONNES en albâtre oriental, bases et chapiteaux en marbre de Carrare","593. DEUX COLONNES en albâtre oriental, bases et chapiteaux en marbre de Carrare

Haut. M. 1.56

## MAZZONT.",documents/BO0624_4399
645,594,"LA VIERGE AUX DOULEURS. Buste en terre cuite, polychrome, grandeur nature. Émouvante. XVe siècle","594. LA VIERGE AUX DOULEURS. Buste en terre cuite, polychrome, grandeur nature. Émouvante. XVe siècle

Voir illustration, planche 37.",documents/BO0624_4399
646,595,"DEUX COLONNES en marbre cipolin, bases en marbre de Carrare. 1000.","595. DEUX COLONNES en marbre cipolin, bases en marbre de Carrare.

Haut. M. 1.05

## JEAN BOLOGNE. 524-1000.",documents/BO0624_4399
647,596,"NEPTUNE. Le dieu nu, debout, la tête tournée vers la gauche, est dans un'attitude imposante et de la main gauche inclinée et portee en avant il fait un geste impé ratif et menaçant. ... Quos ego... comme dit Virgile. Statuette en terre cuite","596. NEPTUNE. Le dieu nu, debout, la tête tournée vers la gauche, est dans un'attitude imposante et de la main gauche inclinée et portee en avant il fait un geste impé ratif et menaçant. ... Quos ego... comme dit Virgile. Statuette en terre cuite

Haut. M. o.45.

Voir illustration, blanche 40.",documents/BO0624_4399
648,597,DEUX GAINES en marbres antiques. Haut. 1.40,"597. DEUX GAINES en marbres antiques. Haut. 1.40

## Étoffes et Tapis.",documents/BO0624_4399
649,598,"TOILES PEINTES. Six toiles et cinq panneaux peints a sue d'herbes, imitation tapisserie, sujets champetres a differentes couleurs. XVIIIe siècle.","598. TOILES PEINTES. Six toiles et cinq panneaux peints a sue d'herbes, imitation tapisserie, sujets champetres a differentes couleurs. XVIIIe siècle.

Dimensions différentes.",documents/BO0624_4399
650,599,"LAPIS DE SMIRNE en poils de chameau, au centre grande etolle et panneaux aux cotes renfermant fleurs, ramages et feuillages, des autres ornements du meme genre complètent la décoration du reste belle bordure a motives uniformes et à double encadrement. Le tout polverome.","599. LAPIS DE SMIRNE en poils de chameau, au centre grande etolle et panneaux aux cotes renfermant fleurs, ramages et feuillages, des autres ornements du meme genre complètent la décoration du reste belle bordure a motives uniformes et à double encadrement. Le tout polverome.

M. 4.30 X 1.90.",documents/BO0624_4399
651,600,"TENTURE en cuir de Cordoue a grand dessin de ramages et feuillages entremêles d'oiseaux à plusieurs couleurs, imprime sur fond chamois. XVIIe siècle mètres carrés.","600. TENTURE en cuir de Cordoue a grand dessin de ramages et feuillages entremêles d'oiseaux à plusieurs couleurs, imprime sur fond chamois. XVIIe siècle 60 mètres carrés.",documents/BO0624_4399
652,601,"601. LAMPAS a fond blanc avec festons, ramages, teuillages, fleurs et médaillons renferment des figures en couleur rouge","601. LAMPAS a fond blanc avec festons, ramages, teuillages, fleurs et médaillons renferment des figures en couleur rouge. A VIlle siecle.

M. 120

- /",documents/BO0624_4399
653,602,"602. VELOURS vert entièrement en soie. divisé en plusieurs les, largeur M. o.60.","602. VELOURS vert entièrement en soie. divisé en plusieurs les, largeur M. o.60.

M. 190",documents/BO0624_4399
654,603,"VELOURS rouge entièrement en soie, divisé en les: Largeur M. o.60.","603. VELOURS rouge entièrement en soie, divisé en les: Largeur M. o.60.

M. 90.",documents/BO0624_4399
655,604,"DAMAS en soie bleu ciel, dessin à palmes: Largeur M. 0.05.","604. DAMAS en soie bleu ciel, dessin à palmes: Largeur M. 0.05.

M. 120

## Meubles.",documents/BO0624_4399
656,605,"PETIT CABINET en ebene avec tiroirs de ditterentes grandeurs. décore d'incrusta tions en ivoire. La porte du milieu entre deux colonnes, soutenant une balustrade AVIl siecle.","605. PETIT CABINET en ebene avec tiroirs de ditterentes grandeurs. décore d'incrusta tions en ivoire. La porte du milieu entre deux colonnes, soutenant une balustrade AVIl siecle.

M. 0.75 X 0.47.

000. COFFRET en fer, de forme rectangulaire, à couvercle plat, il repose sur quatre boules. Des pilastres en balustres garnissent les angles. Des plaques de fer découpées à jour et superposées, ornées de fleurs et feulllages gravees et dorées décorent les panneaux. XVIe siècle.

Haut. M. 0.17 - Long. M. o 27. - Larg. M. o 15",documents/BO0624_4399
657,607,"COFFRET de forme rectangulaire à couvercle plat, recouvert de cuir brun foncé orné de feuillages, de lions et griffons gra ves. ravall venitien. Commencement du A Vie siècle.","607. COFFRET de forme rectangulaire à couvercle plat, recouvert de cuir brun foncé orné de feuillages, de lions et griffons gra ves. ravall venitien. Commencement du A Vie siècle.

Long. M. 0.52 - Larg. M. o.31 - Haut. M. 0.22",documents/BO0624_4399
658,608,"CADRE plaqué de glaces ornées de rin ceaux fleurs et feuillages ou se jouent de peuts Amours, dores. Des plaques gravees et en applique completent la décoration Iravall venitien du A Vle siècle.","608. CADRE plaqué de glaces ornées de rin ceaux fleurs et feuillages ou se jouent de peuts Amours, dores. Des plaques gravees et en applique completent la décoration Iravall venitien du A Vle siècle.

Haut. M. o.12 - Larg. M. 0.92",documents/BO0624_4399
659,609,"PETIT CABINET en bois de noyer, forme architectonique et à petits tiroirs. Au centre une niche entre deux colonnes, et au milieu une figure en bronze. Sur les côtés des cariatides de femmes portant des corbeilles de fleurs. XVIIe siècle.","609. PETIT CABINET en bois de noyer, forme architectonique et à petits tiroirs. Au centre une niche entre deux colonnes, et au milieu une figure en bronze. Sur les côtés des cariatides de femmes portant des corbeilles de fleurs. XVIIe siècle.

Voir illustration, planche 56.

M. 0.72 X 0.56.",documents/BO0624_4399
660,610,"DEUX ENCOIGNURES avec peintures, feuillages, fleurs et oiseaux sur fond jaune. Médaillon avec figures au centre. Louis XV.","610. DEUX ENCOIGNURES avec peintures, feuillages, fleurs et oiseaux sur fond jaune. Médaillon avec figures au centre. Louis XV.

M. 2.97 X 1.43",documents/BO0624_4399
661,611,"SECRÉTAIRE en bois de palissandre. Décoré de marqueterie, arabesques, ornements et paysage en bois coloriés. Tiroirs et rayons à l'intérieur. Travail de Maggiolini. Empire.","611. SECRÉTAIRE en bois de palissandre. Décoré de marqueterie, arabesques, ornements et paysage en bois coloriés. Tiroirs et rayons à l'intérieur. Travail de Maggiolini. Empire.

M. 1.58 X 0.95.",documents/BO0624_4399
662,612,"CADRE en bois sculpté et doré avec rinceaux feuillagés où se jouent des oiseaux, en relief. XVIe siècle.","- 612 CADRE en bois sculpté et doré avec rinceaux feuillagés où se jouent des oiseaux, en relief. XVIe siècle.

Haut. M. 0.70 - Long. M. 0.58.",documents/BO0624_4399
663,613,"FAUTEUIL en noyer à haut dossier, les bras se terminant à volute, les pieds reliés entr'eux par des traverses tournées. Le siège et le dossier sont recouverts de velours rouge contretaillé à petites fleurs. XVII® siecle.","613. FAUTEUIL en noyer à haut dossier, les bras se terminant à volute, les pieds reliés entr'eux par des traverses tournées. Le siège et le dossier sont recouverts de velours rouge contretaillé à petites fleurs. XVII® siecle.",documents/BO0624_4399
664,614,"DEUX SUITES DE QUATRE STALLES de chœur, en noyer, décorées sur les panneux, sur les traverses, sur les dossiers et sur les accotoirs de festons, feuilles et ornements variés en marqueterie de bois d'érable. Les panneaux sont séparés par des pilastres à cannelures qui soutiennent des modillons sur lesquels pose un'entablement à triglyphes. XVI® siècle. On vendra quatre stalles à la fois avec préférence.","614. DEUX SUITES DE QUATRE STALLES de chœur, en noyer, décorées sur les panneux, sur les traverses, sur les dossiers et sur les accotoirs de festons, feuilles et ornements variés en marqueterie de bois d'érable. Les panneaux sont séparés par des pilastres à cannelures qui soutiennent des modillons sur lesquels pose un'entablement à triglyphes. XVI® siècle. On vendra quatre stalles à la fois avec préférence.

Haut. de chaque stalle, M. 3.40. Larg. de chaque stalle, M. 2.30.

Voir illustration, planche 54.",documents/BO0624_4399
665,615,"CADRE en bois doré, décoré de moulures à ornements en relief, de deux pilastres en balustres, de feuillages et dauphins sur les parties latérales et d'un vase, surmonté d'un aigle au milieu de ramages, sur la partie inférieure. XVIe siècle.","615. CADRE en bois doré, décoré de moulures à ornements en relief, de deux pilastres en balustres, de feuillages et dauphins sur les parties latérales et d'un vase, surmonté d'un aigle au milieu de ramages, sur la partie inférieure. XVIe siècle.

Haut. M. 0.63 - Larg. M. 0.70.",documents/BO0624_4399
666,616,"LAMBRIS en noyer sculpté, formé de douze panneaux ayant au milieu un médaillon ovale, décoré tout au tour d'ornements de mascarons, de fleurs, de cornes d'abondance, de génies et de fruits, variés sur chaque panneau. Un pilastre terminé dans le haut d'une tete d'ange et surmonté d'une volute, divise les panneaux entr'eux. Fin du XVIe siècle. Le lot sera vendu à quatre panneaux à la fois avec préfé-","616. LAMBRIS en noyer sculpté, formé de douze panneaux ayant au milieu un médaillon ovale, décoré tout au tour d'ornements de mascarons, de fleurs, de cornes d'abondance, de génies et de fruits, variés sur chaque panneau. Un pilastre terminé dans le haut d'une tete d'ange et surmonté d'une volute, divise les panneaux entr'eux. Fin du XVIe siècle. Le lot sera vendu à quatre panneaux à la fois avec préfé-

Long. M. 6.80 - Haut. M. 1.68 Voir illustration, planche 54.",documents/BO0624_4399
667,617,"FAUTEUIL en bois peint bleu clair, richement sculpté et doré, recouvert en damas rouge. Louis XV.","617. FAUTEUIL en bois peint bleu clair, richement sculpté et doré, recouvert en damas 2. rouge. Louis XV.",documents/BO0624_4399
668,618,"CONSOLE en bois peint bleu clair, sculpté et doré. Dessus en albâtre. Louis XVI.","618. CONSOLE en bois peint bleu clair, sculpté et doré. Dessus en albâtre. Louis XVI.",documents/BO0624_4399
669,619,CABINET. La façade à petits tiroirs est recouverte de maroquin rouge décoré d'ornements dorés au petit fer. Travail italien. XVIe siècle.,"619. CABINET. La façade à petits tiroirs est recouverte de maroquin rouge décoré d'ornements dorés au petit fer. Travail italien. XVIe siècle.

Haut. M. 0.42 - Long. M. 0.75 - Larg. M. 0.38.

## Objets divers.",documents/BO0624_4399
670,620,"GROSSE MONTRE en cuivre doré. Le boitier est de cuivre découpé à jour, on y a représenté des fleurs et des feuillages finement gravées. Le cadran, sur lequel est rapporté un cercle d'argent, est décoré de fleurs gravées et est placé sous un verre bombé. Travail français. XVIIe siècle. Signé: Gregoire. Blois.","620. GROSSE MONTRE en cuivre doré. Le boitier est de cuivre découpé à jour, on y a représenté des fleurs et des feuillages finement gravées. Le cadran, sur lequel est rapporté un cercle d'argent, est décoré de fleurs gravées et est placé sous un verre bombé. Travail français. XVIIe siècle. Signé: Gregoire. Blois.

Larg. M. 0.10 - Haut. 0.04.

Voir illustration, planche 47.",documents/BO0624_4399
671,621,"OSTENSOIR en argent avec riche décoration d'ornements au repoussé, à tête de séraphins à bas-relief et en ronde bosse. XVIIe siècle.","621. OSTENSOIR en argent avec riche décoration d'ornements au repoussé, à tête de séraphins à bas-relief et en ronde bosse. XVIIe siècle.

Haut. M. 0.54.",documents/BO0624_4399
672,622,"GRANDE PENDULE avec console. Louis XV. Boîte vernie vert avec fleurettes en couleurs, garnie de bronzes à rocailles feuillagées. Cadran en émail blanc, les heures marquées en noir.","622. GRANDE PENDULE avec console. Louis XV. Boîte vernie vert avec fleurettes en couleurs, garnie de bronzes à rocailles feuillagées. Cadran en émail blanc, les heures marquées en noir.

Haut. tot., M. 1.65.",documents/BO0624_4399
673,623,"DIX-HUIT BOUTONS avec un papillon différent en mosaïque à couleurs, sur chaque bouton. Montés en argent doré. Empire.","623. DIX-HUIT BOUTONS avec un papillon différent en mosaïque à couleurs, sur chaque bouton. Montés en argent doré. Empire.",documents/BO0624_4399
674,624,"PENDULE avec console, en marqueterie de Boulle, garnie de bronzes dorés. Cadran en bronze portant les heures marquées en noir sur fond d'émail blanc; au dessous du cadran un bas-relief contourné représentant Brighella et Colombina. Mouvement par Bailly l'ainé. Paris.","624. PENDULE avec console, en marqueterie de Boulle, garnie de bronzes dorés. Cadran en bronze portant les heures marquées en noir sur fond d'émail blanc; au dessous du cadran un bas-relief contourné représentant Brighella et Colombina. Mouvement par Bailly l'ainé. Paris.

Haut. tot., M. I.40.

Voir illustration, blanche 49.",documents/BO0624_4399
675,625,"CRUCIFIx. La base plaquée d'ébène, croix en palissandre. Le Christ est en ivoire. X Ve siècle.","625. CRUCIFIx. La base plaquée d'ébène, croix 2. en palissandre. Le Christ est en ivoire. X Ve siècle.

Haut. du Christ, M. 0.48. Haut. tot., M. 1.52",documents/BO0624_4399
676,626,"PETIT CABINET en fer et en bronze repoussé ciselé et doré, monture en bois de noyer. La façade est formée de trois rangées de petits tiroirs. Ils sont décorés de plaques en bronze doré avec figures, mascarons et ornements à relief. Quatre cariatides femmes séparent les tiroirs de la","626. PETIT CABINET en fer et en bronze repoussé ciselé et doré, monture en bois de noyer. La façade est formée de trois rangées de petits tiroirs. Ils sont décorés de plaques en bronze doré avec figures, mascarons et ornements à relief. Quatre cariatides femmes séparent les tiroirs de la

rangée du milieu. Beau travail italien du XVIe siècle.

Haut. M. 0.27 - Long. M. 0.36 - Larg. M. 0.22. Voir illustration, planche 48.",documents/BO0624_4399
677,627,PENDULE en bronze doré. Un nègre marchant et portant sur les épaules nu ballot sur lequel est placé le cadran de la pendule. Base en bronze doré avec ornements en relief.,"627. PENDULE en bronze doré. Un nègre marchant et portant sur les épaules nu ballot sur lequel est placé le cadran de la pendule. Base en bronze doré avec ornements en relief.

Long. de la base, M. 0.27. Haut. tot., M. o.37

Voir illustration, planche 49.",documents/BO0624_4399
678,628,"CADRE en bois de noyer doré et en partie peint noir, décoré de deux pilastres à candelieri dorés sur fond noir, supportant un entablement à moulures finement sculptées surmonté d'une cimaise formée d'un vase et de deux griffons. Sur la base une armoiries au milieu de feuillages. Travail florentin du commencement du XVI siècle.","628. CADRE en bois de noyer doré et en partie peint noir, décoré de deux pilastres à candelieri dorés sur fond noir, supportant un entablement à moulures finement sculptées surmonté d'une cimaise formée d'un vase et de deux griffons. Sur la base une armoiries au milieu de feuillages. Travail florentin du commencement du XVI siècle.

Haut. M. 0.62 - Larg. M. 0.38.

Voir le dos du catalogue.",documents/BO0624_4399
679,629,"CoFFRET en fer. De forme rectangulaire à couvercle plat, il repose sur quatre boules. Sur le couvercle muni d'une poignée se trouve l'entrée de la serrure. Sa décoration représente de figures de femmes et d'hommes encadrées de bandeaux à rinceaux gravés à l'eau-forte. Travail alle- mand. XVIe siècle.","629. CoFFRET en fer. De forme rectangulaire à couvercle plat, il repose sur quatre boules. Sur le couvercle muni d'une poignée se trouve l'entrée de la serrure. Sa décoration représente de figures de femmes et d'hommes encadrées de bandeaux à rinceaux gravés à l'eau-forte. Travail alle- 2. mand. XVIe siècle.

Haut. M. 0.10 - Long. M. 0.17 - Larg. M. o.10.",documents/BO0624_4399
680,630,"CoFFRET oblong a couvercle a rampants, terminé en partie saillante en son milieu, décoré au pourtour de petits bas-reliefs en hauteur représentant de figures groupées deux à deux. Monture ornée d'incrustations exécutées alla certosina.","630. CoFFRET oblong a couvercle a rampants, terminé en partie saillante en son milieu, décoré au pourtour de petits bas-reliefs en hauteur représentant de figures groupées deux à deux. Monture ornée d'incrustations exécutées alla certosina.

Haut. M. o.17 - Long. M. o.21 - Larg. M. o.12.
## PLANCHES

Phototypie et trichromie de l Etablissement DANESt
<!-- image -->
<!-- image -->
<!-- image -->
<!-- image -->

<!-- image -->
<!-- image -->

<!-- image -->

<!-- image -->
<!-- image -->

<!-- image -->
<!-- image -->

<!-- image -->
<!-- image -->

<!-- image -->
<!-- image -->

<!-- image -->
<!-- image -->

<!-- image -->
<!-- image -->",documents/BO0624_4399
681,140,583,"140

583

<!-- image -->",documents/BO0624_4399
682,14,5,"14.5

<!-- image -->

<!-- image -->",documents/BO0624_4399
683,320,e7C,"320 e7C

<!-- image -->
<!-- image -->

<!-- image -->",documents/BO0624_4399
684,582,<!-- image -->,"582

<!-- image -->
<!-- image -->
<!-- image -->

<!-- image -->",documents/BO0624_4399
685,200,hie,200 hie,documents/BO0624_4399
686,585,bis,"585 bis

<!-- image -->

<!-- image -->
<!-- image -->

<!-- image -->",documents/BO0624_4399
687,23,₴,"23₴

<!-- image -->

<!-- image -->
<!-- image -->

<!-- image -->
<!-- image -->

<!-- image -->
<!-- image -->

00U 018

<!-- image -->",documents/BO0624_4399
688,4710,<!-- image -->,"4710

<!-- image -->

<!-- image -->
<!-- image -->

<!-- image -->

<!-- image -->

<!-- image -->
<!-- image -->",documents/BO0624_4399
689,262,<!-- image -->,"262

<!-- image -->
<!-- image -->

<!-- image -->
<!-- image -->",documents/BO0624_4399
690,166,<!-- image -->,"166

<!-- image -->
<!-- image -->
<!-- image -->
<!-- image -->",documents/BO0624_4399
691,513,<!-- image -->,"513

<!-- image -->
<!-- image -->

<!-- image -->
<!-- image -->

<!-- image -->

<!-- image -->

<!-- image -->

<!-- image -->

<!-- image -->

<!-- image -->

<!-- image -->

<!-- image -->

<!-- image -->

<!-- image -->

<!-- image -->

<!-- image -->
<!-- image -->
<!-- image -->",documents/BO0624_4399
692,132,<!-- image -->,"132

<!-- image -->

<!-- image -->

<!-- image -->

<!-- image -->

<!-- image -->

<!-- image -->",documents/BO0624_4399
693,396,<!-- image -->,"396

<!-- image -->",documents/BO0624_4399
694,395,395,"395

395
<!-- image -->
012",documents/BO0624_4399
695,594,<!-- image -->,"594

<!-- image -->",documents/BO0624_4399
696,158,bis,"158 bis

<!-- image -->",documents/BO0624_4399
697,158,bis,"158 bis

<!-- image -->

<!-- image -->

<!-- image -->",documents/BO0624_4399
698,425,<!-- image -->,"425

<!-- image -->",documents/BO0624_4399
699,596,<!-- image -->,"596

<!-- image -->
<!-- image -->
<!-- image -->
<!-- image -->",documents/BO0624_4399
700,11742,<!-- image -->,"11742

<!-- image -->
<!-- image -->
<!-- image -->
<!-- image -->",documents/BO0624_4399
701,929,<!-- image -->,"929

<!-- image -->",documents/BO0624_4399
702,362,<!-- image -->,"362

<!-- image -->

<!-- image -->",documents/BO0624_4399
703,40,<!-- image -->,"40

<!-- image -->",documents/BO0624_4399
704,455,<!-- image -->,"455

<!-- image -->

<!-- image -->

<!-- image -->",documents/BO0624_4399
705,266,h19,"266 h19

<!-- image -->",documents/BO0624_4399
706,274,<!-- image -->,"274

<!-- image -->",documents/BO0624_4399
707,364,<!-- image -->,"364

<!-- image -->",documents/BO0624_4399
708,272,<!-- image -->,"272

<!-- image -->

<!-- image -->",documents/BO0624_4399
709,364,<!-- image -->,"364

<!-- image -->

<!-- image -->

<!-- image -->

<!-- image -->

<!-- image -->

<!-- image -->",documents/BO0624_4399
710,1620,<!-- image -->,"1620

<!-- image -->",documents/BO0624_4399
711,452,<!-- image -->,"452

<!-- image -->
<!-- image -->

<!-- image -->

<!-- image -->

<!-- image -->",documents/BO0624_4399
712,315,<!-- image -->,"315

<!-- image -->

<!-- image -->

<!-- image -->

<!-- image -->

<!-- image -->

<!-- image -->

<!-- image -->",documents/BO0624_4399
713,523,bis,"523 bis

<!-- image -->
<!-- image -->

<!-- image -->",documents/BO0624_4399
714,435,<!-- image -->,"435

<!-- image -->",documents/BO0624_4399
715,1351,<!-- image -->,"1351

<!-- image -->

<!-- image -->

<!-- image -->

<!-- image -->

<!-- image -->

<!-- image -->

<!-- image -->

<!-- image -->

<!-- image -->",documents/BO0624_4399
716,433,<!-- image -->,"433
<!-- image -->

<!-- image -->

<!-- image -->

<!-- image -->
<!-- image -->
<!-- image -->",documents/BO0624_4399
717,379,<!-- image -->,"379
<!-- image -->

0114.

<!-- image -->
<!-- image -->
<!-- image -->
<!-- image -->",documents/BO0624_4399
